grid_x,grid_y,local_x_m,local_y_m,height_m,measured,interpolated
0,0,-1.05,-3.8000000000000003,-0.7507289052009583,false,true
1,0,-1.0,-3.8000000000000003,-0.754114317847484,false,true
2,0,-0.9500000000000001,-3.8000000000000003,-0.7574999928474426,false,true
3,0,-0.9,-3.8000000000000003,-0.7574898775961978,false,true
4,0,-0.8500000000000001,-3.8000000000000003,-0.7574911330876889,false,true
5,0,-0.8,-3.8000000000000003,-0.760615139889753,false,true
6,0,-0.75,-3.8000000000000003,-0.765903651714325,false,true
7,0,-0.7,-3.8000000000000003,-0.767435484124021,false,true
8,0,-0.65,-3.8000000000000003,-0.769096851348877,false,true
9,0,-0.6000000000000001,-3.8000000000000003,-0.768576692928336,false,true
10,0,-0.55,-3.8000000000000003,-0.768429696559906,false,true
11,0,-0.5,-3.8000000000000003,-0.767784102532715,false,true
12,0,-0.44999999999999996,-3.8000000000000003,-0.7663248577163545,false,true
13,0,-0.4,-3.8000000000000003,-0.7648656128999941,false,true
14,0,-0.35,-3.8000000000000003,-0.7634475231170655,false,true
15,0,-0.30000000000000004,-3.8000000000000003,-0.7635810429096337,false,true
16,0,-0.25,-3.8000000000000003,-0.7636360478374529,false,true
17,0,-0.19999999999999996,-3.8000000000000003,-0.7631549060622714,false,true
18,0,-0.15000000000000002,-3.8000000000000003,-0.7619893409874511,false,true
19,0,-0.09999999999999998,-3.8000000000000003,-0.7599823821341126,false,true
20,0,-0.050000000000000044,-3.8000000000000003,-0.7586404950216292,false,true
21,0,0.0,-3.8000000000000003,-0.7575657367706299,false,true
22,0,0.050000000000000044,-3.8000000000000003,-0.7517373115790267,false,true
23,0,0.10000000000000009,-3.8000000000000003,-0.7457175254821777,false,true
24,0,0.15000000000000013,-3.8000000000000003,-0.7344852674963502,false,true
25,0,0.19999999999999996,-3.8000000000000003,-0.7231925725936889,false,true
26,0,0.25,-3.8000000000000003,-0.7231536441922001,false,true
27,0,0.30000000000000004,-3.8000000000000003,-0.7231272229486915,false,true
28,0,0.3500000000000001,-3.8000000000000003,-0.723102306792016,false,true
29,0,0.40000000000000013,-3.8000000000000003,-0.7216509514789993,false,true
30,0,0.44999999999999996,-3.8000000000000003,-0.7199999690055847,false,true
31,0,0.5,-3.8000000000000003,-0.7200000797961853,false,true
32,0,0.55,-3.8000000000000003,-0.7200001864743564,false,true
33,0,0.6000000000000001,-3.8000000000000003,-0.7227972590480691,false,true
34,0,0.6500000000000001,-3.8000000000000003,-0.726003885269165,false,true
35,0,0.7,-3.8000000000000003,-0.726003294860542,false,true
36,0,0.75,-3.8000000000000003,-0.7260027066012577,false,true
37,0,0.8,-3.8000000000000003,-0.7322448229776543,false,true
0,1,-1.05,-3.7500000000000004,-0.7507136028935195,false,true
1,1,-1.0,-3.7500000000000004,-0.7507289052009583,false,true
2,1,-0.9500000000000001,-3.7500000000000004,-0.7541139468237007,false,true
3,1,-0.9,-3.7500000000000004,-0.7574999928474426,false,true
4,1,-0.8500000000000001,-3.7500000000000004,-0.7574755724707005,false,true
5,1,-0.8,-3.7500000000000004,-0.7575042793635192,false,true
6,1,-0.75,-3.7500000000000004,-0.7606750433085759,false,true
7,1,-0.7,-3.7500000000000004,-0.765903651714325,false,true
8,1,-0.65,-3.7500000000000004,-0.767252294231622,false,true
9,1,-0.6000000000000001,-3.7500000000000004,-0.769096851348877,false,true
10,1,-0.55,-3.7500000000000004,-0.7680489620932773,false,true
11,1,-0.5,-3.7500000000000004,-0.768429696559906,true,false
12,1,-0.44999999999999996,-3.7500000000000004,-0.7668710947036743,true,false
13,1,-0.4,-3.7500000000000004,-0.7634475231170654,true,false
14,1,-0.35,-3.7500000000000004,-0.7634831758823503,false,true
15,1,-0.30000000000000004,-3.7500000000000004,-0.7638126120960465,false,true
16,1,-0.25,-3.7500000000000004,-0.7635402471543598,false,true
17,1,-0.19999999999999996,-3.7500000000000004,-0.7635949662041744,false,true
18,1,-0.15000000000000002,-3.7500000000000004,-0.7621472259492441,false,true
19,1,-0.09999999999999998,-3.7500000000000004,-0.760160432716465,false,true
20,1,-0.050000000000000044,-3.7500000000000004,-0.7575657367706299,false,true
21,1,0.0,-3.7500000000000004,-0.7520079367665331,false,true
22,1,0.050000000000000044,-3.7500000000000004,-0.7457175254821777,false,true
23,1,0.10000000000000009,-3.7500000000000004,-0.7345707382038044,false,true
24,1,0.15000000000000013,-3.7500000000000004,-0.7231925725936889,false,true
25,1,0.19999999999999996,-3.7500000000000004,-0.7230985911188531,false,true
26,1,0.25,-3.7500000000000004,-0.723089857667787,false,true
27,1,0.30000000000000004,-3.7500000000000004,-0.7230670700253232,false,true
28,1,0.3500000000000001,-3.7500000000000004,-0.721933266916652,false,true
29,1,0.40000000000000013,-3.7500000000000004,-0.7199999690055847,false,true
30,1,0.44999999999999996,-3.7500000000000004,-0.7200002364777551,false,true
31,1,0.5,-3.7500000000000004,-0.7200003373400728,false,true
32,1,0.55,-3.7500000000000004,-0.7222180627254204,false,true
33,1,0.6000000000000001,-3.7500000000000004,-0.726003885269165,false,true
34,1,0.6500000000000001,-3.7500000000000004,-0.7260024598966601,false,true
35,1,0.7,-3.7500000000000004,-0.7260018746769996,false,true
36,1,0.75,-3.7500000000000004,-0.7322443333308335,false,true
37,1,0.8,-3.7500000000000004,-0.738487285586638,false,true
0,2,-1.05,-3.7,-0.7506843244649634,false,true
1,2,-1.0,-3.7,-0.7506919621628039,false,true
2,2,-0.9500000000000001,-3.7,-0.7507289052009583,false,true
3,2,-0.9,-3.7,-0.7541125263861849,false,true
4,2,-0.8500000000000001,-3.7,-0.7574999928474426,false,true
5,2,-0.8,-3.7,-0.7574410368427135,false,true
6,2,-0.75,-3.7,-0.7575980043102375,false,true
7,2,-0.7,-3.7,-0.7608662711380906,false,true
8,2,-0.65,-3.7,-0.765903651714325,false,true
9,2,-0.6000000000000001,-3.7,-0.7665509650785826,false,true
10,2,-0.55,-3.7,-0.769096851348877,true,false
11,2,-0.5,-3.7,-0.7660285830497742,true,false
12,2,-0.44999999999999996,-3.7,-0.7624518573284149,true,false
13,2,-0.4,-3.7,-0.7612718939781189,true,false
14,2,-0.35,-3.7,-0.7643673419952393,true,false
15,2,-0.30000000000000004,-3.7,-0.7644944787025452,true,false
16,2,-0.25,-3.7,-0.7622935771942139,true,false
17,2,-0.19999999999999996,-3.7,-0.7643490731716156,true,false
18,2,-0.15000000000000002,-3.7,-0.7638298869132996,true,false
19,2,-0.09999999999999998,-3.7,-0.7575657367706299,true,false
20,2,-0.050000000000000044,-3.7,-0.7530440055750227,false,true
21,2,0.0,-3.7,-0.7457175254821777,false,true
22,2,0.050000000000000044,-3.7,-0.7348979565785932,false,true
23,2,0.10000000000000009,-3.7,-0.7231925725936889,false,true
24,2,0.15000000000000013,-3.7,-0.7229656812425285,false,true
25,2,0.19999999999999996,-3.7,-0.7229747917769416,false,true
26,2,0.25,-3.7,-0.7229482692654197,false,true
27,2,0.30000000000000004,-3.7,-0.721869967277208,false,true
28,2,0.3500000000000001,-3.7,-0.7199999690055847,false,true
29,2,0.40000000000000013,-3.7,-0.7200006147405262,false,true
30,2,0.44999999999999996,-3.7,-0.720000848315419,false,true
31,2,0.5,-3.7,-0.7222184213861318,false,true
32,2,0.55,-3.7,-0.726003885269165,false,true
33,2,0.6000000000000001,-3.7,-0.7260004441155323,false,true
34,2,0.6500000000000001,-3.7,-0.7259990364592532,false,true
35,2,0.7,-3.7,-0.7322422159942267,false,true
36,2,0.75,-3.7,-0.7384865862474125,false,true
37,2,0.8,-3.7,-0.7384877800941467,false,true
0,3,-1.05,-3.6500000000000004,-0.7488653325970597,false,true
1,3,-1.0,-3.6500000000000004,-0.7506289423930973,false,true
2,3,-0.9500000000000001,-3.6500000000000004,-0.7506397168172105,false,true
3,3,-0.9,-3.6500000000000004,-0.7507289052009583,false,true
4,3,-0.8500000000000001,-3.6500000000000004,-0.7541070883446707,false,true
5,3,-0.8,-3.6500000000000004,-0.7574999928474426,false,true
6,3,-0.75,-3.6500000000000004,-0.7573576604612422,false,true
7,3,-0.7,-3.6500000000000004,-0.7580359133039141,false,true
8,3,-0.65,-3.6500000000000004,-0.7612536803206552,false,true
9,3,-0.6000000000000001,-3.6500000000000004,-0.765903651714325,true,false
10,3,-0.55,-3.6500000000000004,-0.7638659775257111,true,false
11,3,-0.5,-3.6500000000000004,-0.7634891271591187,true,false
12,3,-0.44999999999999996,-3.6500000000000004,-0.763668030500412,true,false
13,3,-0.4,-3.6500000000000004,-0.7640411853790283,true,false
14,3,-0.35,-3.6500000000000004,-0.7649335265159607,true,false
15,3,-0.30000000000000004,-3.6500000000000004,-0.7646454870700836,true,false
16,3,-0.25,-3.6500000000000004,-0.7595898509025574,true,false
17,3,-0.19999999999999996,-3.6500000000000004,-0.7585223317146301,true,false
18,3,-0.15000000000000002,-3.6500000000000004,-0.7599572539329529,true,false
19,3,-0.09999999999999998,-3.6500000000000004,-0.7570105195045471,true,false
20,3,-0.050000000000000044,-3.6500000000000004,-0.7457175254821777,true,false
21,3,0.0,-3.6500000000000004,-0.7361506882803508,false,true
22,3,0.050000000000000044,-3.6500000000000004,-0.7231925725936889,false,true
23,3,0.10000000000000009,-3.6500000000000004,-0.7226448084165322,false,true
24,3,0.15000000000000013,-3.6500000000000004,-0.7227698952015221,false,true
25,3,0.19999999999999996,-3.6500000000000004,-0.7227604389164837,false,true
26,3,0.25,-3.6500000000000004,-0.7217697045079099,false,true
27,3,0.30000000000000004,-3.6500000000000004,-0.7199999690055847,false,true
28,3,0.3500000000000001,-3.6500000000000004,-0.7200015279476383,false,true
29,3,0.40000000000000013,-3.6500000000000004,-0.7200020579500345,false,true
30,3,0.44999999999999996,-3.6500000000000004,-0.7222192738434046,false,true
31,3,0.5,-3.6500000000000004,-0.726003885269165,false,true
32,3,0.55,-3.6500000000000004,-0.7259955775893947,false,true
33,3,0.6000000000000001,-3.6500000000000004,-0.7259921969227405,false,true
34,3,0.6500000000000001,-3.6500000000000004,-0.7322371117554971,false,true
35,3,0.7,-3.6500000000000004,-0.7384848978931694,false,true
36,3,0.75,-3.6500000000000004,-0.7384877800941467,false,true
37,3,0.8,-3.6500000000000004,-0.7374968778861406,false,true
0,4,-1.05,-3.6,-0.7458584904670716,false,true
1,4,-1.0,-3.6,-0.7487968990591689,false,true
2,4,-0.9500000000000001,-3.6,-0.7505137422485288,false,true
3,4,-0.9,-3.6,-0.7505135853953082,false,true
4,4,-0.8500000000000001,-3.6,-0.7507289052009583,false,true
5,4,-0.8,-3.6,-0.7540862691990325,false,true
6,4,-0.75,-3.6,-0.7574999928474426,true,false
7,4,-0.7,-3.6,-0.7571563720703125,true,false
8,4,-0.65,-3.6,-0.7598156929016113,true,false
9,4,-0.6000000000000001,-3.6,-0.7608085572719574,true,false
10,4,-0.55,-3.6,-0.7617819905281067,true,false
11,4,-0.5,-3.6,-0.7616353631019592,true,false
12,4,-0.44999999999999996,-3.6,-0.7632671296596527,true,false
13,4,-0.4,-3.6,-0.764790415763855,true,false
14,4,-0.35,-3.6,-0.7649216949939728,true,false
15,4,-0.30000000000000004,-3.6,-0.763903796672821,true,false
16,4,-0.25,-3.6,-0.7593278884887695,true,false
17,4,-0.19999999999999996,-3.6,-0.7576979398727417,true,false
18,4,-0.15000000000000002,-3.6,-0.759053647518158,true,false
19,4,-0.09999999999999998,-3.6,-0.75,true,false
20,4,-0.050000000000000044,-3.6,-0.7409466803073883,true,false
21,4,0.0,-3.6,-0.723192572593689,true,false
22,4,0.050000000000000044,-3.6,-0.7218701528882152,false,true
23,4,0.10000000000000009,-3.6,-0.7225241172371618,false,true
24,4,0.15000000000000013,-3.6,-0.7225418233838881,false,true
25,4,0.19999999999999996,-3.6,-0.7216662911507654,false,true
26,4,0.25,-3.6,-0.7199999690055847,false,true
27,4,0.30000000000000004,-3.6,-0.7200037326246335,false,true
28,4,0.3500000000000001,-3.6,-0.7200048964310608,false,true
29,4,0.40000000000000013,-3.6,-0.7222213009267731,false,true
30,4,0.44999999999999996,-3.6,-0.726003885269165,false,true
31,4,0.5,-3.6,-0.7259838287559917,false,true
32,4,0.55,-3.6,-0.7259757275916838,false,true
33,4,0.6000000000000001,-3.6,-0.7322248148204121,false,true
34,4,0.6500000000000001,-3.6,-0.7384808218454578,false,true
35,4,0.7,-3.6,-0.7384877800941467,false,true
36,4,0.75,-3.6,-0.7374968643353228,false,true
37,4,0.8,-3.6,-0.7365059852600098,false,true
0,5,-1.05,-3.5500000000000003,-0.7360633059802724,false,true
1,5,-1.0,-3.5500000000000003,-0.7458584904670716,false,true
2,5,-0.9500000000000001,-3.5500000000000003,-0.7486816356610042,false,true
3,5,-0.9,-3.5500000000000003,-0.7502988011200513,false,true
4,5,-0.8500000000000001,-3.5500000000000003,-0.7502090772059103,false,true
5,5,-0.8,-3.5500000000000003,-0.7507289052009583,true,false
6,5,-0.75,-3.5500000000000003,-0.754006564617157,true,false
7,5,-0.7,-3.5500000000000003,-0.7557437419891357,true,false
8,5,-0.65,-3.5500000000000003,-0.7581546306610107,true,false
9,5,-0.6000000000000001,-3.5500000000000003,-0.7596126198768616,true,false
10,5,-0.55,-3.5500000000000003,-0.7600735425949097,true,false
11,5,-0.5,-3.5500000000000003,-0.760812520980835,true,false
12,5,-0.44999999999999996,-3.5500000000000003,-0.7625538110733032,true,false
13,5,-0.4,-3.5500000000000003,-0.7639762759208679,true,false
14,5,-0.35,-3.5500000000000003,-0.7664200961589813,true,false
15,5,-0.30000000000000004,-3.5500000000000003,-0.7648740410804749,true,false
16,5,-0.25,-3.5500000000000003,-0.7609571218490601,true,false
17,5,-0.19999999999999996,-3.5500000000000003,-0.756828099489212,true,false
18,5,-0.15000000000000002,-3.5500000000000003,-0.7612513303756714,true,false
19,5,-0.09999999999999998,-3.5500000000000003,-0.7598707973957062,true,false
20,5,-0.050000000000000044,-3.5500000000000003,-0.7469042539596558,true,false
21,5,0.0,-3.5500000000000003,-0.7199999690055847,true,false
22,5,0.050000000000000044,-3.5500000000000003,-0.7227805071322235,false,true
23,5,0.10000000000000009,-3.5500000000000003,-0.7224638786240815,false,true
24,5,0.15000000000000013,-3.5500000000000003,-0.7216810329186298,false,true
25,5,0.19999999999999996,-3.5500000000000003,-0.7199999690055847,false,true
26,5,0.25,-3.5500000000000003,-0.7200090551857359,false,true
27,5,0.30000000000000004,-3.5500000000000003,-0.7200114697273705,false,true
28,5,0.3500000000000001,-3.5500000000000003,-0.7222261611256178,false,true
29,5,0.40000000000000013,-3.5500000000000003,-0.726003885269165,false,true
30,5,0.44999999999999996,-3.5500000000000003,-0.725955464563048,false,true
31,5,0.5,-3.5500000000000003,-0.7259361131377673,false,true
32,5,0.55,-3.5500000000000003,-0.7321952172052714,false,true
33,5,0.6000000000000001,-3.5500000000000003,-0.7384709813957915,false,true
34,5,0.6500000000000001,-3.5500000000000003,-0.7384877800941467,false,true
35,5,0.7,-3.5500000000000003,-0.7374968124570043,false,true
36,5,0.75,-3.5500000000000003,-0.7365059852600098,false,true
37,5,0.8,-3.5500000000000003,-0.7365059852600099,false,true
0,6,-1.05,-3.5,-0.7262391448020935,false,true
1,6,-1.0,-3.5,-0.7361042852102145,false,true
2,6,-0.9500000000000001,-3.5,-0.7458584904670716,false,true
3,6,-0.9,-3.5,-0.7485551988237223,false,true
4,6,-0.8500000000000001,-3.5,-0.7499955858153917,false,true
5,6,-0.8,-3.5,-0.7494739294052124,true,false
6,6,-0.75,-3.5,-0.75,true,false
7,6,-0.7,-3.5,-0.7538346946239471,true,false
8,6,-0.65,-3.5,-0.7569992542266846,true,false
9,6,-0.6000000000000001,-3.5,-0.7592315673828125,true,false
10,6,-0.55,-3.5,-0.7602234482765198,true,false
11,6,-0.5,-3.5,-0.7618523836135864,true,false
12,6,-0.44999999999999996,-3.5,-0.7637767195701599,true,false
13,6,-0.4,-3.5,-0.7663838863372803,true,false
14,6,-0.35,-3.5,-0.7681114673614502,true,false
15,6,-0.30000000000000004,-3.5,-0.7670407891273499,true,false
16,6,-0.25,-3.5,-0.7624498605728149,true,false
17,6,-0.19999999999999996,-3.5,-0.75696861743927,true,false
18,6,-0.15000000000000002,-3.5,-0.7584545612335205,true,false
19,6,-0.09999999999999998,-3.5,-0.760006308555603,true,false
20,6,-0.050000000000000044,-3.5,-0.7469674050807953,true,false
21,6,0.0,-3.5,-0.7263007164001465,true,false
22,6,0.050000000000000044,-3.5,-0.7226098240294992,false,true
23,6,0.10000000000000009,-3.5,-0.7221082209712472,false,true
24,6,0.15000000000000013,-3.5,-0.7199999690055847,false,true
25,6,0.19999999999999996,-3.5,-0.7200219049849359,false,true
26,6,0.25,-3.5,-0.7200263851266832,false,true
27,6,0.30000000000000004,-3.5,-0.7222381275197652,false,true
28,6,0.3500000000000001,-3.5,-0.726003885269165,false,true
29,6,0.40000000000000013,-3.5,-0.7258869873437577,false,true
30,6,0.44999999999999996,-3.5,-0.7258409739582866,false,true
31,6,0.5,-3.5,-0.7321240791904653,false,true
32,6,0.55,-3.5,-0.7384472244487472,false,true
33,6,0.6000000000000001,-3.5,-0.7384877800941467,false,true
34,6,0.6500000000000001,-3.5,-0.7374966138446422,false,true
35,6,0.7,-3.5,-0.7365059852600098,false,true
36,6,0.75,-3.5,-0.7365059852600099,false,true
37,6,0.8,-3.5,-0.7365059852600099,false,true
0,7,-1.05,-3.45,-0.7122567703249423,false,true
1,7,-1.0,-3.45,-0.7262391448020935,false,true
2,7,-0.9500000000000001,-3.45,-0.7362611712056764,false,true
3,7,-0.9,-3.45,-0.7458584904670716,false,true
4,7,-0.8500000000000001,-3.45,-0.7486780271545905,false,true
5,7,-0.8,-3.45,-0.75,true,false
6,7,-0.75,-3.45,-0.75,true,false
7,7,-0.7,-3.45,-0.7553267478942871,true,false
8,7,-0.65,-3.45,-0.7589526176452637,true,false
9,7,-0.6000000000000001,-3.45,-0.7612653076648712,true,false
10,7,-0.55,-3.45,-0.7632544040679932,true,false
11,7,-0.5,-3.45,-0.7642513811588287,true,false
12,7,-0.44999999999999996,-3.45,-0.7653279304504395,true,false
13,7,-0.4,-3.45,-0.7676671743392944,true,false
14,7,-0.35,-3.45,-0.7683200240135193,true,false
15,7,-0.30000000000000004,-3.45,-0.7678292393684387,true,false
16,7,-0.25,-3.45,-0.7646335363388062,true,false
17,7,-0.19999999999999996,-3.45,-0.7590344250202179,true,false
18,7,-0.15000000000000002,-3.45,-0.75621497631073,true,false
19,7,-0.09999999999999998,-3.45,-0.7574311792850494,true,false
20,7,-0.050000000000000044,-3.45,-0.75,true,false
21,7,0.0,-3.45,-0.7199999690055847,true,false
22,7,0.050000000000000044,-3.45,-0.7237080794851019,false,true
23,7,0.10000000000000009,-3.45,-0.7199999690055847,false,true
24,7,0.15000000000000013,-3.45,-0.7200529271444381,false,true
25,7,0.19999999999999996,-3.45,-0.720059137125002,false,true
26,7,0.25,-3.45,-0.7222694902607542,false,true
27,7,0.30000000000000004,-3.45,-0.726003885269165,false,true
28,7,0.3500000000000001,-3.45,-0.7257216687122335,false,true
29,7,0.40000000000000013,-3.45,-0.7256129898936241,false,true
30,7,0.44999999999999996,-3.45,-0.7319534790570462,false,true
31,7,0.5,-3.45,-0.7383898701049925,false,true
32,7,0.55,-3.45,-0.7384877800941467,false,true
33,7,0.6000000000000001,-3.45,-0.7374958534716881,false,true
34,7,0.6500000000000001,-3.45,-0.7365059852600098,false,true
35,7,0.7,-3.45,-0.7365059852600099,false,true
36,7,0.75,-3.45,-0.7365059852600099,false,true
37,7,0.8,-3.45,-0.7365059852600099,false,true
0,8,-1.05,-3.4000000000000004,-0.699388723051678,false,true
1,8,-1.0,-3.4000000000000004,-0.7106808736802841,false,true
2,8,-0.9500000000000001,-3.4000000000000004,-0.7262391448020935,false,true
3,8,-0.9,-3.4000000000000004,-0.7368617978061949,false,true
4,8,-0.8500000000000001,-3.4000000000000004,-0.7458584904670715,true,false
5,8,-0.8,-3.4000000000000004,-0.75,true,false
6,8,-0.75,-3.4000000000000004,-0.7538658380508423,true,false
7,8,-0.7,-3.4000000000000004,-0.7584209740161896,true,false
8,8,-0.65,-3.4000000000000004,-0.7614787220954895,true,false
9,8,-0.6000000000000001,-3.4000000000000004,-0.7635253667831421,true,false
10,8,-0.55,-3.4000000000000004,-0.7651031017303467,true,false
11,8,-0.5,-3.4000000000000004,-0.7665489912033081,true,false
12,8,-0.44999999999999996,-3.4000000000000004,-0.7684755325317383,true,false
13,8,-0.4,-3.4000000000000004,-0.7689230442047119,true,false
14,8,-0.35,-3.4000000000000004,-0.7684694528579712,true,false
15,8,-0.30000000000000004,-3.4000000000000004,-0.7682008147239685,true,false
16,8,-0.25,-3.4000000000000004,-0.7649419009685516,true,false
17,8,-0.19999999999999996,-3.4000000000000004,-0.7599763870239258,true,false
18,8,-0.15000000000000002,-3.4000000000000004,-0.7580512166023254,true,false
19,8,-0.09999999999999998,-3.4000000000000004,-0.7577696442604065,true,false
20,8,-0.050000000000000044,-3.4000000000000004,-0.7474147081375122,true,false
21,8,0.0,-3.4000000000000004,-0.7316035628318787,true,false
22,8,0.050000000000000044,-3.4000000000000004,-0.7199999690055847,true,false
23,8,0.10000000000000009,-3.4000000000000004,-0.7201278212626426,false,true
24,8,0.15000000000000013,-3.4000000000000004,-0.7201270874831549,false,true
25,8,0.19999999999999996,-3.4000000000000004,-0.7223617548506341,false,true
26,8,0.25,-3.4000000000000004,-0.726003885269165,false,true
27,8,0.30000000000000004,-3.4000000000000004,-0.7253225542298946,false,true
28,8,0.3500000000000001,-3.4000000000000004,-0.7250683994588629,false,true
29,8,0.40000000000000013,-3.4000000000000004,-0.7315458639657914,false,true
30,8,0.44999999999999996,-3.4000000000000004,-0.7382514044704388,false,true
31,8,0.5,-3.4000000000000004,-0.7384877800941467,false,true
32,8,0.55,-3.4000000000000004,-0.7374929424392458,false,true
33,8,0.6000000000000001,-3.4000000000000004,-0.7365059852600098,false,true
34,8,0.6500000000000001,-3.4000000000000004,-0.7365059852600099,false,true
35,8,0.7,-3.4000000000000004,-0.7365059852600099,false,true
36,8,0.75,-3.4000000000000004,-0.7365059852600099,false,true
37,8,0.8,-3.4000000000000004,-0.7365059852600099,false,true
0,9,-1.05,-3.35,-0.6973869800567627,false,true
1,9,-1.0,-3.35,-0.7022196151434725,false,true
2,9,-0.9500000000000001,-3.35,-0.7139380758537687,false,true
3,9,-0.9,-3.35,-0.7262391448020935,true,false
4,9,-0.8500000000000001,-3.35,-0.7391612529754639,true,false
5,9,-0.8,-3.35,-0.75,true,false
6,9,-0.75,-3.35,-0.7572441101074219,true,false
7,9,-0.7,-3.35,-0.7601906657218933,true,false
8,9,-0.65,-3.35,-0.7639073431491852,true,false
9,9,-0.6000000000000001,-3.35,-0.7650435268878937,true,false
10,9,-0.55,-3.35,-0.768171489238739,true,false
11,9,-0.5,-3.35,-0.7689802646636963,true,false
12,9,-0.44999999999999996,-3.35,-0.769610196352005,true,false
13,9,-0.4,-3.35,-0.769461452960968,true,false
14,9,-0.35,-3.35,-0.7696520686149597,true,false
15,9,-0.30000000000000004,-3.35,-0.768797367811203,true,false
16,9,-0.25,-3.35,-0.766613245010376,true,false
17,9,-0.19999999999999996,-3.35,-0.7597431540489197,true,false
18,9,-0.15000000000000002,-3.35,-0.7571662068367004,true,false
19,9,-0.09999999999999998,-3.35,-0.7580007314682007,true,false
20,9,-0.050000000000000044,-3.35,-0.75,true,false
21,9,0.0,-3.35,-0.7351563274860382,true,false
22,9,0.050000000000000044,-3.35,-0.7203086316585541,true,false
23,9,0.10000000000000009,-3.35,-0.7202531682398218,false,true
24,9,0.15000000000000013,-3.35,-0.7226801292214937,false,true
25,9,0.19999999999999996,-3.35,-0.726003885269165,false,true
26,9,0.25,-3.35,-0.7243590066336926,false,true
27,9,0.30000000000000004,-3.35,-0.7237734845244257,false,true
28,9,0.3500000000000001,-3.35,-0.7305783461691828,false,true
29,9,0.40000000000000013,-3.35,-0.7379171188575766,false,true
30,9,0.44999999999999996,-3.35,-0.7384877800941467,false,true
31,9,0.5,-3.35,-0.7374817977636827,false,true
32,9,0.55,-3.35,-0.7365059852600098,false,true
33,9,0.6000000000000001,-3.35,-0.7365059852600099,false,true
34,9,0.6500000000000001,-3.35,-0.7365059852600099,false,true
35,9,0.7,-3.35,-0.7365059852600099,false,true
36,9,0.75,-3.35,-0.7365059852600099,false,true
37,9,0.8,-3.35,-0.7365059852600099,false,true
0,10,-1.05,-3.3000000000000003,-0.6975287692838138,false,true
1,10,-1.0,-3.3000000000000003,-0.6973869800567627,true,false
2,10,-0.9500000000000001,-3.3000000000000003,-0.7090539932250977,true,false
3,10,-0.9,-3.3000000000000003,-0.7199999690055847,true,false
4,10,-0.8500000000000001,-3.3000000000000003,-0.7331560850143433,true,false
5,10,-0.8,-3.3000000000000003,-0.7509869933128357,true,false
6,10,-0.75,-3.3000000000000003,-0.7582699954509735,true,false
7,10,-0.7,-3.3000000000000003,-0.7635394930839539,true,false
8,10,-0.65,-3.3000000000000003,-0.7662872970104218,true,false
9,10,-0.6000000000000001,-3.3000000000000003,-0.7685448825359344,true,false
10,10,-0.55,-3.3000000000000003,-0.7698369026184082,true,false
11,10,-0.5,-3.3000000000000003,-0.7704545855522156,true,false
12,10,-0.44999999999999996,-3.3000000000000003,-0.7708002328872681,true,false
13,10,-0.4,-3.3000000000000003,-0.7711460590362549,true,false
14,10,-0.35,-3.3000000000000003,-0.770214855670929,true,false
15,10,-0.30000000000000004,-3.3000000000000003,-0.7693074345588684,true,false
16,10,-0.25,-3.3000000000000003,-0.7666476964950562,true,false
17,10,-0.19999999999999996,-3.3000000000000003,-0.7636439800262451,true,false
18,10,-0.15000000000000002,-3.3000000000000003,-0.759084939956665,true,false
19,10,-0.09999999999999998,-3.3000000000000003,-0.7590323984622955,true,false
20,10,-0.050000000000000044,-3.3000000000000003,-0.7523298263549805,true,false
21,10,0.0,-3.3000000000000003,-0.7433857321739197,true,false
22,10,0.050000000000000044,-3.3000000000000003,-0.720427930355072,true,false
23,10,0.10000000000000009,-3.3000000000000003,-0.7239641774353393,false,true
24,10,0.15000000000000013,-3.3000000000000003,-0.726003885269165,false,true
25,10,0.19999999999999996,-3.3000000000000003,-0.7220327969589497,false,true
26,10,0.25,-3.3000000000000003,-0.7207150304716918,false,true
27,10,0.30000000000000004,-3.3000000000000003,-0.7283109624176357,false,true
28,10,0.3500000000000001,-3.3000000000000003,-0.7371100819972984,false,true
29,10,0.40000000000000013,-3.3000000000000003,-0.7384877800941467,false,true
30,10,0.44999999999999996,-3.3000000000000003,-0.7374391311854605,false,true
31,10,0.5,-3.3000000000000003,-0.7365059852600098,false,true
32,10,0.55,-3.3000000000000003,-0.7365059852600099,false,true
33,10,0.6000000000000001,-3.3000000000000003,-0.7365059852600099,false,true
34,10,0.6500000000000001,-3.3000000000000003,-0.7365059852600099,false,true
35,10,0.7,-3.3000000000000003,-0.7365059852600099,false,true
36,10,0.75,-3.3000000000000003,-0.7365059852600099,false,true
37,10,0.8,-3.3000000000000003,-0.7365059852600099,false,true
0,11,-1.05,-3.25,-0.6953651722193659,false,true
1,11,-1.0,-3.25,-0.6977292895317078,true,false
2,11,-0.9500000000000001,-3.25,-0.7089502811431885,true,false
3,11,-0.9,-3.25,-0.719481885433197,true,false
4,11,-0.8500000000000001,-3.25,-0.7397578656673431,true,false
5,11,-0.8,-3.25,-0.75,true,false
6,11,-0.75,-3.25,-0.7616972923278809,true,false
7,11,-0.7,-3.25,-0.7653963267803192,true,false
8,11,-0.65,-3.25,-0.76894611120224,true,false
9,11,-0.6000000000000001,-3.25,-0.7704953849315643,true,false
10,11,-0.55,-3.25,-0.7713173031806946,true,false
11,11,-0.5,-3.25,-0.7717800140380859,true,false
12,11,-0.44999999999999996,-3.25,-0.7721010148525238,true,false
13,11,-0.4,-3.25,-0.7721704244613647,true,false
14,11,-0.35,-3.25,-0.7718744874000549,true,false
15,11,-0.30000000000000004,-3.25,-0.7702820003032684,true,false
16,11,-0.25,-3.25,-0.7686738967895508,true,false
17,11,-0.19999999999999996,-3.25,-0.7638168334960938,true,false
18,11,-0.15000000000000002,-3.25,-0.7610565721988678,true,false
19,11,-0.09999999999999998,-3.25,-0.7599095702171326,true,false
20,11,-0.050000000000000044,-3.25,-0.7580472826957703,true,false
21,11,0.0,-3.25,-0.75,true,false
22,11,0.050000000000000044,-3.25,-0.7297361493110657,true,false
23,11,0.10000000000000009,-3.25,-0.726003885269165,true,false
24,11,0.15000000000000013,-3.25,-0.7164168300132621,false,true
25,11,0.19999999999999996,-3.25,-0.7135625724358979,false,true
26,11,0.25,-3.25,-0.7231399324490803,false,true
27,11,0.30000000000000004,-3.25,-0.7351617226638797,false,true
28,11,0.3500000000000001,-3.25,-0.7384877800941467,false,true
29,11,0.40000000000000013,-3.25,-0.7372757853000743,false,true
30,11,0.44999999999999996,-3.25,-0.7365059852600098,false,true
31,11,0.5,-3.25,-0.7365059852600099,false,true
32,11,0.55,-3.25,-0.7365059852600099,false,true
33,11,0.6000000000000001,-3.25,-0.7365059852600099,false,true
34,11,0.6500000000000001,-3.25,-0.7365059852600099,false,true
35,11,0.7,-3.25,-0.7365059852600099,false,true
36,11,0.75,-3.25,-0.7365059852600099,false,true
37,11,0.8,-3.25,-0.7365059852600099,false,true
0,12,-1.05,-3.2,-0.6932015751549181,false,true
1,12,-1.0,-3.2,-0.6899999976158142,true,false
2,12,-0.9500000000000001,-3.2,-0.7021342515945435,true,false
3,12,-0.9,-3.2,-0.7185688614845276,true,false
4,12,-0.8500000000000001,-3.2,-0.7389787137508392,true,false
5,12,-0.8,-3.2,-0.7533513009548187,true,false
6,12,-0.75,-3.2,-0.7603778839111328,true,false
7,12,-0.7,-3.2,-0.7665950059890747,true,false
8,12,-0.65,-3.2,-0.7701641023159027,true,false
9,12,-0.6000000000000001,-3.2,-0.7723161280155182,true,false
10,12,-0.55,-3.2,-0.7735184729099274,true,false
11,12,-0.5,-3.2,-0.7729237377643585,true,false
12,12,-0.44999999999999996,-3.2,-0.7730415463447571,true,false
13,12,-0.4,-3.2,-0.7735143899917603,true,false
14,12,-0.35,-3.2,-0.7733381986618042,true,false
15,12,-0.30000000000000004,-3.2,-0.7726484537124634,true,false
16,12,-0.25,-3.2,-0.7706380486488342,true,false
17,12,-0.19999999999999996,-3.2,-0.7670804858207703,true,false
18,12,-0.15000000000000002,-3.2,-0.7624504864215851,true,false
19,12,-0.09999999999999998,-3.2,-0.7605365812778473,true,false
20,12,-0.050000000000000044,-3.2,-0.7575238347053528,true,false
21,12,0.0,-3.2,-0.7474002838134766,true,false
22,12,0.050000000000000044,-3.2,-0.7199999690055847,true,false
23,12,0.10000000000000009,-3.2,-0.7028586864471436,true,false
24,12,0.15000000000000013,-3.2,-0.6970847298262165,false,true
25,12,0.19999999999999996,-3.2,-0.712094388811277,false,true
26,12,0.25,-3.2,-0.7304579671367644,false,true
27,12,0.30000000000000004,-3.2,-0.7384877800941467,false,true
28,12,0.3500000000000001,-3.2,-0.736650427481746,false,true
29,12,0.40000000000000013,-3.2,-0.7365059852600098,false,true
30,12,0.44999999999999996,-3.2,-0.7365059852600099,false,true
31,12,0.5,-3.2,-0.7365059852600099,false,true
32,12,0.55,-3.2,-0.7365059852600099,false,true
33,12,0.6000000000000001,-3.2,-0.7365059852600099,false,true
34,12,0.6500000000000001,-3.2,-0.7365059852600099,false,true
35,12,0.7,-3.2,-0.7365059852600099,false,true
36,12,0.75,-3.2,-0.7365059852600099,false,true
37,12,0.8,-3.2,-0.7365059852600099,false,true
0,13,-1.05,-3.1500000000000004,-0.6899999976158142,false,true
1,13,-1.0,-3.1500000000000004,-0.6978809112594685,false,true
2,13,-0.9500000000000001,-3.1500000000000004,-0.7027542591094971,true,false
3,13,-0.9,-3.1500000000000004,-0.7143017053604126,true,false
4,13,-0.8500000000000001,-3.1500000000000004,-0.7355999946594238,true,false
5,13,-0.8,-3.1500000000000004,-0.7544370889663696,true,false
6,13,-0.75,-3.1500000000000004,-0.7597442865371704,true,false
7,13,-0.7,-3.1500000000000004,-0.7671365141868591,true,false
8,13,-0.65,-3.1500000000000004,-0.7712808847427368,true,false
9,13,-0.6000000000000001,-3.1500000000000004,-0.773565948009491,true,false
10,13,-0.55,-3.1500000000000004,-0.7740150690078735,true,false
11,13,-0.5,-3.1500000000000004,-0.7736097574234009,true,false
12,13,-0.44999999999999996,-3.1500000000000004,-0.7734230160713196,true,false
13,13,-0.4,-3.1500000000000004,-0.7734453678131104,true,false
14,13,-0.35,-3.1500000000000004,-0.7741041779518127,true,false
15,13,-0.30000000000000004,-3.1500000000000004,-0.7742239832878113,true,false
16,13,-0.25,-3.1500000000000004,-0.772998183965683,true,false
17,13,-0.19999999999999996,-3.1500000000000004,-0.7686507999897003,true,false
18,13,-0.15000000000000002,-3.1500000000000004,-0.7643057107925415,true,false
19,13,-0.09999999999999998,-3.1500000000000004,-0.7617815434932709,true,false
20,13,-0.050000000000000044,-3.1500000000000004,-0.75,true,false
21,13,0.0,-3.1500000000000004,-0.7199999690055847,true,false
22,13,0.050000000000000044,-3.1500000000000004,-0.6899999976158142,true,false
23,13,0.10000000000000009,-3.1500000000000004,-0.6599999666213989,true,false
24,13,0.15000000000000013,-3.1500000000000004,-0.6926950240228489,false,true
25,13,0.19999999999999996,-3.1500000000000004,-0.719102096749115,false,true
26,13,0.25,-3.1500000000000004,-0.7384877800941467,false,true
27,13,0.30000000000000004,-3.1500000000000004,-0.7342562906473862,false,true
28,13,0.3500000000000001,-3.1500000000000004,-0.7365059852600098,false,true
29,13,0.40000000000000013,-3.1500000000000004,-0.7365059852600099,false,true
30,13,0.44999999999999996,-3.1500000000000004,-0.7365059852600099,false,true
31,13,0.5,-3.1500000000000004,-0.7365059852600099,false,true
32,13,0.55,-3.1500000000000004,-0.7365059852600099,false,true
33,13,0.6000000000000001,-3.1500000000000004,-0.7365059852600099,false,true
34,13,0.6500000000000001,-3.1500000000000004,-0.7365059852600099,false,true
35,13,0.7,-3.1500000000000004,-0.7365059852600099,false,true
36,13,0.75,-3.1500000000000004,-0.7365059852600099,false,true
37,13,0.8,-3.1500000000000004,-0.7365059852600099,false,true
0,14,-1.05,-3.1,-0.6967699222824074,false,true
1,14,-1.0,-3.1,-0.7027542591094971,false,true
2,14,-0.9500000000000001,-3.1,-0.7112621479250214,false,true
3,14,-0.9,-3.1,-0.7114421725273132,true,false
4,14,-0.8500000000000001,-3.1,-0.7498463094234467,true,false
5,14,-0.8,-3.1,-0.7539792060852051,true,false
6,14,-0.75,-3.1,-0.7620313167572021,true,false
7,14,-0.7,-3.1,-0.7658098042011261,true,false
8,14,-0.65,-3.1,-0.7723768353462219,true,false
9,14,-0.6000000000000001,-3.1,-0.774545431137085,true,false
10,14,-0.55,-3.1,-0.7746739983558655,true,false
11,14,-0.5,-3.1,-0.7740586400032043,true,false
12,14,-0.44999999999999996,-3.1,-0.7738693356513977,true,false
13,14,-0.4,-3.1,-0.7734460830688477,true,false
14,14,-0.35,-3.1,-0.7746683955192566,true,false
15,14,-0.30000000000000004,-3.1,-0.7736410200595856,true,false
16,14,-0.25,-3.1,-0.7736522257328033,true,false
17,14,-0.19999999999999996,-3.1,-0.7703103423118591,true,false
18,14,-0.15000000000000002,-3.1,-0.7652016282081604,true,false
19,14,-0.09999999999999998,-3.1,-0.7626631259918213,true,false
20,14,-0.050000000000000044,-3.1,-0.75,true,false
21,14,0.0,-3.1,-0.7278308570384979,true,false
22,14,0.050000000000000044,-3.1,-0.7101858258247375,true,false
23,14,0.10000000000000009,-3.1,-0.6844025254249573,true,false
24,14,0.15000000000000013,-3.1,-0.691686600446701,true,false
25,14,0.19999999999999996,-3.1,-0.7384877800941467,true,false
26,14,0.25,-3.1,-0.7250905122503686,false,true
27,14,0.30000000000000004,-3.1,-0.7365059852600098,false,true
28,14,0.3500000000000001,-3.1,-0.7365059852600099,false,true
29,14,0.40000000000000013,-3.1,-0.7365059852600099,false,true
30,14,0.44999999999999996,-3.1,-0.7365059852600099,false,true
31,14,0.5,-3.1,-0.7365059852600099,false,true
32,14,0.55,-3.1,-0.7365059852600099,false,true
33,14,0.6000000000000001,-3.1,-0.7365059852600099,false,true
34,14,0.6500000000000001,-3.1,-0.7365059852600099,false,true
35,14,0.7,-3.1,-0.7365059852600099,false,true
36,14,0.75,-3.1,-0.7365059852600099,false,true
37,14,0.8,-3.1,-0.7365059852600099,false,true
0,15,-1.05,-3.0500000000000003,-0.7027542591094971,false,true
1,15,-1.0,-3.0500000000000003,-0.7124050126510103,false,true
2,15,-0.9500000000000001,-3.0500000000000003,-0.7174934484491133,false,true
3,15,-0.9,-3.0500000000000003,-0.7199999690055847,true,false
4,15,-0.8500000000000001,-3.0500000000000003,-0.729708731174469,true,false
5,15,-0.8,-3.0500000000000003,-0.7563596367835999,true,false
6,15,-0.75,-3.0500000000000003,-0.7611733376979828,true,false
7,15,-0.7,-3.0500000000000003,-0.7682554125785828,true,false
8,15,-0.65,-3.0500000000000003,-0.7719325125217438,true,false
9,15,-0.6000000000000001,-3.0500000000000003,-0.7754525542259216,true,false
10,15,-0.55,-3.0500000000000003,-0.7757833003997803,true,false
11,15,-0.5,-3.0500000000000003,-0.7754605710506439,true,false
12,15,-0.44999999999999996,-3.0500000000000003,-0.7750346660614014,true,false
13,15,-0.4,-3.0500000000000003,-0.7748520374298096,true,false
14,15,-0.35,-3.0500000000000003,-0.7685165703296661,true,false
15,15,-0.30000000000000004,-3.0500000000000003,-0.7759550213813782,true,false
16,15,-0.25,-3.0500000000000003,-0.7765911221504211,true,false
17,15,-0.19999999999999996,-3.0500000000000003,-0.7716271281242371,true,false
18,15,-0.15000000000000002,-3.0500000000000003,-0.7666828632354736,true,false
19,15,-0.09999999999999998,-3.0500000000000003,-0.7644073665142059,true,false
20,15,-0.050000000000000044,-3.0500000000000003,-0.7642382383346558,true,false
21,15,0.0,-3.0500000000000003,-0.7529566586017609,true,false
22,15,0.050000000000000044,-3.0500000000000003,-0.7413195967674255,true,false
23,15,0.10000000000000009,-3.0500000000000003,-0.7199999690055847,true,false
24,15,0.15000000000000013,-3.0500000000000003,-0.6599999666213989,true,false
25,15,0.19999999999999996,-3.0500000000000003,-0.6899999976158142,true,false
26,15,0.25,-3.0500000000000003,-0.7365059852600098,true,false
27,15,0.30000000000000004,-3.0500000000000003,-0.7365059852600098,false,true
28,15,0.3500000000000001,-3.0500000000000003,-0.7365059852600099,false,true
29,15,0.40000000000000013,-3.0500000000000003,-0.7365059852600099,false,true
30,15,0.44999999999999996,-3.0500000000000003,-0.7365059852600099,false,true
31,15,0.5,-3.0500000000000003,-0.7365059852600099,false,true
32,15,0.55,-3.0500000000000003,-0.7365059852600099,false,true
33,15,0.6000000000000001,-3.0500000000000003,-0.7365059852600099,false,true
34,15,0.6500000000000001,-3.0500000000000003,-0.7365059852600099,false,true
35,15,0.7,-3.0500000000000003,-0.7365059852600099,false,true
36,15,0.75,-3.0500000000000003,-0.7365059852600099,false,true
37,15,0.8,-3.0500000000000003,-0.7365059852600099,false,true
0,16,-1.05,-3.0,-0.7131811735540668,false,true
1,16,-1.0,-3.0,-0.7192889841322477,false,true
2,16,-0.9500000000000001,-3.0,-0.7199999690055848,false,true
3,16,-0.9,-3.0,-0.7199999690055847,true,false
4,16,-0.8500000000000001,-3.0,-0.75,true,false
5,16,-0.8,-3.0,-0.755827784538269,true,false
6,16,-0.75,-3.0,-0.7641656994819641,true,false
7,16,-0.7,-3.0,-0.7686655521392822,true,false
8,16,-0.65,-3.0,-0.7742938101291656,true,false
9,16,-0.6000000000000001,-3.0,-0.7768980264663696,true,false
10,16,-0.55,-3.0,-0.7783986926078796,true,false
11,16,-0.5,-3.0,-0.7771453857421875,true,false
12,16,-0.44999999999999996,-3.0,-0.7782437205314636,true,false
13,16,-0.4,-3.0,-0.7778882086277008,true,false
14,16,-0.35,-3.0,-0.7780125737190247,true,false
15,16,-0.30000000000000004,-3.0,-0.7793518304824829,true,false
16,16,-0.25,-3.0,-0.7783556580543518,true,false
17,16,-0.19999999999999996,-3.0,-0.7735242247581482,true,false
18,16,-0.15000000000000002,-3.0,-0.7701042890548706,true,false
19,16,-0.09999999999999998,-3.0,-0.7653874754905701,true,false
20,16,-0.050000000000000044,-3.0,-0.7651017308235168,true,false
21,16,0.0,-3.0,-0.75,true,false
22,16,0.050000000000000044,-3.0,-0.7428722679615021,true,false
23,16,0.10000000000000009,-3.0,-0.7331647276878357,true,false
24,16,0.15000000000000013,-3.0,-0.7137256264686584,true,false
25,16,0.19999999999999996,-3.0,-0.7049999833106995,true,false
26,16,0.25,-3.0,-0.7111212788784639,false,true
27,16,0.30000000000000004,-3.0,-0.7365059852600098,false,true
28,16,0.3500000000000001,-3.0,-0.7365059852600099,false,true
29,16,0.40000000000000013,-3.0,-0.7365059852600099,false,true
30,16,0.44999999999999996,-3.0,-0.7365059852600099,false,true
31,16,0.5,-3.0,-0.7365059852600099,false,true
32,16,0.55,-3.0,-0.7365059852600099,false,true
33,16,0.6000000000000001,-3.0,-0.7365059852600099,false,true
34,16,0.6500000000000001,-3.0,-0.7365059852600099,false,true
35,16,0.7,-3.0,-0.7365059852600099,false,true
36,16,0.75,-3.0,-0.7365059852600099,false,true
37,16,0.8,-3.0,-0.7365059852600099,false,true
0,17,-1.05,-2.95,-0.7197699349153968,false,true
1,17,-1.0,-2.95,-0.7200654697222688,false,true
2,17,-0.9500000000000001,-2.95,-0.7200790353648666,false,true
3,17,-0.9,-2.95,-0.7199999690055847,true,false
4,17,-0.8500000000000001,-2.95,-0.7387598156929016,true,false
5,17,-0.8,-2.95,-0.7571815848350525,true,false
6,17,-0.75,-2.95,-0.7635735273361206,true,false
7,17,-0.7,-2.95,-0.7718154489994049,true,false
8,17,-0.65,-2.95,-0.7758159637451172,true,false
9,17,-0.6000000000000001,-2.95,-0.778186172246933,true,false
10,17,-0.55,-2.95,-0.7795849442481995,true,false
11,17,-0.5,-2.95,-0.7799999713897705,true,false
12,17,-0.44999999999999996,-2.95,-0.7797838449478149,true,false
13,17,-0.4,-2.95,-0.7804093658924103,true,false
14,17,-0.35,-2.95,-0.7803661227226257,true,false
15,17,-0.30000000000000004,-2.95,-0.780220091342926,true,false
16,17,-0.25,-2.95,-0.7795760333538055,true,false
17,17,-0.19999999999999996,-2.95,-0.7765552997589111,true,false
18,17,-0.15000000000000002,-2.95,-0.7698002457618713,true,false
19,17,-0.09999999999999998,-2.95,-0.7675075531005859,true,false
20,17,-0.050000000000000044,-2.95,-0.7563488185405731,true,false
21,17,0.0,-2.95,-0.7389512062072754,true,false
22,17,0.050000000000000044,-2.95,-0.7299151122570038,true,false
23,17,0.10000000000000009,-2.95,-0.7261193990707397,true,false
24,17,0.15000000000000013,-2.95,-0.7248987853527069,true,false
25,17,0.19999999999999996,-2.95,-0.7049999833106995,true,false
26,17,0.25,-2.95,-0.7049999833106995,false,true
27,17,0.30000000000000004,-2.95,-0.7154956394553071,false,true
28,17,0.3500000000000001,-2.95,-0.7365059852600098,false,true
29,17,0.40000000000000013,-2.95,-0.7365059852600099,false,true
30,17,0.44999999999999996,-2.95,-0.7365059852600099,false,true
31,17,0.5,-2.95,-0.7365059852600099,false,true
32,17,0.55,-2.95,-0.7365059852600099,false,true
33,17,0.6000000000000001,-2.95,-0.7365059852600099,false,true
34,17,0.6500000000000001,-2.95,-0.7365059852600099,false,true
35,17,0.7,-2.95,-0.7365059852600099,false,true
36,17,0.75,-2.95,-0.7365059852600099,false,true
37,17,0.8,-2.95,-0.7365059852600099,false,true
0,18,-1.05,-2.9000000000000004,-0.7119933517660711,false,true
1,18,-1.0,-2.9000000000000004,-0.719832936366514,false,true
2,18,-0.9500000000000001,-2.9000000000000004,-0.7201117857232087,false,true
3,18,-0.9,-2.9000000000000004,-0.7202699184417725,true,false
4,18,-0.8500000000000001,-2.9000000000000004,-0.7497721612453461,true,false
5,18,-0.8,-2.9000000000000004,-0.7558413147926331,true,false
6,18,-0.75,-2.9000000000000004,-0.7682443857192993,true,false
7,18,-0.7,-2.9000000000000004,-0.7731967568397522,true,false
8,18,-0.65,-2.9000000000000004,-0.7772286236286163,true,false
9,18,-0.6000000000000001,-2.9000000000000004,-0.7799999713897705,true,false
10,18,-0.55,-2.9000000000000004,-0.7814041376113892,true,false
11,18,-0.5,-2.9000000000000004,-0.7808189392089844,true,false
12,18,-0.44999999999999996,-2.9000000000000004,-0.7814950942993164,true,false
13,18,-0.4,-2.9000000000000004,-0.7819316387176514,true,false
14,18,-0.35,-2.9000000000000004,-0.7821899056434631,true,false
15,18,-0.30000000000000004,-2.9000000000000004,-0.7823221683502197,true,false
16,18,-0.25,-2.9000000000000004,-0.780349463224411,true,false
17,18,-0.19999999999999996,-2.9000000000000004,-0.7765029668807983,true,false
18,18,-0.15000000000000002,-2.9000000000000004,-0.7727140784263611,true,false
19,18,-0.09999999999999998,-2.9000000000000004,-0.7676103115081787,true,false
20,18,-0.050000000000000044,-2.9000000000000004,-0.75,true,false
21,18,0.0,-2.9000000000000004,-0.46025072038173676,true,false
22,18,0.050000000000000044,-2.9000000000000004,-0.5399999618530273,true,false
23,18,0.10000000000000009,-2.9000000000000004,-0.6599999666213989,true,false
24,18,0.15000000000000013,-2.9000000000000004,-0.7199999690055847,true,false
25,18,0.19999999999999996,-2.9000000000000004,-0.7174213683876777,false,true
26,18,0.25,-2.9000000000000004,-0.7049999833106995,false,true
27,18,0.30000000000000004,-2.9000000000000004,-0.7049999833106995,false,true
28,18,0.3500000000000001,-2.9000000000000004,-0.7164015991941264,false,true
29,18,0.40000000000000013,-2.9000000000000004,-0.7365059852600098,false,true
30,18,0.44999999999999996,-2.9000000000000004,-0.7365059852600099,false,true
31,18,0.5,-2.9000000000000004,-0.7365059852600099,false,true
32,18,0.55,-2.9000000000000004,-0.7365059852600099,false,true
33,18,0.6000000000000001,-2.9000000000000004,-0.7365059852600099,false,true
34,18,0.6500000000000001,-2.9000000000000004,-0.7365059852600099,false,true
35,18,0.7,-2.9000000000000004,-0.7365059852600099,false,true
36,18,0.75,-2.9000000000000004,-0.7365059852600099,false,true
37,18,0.8,-2.9000000000000004,-0.7365059852600099,false,true
0,19,-1.05,-2.85,-0.6984520554542542,false,true
1,19,-1.0,-2.85,-0.7119846718408401,false,true
2,19,-0.9500000000000001,-2.85,-0.7191924848260648,false,true
3,19,-0.9,-2.85,-0.7199999690055847,true,false
4,19,-0.8500000000000001,-2.85,-0.7450814843177795,true,false
5,19,-0.8,-2.85,-0.7598464488983154,true,false
6,19,-0.75,-2.85,-0.7685225903987885,true,false
7,19,-0.7,-2.85,-0.7745828330516815,true,false
8,19,-0.65,-2.85,-0.7789719700813293,true,false
9,19,-0.6000000000000001,-2.85,-0.7803454399108887,true,false
10,19,-0.55,-2.85,-0.7824223339557648,true,false
11,19,-0.5,-2.85,-0.7821214199066162,true,false
12,19,-0.44999999999999996,-2.85,-0.7827266454696655,true,false
13,19,-0.4,-2.85,-0.7829049825668335,true,false
14,19,-0.35,-2.85,-0.7833372354507446,true,false
15,19,-0.30000000000000004,-2.85,-0.7831094861030579,true,false
16,19,-0.25,-2.85,-0.7807442843914032,true,false
17,19,-0.19999999999999996,-2.85,-0.7784949541091919,true,false
18,19,-0.15000000000000002,-2.85,-0.7727115154266357,true,false
19,19,-0.09999999999999998,-2.85,-0.7697210311889648,true,false
20,19,-0.050000000000000044,-2.85,-0.7595885694026947,true,false
21,19,0.0,-2.85,-0.75,true,false
22,19,0.050000000000000044,-2.85,-0.7011809349060059,true,false
23,19,0.10000000000000009,-2.85,-0.7199999690055847,true,false
24,19,0.15000000000000013,-2.85,-0.7238637506961823,true,false
25,19,0.19999999999999996,-2.85,-0.7247340392977637,false,true
26,19,0.25,-2.85,-0.7185600537662546,false,true
27,19,0.30000000000000004,-2.85,-0.7049999833106995,false,true
28,19,0.3500000000000001,-2.85,-0.7049999833106995,false,true
29,19,0.40000000000000013,-2.85,-0.7165892295995179,false,true
30,19,0.44999999999999996,-2.85,-0.7365059852600098,false,true
31,19,0.5,-2.85,-0.7365059852600099,false,true
32,19,0.55,-2.85,-0.7365059852600099,false,true
33,19,0.6000000000000001,-2.85,-0.7365059852600099,false,true
34,19,0.6500000000000001,-2.85,-0.7365059852600099,false,true
35,19,0.7,-2.85,-0.7365059852600099,false,true
36,19,0.75,-2.85,-0.7365059852600099,false,true
37,19,0.8,-2.85,-0.7365059852600099,false,true
0,20,-1.05,-2.8000000000000003,-0.6984520554542542,false,true
1,20,-1.0,-2.8000000000000003,-0.6984520554542542,false,true
2,20,-0.9500000000000001,-2.8000000000000003,-0.7128021807080197,false,true
3,20,-0.9,-2.8000000000000003,-0.7169730961322784,true,false
4,20,-0.8500000000000001,-2.8000000000000003,-0.7498925924301147,true,false
5,20,-0.8,-2.8000000000000003,-0.7631522417068481,true,false
6,20,-0.75,-2.8000000000000003,-0.7717607617378235,true,false
7,20,-0.7,-2.8000000000000003,-0.7765462100505829,true,false
8,20,-0.65,-2.8000000000000003,-0.7794584631919861,true,false
9,20,-0.6000000000000001,-2.8000000000000003,-0.7832890152931213,true,false
10,20,-0.55,-2.8000000000000003,-0.7840771377086639,true,false
11,20,-0.5,-2.8000000000000003,-0.7838903069496155,true,false
12,20,-0.44999999999999996,-2.8000000000000003,-0.7837390899658203,true,false
13,20,-0.4,-2.8000000000000003,-0.7835584580898285,true,false
14,20,-0.35,-2.8000000000000003,-0.7828942537307739,true,false
15,20,-0.30000000000000004,-2.8000000000000003,-0.7820790410041809,true,false
16,20,-0.25,-2.8000000000000003,-0.7799999713897705,true,false
17,20,-0.19999999999999996,-2.8000000000000003,-0.7778699994087219,true,false
18,20,-0.15000000000000002,-2.8000000000000003,-0.7732438445091248,true,false
19,20,-0.09999999999999998,-2.8000000000000003,-0.7697949409484863,true,false
20,20,-0.050000000000000044,-2.8000000000000003,-0.7675134539604187,true,false
21,20,0.0,-2.8000000000000003,-0.7606149911880493,true,false
22,20,0.050000000000000044,-2.8000000000000003,-0.75,true,false
23,20,0.10000000000000009,-2.8000000000000003,-0.7199999690055847,true,false
24,20,0.15000000000000013,-2.8000000000000003,-0.7306988835334778,true,false
25,20,0.19999999999999996,-2.8000000000000003,-0.7301442406172566,false,true
26,20,0.25,-2.8000000000000003,-0.7301594460919323,false,true
27,20,0.30000000000000004,-2.8000000000000003,-0.7213583841048111,false,true
28,20,0.3500000000000001,-2.8000000000000003,-0.7049999833106995,false,true
29,20,0.40000000000000013,-2.8000000000000003,-0.7049999833106995,false,true
30,20,0.44999999999999996,-2.8000000000000003,-0.7166280891288312,false,true
31,20,0.5,-2.8000000000000003,-0.7365059852600098,false,true
32,20,0.55,-2.8000000000000003,-0.7365059852600099,false,true
33,20,0.6000000000000001,-2.8000000000000003,-0.7365059852600099,false,true
34,20,0.6500000000000001,-2.8000000000000003,-0.7365059852600099,false,true
35,20,0.7,-2.8000000000000003,-0.7365059852600099,false,true
36,20,0.75,-2.8000000000000003,-0.7365059852600099,false,true
37,20,0.8,-2.8000000000000003,-0.7365059852600099,false,true
0,21,-1.05,-2.75,-0.698452055454254,false,true
1,21,-1.0,-2.75,-0.6984520554542542,false,true
2,21,-0.9500000000000001,-2.75,-0.6984520554542542,true,false
3,21,-0.9,-2.75,-0.7199999690055847,true,false
4,21,-0.8500000000000001,-2.75,-0.75,true,false
5,21,-0.8,-2.75,-0.7627227306365967,true,false
6,21,-0.75,-2.75,-0.7724473476409912,true,false
7,21,-0.7,-2.75,-0.7754813432693481,true,false
8,21,-0.65,-2.75,-0.7800265550613403,true,false
9,21,-0.6000000000000001,-2.75,-0.7837353944778442,true,false
10,21,-0.55,-2.75,-0.785302996635437,true,false
11,21,-0.5,-2.75,-0.7859950959682465,true,false
12,21,-0.44999999999999996,-2.75,-0.7852610945701599,true,false
13,21,-0.4,-2.75,-0.7853394746780396,true,false
14,21,-0.35,-2.75,-0.7839860320091248,true,false
15,21,-0.30000000000000004,-2.75,-0.7826787829399109,true,false
16,21,-0.25,-2.75,-0.7799999713897705,true,false
17,21,-0.19999999999999996,-2.75,-0.7769676148891449,true,false
18,21,-0.15000000000000002,-2.75,-0.7735689282417297,true,false
19,21,-0.09999999999999998,-2.75,-0.7694143354892731,true,false
20,21,-0.050000000000000044,-2.75,-0.7672162055969238,true,false
21,21,0.0,-2.75,-0.7502490878105164,true,false
22,21,0.050000000000000044,-2.75,-0.75,true,false
23,21,0.10000000000000009,-2.75,-0.7467281520366669,true,false
24,21,0.15000000000000013,-2.75,-0.7356403470039368,true,false
25,21,0.19999999999999996,-2.75,-0.7356063566746098,false,true
26,21,0.25,-2.75,-0.7348444054796622,false,true
27,21,0.30000000000000004,-2.75,-0.7344593091805695,false,true
28,21,0.3500000000000001,-2.75,-0.7237772230968406,false,true
29,21,0.40000000000000013,-2.75,-0.7049999833106995,false,true
30,21,0.44999999999999996,-2.75,-0.7049999833106995,false,true
31,21,0.5,-2.75,-0.7166361372008657,false,true
32,21,0.55,-2.75,-0.7365059852600098,false,true
33,21,0.6000000000000001,-2.75,-0.7365059852600099,false,true
34,21,0.6500000000000001,-2.75,-0.7365059852600099,false,true
35,21,0.7,-2.75,-0.7365059852600099,false,true
36,21,0.75,-2.75,-0.7365059852600099,false,true
37,21,0.8,-2.75,-0.7365059852600099,false,true
0,22,-1.05,-2.7,-0.6984520554542542,false,true
1,22,-1.0,-2.7,-0.6984520554542542,false,true
2,22,-0.9500000000000001,-2.7,-0.7134794298064028,false,true
3,22,-0.9,-2.7,-0.7199999690055847,true,false
4,22,-0.8500000000000001,-2.7,-0.748966634273529,true,false
5,22,-0.8,-2.7,-0.768733561038971,true,false
6,22,-0.75,-2.7,-0.773514986038208,true,false
7,22,-0.7,-2.7,-0.7781442105770111,true,false
8,22,-0.65,-2.7,-0.7799999713897705,true,false
9,22,-0.6000000000000001,-2.7,-0.7848795652389526,true,false
10,22,-0.55,-2.7,-0.7857829928398132,true,false
11,22,-0.5,-2.7,-0.7866329550743103,true,false
12,22,-0.44999999999999996,-2.7,-0.787114292383194,true,false
13,22,-0.4,-2.7,-0.7861452102661133,true,false
14,22,-0.35,-2.7,-0.7854133546352386,true,false
15,22,-0.30000000000000004,-2.7,-0.7835659980773926,true,false
16,22,-0.25,-2.7,-0.7825466394424438,true,false
17,22,-0.19999999999999996,-2.7,-0.7799999713897705,true,false
18,22,-0.15000000000000002,-2.7,-0.7753756940364838,true,false
19,22,-0.09999999999999998,-2.7,-0.7731679677963257,true,false
20,22,-0.050000000000000044,-2.7,-0.7703619003295898,true,false
21,22,0.0,-2.7,-0.75,true,false
22,22,0.050000000000000044,-2.7,-0.7199999690055847,true,false
23,22,0.10000000000000009,-2.7,-0.7284814715385437,true,false
24,22,0.15000000000000013,-2.7,-0.7404657602310181,true,false
25,22,0.19999999999999996,-2.7,-0.7384670086283065,false,true
26,22,0.25,-2.7,-0.7382145638602099,false,true
27,22,0.30000000000000004,-2.7,-0.737644338244316,false,true
28,22,0.3500000000000001,-2.7,-0.7372442757518228,false,true
29,22,0.40000000000000013,-2.7,-0.7254002812390696,false,true
30,22,0.44999999999999996,-2.7,-0.7049999833106995,false,true
31,22,0.5,-2.7,-0.7049999833106995,false,true
32,22,0.55,-2.7,-0.7212977083160905,false,true
33,22,0.6000000000000001,-2.7,-0.7365059852600098,false,true
34,22,0.6500000000000001,-2.7,-0.7365059852600099,false,true
35,22,0.7,-2.7,-0.7365059852600099,false,true
36,22,0.75,-2.7,-0.7365059852600099,false,true
37,22,0.8,-2.7,-0.7365059852600099,false,true
0,23,-1.05,-2.6500000000000004,-0.6984520554542542,false,true
1,23,-1.0,-2.6500000000000004,-0.7132424458330459,false,true
2,23,-0.9500000000000001,-2.6500000000000004,-0.7211560418900085,false,true
3,23,-0.9,-2.6500000000000004,-0.718989372253418,true,false
4,23,-0.8500000000000001,-2.6500000000000004,-0.75,true,false
5,23,-0.8,-2.6500000000000004,-0.7675773799419403,true,false
6,23,-0.75,-2.6500000000000004,-0.7741878032684326,true,false
7,23,-0.7,-2.6500000000000004,-0.7799999713897705,true,false
8,23,-0.65,-2.6500000000000004,-0.7842710316181183,true,false
9,23,-0.6000000000000001,-2.6500000000000004,-0.7868196368217468,true,false
10,23,-0.55,-2.6500000000000004,-0.7871325612068176,true,false
11,23,-0.5,-2.6500000000000004,-0.7881660461425781,true,false
12,23,-0.44999999999999996,-2.6500000000000004,-0.787979781627655,true,false
13,23,-0.4,-2.6500000000000004,-0.7868500351905823,true,false
14,23,-0.35,-2.6500000000000004,-0.7858399748802185,true,false
15,23,-0.30000000000000004,-2.6500000000000004,-0.785647839307785,true,false
16,23,-0.25,-2.6500000000000004,-0.7838771641254425,true,false
17,23,-0.19999999999999996,-2.6500000000000004,-0.7799999713897705,true,false
18,23,-0.15000000000000002,-2.6500000000000004,-0.7791739106178284,true,false
19,23,-0.09999999999999998,-2.6500000000000004,-0.7757775187492371,true,false
20,23,-0.050000000000000044,-2.6500000000000004,-0.7754620611667633,true,false
21,23,0.0,-2.6500000000000004,-0.7199999690055847,true,false
22,23,0.050000000000000044,-2.6500000000000004,-0.6899999976158142,true,false
23,23,0.10000000000000009,-2.6500000000000004,-0.7186501324176788,true,false
24,23,0.15000000000000013,-2.6500000000000004,-0.7292767669389955,false,true
25,23,0.19999999999999996,-2.6500000000000004,-0.7404657602310181,false,true
26,23,0.25,-2.6500000000000004,-0.73963785020936,false,true
27,23,0.30000000000000004,-2.6500000000000004,-0.7394634685203956,false,true
28,23,0.3500000000000001,-2.6500000000000004,-0.7391237797154439,false,true
29,23,0.40000000000000013,-2.6500000000000004,-0.7392477093652681,false,true
30,23,0.44999999999999996,-2.6500000000000004,-0.732552433083233,false,true
31,23,0.5,-2.6500000000000004,-0.7274999916553496,false,true
32,23,0.55,-2.6500000000000004,-0.72750358241005,false,true
33,23,0.6000000000000001,-2.6500000000000004,-0.732152680641605,false,true
34,23,0.6500000000000001,-2.6500000000000004,-0.7365059852600098,false,true
35,23,0.7,-2.6500000000000004,-0.7365059852600099,false,true
36,23,0.75,-2.6500000000000004,-0.7365059852600099,false,true
37,23,0.8,-2.6500000000000004,-0.7365059852600099,false,true
0,24,-1.05,-2.6,-0.7140673982230075,false,true
1,24,-1.0,-2.6,-0.7230443638052795,false,true
2,24,-0.9500000000000001,-2.6,-0.7227307176552697,false,true
3,24,-0.9,-2.6,-0.7253762483596802,true,false
4,24,-0.8500000000000001,-2.6,-0.7491342127323151,true,false
5,24,-0.8,-2.6,-0.7692389190196991,true,false
6,24,-0.75,-2.6,-0.7750178575515747,true,false
7,24,-0.7,-2.6,-0.7799999713897705,true,false
8,24,-0.65,-2.6,-0.7852637767791748,true,false
9,24,-0.6000000000000001,-2.6,-0.7894493341445923,true,false
10,24,-0.55,-2.6,-0.7891862690448761,true,false
11,24,-0.5,-2.6,-0.7894448041915894,true,false
12,24,-0.44999999999999996,-2.6,-0.7896325588226318,true,false
13,24,-0.4,-2.6,-0.7881478369235992,true,false
14,24,-0.35,-2.6,-0.7874699831008911,true,false
15,24,-0.30000000000000004,-2.6,-0.7870569229125977,true,false
16,24,-0.25,-2.6,-0.785825788974762,true,false
17,24,-0.19999999999999996,-2.6,-0.7846128344535828,true,false
18,24,-0.15000000000000002,-2.6,-0.7807621359825134,true,false
19,24,-0.09999999999999998,-2.6,-0.7799999713897705,true,false
20,24,-0.050000000000000044,-2.6,-0.7799999713897705,true,false
21,24,0.0,-2.6,-0.4651009142398834,true,false
22,24,0.050000000000000044,-2.6,-0.7199999690055847,true,false
23,24,0.10000000000000009,-2.6,-0.7087176720638083,false,true
24,24,0.15000000000000013,-2.6,-0.6951478570699692,false,true
25,24,0.19999999999999996,-2.6,-0.7134833669586903,false,true
26,24,0.25,-2.6,-0.7404657602310181,false,true
27,24,0.30000000000000004,-2.6,-0.7401228286716228,false,true
28,24,0.3500000000000001,-2.6,-0.7414264059702748,false,true
29,24,0.40000000000000013,-2.6,-0.7445264967863237,false,true
30,24,0.44999999999999996,-2.6,-0.75,false,true
31,24,0.5,-2.6,-0.7500122596033969,false,true
32,24,0.55,-2.6,-0.7434259683065,false,true
33,24,0.6000000000000001,-2.6,-0.7407035048702028,false,true
34,24,0.6500000000000001,-2.6,-0.7392429689564337,false,true
35,24,0.7,-2.6,-0.7365059852600098,false,true
36,24,0.75,-2.6,-0.7365059852600099,false,true
37,24,0.8,-2.6,-0.7365059852600099,false,true
0,25,-1.05,-2.5500000000000003,-0.7242393538771125,false,true
1,25,-1.0,-2.5500000000000003,-0.7242804336622389,false,true
2,25,-0.9500000000000001,-2.5500000000000003,-0.7253762483596802,false,true
3,25,-0.9,-2.5500000000000003,-0.7440810743484475,false,true
4,25,-0.8500000000000001,-2.5500000000000003,-0.7592127919197083,true,false
5,25,-0.8,-2.5500000000000003,-0.7711290717124939,true,false
6,25,-0.75,-2.5500000000000003,-0.7758002281188965,true,false
7,25,-0.7,-2.5500000000000003,-0.780726432800293,true,false
8,25,-0.65,-2.5500000000000003,-0.7899132370948792,true,false
9,25,-0.6000000000000001,-2.5500000000000003,-0.7910224795341492,true,false
10,25,-0.55,-2.5500000000000003,-0.7906585931777954,true,false
11,25,-0.5,-2.5500000000000003,-0.7905150055885315,true,false
12,25,-0.44999999999999996,-2.5500000000000003,-0.7902267277240753,true,false
13,25,-0.4,-2.5500000000000003,-0.7883554100990295,true,false
14,25,-0.35,-2.5500000000000003,-0.7881324887275696,true,false
15,25,-0.30000000000000004,-2.5500000000000003,-0.7880797386169434,true,false
16,25,-0.25,-2.5500000000000003,-0.7871090769767761,true,false
17,25,-0.19999999999999996,-2.5500000000000003,-0.7851524353027344,true,false
18,25,-0.15000000000000002,-2.5500000000000003,-0.7859413623809814,true,false
19,25,-0.09999999999999998,-2.5500000000000003,-0.7852165102958679,true,false
20,25,-0.050000000000000044,-2.5500000000000003,-0.7835923135280609,true,false
21,25,0.0,-2.5500000000000003,-0.7799999713897705,true,false
22,25,0.050000000000000044,-2.5500000000000003,-0.7498610019683838,true,false
23,25,0.10000000000000009,-2.5500000000000003,-0.6716455817222595,true,false
24,25,0.15000000000000013,-2.5500000000000003,-0.6854614272250301,false,true
25,25,0.19999999999999996,-2.5500000000000003,-0.6950202632575009,false,true
26,25,0.25,-2.5500000000000003,-0.7252935274183874,false,true
27,25,0.30000000000000004,-2.5500000000000003,-0.745232880115509,false,true
28,25,0.3500000000000001,-2.5500000000000003,-0.7465727018553743,false,true
29,25,0.40000000000000013,-2.5500000000000003,-0.75,false,true
30,25,0.44999999999999996,-2.5500000000000003,-0.7500295973007902,false,true
31,25,0.5,-2.5500000000000003,-0.7500375224798388,false,true
32,25,0.55,-2.5500000000000003,-0.7500532826156789,false,true
33,25,0.6000000000000001,-2.5500000000000003,-0.7481384270371542,false,true
34,25,0.6500000000000001,-2.5500000000000003,-0.7465555815149408,false,true
35,25,0.7,-2.5500000000000003,-0.7427341087544741,false,true
36,25,0.75,-2.5500000000000003,-0.7365059852600098,false,true
37,25,0.8,-2.5500000000000003,-0.7365059852600099,false,true
0,26,-1.05,-2.5,-0.7249223470501522,false,true
1,26,-1.0,-2.5,-0.7253762483596802,false,true
2,26,-0.9500000000000001,-2.5,-0.7512266901620763,false,true
3,26,-0.9,-2.5,-0.7653282135725021,false,true
4,26,-0.8500000000000001,-2.5,-0.7693384348668956,false,true
5,26,-0.8,-2.5,-0.7726949155330658,true,false
6,26,-0.75,-2.5,-0.7799999713897705,true,false
7,26,-0.7,-2.5,-0.7827788889408112,true,false
8,26,-0.65,-2.5,-0.7915551364421844,true,false
9,26,-0.6000000000000001,-2.5,-0.7920730710029602,true,false
10,26,-0.55,-2.5,-0.7916374802589417,true,false
11,26,-0.5,-2.5,-0.7910666763782501,true,false
12,26,-0.44999999999999996,-2.5,-0.790317177772522,true,false
13,26,-0.4,-2.5,-0.789053738117218,true,false
14,26,-0.35,-2.5,-0.7886435389518738,true,false
15,26,-0.30000000000000004,-2.5,-0.7886329889297485,true,false
16,26,-0.25,-2.5,-0.7890155017375946,true,false
17,26,-0.19999999999999996,-2.5,-0.7884901762008667,true,false
18,26,-0.15000000000000002,-2.5,-0.7895342409610748,true,false
19,26,-0.09999999999999998,-2.5,-0.789760410785675,true,false
20,26,-0.050000000000000044,-2.5,-0.7863309383392334,true,false
21,26,0.0,-2.5,-0.7858046293258667,true,false
22,26,0.050000000000000044,-2.5,-0.7777895033359528,true,false
23,26,0.10000000000000009,-2.5,-0.7049999833106995,true,false
24,26,0.15000000000000013,-2.5,-0.7084109050026531,false,true
25,26,0.19999999999999996,-2.5,-0.7235195426132935,false,true
26,26,0.25,-2.5,-0.75,false,true
27,26,0.30000000000000004,-2.5,-0.7500704375963795,false,true
28,26,0.3500000000000001,-2.5,-0.75,false,true
29,26,0.40000000000000013,-2.5,-0.7500714542049776,false,true
30,26,0.44999999999999996,-2.5,-0.7500862528553727,false,true
31,26,0.5,-2.5,-0.750116593825811,false,true
32,26,0.55,-2.5,-0.7501428710386726,false,true
33,26,0.6000000000000001,-2.5,-0.750169176555023,false,true
34,26,0.6500000000000001,-2.5,-0.7496287666604292,false,true
35,26,0.7,-2.5,-0.7489499643677641,false,true
36,26,0.75,-2.5,-0.7442861825450402,false,true
37,26,0.8,-2.5,-0.7365059852600098,false,true
0,27,-1.05,-2.45,-0.7253762483596802,false,true
1,27,-1.0,-2.45,-0.7556074494627733,false,true
2,27,-0.9500000000000001,-2.45,-0.7730588534506139,false,true
3,27,-0.9,-2.45,-0.7749877857088447,false,true
4,27,-0.8500000000000001,-2.45,-0.771443635225296,true,false
5,27,-0.8,-2.45,-0.774143636226654,true,false
6,27,-0.75,-2.45,-0.7796629667282104,true,false
7,27,-0.7,-2.45,-0.7862729728221893,true,false
8,27,-0.65,-2.45,-0.7924676537513733,true,false
9,27,-0.6000000000000001,-2.45,-0.7928228974342346,true,false
10,27,-0.55,-2.45,-0.7931156754493713,true,false
11,27,-0.5,-2.45,-0.7921907305717468,true,false
12,27,-0.44999999999999996,-2.45,-0.7904536128044128,true,false
13,27,-0.4,-2.45,-0.7887759506702423,true,false
14,27,-0.35,-2.45,-0.7891290187835693,true,false
15,27,-0.30000000000000004,-2.45,-0.7903760075569153,true,false
16,27,-0.25,-2.45,-0.7904725074768066,true,false
17,27,-0.19999999999999996,-2.45,-0.792116641998291,true,false
18,27,-0.15000000000000002,-2.45,-0.7920398712158203,true,false
19,27,-0.09999999999999998,-2.45,-0.7916373610496521,true,false
20,27,-0.050000000000000044,-2.45,-0.7913858890533447,true,false
21,27,0.0,-2.45,-0.7885384559631348,true,false
22,27,0.050000000000000044,-2.45,-0.7837383151054382,true,false
23,27,0.10000000000000009,-2.45,-0.75,true,false
24,27,0.15000000000000013,-2.45,-0.7454954762453817,false,true
25,27,0.19999999999999996,-2.45,-0.75,false,true
26,27,0.25,-2.45,-0.7502696652045809,false,true
27,27,0.30000000000000004,-2.45,-0.75,false,true
28,27,0.3500000000000001,-2.45,-0.7501725057107453,false,true
29,27,0.40000000000000013,-2.45,-0.7501934341628389,false,true
30,27,0.44999999999999996,-2.45,-0.7502464989627211,false,true
31,27,0.5,-2.45,-0.7502853811883163,false,true
32,27,0.55,-2.45,-0.7503222721123549,false,true
33,27,0.6000000000000001,-2.45,-0.7503548512815293,false,true
34,27,0.6500000000000001,-2.45,-0.7503843758121305,false,true
35,27,0.7,-2.45,-0.7502455333483892,false,true
36,27,0.75,-2.45,-0.749995557333924,false,true
37,27,0.8,-2.45,-0.7449993827085871,false,true
0,28,-1.05,-2.4000000000000004,-0.758179072909883,false,true
1,28,-1.0,-2.4000000000000004,-0.7773017835492244,false,true
2,28,-0.9500000000000001,-2.4000000000000004,-0.7780615711682366,false,true
3,28,-0.9,-2.4000000000000004,-0.7780615711682365,false,true
4,28,-0.8500000000000001,-2.4000000000000004,-0.7799999713897705,true,false
5,28,-0.8,-2.4000000000000004,-0.7764600515365601,true,false
6,28,-0.75,-2.4000000000000004,-0.7800729870796204,true,false
7,28,-0.7,-2.4000000000000004,-0.7857977747917175,true,false
8,28,-0.65,-2.4000000000000004,-0.7933262586593628,true,false
9,28,-0.6000000000000001,-2.4000000000000004,-0.794652134180069,true,false
10,28,-0.55,-2.4000000000000004,-0.7944599092006683,true,false
11,28,-0.5,-2.4000000000000004,-0.7936257719993591,true,false
12,28,-0.44999999999999996,-2.4000000000000004,-0.7919899821281433,true,false
13,28,-0.4,-2.4000000000000004,-0.7901333570480347,true,false
14,28,-0.35,-2.4000000000000004,-0.7911398410797119,true,false
15,28,-0.30000000000000004,-2.4000000000000004,-0.7924236953258514,true,false
16,28,-0.25,-2.4000000000000004,-0.7945510745048523,true,false
17,28,-0.19999999999999996,-2.4000000000000004,-0.7938381433486938,true,false
18,28,-0.15000000000000002,-2.4000000000000004,-0.795194685459137,true,false
19,28,-0.09999999999999998,-2.4000000000000004,-0.7938200831413269,true,false
20,28,-0.050000000000000044,-2.4000000000000004,-0.7933529615402222,true,false
21,28,0.0,-2.4000000000000004,-0.7908652424812317,true,false
22,28,0.050000000000000044,-2.4000000000000004,-0.7874616980552673,true,false
23,28,0.10000000000000009,-2.4000000000000004,-0.7732502520084381,true,false
24,28,0.15000000000000013,-2.4000000000000004,-0.75,true,false
25,28,0.19999999999999996,-2.4000000000000004,-0.7510323935838176,false,true
26,28,0.25,-2.4000000000000004,-0.75,false,true
27,28,0.30000000000000004,-2.4000000000000004,-0.7504164656264684,false,true
28,28,0.3500000000000001,-2.4000000000000004,-0.7504164656264684,false,true
29,28,0.40000000000000013,-2.4000000000000004,-0.7504965886801427,false,true
30,28,0.44999999999999996,-2.4000000000000004,-0.7505394972920321,false,true
31,28,0.5,-2.4000000000000004,-0.7505801220440027,false,true
32,28,0.55,-2.4000000000000004,-0.7506129054272836,false,true
33,28,0.6000000000000001,-2.4000000000000004,-0.7506413290608368,false,true
34,28,0.6500000000000001,-2.4000000000000004,-0.7506659471410931,false,true
35,28,0.7,-2.4000000000000004,-0.7506876308301592,false,true
36,28,0.75,-2.4000000000000004,-0.7506584028194017,false,true
37,28,0.8,-2.4000000000000004,-0.750575049231471,false,true
0,29,-1.05,-2.35,-0.7796514197465721,false,true
1,29,-1.0,-2.35,-0.7800972989845425,false,true
2,29,-0.9500000000000001,-2.35,-0.7804702116925045,false,true
3,29,-0.9,-2.35,-0.7811353566276283,false,true
4,29,-0.8500000000000001,-2.35,-0.7819381952285767,true,false
5,29,-0.8,-2.35,-0.7799999713897705,true,false
6,29,-0.75,-2.35,-0.7820096015930176,true,false
7,29,-0.7,-2.35,-0.7902768850326538,true,false
8,29,-0.65,-2.35,-0.792921245098114,true,false
9,29,-0.6000000000000001,-2.35,-0.7955304980278015,true,false
10,29,-0.55,-2.35,-0.7963466644287109,true,false
11,29,-0.5,-2.35,-0.7954286336898804,true,false
12,29,-0.44999999999999996,-2.35,-0.7941983938217163,true,false
13,29,-0.4,-2.35,-0.7929838001728058,true,false
14,29,-0.35,-2.35,-0.7937834858894348,true,false
15,29,-0.30000000000000004,-2.35,-0.7954831719398499,true,false
16,29,-0.25,-2.35,-0.7963497936725616,true,false
17,29,-0.19999999999999996,-2.35,-0.7984911799430847,true,false
18,29,-0.15000000000000002,-2.35,-0.7979597449302673,true,false
19,29,-0.09999999999999998,-2.35,-0.7963249683380127,true,false
20,29,-0.050000000000000044,-2.35,-0.7960606217384338,true,false
21,29,0.0,-2.35,-0.7940864562988281,true,false
22,29,0.050000000000000044,-2.35,-0.7897563576698303,true,false
23,29,0.10000000000000009,-2.35,-0.7812571823596954,true,false
24,29,0.15000000000000013,-2.35,-0.7539524435997009,true,false
25,29,0.19999999999999996,-2.35,-0.75,true,false
26,29,0.25,-2.35,-0.7510054369636823,false,true
27,29,0.30000000000000004,-2.35,-0.7508329312529367,false,true
28,29,0.3500000000000001,-2.35,-0.7509339827587047,false,true
29,29,0.40000000000000013,-2.35,-0.7509462423621017,false,true
30,29,0.44999999999999996,-2.35,-0.7509711972004895,false,true
31,29,0.5,-2.35,-0.7509867923715072,false,true
32,29,0.55,-2.35,-0.7510005830973813,false,true
33,29,0.6000000000000001,-2.35,-0.7510118582236349,false,true
34,29,0.6500000000000001,-2.35,-0.7510215512153475,false,true
35,29,0.7,-2.35,-0.7510299376411994,false,true
36,29,0.75,-2.35,-0.7510366613544939,false,true
37,29,0.8,-2.35,-0.7510273945271111,false,true
0,30,-1.05,-2.3000000000000003,-0.7811235122803336,false,true
1,30,-1.0,-2.3000000000000003,-0.7813704874784019,false,true
2,30,-0.9500000000000001,-2.3000000000000003,-0.7816056485916673,false,true
3,30,-0.9,-2.3000000000000003,-0.7819381952285767,false,true
4,30,-0.8500000000000001,-2.3000000000000003,-0.7839365630743312,false,true
5,30,-0.8,-2.3000000000000003,-0.7887185215950012,true,false
6,30,-0.75,-2.3000000000000003,-0.788247138261795,true,false
7,30,-0.7,-2.3000000000000003,-0.7902593016624451,true,false
8,30,-0.65,-2.3000000000000003,-0.7939971685409546,true,false
9,30,-0.6000000000000001,-2.3000000000000003,-0.7951161563396454,true,false
10,30,-0.55,-2.3000000000000003,-0.7971615195274353,true,false
11,30,-0.5,-2.3000000000000003,-0.7977018058300018,true,false
12,30,-0.44999999999999996,-2.3000000000000003,-0.796761155128479,true,false
13,30,-0.4,-2.3000000000000003,-0.7959921956062317,true,false
14,30,-0.35,-2.3000000000000003,-0.7962664067745209,true,false
15,30,-0.30000000000000004,-2.3000000000000003,-0.7979086637496948,true,false
16,30,-0.25,-2.3000000000000003,-0.7999566197395325,true,false
17,30,-0.19999999999999996,-2.3000000000000003,-0.8007431626319885,true,false
18,30,-0.15000000000000002,-2.3000000000000003,-0.8006885051727295,true,false
19,30,-0.09999999999999998,-2.3000000000000003,-0.7991260290145874,true,false
20,30,-0.050000000000000044,-2.3000000000000003,-0.7976953685283661,true,false
21,30,0.0,-2.3000000000000003,-0.7962214946746826,true,false
22,30,0.050000000000000044,-2.3000000000000003,-0.7925076484680176,true,false
23,30,0.10000000000000009,-2.3000000000000003,-0.7799999713897705,true,false
24,30,0.15000000000000013,-2.3000000000000003,-0.7600997984409332,true,false
25,30,0.19999999999999996,-2.3000000000000003,-0.752427339553833,true,false
26,30,0.25,-2.3000000000000003,-0.7514219025901506,false,true
27,30,0.30000000000000004,-2.3000000000000003,-0.7515944083008961,false,true
28,30,0.3500000000000001,-2.3000000000000003,-0.7514933567951282,false,true
29,30,0.40000000000000013,-2.3000000000000003,-0.7514810971917312,false,true
30,30,0.44999999999999996,-2.3000000000000003,-0.7514561423533433,false,true
31,30,0.5,-2.3000000000000003,-0.7514405471823257,false,true
32,30,0.55,-2.3000000000000003,-0.7514267564564517,false,true
33,30,0.6000000000000001,-2.3000000000000003,-0.7514154813301981,false,true
34,30,0.6500000000000001,-2.3000000000000003,-0.7514057883384855,false,true
35,30,0.7,-2.3000000000000003,-0.751395200645359,false,true
36,30,0.75,-2.3000000000000003,-0.7513832809618556,false,true
37,30,0.8,-2.3000000000000003,-0.7513701650777344,false,true
0,31,-1.05,-2.25,-0.7817148614956321,false,true
1,31,-1.0,-2.25,-0.7818004499014471,false,true
2,31,-0.9500000000000001,-2.25,-0.7819381952285767,false,true
3,31,-0.9,-2.25,-0.7849648160764886,false,true
4,31,-0.8500000000000001,-2.25,-0.7887185215950012,false,true
5,31,-0.8,-2.25,-0.789952177796563,false,true
6,31,-0.75,-2.25,-0.7923914790153503,true,false
7,31,-0.7,-2.25,-0.7927364706993103,true,false
8,31,-0.65,-2.25,-0.7938764095306396,true,false
9,31,-0.6000000000000001,-2.25,-0.7962661385536194,true,false
10,31,-0.55,-2.25,-0.797951340675354,true,false
11,31,-0.5,-2.25,-0.7987930476665497,true,false
12,31,-0.44999999999999996,-2.25,-0.7990355491638184,true,false
13,31,-0.4,-2.25,-0.7987370491027832,true,false
14,31,-0.35,-2.25,-0.799095869064331,true,false
15,31,-0.30000000000000004,-2.25,-0.800974577665329,true,false
16,31,-0.25,-2.25,-0.802675724029541,true,false
17,31,-0.19999999999999996,-2.25,-0.8047663569450378,true,false
18,31,-0.15000000000000002,-2.25,-0.8039793968200684,true,false
19,31,-0.09999999999999998,-2.25,-0.8021748661994934,true,false
20,31,-0.050000000000000044,-2.25,-0.800965815782547,true,false
21,31,0.0,-2.25,-0.7987329363822937,true,false
22,31,0.050000000000000044,-2.25,-0.7951498329639435,true,false
23,31,0.10000000000000009,-2.25,-0.7799999713897705,true,false
24,31,0.15000000000000013,-2.25,-0.7634271383285522,true,false
25,31,0.19999999999999996,-2.25,-0.7587481561006484,false,true
26,31,0.25,-2.25,-0.752427339553833,false,true
27,31,0.30000000000000004,-2.25,-0.7520108739273645,false,true
28,31,0.3500000000000001,-2.25,-0.7520108739273644,false,true
29,31,0.40000000000000013,-2.25,-0.7519307508736902,false,true
30,31,0.44999999999999996,-2.25,-0.7518878422618009,false,true
31,31,0.5,-2.25,-0.7518472175098302,false,true
32,31,0.55,-2.25,-0.7518144341265494,false,true
33,31,0.6000000000000001,-2.25,-0.7517860104929962,false,true
34,31,0.6500000000000001,-2.25,-0.7517538768161569,false,true
35,31,0.7,-2.25,-0.751719767304442,false,true
36,31,0.75,-2.25,-0.7516851201397683,false,true
37,31,0.8,-2.25,-0.7516510610933707,false,true
0,32,-1.05,-2.2,-0.7818811392459261,false,true
1,32,-1.0,-2.2,-0.7819381952285767,false,true
2,32,-0.9500000000000001,-2.2,-0.7852333997450951,false,true
3,32,-0.9,-2.2,-0.7887185215950012,false,true
4,32,-0.8500000000000001,-2.2,-0.7914923117370085,false,true
5,32,-0.8,-2.2,-0.7923914790153503,false,true
6,32,-0.75,-2.2,-0.7933061702339157,false,true
7,32,-0.7,-2.2,-0.7941431403160095,true,false
8,32,-0.65,-2.2,-0.7932465374469757,true,false
9,32,-0.6000000000000001,-2.2,-0.7964494824409485,true,false
10,32,-0.55,-2.2,-0.7978665828704834,true,false
11,32,-0.5,-2.2,-0.7992779612541199,true,false
12,32,-0.44999999999999996,-2.2,-0.8005915284156799,true,false
13,32,-0.4,-2.2,-0.8019440174102783,true,false
14,32,-0.35,-2.2,-0.8024807572364807,true,false
15,32,-0.30000000000000004,-2.2,-0.8035138249397278,true,false
16,32,-0.25,-2.2,-0.8060246706008911,true,false
17,32,-0.19999999999999996,-2.2,-0.8065847754478455,true,false
18,32,-0.15000000000000002,-2.2,-0.8071580231189728,true,false
19,32,-0.09999999999999998,-2.2,-0.8049106001853943,true,false
20,32,-0.050000000000000044,-2.2,-0.8034252524375916,true,false
21,32,0.0,-2.2,-0.8008706867694855,true,false
22,32,0.050000000000000044,-2.2,-0.7965541779994965,true,false
23,32,0.10000000000000009,-2.2,-0.7799999713897705,true,false
24,32,0.15000000000000013,-2.2,-0.7597184181213379,true,false
25,32,0.19999999999999996,-2.2,-0.76040433493657,false,true
26,32,0.25,-2.2,-0.7572544927772747,false,true
27,32,0.30000000000000004,-2.2,-0.752427339553833,false,true
28,32,0.3500000000000001,-2.2,-0.7522548338430876,false,true
29,32,0.40000000000000013,-2.2,-0.7522339053909939,false,true
30,32,0.44999999999999996,-2.2,-0.7521808405911118,false,true
31,32,0.5,-2.2,-0.7521419583655166,false,true
32,32,0.55,-2.2,-0.752105067441478,false,true
33,32,0.6000000000000001,-2.2,-0.7520468284205205,false,true
34,32,0.6500000000000001,-2.2,-0.7519855081363257,false,true
35,32,0.7,-2.2,-0.751926041143998,false,true
36,32,0.75,-2.2,-0.7518706744595489,false,true
37,32,0.8,-2.2,-0.7518203713549675,false,true
0,33,-1.05,-2.1500000000000004,-0.7819381952285767,false,true
1,33,-1.0,-2.1500000000000004,-0.7853035548400871,false,true
2,33,-0.9500000000000001,-2.1500000000000004,-0.7887185215950012,false,true
3,33,-0.9,-2.1500000000000004,-0.7924244356372127,false,true
4,33,-0.8500000000000001,-2.1500000000000004,-0.7945830535020691,false,true
5,33,-0.8,-2.1500000000000004,-0.7956835627555847,false,true
6,33,-0.75,-2.1500000000000004,-0.7946534002108374,false,true
7,33,-0.7,-2.1500000000000004,-0.7939857840538025,true,false
8,33,-0.65,-2.1500000000000004,-0.794956624507904,true,false
9,33,-0.6000000000000001,-2.1500000000000004,-0.797480046749115,true,false
10,33,-0.55,-2.1500000000000004,-0.7994086146354675,true,false
11,33,-0.5,-2.1500000000000004,-0.7998949885368347,true,false
12,33,-0.44999999999999996,-2.1500000000000004,-0.8012720346450806,true,false
13,33,-0.4,-2.1500000000000004,-0.8023123741149902,true,false
14,33,-0.35,-2.1500000000000004,-0.8037576377391815,true,false
15,33,-0.30000000000000004,-2.1500000000000004,-0.8047788143157959,true,false
16,33,-0.25,-2.1500000000000004,-0.8080312013626099,true,false
17,33,-0.19999999999999996,-2.1500000000000004,-0.8098674118518829,true,false
18,33,-0.15000000000000002,-2.1500000000000004,-0.8095321357250214,true,false
19,33,-0.09999999999999998,-2.1500000000000004,-0.8076543211936951,true,false
20,33,-0.050000000000000044,-2.1500000000000004,-0.8058258891105652,true,false
21,33,0.0,-2.1500000000000004,-0.8035691380500793,true,false
22,33,0.050000000000000044,-2.1500000000000004,-0.7997042536735535,true,false
23,33,0.10000000000000009,-2.1500000000000004,-0.7799999713897705,true,false
24,33,0.15000000000000013,-2.1500000000000004,-0.7583515644073486,true,false
25,33,0.19999999999999996,-2.1500000000000004,-0.7581329055091358,false,true
26,33,0.25,-2.1500000000000004,-0.7591279937709031,false,true
27,33,0.30000000000000004,-2.1500000000000004,-0.7571282025688066,false,true
28,33,0.3500000000000001,-2.1500000000000004,-0.752427339553833,false,true
29,33,0.40000000000000013,-2.1500000000000004,-0.7523558853488554,false,true
30,33,0.44999999999999996,-2.1500000000000004,-0.7523410866984602,false,true
31,33,0.5,-2.1500000000000004,-0.7523107457280219,false,true
32,33,0.55,-2.1500000000000004,-0.7521968603011945,false,true
33,33,0.6000000000000001,-2.1500000000000004,-0.7520982858020983,false,true
34,33,0.6500000000000001,-2.1500000000000004,-0.7520141064447756,false,true
35,33,0.7,-2.1500000000000004,-0.7519432812986042,false,true
36,33,0.75,-2.1500000000000004,-0.7518844832374382,false,true
37,33,0.8,-2.1500000000000004,-0.7635800631176245,false,true
0,34,-1.05,-2.1,-0.7853218796227475,false,true
1,34,-1.0,-2.1,-0.7887185215950012,false,true
2,34,-0.9500000000000001,-2.1,-0.7930287547735985,false,true
3,34,-0.9,-2.1,-0.7954285132713427,false,true
4,34,-0.8500000000000001,-2.1,-0.7955447667764403,false,true
5,34,-0.8,-2.1,-0.7952182728769491,false,true
6,34,-0.75,-2.1,-0.7956835627555847,true,false
7,34,-0.7,-2.1,-0.7946509420871735,true,false
8,34,-0.65,-2.1,-0.7959035933017731,true,false
9,34,-0.6000000000000001,-2.1,-0.7998803853988647,true,false
10,34,-0.55,-2.1,-0.8011468052864075,true,false
11,34,-0.5,-2.1,-0.8014544248580933,true,false
12,34,-0.44999999999999996,-2.1,-0.8024592399597168,true,false
13,34,-0.4,-2.1,-0.8037062883377075,true,false
14,34,-0.35,-2.1,-0.8050622940063477,true,false
15,34,-0.30000000000000004,-2.1,-0.8068642318248749,true,false
16,34,-0.25,-2.1,-0.8100000023841858,true,false
17,34,-0.19999999999999996,-2.1,-0.8106896281242371,true,false
18,34,-0.15000000000000002,-2.1,-0.8106895089149475,true,false
19,34,-0.09999999999999998,-2.1,-0.8097735643386841,true,false
20,34,-0.050000000000000044,-2.1,-0.807280957698822,true,false
21,34,0.0,-2.1,-0.8057405948638916,true,false
22,34,0.050000000000000044,-2.1,-0.8007612228393555,true,false
23,34,0.10000000000000009,-2.1,-0.790047287940979,true,false
24,34,0.15000000000000013,-2.1,-0.7562381625175476,true,false
25,34,0.19999999999999996,-2.1,-0.759258919920786,false,true
26,34,0.25,-2.1,-0.7608218047510532,false,true
27,34,0.30000000000000004,-2.1,-0.762008611858094,false,true
28,34,0.3500000000000001,-2.1,-0.7592425023233488,false,true
29,34,0.40000000000000013,-2.1,-0.752427339553833,false,true
30,34,0.44999999999999996,-2.1,-0.7523977422530427,false,true
31,34,0.5,-2.1,-0.7520907039216963,false,true
32,34,0.55,-2.1,-0.7519520987691924,false,true
33,34,0.6000000000000001,-2.1,-0.751862336880233,false,true
34,34,0.6500000000000001,-2.1,-0.7518008925786102,false,true
35,34,0.7,-2.1,-0.7517597723153359,false,true
36,34,0.75,-2.1,-0.763525037532333,false,true
37,34,0.8,-2.1,-0.7835943400859832,false,true
0,35,-1.05,-2.0500000000000003,-0.7887185215950012,false,true
1,35,-1.0,-2.0500000000000003,-0.7936894759536507,false,true
2,35,-0.9500000000000001,-2.0500000000000003,-0.7964120349446845,false,true
3,35,-0.9,-2.0500000000000003,-0.796334893114217,false,true
4,35,-0.8500000000000001,-2.0500000000000003,-0.7961095657570342,false,true
5,35,-0.8,-2.0500000000000003,-0.7958677028979884,false,true
6,35,-0.75,-2.0500000000000003,-0.7945602536201477,true,false
7,35,-0.7,-2.0500000000000003,-0.796135276556015,true,false
8,35,-0.65,-2.0500000000000003,-0.7993132770061493,true,false
9,35,-0.6000000000000001,-2.0500000000000003,-0.8027856945991516,true,false
10,35,-0.55,-2.0500000000000003,-0.8040191531181335,true,false
11,35,-0.5,-2.0500000000000003,-0.8031877279281616,true,false
12,35,-0.44999999999999996,-2.0500000000000003,-0.8043412566184998,true,false
13,35,-0.4,-2.0500000000000003,-0.805204451084137,true,false
14,35,-0.35,-2.0500000000000003,-0.8066474199295044,true,false
15,35,-0.30000000000000004,-2.0500000000000003,-0.8094149231910706,true,false
16,35,-0.25,-2.0500000000000003,-0.8100000023841858,true,false
17,35,-0.19999999999999996,-2.0500000000000003,-0.8120052218437195,true,false
18,35,-0.15000000000000002,-2.0500000000000003,-0.8120449185371399,true,false
19,35,-0.09999999999999998,-2.0500000000000003,-0.8111044466495514,true,false
20,35,-0.050000000000000044,-2.0500000000000003,-0.8100000023841858,true,false
21,35,0.0,-2.0500000000000003,-0.8072990775108337,true,false
22,35,0.050000000000000044,-2.0500000000000003,-0.8032813370227814,true,false
23,35,0.10000000000000009,-2.0500000000000003,-0.7799999713897705,true,false
24,35,0.15000000000000013,-2.0500000000000003,-0.764438271522522,true,false
25,35,0.19999999999999996,-2.0500000000000003,-0.7657209569163614,false,true
26,35,0.25,-2.0500000000000003,-0.7665676286519824,false,true
27,35,0.30000000000000004,-2.0500000000000003,-0.7670830280772745,false,true
28,35,0.3500000000000001,-2.0500000000000003,-0.7674659701313021,false,true
29,35,0.40000000000000013,-2.0500000000000003,-0.7583580490777333,false,true
30,35,0.44999999999999996,-2.0500000000000003,-0.7514061033725737,false,true
31,35,0.5,-2.0500000000000003,-0.7513974345238772,false,true
32,35,0.55,-2.0500000000000003,-0.7514008709785208,false,true
33,35,0.6000000000000001,-2.0500000000000003,-0.7514166039904361,false,true
34,35,0.6500000000000001,-2.0500000000000003,-0.7514472853518853,false,true
35,35,0.7,-2.0500000000000003,-0.7633631115421144,false,true
36,35,0.75,-2.0500000000000003,-0.7835943400859832,false,true
37,35,0.8,-2.0500000000000003,-0.7835943400859833,false,true
0,36,-1.05,-2.0,-0.7943342342901972,false,true
1,36,-1.0,-2.0,-0.7975111888173084,false,true
2,36,-0.9500000000000001,-2.0,-0.797529908356162,false,true
3,36,-0.9,-2.0,-0.7975046516409,false,true
4,36,-0.8500000000000001,-2.0,-0.7974436804564955,false,true
5,36,-0.8,-2.0,-0.7973429043726159,false,true
6,36,-0.75,-2.0,-0.7979008555412292,true,false
7,36,-0.7,-2.0,-0.7981263399124146,true,false
8,36,-0.65,-2.0,-0.8005043864250183,true,false
9,36,-0.6000000000000001,-2.0,-0.8046311438083649,true,false
10,36,-0.55,-2.0,-0.8053345084190369,true,false
11,36,-0.5,-2.0,-0.8061757683753967,true,false
12,36,-0.44999999999999996,-2.0,-0.8058090507984161,true,false
13,36,-0.4,-2.0,-0.8079838156700134,true,false
14,36,-0.35,-2.0,-0.8097786903381348,true,false
15,36,-0.30000000000000004,-2.0,-0.810117781162262,true,false
16,36,-0.25,-2.0,-0.8141639232635498,true,false
17,36,-0.19999999999999996,-2.0,-0.8146176338195801,true,false
18,36,-0.15000000000000002,-2.0,-0.8148517608642578,true,false
19,36,-0.09999999999999998,-2.0,-0.8127098679542542,true,false
20,36,-0.050000000000000044,-2.0,-0.8112648725509644,true,false
21,36,0.0,-2.0,-0.809647798538208,true,false
22,36,0.050000000000000044,-2.0,-0.8041309118270874,true,false
23,36,0.10000000000000009,-2.0,-0.7964851558208466,true,false
24,36,0.15000000000000013,-2.0,-0.777017742395401,true,false
25,36,0.19999999999999996,-2.0,-0.7750737120345718,false,true
26,36,0.25,-2.0,-0.7740731362607834,false,true
27,36,0.30000000000000004,-2.0,-0.7734648902509191,false,true
28,36,0.3500000000000001,-2.0,-0.7642561221553731,false,true
29,36,0.40000000000000013,-2.0,-0.7503848671913147,false,true
30,36,0.44999999999999996,-2.0,-0.7503848671913147,false,true
31,36,0.5,-2.0,-0.7507158979161089,false,true
32,36,0.55,-2.0,-0.7509033590505071,false,true
33,36,0.6000000000000001,-2.0,-0.7510756238210115,false,true
34,36,0.6500000000000001,-2.0,-0.7631655757205124,false,true
35,36,0.7,-2.0,-0.7835943400859832,false,true
36,36,0.75,-2.0,-0.7835943400859833,false,true
37,36,0.8,-2.0,-0.7835943519153449,false,true
0,37,-1.05,-1.9500000000000002,-0.7982878410170614,false,true
1,37,-1.0,-1.9500000000000002,-0.7984279175033976,false,true
2,37,-0.9500000000000001,-1.9500000000000002,-0.7985838692642044,false,true
3,37,-0.9,-1.9500000000000002,-0.7987606419873715,false,true
4,37,-0.8500000000000001,-1.9500000000000002,-0.7989859638006649,false,true
5,37,-0.8,-1.9500000000000002,-0.7991621769195884,false,true
6,37,-0.75,-1.9500000000000002,-0.7993364930152893,true,false
7,37,-0.7,-1.9500000000000002,-0.8010403513908386,true,false
8,37,-0.65,-1.9500000000000002,-0.8033789694309235,true,false
9,37,-0.6000000000000001,-1.9500000000000002,-0.8073210716247559,true,false
10,37,-0.55,-1.9500000000000002,-0.807466596364975,true,false
11,37,-0.5,-1.9500000000000002,-0.8081547617912292,true,false
12,37,-0.44999999999999996,-1.9500000000000002,-0.8095715641975403,true,false
13,37,-0.4,-1.9500000000000002,-0.8100000023841858,true,false
14,37,-0.35,-1.9500000000000002,-0.8115713596343994,true,false
15,37,-0.30000000000000004,-1.9500000000000002,-0.8157544434070587,true,false
16,37,-0.25,-1.9500000000000002,-0.8167836666107178,true,false
17,37,-0.19999999999999996,-1.9500000000000002,-0.816865086555481,true,false
18,37,-0.15000000000000002,-1.9500000000000002,-0.8156388998031616,true,false
19,37,-0.09999999999999998,-1.9500000000000002,-0.8158314228057861,true,false
20,37,-0.050000000000000044,-1.9500000000000002,-0.8136967420578003,true,false
21,37,0.0,-1.9500000000000002,-0.810470461845398,true,false
22,37,0.050000000000000044,-1.9500000000000002,-0.8072460889816284,true,false
23,37,0.10000000000000009,-1.9500000000000002,-0.7984030246734619,true,false
24,37,0.15000000000000013,-1.9500000000000002,-0.7829598784446716,true,false
25,37,0.19999999999999996,-1.9500000000000002,-0.7810102877757321,false,true
26,37,0.25,-1.9500000000000002,-0.7795019620934464,false,true
27,37,0.30000000000000004,-1.9500000000000002,-0.768022968397308,false,true
28,37,0.3500000000000001,-1.9500000000000002,-0.7503848671913147,false,true
29,37,0.40000000000000013,-1.9500000000000002,-0.7503848671913147,false,true
30,37,0.44999999999999996,-1.9500000000000002,-0.7504938406002104,false,true
31,37,0.5,-1.9500000000000002,-0.7506743936558209,false,true
32,37,0.55,-1.9500000000000002,-0.7509939958382683,false,true
33,37,0.6000000000000001,-1.9500000000000002,-0.7631216857671279,false,true
34,37,0.6500000000000001,-1.9500000000000002,-0.7835943400859832,false,true
35,37,0.7,-1.9500000000000002,-0.7835943400859833,false,true
36,37,0.75,-1.9500000000000002,-0.7835943804739501,false,true
37,37,0.8,-1.9500000000000002,-0.7835945630791589,false,true
0,38,-1.05,-1.9000000000000001,-0.7986671948693386,false,true
1,38,-1.0,-1.9000000000000001,-0.7988663951500682,false,true
2,38,-0.9500000000000001,-1.9000000000000001,-0.7991053775554239,false,true
3,38,-0.9,-1.9000000000000001,-0.7994130925049487,false,true
4,38,-0.8500000000000001,-1.9000000000000001,-0.7997589503539895,false,true
5,38,-0.8,-1.9000000000000001,-0.8003798202460642,false,true
6,38,-0.75,-1.9000000000000001,-0.8001769781112671,true,false
7,38,-0.7,-1.9000000000000001,-0.8026137948036194,true,false
8,38,-0.65,-1.9000000000000001,-0.8045483827590942,true,false
9,38,-0.6000000000000001,-1.9000000000000001,-0.8085595071315765,true,false
10,38,-0.55,-1.9000000000000001,-0.8100000023841858,true,false
11,38,-0.5,-1.9000000000000001,-0.8100000023841858,true,false
12,38,-0.44999999999999996,-1.9000000000000001,-0.8124465644359589,true,false
13,38,-0.4,-1.9000000000000001,-0.8138083517551422,true,false
14,38,-0.35,-1.9000000000000001,-0.8154206275939941,true,false
15,38,-0.30000000000000004,-1.9000000000000001,-0.816825658082962,true,false
16,38,-0.25,-1.9000000000000001,-0.8185312151908875,true,false
17,38,-0.19999999999999996,-1.9000000000000001,-0.8176375031471252,true,false
18,38,-0.15000000000000002,-1.9000000000000001,-0.8177566826343536,true,false
19,38,-0.09999999999999998,-1.9000000000000001,-0.8170153200626373,true,false
20,38,-0.050000000000000044,-1.9000000000000001,-0.8157082796096802,true,false
21,38,0.0,-1.9000000000000001,-0.8100000023841858,true,false
22,38,0.050000000000000044,-1.9000000000000001,-0.8091303110122681,true,false
23,38,0.10000000000000009,-1.9000000000000001,-0.7971309423446655,true,false
24,38,0.15000000000000013,-1.9000000000000001,-0.7822456955909729,true,false
25,38,0.19999999999999996,-1.9000000000000001,-0.7817971175159567,false,true
26,38,0.25,-1.9000000000000001,-0.7706830939063832,false,true
27,38,0.30000000000000004,-1.9000000000000001,-0.7503848671913147,false,true
28,38,0.3500000000000001,-1.9000000000000001,-0.7503848671913147,false,true
29,38,0.40000000000000013,-1.9000000000000001,-0.7507569256819044,false,true
30,38,0.44999999999999996,-1.9000000000000001,-0.7512192607002994,false,true
31,38,0.5,-1.9000000000000001,-0.7517240795014088,false,true
32,38,0.55,-1.9000000000000001,-0.7635384506658964,false,true
33,38,0.6000000000000001,-1.9000000000000001,-0.7835943400859832,false,true
34,38,0.6500000000000001,-1.9000000000000001,-0.7835943400859833,false,true
35,38,0.7,-1.9000000000000001,-0.7835944779791276,false,true
36,38,0.75,-1.9000000000000001,-0.7835950443150974,false,true
37,38,0.8,-1.9000000000000001,-0.7835963833897064,false,true
0,39,-1.05,-1.85,-0.7984702433741121,false,true
1,39,-1.0,-1.85,-0.7986247604966432,false,true
2,39,-0.9500000000000001,-1.85,-0.7988109488771095,false,true
3,39,-0.9,-1.85,-0.7990149384685136,false,true
4,39,-0.8500000000000001,-1.85,-0.7993511043484661,false,true
5,39,-0.8,-1.85,-0.799477681166549,false,true
6,39,-0.75,-1.85,-0.8017100095748901,true,false
7,39,-0.7,-1.85,-0.8033732771873474,true,false
8,39,-0.65,-1.85,-0.8077695667743683,true,false
9,39,-0.6000000000000001,-1.85,-0.8100000023841858,true,false
10,39,-0.55,-1.85,-0.8124421834945679,true,false
11,39,-0.5,-1.85,-0.8128983974456787,true,false
12,39,-0.44999999999999996,-1.85,-0.8139980733394623,true,false
13,39,-0.4,-1.85,-0.8158064484596252,true,false
14,39,-0.35,-1.85,-0.8183443248271942,true,false
15,39,-0.30000000000000004,-1.85,-0.8205393850803375,true,false
16,39,-0.25,-1.85,-0.8208125233650208,true,false
17,39,-0.19999999999999996,-1.85,-0.8198029398918152,true,false
18,39,-0.15000000000000002,-1.85,-0.8197216987609863,true,false
19,39,-0.09999999999999998,-1.85,-0.8200705051422119,true,false
20,39,-0.050000000000000044,-1.85,-0.818114697933197,true,false
21,39,0.0,-1.85,-0.81402188539505,true,false
22,39,0.050000000000000044,-1.85,-0.8100000023841858,true,false
23,39,0.10000000000000009,-1.85,-0.8009406924247742,true,false
24,39,0.15000000000000013,-1.85,-0.7799999713897705,true,false
25,39,0.19999999999999996,-1.85,-0.7733443246284147,false,true
26,39,0.25,-1.85,-0.7503848671913147,false,true
27,39,0.30000000000000004,-1.85,-0.7503848671913147,false,true
28,39,0.3500000000000001,-1.85,-0.7516551543358823,false,true
29,39,0.40000000000000013,-1.85,-0.7527074946626584,false,true
30,39,0.44999999999999996,-1.85,-0.7536682399976773,false,true
31,39,0.5,-1.85,-0.7647472407843579,false,true
32,39,0.55,-1.85,-0.7835943400859832,false,true
33,39,0.6000000000000001,-1.85,-0.7835943400859833,false,true
34,39,0.6500000000000001,-1.85,-0.7835948108826267,false,true
35,39,0.7,-1.85,-0.783596549464221,false,true
36,39,0.75,-1.85,-0.7836002800429358,false,true
37,39,0.8,-1.85,-0.7836065033939789,false,true
0,40,-1.05,-1.8000000000000003,-0.7978133737502194,false,true
1,40,-1.0,-1.8000000000000003,-0.7978555713878535,false,true
2,40,-0.9500000000000001,-1.8000000000000003,-0.797880833305051,false,true
3,40,-0.9,-1.8000000000000003,-0.7979203204025236,false,true
4,40,-0.8500000000000001,-1.8000000000000003,-0.7977955162364018,false,true
5,40,-0.8,-1.8000000000000003,-0.7981433817980536,false,true
6,40,-0.75,-1.8000000000000003,-0.795621395111084,true,false
7,40,-0.7,-1.8000000000000003,-0.7991414070129395,true,false
8,40,-0.65,-1.8000000000000003,-0.805213451385498,true,false
9,40,-0.6000000000000001,-1.8000000000000003,-0.8109680414199829,true,false
10,40,-0.55,-1.8000000000000003,-0.81368288397789,true,false
11,40,-0.5,-1.8000000000000003,-0.8145771622657776,true,false
12,40,-0.44999999999999996,-1.8000000000000003,-0.8174006342887878,true,false
13,40,-0.4,-1.8000000000000003,-0.8192020952701569,true,false
14,40,-0.35,-1.8000000000000003,-0.8205563426017761,true,false
15,40,-0.30000000000000004,-1.8000000000000003,-0.8228495121002197,true,false
16,40,-0.25,-1.8000000000000003,-0.8229939639568329,true,false
17,40,-0.19999999999999996,-1.8000000000000003,-0.8220993876457214,true,false
18,40,-0.15000000000000002,-1.8000000000000003,-0.8218143582344055,true,false
19,40,-0.09999999999999998,-1.8000000000000003,-0.8219971060752869,true,false
20,40,-0.050000000000000044,-1.8000000000000003,-0.8207772374153137,true,false
21,40,0.0,-1.8000000000000003,-0.810030072927475,true,false
22,40,0.050000000000000044,-1.8000000000000003,-0.8009382486343384,true,false
23,40,0.10000000000000009,-1.8000000000000003,-0.8010970950126648,true,false
24,40,0.15000000000000013,-1.8000000000000003,-0.7875000238418579,true,false
25,40,0.19999999999999996,-1.8000000000000003,-0.7503848671913147,true,false
26,40,0.25,-1.8000000000000003,-0.7503848671913147,false,true
27,40,0.30000000000000004,-1.8000000000000003,-0.7547218987884055,false,true
28,40,0.3500000000000001,-1.8000000000000003,-0.7565183560963611,false,true
29,40,0.40000000000000013,-1.8000000000000003,-0.7579382533962207,false,true
30,40,0.44999999999999996,-1.8000000000000003,-0.7672894705947312,false,true
31,40,0.5,-1.8000000000000003,-0.7835943400859832,false,true
32,40,0.55,-1.8000000000000003,-0.7835943400859833,false,true
33,40,0.6000000000000001,-1.8000000000000003,-0.7835959474862687,false,true
34,40,0.6500000000000001,-1.8000000000000003,-0.7836012175681286,false,true
35,40,0.7,-1.8000000000000003,-0.783611357941758,false,true
36,40,0.75,-1.8000000000000003,-0.783626763620309,false,true
37,40,0.8,-1.8000000000000003,-0.7836472234890398,false,true
0,41,-1.05,-1.75,-0.7970046734120229,false,true
1,41,-1.0,-1.75,-0.7969423105323536,false,true
2,41,-0.9500000000000001,-1.75,-0.7968644681526853,false,true
3,41,-0.9,-1.75,-0.7966908849528038,false,true
4,41,-0.8500000000000001,-1.75,-0.7966660362009512,false,true
5,41,-0.8,-1.75,-0.7956213951110841,false,true
6,41,-0.75,-1.75,-0.7991886045435923,false,true
7,41,-0.7,-1.75,-0.8018590211868286,true,false
8,41,-0.65,-1.75,-0.8084055781364441,true,false
9,41,-0.6000000000000001,-1.75,-0.8137320876121521,true,false
10,41,-0.55,-1.75,-0.814976692199707,true,false
11,41,-0.5,-1.75,-0.8164445757865906,true,false
12,41,-0.44999999999999996,-1.75,-0.8182434439659119,true,false
13,41,-0.4,-1.75,-0.8205150961875916,true,false
14,41,-0.35,-1.75,-0.8220709264278412,true,false
15,41,-0.30000000000000004,-1.75,-0.8247600197792053,true,false
16,41,-0.25,-1.75,-0.8264487385749817,true,false
17,41,-0.19999999999999996,-1.75,-0.8251999616622925,true,false
18,41,-0.15000000000000002,-1.75,-0.8253909051418304,true,false
19,41,-0.09999999999999998,-1.75,-0.8249282836914062,true,false
20,41,-0.050000000000000044,-1.75,-0.8239097595214844,true,false
21,41,0.0,-1.75,-0.8100000023841858,true,false
22,41,0.050000000000000044,-1.75,-0.792183518409729,true,false
23,41,0.10000000000000009,-1.75,-0.7975117564201355,true,false
24,41,0.15000000000000013,-1.75,-0.781599223613739,true,false
25,41,0.19999999999999996,-1.75,-0.7779555187380459,false,true
26,41,0.25,-1.75,-0.7651924192905426,false,true
27,41,0.30000000000000004,-1.75,-0.7651924192905426,false,true
28,41,0.3500000000000001,-1.75,-0.7662293904751978,false,true
29,41,0.40000000000000013,-1.75,-0.7720374971463825,false,true
30,41,0.44999999999999996,-1.75,-0.7835943400859832,false,true
31,41,0.5,-1.75,-0.7835943400859833,false,true
32,41,0.55,-1.75,-0.783599828093838,false,true
33,41,0.6000000000000001,-1.75,-0.7836155480715152,false,true
34,41,0.6500000000000001,-1.75,-0.7836422456548033,false,true
35,41,0.7,-1.75,-0.7836787646959416,false,true
36,41,0.75,-1.75,-0.7837231015589871,false,true
37,41,0.8,-1.75,-0.783773129794246,false,true
0,42,-1.05,-1.7000000000000002,-0.7963293252250266,false,true
1,42,-1.0,-1.7000000000000002,-0.796241969866409,false,true
2,42,-0.9500000000000001,-1.7000000000000002,-0.7961138735087105,false,true
3,42,-0.9,-1.7000000000000002,-0.7960540996183194,false,true
4,42,-0.8500000000000001,-1.7000000000000002,-0.7956213951110841,false,true
5,42,-0.8,-1.7000000000000002,-0.8000261399829538,false,true
6,42,-0.75,-1.7000000000000002,-0.802390129076703,false,true
7,42,-0.7,-1.7000000000000002,-0.800504058599472,true,false
8,42,-0.65,-1.7000000000000002,-0.8100000023841858,true,false
9,42,-0.6000000000000001,-1.7000000000000002,-0.8153709471225739,true,false
10,42,-0.55,-1.7000000000000002,-0.8165016174316406,true,false
11,42,-0.5,-1.7000000000000002,-0.8179587125778198,true,false
12,42,-0.44999999999999996,-1.7000000000000002,-0.8202488720417023,true,false
13,42,-0.4,-1.7000000000000002,-0.8220636248588562,true,false
14,42,-0.35,-1.7000000000000002,-0.8237688541412354,true,false
15,42,-0.30000000000000004,-1.7000000000000002,-0.8266320824623108,true,false
16,42,-0.25,-1.7000000000000002,-0.8275884985923767,true,false
17,42,-0.19999999999999996,-1.7000000000000002,-0.8272272050380707,true,false
18,42,-0.15000000000000002,-1.7000000000000002,-0.8269216418266296,true,false
19,42,-0.09999999999999998,-1.7000000000000002,-0.8264926671981812,true,false
20,42,-0.050000000000000044,-1.7000000000000002,-0.8253389596939087,true,false
21,42,0.0,-1.7000000000000002,-0.8100000023841858,true,false
22,42,0.050000000000000044,-1.7000000000000002,-0.7994632124900818,true,false
23,42,0.10000000000000009,-1.7000000000000002,-0.7975417077541351,true,false
24,42,0.15000000000000013,-1.7000000000000002,-0.799357533454895,true,false
25,42,0.19999999999999996,-1.7000000000000002,-0.7799999713897705,true,false
26,42,0.25,-1.7000000000000002,-0.7799999713897705,false,true
27,42,0.30000000000000004,-1.7000000000000002,-0.7792033808751196,false,true
28,42,0.3500000000000001,-1.7000000000000002,-0.7794266973991038,false,true
29,42,0.40000000000000013,-1.7000000000000002,-0.7835943400859832,false,true
30,42,0.44999999999999996,-1.7000000000000002,-0.7835943400859833,false,true
31,42,0.5,-1.7000000000000002,-0.7836130773168316,false,true
32,42,0.55,-1.7000000000000002,-0.7836589874626786,false,true
33,42,0.6000000000000001,-1.7000000000000002,-0.7837262999077061,false,true
34,42,0.6500000000000001,-1.7000000000000002,-0.7838079575470167,false,true
35,42,0.7,-1.7000000000000002,-0.7838975469692484,false,true
36,42,0.75,-1.7000000000000002,-0.7839902465769878,false,true
37,42,0.8,-1.7000000000000002,-0.7840827680423563,false,true
0,43,-1.05,-1.6500000000000004,-0.7959154007565589,false,true
1,43,-1.0,-1.6500000000000004,-0.7958398790506026,false,true
2,43,-0.9500000000000001,-1.6500000000000004,-0.7958006271864809,false,true
3,43,-0.9,-1.6500000000000004,-0.7956213951110841,false,true
4,43,-0.8500000000000001,-1.6500000000000004,-0.8009915029201411,false,true
5,43,-0.8,-1.6500000000000004,-0.803871545720643,false,true
6,43,-0.75,-1.6500000000000004,-0.8037497399212246,false,true
7,43,-0.7,-1.6500000000000004,-0.8055885434150696,true,false
8,43,-0.65,-1.6500000000000004,-0.8105700314044952,true,false
9,43,-0.6000000000000001,-1.6500000000000004,-0.8157997131347656,true,false
10,43,-0.55,-1.6500000000000004,-0.8171401619911194,true,false
11,43,-0.5,-1.6500000000000004,-0.819734513759613,true,false
12,43,-0.44999999999999996,-1.6500000000000004,-0.8217971324920654,true,false
13,43,-0.4,-1.6500000000000004,-0.8220957219600677,true,false
14,43,-0.35,-1.6500000000000004,-0.8239196538925171,true,false
15,43,-0.30000000000000004,-1.6500000000000004,-0.8264153599739075,true,false
16,43,-0.25,-1.6500000000000004,-0.8278579115867615,true,false
17,43,-0.19999999999999996,-1.6500000000000004,-0.8279865384101868,true,false
18,43,-0.15000000000000002,-1.6500000000000004,-0.8278451859951019,true,false
19,43,-0.09999999999999998,-1.6500000000000004,-0.8280330300331116,true,false
20,43,-0.050000000000000044,-1.6500000000000004,-0.8268465995788574,true,false
21,43,0.0,-1.6500000000000004,-0.8170612454414368,true,false
22,43,0.050000000000000044,-1.6500000000000004,-0.8025659024715424,true,false
23,43,0.10000000000000009,-1.6500000000000004,-0.7962159514427185,true,false
24,43,0.15000000000000013,-1.6500000000000004,-0.8049542605876923,true,false
25,43,0.19999999999999996,-1.6500000000000004,-0.7990364363652195,false,true
26,43,0.25,-1.6500000000000004,-0.7920877933502197,false,true
27,43,0.30000000000000004,-1.6500000000000004,-0.7880828559536747,false,true
28,43,0.3500000000000001,-1.6500000000000004,-0.7835943400859832,false,true
29,43,0.40000000000000013,-1.6500000000000004,-0.7835943400859833,false,true
30,43,0.44999999999999996,-1.6500000000000004,-0.783658312993667,false,true
31,43,0.5,-1.6500000000000004,-0.7837885615902818,false,true
32,43,0.55,-1.6500000000000004,-0.7839479658942491,false,true
33,43,0.6000000000000001,-1.6500000000000004,-0.7841158483635025,false,true
34,43,0.6500000000000001,-1.6500000000000004,-0.7842795468596587,false,true
35,43,0.7,-1.6500000000000004,-0.7844328255005257,false,true
36,43,0.75,-1.6500000000000004,-0.7845732796368605,false,true
37,43,0.8,-1.6500000000000004,-0.7847006458954899,false,true
0,44,-1.05,-1.6,-0.7957161389379023,false,true
1,44,-1.0,-1.6,-0.7956956354675258,false,true
2,44,-0.9500000000000001,-1.6,-0.7956213951110841,false,true
3,44,-0.9,-1.6,-0.8020036311861697,false,true
4,44,-0.8500000000000001,-1.6,-0.805496860614435,false,true
5,44,-0.8,-1.6,-0.8054783495636173,false,true
6,44,-0.75,-1.6,-0.8055252217780965,false,true
7,44,-0.7,-1.6,-0.8043949604034424,true,false
8,44,-0.65,-1.6,-0.8100000023841858,true,false
9,44,-0.6000000000000001,-1.6,-0.8176247477531433,true,false
10,44,-0.55,-1.6,-0.8209149837493896,true,false
11,44,-0.5,-1.6,-0.8228351175785065,true,false
12,44,-0.44999999999999996,-1.6,-0.8249945044517517,true,false
13,44,-0.4,-1.6,-0.8246407508850098,true,false
14,44,-0.35,-1.6,-0.8255928158760071,true,false
15,44,-0.30000000000000004,-1.6,-0.8283102512359619,true,false
16,44,-0.25,-1.6,-0.8290731906890869,true,false
17,44,-0.19999999999999996,-1.6,-0.8304232954978943,true,false
18,44,-0.15000000000000002,-1.6,-0.8306843638420105,true,false
19,44,-0.09999999999999998,-1.6,-0.8303225636482239,true,false
20,44,-0.050000000000000044,-1.6,-0.8304656147956848,true,false
21,44,0.0,-1.6,-0.8265798091888428,true,false
22,44,0.050000000000000044,-1.6,-0.8092765510082245,true,false
23,44,0.10000000000000009,-1.6,-0.804055780172348,true,false
24,44,0.15000000000000013,-1.6,-0.8100000023841858,true,false
25,44,0.19999999999999996,-1.6,-0.804175615310669,true,false
26,44,0.25,-1.6,-0.7968496237499455,false,true
27,44,0.30000000000000004,-1.6,-0.7835943400859832,false,true
28,44,0.3500000000000001,-1.6,-0.7835943400859833,false,true
29,44,0.40000000000000013,-1.6,-0.7838127572550214,false,true
30,44,0.44999999999999996,-1.6,-0.784166982426393,false,true
31,44,0.5,-1.6,-0.7845082862002379,false,true
32,44,0.55,-1.6,-0.7848101309292291,false,true
33,44,0.6000000000000001,-1.6,-0.7850642984450154,false,true
34,44,0.6500000000000001,-1.6,-0.7852744621867714,false,true
35,44,0.7,-1.6,-0.7854476444489688,false,true
36,44,0.75,-1.6,-0.7855911683043348,false,true
37,44,0.8,-1.6,-0.7857115044223588,false,true
0,45,-1.05,-1.5500000000000003,-0.7956521464735977,false,true
1,45,-1.0,-1.5500000000000003,-0.7956213951110841,false,true
2,45,-0.9500000000000001,-1.5500000000000003,-0.8029181874696811,false,true
3,45,-0.9,-1.5500000000000003,-0.8070297415306348,false,true
4,45,-0.8500000000000001,-1.5500000000000003,-0.8071014318339179,false,true
5,45,-0.8,-1.5500000000000003,-0.8071483540873474,false,true
6,45,-0.75,-1.5500000000000003,-0.8071406718845952,false,true
7,45,-0.7,-1.5500000000000003,-0.8070603311061859,true,false
8,45,-0.65,-1.5500000000000003,-0.816561758518219,true,false
9,45,-0.6000000000000001,-1.5500000000000003,-0.819267988204956,true,false
10,45,-0.55,-1.5500000000000003,-0.8232271671295166,true,false
11,45,-0.5,-1.5500000000000003,-0.8242099285125732,true,false
12,45,-0.44999999999999996,-1.5500000000000003,-0.8265112638473511,true,false
13,45,-0.4,-1.5500000000000003,-0.8267629742622375,true,false
14,45,-0.35,-1.5500000000000003,-0.827840268611908,true,false
15,45,-0.30000000000000004,-1.5500000000000003,-0.8283555209636688,true,false
16,45,-0.25,-1.5500000000000003,-0.8288487493991852,true,false
17,45,-0.19999999999999996,-1.5500000000000003,-0.8305894732475281,true,false
18,45,-0.15000000000000002,-1.5500000000000003,-0.8324204683303833,true,false
19,45,-0.09999999999999998,-1.5500000000000003,-0.8330007195472717,true,false
20,45,-0.050000000000000044,-1.5500000000000003,-0.8324579894542694,true,false
21,45,0.0,-1.5500000000000003,-0.827826201915741,true,false
22,45,0.050000000000000044,-1.5500000000000003,-0.815615326166153,true,false
23,45,0.10000000000000009,-1.5500000000000003,-0.8100000023841858,true,false
24,45,0.15000000000000013,-1.5500000000000003,-0.8131012320518494,true,false
25,45,0.19999999999999996,-1.5500000000000003,-0.8052349090576172,true,false
26,45,0.25,-1.5500000000000003,-0.7835943400859833,true,false
27,45,0.30000000000000004,-1.5500000000000003,-0.7835943400859833,false,true
28,45,0.3500000000000001,-1.5500000000000003,-0.7843400629467684,false,true
29,45,0.40000000000000013,-1.5500000000000003,-0.7852405748082905,false,true
30,45,0.44999999999999996,-1.5500000000000003,-0.7858409358326691,false,true
31,45,0.5,-1.5500000000000003,-0.7862585731776469,false,true
32,45,0.55,-1.5500000000000003,-0.7865400781437214,false,true
33,45,0.6000000000000001,-1.5500000000000003,-0.7867302924239509,false,true
34,45,0.6500000000000001,-1.5500000000000003,-0.7868606587422406,false,true
35,45,0.7,-1.5500000000000003,-0.7869524844909267,false,true
36,45,0.75,-1.5500000000000003,-0.78701991017801,false,true
37,45,0.8,-1.5500000000000003,-0.7870722540611728,false,true
0,46,-1.05,-1.5,-0.7956213951110841,false,true
1,46,-1.0,-1.5,-0.8036179883338892,false,true
2,46,-0.9500000000000001,-1.5,-0.8082183861892683,false,true
3,46,-0.9,-1.5,-0.8083373509531102,false,true
4,46,-0.8500000000000001,-1.5,-0.8084612370476406,false,true
5,46,-0.8,-1.5,-0.8086581560170416,false,true
6,46,-0.75,-1.5,-0.8087823506719195,false,true
7,46,-0.7,-1.5,-0.8100000023841858,true,false
8,46,-0.65,-1.5,-0.8122496604919434,true,false
9,46,-0.6000000000000001,-1.5,-0.8225962519645691,true,false
10,46,-0.55,-1.5,-0.8242862224578857,true,false
11,46,-0.5,-1.5,-0.8259761333465576,true,false
12,46,-0.44999999999999996,-1.5,-0.8274515271186829,true,false
13,46,-0.4,-1.5,-0.82917919754982,true,false
14,46,-0.35,-1.5,-0.8292462825775146,true,false
15,46,-0.30000000000000004,-1.5,-0.8291856348514557,true,false
16,46,-0.25,-1.5,-0.8294386863708496,true,false
17,46,-0.19999999999999996,-1.5,-0.8311577439308167,true,false
18,46,-0.15000000000000002,-1.5,-0.8339956104755402,true,false
19,46,-0.09999999999999998,-1.5,-0.8356387615203857,true,false
20,46,-0.050000000000000044,-1.5,-0.8341946005821228,true,false
21,46,0.0,-1.5,-0.8310951888561249,true,false
22,46,0.050000000000000044,-1.5,-0.8248009085655212,true,false
23,46,0.10000000000000009,-1.5,-0.8206971287727356,true,false
24,46,0.15000000000000013,-1.5,-0.8156550228595734,true,false
25,46,0.19999999999999996,-1.5,-0.8100000023841858,true,false
26,46,0.25,-1.5,-0.7984263348512053,false,true
27,46,0.30000000000000004,-1.5,-0.7861403971910476,false,true
28,46,0.3500000000000001,-1.5,-0.7881603256182399,false,true
29,46,0.40000000000000013,-1.5,-0.7887181531133135,false,true
30,46,0.44999999999999996,-1.5,-0.7889407923263217,false,true
31,46,0.5,-1.5,-0.7889699782281031,false,true
32,46,0.55,-1.5,-0.7889194575335299,false,true
33,46,0.6000000000000001,-1.5,-0.7888413848548678,false,true
34,46,0.6500000000000001,-1.5,-0.7887603680142491,false,true
35,46,0.7,-1.5,-0.7886875302281765,false,true
36,46,0.75,-1.5,-0.7886273652474868,false,true
37,46,0.8,-1.5,-0.7885811295363137,false,true
0,47,-1.05,-1.4500000000000002,-0.8040858743273446,false,true
1,47,-1.0,-1.4500000000000002,-0.8090093615246485,false,true
2,47,-0.9500000000000001,-1.4500000000000002,-0.8091207347471798,false,true
3,47,-0.9,-1.4500000000000002,-0.809238789265432,false,true
4,47,-0.8500000000000001,-1.4500000000000002,-0.8093980686772285,false,true
5,47,-0.8,-1.4500000000000002,-0.8094956345307183,false,true
6,47,-0.75,-1.4500000000000002,-0.8100000023841858,false,true
7,47,-0.7,-1.4500000000000002,-0.8105447682281031,false,true
8,47,-0.65,-1.4500000000000002,-0.8109286725521088,true,false
9,47,-0.6000000000000001,-1.4500000000000002,-0.8216497898101807,true,false
10,47,-0.55,-1.4500000000000002,-0.8262543678283691,true,false
11,47,-0.5,-1.4500000000000002,-0.8277865648269653,true,false
12,47,-0.44999999999999996,-1.4500000000000002,-0.8295577764511108,true,false
13,47,-0.4,-1.4500000000000002,-0.8303719162940979,true,false
14,47,-0.35,-1.4500000000000002,-0.8304266333580017,true,false
15,47,-0.30000000000000004,-1.4500000000000002,-0.8300639986991882,true,false
16,47,-0.25,-1.4500000000000002,-0.8299148380756378,true,false
17,47,-0.19999999999999996,-1.4500000000000002,-0.8321921229362488,true,false
18,47,-0.15000000000000002,-1.4500000000000002,-0.8347641229629517,true,false
19,47,-0.09999999999999998,-1.4500000000000002,-0.8365006148815155,true,false
20,47,-0.050000000000000044,-1.4500000000000002,-0.8362995386123657,true,false
21,47,0.0,-1.4500000000000002,-0.8316187858581543,true,false
22,47,0.050000000000000044,-1.4500000000000002,-0.8280258476734161,true,false
23,47,0.10000000000000009,-1.4500000000000002,-0.8238731622695923,true,false
24,47,0.15000000000000013,-1.4500000000000002,-0.8199151158332825,true,false
25,47,0.19999999999999996,-1.4500000000000002,-0.8100000023841858,true,false
26,47,0.25,-1.4500000000000002,-0.7886864542961121,true,false
27,47,0.30000000000000004,-1.4500000000000002,-0.795582921327255,false,true
28,47,0.3500000000000001,-1.4500000000000002,-0.7938851304888562,false,true
29,47,0.40000000000000013,-1.4500000000000002,-0.7929558692389053,false,true
30,47,0.44999999999999996,-1.4500000000000002,-0.7921402957216668,false,true
31,47,0.5,-1.4500000000000002,-0.791508894837967,false,true
32,47,0.55,-1.4500000000000002,-0.7910322801249992,false,true
33,47,0.6000000000000001,-1.4500000000000002,-0.7906758684897633,false,true
34,47,0.6500000000000001,-1.4500000000000002,-0.7904113935291954,false,true
35,47,0.7,-1.4500000000000002,-0.790217159872376,false,true
36,47,0.75,-1.4500000000000002,-0.7900769617248102,false,true
37,47,0.8,-1.4500000000000002,-0.7953683264889179,false,true
0,48,-1.05,-1.4,-0.8094808044687642,false,true
1,48,-1.0,-1.4,-0.8095614792582627,false,true
2,48,-0.9500000000000001,-1.4,-0.8096428313382397,false,true
3,48,-0.9,-1.4,-0.8097371642404377,false,true
4,48,-0.8500000000000001,-1.4,-0.8097910863788546,false,true
5,48,-0.8,-1.4,-0.8100000023841858,false,true
6,48,-0.75,-1.4,-0.8101374193366844,false,true
7,48,-0.7,-1.4,-0.8098856939783854,false,true
8,48,-0.65,-1.4,-0.8090673685073853,true,false
9,48,-0.6000000000000001,-1.4,-0.822038471698761,true,false
10,48,-0.55,-1.4,-0.8276444971561432,true,false
11,48,-0.5,-1.4,-0.8289059698581696,true,false
12,48,-0.44999999999999996,-1.4,-0.829620361328125,true,false
13,48,-0.4,-1.4,-0.8322856724262238,true,false
14,48,-0.35,-1.4,-0.8325635194778442,true,false
15,48,-0.30000000000000004,-1.4,-0.831883430480957,true,false
16,48,-0.25,-1.4,-0.8318365812301636,true,false
17,48,-0.19999999999999996,-1.4,-0.8332237005233765,true,false
18,48,-0.15000000000000002,-1.4,-0.8368676006793976,true,false
19,48,-0.09999999999999998,-1.4,-0.838788628578186,true,false
20,48,-0.050000000000000044,-1.4,-0.8386063575744629,true,false
21,48,0.0,-1.4,-0.835225909948349,true,false
22,48,0.050000000000000044,-1.4,-0.830790638923645,true,false
23,48,0.10000000000000009,-1.4,-0.8266303539276123,true,false
24,48,0.15000000000000013,-1.4,-0.8241807222366333,true,false
25,48,0.19999999999999996,-1.4,-0.8128000795841217,true,false
26,48,0.25,-1.4,-0.8053359985351562,true,false
27,48,0.30000000000000004,-1.4,-0.7992288249569287,false,true
28,48,0.3500000000000001,-1.4,-0.7964372389969022,false,true
29,48,0.40000000000000013,-1.4,-0.7944090432008288,false,true
30,48,0.44999999999999996,-1.4,-0.7931840616565901,false,true
31,48,0.5,-1.4,-0.7924205470307897,false,true
32,48,0.55,-1.4,-0.7919282372776589,false,true
33,48,0.6000000000000001,-1.4,-0.7916073781273799,false,true
34,48,0.6500000000000001,-1.4,-0.791399263858759,false,true
35,48,0.7,-1.4,-0.7912681230997372,false,true
36,48,0.75,-1.4,-0.7961557151698768,false,true
37,48,0.8,-1.4,-0.8048695027828217,false,true
0,49,-1.05,-1.35,-0.8097904952372219,false,true
1,49,-1.0,-1.35,-0.8098381560314296,false,true
2,49,-0.9500000000000001,-1.35,-0.8098871745545152,false,true
3,49,-0.9,-1.35,-0.8099134665413806,false,true
4,49,-0.8500000000000001,-1.35,-0.8100000023841858,false,true
5,49,-0.8,-1.35,-0.8102460167409979,false,true
6,49,-0.75,-1.35,-0.8103119593255289,false,true
7,49,-0.7,-1.35,-0.8102804007788881,false,true
8,49,-0.65,-1.35,-0.8100000023841858,true,false
9,49,-0.6000000000000001,-1.35,-0.8209966421127319,true,false
10,49,-0.55,-1.35,-0.8286693096160889,true,false
11,49,-0.5,-1.35,-0.8297943472862244,true,false
12,49,-0.44999999999999996,-1.35,-0.8307854235172272,true,false
13,49,-0.4,-1.35,-0.8334574699401855,true,false
14,49,-0.35,-1.35,-0.8335506319999695,true,false
15,49,-0.30000000000000004,-1.35,-0.8327767252922058,true,false
16,49,-0.25,-1.35,-0.8319039344787598,true,false
17,49,-0.19999999999999996,-1.35,-0.8342543840408325,true,false
18,49,-0.15000000000000002,-1.35,-0.8376239538192749,true,false
19,49,-0.09999999999999998,-1.35,-0.8399999737739563,true,false
20,49,-0.050000000000000044,-1.35,-0.8402857184410095,true,false
21,49,0.0,-1.35,-0.8377684056758881,true,false
22,49,0.050000000000000044,-1.35,-0.8334640860557556,true,false
23,49,0.10000000000000009,-1.35,-0.8294000923633575,true,false
24,49,0.15000000000000013,-1.35,-0.8242402076721191,true,false
25,49,0.19999999999999996,-1.35,-0.8110146522521973,true,false
26,49,0.25,-1.35,-0.8011343479156494,true,false
27,49,0.30000000000000004,-1.35,-0.7933436579413495,false,true
28,49,0.3500000000000001,-1.35,-0.7920646539108462,false,true
29,49,0.40000000000000013,-1.35,-0.7916798685607556,false,true
30,49,0.44999999999999996,-1.35,-0.7916210256010355,false,true
31,49,0.5,-1.35,-0.7916513485875847,false,true
32,49,0.55,-1.35,-0.7917287127678245,false,true
33,49,0.6000000000000001,-1.35,-0.7918283412065477,false,true
34,49,0.6500000000000001,-1.35,-0.7919393916302901,false,true
35,49,0.7,-1.35,-0.7966832128384517,false,true
36,49,0.75,-1.35,-0.8048695027828217,false,true
37,49,0.8,-1.35,-0.8048702655689821,false,true
0,50,-1.05,-1.3000000000000003,-0.8099284118157358,false,true
1,50,-1.0,-1.3000000000000003,-0.8099521086746193,false,true
2,50,-0.9500000000000001,-1.3000000000000003,-0.8099641580644645,false,true
3,50,-0.9,-1.3000000000000003,-0.8100000023841858,false,true
4,50,-0.8500000000000001,-1.3000000000000003,-0.810307787733568,false,true
5,50,-0.8,-1.3000000000000003,-0.8105118095901133,false,true
6,50,-0.75,-1.3000000000000003,-0.8106092740878722,false,true
7,50,-0.7,-1.3000000000000003,-0.8107828551973407,false,true
8,50,-0.65,-1.3000000000000003,-0.8118899762630463,true,false
9,50,-0.6000000000000001,-1.3000000000000003,-0.8196246027946472,true,false
10,50,-0.55,-1.3000000000000003,-0.8294627666473389,true,false
11,50,-0.5,-1.3000000000000003,-0.830513060092926,true,false
12,50,-0.44999999999999996,-1.3000000000000003,-0.832060694694519,true,false
13,50,-0.4,-1.3000000000000003,-0.8342190384864807,true,false
14,50,-0.35,-1.3000000000000003,-0.8351733386516571,true,false
15,50,-0.30000000000000004,-1.3000000000000003,-0.8342123627662659,true,false
16,50,-0.25,-1.3000000000000003,-0.8328021168708801,true,false
17,50,-0.19999999999999996,-1.3000000000000003,-0.8341377377510071,true,false
18,50,-0.15000000000000002,-1.3000000000000003,-0.8380594849586487,true,false
19,50,-0.09999999999999998,-1.3000000000000003,-0.8399999737739563,true,false
20,50,-0.050000000000000044,-1.3000000000000003,-0.841057687997818,true,false
21,50,0.0,-1.3000000000000003,-0.8399999737739563,true,false
22,50,0.050000000000000044,-1.3000000000000003,-0.8352382779121399,true,false
23,50,0.10000000000000009,-1.3000000000000003,-0.8314608931541443,true,false
24,50,0.15000000000000013,-1.3000000000000003,-0.8276587128639221,true,false
25,50,0.19999999999999996,-1.3000000000000003,-0.8100000023841858,true,false
26,50,0.25,-1.3000000000000003,-0.7703336179256439,true,false
27,50,0.30000000000000004,-1.3000000000000003,-0.783091698018496,false,true
28,50,0.3500000000000001,-1.3000000000000003,-0.7863783294639083,false,true
29,50,0.40000000000000013,-1.3000000000000003,-0.7887497914895563,false,true
30,50,0.44999999999999996,-1.3000000000000003,-0.790161518697409,false,true
31,50,0.5,-1.3000000000000003,-0.7911462879777965,false,true
32,50,0.55,-1.3000000000000003,-0.7918693410246769,false,true
33,50,0.6000000000000001,-1.3000000000000003,-0.7924284541485644,false,true
34,50,0.6500000000000001,-1.3000000000000003,-0.7970987758433531,false,true
35,50,0.7,-1.3000000000000003,-0.8048695027828217,false,true
36,50,0.75,-1.3000000000000003,-0.8048713443115153,false,true
37,50,0.8,-1.3000000000000003,-0.8048720327556348,false,true
0,51,-1.05,-1.25,-0.8099798247284339,false,true
1,51,-1.0,-1.25,-0.8099851551808233,false,true
2,51,-0.9500000000000001,-1.25,-0.8100000023841858,false,true
3,51,-0.9,-1.25,-0.8102727584495072,false,true
4,51,-0.8500000000000001,-1.25,-0.8104664142629754,false,true
5,51,-0.8,-1.25,-0.8105163024649876,false,true
6,51,-0.75,-1.25,-0.8105738242401175,false,true
7,51,-0.7,-1.25,-0.810692666637674,false,true
8,51,-0.65,-1.25,-0.8100000023841858,true,false
9,51,-0.6000000000000001,-1.25,-0.8245391845703125,true,false
10,51,-0.55,-1.25,-0.8285964727401733,true,false
11,51,-0.5,-1.25,-0.8313137888908386,true,false
12,51,-0.44999999999999996,-1.25,-0.8322063088417053,true,false
13,51,-0.4,-1.25,-0.8342982530593872,true,false
14,51,-0.35,-1.25,-0.8354229927062988,true,false
15,51,-0.30000000000000004,-1.25,-0.8338394165039062,true,false
16,51,-0.25,-1.25,-0.8328741788864136,true,false
17,51,-0.19999999999999996,-1.25,-0.8342324495315552,true,false
18,51,-0.15000000000000002,-1.25,-0.8374710083007812,true,false
19,51,-0.09999999999999998,-1.25,-0.8399999737739563,true,false
20,51,-0.050000000000000044,-1.25,-0.8414881825447083,true,false
21,51,0.0,-1.25,-0.8399999737739563,true,false
22,51,0.050000000000000044,-1.25,-0.8369790315628052,true,false
23,51,0.10000000000000009,-1.25,-0.832986056804657,true,false
24,51,0.15000000000000013,-1.25,-0.8261428773403168,true,false
25,51,0.19999999999999996,-1.25,-0.8093195259571075,true,false
26,51,0.25,-1.25,-0.7980933556054078,false,true
27,51,0.30000000000000004,-1.25,-0.784060999751091,false,true
28,51,0.3500000000000001,-1.25,-0.7887886828275901,false,true
29,51,0.40000000000000013,-1.25,-0.790639652597779,false,true
30,51,0.44999999999999996,-1.25,-0.7920642244266894,false,true
31,51,0.5,-1.25,-0.7931098848869824,false,true
32,51,0.55,-1.25,-0.7939189008920068,false,true
33,51,0.6000000000000001,-1.25,-0.7979845753342794,false,true
34,51,0.6500000000000001,-1.25,-0.8048695027828217,false,true
35,51,0.7,-1.25,-0.8048739486263693,false,true
36,51,0.75,-1.25,-0.8048755363354585,false,true
37,51,0.8,-1.25,-0.8048788730674593,false,true
0,52,-1.05,-1.2000000000000002,-0.8099938524711896,false,true
1,52,-1.0,-1.2000000000000002,-0.8100000023841858,false,true
2,52,-0.9500000000000001,-1.2000000000000002,-0.8102000860880053,false,true
3,52,-0.9,-1.2000000000000002,-0.8103399101644891,false,true
4,52,-0.8500000000000001,-1.2000000000000002,-0.8103495938144045,false,true
5,52,-0.8,-1.2000000000000002,-0.8103504663639493,false,true
6,52,-0.75,-1.2000000000000002,-0.8103419827675824,false,true
7,52,-0.7,-1.2000000000000002,-0.810196724752485,false,true
8,52,-0.65,-1.2000000000000002,-0.8104749321937561,true,false
9,52,-0.6000000000000001,-1.2000000000000002,-0.81838059425354,true,false
10,52,-0.55,-1.2000000000000002,-0.8296999931335449,true,false
11,52,-0.5,-1.2000000000000002,-0.8319575786590576,true,false
12,52,-0.44999999999999996,-1.2000000000000002,-0.8338069319725037,true,false
13,52,-0.4,-1.2000000000000002,-0.8351870179176331,true,false
14,52,-0.35,-1.2000000000000002,-0.8353296518325806,true,false
15,52,-0.30000000000000004,-1.2000000000000002,-0.8339364528656006,true,false
16,52,-0.25,-1.2000000000000002,-0.8332105576992035,true,false
17,52,-0.19999999999999996,-1.2000000000000002,-0.83514204621315,true,false
18,52,-0.15000000000000002,-1.2000000000000002,-0.8397238850593567,true,false
19,52,-0.09999999999999998,-1.2000000000000002,-0.8428571224212646,true,false
20,52,-0.050000000000000044,-1.2000000000000002,-0.8428224921226501,true,false
21,52,0.0,-1.2000000000000002,-0.8413223624229431,true,false
22,52,0.050000000000000044,-1.2000000000000002,-0.8393791317939758,true,false
23,52,0.10000000000000009,-1.2000000000000002,-0.8339597284793854,true,false
24,52,0.15000000000000013,-1.2000000000000002,-0.8294883966445923,true,false
25,52,0.19999999999999996,-1.2000000000000002,-0.8100000023841858,true,false
26,52,0.25,-1.2000000000000002,-0.7977883815765381,true,false
27,52,0.30000000000000004,-1.2000000000000002,-0.8011716211620709,false,true
28,52,0.3500000000000001,-1.2000000000000002,-0.7975186422841938,false,true
29,52,0.40000000000000013,-1.2000000000000002,-0.7973933061648424,false,true
30,52,0.44999999999999996,-1.2000000000000002,-0.7975370382811394,false,true
31,52,0.5,-1.2000000000000002,-0.7978356352126993,false,true
32,52,0.55,-1.2000000000000002,-0.8001127838066541,false,true
33,52,0.6000000000000001,-1.2000000000000002,-0.8048695027828217,false,true
34,52,0.6500000000000001,-1.2000000000000002,-0.8048802359986105,false,true
35,52,0.7,-1.2000000000000002,-0.8048838152478225,false,true
36,52,0.75,-1.2000000000000002,-0.8048911206750531,false,true
37,52,0.8,-1.2000000000000002,-0.8048992772779779,false,true
0,53,-1.05,-1.15,-0.8100000023841858,false,true
1,53,-1.0,-1.15,-0.8101306238101595,false,true
2,53,-0.9500000000000001,-1.15,-0.8102192348779791,false,true
3,53,-0.9,-1.15,-0.8102126337087454,false,true
4,53,-0.8500000000000001,-1.15,-0.8101997113169589,false,true
5,53,-0.8,-1.15,-0.8101816511924215,false,true
6,53,-0.75,-1.15,-0.8101391061048212,false,true
7,53,-0.7,-1.15,-0.810196724752485,false,true
8,53,-0.65,-1.15,-0.8100000023841858,true,false
9,53,-0.6000000000000001,-1.15,-0.8183489143848419,true,false
10,53,-0.55,-1.15,-0.8271805644035339,true,false
11,53,-0.5,-1.15,-0.8325220942497253,true,false
12,53,-0.44999999999999996,-1.15,-0.8347000777721405,true,false
13,53,-0.4,-1.15,-0.836529016494751,true,false
14,53,-0.35,-1.15,-0.8363103866577148,true,false
15,53,-0.30000000000000004,-1.15,-0.834584653377533,true,false
16,53,-0.25,-1.15,-0.8342116475105286,true,false
17,53,-0.19999999999999996,-1.15,-0.834929883480072,true,false
18,53,-0.15000000000000002,-1.15,-0.8399999737739563,true,false
19,53,-0.09999999999999998,-1.15,-0.842768132686615,true,false
20,53,-0.050000000000000044,-1.15,-0.8435201644897461,true,false
21,53,0.0,-1.15,-0.8414584398269653,true,false
22,53,0.050000000000000044,-1.15,-0.8396000564098358,true,false
23,53,0.10000000000000009,-1.15,-0.8357596397399902,true,false
24,53,0.15000000000000013,-1.15,-0.8287358283996582,true,false
25,53,0.19999999999999996,-1.15,-0.8151099681854248,true,false
26,53,0.25,-1.15,-0.805956244468689,true,false
27,53,0.30000000000000004,-1.15,-0.8058101925451402,false,true
28,53,0.3500000000000001,-1.15,-0.8058206774622529,false,true
29,53,0.40000000000000013,-1.15,-0.8046376918727156,false,true
30,53,0.44999999999999996,-1.15,-0.804029325829004,false,true
31,53,0.5,-1.15,-0.8036090406629415,false,true
32,53,0.55,-1.15,-0.8048695027828217,false,true
33,53,0.6000000000000001,-1.15,-0.8048954150579468,false,true
34,53,0.6500000000000001,-1.15,-0.8049031895356019,false,true
35,53,0.7,-1.15,-0.8049186241580053,false,true
36,53,0.75,-1.15,-0.8049345533989766,false,true
37,53,0.8,-1.15,-0.8049521585298857,false,true
0,54,-1.05,-1.1,-0.8100786808017365,false,true
1,54,-1.0,-1.1,-0.8101304422526582,false,true
2,54,-0.9500000000000001,-1.1,-0.8101205731505751,false,true
3,54,-0.9,-1.1,-0.8101078950545267,false,true
4,54,-0.8500000000000001,-1.1,-0.8100939486248093,false,true
5,54,-0.8,-1.1,-0.8100744971430275,false,true
6,54,-0.75,-1.1,-0.8100814874571574,false,true
7,54,-0.7,-1.1,-0.8100000023841858,false,true
8,54,-0.65,-1.1,-0.8121534000379058,false,true
9,54,-0.6000000000000001,-1.1,-0.8100000023841858,true,false
10,54,-0.55,-1.1,-0.8260754644870758,true,false
11,54,-0.5,-1.1,-0.8326447606086731,true,false
12,54,-0.44999999999999996,-1.1,-0.835366815328598,true,false
13,54,-0.4,-1.1,-0.8366737961769104,true,false
14,54,-0.35,-1.1,-0.8364776372909546,true,false
15,54,-0.30000000000000004,-1.1,-0.8345890641212463,true,false
16,54,-0.25,-1.1,-0.8330701589584351,true,false
17,54,-0.19999999999999996,-1.1,-0.835189938545227,true,false
18,54,-0.15000000000000002,-1.1,-0.8381186127662659,true,false
19,54,-0.09999999999999998,-1.1,-0.8409092426300049,true,false
20,54,-0.050000000000000044,-1.1,-0.842499703168869,true,false
21,54,0.0,-1.1,-0.8399999737739563,true,false
22,54,0.050000000000000044,-1.1,-0.8387020826339722,true,false
23,54,0.10000000000000009,-1.1,-0.8340657651424408,true,false
24,54,0.15000000000000013,-1.1,-0.8309794664382935,true,false
25,54,0.19999999999999996,-1.1,-0.8202441930770874,true,false
26,54,0.25,-1.1,-0.8136254549026489,true,false
27,54,0.30000000000000004,-1.1,-0.8104845616744164,false,true
28,54,0.3500000000000001,-1.1,-0.8100837471964221,false,true
29,54,0.40000000000000013,-1.1,-0.8098049859832612,false,true
30,54,0.44999999999999996,-1.1,-0.8073041074380412,false,true
31,54,0.5,-1.1,-0.8048695027828217,false,true
32,54,0.55,-1.1,-0.8049320605488608,false,true
33,54,0.6000000000000001,-1.1,-0.8049478710601226,false,true
34,54,0.6500000000000001,-1.1,-0.8049788401697331,false,true
35,54,0.7,-1.1,-0.8050078188987507,false,true
36,54,0.75,-1.1,-0.8050380937996174,false,true
37,54,0.8,-1.1,-0.8037022191904971,false,true
0,55,-1.05,-1.0500000000000003,-0.810073107826659,false,true
1,55,-1.0,-1.0500000000000003,-0.8100648041325784,false,true
2,55,-0.9500000000000001,-1.0500000000000003,-0.8100556066453516,false,true
3,55,-0.9,-1.0500000000000003,-0.8100464421277814,false,true
4,55,-0.8500000000000001,-1.0500000000000003,-0.8100358020221476,false,true
5,55,-0.8,-1.0500000000000003,-0.8100337546065415,false,true
6,55,-0.75,-1.0500000000000003,-0.8100000023841858,false,true
7,55,-0.7,-1.0500000000000003,-0.8111581266143374,false,true
8,55,-0.65,-1.0500000000000003,-0.8110917609407571,false,true
9,55,-0.6000000000000001,-1.0500000000000003,-0.812048614025116,true,false
10,55,-0.55,-1.0500000000000003,-0.8222806751728058,true,false
11,55,-0.5,-1.0500000000000003,-0.8320771157741547,true,false
12,55,-0.44999999999999996,-1.0500000000000003,-0.8354212641716003,true,false
13,55,-0.4,-1.0500000000000003,-0.8362835049629211,true,false
14,55,-0.35,-1.0500000000000003,-0.8362444043159485,true,false
15,55,-0.30000000000000004,-1.0500000000000003,-0.8341766595840454,true,false
16,55,-0.25,-1.0500000000000003,-0.8319739699363708,true,false
17,55,-0.19999999999999996,-1.0500000000000003,-0.8329359292984009,true,false
18,55,-0.15000000000000002,-1.0500000000000003,-0.8399999737739563,true,false
19,55,-0.09999999999999998,-1.0500000000000003,-0.8399999737739563,true,false
20,55,-0.050000000000000044,-1.0500000000000003,-0.841789722442627,true,false
21,55,0.0,-1.0500000000000003,-0.8403104841709137,true,false
22,55,0.050000000000000044,-1.0500000000000003,-0.8380611538887024,true,false
23,55,0.10000000000000009,-1.0500000000000003,-0.8361973166465759,true,false
24,55,0.15000000000000013,-1.0500000000000003,-0.8310537338256836,true,false
25,55,0.19999999999999996,-1.0500000000000003,-0.8192594051361084,true,false
26,55,0.25,-1.0500000000000003,-0.8105709850788116,true,false
27,55,0.30000000000000004,-1.0500000000000003,-0.8137904645769287,false,true
28,55,0.3500000000000001,-1.0500000000000003,-0.8133950666159538,false,true
29,55,0.40000000000000013,-1.0500000000000003,-0.8098767975692968,false,true
30,55,0.44999999999999996,-1.0500000000000003,-0.8048695027828217,false,true
31,55,0.5,-1.0500000000000003,-0.805020530590025,false,true
32,55,0.55,-1.0500000000000003,-0.8050485987768777,false,true
33,55,0.6000000000000001,-1.0500000000000003,-0.8051060622163453,false,true
34,55,0.6500000000000001,-1.0500000000000003,-0.8051534303734965,false,true
35,55,0.7,-1.0500000000000003,-0.8052003786166348,false,true
36,55,0.75,-1.0500000000000003,-0.8038005852529306,false,true
37,55,0.8,-1.0500000000000003,-0.8014253973960878,false,true
0,56,-1.05,-1.0,-0.8100333450169324,false,true
1,56,-1.0,-1.0,-0.8100275165974461,false,true
2,56,-0.9500000000000001,-1.0,-0.8100220423257574,false,true
3,56,-0.9,-1.0,-0.8100162788212166,false,true
4,56,-0.8500000000000001,-1.0,-0.8100139830124458,false,true
5,56,-0.8,-1.0,-0.8100000023841858,false,true
6,56,-0.75,-1.0,-0.811260356808039,false,true
7,56,-0.7,-1.0,-0.8117620908964475,false,true
8,56,-0.65,-1.0,-0.811894543419615,false,true
9,56,-0.6000000000000001,-1.0,-0.8108303248882294,true,false
10,56,-0.55,-1.0,-0.8231683969497681,true,false
11,56,-0.5,-1.0,-0.8312433958053589,true,false
12,56,-0.44999999999999996,-1.0,-0.8340410888195038,true,false
13,56,-0.4,-1.0,-0.8361334204673767,true,false
14,56,-0.35,-1.0,-0.836978554725647,true,false
15,56,-0.30000000000000004,-1.0,-0.8363787531852722,true,false
16,56,-0.25,-1.0,-0.837217390537262,true,false
17,56,-0.19999999999999996,-1.0,-0.8376557528972626,true,false
18,56,-0.15000000000000002,-1.0,-0.8398197889328003,true,false
19,56,-0.09999999999999998,-1.0,-0.8426875472068787,true,false
20,56,-0.050000000000000044,-1.0,-0.8424663543701172,true,false
21,56,0.0,-1.0,-0.8413728177547455,true,false
22,56,0.050000000000000044,-1.0,-0.8399378657341003,true,false
23,56,0.10000000000000009,-1.0,-0.8374370336532593,true,false
24,56,0.15000000000000013,-1.0,-0.8340420424938202,true,false
25,56,0.19999999999999996,-1.0,-0.8254261612892151,true,false
26,56,0.25,-1.0,-0.818508505821228,true,false
27,56,0.30000000000000004,-1.0,-0.8157463943985462,false,true
28,56,0.3500000000000001,-1.0,-0.8117756483381448,false,true
29,56,0.40000000000000013,-1.0,-0.8048695027828217,false,true
30,56,0.44999999999999996,-1.0,-0.8052341161632673,false,true
31,56,0.5,-1.0,-0.8052673891814522,false,true
32,56,0.55,-1.0,-0.8053613294592653,false,true
33,56,0.6000000000000001,-1.0,-0.8054259783771387,false,true
34,56,0.6500000000000001,-1.0,-0.8054883119057124,false,true
35,56,0.7,-1.0,-0.8039727677279715,false,true
36,56,0.75,-1.0,-0.8014253973960878,false,true
37,56,0.8,-1.0,-0.8057571011790033,false,true
0,57,-1.05,-0.9500000000000002,-0.8100131612505002,false,true
1,57,-1.0,-0.9500000000000002,-0.8100101285311714,false,true
2,57,-0.9500000000000001,-0.9500000000000002,-0.810007168338807,false,true
3,57,-0.9,-0.9500000000000002,-0.8100057933500215,false,true
4,57,-0.8500000000000001,-0.9500000000000002,-0.8100000023841858,false,true
5,57,-0.8,-0.9500000000000002,-0.811538012203851,false,true
6,57,-0.75,-0.9500000000000002,-0.8123541135082957,false,true
7,57,-0.7,-0.9500000000000002,-0.8124354381688185,false,true
8,57,-0.65,-0.9500000000000002,-0.8122451046975041,false,true
9,57,-0.6000000000000001,-0.9500000000000002,-0.8132455050945282,true,false
10,57,-0.55,-0.9500000000000002,-0.8260205984115601,true,false
11,57,-0.5,-0.9500000000000002,-0.8332517147064209,true,false
12,57,-0.44999999999999996,-0.9500000000000002,-0.8364238142967224,true,false
13,57,-0.4,-0.9500000000000002,-0.8378401398658752,true,false
14,57,-0.35,-0.9500000000000002,-0.8383902609348297,true,false
15,57,-0.30000000000000004,-0.9500000000000002,-0.8398769199848175,true,false
16,57,-0.25,-0.9500000000000002,-0.8399999737739563,true,false
17,57,-0.19999999999999996,-0.9500000000000002,-0.8409209251403809,true,false
18,57,-0.15000000000000002,-0.9500000000000002,-0.8420823812484741,true,false
19,57,-0.09999999999999998,-0.9500000000000002,-0.8448675274848938,true,false
20,57,-0.050000000000000044,-0.9500000000000002,-0.8447018265724182,true,false
21,57,0.0,-0.9500000000000002,-0.843025803565979,true,false
22,57,0.050000000000000044,-0.9500000000000002,-0.8421686291694641,true,false
23,57,0.10000000000000009,-0.9500000000000002,-0.8399999737739563,true,false
24,57,0.15000000000000013,-0.9500000000000002,-0.8399999737739563,true,false
25,57,0.19999999999999996,-0.9500000000000002,-0.8243346214294434,true,false
26,57,0.25,-0.9500000000000002,-0.8170155882835388,true,false
27,57,0.30000000000000004,-0.9500000000000002,-0.8139121138760615,false,true
28,57,0.3500000000000001,-0.9500000000000002,-0.8048695027828217,false,true
29,57,0.40000000000000013,-0.9500000000000002,-0.8057497573509163,false,true
30,57,0.44999999999999996,-0.9500000000000002,-0.8057123307336611,false,true
31,57,0.5,-0.9500000000000002,-0.8058349799434422,false,true
32,57,0.55,-0.9500000000000002,-0.805894785353849,false,true
33,57,0.6000000000000001,-0.9500000000000002,-0.8059587145165789,false,true
34,57,0.6500000000000001,-0.9500000000000002,-0.8042513276236475,false,true
35,57,0.7,-0.9500000000000002,-0.8014253973960878,false,true
36,57,0.75,-0.9500000000000002,-0.8057573333013204,false,true
37,57,0.8,-0.9500000000000002,-0.8100886408266548,false,true
0,58,-1.05,-0.8999999999999999,-0.810004540202012,false,true
1,58,-1.0,-0.8999999999999999,-0.8100030948163597,false,true
2,58,-0.9500000000000001,-0.8999999999999999,-0.8100024010807743,false,true
3,58,-0.9,-0.8999999999999999,-0.8100000023841858,false,true
4,58,-0.8500000000000001,-0.8999999999999999,-0.8117609549709895,false,true
5,58,-0.8,-0.8999999999999999,-0.8127647760260157,false,true
6,58,-0.75,-0.8999999999999999,-0.8128366004126804,false,true
7,58,-0.7,-0.8999999999999999,-0.8128311256822773,false,true
8,58,-0.65,-0.8999999999999999,-0.8132455050945282,false,true
9,58,-0.6000000000000001,-0.8999999999999999,-0.8185371220070247,false,true
10,58,-0.55,-0.8999999999999999,-0.8271014000525806,false,true
11,58,-0.5,-0.8999999999999999,-0.8313004374504089,true,false
12,58,-0.44999999999999996,-0.8999999999999999,-0.833980143070221,true,false
13,58,-0.4,-0.8999999999999999,-0.8386526107788086,true,false
14,58,-0.35,-0.8999999999999999,-0.8399999737739563,true,false
15,58,-0.30000000000000004,-0.8999999999999999,-0.8412030935287476,true,false
16,58,-0.25,-0.8999999999999999,-0.8422656357288361,true,false
17,58,-0.19999999999999996,-0.8999999999999999,-0.842813104391098,true,false
18,58,-0.15000000000000002,-0.8999999999999999,-0.8446674346923828,true,false
19,58,-0.09999999999999998,-0.8999999999999999,-0.846578985452652,true,false
20,58,-0.050000000000000044,-0.8999999999999999,-0.8480238914489746,true,false
21,58,0.0,-0.8999999999999999,-0.8472432196140289,true,false
22,58,0.050000000000000044,-0.8999999999999999,-0.84573894739151,true,false
23,58,0.10000000000000009,-0.8999999999999999,-0.8420318961143494,true,false
24,58,0.15000000000000013,-0.8999999999999999,-0.8359919190406799,true,false
25,58,0.19999999999999996,-0.8999999999999999,-0.8296225666999817,true,false
26,58,0.25,-0.8999999999999999,-0.8177149295806885,true,false
27,58,0.30000000000000004,-0.8999999999999999,-0.8048695027828217,true,false
28,58,0.3500000000000001,-0.8999999999999999,-0.8069946252994564,false,true
29,58,0.40000000000000013,-0.8999999999999999,-0.8065022294547848,false,true
30,58,0.44999999999999996,-0.8999999999999999,-0.8066092958995038,false,true
31,58,0.5,-0.8999999999999999,-0.8066067591487466,false,true
32,58,0.55,-0.8999999999999999,-0.8066465090628562,false,true
33,58,0.6000000000000001,-0.8999999999999999,-0.8046585360240899,false,true
34,58,0.6500000000000001,-0.8999999999999999,-0.8014253973960878,false,true
35,58,0.7,-0.8999999999999999,-0.8057582219646948,false,true
36,58,0.75,-0.8999999999999999,-0.8100886408266548,false,true
37,58,0.8,-0.8999999999999999,-0.8058466908777573,false,true
0,59,-1.05,-0.8500000000000001,-0.8100013196878697,false,true
1,59,-1.0,-0.8500000000000001,-0.8100009959568447,false,true
2,59,-0.9500000000000001,-0.8500000000000001,-0.8100000023841858,false,true
3,59,-0.9,-0.8500000000000001,-0.8118992876301011,false,true
4,59,-0.8500000000000001,-0.8500000000000001,-0.8130048217011311,false,true
5,59,-0.8,-0.8500000000000001,-0.813054643418868,false,true
6,59,-0.75,-0.8500000000000001,-0.8130738635220057,false,true
7,59,-0.7,-0.8500000000000001,-0.8132455050945282,false,true
8,59,-0.65,-0.8500000000000001,-0.815437364586567,false,true
9,59,-0.6000000000000001,-0.8500000000000001,-0.8239339473285573,false,true
10,59,-0.55,-0.8500000000000001,-0.830771291645632,false,true
11,59,-0.5,-0.8500000000000001,-0.8303971290588379,true,false
12,59,-0.44999999999999996,-0.8500000000000001,-0.8320765793323517,true,false
13,59,-0.4,-0.8500000000000001,-0.8399999737739563,true,false
14,59,-0.35,-0.8500000000000001,-0.8412435054779053,true,false
15,59,-0.30000000000000004,-0.8500000000000001,-0.8425074815750122,true,false
16,59,-0.25,-0.8500000000000001,-0.8431804776191711,true,false
17,59,-0.19999999999999996,-0.8500000000000001,-0.8440284729003906,true,false
18,59,-0.15000000000000002,-0.8500000000000001,-0.8454877734184265,true,false
19,59,-0.09999999999999998,-0.8500000000000001,-0.8479335904121399,true,false
20,59,-0.050000000000000044,-0.8500000000000001,-0.8483831882476807,true,false
21,59,0.0,-0.8500000000000001,-0.8477200865745544,true,false
22,59,0.050000000000000044,-0.8500000000000001,-0.8449235558509827,true,false
23,59,0.10000000000000009,-0.8500000000000001,-0.8399999737739563,true,false
24,59,0.15000000000000013,-0.8500000000000001,-0.8387958109378815,true,false
25,59,0.19999999999999996,-0.8500000000000001,-0.830312967300415,true,false
26,59,0.25,-0.8500000000000001,-0.8218898773193359,true,false
27,59,0.30000000000000004,-0.8500000000000001,-0.8100000023841858,true,false
28,59,0.3500000000000001,-0.8500000000000001,-0.8074386032451569,false,true
29,59,0.40000000000000013,-0.8500000000000001,-0.8076202492662883,false,true
30,59,0.44999999999999996,-0.8500000000000001,-0.8074976000565072,false,true
31,59,0.5,-0.8500000000000001,-0.807514253049907,false,true
32,59,0.55,-0.8500000000000001,-0.8051832167580282,false,true
33,59,0.6000000000000001,-0.8500000000000001,-0.8014253973960878,false,true
34,59,0.6500000000000001,-0.8500000000000001,-0.8057616241476624,false,true
35,59,0.7,-0.8500000000000001,-0.8100886408266548,false,true
36,59,0.75,-0.8500000000000001,-0.805846587946076,false,true
37,59,0.8,-0.8500000000000001,-0.8016048137125497,false,true
0,60,-1.05,-0.8000000000000003,-0.8100004139354564,false,true
1,60,-1.0,-0.8000000000000003,-0.8100000023841858,false,true
2,60,-0.9500000000000001,-0.8000000000000003,-0.8119748763237609,false,true
3,60,-0.9,-0.8000000000000003,-0.8131310315421102,false,true
4,60,-0.8500000000000001,-0.8000000000000003,-0.8131601539658853,false,true
5,60,-0.8,-0.8000000000000003,-0.8131744088273224,false,true
6,60,-0.75,-0.8000000000000003,-0.8132455050945282,false,true
7,60,-0.7,-0.8000000000000003,-0.8141534030229468,false,true
8,60,-0.65,-0.8000000000000003,-0.8222288936868871,false,true
9,60,-0.6000000000000001,-0.8000000000000003,-0.8295273250226167,false,true
10,60,-0.55,-0.8000000000000003,-0.8294177353382112,false,true
11,60,-0.5,-0.8000000000000003,-0.8301614526458652,false,true
12,60,-0.44999999999999996,-0.8000000000000003,-0.8301314115524292,true,false
13,60,-0.4,-0.8000000000000003,-0.8399483263492584,true,false
14,60,-0.35,-0.8000000000000003,-0.8423639833927155,true,false
15,60,-0.30000000000000004,-0.8000000000000003,-0.844017744064331,true,false
16,60,-0.25,-0.8000000000000003,-0.8454605340957642,true,false
17,60,-0.19999999999999996,-0.8000000000000003,-0.8449158072471619,true,false
18,60,-0.15000000000000002,-0.8000000000000003,-0.847536563873291,true,false
19,60,-0.09999999999999998,-0.8000000000000003,-0.8492669463157654,true,false
20,60,-0.050000000000000044,-0.8000000000000003,-0.8501547873020172,true,false
21,60,0.0,-0.8000000000000003,-0.8494778275489807,true,false
22,60,0.050000000000000044,-0.8000000000000003,-0.8470515012741089,true,false
23,60,0.10000000000000009,-0.8000000000000003,-0.8436900675296783,true,false
24,60,0.15000000000000013,-0.8000000000000003,-0.8399979770183563,true,false
25,60,0.19999999999999996,-0.8000000000000003,-0.8335961103439331,true,false
26,60,0.25,-0.8000000000000003,-0.8229839503765106,true,false
27,60,0.30000000000000004,-0.8000000000000003,-0.806385338306427,true,false
28,60,0.3500000000000001,-0.8000000000000003,-0.8085027594997553,false,true
29,60,0.40000000000000013,-0.8000000000000003,-0.808319518482343,false,true
30,60,0.44999999999999996,-0.8000000000000003,-0.8084427610894304,false,true
31,60,0.5,-0.8000000000000003,-0.8057774503355551,false,true
32,60,0.55,-0.8000000000000003,-0.8014253973960878,false,true
33,60,0.6000000000000001,-0.8000000000000003,-0.8057746491572184,false,true
34,60,0.6500000000000001,-0.8000000000000003,-0.8100886408266548,false,true
35,60,0.7,-0.8000000000000003,-0.8058461938796356,false,true
36,60,0.75,-0.8000000000000003,-0.8016048137125497,false,true
37,60,0.8,-0.8000000000000003,-0.7989004566506482,false,true
0,61,-1.05,-0.75,-0.8100000023841858,false,true
1,61,-1.0,-0.75,-0.8120130812457208,false,true
2,61,-0.9500000000000001,-0.75,-0.8131929963154781,false,true
3,61,-0.9,-0.75,-0.8132083081367464,false,true
4,61,-0.8500000000000001,-0.75,-0.8132160560564174,false,true
5,61,-0.8,-0.75,-0.8132455050945282,false,true
6,61,-0.75,-0.75,-0.8136215687297296,false,true
7,61,-0.7,-0.75,-0.8214813508363984,false,true
8,61,-0.65,-0.75,-0.8289682697424952,false,true
9,61,-0.6000000000000001,-0.75,-0.8287903606214617,false,true
10,61,-0.55,-0.75,-0.8284383416175842,false,true
11,61,-0.5,-0.75,-0.8284383416175842,true,false
12,61,-0.44999999999999996,-0.75,-0.8303923606872559,true,false
13,61,-0.4,-0.75,-0.8399999737739563,true,false
14,61,-0.35,-0.75,-0.8427775502204895,true,false
15,61,-0.30000000000000004,-0.75,-0.8464229702949524,true,false
16,61,-0.25,-0.75,-0.8471816778182983,true,false
17,61,-0.19999999999999996,-0.75,-0.8472990989685059,true,false
18,61,-0.15000000000000002,-0.75,-0.8485904335975647,true,false
19,61,-0.09999999999999998,-0.75,-0.8508049547672272,true,false
20,61,-0.050000000000000044,-0.75,-0.8512583374977112,true,false
21,61,0.0,-0.75,-0.8502218723297119,true,false
22,61,0.050000000000000044,-0.75,-0.8478808403015137,true,false
23,61,0.10000000000000009,-0.75,-0.8441760540008545,true,false
24,61,0.15000000000000013,-0.75,-0.8399999737739563,true,false
25,61,0.19999999999999996,-0.75,-0.8329252004623413,true,false
26,61,0.25,-0.75,-0.8251591920852661,true,false
27,61,0.30000000000000004,-0.75,-0.8100000023841858,true,false
28,61,0.3500000000000001,-0.75,-0.8089412917875216,false,true
29,61,0.40000000000000013,-0.75,-0.8094395642789776,false,true
30,61,0.44999999999999996,-0.75,-0.8064427142896944,false,true
31,61,0.5,-0.75,-0.8014253973960878,false,true
32,61,0.55,-0.75,-0.805824514457103,false,true
33,61,0.6000000000000001,-0.75,-0.8100886408266548,false,true
34,61,0.6500000000000001,-0.75,-0.8058446852249866,false,true
35,61,0.7,-0.75,-0.8016048137125497,false,true
36,61,0.75,-0.75,-0.7989007377585549,false,true
37,61,0.8,-0.75,-0.7961959008154396,false,true
0,62,-1.05,-0.7000000000000002,-0.8120314024680365,false,true
1,62,-1.0,-0.7000000000000002,-0.8132220401140977,false,true
2,62,-0.9500000000000001,-0.7000000000000002,-0.8132295577016913,false,true
3,62,-0.9,-0.7000000000000002,-0.8132333069035438,false,true
4,62,-0.8500000000000001,-0.7000000000000002,-0.8132455050945282,false,true
5,62,-0.8,-0.7000000000000002,-0.813401275752544,false,true
6,62,-0.75,-0.7000000000000002,-0.8211982927961804,false,true
7,62,-0.7,-0.7000000000000002,-0.8288238393298407,false,true
8,62,-0.65,-0.7000000000000002,-0.8287448346525351,false,true
9,62,-0.6000000000000001,-0.7000000000000002,-0.8286608159542084,false,true
10,62,-0.55,-0.7000000000000002,-0.8286608159542084,false,true
11,62,-0.5,-0.7000000000000002,-0.8299269946956614,false,true
12,62,-0.44999999999999996,-0.7000000000000002,-0.831981360912323,true,false
13,62,-0.4,-0.7000000000000002,-0.8399999737739563,true,false
14,62,-0.35,-0.7000000000000002,-0.8455389738082886,true,false
15,62,-0.30000000000000004,-0.7000000000000002,-0.8480107486248016,true,false
16,62,-0.25,-0.7000000000000002,-0.8501207828521729,true,false
17,62,-0.19999999999999996,-0.7000000000000002,-0.8491424024105072,true,false
18,62,-0.15000000000000002,-0.7000000000000002,-0.8494666218757629,true,false
19,62,-0.09999999999999998,-0.7000000000000002,-0.8510168194770813,true,false
20,62,-0.050000000000000044,-0.7000000000000002,-0.8522725701332092,true,false
21,62,0.0,-0.7000000000000002,-0.8510655164718628,true,false
22,62,0.050000000000000044,-0.7000000000000002,-0.8484956622123718,true,false
23,62,0.10000000000000009,-0.7000000000000002,-0.8449586033821106,true,false
24,62,0.15000000000000013,-0.7000000000000002,-0.8399999737739563,true,false
25,62,0.19999999999999996,-0.7000000000000002,-0.8356477320194244,true,false
26,62,0.25,-0.7000000000000002,-0.8247266709804535,true,false
27,62,0.30000000000000004,-0.7000000000000002,-0.8100000023841858,true,false
28,62,0.3500000000000001,-0.7000000000000002,-0.8110810327733742,false,true
29,62,0.40000000000000013,-0.7000000000000002,-0.8074232817954664,false,true
30,62,0.44999999999999996,-0.7000000000000002,-0.8014253973960878,false,true
31,62,0.5,-0.7000000000000002,-0.8060154201237648,false,true
32,62,0.55,-0.7000000000000002,-0.8100886408266548,false,true
33,62,0.6000000000000001,-0.7000000000000002,-0.8058389094506062,false,true
34,62,0.6500000000000001,-0.7000000000000002,-0.8016048137125497,false,true
35,62,0.7,-0.7000000000000002,-0.79890181395969,false,true
36,62,0.75,-0.7000000000000002,-0.7961959008154396,false,true
37,62,0.8,-0.7000000000000002,-0.796171519033971,false,true
0,63,-1.05,-0.6499999999999999,-0.8132352177289817,false,true
1,63,-1.0,-0.6499999999999999,-0.8132387413326084,false,true
2,63,-0.9500000000000001,-0.6499999999999999,-0.813240452438386,false,true
3,63,-0.9,-0.6499999999999999,-0.8132455050945282,false,true
4,63,-0.8500000000000001,-0.6499999999999999,-0.8133100274136981,false,true
5,63,-0.8,-0.6499999999999999,-0.8211029899705496,false,true
6,63,-0.75,-0.6499999999999999,-0.8288207330098022,false,true
7,63,-0.7,-0.6499999999999999,-0.8287989770623377,false,true
8,63,-0.65,-0.6499999999999999,-0.8287911384033229,false,true
9,63,-0.6000000000000001,-0.6499999999999999,-0.8288181290662754,false,true
10,63,-0.55,-0.6499999999999999,-0.8288832902908325,false,true
11,63,-0.5,-0.6499999999999999,-0.8288832902908325,true,false
12,63,-0.44999999999999996,-0.6499999999999999,-0.8301376104354858,true,false
13,63,-0.4,-0.6499999999999999,-0.8399999737739563,true,false
14,63,-0.35,-0.6499999999999999,-0.8482694625854492,true,false
15,63,-0.30000000000000004,-0.6499999999999999,-0.8517631888389587,true,false
16,63,-0.25,-0.6499999999999999,-0.85256227850914,true,false
17,63,-0.19999999999999996,-0.6499999999999999,-0.8530686497688293,true,false
18,63,-0.15000000000000002,-0.6499999999999999,-0.8528668880462646,true,false
19,63,-0.09999999999999998,-0.6499999999999999,-0.8533592820167542,true,false
20,63,-0.050000000000000044,-0.6499999999999999,-0.8533082008361816,true,false
21,63,0.0,-0.6499999999999999,-0.8520082533359528,true,false
22,63,0.050000000000000044,-0.6499999999999999,-0.8483670353889465,true,false
23,63,0.10000000000000009,-0.6499999999999999,-0.8445109128952026,true,false
24,63,0.15000000000000013,-0.6499999999999999,-0.8393935263156891,true,false
25,63,0.19999999999999996,-0.6499999999999999,-0.8319411277770996,true,false
26,63,0.25,-0.6499999999999999,-0.8258861899375916,true,false
27,63,0.30000000000000004,-0.6499999999999999,-0.8136908710002899,true,false
28,63,0.3500000000000001,-0.6499999999999999,-0.8092147202258175,false,true
29,63,0.40000000000000013,-0.6499999999999999,-0.8014253973960878,false,true
30,63,0.44999999999999996,-0.6499999999999999,-0.8067462885562808,false,true
31,63,0.5,-0.6499999999999999,-0.8100886408266548,false,true
32,63,0.55,-0.6499999999999999,-0.8058167973193017,false,true
33,63,0.6000000000000001,-0.6499999999999999,-0.8016048137125497,false,true
34,63,0.6500000000000001,-0.6499999999999999,-0.7989059341173073,false,true
35,63,0.7,-0.6499999999999999,-0.7961959008154396,false,true
36,63,0.75,-0.6499999999999999,-0.7961370379879433,false,true
37,63,0.8,-0.6499999999999999,-0.7961182531191872,false,true
0,64,-1.05,-0.6000000000000001,-0.8132426571357864,false,true
1,64,-1.0,-0.6000000000000001,-0.8132434122158281,false,true
2,64,-0.9500000000000001,-0.6000000000000001,-0.8132455050945282,false,true
3,64,-0.9,-0.6000000000000001,-0.8132722311142042,false,true
4,64,-0.8500000000000001,-0.6000000000000001,-0.8210742160212093,false,true
5,64,-0.8,-0.6000000000000001,-0.8288444016062485,false,true
6,64,-0.75,-0.6000000000000001,-0.8288425038445445,false,true
7,64,-0.7,-0.6000000000000001,-0.8288483942457301,false,true
8,64,-0.65,-0.6000000000000001,-0.8288642050100302,false,true
9,64,-0.6000000000000001,-0.6000000000000001,-0.8288832902908325,false,true
10,64,-0.55,-0.6000000000000001,-0.8288832902908325,false,true
11,64,-0.5,-0.6000000000000001,-0.8307528329290678,false,true
12,64,-0.44999999999999996,-0.6000000000000001,-0.8330574035644531,true,false
13,64,-0.4,-0.6000000000000001,-0.8399999737739563,true,false
14,64,-0.35,-0.6000000000000001,-0.8488917052745819,true,false
15,64,-0.30000000000000004,-0.6000000000000001,-0.8506001830101013,true,false
16,64,-0.25,-0.6000000000000001,-0.8526642918586731,true,false
17,64,-0.19999999999999996,-0.6000000000000001,-0.7977614168104652,true,false
18,64,-0.15000000000000002,-0.6000000000000001,-0.8533445000648499,true,false
19,64,-0.09999999999999998,-0.6000000000000001,-0.8279431195943119,true,false
20,64,-0.050000000000000044,-0.6000000000000001,-0.8533433675765991,true,false
21,64,0.0,-0.6000000000000001,-0.8292868169038059,true,false
22,64,0.050000000000000044,-0.6000000000000001,-0.8494165241718292,true,false
23,64,0.10000000000000009,-0.6000000000000001,-0.8216025892672065,true,false
24,64,0.15000000000000013,-0.6000000000000001,-0.8399999737739563,true,false
25,64,0.19999999999999996,-0.6000000000000001,-0.83342444896698,true,false
26,64,0.25,-0.6000000000000001,-0.829770565032959,true,false
27,64,0.30000000000000004,-0.6000000000000001,-0.8131149709224701,true,false
28,64,0.3500000000000001,-0.6000000000000001,-0.8014253973960876,true,false
29,64,0.40000000000000013,-0.6000000000000001,-0.809544365087946,false,true
30,64,0.44999999999999996,-0.6000000000000001,-0.8100886408266548,false,true
31,64,0.5,-0.6000000000000001,-0.805732142636029,false,true
32,64,0.55,-0.6000000000000001,-0.8016048137125497,false,true
33,64,0.6000000000000001,-0.6000000000000001,-0.7989217078404875,false,true
34,64,0.6500000000000001,-0.6000000000000001,-0.7961959008154396,false,true
35,64,0.7,-0.6000000000000001,-0.7960537933789785,false,true
36,64,0.75,-0.6000000000000001,-0.7960140396067723,false,true
37,64,0.8,-0.6000000000000001,-0.7959369469753579,false,true
0,65,-1.05,-0.5500000000000003,-0.8132446381957862,false,true
1,65,-1.0,-0.5500000000000003,-0.8132455050945282,false,true
2,65,-0.9500000000000001,-0.5500000000000003,-0.8132565753743463,false,true
3,65,-0.9,-0.5500000000000003,-0.8210665048631948,false,true
4,65,-0.8500000000000001,-0.5500000000000003,-0.8288633282475666,false,true
5,65,-0.8,-0.5500000000000003,-0.8288656719915969,false,true
6,65,-0.75,-0.5500000000000003,-0.8288707540430348,false,true
7,65,-0.7,-0.5500000000000003,-0.8288777003415063,false,true
8,65,-0.65,-0.5500000000000003,-0.8288832902908325,false,true
9,65,-0.6000000000000001,-0.5500000000000003,-0.8288832902908325,false,true
10,65,-0.55,-0.5500000000000003,-0.8354373989684417,false,true
11,65,-0.5,-0.5500000000000003,-0.8388271927833557,false,true
12,65,-0.44999999999999996,-0.5500000000000003,-0.8423450031399146,false,true
13,65,-0.4,-0.5500000000000003,-0.847763180732727,true,false
14,65,-0.35,-0.5500000000000003,-0.8501282036304474,true,false
15,65,-0.30000000000000004,-0.5500000000000003,-0.8527122735977173,true,false
16,65,-0.25,-0.5500000000000003,-0.8274467321126224,true,false
17,65,-0.19999999999999996,-0.5500000000000003,-0.8560247421264648,true,false
18,65,-0.15000000000000002,-0.5500000000000003,-0.8273801239220859,true,false
19,65,-0.09999999999999998,-0.5500000000000003,-0.8001768652376655,true,false
20,65,-0.050000000000000044,-0.5500000000000003,-0.8031118277487281,true,false
21,65,0.0,-0.5500000000000003,-0.8066452804979805,true,false
22,65,0.050000000000000044,-0.5500000000000003,-0.8141046229776863,true,false
23,65,0.10000000000000009,-0.5500000000000003,-0.8185792032656196,true,false
24,65,0.15000000000000013,-0.5500000000000003,-0.8370349407196045,true,false
25,65,0.19999999999999996,-0.5500000000000003,-0.8322658538818359,true,false
26,65,0.25,-0.5500000000000003,-0.8291267486302616,true,false
27,65,0.30000000000000004,-0.5500000000000003,-0.8236467838287354,true,false
28,65,0.3500000000000001,-0.5500000000000003,-0.8202565971788887,true,false
29,65,0.40000000000000013,-0.5500000000000003,-0.8100886408266548,true,false
30,65,0.44999999999999996,-0.5500000000000003,-0.8054080483503514,false,true
31,65,0.5,-0.5500000000000003,-0.8016048137125497,false,true
32,65,0.55,-0.5500000000000003,-0.7989820963901693,false,true
33,65,0.6000000000000001,-0.5500000000000003,-0.7961959008154396,false,true
34,65,0.6500000000000001,-0.5500000000000003,-0.7958528231150211,false,true
35,65,0.7,-0.5500000000000003,-0.7957759580742955,false,true
36,65,0.75,-0.5500000000000003,-0.7956278305178671,false,true
37,65,0.8,-0.5500000000000003,-0.7955026459681656,false,true
0,66,-1.05,-0.5,-0.8132455050945282,false,true
1,66,-1.0,-0.5,-0.8132500905545681,false,true
2,66,-0.9500000000000001,-0.5,-0.821064739522696,false,true
3,66,-0.9,-0.5,-0.828874070227422,false,true
4,66,-0.8500000000000001,-0.5,-0.828876187744911,false,true
5,66,-0.8,-0.5,-0.8288789403342904,false,true
6,66,-0.75,-0.5,-0.8288816530325814,false,true
7,66,-0.7,-0.5,-0.8288832902908325,false,true
8,66,-0.65,-0.5,-0.8288832902908325,false,true
9,66,-0.6000000000000001,-0.5,-0.8373962244124158,false,true
10,66,-0.55,-0.5,-0.8427007074431105,false,true
11,66,-0.5,-0.5,-0.8445969820022583,false,true
12,66,-0.44999999999999996,-0.5,-0.8445969820022583,true,false
13,66,-0.4,-0.5,-0.8469774425029755,true,false
14,66,-0.35,-0.5,-0.8505612909793854,true,false
15,66,-0.30000000000000004,-0.5,-0.852697491645813,true,false
16,66,-0.25,-0.5,-0.8270030649392368,true,false
17,66,-0.19999999999999996,-0.5,-0.7959052387651924,true,false
18,66,-0.15000000000000002,-0.5,-0.8591229915618896,true,false
19,66,-0.09999999999999998,-0.5,-0.828424725124097,true,false
20,66,-0.050000000000000044,-0.5,-0.8560087084770203,true,false
21,66,0.0,-0.5,-0.8049763504442695,true,false
22,66,0.050000000000000044,-0.5,-0.8097837034639839,true,false
23,66,0.10000000000000009,-0.5,-0.8152353826937202,true,false
24,66,0.15000000000000013,-0.5,-0.8381855487823486,true,false
25,66,0.19999999999999996,-0.5,-0.822192377227259,true,false
26,66,0.25,-0.5,-0.8276269499239448,true,false
27,66,0.30000000000000004,-0.5,-0.8241452042040351,true,false
28,66,0.3500000000000001,-0.5,-0.8175625268396858,true,false
29,66,0.40000000000000013,-0.5,-0.8041672769960884,true,false
30,66,0.44999999999999996,-0.5,-0.8016048137125495,true,false
31,66,0.5,-0.5,-0.7992132895517949,false,true
32,66,0.55,-0.5,-0.7961959008154396,false,true
33,66,0.6000000000000001,-0.5,-0.7953676379781416,false,true
34,66,0.6500000000000001,-0.5,-0.7952473117500848,false,true
35,66,0.7,-0.5,-0.7949923836574941,false,true
36,66,0.75,-0.5,-0.7948142146415712,false,true
37,66,0.8,-0.5,-0.7946585769101151,false,true
0,67,-1.05,-0.4500000000000002,-0.8132474044542665,false,true
1,67,-1.0,-0.4500000000000002,-0.8210644302794633,false,true
2,67,-0.9500000000000001,-0.4500000000000002,-0.8288793150190047,false,true
3,67,-0.9,-0.4500000000000002,-0.8288805588505155,false,true
4,67,-0.8500000000000001,-0.4500000000000002,-0.8288818175853256,false,true
5,67,-0.8,-0.4500000000000002,-0.8288828107489933,false,true
6,67,-0.75,-0.4500000000000002,-0.8288832902908325,false,true
7,67,-0.7,-0.4500000000000002,-0.8288832902908325,false,true
8,67,-0.65,-0.4500000000000002,-0.8379205308935844,false,true
9,67,-0.6000000000000001,-0.4500000000000002,-0.8433975152403879,false,true
10,67,-0.55,-0.4500000000000002,-0.8438924849033357,false,true
11,67,-0.5,-0.4500000000000002,-0.8438924849033357,false,true
12,67,-0.44999999999999996,-0.4500000000000002,-0.8454578999097733,false,true
13,67,-0.4,-0.4500000000000002,-0.8463808298110962,true,false
14,67,-0.35,-0.4500000000000002,-0.8505443334579468,true,false
15,67,-0.30000000000000004,-0.4500000000000002,-0.8540013134479523,true,false
16,67,-0.25,-0.4500000000000002,-0.7928280595716957,true,false
17,67,-0.19999999999999996,-0.4500000000000002,-0.8277433546273472,true,false
18,67,-0.15000000000000002,-0.4500000000000002,-0.8602908849716187,true,false
19,67,-0.09999999999999998,-0.4500000000000002,-0.7985941235002998,true,false
20,67,-0.050000000000000044,-0.4500000000000002,-0.802881127971125,true,false
21,67,0.0,-0.4500000000000002,-0.8544607758522034,true,false
22,67,0.050000000000000044,-0.4500000000000002,-0.8491041660308838,true,false
23,67,0.10000000000000009,-0.4500000000000002,-0.8280034394948246,true,false
24,67,0.15000000000000013,-0.4500000000000002,-0.8399999737739563,true,false
25,67,0.19999999999999996,-0.4500000000000002,-0.8185792032656196,true,false
26,67,0.25,-0.4500000000000002,-0.8287386298179626,true,false
27,67,0.30000000000000004,-0.4500000000000002,-0.8185792032656196,true,false
28,67,0.3500000000000001,-0.4500000000000002,-0.8100000023841858,true,false
29,67,0.40000000000000013,-0.4500000000000002,-0.8017375830587867,true,false
30,67,0.44999999999999996,-0.4500000000000002,-0.8000983957228187,true,false
31,67,0.5,-0.4500000000000002,-0.7961959008154396,true,false
32,67,0.55,-0.4500000000000002,-0.7941962974404254,false,true
33,67,0.6000000000000001,-0.4500000000000002,-0.7941285557011025,false,true
34,67,0.6500000000000001,-0.4500000000000002,-0.7937714214339956,false,true
35,67,0.7,-0.4500000000000002,-0.7936005021701341,false,true
36,67,0.75,-0.4500000000000002,-0.7934692183117207,false,true
37,67,0.8,-0.4500000000000002,-0.7933871354245141,false,true
0,68,-1.05,-0.3999999999999999,-0.8226837524704277,false,true
1,68,-1.0,-0.3999999999999999,-0.8288816586161291,false,true
2,68,-0.9500000000000001,-0.3999999999999999,-0.8288822754540608,false,true
3,68,-0.9,-0.3999999999999999,-0.8288828007671956,false,true
4,68,-0.8500000000000001,-0.3999999999999999,-0.8288831498362798,false,true
5,68,-0.8,-0.3999999999999999,-0.8288832902908325,false,true
6,68,-0.75,-0.3999999999999999,-0.8288832902908325,false,true
7,68,-0.7,-0.3999999999999999,-0.8379887608453217,false,true
8,68,-0.65,-0.3999999999999999,-0.8433879309438316,false,true
9,68,-0.6000000000000001,-0.3999999999999999,-0.8434798000574392,false,true
10,68,-0.55,-0.3999999999999999,-0.8433943302273611,false,true
11,68,-0.5,-0.3999999999999999,-0.8431879878044128,false,true
12,68,-0.44999999999999996,-0.3999999999999999,-0.8431879878044128,true,false
13,68,-0.4,-0.3999999999999999,-0.8470607995986938,true,false
14,68,-0.35,-0.3999999999999999,-0.8495517373085022,true,false
15,68,-0.30000000000000004,-0.3999999999999999,-0.8559092879295349,true,false
16,68,-0.25,-0.3999999999999999,-0.7906140748438362,true,false
17,68,-0.19999999999999996,-0.3999999999999999,-0.861105740070343,true,false
18,68,-0.15000000000000002,-0.3999999999999999,-0.8276455434052707,true,false
19,68,-0.09999999999999998,-0.3999999999999999,-0.79746890701623,true,false
20,68,-0.050000000000000044,-0.3999999999999999,-0.8285244734971287,true,false
21,68,0.0,-0.3999999999999999,-0.8029691044268135,true,false
22,68,0.050000000000000044,-0.3999999999999999,-0.8057605985579017,true,false
23,68,0.10000000000000009,-0.3999999999999999,-0.8445133864879608,true,false
24,68,0.15000000000000013,-0.3999999999999999,-0.8134354118284706,true,false
25,68,0.19999999999999996,-0.3999999999999999,-0.8350224494934082,true,false
26,68,0.25,-0.3999999999999999,-0.8301811218261719,true,false
27,68,0.30000000000000004,-0.3999999999999999,-0.8185792032656196,true,false
28,68,0.3500000000000001,-0.3999999999999999,-0.8106055887429477,true,false
29,68,0.40000000000000013,-0.3999999999999999,-0.8058059843270542,true,false
30,68,0.44999999999999996,-0.3999999999999999,-0.798347151654673,true,false
31,68,0.5,-0.3999999999999999,-0.7913684312281135,true,false
32,68,0.55,-0.3999999999999999,-0.7919654093002763,false,true
33,68,0.6000000000000001,-0.3999999999999999,-0.7916701407657188,false,true
34,68,0.6500000000000001,-0.3999999999999999,-0.7917119762491599,false,true
35,68,0.7,-0.3999999999999999,-0.7917603895528587,false,true
36,68,0.75,-0.3999999999999999,-0.7918439734751311,false,true
37,68,0.8,-0.3999999999999999,-0.7919340884688836,false,true
0,69,-1.05,-0.3500000000000001,-0.8288826450553255,false,true
1,69,-1.0,-0.3500000000000001,-0.8288829230755529,false,true
2,69,-0.9500000000000001,-0.3500000000000001,-0.8288831298726843,false,true
3,69,-0.9,-0.3500000000000001,-0.8288832491526464,false,true
4,69,-0.8500000000000001,-0.3500000000000001,-0.8288832902908325,false,true
5,69,-0.8,-0.3500000000000001,-0.8288832902908325,false,true
6,69,-0.75,-0.3500000000000001,-0.8379617426909894,false,true
7,69,-0.7,-0.3500000000000001,-0.8432975064006126,false,true
8,69,-0.65,-0.3500000000000001,-0.843298491168134,false,true
9,69,-0.6000000000000001,-0.3500000000000001,-0.843248424100848,false,true
10,69,-0.55,-0.3500000000000001,-0.8431879878044128,false,true
11,69,-0.5,-0.3500000000000001,-0.8431879878044128,false,true
12,69,-0.44999999999999996,-0.3500000000000001,-0.8443507309286453,false,true
13,69,-0.4,-0.3500000000000001,-0.8420523405075073,true,false
14,69,-0.35,-0.3500000000000001,-0.850623369216919,true,false
15,69,-0.30000000000000004,-0.3500000000000001,-0.8559051156044006,true,false
16,69,-0.25,-0.3500000000000001,-0.7885791722712043,true,false
17,69,-0.19999999999999996,-0.3500000000000001,-0.8610726594924927,true,false
18,69,-0.15000000000000002,-0.3500000000000001,-0.8608127236366272,true,false
19,69,-0.09999999999999998,-0.3500000000000001,-0.8596958518028259,true,false
20,69,-0.050000000000000044,-0.3500000000000001,-0.8578415513038635,true,false
21,69,0.0,-0.3500000000000001,-0.8034226957735542,true,false
22,69,0.050000000000000044,-0.3500000000000001,-0.8276918562142612,true,false
23,69,0.10000000000000009,-0.3500000000000001,-0.8081609074053291,true,false
24,69,0.15000000000000013,-0.3500000000000001,-0.8399999737739563,true,false
25,69,0.19999999999999996,-0.3500000000000001,-0.8173825208124641,true,false
26,69,0.25,-0.3500000000000001,-0.8190984789309028,true,false
27,69,0.30000000000000004,-0.3500000000000001,-0.8171626690802101,true,false
28,69,0.3500000000000001,-0.3500000000000001,-0.8122927013811592,true,false
29,69,0.40000000000000013,-0.3500000000000001,-0.8100000023841858,true,false
30,69,0.44999999999999996,-0.3500000000000001,-0.7949435114860535,true,false
31,69,0.5,-0.3500000000000001,-0.7885791722712043,true,false
32,69,0.55,-0.3500000000000001,-0.7887264113248991,false,true
33,69,0.6000000000000001,-0.3500000000000001,-0.7893545611052882,false,true
34,69,0.6500000000000001,-0.3500000000000001,-0.7898178244224118,false,true
35,69,0.7,-0.3500000000000001,-0.7902056502966023,false,true
36,69,0.75,-0.3500000000000001,-0.7905264004723844,false,true
37,69,0.8,-0.3500000000000001,-0.7908155469266732,false,true
0,70,-1.05,-0.30000000000000027,-0.8288831601730354,false,true
1,70,-1.0,-0.30000000000000027,-0.8288832383145459,false,true
2,70,-0.9500000000000001,-0.30000000000000027,-0.8288832782417368,false,true
3,70,-0.9,-0.30000000000000027,-0.8288832902908325,false,true
4,70,-0.8500000000000001,-0.30000000000000027,-0.8288832902908325,false,true
5,70,-0.8,-0.30000000000000027,-0.8379333570848682,false,true
6,70,-0.75,-0.30000000000000027,-0.8432380269799782,false,true
7,70,-0.7,-0.30000000000000027,-0.8432276856425499,false,true
8,70,-0.65,-0.30000000000000027,-0.843205689185809,false,true
9,70,-0.6000000000000001,-0.30000000000000027,-0.8431879878044128,false,true
10,70,-0.55,-0.30000000000000027,-0.8431879878044128,false,true
11,70,-0.5,-0.30000000000000027,-0.8432001862927377,false,true
12,70,-0.44999999999999996,-0.30000000000000027,-0.8433081785843923,false,true
13,70,-0.4,-0.30000000000000027,-0.8465354442596436,true,false
14,70,-0.35,-0.30000000000000027,-0.8491438627243042,true,false
15,70,-0.30000000000000004,-0.30000000000000027,-0.8553573191165924,true,false
16,70,-0.25,-0.30000000000000027,-0.7884415153440956,true,false
17,70,-0.19999999999999996,-0.30000000000000027,-0.7900769773897651,true,false
18,70,-0.15000000000000002,-0.30000000000000027,-0.793601936477137,true,false
19,70,-0.09999999999999998,-0.30000000000000027,-0.8595404624938965,true,false
20,70,-0.050000000000000044,-0.30000000000000027,-0.8293266030041935,true,false
21,70,0.0,-0.30000000000000027,-0.8035792175707344,true,false
22,70,0.050000000000000044,-0.30000000000000027,-0.8516536355018616,true,false
23,70,0.10000000000000009,-0.30000000000000027,-0.8467414379119873,true,false
24,70,0.15000000000000013,-0.30000000000000027,-0.8274853261201145,true,false
25,70,0.19999999999999996,-0.30000000000000027,-0.8375208079814911,true,false
26,70,0.25,-0.30000000000000027,-0.8321773409843445,true,false
27,70,0.30000000000000004,-0.30000000000000027,-0.8144471708712104,true,false
28,70,0.3500000000000001,-0.30000000000000027,-0.8118057314333442,true,false
29,70,0.40000000000000013,-0.30000000000000027,-0.8099310398101807,true,false
30,70,0.44999999999999996,-0.30000000000000027,-0.7956784101216556,true,false
31,70,0.5,-0.30000000000000027,-0.7862926188883308,true,false
32,70,0.55,-0.30000000000000027,-0.7876320508489282,false,true
33,70,0.6000000000000001,-0.30000000000000027,-0.7886206613451309,false,true
34,70,0.6500000000000001,-0.30000000000000027,-0.7892477929551636,false,true
35,70,0.7,-0.30000000000000027,-0.7897460206406349,false,true
36,70,0.75,-0.30000000000000027,-0.7901960352153828,false,true
37,70,0.8,-0.30000000000000027,-0.7905949825280809,false,true
0,71,-1.05,-0.25,-0.8288832736055302,false,true
1,71,-1.0,-0.25,-0.8288832867617342,false,true
2,71,-0.9500000000000001,-0.25,-0.8288832902908325,false,true
3,71,-0.9,-0.25,-0.8288832902908325,false,true
4,71,-0.8500000000000001,-0.25,-0.8379170292123619,false,true
5,71,-0.8,-0.25,-0.8432087944038168,false,true
6,71,-0.75,-0.25,-0.8432017625696773,false,true
7,71,-0.7,-0.25,-0.8431931724189875,false,true
8,71,-0.65,-0.25,-0.8431879878044128,false,true
9,71,-0.6000000000000001,-0.25,-0.8431879878044128,false,true
10,71,-0.55,-0.25,-0.8423099116489183,false,true
11,71,-0.5,-0.25,-0.8417618100540264,false,true
12,71,-0.44999999999999996,-0.25,-0.8419141687609696,false,true
13,71,-0.4,-0.25,-0.8399999737739563,true,false
14,71,-0.35,-0.25,-0.8488218784332275,true,false
15,71,-0.30000000000000004,-0.25,-0.8570795059204102,true,false
16,71,-0.25,-0.25,-0.860400915145874,true,false
17,71,-0.19999999999999996,-0.25,-0.8259303899495365,true,false
18,71,-0.15000000000000002,-0.25,-0.7937623325762275,true,false
19,71,-0.09999999999999998,-0.25,-0.859639585018158,true,false
20,71,-0.050000000000000044,-0.25,-0.8293600710122349,true,false
21,71,0.0,-0.25,-0.8046881023821357,true,false
22,71,0.050000000000000044,-0.25,-0.8071423832354072,true,false
23,71,0.10000000000000009,-0.25,-0.8291696937768223,true,false
24,71,0.15000000000000013,-0.25,-0.8119198147234443,true,false
25,71,0.19999999999999996,-0.25,-0.8399999737739563,true,false
26,71,0.25,-0.25,-0.8352830111980438,true,false
27,71,0.30000000000000004,-0.25,-0.8293370604515076,true,false
28,71,0.3500000000000001,-0.25,-0.818973574229932,true,false
29,71,0.40000000000000013,-0.25,-0.8074788153171539,true,false
30,71,0.44999999999999996,-0.25,-0.8034406963762764,true,false
31,71,0.5,-0.25,-0.7885791722712043,true,false
32,71,0.55,-0.25,-0.7899130177369968,false,true
33,71,0.6000000000000001,-0.25,-0.7900279228333402,false,true
34,71,0.6500000000000001,-0.25,-0.7903788172088013,false,true
35,71,0.7,-0.25,-0.7908228368490379,false,true
36,71,0.75,-0.25,-0.7912277612840675,false,true
37,71,0.8,-0.25,-0.7915942779072738,false,true
0,72,-1.05,-0.20000000000000018,-0.8288832892571837,false,true
1,72,-1.0,-0.20000000000000018,-0.8288832902908325,false,true
2,72,-0.9500000000000001,-0.20000000000000018,-0.8288832902908325,false,true
3,72,-0.9,-0.20000000000000018,-0.8379092975446062,false,true
4,72,-0.8500000000000001,-0.20000000000000018,-0.8431961438855516,false,true
5,72,-0.8,-0.20000000000000018,-0.843192651338971,false,true
6,72,-0.75,-0.20000000000000018,-0.8431895063428639,false,true
7,72,-0.7,-0.20000000000000018,-0.8431879878044128,false,true
8,72,-0.65,-0.20000000000000018,-0.8431879878044128,false,true
9,72,-0.6000000000000001,-0.20000000000000018,-0.8423016228634058,false,true
10,72,-0.55,-0.20000000000000018,-0.8414426850310203,false,true
11,72,-0.5,-0.20000000000000018,-0.8409529825062562,false,true
12,72,-0.44999999999999996,-0.20000000000000018,-0.8399999737739562,false,true
13,72,-0.4,-0.20000000000000018,-0.8399999737739563,true,false
14,72,-0.35,-0.20000000000000018,-0.8482080698013306,true,false
15,72,-0.30000000000000004,-0.20000000000000018,-0.8563336133956909,true,false
16,72,-0.25,-0.20000000000000018,-0.8229765327660801,true,false
17,72,-0.19999999999999996,-0.20000000000000018,-0.7893426779684547,true,false
18,72,-0.15000000000000002,-0.20000000000000018,-0.827460232564664,true,false
19,72,-0.09999999999999998,-0.20000000000000018,-0.8599817156791687,true,false
20,72,-0.050000000000000044,-0.20000000000000018,-0.8575289249420166,true,false
21,72,0.0,-0.20000000000000018,-0.8036556307253364,true,false
22,72,0.050000000000000044,-0.20000000000000018,-0.8533467054367065,true,false
23,72,0.10000000000000009,-0.20000000000000018,-0.8088354531702522,true,false
24,72,0.15000000000000013,-0.20000000000000018,-0.8102215293821815,true,false
25,72,0.19999999999999996,-0.20000000000000018,-0.8396980464458466,true,false
26,72,0.25,-0.20000000000000018,-0.8119416300234321,true,false
27,72,0.30000000000000004,-0.20000000000000018,-0.8113882903036598,true,false
28,72,0.3500000000000001,-0.20000000000000018,-0.8277674317359924,true,false
29,72,0.40000000000000013,-0.20000000000000018,-0.8100000023841858,true,false
30,72,0.44999999999999996,-0.20000000000000018,-0.8000090483603004,true,false
31,72,0.5,-0.20000000000000018,-0.7954197589334968,true,false
32,72,0.55,-0.20000000000000018,-0.7925862951633869,false,true
33,72,0.6000000000000001,-0.20000000000000018,-0.792633212657209,false,true
34,72,0.6500000000000001,-0.20000000000000018,-0.7930258193400951,false,true
35,72,0.7,-0.20000000000000018,-0.793282151555255,false,true
36,72,0.75,-0.20000000000000018,-0.7935108533785384,false,true
37,72,0.8,-0.20000000000000018,-0.7937132278878887,false,true
0,73,-1.05,-0.1499999999999999,-0.8288832902908325,false,true
1,73,-1.0,-0.1499999999999999,-0.8288832902908325,false,true
2,73,-0.9500000000000001,-0.1499999999999999,-0.8379059904854594,false,true
3,73,-0.9,-0.1499999999999999,-0.8431910569124877,false,true
4,73,-0.8500000000000001,-0.1499999999999999,-0.8431895379516672,false,true
5,73,-0.8,-0.1499999999999999,-0.8431884325740278,false,true
6,73,-0.75,-0.1499999999999999,-0.8431879878044128,false,true
7,73,-0.7,-0.1499999999999999,-0.8431879878044128,false,true
8,73,-0.65,-0.1499999999999999,-0.842982868900863,false,true
9,73,-0.6000000000000001,-0.1499999999999999,-0.8425393746093126,false,true
10,73,-0.55,-0.1499999999999999,-0.8422545462889043,false,true
11,73,-0.5,-0.1499999999999999,-0.8418161039600635,false,true
12,73,-0.44999999999999996,-0.1499999999999999,-0.8413395541258217,false,true
13,73,-0.4,-0.1499999999999999,-0.8399999737739563,true,false
14,73,-0.35,-0.1499999999999999,-0.8486320376396179,true,false
15,73,-0.30000000000000004,-0.1499999999999999,-0.7827437285360817,true,false
16,73,-0.25,-0.1499999999999999,-0.8598198294639587,true,false
17,73,-0.19999999999999996,-0.1499999999999999,-0.7886019412455085,true,false
18,73,-0.15000000000000002,-0.1499999999999999,-0.7951254908022407,true,false
19,73,-0.09999999999999998,-0.1499999999999999,-0.858901858329773,true,false
20,73,-0.050000000000000044,-0.1499999999999999,-0.828913691827512,true,false
21,73,0.0,-0.1499999999999999,-0.8037862245020393,true,false
22,73,0.050000000000000044,-0.1499999999999999,-0.8546344041824341,true,false
23,73,0.10000000000000009,-0.1499999999999999,-0.8492680191993713,true,false
24,73,0.15000000000000013,-0.1499999999999999,-0.8449702262878418,true,false
25,73,0.19999999999999996,-0.1499999999999999,-0.8399999737739563,true,false
26,73,0.25,-0.1499999999999999,-0.8124839130815986,true,false
27,73,0.30000000000000004,-0.1499999999999999,-0.8119100991663459,true,false
28,73,0.3500000000000001,-0.1499999999999999,-0.8066095177111152,true,false
29,73,0.40000000000000013,-0.1499999999999999,-0.8010338906225685,true,false
30,73,0.44999999999999996,-0.1499999999999999,-0.8019222680506233,true,false
31,73,0.5,-0.1499999999999999,-0.799679727927428,false,true
32,73,0.55,-0.1499999999999999,-0.7954197589334968,false,true
33,73,0.6000000000000001,-0.1499999999999999,-0.796578945542466,false,true
34,73,0.6500000000000001,-0.1499999999999999,-0.7965479943968614,false,true
35,73,0.7,-0.1499999999999999,-0.796522303128266,false,true
36,73,0.75,-0.1499999999999999,-0.7964848952675119,false,true
37,73,0.8,-0.1499999999999999,-0.7964601800060577,false,true
0,74,-1.05,-0.10000000000000009,-0.8288832902908325,false,true
1,74,-1.0,-0.10000000000000009,-0.8379046637205654,false,true
2,74,-0.9500000000000001,-0.10000000000000009,-0.8431891083159522,false,true
3,74,-0.9,-0.10000000000000009,-0.8431884957916344,false,true
4,74,-0.8500000000000001,-0.10000000000000009,-0.843188118074417,false,true
5,74,-0.8,-0.10000000000000009,-0.8431879878044128,false,true
6,74,-0.75,-0.10000000000000009,-0.8431879878044128,false,true
7,74,-0.7,-0.10000000000000009,-0.8438093632346133,false,true
8,74,-0.65,-0.10000000000000009,-0.8439929564679788,false,true
9,74,-0.6000000000000001,-0.10000000000000009,-0.8440012286449665,false,true
10,74,-0.55,-0.10000000000000009,-0.8440388722612746,false,true
11,74,-0.5,-0.10000000000000009,-0.8441761611593176,false,true
12,74,-0.44999999999999996,-0.10000000000000009,-0.8443061773849024,false,true
13,74,-0.4,-0.10000000000000009,-0.844573587179184,true,false
14,74,-0.35,-0.10000000000000009,-0.8495368957519531,true,false
15,74,-0.30000000000000004,-0.10000000000000009,-0.8566385209560394,true,false
16,74,-0.25,-0.10000000000000009,-0.8600852489471436,true,false
17,74,-0.19999999999999996,-0.10000000000000009,-0.7923926774439338,true,false
18,74,-0.15000000000000002,-0.10000000000000009,-0.7964091960367683,true,false
19,74,-0.09999999999999998,-0.10000000000000009,-0.8592212796211243,true,false
20,74,-0.050000000000000044,-0.10000000000000009,-0.8575475811958313,true,false
21,74,0.0,-0.10000000000000009,-0.8060955170568946,true,false
22,74,0.050000000000000044,-0.10000000000000009,-0.8534296751022339,true,false
23,74,0.10000000000000009,-0.10000000000000009,-0.8101822797235969,true,false
24,74,0.15000000000000013,-0.10000000000000009,-0.8103265229639534,true,false
25,74,0.19999999999999996,-0.10000000000000009,-0.8399999737739563,true,false
26,74,0.25,-0.10000000000000009,-0.8368207812309265,true,false
27,74,0.30000000000000004,-0.10000000000000009,-0.8100000023841858,true,false
28,74,0.3500000000000001,-0.10000000000000009,-0.7668749690055847,true,false
29,74,0.40000000000000013,-0.10000000000000009,-0.8003258470472816,true,false
30,74,0.44999999999999996,-0.10000000000000009,-0.8022034827646736,true,false
31,74,0.5,-0.10000000000000009,-0.8021558795153518,false,true
32,74,0.55,-0.10000000000000009,-0.8022109333452706,false,true
33,74,0.6000000000000001,-0.10000000000000009,-0.8004190046066291,false,true
34,74,0.6500000000000001,-0.10000000000000009,-0.7999824539759545,false,true
35,74,0.7,-0.10000000000000009,-0.7996347362757511,false,true
36,74,0.75,-0.10000000000000009,-0.7993745539756304,false,true
37,74,0.8,-0.10000000000000009,-0.7991650582662403,false,true
0,75,-1.05,-0.050000000000000266,-0.8379041546548737,false,true
1,75,-1.0,-0.050000000000000266,-0.843188387443425,false,true
2,75,-0.9500000000000001,-0.050000000000000266,-0.8431881523948269,false,true
3,75,-0.9,-0.050000000000000266,-0.8431880259596137,false,true
4,75,-0.8500000000000001,-0.050000000000000266,-0.8431879878044128,false,true
5,75,-0.8,-0.050000000000000266,-0.8431879878044128,false,true
6,75,-0.75,-0.050000000000000266,-0.8444363541614522,false,true
7,75,-0.7,-0.050000000000000266,-0.8451184564461666,false,true
8,75,-0.65,-0.050000000000000266,-0.8452549750884927,false,true
9,75,-0.6000000000000001,-0.050000000000000266,-0.8454348397017587,false,true
10,75,-0.55,-0.050000000000000266,-0.8456946748883093,false,true
11,75,-0.5,-0.050000000000000266,-0.8460674847409101,false,true
12,75,-0.44999999999999996,-0.050000000000000266,-0.8468288974832633,false,true
13,75,-0.4,-0.050000000000000266,-0.8482342064380646,true,false
14,75,-0.35,-0.050000000000000266,-0.8524166345596313,true,false
15,75,-0.30000000000000004,-0.050000000000000266,-0.7842134300646308,true,false
16,75,-0.25,-0.050000000000000266,-0.7885791722712043,true,false
17,75,-0.19999999999999996,-0.050000000000000266,-0.8270053299157383,true,false
18,75,-0.15000000000000002,-0.050000000000000266,-0.828980419227338,true,false
19,75,-0.09999999999999998,-0.050000000000000266,-0.858803391456604,true,false
20,75,-0.050000000000000044,-0.050000000000000266,-0.8029410306391243,true,false
21,75,0.0,-0.050000000000000266,-0.8566024899482727,true,false
22,75,0.050000000000000044,-0.050000000000000266,-0.8077951137003425,true,false
23,75,0.10000000000000009,-0.050000000000000266,-0.8305022450177433,true,false
24,75,0.15000000000000013,-0.050000000000000266,-0.8286759587018253,true,false
25,75,0.19999999999999996,-0.050000000000000266,-0.8263567419736149,true,false
26,75,0.25,-0.050000000000000266,-0.8135692242559913,true,false
27,75,0.30000000000000004,-0.050000000000000266,-0.8100000023841858,true,false
28,75,0.3500000000000001,-0.050000000000000266,-0.8059105340418342,true,false
29,75,0.40000000000000013,-0.050000000000000266,-0.8015152875360969,true,false
30,75,0.44999999999999996,-0.050000000000000266,-0.8022443119463447,true,false
31,75,0.5,-0.050000000000000266,-0.8022109333452705,true,false
32,75,0.55,-0.050000000000000266,-0.8028840803547684,false,true
33,75,0.6000000000000001,-0.050000000000000266,-0.8027685865868803,false,true
34,75,0.6500000000000001,-0.050000000000000266,-0.8022297310671362,false,true
35,75,0.7,-0.050000000000000266,-0.8018588514854748,false,true
36,75,0.75,-0.050000000000000266,-0.80154894959149,false,true
37,75,0.8,-0.050000000000000266,-0.801285412657429,false,true
0,76,-1.05,0.0,-0.8431881277002283,false,true
1,76,-1.0,0.0,-0.8431880406408312,false,true
2,76,-0.9500000000000001,0.0,-0.8431879989798126,false,true
3,76,-0.9,0.0,-0.8431879878044128,false,true
4,76,-0.8500000000000001,0.0,-0.8431879878044128,false,true
5,76,-0.8,0.0,-0.8447330894703657,false,true
6,76,-0.75,0.0,-0.8456944394849826,false,true
7,76,-0.7,0.0,-0.8458641634192586,false,true
8,76,-0.65,0.0,-0.8460508899088602,false,true
9,76,-0.6000000000000001,0.0,-0.8462543545565472,false,true
10,76,-0.55,0.0,-0.8464633446974411,false,true
11,76,-0.5,0.0,-0.8466859558675666,false,true
12,76,-0.44999999999999996,0.0,-0.8467519918701182,false,true
13,76,-0.4,0.0,-0.8470968008041382,true,false
14,76,-0.35,0.0,-0.851727306842804,true,false
15,76,-0.30000000000000004,0.0,-0.8192224534241916,true,false
16,76,-0.25,0.0,-0.7884858015951637,true,false
17,76,-0.19999999999999996,0.0,-0.7934407059130195,true,false
18,76,-0.15000000000000002,0.0,-0.8283043833462955,true,false
19,76,-0.09999999999999998,0.0,-0.80002839006753,true,false
20,76,-0.050000000000000044,0.0,-0.8293144106864929,true,false
21,76,0.0,0.0,-0.8399999737739563,true,false
22,76,0.050000000000000044,0.0,-0.8543590903282166,true,false
23,76,0.10000000000000009,0.0,-0.8306479187695743,true,false
24,76,0.15000000000000013,0.0,-0.8478473722934723,true,false
25,76,0.19999999999999996,0.0,-0.813987142222834,true,false
26,76,0.25,0.0,-0.8324335813522339,true,false
27,76,0.30000000000000004,0.0,-0.8258314728736877,true,false
28,76,0.3500000000000001,0.0,-0.8101701501783851,true,false
29,76,0.40000000000000013,0.0,-0.802026635783625,true,false
30,76,0.44999999999999996,0.0,-0.801964676755381,true,false
31,76,0.5,0.0,-0.8038360539850715,true,false
32,76,0.55,0.0,-0.8031629069755735,false,true
33,76,0.6000000000000001,0.0,-0.8032784007434615,false,true
34,76,0.6500000000000001,0.0,-0.8032107460606023,false,true
35,76,0.7,0.0,-0.8030248954457506,false,true
36,76,0.75,0.0,-0.8028235738328923,false,true
37,76,0.8,0.0,-0.802625762067634,false,true
0,77,-1.05,0.04999999999999982,-0.8431880046356448,false,true
1,77,-1.0,0.04999999999999982,-0.8431879910776116,false,true
2,77,-0.9500000000000001,0.04999999999999982,-0.8431879878044128,false,true
3,77,-0.9,0.04999999999999982,-0.8431879878044128,false,true
4,77,-0.8500000000000001,0.04999999999999982,-0.8446798985286225,false,true
5,77,-0.8,0.04999999999999982,-0.8456893917468966,false,true
6,77,-0.75,0.04999999999999982,-0.8458553742816565,false,true
7,77,-0.7,0.04999999999999982,-0.846030396634086,false,true
8,77,-0.65,0.04999999999999982,-0.8462092806159759,false,true
9,77,-0.6000000000000001,0.04999999999999982,-0.8463791976517395,false,true
10,77,-0.55,0.04999999999999982,-0.8465184775331304,false,true
11,77,-0.5,0.04999999999999982,-0.846544384918045,false,true
12,77,-0.44999999999999996,0.04999999999999982,-0.8464496252414566,false,true
13,77,-0.4,0.04999999999999982,-0.844782143831253,true,false
14,77,-0.35,0.04999999999999982,-0.8491748869419098,true,false
15,77,-0.30000000000000004,0.04999999999999982,-0.8545806407928467,true,false
16,77,-0.25,0.04999999999999982,-0.7887498501715187,true,false
17,77,-0.19999999999999996,0.04999999999999982,-0.8620864748954773,true,false
18,77,-0.15000000000000002,0.04999999999999982,-0.8600218892097473,true,false
19,77,-0.09999999999999998,0.04999999999999982,-0.8580524325370789,true,false
20,77,-0.050000000000000044,0.04999999999999982,-0.8063263360437873,true,false
21,77,0.0,0.04999999999999982,-0.8564444780349731,true,false
22,77,0.050000000000000044,0.04999999999999982,-0.8099842134890083,true,false
23,77,0.10000000000000009,0.04999999999999982,-0.8306119473664524,true,false
24,77,0.15000000000000013,0.04999999999999982,-0.8293424876420261,true,false
25,77,0.19999999999999996,0.04999999999999982,-0.8286980124203922,true,false
26,77,0.25,0.04999999999999982,-0.8397514820098877,true,false
27,77,0.30000000000000004,0.04999999999999982,-0.8353197872638702,true,false
28,77,0.3500000000000001,0.04999999999999982,-0.8309148848056793,true,false
29,77,0.40000000000000013,0.04999999999999982,-0.8016825381693367,true,false
30,77,0.44999999999999996,0.04999999999999982,-0.8012627128538612,true,false
31,77,0.5,0.04999999999999982,-0.802343044665317,false,true
32,77,0.55,0.04999999999999982,-0.8038360539850716,false,true
33,77,0.6000000000000001,0.04999999999999982,-0.8035572273642666,false,true
34,77,0.6500000000000001,0.04999999999999982,-0.8035572273642666,false,true
35,77,0.7,0.04999999999999982,-0.8035035844250066,false,true
36,77,0.75,0.04999999999999982,-0.8034228264625531,false,true
37,77,0.8,0.04999999999999982,-0.8033200039931342,false,true
0,78,-1.05,0.10000000000000009,-0.8431879887631106,false,true
1,78,-1.0,0.10000000000000009,-0.8431879878044128,false,true
2,78,-0.9500000000000001,0.10000000000000009,-0.8431879878044128,false,true
3,78,-0.9,0.10000000000000009,-0.8443304793856057,false,true
4,78,-0.8500000000000001,0.10000000000000009,-0.8451771412119329,false,true
5,78,-0.8,0.10000000000000009,-0.8453089489664994,false,true
6,78,-0.75,0.10000000000000009,-0.8454496092570367,false,true
7,78,-0.7,0.10000000000000009,-0.8455990661595294,false,true
8,78,-0.65,0.10000000000000009,-0.8457569232060317,false,true
9,78,-0.6000000000000001,0.10000000000000009,-0.8459239076989493,false,true
10,78,-0.55,0.10000000000000009,-0.8460980791088091,false,true
11,78,-0.5,0.10000000000000009,-0.8463143606235828,false,true
12,78,-0.44999999999999996,0.10000000000000009,-0.8464707883857694,false,true
13,78,-0.4,0.10000000000000009,-0.8481606245040894,true,false
14,78,-0.35,0.10000000000000009,-0.8468987941741943,true,false
15,78,-0.30000000000000004,0.10000000000000009,-0.8498532176017761,true,false
16,78,-0.25,0.10000000000000009,-0.8223227890221836,true,false
17,78,-0.19999999999999996,0.10000000000000009,-0.827896776982999,true,false
18,78,-0.15000000000000002,0.10000000000000009,-0.8595754206180573,true,false
19,78,-0.09999999999999998,0.10000000000000009,-0.857742190361023,true,false
20,78,-0.050000000000000044,0.10000000000000009,-0.857585072517395,true,false
21,78,0.0,0.10000000000000009,-0.8329517873017551,true,false
22,78,0.050000000000000044,0.10000000000000009,-0.8322585554806949,true,false
23,78,0.10000000000000009,0.10000000000000009,-0.8134918872293952,true,false
24,78,0.15000000000000013,0.10000000000000009,-0.8457666635513306,true,false
25,78,0.19999999999999996,0.10000000000000009,-0.8156861726221565,true,false
26,78,0.25,0.10000000000000009,-0.8270467551438572,true,false
27,78,0.30000000000000004,0.10000000000000009,-0.8334205150604248,true,false
28,78,0.3500000000000001,0.10000000000000009,-0.8113868299898628,true,false
29,78,0.40000000000000013,0.10000000000000009,-0.802185601371241,true,false
30,78,0.44999999999999996,0.10000000000000009,-0.8021377984461311,true,false
31,78,0.5,0.10000000000000009,-0.8014499350866156,false,true
32,78,0.55,0.10000000000000009,-0.8022347162910665,false,true
33,78,0.6000000000000001,0.10000000000000009,-0.8038360539850716,false,true
34,78,0.6500000000000001,0.10000000000000009,-0.8037205602171835,false,true
35,78,0.7,0.10000000000000009,-0.8037065484735844,false,true
36,78,0.75,0.10000000000000009,-0.8036710212226074,false,true
37,78,0.8,0.10000000000000009,-0.8036297499667354,false,true
0,79,-1.05,0.1499999999999999,-0.8431879878044128,false,true
1,79,-1.0,0.1499999999999999,-0.8431879878044128,false,true
2,79,-0.9500000000000001,0.1499999999999999,-0.8437923464387742,false,true
3,79,-0.9,0.1499999999999999,-0.8443250397802059,false,true
4,79,-0.8500000000000001,0.1499999999999999,-0.8443994266940738,false,true
5,79,-0.8,0.1499999999999999,-0.8444784863628351,false,true
6,79,-0.75,0.1499999999999999,-0.8445635999607776,false,true
7,79,-0.7,0.1499999999999999,-0.8446574579014918,false,true
8,79,-0.65,0.1499999999999999,-0.8447656081270033,false,true
9,79,-0.6000000000000001,0.1499999999999999,-0.844898497025734,false,true
10,79,-0.55,0.1499999999999999,-0.8450830222947668,false,true
11,79,-0.5,0.1499999999999999,-0.8453459050480896,false,true
12,79,-0.44999999999999996,0.1499999999999999,-0.8459578737428931,false,true
13,79,-0.4,0.1499999999999999,-0.8457696437835693,true,false
14,79,-0.35,0.1499999999999999,-0.8461403846740723,true,false
15,79,-0.30000000000000004,0.1499999999999999,-0.8153910668580295,true,false
16,79,-0.25,0.1499999999999999,-0.7885791722712043,true,false
17,79,-0.19999999999999996,0.1499999999999999,-0.7957204047617439,true,false
18,79,-0.15000000000000002,0.1499999999999999,-0.8293536337105991,true,false
19,79,-0.09999999999999998,0.1499999999999999,-0.8047957483706001,true,false
20,79,-0.050000000000000044,0.1499999999999999,-0.8086202207979682,true,false
21,79,0.0,0.1499999999999999,-0.8544192314147949,true,false
22,79,0.050000000000000044,0.1499999999999999,-0.8521666526794434,true,false
23,79,0.10000000000000009,0.1499999999999999,-0.8494257032871246,true,false
24,79,0.15000000000000013,0.1499999999999999,-0.8449813723564148,true,false
25,79,0.19999999999999996,0.1499999999999999,-0.8163935605463508,true,false
26,79,0.25,0.1499999999999999,-0.8386254906654358,true,false
27,79,0.30000000000000004,0.1499999999999999,-0.8149259749826911,true,false
28,79,0.3500000000000001,0.1499999999999999,-0.8213864298550846,true,false
29,79,0.40000000000000013,0.1499999999999999,-0.8026975456652168,true,false
30,79,0.44999999999999996,0.1499999999999999,-0.8006643716272834,true,false
31,79,0.5,0.1499999999999999,-0.8009716026548441,false,true
32,79,0.55,0.1499999999999999,-0.8007334676289445,false,true
33,79,0.6000000000000001,0.1499999999999999,-0.8016384167580778,false,true
34,79,0.6500000000000001,0.1499999999999999,-0.8038360539850716,false,true
35,79,0.7,0.1499999999999999,-0.8037882149000428,false,true
36,79,0.75,0.1499999999999999,-0.8037783071011275,false,true
37,79,0.8,0.1499999999999999,-0.8037579936113182,false,true
0,80,-1.05,0.19999999999999973,-0.8431879878044128,false,true
1,80,-1.0,0.19999999999999973,-0.8431897603716609,false,true
2,80,-0.9500000000000001,0.19999999999999973,-0.8433415555949815,false,true
3,80,-0.9,0.19999999999999973,-0.8433555635211554,false,true
4,80,-0.8500000000000001,0.19999999999999973,-0.8433677393660236,false,true
5,80,-0.8,0.19999999999999973,-0.8433780971658486,false,true
6,80,-0.75,0.19999999999999973,-0.8433869946640805,false,true
7,80,-0.7,0.19999999999999973,-0.8433953985893309,false,true
8,80,-0.65,0.19999999999999973,-0.8434050450812596,false,true
9,80,-0.6000000000000001,0.19999999999999973,-0.8434193752721835,false,true
10,80,-0.55,0.19999999999999973,-0.8434379568045924,false,true
11,80,-0.5,0.19999999999999973,-0.8434799116108875,false,true
12,80,-0.44999999999999996,0.19999999999999973,-0.843355567282471,false,true
13,80,-0.4,0.19999999999999973,-0.8440213203430176,true,false
14,80,-0.35,0.19999999999999973,-0.8450138866901398,true,false
15,80,-0.30000000000000004,0.19999999999999973,-0.8157539399354221,true,false
16,80,-0.25,0.19999999999999973,-0.8215763004510166,true,false
17,80,-0.19999999999999996,0.19999999999999973,-0.859308511018753,true,false
18,80,-0.15000000000000002,0.19999999999999973,-0.7980978552278999,true,false
19,80,-0.09999999999999998,0.19999999999999973,-0.8040283981737617,true,false
20,80,-0.050000000000000044,0.19999999999999973,-0.8564481139183044,true,false
21,80,0.0,0.19999999999999973,-0.8103398147997383,true,false
22,80,0.050000000000000044,0.19999999999999973,-0.8129776183542732,true,false
23,80,0.10000000000000009,0.19999999999999973,-0.847793698310852,true,false
24,80,0.15000000000000013,0.19999999999999973,-0.8150788906988624,true,false
25,80,0.19999999999999996,0.19999999999999973,-0.828188958951688,true,false
26,80,0.25,0.19999999999999973,-0.8399999737739563,true,false
27,80,0.30000000000000004,0.19999999999999973,-0.8336211144924164,true,false
28,80,0.3500000000000001,0.19999999999999973,-0.8114897076067451,true,false
29,80,0.40000000000000013,0.19999999999999973,-0.8036108080324653,true,false
30,80,0.44999999999999996,0.19999999999999973,-0.8002398971495155,true,false
31,80,0.5,0.19999999999999973,-0.7996802263879702,false,true
32,80,0.55,0.19999999999999973,-0.7992139801851764,false,true
33,80,0.6000000000000001,0.19999999999999973,-0.7988417965366903,false,true
34,80,0.6500000000000001,0.19999999999999973,-0.8003411144969623,false,true
35,80,0.7,0.19999999999999973,-0.8038360539850716,false,true
36,80,0.75,0.19999999999999973,-0.8038162383872413,false,true
37,80,0.8,0.19999999999999973,-0.80090841667585,false,true
0,81,-1.05,0.24999999999999956,-0.8426227538572953,false,true
1,81,-1.0,0.24999999999999956,-0.8424057577349376,false,true
2,81,-0.9500000000000001,0.24999999999999956,-0.8423750102296674,false,true
3,81,-0.9,0.24999999999999956,-0.8423382612105815,false,true
4,81,-0.8500000000000001,0.24999999999999956,-0.8422944811032909,false,true
5,81,-0.8,0.24999999999999956,-0.8422423442282236,false,true
6,81,-0.75,0.24999999999999956,-0.8421800114082486,false,true
7,81,-0.7,0.24999999999999956,-0.8421046464816032,false,true
8,81,-0.65,0.24999999999999956,-0.8420115468519436,false,true
9,81,-0.6000000000000001,0.24999999999999956,-0.8418913271864295,false,true
10,81,-0.55,0.24999999999999956,-0.8417294499944578,false,true
11,81,-0.5,0.24999999999999956,-0.8414706755050256,false,true
12,81,-0.44999999999999996,0.24999999999999956,-0.8411777989145331,false,true
13,81,-0.4,0.24999999999999956,-0.8399999737739563,true,false
14,81,-0.35,0.24999999999999956,-0.8093243571011783,true,false
15,81,-0.30000000000000004,0.24999999999999956,-0.7832933131632331,true,false
16,81,-0.25,0.24999999999999956,-0.7885320846018318,true,false
17,81,-0.19999999999999996,0.24999999999999956,-0.791308588164759,true,false
18,81,-0.15000000000000002,0.24999999999999956,-0.8606078624725342,true,false
19,81,-0.09999999999999998,0.24999999999999956,-0.8321833344189884,true,false
20,81,-0.050000000000000044,0.24999999999999956,-0.8572939038276672,true,false
21,81,0.0,0.24999999999999956,-0.831754061767316,true,false
22,81,0.050000000000000044,0.24999999999999956,-0.8130442563471321,true,false
23,81,0.10000000000000009,0.24999999999999956,-0.8493077158927917,true,false
24,81,0.15000000000000013,0.24999999999999956,-0.815249508994532,true,false
25,81,0.19999999999999996,0.24999999999999956,-0.8159907523569587,true,false
26,81,0.25,0.24999999999999956,-0.8399999737739563,true,false
27,81,0.30000000000000004,0.24999999999999956,-0.8149512473520759,true,false
28,81,0.3500000000000001,0.24999999999999956,-0.8111966315683845,true,false
29,81,0.40000000000000013,0.24999999999999956,-0.8032435838160041,true,false
30,81,0.44999999999999996,0.24999999999999956,-0.7979045871672157,true,false
31,81,0.5,0.24999999999999956,-0.7967969860121127,false,true
32,81,0.55,0.24999999999999956,-0.7964237782810539,false,true
33,81,0.6000000000000001,0.24999999999999956,-0.7962215772058158,false,true
34,81,0.6500000000000001,0.24999999999999956,-0.7960884363655913,false,true
35,81,0.7,0.24999999999999956,-0.7948321340092979,false,true
36,81,0.75,0.24999999999999956,-0.7939262453493598,false,true
37,81,0.8,0.24999999999999956,-0.7939238007697894,false,true
0,82,-1.05,0.30000000000000027,-0.8415881177445742,false,true
1,82,-1.0,0.30000000000000027,-0.8415632646882227,false,true
2,82,-0.9500000000000001,0.30000000000000027,-0.8415134434138558,false,true
3,82,-0.9,0.30000000000000027,-0.8414464278993747,false,true
4,82,-0.8500000000000001,0.30000000000000027,-0.8413706974766323,false,true
5,82,-0.8,0.30000000000000027,-0.8412845977165531,false,true
6,82,-0.75,0.30000000000000027,-0.8411858457117566,false,true
7,82,-0.7,0.30000000000000027,-0.8410712063285559,false,true
8,82,-0.65,0.30000000000000027,-0.8409359106408635,false,true
9,82,-0.6000000000000001,0.30000000000000027,-0.840773734713138,false,true
10,82,-0.55,0.30000000000000027,-0.8405736264885917,false,true
11,82,-0.5,0.30000000000000027,-0.8403449507705792,false,true
12,82,-0.44999999999999996,0.30000000000000027,-0.8399999737739562,false,true
13,82,-0.4,0.30000000000000027,-0.8399999737739563,true,false
14,82,-0.35,0.30000000000000027,-0.8450637459754944,true,false
15,82,-0.30000000000000004,0.30000000000000027,-0.7843800846514228,true,false
16,82,-0.25,0.30000000000000027,-0.7877528730806831,true,false
17,82,-0.19999999999999996,0.30000000000000027,-0.8254990013329746,true,false
18,82,-0.15000000000000002,0.30000000000000027,-0.7966348294195655,true,false
19,82,-0.09999999999999998,0.30000000000000027,-0.8324795993058445,true,false
20,82,-0.050000000000000044,0.30000000000000027,-0.8578321933746338,true,false
21,82,0.0,0.30000000000000027,-0.8328815134255649,true,false
22,82,0.050000000000000044,0.30000000000000027,-0.8135482732233528,true,false
23,82,0.10000000000000009,0.30000000000000027,-0.8500490188598633,true,false
24,82,0.15000000000000013,0.30000000000000027,-0.846721887588501,true,false
25,82,0.19999999999999996,0.30000000000000027,-0.8157417837557319,true,false
26,82,0.25,0.30000000000000027,-0.8420875072479248,true,false
27,82,0.30000000000000004,0.30000000000000027,-0.8387213051319122,true,false
28,82,0.3500000000000001,0.30000000000000027,-0.8074231509146217,true,false
29,82,0.40000000000000013,0.30000000000000027,-0.8014873329576973,true,false
30,82,0.44999999999999996,0.30000000000000027,-0.7917876902994636,true,false
31,82,0.5,0.30000000000000027,-0.7926395347392916,false,true
32,82,0.55,0.30000000000000027,-0.7929432187235269,false,true
33,82,0.6000000000000001,0.30000000000000027,-0.7931467866125416,false,true
34,82,0.6500000000000001,0.30000000000000027,-0.7901087137486908,false,true
35,82,0.7,0.30000000000000027,-0.7840164367136482,false,true
36,82,0.75,0.30000000000000027,-0.7840279059947545,false,true
37,82,0.8,0.30000000000000027,-0.7869318696128599,false,true
0,83,-1.05,0.3500000000000001,-0.8407299318541678,false,true
1,83,-1.0,0.3500000000000001,-0.8408056252835696,false,true
2,83,-0.9500000000000001,0.3500000000000001,-0.8408219770686822,false,true
3,83,-0.9,0.3500000000000001,-0.8407833998665981,false,true
4,83,-0.8500000000000001,0.3500000000000001,-0.8407054736863856,false,true
5,83,-0.8,0.3500000000000001,-0.8406208141734616,false,true
6,83,-0.75,0.3500000000000001,-0.8405288404493526,false,true
7,83,-0.7,0.3500000000000001,-0.8404291695124143,false,true
8,83,-0.65,0.3500000000000001,-0.8403222028016335,false,true
9,83,-0.6000000000000001,0.3500000000000001,-0.8402098454917774,false,true
10,83,-0.55,0.3500000000000001,-0.8401010151969137,false,true
11,83,-0.5,0.3500000000000001,-0.8399999737739562,false,true
12,83,-0.44999999999999996,0.3500000000000001,-0.8399999737739562,false,true
13,83,-0.4,0.3500000000000001,-0.8399999737739563,true,false
14,83,-0.35,0.3500000000000001,-0.8494737148284912,true,false
15,83,-0.30000000000000004,0.3500000000000001,-0.8175580533234836,true,false
16,83,-0.25,0.3500000000000001,-0.8586483597755432,true,false
17,83,-0.19999999999999996,0.3500000000000001,-0.7893189553198341,true,false
18,83,-0.15000000000000002,0.3500000000000001,-0.8315380247323276,true,false
19,83,-0.09999999999999998,0.3500000000000001,-0.8000872794565681,true,false
20,83,-0.050000000000000044,0.3500000000000001,-0.8329920204369785,true,false
21,83,0.0,0.3500000000000001,-0.8095923725542549,true,false
22,83,0.050000000000000044,0.3500000000000001,-0.8123992744860176,true,false
23,83,0.10000000000000009,0.3500000000000001,-0.8320768507210972,true,false
24,83,0.15000000000000013,0.3500000000000001,-0.8314589293687107,true,false
25,83,0.19999999999999996,0.3500000000000001,-0.8452330827713013,true,false
26,83,0.25,0.3500000000000001,-0.8287256391732456,true,false
27,83,0.30000000000000004,0.3500000000000001,-0.8403716087341309,true,false
28,83,0.3500000000000001,0.3500000000000001,-0.8388851284980774,true,false
29,83,0.40000000000000013,0.3500000000000001,-0.7991781894144538,true,false
30,83,0.44999999999999996,0.3500000000000001,-0.7885791722712043,true,false
31,83,0.5,0.3500000000000001,-0.7895189254441222,false,true
32,83,0.55,0.3500000000000001,-0.7901576834135374,false,true
33,83,0.6000000000000001,0.3500000000000001,-0.7883151472527219,false,true
34,83,0.6500000000000001,0.3500000000000001,-0.7840164367136482,false,true
35,83,0.7,0.3500000000000001,-0.7840441260076456,false,true
36,83,0.75,0.3500000000000001,-0.7840443186097229,false,true
37,83,0.8,0.3500000000000001,-0.7840456392957892,false,true
0,84,-1.05,0.3999999999999999,-0.8394194802038943,false,true
1,84,-1.0,0.3999999999999999,-0.83978955234567,false,true
2,84,-0.9500000000000001,0.3999999999999999,-0.8400746822370084,false,true
3,84,-0.9,0.3999999999999999,-0.8402520826403758,false,true
4,84,-0.8500000000000001,0.3999999999999999,-0.8403063065174845,false,true
5,84,-0.8,0.3999999999999999,-0.840246076287579,false,true
6,84,-0.75,0.3999999999999999,-0.8401858531231835,false,true
7,84,-0.7,0.3999999999999999,-0.8401274305609415,false,true
8,84,-0.65,0.3999999999999999,-0.8400737021570736,false,true
9,84,-0.6000000000000001,0.3999999999999999,-0.8400295681215596,false,true
10,84,-0.55,0.3999999999999999,-0.8399999737739562,false,true
11,84,-0.5,0.3999999999999999,-0.8399999737739562,false,true
12,84,-0.44999999999999996,0.3999999999999999,-0.8399999737739562,false,true
13,84,-0.4,0.3999999999999999,-0.8399999737739563,true,false
14,84,-0.35,0.3999999999999999,-0.8161695929257633,true,false
15,84,-0.30000000000000004,0.3999999999999999,-0.7863720718798164,true,false
16,84,-0.25,0.3999999999999999,-0.8227758737294437,true,false
17,84,-0.19999999999999996,0.3999999999999999,-0.8664833903312683,true,false
18,84,-0.15000000000000002,0.3999999999999999,-0.8700000047683716,true,false
19,84,-0.09999999999999998,0.3999999999999999,-0.8696595430374146,true,false
20,84,-0.050000000000000044,0.3999999999999999,-0.8331753047196628,true,false
21,84,0.0,0.3999999999999999,-0.8341226013390781,true,false
22,84,0.050000000000000044,0.3999999999999999,-0.8112990323481086,true,false
23,84,0.10000000000000009,0.3999999999999999,-0.8128018442568306,true,false
24,84,0.15000000000000013,0.3999999999999999,-0.8316072853295566,true,false
25,84,0.19999999999999996,0.3999999999999999,-0.8307518394677402,true,false
26,84,0.25,0.3999999999999999,-0.8136179510530952,true,false
27,84,0.30000000000000004,0.3999999999999999,-0.8113061253008369,true,false
28,84,0.3500000000000001,0.3999999999999999,-0.8059185210642341,true,false
29,84,0.40000000000000013,0.3999999999999999,-0.801296598094416,true,false
30,84,0.44999999999999996,0.3999999999999999,-0.7885791722712043,true,false
31,84,0.5,0.3999999999999999,-0.7885791722712044,false,true
32,84,0.55,0.3999999999999999,-0.7871606308992029,false,true
33,84,0.6000000000000001,0.3999999999999999,-0.7840164367136482,false,true
34,84,0.6500000000000001,0.3999999999999999,-0.7840832845827492,false,true
35,84,0.7,0.3999999999999999,-0.7840724728862674,false,true
36,84,0.75,0.3999999999999999,-0.7840652403289703,false,true
37,84,0.8,0.3999999999999999,-0.7840486478401364,false,true
0,85,-1.05,0.44999999999999973,-0.8366291195485612,false,true
1,85,-1.0,0.44999999999999973,-0.8375099740822635,false,true
2,85,-0.9500000000000001,0.44999999999999973,-0.838353893063289,false,true
3,85,-0.9,0.44999999999999973,-0.8391150825510064,false,true
4,85,-0.8500000000000001,0.44999999999999973,-0.839722007451954,false,true
5,85,-0.8,0.44999999999999973,-0.8400769772695045,false,true
6,85,-0.75,0.44999999999999973,-0.8400484805416621,false,true
7,85,-0.7,0.44999999999999973,-0.8400251587138241,false,true
8,85,-0.65,0.44999999999999973,-0.8400086417576844,false,true
9,85,-0.6000000000000001,0.44999999999999973,-0.8399999737739562,false,true
10,85,-0.55,0.44999999999999973,-0.8399999737739562,false,true
11,85,-0.5,0.44999999999999973,-0.8399999737739562,false,true
12,85,-0.44999999999999996,0.44999999999999973,-0.8399999737739563,false,true
13,85,-0.4,0.44999999999999973,-0.842468700847975,false,true
14,85,-0.35,0.44999999999999973,-0.8635337054729462,true,false
15,85,-0.30000000000000004,0.44999999999999973,-0.7878709498819831,true,false
16,85,-0.25,0.44999999999999973,-0.8634554743766785,true,false
17,85,-0.19999999999999996,0.44999999999999973,-0.7889645162996772,true,false
18,85,-0.15000000000000002,0.44999999999999973,-0.8352261515347721,true,false
19,85,-0.09999999999999998,0.44999999999999973,-0.8700000047683716,true,false
20,85,-0.050000000000000044,0.44999999999999973,-0.865264356136322,true,false
21,85,0.0,0.44999999999999973,-0.835002604314542,true,false
22,85,0.050000000000000044,0.44999999999999973,-0.8347503574578525,true,false
23,85,0.10000000000000009,0.44999999999999973,-0.8545189499855042,true,false
24,85,0.15000000000000013,0.44999999999999973,-0.8529258966445923,true,false
25,85,0.19999999999999996,0.44999999999999973,-0.8497706949710846,true,false
26,85,0.25,0.44999999999999973,-0.8121996287283424,true,false
27,85,0.30000000000000004,0.44999999999999973,-0.8267646165578129,true,false
28,85,0.3500000000000001,0.44999999999999973,-0.803689188140345,true,false
29,85,0.40000000000000013,0.44999999999999973,-0.7960061196264747,true,false
30,85,0.44999999999999996,0.44999999999999973,-0.7885791722712043,true,false
31,85,0.5,0.44999999999999973,-0.7872427779671572,false,true
32,85,0.55,0.44999999999999973,-0.7840164367136482,false,true
33,85,0.6000000000000001,0.44999999999999973,-0.7841778217458478,false,true
34,85,0.6500000000000001,0.44999999999999973,-0.7841132190110895,false,true
35,85,0.7,0.44999999999999973,-0.7840761262696749,false,true
36,85,0.75,0.44999999999999973,-0.7840295117478073,false,true
37,85,0.8,0.44999999999999973,-0.7839868936720992,false,true
0,86,-1.05,0.49999999999999956,-0.8308033325883858,false,true
1,86,-1.0,0.49999999999999956,-0.8322229703234129,false,true
2,86,-0.9500000000000001,0.49999999999999956,-0.8337517842590083,false,true
3,86,-0.9,0.49999999999999956,-0.8353792189891365,false,true
4,86,-0.8500000000000001,0.49999999999999956,-0.8370655371582665,false,true
5,86,-0.8,0.49999999999999956,-0.8386959354861164,false,true
6,86,-0.75,0.49999999999999956,-0.8400084018748236,false,true
7,86,-0.7,0.49999999999999956,-0.8400025125676109,false,true
8,86,-0.65,0.49999999999999956,-0.8399999737739562,false,true
9,86,-0.6000000000000001,0.49999999999999956,-0.8399999737739562,false,true
10,86,-0.55,0.49999999999999956,-0.8399999737739562,false,true
11,86,-0.5,0.49999999999999956,-0.8399999737739563,false,true
12,86,-0.44999999999999996,0.49999999999999956,-0.8493381297453462,false,true
13,86,-0.4,0.49999999999999956,-0.8635337054729462,false,true
14,86,-0.35,0.49999999999999956,-0.8093182831474908,false,true
15,86,-0.30000000000000004,0.49999999999999956,-0.7865241829332832,true,false
16,86,-0.25,0.49999999999999956,-0.7885791722712043,true,false
17,86,-0.19999999999999996,0.49999999999999956,-0.8700000047683716,true,false
18,86,-0.15000000000000002,0.49999999999999956,-0.7993677321848396,true,false
19,86,-0.09999999999999998,0.49999999999999956,-0.8755437135696411,true,false
20,86,-0.050000000000000044,0.49999999999999956,-0.867509663105011,true,false
21,86,0.0,0.49999999999999956,-0.8104310993132118,true,false
22,86,0.050000000000000044,0.49999999999999956,-0.8112902704653266,true,false
23,86,0.10000000000000009,0.49999999999999956,-0.8123517099794868,true,false
24,86,0.15000000000000013,0.49999999999999956,-0.855221688747406,true,false
25,86,0.19999999999999996,0.49999999999999956,-0.8334674568860294,true,false
26,86,0.25,0.49999999999999956,-0.8522577285766602,true,false
27,86,0.30000000000000004,0.49999999999999956,-0.807556695121241,true,false
28,86,0.3500000000000001,0.49999999999999956,-0.8252733679501774,true,false
29,86,0.40000000000000013,0.49999999999999956,-0.793913728373957,true,false
30,86,0.44999999999999996,0.49999999999999956,-0.7885791722712043,true,false
31,86,0.5,0.49999999999999956,-0.7840164367136482,true,false
32,86,0.55,0.49999999999999956,-0.7844060546471485,false,true
33,86,0.6000000000000001,0.49999999999999956,-0.7841186392448694,false,true
34,86,0.6500000000000001,0.49999999999999956,-0.7840165108986265,false,true
35,86,0.7,0.49999999999999956,-0.7839206277203183,false,true
36,86,0.75,0.49999999999999956,-0.783848275954559,false,true
37,86,0.8,0.49999999999999956,-0.7837868979224702,false,true
0,87,-1.05,0.5500000000000003,-0.8204965622457602,false,true
1,87,-1.0,0.5500000000000003,-0.8220890201559758,false,true
2,87,-0.9500000000000001,0.5500000000000003,-0.8239299781814724,false,true
3,87,-0.9,0.5500000000000003,-0.8260869456997858,false,true
4,87,-0.8500000000000001,0.5500000000000003,-0.8286516165010593,false,true
5,87,-0.8,0.5500000000000003,-0.8317483656197128,false,true
6,87,-0.75,0.5500000000000003,-0.8354872826635024,false,true
7,87,-0.7,0.5500000000000003,-0.8399999737739562,false,true
8,87,-0.65,0.5500000000000003,-0.8399999737739562,false,true
9,87,-0.6000000000000001,0.5500000000000003,-0.8399999737739562,false,true
10,87,-0.55,0.5500000000000003,-0.8399999737739563,false,true
11,87,-0.5,0.5500000000000003,-0.8511324511921274,false,true
12,87,-0.44999999999999996,0.5500000000000003,-0.8635337054729462,false,true
13,87,-0.4,0.5500000000000003,-0.8137267100653406,false,true
14,87,-0.35,0.5500000000000003,-0.7864099391145284,false,true
15,87,-0.30000000000000004,0.5500000000000003,-0.7863291565355781,true,false
16,87,-0.25,0.5500000000000003,-0.7885791722712043,true,false
17,87,-0.19999999999999996,0.5500000000000003,-0.7938327554640296,true,false
18,87,-0.15000000000000002,0.5500000000000003,-0.8354726763455631,true,false
19,87,-0.09999999999999998,0.5500000000000003,-0.8055710855898384,true,false
20,87,-0.050000000000000044,0.5500000000000003,-0.8399262757985355,true,false
21,87,0.0,0.5500000000000003,-0.8651231527328491,true,false
22,87,0.050000000000000044,0.5500000000000003,-0.8127204243120674,true,false
23,87,0.10000000000000009,0.5500000000000003,-0.8142496410784248,true,false
24,87,0.15000000000000013,0.5500000000000003,-0.837664011308408,true,false
25,87,0.19999999999999996,0.5500000000000003,-0.8589089214801788,true,false
26,87,0.25,0.5500000000000003,-0.8121159736094001,true,false
27,87,0.30000000000000004,0.5500000000000003,-0.8320781322209598,true,false
28,87,0.3500000000000001,0.5500000000000003,-0.8026985887465004,true,false
29,87,0.40000000000000013,0.5500000000000003,-0.794460124152613,true,false
30,87,0.44999999999999996,0.5500000000000003,-0.7895467642721656,true,false
31,87,0.5,0.5500000000000003,-0.7849570576128486,true,false
32,87,0.55,0.5500000000000003,-0.7838143750161521,false,true
33,87,0.6000000000000001,0.5500000000000003,-0.7837107687590461,false,true
34,87,0.6500000000000001,0.5500000000000003,-0.7835924371383802,false,true
35,87,0.7,0.5500000000000003,-0.7835181047910446,false,true
36,87,0.75,0.5500000000000003,-0.7834574824517215,false,true
37,87,0.8,0.5500000000000003,-0.7834100729934987,false,true
0,88,-1.05,0.6000000000000001,-0.80543143172323,false,true
1,88,-1.0,0.6000000000000001,-0.8065180785939722,false,true
2,88,-0.9500000000000001,0.6000000000000001,-0.8078227482455262,false,true
3,88,-0.9,0.6000000000000001,-0.8094303246558114,false,true
4,88,-0.8500000000000001,0.6000000000000001,-0.8114813620111221,false,true
5,88,-0.8,0.6000000000000001,-0.8142278329131353,false,true
6,88,-0.75,0.6000000000000001,-0.8182007021726868,false,true
7,88,-0.7,0.6000000000000001,-0.8245901437881896,false,true
8,88,-0.65,0.6000000000000001,-0.8399999737739562,false,true
9,88,-0.6000000000000001,0.6000000000000001,-0.8399999737739563,false,true
10,88,-0.55,0.6000000000000001,-0.8516011349069573,false,true
11,88,-0.5,0.6000000000000001,-0.8635337054729462,false,true
12,88,-0.44999999999999996,0.6000000000000001,-0.8146258650750517,false,true
13,88,-0.4,0.6000000000000001,-0.7863626177753829,false,true
14,88,-0.35,0.6000000000000001,-0.7863291565355781,false,true
15,88,-0.30000000000000004,0.6000000000000001,-0.7888599148319864,false,true
16,88,-0.25,0.6000000000000001,-0.78927159942956,true,false
17,88,-0.19999999999999996,0.6000000000000001,-0.798006004470301,true,false
18,88,-0.15000000000000002,0.6000000000000001,-0.8020445171770576,true,false
19,88,-0.09999999999999998,0.6000000000000001,-0.8058836821493629,true,false
20,88,-0.050000000000000044,0.6000000000000001,-0.8092869285521034,true,false
21,88,0.0,0.6000000000000001,-0.8116617862162117,true,false
22,88,0.050000000000000044,0.6000000000000001,-0.8115178409990791,true,false
23,88,0.10000000000000009,0.6000000000000001,-0.8117431167540077,true,false
24,88,0.15000000000000013,0.6000000000000001,-0.8371384175507786,true,false
25,88,0.19999999999999996,0.6000000000000001,-0.8124746147570137,true,false
26,88,0.25,0.6000000000000001,-0.811578101294947,true,false
27,88,0.30000000000000004,0.6000000000000001,-0.8072686258730415,true,false
28,88,0.3500000000000001,0.6000000000000001,-0.8012625042376045,true,false
29,88,0.40000000000000013,0.6000000000000001,-0.7932496134218696,true,false
30,88,0.44999999999999996,0.6000000000000001,-0.7885791722712043,true,false
31,88,0.5,0.6000000000000001,-0.7819963160929206,true,false
32,88,0.55,0.6000000000000001,-0.7828689614969978,false,true
33,88,0.6000000000000001,0.6000000000000001,-0.7828988888490875,false,true
34,88,0.6500000000000001,0.6000000000000001,-0.7829145768697376,false,true
35,88,0.7,0.6000000000000001,-0.7829086042486713,false,true
36,88,0.75,0.6000000000000001,-0.7829048229336346,false,true
37,88,0.8,0.6000000000000001,-0.7820489980682329,false,true
0,89,-1.05,0.6499999999999999,-0.7872135869091164,false,true
1,89,-1.0,0.6499999999999999,-0.7872370925483698,false,true
2,89,-0.9500000000000001,0.6499999999999999,-0.7872610974908276,false,true
3,89,-0.9,0.6499999999999999,-0.7872850944292901,false,true
4,89,-0.8500000000000001,0.6499999999999999,-0.7873084279657494,false,true
5,89,-0.8,0.6499999999999999,-0.7873302620042412,false,true
6,89,-0.75,0.6499999999999999,-0.7873498975743753,false,true
7,89,-0.7,0.6499999999999999,-0.7873653955827822,false,true
8,89,-0.65,0.6499999999999999,-0.7873875232426885,false,true
9,89,-0.6000000000000001,0.6499999999999999,-0.7965222435845575,false,true
10,89,-0.55,0.6499999999999999,-0.8110564531771899,false,true
11,89,-0.5,0.6499999999999999,-0.7990611740314554,false,true
12,89,-0.44999999999999996,0.6499999999999999,-0.7863430166349191,false,true
13,89,-0.4,0.6499999999999999,-0.7863291565355781,false,true
14,89,-0.35,0.6499999999999999,-0.7897394061786402,false,true
15,89,-0.30000000000000004,0.6499999999999999,-0.7916098531808262,false,true
16,89,-0.25,0.6499999999999999,-0.792137480157328,true,false
17,89,-0.19999999999999996,0.6499999999999999,-0.7986452344831947,true,false
18,89,-0.15000000000000002,0.6499999999999999,-0.8024010125574592,true,false
19,89,-0.09999999999999998,0.6499999999999999,-0.8060025636133674,true,false
20,89,-0.050000000000000044,0.6499999999999999,-0.8093113068518165,true,false
21,89,0.0,0.6499999999999999,-0.8108911279615882,true,false
22,89,0.050000000000000044,0.6499999999999999,-0.8109349969801429,true,false
23,89,0.10000000000000009,0.6499999999999999,-0.8102020088610176,true,false
24,89,0.15000000000000013,0.6499999999999999,-0.8102956477579597,true,false
25,89,0.19999999999999996,0.6499999999999999,-0.8102957669672493,true,false
26,89,0.25,0.6499999999999999,-0.8088455561575416,true,false
27,89,0.30000000000000004,0.6499999999999999,-0.8054761353907112,true,false
28,89,0.3500000000000001,0.6499999999999999,-0.8000141445574287,true,false
29,89,0.40000000000000013,0.6499999999999999,-0.7898629967150215,true,false
30,89,0.44999999999999996,0.6499999999999999,-0.7877853278097633,true,false
31,89,0.5,0.6499999999999999,-0.7820149723467353,true,false
32,89,0.55,0.6499999999999999,-0.7820257263492343,false,true
33,89,0.6000000000000001,0.6499999999999999,-0.7821405711919996,false,true
34,89,0.6500000000000001,0.6499999999999999,-0.7822163247972473,false,true
35,89,0.7,0.6499999999999999,-0.7822861934892164,false,true
36,89,0.75,0.6499999999999999,-0.7816856289401013,false,true
37,89,0.8,0.6499999999999999,-0.7804541651186468,false,true
0,90,-1.05,0.6999999999999997,-0.7689184586197184,false,true
1,90,-1.0,0.6999999999999997,-0.7678758532304364,false,true
2,90,-0.9500000000000001,0.6999999999999997,-0.7666174887360259,false,true
3,90,-0.9,0.6999999999999997,-0.7650579335300149,false,true
4,90,-0.8500000000000001,0.6999999999999997,-0.7630558282437393,false,true
5,90,-0.8,0.6999999999999997,-0.7603581450250071,false,true
6,90,-0.75,0.6999999999999997,-0.7564320529462069,false,true
7,90,-0.7,0.6999999999999997,-0.7500877338668821,false,true
8,90,-0.65,0.6999999999999997,-0.7346995241548652,false,true
9,90,-0.6000000000000001,0.6999999999999997,-0.7347750727114204,false,true
10,90,-0.55,0.6999999999999997,-0.7467257667297974,false,true
11,90,-0.5,0.6999999999999997,-0.7585792008814338,false,true
12,90,-0.44999999999999996,0.6999999999999997,-0.7675549007617376,false,true
13,90,-0.4,0.6999999999999997,-0.7781776398061828,false,true
14,90,-0.35,0.6999999999999997,-0.7923204041675854,false,true
15,90,-0.30000000000000004,0.6999999999999997,-0.7927965073033989,false,true
16,90,-0.25,0.6999999999999997,-0.7932019297060493,true,false
17,90,-0.19999999999999996,0.6999999999999997,-0.7990430358824256,true,false
18,90,-0.15000000000000002,0.6999999999999997,-0.8029131952700141,true,false
19,90,-0.09999999999999998,0.6999999999999997,-0.80666199960084,true,false
20,90,-0.050000000000000044,0.6999999999999997,-0.8100870911058906,true,false
21,90,0.0,0.6999999999999997,-0.8109662596163276,true,false
22,90,0.050000000000000044,0.6999999999999997,-0.8101895514902595,true,false
23,90,0.10000000000000009,0.6999999999999997,-0.8088967863497261,true,false
24,90,0.15000000000000013,0.6999999999999997,-0.8078289095339302,true,false
25,90,0.19999999999999996,0.6999999999999997,-0.8083815638002876,true,false
26,90,0.25,0.6999999999999997,-0.8078962031778816,true,false
27,90,0.30000000000000004,0.6999999999999997,-0.8052533332285408,true,false
28,90,0.3500000000000001,0.6999999999999997,-0.7991665665087226,true,false
29,90,0.40000000000000013,0.6999999999999997,-0.7926922205862525,true,false
30,90,0.44999999999999996,0.6999999999999997,-0.7885791722712043,true,false
31,90,0.5,0.6999999999999997,-0.7820703450617317,true,false
32,90,0.55,0.6999999999999997,-0.7815745960212087,false,true
33,90,0.6000000000000001,0.6999999999999997,-0.7816408925213473,false,true
34,90,0.6500000000000001,0.6999999999999997,-0.7817566193604628,false,true
35,90,0.7,0.6999999999999997,-0.781354879938965,false,true
36,90,0.75,0.6999999999999997,-0.7804541651186468,false,true
37,90,0.8,0.6999999999999997,-0.7804262270516672,false,true
0,91,-1.05,0.7499999999999996,-0.7536346890880442,false,true
1,91,-1.0,0.7499999999999996,-0.7520742913727929,false,true
2,91,-0.9500000000000001,0.7499999999999996,-0.7502702051044492,false,true
3,91,-0.9,0.7499999999999996,-0.748155427166372,false,true
4,91,-0.8500000000000001,0.7499999999999996,-0.7456388435434301,false,true
5,91,-0.8,0.7499999999999996,-0.7425964946781554,false,true
6,91,-0.75,0.7499999999999996,-0.7389187251406035,false,true
7,91,-0.7,0.7499999999999996,-0.7344709323956348,false,true
8,91,-0.65,0.7499999999999996,-0.7345501593664516,false,true
9,91,-0.6000000000000001,0.7499999999999996,-0.7345926823615673,false,true
10,91,-0.55,0.7499999999999996,-0.7347750727114204,false,true
11,91,-0.5,0.7499999999999996,-0.7468633129524167,false,true
12,91,-0.44999999999999996,0.7499999999999996,-0.7585792008814338,false,true
13,91,-0.4,0.7499999999999996,-0.761474201490413,false,true
14,91,-0.35,0.7499999999999996,-0.7783076666809335,false,true
15,91,-0.30000000000000004,0.7499999999999996,-0.7923576436425888,false,true
16,91,-0.25,0.7499999999999996,-0.7928821805891517,true,false
17,91,-0.19999999999999996,0.7499999999999996,-0.7976104382452491,true,false
18,91,-0.15000000000000002,0.7499999999999996,-0.8012652758535865,true,false
19,91,-0.09999999999999998,0.7499999999999996,-0.8058931294855598,true,false
20,91,-0.050000000000000044,0.7499999999999996,-0.8087737623629097,true,false
21,91,0.0,0.7499999999999996,-0.8107624117311958,true,false
22,91,0.050000000000000044,0.7499999999999996,-0.8088980976519111,true,false
23,91,0.10000000000000009,0.7499999999999996,-0.8076505724367622,true,false
24,91,0.15000000000000013,0.7499999999999996,-0.8061017457422737,true,false
25,91,0.19999999999999996,0.7499999999999996,-0.8048415247377876,true,false
26,91,0.25,0.7499999999999996,-0.8042505446848396,true,false
27,91,0.30000000000000004,0.7499999999999996,-0.8027209702906135,true,false
28,91,0.3500000000000001,0.7499999999999996,-0.7968729797777656,true,false
29,91,0.40000000000000013,0.7499999999999996,-0.7887337569174293,true,false
30,91,0.44999999999999996,0.7499999999999996,-0.7874584261354927,true,false
31,91,0.5,0.7499999999999996,-0.7804331246790412,true,false
32,91,0.55,0.7499999999999996,-0.7813498161030937,false,true
33,91,0.6000000000000001,0.7499999999999996,-0.7815363299943338,false,true
34,91,0.6500000000000001,0.7499999999999996,-0.7811990928569852,false,true
35,91,0.7,0.7499999999999996,-0.7804541651186468,false,true
36,91,0.75,0.7499999999999996,-0.7803867166584381,false,true
37,91,0.8,0.7499999999999996,-0.7803676869285652,false,true
0,92,-1.05,0.8000000000000003,-0.7430149072848558,false,true
1,92,-1.0,0.8000000000000003,-0.7416002605572565,false,true
2,92,-0.9500000000000001,0.8000000000000003,-0.7400824572779426,false,true
3,92,-0.9,0.8000000000000003,-0.7384732243203195,false,true
4,92,-0.8500000000000001,0.8000000000000003,-0.7368140127794152,false,true
5,92,-0.8,0.8000000000000003,-0.7352220730885953,false,true
6,92,-0.75,0.8000000000000003,-0.7339620879693921,false,true
7,92,-0.7,0.8000000000000003,-0.7340398452368844,false,true
8,92,-0.65,0.8000000000000003,-0.7341302967797695,false,true
9,92,-0.6000000000000001,0.8000000000000003,-0.7342651094250776,false,true
10,92,-0.55,0.8000000000000003,-0.734334743455159,false,true
11,92,-0.5,0.8000000000000003,-0.7347750727114204,false,true
12,92,-0.44999999999999996,0.8000000000000003,-0.7473898986419985,false,true
13,92,-0.4,0.8000000000000003,-0.7585792008814338,false,true
14,92,-0.35,0.8000000000000003,-0.7655683506147097,false,true
15,92,-0.30000000000000004,0.8000000000000003,-0.7816937374439765,false,true
16,92,-0.25,0.8000000000000003,-0.7907715503153327,true,false
17,92,-0.19999999999999996,0.8000000000000003,-0.7955276433405403,true,false
18,92,-0.15000000000000002,0.8000000000000003,-0.798830515521479,true,false
19,92,-0.09999999999999998,0.8000000000000003,-0.802599704640818,true,false
20,92,-0.050000000000000044,0.8000000000000003,-0.8048390511450294,true,false
21,92,0.0,0.8000000000000003,-0.8062750462469581,true,false
22,92,0.050000000000000044,0.8000000000000003,-0.8043856684145454,true,false
23,92,0.10000000000000009,0.8000000000000003,-0.8034079138216499,true,false
24,92,0.15000000000000013,0.8000000000000003,-0.8023586932596687,true,false
25,92,0.19999999999999996,0.8000000000000003,-0.8024995390352729,true,false
26,92,0.25,0.8000000000000003,-0.8010904852327827,true,false
27,92,0.30000000000000004,0.8000000000000003,-0.7997549835619453,true,false
28,92,0.3500000000000001,0.8000000000000003,-0.794083303588343,true,false
29,92,0.40000000000000013,0.8000000000000003,-0.7885791722712043,true,false
30,92,0.44999999999999996,0.8000000000000003,-0.7880217198309425,true,false
31,92,0.5,0.8000000000000003,-0.7819256845888618,true,false
32,92,0.55,0.8000000000000003,-0.7817618344420213,false,true
33,92,0.6000000000000001,0.8000000000000003,-0.7813338547697953,false,true
34,92,0.6500000000000001,0.8000000000000003,-0.7804541651186468,false,true
35,92,0.7,0.8000000000000003,-0.7802913301312496,false,true
36,92,0.75,0.8000000000000003,-0.7802542966364088,false,true
37,92,0.8,0.8000000000000003,-0.7801801709261393,false,true
0,93,-1.05,0.8500000000000001,-0.7368769599407679,false,true
1,93,-1.0,0.8500000000000001,-0.7359561357850559,false,true
2,93,-0.9500000000000001,0.8500000000000001,-0.7350768139926841,false,true
3,93,-0.9,0.8500000000000001,-0.7342852864632016,false,true
4,93,-0.8500000000000001,0.8500000000000001,-0.7336540845612017,false,true
5,93,-0.8,0.8500000000000001,-0.7332828735819124,false,true
6,93,-0.75,0.8500000000000001,-0.7333073090805524,false,true
7,93,-0.7,0.8500000000000001,-0.7333432781608884,false,true
8,93,-0.65,0.8500000000000001,-0.7334016133086315,false,true
9,93,-0.6000000000000001,0.8500000000000001,-0.7334772573265976,false,true
10,93,-0.55,0.8500000000000001,-0.7336566687489909,false,true
11,93,-0.5,0.8500000000000001,-0.7337120238490444,false,true
12,93,-0.44999999999999996,0.8500000000000001,-0.7347750727114204,false,true
13,93,-0.4,0.8500000000000001,-0.7494058935794965,false,true
14,93,-0.35,0.8500000000000001,-0.7585792008814338,true,false
15,93,-0.30000000000000004,0.8500000000000001,-0.7754525009569648,true,false
16,93,-0.25,0.8500000000000001,-0.7896083060678962,true,false
17,93,-0.19999999999999996,0.8500000000000001,-0.7946222785887245,true,false
18,93,-0.15000000000000002,0.8500000000000001,-0.7990762654718879,true,false
19,93,-0.09999999999999998,0.8500000000000001,-0.8032173279699806,true,false
20,93,-0.050000000000000044,0.8500000000000001,-0.8053452435907844,true,false
21,93,0.0,0.8500000000000001,-0.8070471648153785,true,false
22,93,0.050000000000000044,0.8500000000000001,-0.8053787414011482,true,false
23,93,0.10000000000000009,0.8500000000000001,-0.8039023045477394,true,false
24,93,0.15000000000000013,0.8500000000000001,-0.8027049962458137,true,false
25,93,0.19999999999999996,0.8500000000000001,-0.8017341855940345,true,false
26,93,0.25,0.8500000000000001,-0.8010077837881568,true,false
27,93,0.30000000000000004,0.8500000000000001,-0.7999521259245399,true,false
28,93,0.3500000000000001,0.8500000000000001,-0.7947419945177558,true,false
29,93,0.40000000000000013,0.8500000000000001,-0.7904971305307869,true,false
30,93,0.44999999999999996,0.8500000000000001,-0.7885791722712043,true,false
31,93,0.5,0.8500000000000001,-0.7828588251051429,true,false
32,93,0.55,0.8500000000000001,-0.7819567078149481,false,true
33,93,0.6000000000000001,0.8500000000000001,-0.7804541651186468,false,true
34,93,0.6500000000000001,0.8500000000000001,-0.7800610466836436,false,true
35,93,0.7,0.8500000000000001,-0.7800020548835044,false,true
36,93,0.75,0.8500000000000001,-0.779868795609057,false,true
37,93,0.8,0.8500000000000001,-0.7797709593892026,false,true
0,94,-1.05,0.8999999999999999,-0.7338056404836016,false,true
1,94,-1.0,0.8999999999999999,-0.7334559013338477,false,true
2,94,-0.9500000000000001,0.8999999999999999,-0.7330733630966312,false,true
3,94,-0.9,0.8999999999999999,-0.7327997926322343,false,true
4,94,-0.8500000000000001,0.8999999999999999,-0.7326492144373921,false,true
5,94,-0.8,0.8999999999999999,-0.7326110676352211,false,true
6,94,-0.75,0.8999999999999999,-0.732569102180852,false,true
7,94,-0.7,0.8999999999999999,-0.7325239049629833,false,true
8,94,-0.65,0.8999999999999999,-0.7324737611849061,false,true
9,94,-0.6000000000000001,0.8999999999999999,-0.7324311403960649,false,true
10,94,-0.55,0.8999999999999999,-0.732366045131243,false,true
11,94,-0.5,0.8999999999999999,-0.7324599808533194,false,true
12,94,-0.44999999999999996,0.8999999999999999,-0.7322086457304073,false,true
13,94,-0.4,0.8999999999999999,-0.7347750727114204,true,false
14,94,-0.35,0.8999999999999999,-0.757123983281565,true,false
15,94,-0.30000000000000004,0.8999999999999999,-0.777865326779795,true,false
16,94,-0.25,0.8999999999999999,-0.7896444860872749,true,false
17,94,-0.19999999999999996,0.8999999999999999,-0.7950309578356269,true,false
18,94,-0.15000000000000002,0.8999999999999999,-0.7994117502150062,true,false
19,94,-0.09999999999999998,0.8999999999999999,-0.802429741996241,true,false
20,94,-0.050000000000000044,0.8999999999999999,-0.8047606412348274,true,false
21,94,0.0,0.8999999999999999,-0.8062599364695076,true,false
22,94,0.050000000000000044,0.8999999999999999,-0.8043218914446357,true,false
23,94,0.10000000000000009,0.8999999999999999,-0.8021594349321846,true,false
24,94,0.15000000000000013,0.8999999999999999,-0.8011052075800422,true,false
25,94,0.19999999999999996,0.8999999999999999,-0.8005716268000129,true,false
26,94,0.25,0.8999999999999999,-0.7984404031214241,true,false
27,94,0.30000000000000004,0.8999999999999999,-0.7974616948542121,true,false
28,94,0.3500000000000001,0.8999999999999999,-0.7944844428476814,true,false
29,94,0.40000000000000013,0.8999999999999999,-0.79106021560998,true,false
30,94,0.44999999999999996,0.8999999999999999,-0.7885791722712043,true,false
31,94,0.5,0.8999999999999999,-0.7828368607935432,true,false
32,94,0.55,0.8999999999999999,-0.780454165118647,true,false
33,94,0.6000000000000001,0.8999999999999999,-0.7795050932612432,false,true
34,94,0.6500000000000001,0.8999999999999999,-0.779466517644536,false,true
35,94,0.7,0.8999999999999999,-0.7792578040136285,false,true
36,94,0.75,0.8999999999999999,-0.7791492608329872,false,true
37,94,0.8,0.8999999999999999,-0.7790507427248606,false,true
0,95,-1.05,0.9499999999999997,-0.7333127919611457,false,true
1,95,-1.0,0.9499999999999997,-0.7328467440956749,false,true
2,95,-0.9500000000000001,0.9499999999999997,-0.7323759794382096,false,true
3,95,-0.9,0.9499999999999997,-0.7322483267910754,false,true
4,95,-0.8500000000000001,0.9499999999999997,-0.7321584504286107,false,true
5,95,-0.8,0.9499999999999997,-0.7320695030178632,false,true
6,95,-0.75,0.9499999999999997,-0.7319741743046094,false,true
7,95,-0.7,0.9499999999999997,-0.7318588447193071,false,true
8,95,-0.65,0.9499999999999997,-0.7317171106283603,false,true
9,95,-0.6000000000000001,0.9499999999999997,-0.7315305399408326,false,true
10,95,-0.55,0.9499999999999997,-0.7312976706494966,false,true
11,95,-0.5,0.9499999999999997,-0.73088722124129,false,true
12,95,-0.44999999999999996,0.9499999999999997,-0.7305003305347414,false,true
13,95,-0.4,0.9499999999999997,-0.7285791698870185,true,false
14,95,-0.35,0.9499999999999997,-0.7477614346918586,true,false
15,95,-0.30000000000000004,0.9499999999999997,-0.7783660952028755,true,false
16,95,-0.25,0.9499999999999997,-0.7885791722712043,true,false
17,95,-0.19999999999999996,0.9499999999999997,-0.7938210431513313,true,false
18,95,-0.15000000000000002,0.9499999999999997,-0.7990246776518348,true,false
19,95,-0.09999999999999998,0.9499999999999997,-0.8021645311293129,true,false
20,95,-0.050000000000000044,0.9499999999999997,-0.8034521702703956,true,false
21,95,0.0,0.9499999999999997,-0.8043442133841041,true,false
22,95,0.050000000000000044,0.9499999999999997,-0.8036381963667396,true,false
23,95,0.10000000000000009,0.9499999999999997,-0.8013790313181404,true,false
24,95,0.15000000000000013,0.9499999999999997,-0.7992589239058021,true,false
25,95,0.19999999999999996,0.9499999999999997,-0.7984964314875129,true,false
26,95,0.25,0.9499999999999997,-0.7977282170233253,true,false
27,95,0.30000000000000004,0.9499999999999997,-0.7965188983854774,true,false
28,95,0.3500000000000001,0.9499999999999997,-0.7949099604067329,true,false
29,95,0.40000000000000013,0.9499999999999997,-0.7910580102381233,true,false
30,95,0.44999999999999996,0.9499999999999997,-0.7885791722712043,true,false
31,95,0.5,0.9499999999999997,-0.7824433509287361,true,false
32,95,0.55,0.9499999999999997,-0.7781629029688362,true,false
33,95,0.6000000000000001,0.9499999999999997,-0.7784243160101009,false,true
34,95,0.6500000000000001,0.9499999999999997,-0.7781593956961322,false,true
35,95,0.7,0.9499999999999997,-0.778142963544304,false,true
36,95,0.75,0.9499999999999997,-0.7780933641960125,false,true
37,95,0.8,0.9499999999999997,-0.7780511672705112,false,true
0,96,-1.05,1.0000000000000004,-0.7333128298765844,false,true
1,96,-1.0,1.0000000000000004,-0.7333127919611457,false,true
2,96,-0.9500000000000001,1.0000000000000004,-0.7326267956459284,false,true
3,96,-0.9,1.0000000000000004,-0.7321326943490352,false,true
4,96,-0.8500000000000001,1.0000000000000004,-0.731974543515493,false,true
5,96,-0.8,1.0000000000000004,-0.7318316238566174,false,true
6,96,-0.75,1.0000000000000004,-0.7317047190140418,false,true
7,96,-0.7,1.0000000000000004,-0.731587544309913,false,true
8,96,-0.65,1.0000000000000004,-0.7314443705273757,false,true
9,96,-0.6000000000000001,1.0000000000000004,-0.7312669316572985,false,true
10,96,-0.55,1.0000000000000004,-0.73102436166049,false,true
11,96,-0.5,1.0000000000000004,-0.7307158235654274,false,true
12,96,-0.44999999999999996,1.0000000000000004,-0.7301129428365299,false,true
13,96,-0.4,1.0000000000000004,-0.7289425198015693,true,false
14,96,-0.35,1.0000000000000004,-0.7567255262312416,true,false
15,96,-0.30000000000000004,1.0000000000000004,-0.7783282164511207,true,false
16,96,-0.25,1.0000000000000004,-0.7881087426123146,true,false
17,96,-0.19999999999999996,1.0000000000000004,-0.793309218066645,true,false
18,96,-0.15000000000000002,1.0000000000000004,-0.7981992725309852,true,false
19,96,-0.09999999999999998,1.0000000000000004,-0.8010349933084968,true,false
20,96,-0.050000000000000044,1.0000000000000004,-0.8027474943575386,true,false
21,96,0.0,1.0000000000000004,-0.8036761347231391,true,false
22,96,0.050000000000000044,1.0000000000000004,-0.8021835152086738,true,false
23,96,0.10000000000000009,1.0000000000000004,-0.8004630867418769,true,false
24,96,0.15000000000000013,1.0000000000000004,-0.7974266771254066,true,false
25,96,0.19999999999999996,1.0000000000000004,-0.7969527307924751,true,false
26,96,0.25,1.0000000000000004,-0.7967481080469612,true,false
27,96,0.30000000000000004,1.0000000000000004,-0.7965051297125343,true,false
28,96,0.3500000000000001,1.0000000000000004,-0.7950156990465644,true,false
29,96,0.40000000000000013,1.0000000000000004,-0.7933699551996711,true,false
30,96,0.44999999999999996,1.0000000000000004,-0.7885791722712043,true,false
31,96,0.5,1.0000000000000004,-0.7817786995348457,true,false
32,96,0.55,1.0000000000000004,-0.7767641607698921,true,false
33,96,0.6000000000000001,1.0000000000000004,-0.7764390442300584,false,true
34,96,0.6500000000000001,1.0000000000000004,-0.7767961708720975,false,true
35,96,0.7,1.0000000000000004,-0.7768587803073579,false,true
36,96,0.75,1.0000000000000004,-0.7768933982437005,false,true
37,96,0.8,1.0000000000000004,-0.7768949132693198,false,true
0,97,-1.05,1.0500000000000003,-0.7333129176714206,false,true
1,97,-1.0,1.0500000000000003,-0.733312883497112,false,true
2,97,-0.9500000000000001,1.0500000000000003,-0.7333127919611457,false,true
3,97,-0.9,1.0500000000000003,-0.7327338839633156,false,true
4,97,-0.8500000000000001,1.0500000000000003,-0.7323305973231552,false,true
5,97,-0.8,1.0500000000000003,-0.7320817029330345,false,true
6,97,-0.75,1.0500000000000003,-0.7318685439581266,false,true
7,97,-0.7,1.0500000000000003,-0.7317163033645223,false,true
8,97,-0.65,1.0500000000000003,-0.731660456296506,false,true
9,97,-0.6000000000000001,1.0500000000000003,-0.731609137570474,false,true
10,97,-0.55,1.0500000000000003,-0.7315792384444116,false,true
11,97,-0.5,1.0500000000000003,-0.7315978408382364,false,true
12,97,-0.44999999999999996,1.0500000000000003,-0.7317839186994136,false,true
13,97,-0.4,1.0500000000000003,-0.7333019439157966,true,false
14,97,-0.35,1.0500000000000003,-0.7585792008814338,true,false
15,97,-0.30000000000000004,1.0500000000000003,-0.7769105795797828,true,false
16,97,-0.25,1.0500000000000003,-0.781039691346598,true,false
17,97,-0.19999999999999996,1.0500000000000003,-0.7885791722712043,true,false
18,97,-0.15000000000000002,1.0500000000000003,-0.7981036070761207,true,false
19,97,-0.09999999999999998,1.0500000000000003,-0.800428188222361,true,false
20,97,-0.050000000000000044,1.0500000000000003,-0.8018953863558296,true,false
21,97,0.0,1.0500000000000003,-0.8025621835169319,true,false
22,97,0.050000000000000044,1.0500000000000003,-0.8002557817873481,true,false
23,97,0.10000000000000009,1.0500000000000003,-0.7985718909677986,true,false
24,97,0.15000000000000013,1.0500000000000003,-0.7957586113390449,true,false
25,97,0.19999999999999996,1.0500000000000003,-0.7960359517511848,true,false
26,97,0.25,1.0500000000000003,-0.7960583630976203,true,false
27,97,0.30000000000000004,1.0500000000000003,-0.796534008162928,true,false
28,97,0.3500000000000001,1.0500000000000003,-0.7955914203104499,true,false
29,97,0.40000000000000013,1.0500000000000003,-0.7932040158686164,true,false
30,97,0.44999999999999996,1.0500000000000003,-0.7885791722712043,true,false
31,97,0.5,1.0500000000000003,-0.7819484237608436,true,false
32,97,0.55,1.0500000000000003,-0.7742554012712959,true,false
33,97,0.6000000000000001,1.0500000000000003,-0.7756730790747506,false,true
34,97,0.6500000000000001,1.0500000000000003,-0.7756467080310611,false,true
35,97,0.7,1.0500000000000003,-0.7756927900981742,false,true
36,97,0.75,1.0500000000000003,-0.775698604912405,false,true
37,97,0.8,1.0500000000000003,-0.7757085389271112,false,true
0,98,-1.05,1.1,-0.7333132528854123,false,true
1,98,-1.0,1.1,-0.7333130917114661,false,true
2,98,-0.9500000000000001,1.1,-0.733313012948517,false,true
3,98,-0.9,1.1,-0.7333127919611457,false,true
4,98,-0.8500000000000001,1.1,-0.7332448583052794,false,true
5,98,-0.8,1.1,-0.7331815606118002,false,true
6,98,-0.75,1.1,-0.7327601391652834,false,true
7,98,-0.7,1.1,-0.732364844318559,false,true
8,98,-0.65,1.1,-0.7320672158826766,false,true
9,98,-0.6000000000000001,1.1,-0.7321265565740713,false,true
10,98,-0.55,1.1,-0.7322361972300382,false,true
11,98,-0.5,1.1,-0.7324163455657563,false,true
12,98,-0.44999999999999996,1.1,-0.7328195850050085,false,true
13,98,-0.4,1.1,-0.7324785057482246,true,false
14,98,-0.35,1.1,-0.7477518383440498,true,false
15,98,-0.30000000000000004,1.1,-0.7770692471441749,true,false
16,98,-0.25,1.1,-0.7788924042162422,true,false
17,98,-0.19999999999999996,1.1,-0.7885791722712043,true,false
18,98,-0.15000000000000002,1.1,-0.7962358657297615,true,false
19,98,-0.09999999999999998,1.1,-0.8000163499292854,true,false
20,98,-0.050000000000000044,1.1,-0.8012822631773475,true,false
21,98,0.0,1.1,-0.8012396756586555,true,false
22,98,0.050000000000000044,1.1,-0.7992075745043281,true,false
23,98,0.10000000000000009,1.1,-0.7963905397829536,true,false
24,98,0.15000000000000013,1.1,-0.7936558190760139,true,false
25,98,0.19999999999999996,1.1,-0.793367869037104,true,false
26,98,0.25,1.1,-0.7946501139578346,true,false
27,98,0.30000000000000004,1.1,-0.7947382990297798,true,false
28,98,0.3500000000000001,1.1,-0.7944682899889473,true,false
29,98,0.40000000000000013,1.1,-0.7907570663866523,true,false
30,98,0.44999999999999996,1.1,-0.7888360980925087,true,false
31,98,0.5,1.1,-0.7830916110453132,true,false
32,98,0.55,1.1,-0.7765868965563301,true,false
33,98,0.6000000000000001,1.1,-0.7748170775444243,false,true
34,98,0.6500000000000001,1.1,-0.7746545792085444,false,true
35,98,0.7,1.1,-0.7745466529066,false,true
36,98,0.75,1.1,-0.7745377284288485,false,true
37,98,0.8,1.1,-0.7745578203812286,false,true
0,99,-1.05,1.15,-0.7333141964773918,false,true
1,99,-1.0,1.15,-0.733313850208093,false,true
2,99,-0.9500000000000001,1.15,-0.7333135028494173,false,true
3,99,-0.9,1.15,-0.7333133254718547,false,true
4,99,-0.8500000000000001,1.15,-0.7333127919611457,false,true
5,99,-0.8,1.15,-0.7344014574366414,false,true
6,99,-0.75,1.15,-0.7350905571906128,false,true
7,99,-0.7,1.15,-0.7343630062994181,false,true
8,99,-0.65,1.15,-0.7334901425111847,false,true
9,99,-0.6000000000000001,1.15,-0.7324413737843083,false,true
10,99,-0.55,1.15,-0.7325188194010752,false,true
11,99,-0.5,1.15,-0.7326197854022286,false,true
12,99,-0.44999999999999996,1.15,-0.7324785057482246,false,true
13,99,-0.4,1.15,-0.7267250674183944,false,true
14,99,-0.35,1.15,-0.6835791830000404,true,false
15,99,-0.30000000000000004,1.15,-0.698579198497248,true,false
16,99,-0.25,1.15,-0.7814083460745338,true,false
17,99,-0.19999999999999996,1.15,-0.7885791722712043,true,false
18,99,-0.15000000000000002,1.15,-0.7952445808825019,true,false
19,99,-0.09999999999999998,1.15,-0.7986726526197914,true,false
20,99,-0.050000000000000044,1.15,-0.8012208703932289,true,false
21,99,0.0,1.15,-0.8009580437120918,true,false
22,99,0.050000000000000044,1.15,-0.7977235380587104,true,false
23,99,0.10000000000000009,1.15,-0.7942326728281501,true,false
24,99,0.15000000000000013,1.15,-0.791884041207743,true,false
25,99,0.19999999999999996,1.15,-0.7921633485731605,true,false
26,99,0.25,1.15,-0.7940023306784156,true,false
27,99,0.30000000000000004,1.15,-0.7946953836855415,true,false
28,99,0.3500000000000001,1.15,-0.7940178576883796,true,false
29,99,0.40000000000000013,1.15,-0.7922980252680305,true,false
30,99,0.44999999999999996,1.15,-0.7885791722712043,true,false
31,99,0.5,1.15,-0.7812214259085182,true,false
32,99,0.55,1.15,-0.7728758517679695,true,false
33,99,0.6000000000000001,1.15,-0.7734062719918737,false,true
34,99,0.6500000000000001,1.15,-0.7732939669421921,false,true
35,99,0.7,1.15,-0.7733700456420494,false,true
36,99,0.75,1.15,-0.7734454501616027,false,true
37,99,0.8,1.15,-0.7735322545728188,false,true
0,100,-1.05,1.1999999999999997,-0.7333162783281999,false,true
1,100,-1.0,1.1999999999999997,-0.7333157909420563,false,true
2,100,-0.9500000000000001,1.1999999999999997,-0.7333151787070193,false,true
3,100,-0.9,1.1999999999999997,-0.7333144645874435,false,true
4,100,-0.8500000000000001,1.1999999999999997,-0.733314079969935,false,true
5,100,-0.8,1.1999999999999997,-0.7333127919611457,false,true
6,100,-0.75,1.1999999999999997,-0.7366078469704381,false,true
7,100,-0.7,1.1999999999999997,-0.7388451824003109,false,true
8,100,-0.65,1.1999999999999997,-0.7378932125235834,false,true
9,100,-0.6000000000000001,1.1999999999999997,-0.7363369114056396,false,true
10,100,-0.55,1.1999999999999997,-0.7325370256970004,false,true
11,100,-0.5,1.1999999999999997,-0.7324785057482246,false,true
12,100,-0.44999999999999996,1.1999999999999997,-0.7323887304854585,false,true
13,100,-0.4,1.1999999999999997,-0.731738746930176,false,true
14,100,-0.35,1.1999999999999997,-0.7585792008814338,true,false
15,100,-0.30000000000000004,1.1999999999999997,-0.6685791675028327,true,false
16,100,-0.25,1.1999999999999997,-0.7837754551348213,true,false
17,100,-0.19999999999999996,1.1999999999999997,-0.7885791722712043,true,false
18,100,-0.15000000000000002,1.1999999999999997,-0.7943069104132179,true,false
19,100,-0.09999999999999998,1.1999999999999997,-0.7977508965906623,true,false
20,100,-0.050000000000000044,1.1999999999999997,-0.7999317411360267,true,false
21,100,0.0,1.1999999999999997,-0.7997908357557777,true,false
22,100,0.050000000000000044,1.1999999999999997,-0.7980014149126533,true,false
23,100,0.10000000000000009,1.1999999999999997,-0.7936123672899726,true,false
24,100,0.15000000000000013,1.1999999999999997,-0.7907054487642768,true,false
25,100,0.19999999999999996,1.1999999999999997,-0.7914102736887458,true,false
26,100,0.25,1.1999999999999997,-0.7931786242899421,true,false
27,100,0.30000000000000004,1.1999999999999997,-0.7936842504915718,true,false
28,100,0.3500000000000001,1.1999999999999997,-0.7928595010218147,true,false
29,100,0.40000000000000013,1.1999999999999997,-0.7903678182539466,true,false
30,100,0.44999999999999996,1.1999999999999997,-0.7873721484121803,true,false
31,100,0.5,1.1999999999999997,-0.7802535656866554,true,false
32,100,0.55,1.1999999999999997,-0.7709757749018196,true,false
33,100,0.6000000000000001,1.1999999999999997,-0.7716120330155773,false,true
34,100,0.6500000000000001,1.1999999999999997,-0.7721931036047001,false,true
35,100,0.7,1.1999999999999997,-0.7724508855108222,false,true
36,100,0.75,1.1999999999999997,-0.7726495406924052,false,true
37,100,0.8,1.1999999999999997,-0.772804702622393,false,true
0,101,-1.05,1.2500000000000004,-0.7333192150595266,false,true
1,101,-1.0,1.2500000000000004,-0.733319395716401,false,true
2,101,-0.9500000000000001,1.2500000000000004,-0.7333189448657881,false,true
3,101,-0.9,1.2500000000000004,-0.7333180418597733,false,true
4,101,-0.8500000000000001,1.2500000000000004,-0.7333166811450381,false,true
5,101,-0.8,1.2500000000000004,-0.7333159014894335,false,true
6,101,-0.75,1.2500000000000004,-0.7333127919611457,false,true
7,101,-0.7,1.2500000000000004,-0.740348529015861,false,true
8,101,-0.65,1.2500000000000004,-0.7455465110000762,false,true
9,101,-0.6000000000000001,1.2500000000000004,-0.745545993410991,false,true
10,101,-0.55,1.2500000000000004,-0.7455288533148292,false,true
11,101,-0.5,1.2500000000000004,-0.7413645980271781,false,true
12,101,-0.44999999999999996,1.2500000000000004,-0.7359557202529733,false,true
13,101,-0.4,1.2500000000000004,-0.7388446477175533,false,true
14,101,-0.35,1.2500000000000004,-0.7419401768621925,true,false
15,101,-0.30000000000000004,1.2500000000000004,-0.6685791675028327,true,false
16,101,-0.25,1.2500000000000004,-0.7838053766664985,true,false
17,101,-0.19999999999999996,1.2500000000000004,-0.7885791722712043,true,false
18,101,-0.15000000000000002,1.2500000000000004,-0.7929759386953834,true,false
19,101,-0.09999999999999998,1.2500000000000004,-0.7964212659773353,true,false
20,101,-0.050000000000000044,1.2500000000000004,-0.7989969912943367,true,false
21,101,0.0,1.2500000000000004,-0.7984359327730659,true,false
22,101,0.050000000000000044,1.2500000000000004,-0.7959155205664161,true,false
23,101,0.10000000000000009,1.2500000000000004,-0.7921542588648323,true,false
24,101,0.15000000000000013,1.2500000000000004,-0.7901510361608985,true,false
25,101,0.19999999999999996,1.2500000000000004,-0.7910406354841713,true,false
26,101,0.25,1.2500000000000004,-0.7926555637297157,true,false
27,101,0.30000000000000004,1.2500000000000004,-0.7929970685419563,true,false
28,101,0.3500000000000001,1.2500000000000004,-0.7919264499125007,true,false
29,101,0.40000000000000013,1.2500000000000004,-0.7900570992407325,true,false
30,101,0.44999999999999996,1.2500000000000004,-0.7885791722712043,true,false
31,101,0.5,1.2500000000000004,-0.779813683408213,true,false
32,101,0.55,1.2500000000000004,-0.7712480191168312,true,false
33,101,0.6000000000000001,1.2500000000000004,-0.7718016931253597,false,true
34,101,0.6500000000000001,1.2500000000000004,-0.7719723627472245,false,true
35,101,0.7,1.2500000000000004,-0.7722099765947914,false,true
36,101,0.75,1.2500000000000004,-0.7723833871889358,false,true
37,101,0.8,1.2500000000000004,-0.7725338709891009,false,true
0,102,-1.05,1.3000000000000003,-0.7333191597540196,false,true
1,102,-1.0,1.3000000000000003,-0.7333223836895952,false,true
2,102,-0.9500000000000001,1.3000000000000003,-0.733324250324834,false,true
3,102,-0.9,1.3000000000000003,-0.7333247021874856,false,true
4,102,-0.8500000000000001,1.3000000000000003,-0.7333239280908451,false,true
5,102,-0.8,1.3000000000000003,-0.7333216729284604,false,true
6,102,-0.75,1.3000000000000003,-0.7333202990265103,false,true
7,102,-0.7,1.3000000000000003,-0.7333127919611457,false,true
8,102,-0.65,1.3000000000000003,-0.7454028236531601,false,true
9,102,-0.6000000000000001,1.3000000000000003,-0.7547568425760167,false,true
10,102,-0.55,1.3000000000000003,-0.7585792008814338,false,true
11,102,-0.5,1.3000000000000003,-0.7585792008814338,false,true
12,102,-0.44999999999999996,1.3000000000000003,-0.7462114812644364,false,true
13,102,-0.4,1.3000000000000003,-0.7360871331746491,false,true
14,102,-0.35,1.3000000000000003,-0.7147323552546028,true,false
15,102,-0.30000000000000004,1.3000000000000003,-0.698579198497248,true,false
16,102,-0.25,1.3000000000000003,-0.7828019622740272,true,false
17,102,-0.19999999999999996,1.3000000000000003,-0.7885791722712043,true,false
18,102,-0.15000000000000002,1.3000000000000003,-0.7887190643724922,true,false
19,102,-0.09999999999999998,1.3000000000000003,-0.7959069076952461,true,false
20,102,-0.050000000000000044,1.3000000000000003,-0.7981954280313972,true,false
21,102,0.0,1.3000000000000003,-0.7981771294054512,true,false
22,102,0.050000000000000044,1.3000000000000003,-0.7945325735983375,true,false
23,102,0.10000000000000009,1.3000000000000003,-0.7916926208910469,true,false
24,102,0.15000000000000013,1.3000000000000003,-0.7904137138304237,true,false
25,102,0.19999999999999996,1.3000000000000003,-0.7915131513056282,true,false
26,102,0.25,1.3000000000000003,-0.7925881210741523,true,false
27,102,0.30000000000000004,1.3000000000000003,-0.7927486065802101,true,false
28,102,0.3500000000000001,1.3000000000000003,-0.7910590831217292,true,false
29,102,0.40000000000000013,1.3000000000000003,-0.7895983520922187,true,false
30,102,0.44999999999999996,1.3000000000000003,-0.7882452074465278,true,false
31,102,0.5,1.3000000000000003,-0.7799335185465339,true,false
32,102,0.55,1.3000000000000003,-0.7734106246408943,true,false
33,102,0.6000000000000001,1.3000000000000003,-0.7725740557727977,false,true
34,102,0.6500000000000001,1.3000000000000003,-0.7725628863107199,false,true
35,102,0.7,1.3000000000000003,-0.772561128481148,false,true
36,102,0.75,1.3000000000000003,-0.7726310175169071,false,true
37,102,0.8,1.3000000000000003,-0.7727010894922375,false,true
0,103,-1.05,1.35,-0.7333037259520333,false,true
1,103,-1.0,1.35,-0.733314364458223,false,true
2,103,-0.9500000000000001,1.35,-0.7333231826925315,false,true
3,103,-0.9,1.35,-0.7333298197596047,false,true
4,103,-0.8500000000000001,1.35,-0.7333338179679008,false,true
5,103,-0.8,1.35,-0.7333351439734863,false,true
6,103,-0.75,1.35,-0.7333324968865463,false,true
7,103,-0.7,1.35,-0.7333309156201627,false,true
8,103,-0.65,1.35,-0.7333127919611457,false,true
9,103,-0.6000000000000001,1.35,-0.7491289602602982,false,true
10,103,-0.55,1.35,-0.7585792008814338,false,true
11,103,-0.5,1.35,-0.7585792008814338,false,true
12,103,-0.44999999999999996,1.35,-0.7585792008814338,false,true
13,103,-0.4,1.35,-0.7504057083720975,false,true
14,103,-0.35,1.35,-0.7604343060431007,true,false
15,103,-0.30000000000000004,1.35,-0.7725455228266243,true,false
16,103,-0.25,1.35,-0.7803619865355018,true,false
17,103,-0.19999999999999996,1.35,-0.7839290265020851,true,false
18,103,-0.15000000000000002,1.35,-0.7885791722712043,true,false
19,103,-0.09999999999999998,1.35,-0.7945330504354957,true,false
20,103,-0.050000000000000044,1.35,-0.7972923282560829,true,false
21,103,0.0,1.35,-0.7968806687769416,true,false
22,103,0.050000000000000044,1.35,-0.7933807138380531,true,false
23,103,0.10000000000000009,1.35,-0.7903791729387764,true,false
24,103,0.15000000000000013,1.35,-0.7888558272299293,true,false
25,103,0.19999999999999996,1.35,-0.7902814213213447,true,false
26,103,0.25,1.35,-0.7904278997358802,true,false
27,103,0.30000000000000004,1.35,-0.7905256811556343,true,false
28,103,0.3500000000000001,1.35,-0.7885791722712043,true,false
29,103,0.40000000000000013,1.35,-0.7885576549944404,true,false
30,103,0.44999999999999996,1.35,-0.7861706677851203,true,false
31,103,0.5,1.35,-0.779860115426493,true,false
32,103,0.55,1.35,-0.772717005389643,true,false
33,103,0.6000000000000001,1.35,-0.7733082834913253,false,true
34,103,0.6500000000000001,1.35,-0.7731474082686507,false,true
35,103,0.7,1.35,-0.7731508964612546,false,true
36,103,0.75,1.35,-0.7731178885333935,false,true
37,103,0.8,1.35,-0.7731188624950258,false,true
0,104,-1.05,1.4,-0.7332468747823762,false,true
1,104,-1.0,1.4,-0.7332700230947349,false,true
2,104,-0.9500000000000001,1.4,-0.7332920077250568,false,true
3,104,-0.9,1.4,-0.7333122769673082,false,true
4,104,-0.8500000000000001,1.4,-0.7333300571079666,false,true
5,104,-0.8,1.4,-0.7333440877522581,false,true
6,104,-0.75,1.4,-0.7333537324667136,false,true
7,104,-0.7,1.4,-0.7333544380603124,false,true
8,104,-0.65,1.4,-0.7333565463445444,false,true
9,104,-0.6000000000000001,1.4,-0.7333127919611457,false,true
10,104,-0.55,1.4,-0.7486815008985003,false,true
11,104,-0.5,1.4,-0.7585792008814338,false,true
12,104,-0.44999999999999996,1.4,-0.7585792008814338,false,true
13,104,-0.4,1.4,-0.7585792008814338,true,false
14,104,-0.35,1.4,-0.7603374186930183,true,false
15,104,-0.30000000000000004,1.4,-0.7715270880636695,true,false
16,104,-0.25,1.4,-0.778953349965525,true,false
17,104,-0.19999999999999996,1.4,-0.781963056701136,true,false
18,104,-0.15000000000000002,1.4,-0.7885791722712043,true,false
19,104,-0.09999999999999998,1.4,-0.7923984888967994,true,false
20,104,-0.050000000000000044,1.4,-0.7945713464197639,true,false
21,104,0.0,1.4,-0.7941445175585273,true,false
22,104,0.050000000000000044,1.4,-0.7905658844885353,true,false
23,104,0.10000000000000009,1.4,-0.7885791722712043,true,false
24,104,0.15000000000000013,1.4,-0.7866930428919319,true,false
25,104,0.19999999999999996,1.4,-0.788338309901667,true,false
26,104,0.25,1.4,-0.788364446538401,true,false
27,104,0.30000000000000004,1.4,-0.788473761456919,true,false
28,104,0.3500000000000001,1.4,-0.787026977914286,true,false
29,104,0.40000000000000013,1.4,-0.786081856864405,true,false
30,104,0.44999999999999996,1.4,-0.7845876876291755,true,false
31,104,0.5,1.4,-0.7801104549345497,true,false
32,104,0.55,1.4,-0.7740421358522895,true,false
33,104,0.6000000000000001,1.4,-0.7734932488427476,false,true
34,104,0.6500000000000001,1.4,-0.7737438396610778,false,true
35,104,0.7,1.4,-0.7736279683263919,false,true
36,104,0.75,1.4,-0.7736080848628943,false,true
37,104,0.8,1.4,-0.7736179718268461,false,true
0,105,-1.05,1.4499999999999997,-0.7331082090429542,false,true
1,105,-1.0,1.4499999999999997,-0.7331466484492456,false,true
2,105,-0.9500000000000001,1.4499999999999997,-0.7331857725345734,false,true
3,105,-0.9,1.4499999999999997,-0.7332255306532174,false,true
4,105,-0.8500000000000001,1.4499999999999997,-0.7332655910506555,false,true
5,105,-0.8,1.4499999999999997,-0.7333051279150011,false,true
6,105,-0.75,1.4499999999999997,-0.7333420389319818,false,true
7,105,-0.7,1.4499999999999997,-0.7333755514532279,false,true
8,105,-0.65,1.4499999999999997,-0.7333931025953246,false,true
9,105,-0.6000000000000001,1.4499999999999997,-0.73341842438696,false,true
10,105,-0.55,1.4499999999999997,-0.7333127919611457,false,true
11,105,-0.5,1.4499999999999997,-0.7465209759787735,false,true
12,105,-0.44999999999999996,1.4499999999999997,-0.7585792008814338,false,true
13,105,-0.4,1.4499999999999997,-0.7597226048949228,false,true
14,105,-0.35,1.4499999999999997,-0.7603407863554481,true,false
15,105,-0.30000000000000004,1.4499999999999997,-0.7703622940954689,true,false
16,105,-0.25,1.4499999999999997,-0.7791465882238868,true,false
17,105,-0.19999999999999996,1.4499999999999997,-0.7832109693464759,true,false
18,105,-0.15000000000000002,1.4499999999999997,-0.7861426834043983,true,false
19,105,-0.09999999999999998,1.4499999999999997,-0.7896629635271553,true,false
20,105,-0.050000000000000044,1.4499999999999997,-0.7921863857683662,true,false
21,105,0.0,1.4499999999999997,-0.7914252940592292,true,false
22,105,0.050000000000000044,1.4499999999999997,-0.7885791722712043,true,false
23,105,0.10000000000000009,1.4499999999999997,-0.7865960661348823,true,false
24,105,0.15000000000000013,1.4499999999999997,-0.7854601506170753,true,false
25,105,0.19999999999999996,1.4499999999999997,-0.7861572269377235,true,false
26,105,0.25,1.4499999999999997,-0.7871441010412696,true,false
27,105,0.30000000000000004,1.4499999999999997,-0.786854631083918,true,false
28,105,0.3500000000000001,1.4499999999999997,-0.7847268346724037,true,false
29,105,0.40000000000000013,1.4499999999999997,-0.7852153543409828,true,false
30,105,0.44999999999999996,1.4499999999999997,-0.7830716434893135,true,false
31,105,0.5,1.4499999999999997,-0.7790385548052314,true,false
32,105,0.55,1.4499999999999997,-0.7772555071124839,false,true
33,105,0.6000000000000001,1.4499999999999997,-0.7745337847647193,false,true
34,105,0.6500000000000001,1.4499999999999997,-0.77394466157113,false,true
35,105,0.7,1.4499999999999997,-0.774037153800789,false,true
36,105,0.75,1.4499999999999997,-0.77413203739881,false,true
37,105,0.8,1.4499999999999997,-0.7742448611310612,false,true
0,106,-1.05,1.5000000000000004,-0.7328405027360463,false,true
1,106,-1.0,1.5000000000000004,-0.7328920334614663,false,true
2,106,-0.9500000000000001,1.5000000000000004,-0.7329459593613482,false,true
3,106,-0.9,1.5000000000000004,-0.733003041631238,false,true
4,106,-0.8500000000000001,1.5000000000000004,-0.7330643502410972,false,true
5,106,-0.8,1.5000000000000004,-0.7331311807792814,false,true
6,106,-0.75,1.5000000000000004,-0.7332043233024733,false,true
7,106,-0.7,1.5000000000000004,-0.733282245941596,false,true
8,106,-0.65,1.5000000000000004,-0.733369735498723,false,true
9,106,-0.6000000000000001,1.5000000000000004,-0.7334376028083492,false,true
10,106,-0.55,1.5000000000000004,-0.7335678111961729,false,true
11,106,-0.5,1.5000000000000004,-0.7333127919611457,false,true
12,106,-0.44999999999999996,1.5000000000000004,-0.7360890388526746,false,true
13,106,-0.4,1.5000000000000004,-0.7503505250757175,false,true
14,106,-0.35,1.5000000000000004,-0.7598505679544929,true,false
15,106,-0.30000000000000004,1.5000000000000004,-0.7707184020456794,true,false
16,106,-0.25,1.5000000000000004,-0.777842259782267,true,false
17,106,-0.19999999999999996,1.5000000000000004,-0.781107640641642,true,false
18,106,-0.15000000000000002,1.5000000000000004,-0.7858164671835426,true,false
19,106,-0.09999999999999998,1.5000000000000004,-0.7885791722712043,true,false
20,106,-0.050000000000000044,1.5000000000000004,-0.7920127872404579,true,false
21,106,0.0,1.5000000000000004,-0.7923771802362922,true,false
22,106,0.050000000000000044,1.5000000000000004,-0.7909485165056709,true,false
23,106,0.10000000000000009,1.5000000000000004,-0.7885791722712043,true,false
24,106,0.15000000000000013,1.5000000000000004,-0.7854340437826637,true,false
25,106,0.19999999999999996,1.5000000000000004,-0.7856388751444343,true,false
26,106,0.25,1.5000000000000004,-0.7858659092363838,true,false
27,106,0.30000000000000004,1.5000000000000004,-0.7856028441366676,true,false
28,106,0.3500000000000001,1.5000000000000004,-0.784734166043711,true,false
29,106,0.40000000000000013,1.5000000000000004,-0.7839804057058815,true,false
30,106,0.44999999999999996,1.5000000000000004,-0.782470709460688,true,false
31,106,0.5,1.5000000000000004,-0.7795771423754219,true,false
32,106,0.55,1.5000000000000004,-0.7750254336771492,true,false
33,106,0.6000000000000001,1.5000000000000004,-0.7735629282892293,false,true
34,106,0.6500000000000001,1.5000000000000004,-0.774461271706098,false,true
35,106,0.7,1.5000000000000004,-0.7747702921423962,false,true
36,106,0.75,1.5000000000000004,-0.7750411942515354,false,true
37,106,0.8,1.5000000000000004,-0.7752392343537435,false,true
0,107,-1.05,1.5500000000000003,-0.7324032813284097,false,true
1,107,-1.0,1.5500000000000003,-0.7324614815720791,false,true
2,107,-0.9500000000000001,1.5500000000000003,-0.7325220316493826,false,true
3,107,-0.9,1.5500000000000003,-0.7325856615492299,false,true
4,107,-0.8500000000000001,1.5500000000000003,-0.7326537887442672,false,true
5,107,-0.8,1.5500000000000003,-0.7327290599137123,false,true
6,107,-0.75,1.5500000000000003,-0.7328168834782971,false,true
7,107,-0.7,1.5500000000000003,-0.7329228958986554,false,true
8,107,-0.65,1.5500000000000003,-0.7330476603696123,false,true
9,107,-0.6000000000000001,1.5500000000000003,-0.7332250677407707,false,true
10,107,-0.55,1.5500000000000003,-0.7333782711875578,false,true
11,107,-0.5,1.5500000000000003,-0.7339284628570143,false,true
12,107,-0.44999999999999996,1.5500000000000003,-0.7333127919611457,true,false
13,107,-0.4,1.5500000000000003,-0.7400152448591713,true,false
14,107,-0.35,1.5500000000000003,-0.7585792008814338,true,false
15,107,-0.30000000000000004,1.5500000000000003,-0.7691656414446357,true,false
16,107,-0.25,1.5500000000000003,-0.7760714951929573,true,false
17,107,-0.19999999999999996,1.5500000000000003,-0.7784408692297462,true,false
18,107,-0.15000000000000002,1.5500000000000003,-0.7828244630274299,true,false
19,107,-0.09999999999999998,1.5500000000000003,-0.7871494952616218,true,false
20,107,-0.050000000000000044,1.5500000000000003,-0.7885791722712043,true,false
21,107,0.0,1.5500000000000003,-0.7885791722712043,true,false
22,107,0.050000000000000044,1.5500000000000003,-0.7885791722712043,true,false
23,107,0.10000000000000009,1.5500000000000003,-0.7869446340975288,true,false
24,107,0.15000000000000013,1.5500000000000003,-0.7842582229551796,true,false
25,107,0.19999999999999996,1.5500000000000003,-0.7838665906366828,true,false
26,107,0.25,1.5500000000000003,-0.7838950220522407,true,false
27,107,0.30000000000000004,1.5500000000000003,-0.7843192283091072,true,false
28,107,0.3500000000000001,1.5500000000000003,-0.783181375640345,true,false
29,107,0.40000000000000013,1.5500000000000003,-0.7825447682318214,true,false
30,107,0.44999999999999996,1.5500000000000003,-0.7802185181555275,true,false
31,107,0.5,1.5500000000000003,-0.7777451042112831,true,false
32,107,0.55,1.5500000000000003,-0.7714946333345893,true,false
33,107,0.6000000000000001,1.5500000000000003,-0.7756592080912813,false,true
34,107,0.6500000000000001,1.5500000000000003,-0.7760329436057259,false,true
35,107,0.7,1.5500000000000003,-0.7764283481391017,false,true
36,107,0.75,1.5500000000000003,-0.7766265023071135,false,true
37,107,0.8,1.5500000000000003,-0.7767642958059865,false,true
0,108,-1.05,1.6,-0.7317740218205893,false,true
1,108,-1.0,1.6,-0.7318322216214223,false,true
2,108,-0.9500000000000001,1.6,-0.731891373042285,false,true
3,108,-0.9,1.6,-0.7319510354001906,false,true
4,108,-0.8500000000000001,1.6,-0.7320106264541745,false,true
5,108,-0.8,1.6,-0.7320699472005684,false,true
6,108,-0.75,1.6,-0.7321295952488193,false,true
7,108,-0.7,1.6,-0.7322015968123473,false,true
8,108,-0.65,1.6,-0.7322996126916584,false,true
9,108,-0.6000000000000001,1.6,-0.7324068260205187,false,true
10,108,-0.55,1.6,-0.7326656618931199,false,true
11,108,-0.5,1.6,-0.7326656618931199,false,true
12,108,-0.44999999999999996,1.6,-0.7347991529879097,true,false
13,108,-0.4,1.6,-0.7403455141958717,true,false
14,108,-0.35,1.6,-0.7552528146681312,true,false
15,108,-0.30000000000000004,1.6,-0.7675170663771156,true,false
16,108,-0.25,1.6,-0.7740529838976387,true,false
17,108,-0.19999999999999996,1.6,-0.7776024404940132,true,false
18,108,-0.15000000000000002,1.6,-0.780230707305384,true,false
19,108,-0.09999999999999998,1.6,-0.7851679984507087,true,false
20,108,-0.050000000000000044,1.6,-0.7868587736067298,true,false
21,108,0.0,1.6,-0.7874007586416725,true,false
22,108,0.050000000000000044,1.6,-0.7867923144278053,true,false
23,108,0.10000000000000009,1.6,-0.7859487596926216,true,false
24,108,0.15000000000000013,1.6,-0.7841436628279213,true,false
25,108,0.19999999999999996,1.6,-0.7828704778131965,true,false
26,108,0.25,1.6,-0.7821298901018623,true,false
27,108,0.30000000000000004,1.6,-0.7820307377752784,true,false
28,108,0.3500000000000001,1.6,-0.7807433370527748,true,false
29,108,0.40000000000000013,1.6,-0.7801016632494453,true,false
30,108,0.44999999999999996,1.6,-0.7783524159368995,true,false
31,108,0.5,1.6,-0.7775060597834114,true,false
32,108,0.55,1.6,-0.7821825806078437,true,false
33,108,0.6000000000000001,1.6,-0.7790315007554909,false,true
34,108,0.6500000000000001,1.6,-0.7789546110258291,false,true
35,108,0.7,1.6,-0.7787629447836736,false,true
36,108,0.75,1.6,-0.7786822667953508,false,true
37,108,0.8,1.6,-0.778618965885839,false,true
0,109,-1.05,1.65,-0.7309502427358417,false,true
1,109,-1.0,1.65,-0.7310042551214337,false,true
2,109,-0.9500000000000001,1.65,-0.7310587588518438,false,true
3,109,-0.9,1.65,-0.731112709219627,false,true
4,109,-0.8500000000000001,1.65,-0.7311640075793737,false,true
5,109,-0.8,1.65,-0.731208300790556,false,true
6,109,-0.75,1.65,-0.7312386558440341,false,true
7,109,-0.7,1.65,-0.7312344690113294,false,true
8,109,-0.65,1.65,-0.7312169178692326,false,true
9,109,-0.6000000000000001,1.65,-0.7312225350988051,false,true
10,109,-0.55,1.65,-0.7310693316520179,false,true
11,109,-0.5,1.65,-0.7314028609292258,false,true
12,109,-0.44999999999999996,1.65,-0.7290013197836402,true,false
13,109,-0.4,1.65,-0.7355645362314704,true,false
14,109,-0.35,1.65,-0.7489612761911872,true,false
15,109,-0.30000000000000004,1.65,-0.7598354879793647,true,false
16,109,-0.25,1.65,-0.7694892946657661,true,false
17,109,-0.19999999999999996,1.65,-0.7742195490774635,true,false
18,109,-0.15000000000000002,1.65,-0.7794543866095069,true,false
19,109,-0.09999999999999998,1.65,-0.7834101680693153,true,false
20,109,-0.050000000000000044,1.65,-0.7850827936110023,true,false
21,109,0.0,1.65,-0.7860970262465004,true,false
22,109,0.050000000000000044,1.65,-0.785751468318415,true,false
23,109,0.10000000000000009,1.65,-0.7853338185724739,true,false
24,109,0.15000000000000013,1.65,-0.7836657229837898,true,false
25,109,0.19999999999999996,1.65,-0.7816569272455696,true,false
26,109,0.25,1.65,-0.7802520159658912,true,false
27,109,0.30000000000000004,1.65,-0.7797440949854377,true,false
28,109,0.3500000000000001,1.65,-0.7789901558336738,true,false
29,109,0.40000000000000013,1.65,-0.777558154242945,true,false
30,109,0.44999999999999996,1.65,-0.7770227257189277,true,false
31,109,0.5,1.65,-0.7757145825800422,true,false
32,109,0.55,1.65,-0.7821120683130744,true,false
33,109,0.6000000000000001,1.65,-0.782141275461882,false,true
34,109,0.6500000000000001,1.65,-0.7812218889625158,false,true
35,109,0.7,1.65,-0.780822089546329,false,true
36,109,0.75,1.65,-0.7805219084598227,false,true
37,109,0.8,1.65,-0.7803075805408578,false,true
0,110,-1.05,1.6999999999999997,-0.7299453327999609,false,true
1,110,-1.0,1.6999999999999997,-0.7299918788020205,false,true
2,110,-0.9500000000000001,1.6999999999999997,-0.7300400572858365,false,true
3,110,-0.9,1.6999999999999997,-0.7300901849616831,false,true
4,110,-0.8500000000000001,1.6999999999999997,-0.7301422451489983,false,true
5,110,-0.8,1.6999999999999997,-0.730195427898204,false,true
6,110,-0.75,1.6999999999999997,-0.7302440778039772,false,true
7,110,-0.7,1.6999999999999997,-0.7302816359513157,false,true
8,110,-0.65,1.6999999999999997,-0.7301941463941888,false,true
9,110,-0.6000000000000001,1.6999999999999997,-0.7300190657557022,false,true
10,110,-0.55,1.6999999999999997,-0.7299960706967388,false,true
11,110,-0.5,1.6999999999999997,-0.7290013197836402,false,true
12,110,-0.44999999999999996,1.6999999999999997,-0.7239363339578463,false,true
13,110,-0.4,1.6999999999999997,-0.7285791698870185,true,false
14,110,-0.35,1.6999999999999997,-0.7335424486574653,true,false
15,110,-0.30000000000000004,1.6999999999999997,-0.7585792008814338,true,false
16,110,-0.25,1.6999999999999997,-0.7660771075663093,true,false
17,110,-0.19999999999999996,1.6999999999999997,-0.7719821099218849,true,false
18,110,-0.15000000000000002,1.6999999999999997,-0.7763117019114021,true,false
19,110,-0.09999999999999998,1.6999999999999997,-0.779944515603495,true,false
20,110,-0.050000000000000044,1.6999999999999997,-0.7826253239092353,true,false
21,110,0.0,1.6999999999999997,-0.7832871738848213,true,false
22,110,0.050000000000000044,1.6999999999999997,-0.7844017807421211,true,false
23,110,0.10000000000000009,1.6999999999999997,-0.7849043373045448,true,false
24,110,0.15000000000000013,1.6999999999999997,-0.7832220260080818,true,false
25,110,0.19999999999999996,1.6999999999999997,-0.7813243631300453,true,false
26,110,0.25,1.6999999999999997,-0.7790328029570106,true,false
27,110,0.30000000000000004,1.6999999999999997,-0.7782226864275459,true,false
28,110,0.3500000000000001,1.6999999999999997,-0.7770500544485572,true,false
29,110,0.40000000000000013,1.6999999999999997,-0.7753057543215278,true,false
30,110,0.44999999999999996,1.6999999999999997,-0.7737612489637855,true,false
31,110,0.5,1.6999999999999997,-0.774243420737696,true,false
32,110,0.55,1.6999999999999997,-0.77648132888422,false,true
33,110,0.6000000000000001,1.6999999999999997,-0.7821120683130744,false,true
34,110,0.6500000000000001,1.6999999999999997,-0.7821241663102287,false,true
35,110,0.7,1.6999999999999997,-0.7818563519722669,false,true
36,110,0.75,1.6999999999999997,-0.7816297888365696,false,true
37,110,0.8,1.6999999999999997,-0.7814252255362696,false,true
0,111,-1.05,1.7500000000000004,-0.7287858863998772,false,true
1,111,-1.0,1.7500000000000004,-0.7288205844911005,false,true
2,111,-0.9500000000000001,1.7500000000000004,-0.7288568640869705,false,true
3,111,-0.9,1.7500000000000004,-0.7288965141130136,false,true
4,111,-0.8500000000000001,1.7500000000000004,-0.7289427381210317,false,true
5,111,-0.8,1.7500000000000004,-0.7290009777422298,false,true
6,111,-0.75,1.7500000000000004,-0.7290833985958214,false,true
7,111,-0.7,1.7500000000000004,-0.7292005713552813,false,true
8,111,-0.65,1.7500000000000004,-0.7294700829516535,false,true
9,111,-0.6000000000000001,1.7500000000000004,-0.7294133591030287,false,true
10,111,-0.55,1.7500000000000004,-0.7290013197836402,false,true
11,111,-0.5,1.7500000000000004,-0.7122056205040902,false,true
12,111,-0.44999999999999996,1.7500000000000004,-0.7039298559321499,false,true
13,111,-0.4,1.7500000000000004,-0.698579198497248,true,false
14,111,-0.35,1.7500000000000004,-0.7285791698870185,true,false
15,111,-0.30000000000000004,1.7500000000000004,-0.7566677991327766,true,false
16,111,-0.25,1.7500000000000004,-0.763892269509745,true,false
17,111,-0.19999999999999996,1.7500000000000004,-0.7702364388880256,true,false
18,111,-0.15000000000000002,1.7500000000000004,-0.7748104397234443,true,false
19,111,-0.09999999999999998,1.7500000000000004,-0.7783253852304939,true,false
20,111,-0.050000000000000044,1.7500000000000004,-0.7807040277895454,true,false
21,111,0.0,1.7500000000000004,-0.7810315553125862,true,false
22,111,0.050000000000000044,1.7500000000000004,-0.7818756166872505,true,false
23,111,0.10000000000000009,1.7500000000000004,-0.7830292347845558,true,false
24,111,0.15000000000000013,1.7500000000000004,-0.7813989285406593,true,false
25,111,0.19999999999999996,1.7500000000000004,-0.779191112893534,true,false
26,111,0.25,1.7500000000000004,-0.7774244908270362,true,false
27,111,0.30000000000000004,1.7500000000000004,-0.7765273813185218,true,false
28,111,0.3500000000000001,1.7500000000000004,-0.7753244403776649,true,false
29,111,0.40000000000000013,1.7500000000000004,-0.7737289730486396,true,false
30,111,0.44999999999999996,1.7500000000000004,-0.7718711558756355,true,false
31,111,0.5,1.7500000000000004,-0.7724498871740821,true,false
32,111,0.55,1.7500000000000004,-0.7727096242669054,false,true
33,111,0.6000000000000001,1.7500000000000004,-0.775972437028918,false,true
34,111,0.6500000000000001,1.7500000000000004,-0.7821120683130744,false,true
35,111,0.7,1.7500000000000004,-0.7821170794675734,false,true
36,111,0.75,1.7500000000000004,-0.7820392464190686,false,true
37,111,0.8,1.7500000000000004,-0.7819412560636838,false,true
0,112,-1.05,1.8000000000000003,-0.7275099027821204,false,true
1,112,-1.0,1.8000000000000003,-0.7275308234865367,false,true
2,112,-0.9500000000000001,1.8000000000000003,-0.7275498045998481,false,true
3,112,-0.9,1.8000000000000003,-0.7275674696076794,false,true
4,112,-0.8500000000000001,1.8000000000000003,-0.7275854124579825,false,true
5,112,-0.8,1.8000000000000003,-0.7276076850816932,false,true
6,112,-0.75,1.8000000000000003,-0.7276413169915114,false,true
7,112,-0.7,1.8000000000000003,-0.7277194539347581,false,true
8,112,-0.65,1.8000000000000003,-0.7278258493615672,false,true
9,112,-0.6000000000000001,1.8000000000000003,-0.7290013197836402,false,true
10,112,-0.55,1.8000000000000003,-0.7055365661068381,false,true
11,112,-0.5,1.8000000000000003,-0.6912158594034369,false,true
12,112,-0.44999999999999996,1.8000000000000003,-0.6884258998362993,false,true
13,112,-0.4,1.8000000000000003,-0.6868475142893318,true,false
14,112,-0.35,1.8000000000000003,-0.714338487761927,true,false
15,112,-0.30000000000000004,1.8000000000000003,-0.7525404755053047,true,false
16,112,-0.25,1.8000000000000003,-0.7594331864294532,true,false
17,112,-0.19999999999999996,1.8000000000000003,-0.7687361005720619,true,false
18,112,-0.15000000000000002,1.8000000000000003,-0.7736748520311836,true,false
19,112,-0.09999999999999998,1.8000000000000003,-0.7770177189287666,true,false
20,112,-0.050000000000000044,1.8000000000000003,-0.7781142655786994,true,false
21,112,0.0,1.8000000000000003,-0.7787517670568946,true,false
22,112,0.050000000000000044,1.8000000000000003,-0.7804262701448921,true,false
23,112,0.10000000000000009,1.8000000000000003,-0.7803558174547676,true,false
24,112,0.15000000000000013,1.8000000000000003,-0.7794268194612983,true,false
25,112,0.19999999999999996,1.8000000000000003,-0.7775973740992073,true,false
26,112,0.25,1.8000000000000003,-0.7748814884600166,true,false
27,112,0.30000000000000004,1.8000000000000003,-0.77413687743516,true,false
28,112,0.3500000000000001,1.8000000000000003,-0.772864288466883,true,false
29,112,0.40000000000000013,1.8000000000000003,-0.7714059118208412,true,false
30,112,0.44999999999999996,1.8000000000000003,-0.7706342104849342,true,false
31,112,0.5,1.8000000000000003,-0.7715431515154365,true,false
32,112,0.55,1.8000000000000003,-0.7713951094031136,false,true
33,112,0.6000000000000001,1.8000000000000003,-0.7720778126614694,false,true
34,112,0.6500000000000001,1.8000000000000003,-0.7759434587428123,false,true
35,112,0.7,1.8000000000000003,-0.7821120683130744,false,true
36,112,0.75,1.8000000000000003,-0.782114144001231,false,true
37,112,0.8,1.8000000000000003,-0.7806783948786883,false,true
0,113,-1.05,1.85,-0.7261554467933996,false,true
1,113,-1.0,1.85,-0.72616963472922,false,true
2,113,-0.9500000000000001,1.85,-0.7261779395382292,false,true
3,113,-0.9,1.85,-0.7261781129930281,false,true
4,113,-0.8500000000000001,1.85,-0.7261668260720809,false,true
5,113,-0.8,1.85,-0.7261383489272141,false,true
6,113,-0.75,1.85,-0.726084408864572,false,true
7,113,-0.7,1.85,-0.7259715603028792,false,true
8,113,-0.65,1.85,-0.725818359062295,false,true
9,113,-0.6000000000000001,1.85,-0.7245759734070415,false,true
10,113,-0.55,1.85,-0.7017062696930134,false,true
11,113,-0.5,1.85,-0.6859358764648257,false,true
12,113,-0.44999999999999996,1.85,-0.6824474615330427,false,true
13,113,-0.4,1.85,-0.6805047754225257,true,false
14,113,-0.35,1.85,-0.698579198497248,true,false
15,113,-0.30000000000000004,1.85,-0.7393969658789161,true,false
16,113,-0.25,1.85,-0.7585792008814338,true,false
17,113,-0.19999999999999996,1.85,-0.7679146591600898,true,false
18,113,-0.15000000000000002,1.85,-0.7728731099543098,true,false
19,113,-0.09999999999999998,1.85,-0.7750693623003486,true,false
20,113,-0.050000000000000044,1.85,-0.7764029566225532,true,false
21,113,0.0,1.85,-0.7758535806116584,true,false
22,113,0.050000000000000044,1.85,-0.7777251664576057,true,false
23,113,0.10000000000000009,1.85,-0.7789335314211372,true,false
24,113,0.15000000000000013,1.85,-0.7770321432528022,true,false
25,113,0.19999999999999996,1.85,-0.7751764420446876,true,false
26,113,0.25,1.85,-0.7730419103083137,true,false
27,113,0.30000000000000004,1.85,-0.7726816002306465,true,false
28,113,0.3500000000000001,1.85,-0.7704300049719337,true,false
29,113,0.40000000000000013,1.85,-0.7690791551050666,true,false
30,113,0.44999999999999996,1.85,-0.769240922110987,true,false
31,113,0.5,1.85,-0.7701309684690956,true,false
32,113,0.55,1.85,-0.772411489263076,false,true
33,113,0.6000000000000001,1.85,-0.7726575982570271,false,true
34,113,0.6500000000000001,1.85,-0.7728803039898057,false,true
35,113,0.7,1.85,-0.7754239410223988,false,true
36,113,0.75,1.85,-0.7772870874570429,false,true
37,113,0.8,1.85,-0.7772404260125693,false,true
0,114,-1.05,1.9,-0.7247378184168612,false,true
1,114,-1.0,1.9,-0.724760005329003,false,true
2,114,-0.9500000000000001,1.9,-0.7247777200850583,false,true
3,114,-0.9,1.9,-0.7247881641666499,false,true
4,114,-0.8500000000000001,1.9,-0.724786775644755,false,true
5,114,-0.8,1.9,-0.7247662398269573,false,true
6,114,-0.75,1.9,-0.7247116636310602,false,true
7,114,-0.7,1.9,-0.7246089557608262,false,true
8,114,-0.65,1.9,-0.7243339305163982,false,true
9,114,-0.6000000000000001,1.9,-0.7243923969843072,false,true
10,114,-0.55,1.9,-0.7245759734070415,false,true
11,114,-0.5,1.9,-0.7021567388100168,false,true
12,114,-0.44999999999999996,1.9,-0.6883792168010644,false,true
13,114,-0.4,1.9,-0.6807947818216804,true,false
14,114,-0.35,1.9,-0.698579198497248,true,false
15,114,-0.30000000000000004,1.9,-0.7285791698870185,true,false
16,114,-0.25,1.9,-0.7606160704073432,true,false
17,114,-0.19999999999999996,1.9,-0.7651759449419502,true,false
18,114,-0.15000000000000002,1.9,-0.7716102365431312,true,false
19,114,-0.09999999999999998,1.9,-0.773451036590052,true,false
20,114,-0.050000000000000044,1.9,-0.7779329037831841,true,false
21,114,0.0,1.9,-0.7779109692739068,true,false
22,114,0.050000000000000044,1.9,-0.7817352184212322,true,false
23,114,0.10000000000000009,1.9,-0.7816979059136028,true,false
24,114,0.15000000000000013,1.9,-0.7808571227944011,true,false
25,114,0.19999999999999996,1.9,-0.7785521813786144,true,false
26,114,0.25,1.9,-0.7777213224327678,true,false
27,114,0.30000000000000004,1.9,-0.777259118214857,true,false
28,114,0.3500000000000001,1.9,-0.7757268914139385,true,false
29,114,0.40000000000000013,1.9,-0.7763440975105876,true,false
30,114,0.44999999999999996,1.9,-0.7768604227459545,true,false
31,114,0.5,1.9,-0.7765049704468364,true,false
32,114,0.55,1.9,-0.774268137788008,false,true
33,114,0.6000000000000001,1.9,-0.7739977487858556,false,true
34,114,0.6500000000000001,1.9,-0.7732318953781119,false,true
35,114,0.7,1.9,-0.7724621066010112,false,true
36,114,0.75,1.9,-0.7723007187762928,false,true
37,114,0.8,1.9,-0.773680498437029,false,true
0,115,-1.05,1.9499999999999997,-0.7232352801793425,false,true
1,115,-1.0,1.9499999999999997,-0.7232746250724448,false,true
2,115,-0.9500000000000001,1.9499999999999997,-0.7233170186715095,false,true
3,115,-0.9,1.9499999999999997,-0.723362557015255,false,true
4,115,-0.8500000000000001,1.9499999999999997,-0.7234114659277145,false,true
5,115,-0.8,1.9499999999999997,-0.7234642443943401,false,true
6,115,-0.75,1.9499999999999997,-0.723525253185763,false,true
7,115,-0.7,1.9499999999999997,-0.7235970178222885,false,true
8,115,-0.65,1.9499999999999997,-0.7237884968900224,false,true
9,115,-0.6000000000000001,1.9499999999999997,-0.7240092035538941,false,true
10,115,-0.55,1.9499999999999997,-0.7241327807175445,false,true
11,115,-0.5,1.9499999999999997,-0.7245759734070415,false,true
12,115,-0.44999999999999996,1.9499999999999997,-0.7096447889428094,false,true
13,115,-0.4,1.9499999999999997,-0.706979668990385,true,false
14,115,-0.35,1.9499999999999997,-0.706979668990385,true,false
15,115,-0.30000000000000004,1.9499999999999997,-0.7369796403801555,true,false
16,115,-0.25,1.9499999999999997,-0.7669796713745708,true,false
17,115,-0.19999999999999996,1.9499999999999997,-0.7722957202351207,true,false
18,115,-0.15000000000000002,1.9499999999999997,-0.7757773467457408,true,false
19,115,-0.09999999999999998,1.9499999999999997,-0.7784906097805614,true,false
20,115,-0.050000000000000044,1.9499999999999997,-0.779760784760725,true,false
21,115,0.0,1.9499999999999997,-0.7806166776573772,true,false
22,115,0.050000000000000044,1.9499999999999997,-0.7812150486862773,true,false
23,115,0.10000000000000009,1.9499999999999997,-0.7810066112434978,true,false
24,115,0.15000000000000013,1.9499999999999997,-0.779835201159727,true,false
25,115,0.19999999999999996,1.9499999999999997,-0.7775580355084056,true,false
26,115,0.25,1.9499999999999997,-0.7755803533947582,true,false
27,115,0.30000000000000004,1.9499999999999997,-0.7753456005013103,true,false
28,115,0.3500000000000001,1.9499999999999997,-0.7749445804512615,true,false
29,115,0.40000000000000013,1.9499999999999997,-0.7744709917461986,true,false
30,115,0.44999999999999996,1.9499999999999997,-0.7756892510807628,true,false
31,115,0.5,1.9499999999999997,-0.7752419480240459,true,false
32,115,0.55,1.9499999999999997,-0.7752016205146749,false,true
33,115,0.6000000000000001,1.9499999999999997,-0.7738117579519145,false,true
34,115,0.6500000000000001,1.9499999999999997,-0.7724621066010112,false,true
35,115,0.7,1.9499999999999997,-0.7720724819257738,false,true
36,115,0.75,1.9499999999999997,-0.7720252125263147,false,true
37,115,0.8,1.9499999999999997,-0.7719053593612731,false,true
0,116,-1.05,2.0000000000000004,-0.7216083949401282,false,true
1,116,-1.0,2.0000000000000004,-0.721654912948247,false,true
2,116,-0.9500000000000001,2.0000000000000004,-0.721711576457076,false,true
3,116,-0.9,2.0000000000000004,-0.7217814722330366,false,true
4,116,-0.8500000000000001,2.0000000000000004,-0.7218691707384337,false,true
5,116,-0.8,2.0000000000000004,-0.7219820520051686,false,true
6,116,-0.75,2.0000000000000004,-0.7221305456973655,false,true
7,116,-0.7,2.0000000000000004,-0.7223400600884267,false,true
8,116,-0.65,2.0000000000000004,-0.7225893128336792,false,true
9,116,-0.6000000000000001,2.0000000000000004,-0.7228724704383841,false,true
10,116,-0.55,2.0000000000000004,-0.7232676691999126,false,true
11,116,-0.5,2.0000000000000004,-0.7235060116053132,false,true
12,116,-0.44999999999999996,2.0000000000000004,-0.7245759734070415,true,false
13,116,-0.4,2.0000000000000004,-0.7211479612743968,true,false
14,116,-0.35,2.0000000000000004,-0.7279876836693401,true,false
15,116,-0.30000000000000004,2.0000000000000004,-0.7392515906250591,true,false
16,116,-0.25,2.0000000000000004,-0.7669796713745708,true,false
17,116,-0.19999999999999996,2.0000000000000004,-0.7724094160950298,true,false
18,116,-0.15000000000000002,2.0000000000000004,-0.7746300467407817,true,false
19,116,-0.09999999999999998,2.0000000000000004,-0.7762188085472698,true,false
20,116,-0.050000000000000044,2.0000000000000004,-0.7773360678112621,true,false
21,116,0.0,2.0000000000000004,-0.7777262696182842,true,false
22,116,0.050000000000000044,2.0000000000000004,-0.7776970633423442,true,false
23,116,0.10000000000000009,2.0000000000000004,-0.7771273919499034,true,false
24,116,0.15000000000000013,2.0000000000000004,-0.7753756710445995,true,false
25,116,0.19999999999999996,2.0000000000000004,-0.7742721506512279,true,false
26,116,0.25,2.0000000000000004,-0.7727250226891155,true,false
27,116,0.30000000000000004,2.0000000000000004,-0.7735527821934337,true,false
28,116,0.3500000000000001,2.0000000000000004,-0.7737831243431682,true,false
29,116,0.40000000000000013,2.0000000000000004,-0.7736226686394329,true,false
30,116,0.44999999999999996,2.0000000000000004,-0.7749357589638347,true,false
31,116,0.5,2.0000000000000004,-0.7738412388718242,true,false
32,116,0.55,2.0000000000000004,-0.7732985108746532,false,true
33,116,0.6000000000000001,2.0000000000000004,-0.7724621066010112,false,true
34,116,0.6500000000000001,2.0000000000000004,-0.7715214694258181,false,true
35,116,0.7,2.0000000000000004,-0.7715214694258181,false,true
36,116,0.75,2.0000000000000004,-0.7713405019747583,false,true
37,116,0.8,2.0000000000000004,-0.7712435877688456,false,true
0,117,-1.05,2.0500000000000003,-0.7198499815805346,false,true
1,117,-1.0,2.0500000000000003,-0.719876378409835,false,true
2,117,-0.9500000000000001,2.0500000000000003,-0.7199126729223069,false,true
3,117,-0.9,2.0500000000000003,-0.7199617483445809,false,true
4,117,-0.8500000000000001,2.0500000000000003,-0.7200274541226263,false,true
5,117,-0.8,2.0500000000000003,-0.7201144588641728,false,true
6,117,-0.75,2.0500000000000003,-0.720228849031143,false,true
7,117,-0.7,2.0500000000000003,-0.720367775479091,false,true
8,117,-0.65,2.0500000000000003,-0.7205391266740359,false,true
9,117,-0.6000000000000001,2.0500000000000003,-0.7207689767886016,false,true
10,117,-0.55,2.0500000000000003,-0.7210532647108373,false,true
11,117,-0.5,2.0500000000000003,-0.7216222979305777,false,true
12,117,-0.44999999999999996,2.0500000000000003,-0.721992857114088,true,false
13,117,-0.4,2.0500000000000003,-0.7199459442055339,true,false
14,117,-0.35,2.0500000000000003,-0.7292577394402141,true,false
15,117,-0.30000000000000004,2.0500000000000003,-0.739557839289915,true,false
16,117,-0.25,2.0500000000000003,-0.7669796713745708,true,false
17,117,-0.19999999999999996,2.0500000000000003,-0.7703193792259807,true,false
18,117,-0.15000000000000002,2.0500000000000003,-0.7726673849976177,true,false
19,117,-0.09999999999999998,2.0500000000000003,-0.7738277086174602,true,false
20,117,-0.050000000000000044,2.0500000000000003,-0.7748532661354656,true,false
21,117,0.0,2.0500000000000003,-0.77592287148596,true,false
22,117,0.050000000000000044,2.0500000000000003,-0.7751034864342327,true,false
23,117,0.10000000000000009,2.0500000000000003,-0.7734319933807964,true,false
24,117,0.15000000000000013,2.0500000000000003,-0.771344161883604,true,false
25,117,0.19999999999999996,2.0500000000000003,-0.7712119587814922,true,false
26,117,0.25,2.0500000000000003,-0.7691209086334819,true,false
27,117,0.30000000000000004,2.0500000000000003,-0.7712247141754741,true,false
28,117,0.3500000000000001,2.0500000000000003,-0.7731931575691814,true,false
29,117,0.40000000000000013,2.0500000000000003,-0.7716154226219768,true,false
30,117,0.44999999999999996,2.0500000000000003,-0.7726351388847942,true,false
31,117,0.5,2.0500000000000003,-0.7717703946983928,true,false
32,117,0.55,2.0500000000000003,-0.7724621066010112,true,false
33,117,0.6000000000000001,2.0500000000000003,-0.7701912075753876,false,true
34,117,0.6500000000000001,2.0500000000000003,-0.7705808322506249,false,true
35,117,0.7,2.0500000000000003,-0.770352595400106,false,true
36,117,0.75,2.0500000000000003,-0.7703249056269881,false,true
37,117,0.8,2.0500000000000003,-0.770268542154959,false,true
0,118,-1.05,2.1,-0.7180278543041838,false,true
1,118,-1.0,2.1,-0.7180077194588219,false,true
2,118,-0.9500000000000001,2.1,-0.7179898521708168,false,true
3,118,-0.9,2.1,-0.7179744704838179,false,true
4,118,-0.8500000000000001,2.1,-0.7179614039482903,false,true
5,118,-0.8,2.1,-0.7179498129545981,false,true
6,118,-0.75,2.1,-0.7179365999054488,false,true
7,118,-0.7,2.1,-0.7179211663069986,false,true
8,118,-0.65,2.1,-0.717903910940683,false,true
9,118,-0.6000000000000001,2.1,-0.7178807257603558,false,true
10,118,-0.55,2.1,-0.7178682405420459,false,true
11,118,-0.5,2.1,-0.7177957833195637,false,true
12,118,-0.44999999999999996,2.1,-0.7181445726311321,true,false
13,118,-0.4,2.1,-0.7188227542793865,true,false
14,118,-0.35,2.1,-0.7276606329834575,true,false
15,118,-0.30000000000000004,2.1,-0.7464262613213176,true,false
16,118,-0.25,2.1,-0.7645030387795085,true,false
17,118,-0.19999999999999996,2.1,-0.7673820027268047,true,false
18,118,-0.15000000000000002,2.1,-0.7721413442051525,true,false
19,118,-0.09999999999999998,2.1,-0.7741057940876598,true,false
20,118,-0.050000000000000044,2.1,-0.7752238580143566,true,false
21,118,0.0,2.1,-0.7753855654156322,true,false
22,118,0.050000000000000044,2.1,-0.7745399245178813,true,false
23,118,0.10000000000000009,2.1,-0.7720182606136913,true,false
24,118,0.15000000000000013,2.1,-0.77085695351721,true,false
25,118,0.19999999999999996,2.1,-0.7693673142349834,true,false
26,118,0.25,2.1,-0.7679536112702007,true,false
27,118,0.30000000000000004,2.1,-0.7669796713745708,true,false
28,118,0.3500000000000001,2.1,-0.7685267397320384,true,false
29,118,0.40000000000000013,2.1,-0.768723494664442,true,false
30,118,0.44999999999999996,2.1,-0.7677048214829082,true,false
31,118,0.5,2.1,-0.7672337063706035,true,false
32,118,0.55,2.1,-0.7669796713745708,true,false
33,118,0.6000000000000001,2.1,-0.7692505704001944,false,true
34,118,0.6500000000000001,2.1,-0.768860945724957,false,true
35,118,0.7,2.1,-0.7690891825754759,false,true
36,118,0.75,2.1,-0.7691168723485937,false,true
37,118,0.8,2.1,-0.7691732358206229,false,true
0,119,-1.05,2.15,-0.7162757842788571,false,true
1,119,-1.0,2.15,-0.7162078051699194,false,true
2,119,-0.9500000000000001,2.15,-0.7161280341563566,false,true
3,119,-0.9,2.15,-0.7160397089874184,false,true
4,119,-0.8500000000000001,2.15,-0.7159399657167657,false,true
5,119,-0.8,2.15,-0.7158247411728885,false,true
6,119,-0.75,2.15,-0.7156894629513609,false,true
7,119,-0.7,2.15,-0.7155272507360511,false,true
8,119,-0.65,2.15,-0.715327608713029,false,true
9,119,-0.6000000000000001,2.15,-0.7150716338892289,false,true
10,119,-0.55,2.15,-0.714725843574937,false,true
11,119,-0.5,2.15,-0.7142166531402401,false,true
12,119,-0.44999999999999996,2.15,-0.7131054469502086,true,false
13,119,-0.4,2.15,-0.706979668990385,true,false
14,119,-0.35,2.15,-0.7276962765610332,true,false
15,119,-0.30000000000000004,2.15,-0.7540922531044597,true,false
16,119,-0.25,2.15,-0.7625592121040935,true,false
17,119,-0.19999999999999996,2.15,-0.7669796713745708,true,false
18,119,-0.15000000000000002,2.15,-0.7695321210777873,true,false
19,119,-0.09999999999999998,2.15,-0.7710435160553569,true,false
20,119,-0.050000000000000044,2.15,-0.7723531493103618,true,false
21,119,0.0,2.15,-0.7728853889858837,true,false
22,119,0.050000000000000044,2.15,-0.7717262574589366,true,false
23,119,0.10000000000000009,2.15,-0.7702417441761608,true,false
24,119,0.15000000000000013,2.15,-0.7695579298889751,true,false
25,119,0.19999999999999996,2.15,-0.7683505782044048,true,false
26,119,0.25,2.15,-0.7669796713745708,true,false
27,119,0.30000000000000004,2.15,-0.7664292820847148,true,false
28,119,0.3500000000000001,2.15,-0.7667851516163463,true,false
29,119,0.40000000000000013,2.15,-0.7666994997418041,true,false
30,119,0.44999999999999996,2.15,-0.7648816474831218,true,false
31,119,0.5,2.15,-0.7645512887394542,true,false
32,119,0.55,2.15,-0.7651843553174998,false,true
33,119,0.6000000000000001,2.15,-0.7669796713745708,false,true
34,119,0.6500000000000001,2.15,-0.767920308549764,false,true
35,119,0.7,2.15,-0.7679203085497639,false,true
36,119,0.75,2.15,-0.7681012760008236,false,true
37,119,0.8,2.15,-0.7681981902067363,false,true
0,120,-1.05,2.1999999999999997,-0.714709503929879,false,true
1,120,-1.0,2.1999999999999997,-0.71463998607671,false,true
2,120,-0.9500000000000001,2.1999999999999997,-0.7145385714182871,false,true
3,120,-0.9,2.1999999999999997,-0.7144065084807069,false,true
4,120,-0.8500000000000001,2.1999999999999997,-0.714259072312659,false,true
5,120,-0.8,2.1999999999999997,-0.7140930705916029,false,true
6,120,-0.75,2.1999999999999997,-0.7139041947359062,false,true
7,120,-0.7,2.1999999999999997,-0.7136871623105968,false,true
8,120,-0.65,2.1999999999999997,-0.7134329269879964,false,true
9,120,-0.6000000000000001,2.1999999999999997,-0.7131364947331463,false,true
10,120,-0.55,2.1999999999999997,-0.7127640485886209,false,true
11,120,-0.5,2.1999999999999997,-0.7123760078488891,false,true
12,120,-0.44999999999999996,2.1999999999999997,-0.7118602165138835,true,false
13,120,-0.4,2.1999999999999997,-0.7172334262287731,true,false
14,120,-0.35,2.1999999999999997,-0.7369796403801555,true,false
15,120,-0.30000000000000004,2.1999999999999997,-0.7554727562821025,true,false
16,120,-0.25,2.1999999999999997,-0.7609303959763164,true,false
17,120,-0.19999999999999996,2.1999999999999997,-0.7648127445137615,true,false
18,120,-0.15000000000000002,2.1999999999999997,-0.7669796713745708,true,false
19,120,-0.09999999999999998,2.1999999999999997,-0.7696458467400188,true,false
20,120,-0.050000000000000044,2.1999999999999997,-0.7705895074761028,true,false
21,120,0.0,2.1999999999999997,-0.7709830769455547,true,false
22,120,0.050000000000000044,2.1999999999999997,-0.7697863348877544,true,false
23,120,0.10000000000000009,2.1999999999999997,-0.7671349712765331,true,false
24,120,0.15000000000000013,2.1999999999999997,-0.7669796713745708,true,false
25,120,0.19999999999999996,2.1999999999999997,-0.7667804726517314,true,false
26,120,0.25,2.1999999999999997,-0.7652870484745616,true,false
27,120,0.30000000000000004,2.1999999999999997,-0.7648713358795757,true,false
28,120,0.3500000000000001,2.1999999999999997,-0.7645689019119853,true,false
29,120,0.40000000000000013,2.1999999999999997,-0.7641477652943248,true,false
30,120,0.44999999999999996,2.1999999999999997,-0.7622385093128795,true,false
31,120,0.5,2.1999999999999997,-0.7614913352882976,true,false
32,120,0.55,2.1999999999999997,-0.7619537486668534,false,true
33,120,0.6000000000000001,2.1999999999999997,-0.7636749518371994,false,true
34,120,0.6500000000000001,2.1999999999999997,-0.7669796713745708,false,true
35,120,0.7,2.1999999999999997,-0.7673692960498081,false,true
36,120,0.75,2.1999999999999997,-0.7674165654492672,false,true
37,120,0.8,2.1999999999999997,-0.766242037033184,false,true
0,121,-1.05,2.2500000000000004,-0.7132796181201936,false,true
1,121,-1.0,2.2500000000000004,-0.7133095157806167,false,true
2,121,-0.9500000000000001,2.2500000000000004,-0.7132953599824289,false,true
3,121,-0.9,2.2500000000000004,-0.7132241990465691,false,true
4,121,-0.8500000000000001,2.2500000000000004,-0.7130815574730857,false,true
5,121,-0.8,2.2500000000000004,-0.7129281653377244,false,true
6,121,-0.75,2.2500000000000004,-0.7127637890285758,false,true
7,121,-0.7,2.2500000000000004,-0.7125880689351086,false,true
8,121,-0.65,2.2500000000000004,-0.7124062589494203,false,true
9,121,-0.6000000000000001,2.2500000000000004,-0.7122134386018981,false,true
10,121,-0.55,2.2500000000000004,-0.7120738642801974,false,true
11,121,-0.5,2.2500000000000004,-0.7118602165138835,false,true
12,121,-0.44999999999999996,2.2500000000000004,-0.7163132929647414,false,true
13,121,-0.4,2.2500000000000004,-0.7181734510815257,true,false
14,121,-0.35,2.2500000000000004,-0.7369796403801555,true,false
15,121,-0.30000000000000004,2.2500000000000004,-0.7527700432694072,true,false
16,121,-0.25,2.2500000000000004,-0.7570740350639934,true,false
17,121,-0.19999999999999996,2.2500000000000004,-0.761974728957426,true,false
18,121,-0.15000000000000002,2.2500000000000004,-0.7651790150559062,true,false
19,121,-0.09999999999999998,2.2500000000000004,-0.7669796713745708,true,false
20,121,-0.050000000000000044,2.2500000000000004,-0.7669796713745708,true,false
21,121,0.0,2.2500000000000004,-0.7683488198673839,true,false
22,121,0.050000000000000044,2.2500000000000004,-0.7669796713745708,true,false
23,121,0.10000000000000009,2.2500000000000004,-0.7649420865929241,true,false
24,121,0.15000000000000013,2.2500000000000004,-0.7646579512512798,true,false
25,121,0.19999999999999996,2.2500000000000004,-0.7646905847942943,true,false
26,121,0.25,2.2500000000000004,-0.7637938031113262,true,false
27,121,0.30000000000000004,2.2500000000000004,-0.7629043527996654,true,false
28,121,0.3500000000000001,2.2500000000000004,-0.7621396848118419,true,false
29,121,0.40000000000000013,2.2500000000000004,-0.7615991302883739,true,false
30,121,0.44999999999999996,2.2500000000000004,-0.7604469129002208,true,false
31,121,0.5,2.2500000000000004,-0.7600101598656291,true,false
32,121,0.55,2.2500000000000004,-0.7599261180344118,false,true
33,121,0.6000000000000001,2.2500000000000004,-0.7600503064597937,false,true
34,121,0.6500000000000001,2.2500000000000004,-0.7624931899088425,false,true
35,121,0.7,2.2500000000000004,-0.7669796713745708,false,true
36,121,0.75,2.2500000000000004,-0.7627217640501273,false,true
37,121,0.8,2.2500000000000004,-0.7563224366532144,false,true
0,122,-1.05,2.3000000000000003,-0.7114160467315248,false,true
1,122,-1.0,2.3000000000000003,-0.7118769684868235,false,true
2,122,-0.9500000000000001,2.3000000000000003,-0.71210047946473,false,true
3,122,-0.9,2.3000000000000003,-0.712284848244755,false,true
4,122,-0.8500000000000001,2.3000000000000003,-0.7123910514282575,false,true
5,122,-0.8,2.3000000000000003,-0.7122869735927575,false,true
6,122,-0.75,2.3000000000000003,-0.7121845991452733,false,true
7,122,-0.7,2.3000000000000003,-0.7120889214859174,false,true
8,122,-0.65,2.3000000000000003,-0.7120003290297561,false,true
9,122,-0.6000000000000001,2.3000000000000003,-0.7119487123162614,false,true
10,122,-0.55,2.3000000000000003,-0.7118602165138835,false,true
11,122,-0.5,2.3000000000000003,-0.7166429668762484,false,true
12,122,-0.44999999999999996,2.3000000000000003,-0.7206260031975205,false,true
13,122,-0.4,2.3000000000000003,-0.7190600999748821,true,false
14,122,-0.35,2.3000000000000003,-0.7369796403801555,true,false
15,122,-0.30000000000000004,2.3000000000000003,-0.7528461584007854,true,false
16,122,-0.25,2.3000000000000003,-0.7554326125538463,true,false
17,122,-0.19999999999999996,2.3000000000000003,-0.7605217763340587,true,false
18,122,-0.15000000000000002,2.3000000000000003,-0.7635164030945415,true,false
19,122,-0.09999999999999998,2.3000000000000003,-0.7638200887596721,true,false
20,122,-0.050000000000000044,2.3000000000000003,-0.7648179599201793,true,false
21,122,0.0,2.3000000000000003,-0.7650885650074596,true,false
22,122,0.050000000000000044,2.3000000000000003,-0.7642947801506633,true,false
23,122,0.10000000000000009,2.3000000000000003,-0.7627449103748912,true,false
24,122,0.15000000000000013,2.3000000000000003,-0.7624832161820049,true,false
25,122,0.19999999999999996,2.3000000000000003,-0.762850976840269,true,false
26,122,0.25,2.3000000000000003,-0.7627980479157085,true,false
27,122,0.30000000000000004,2.3000000000000003,-0.7626628049767131,true,false
28,122,0.3500000000000001,2.3000000000000003,-0.7617772289669628,true,false
29,122,0.40000000000000013,2.3000000000000003,-0.7605232068455333,true,false
30,122,0.44999999999999996,2.3000000000000003,-0.7594976195252056,true,false
31,122,0.5,2.3000000000000003,-0.758242047683012,true,false
32,122,0.55,2.3000000000000003,-0.7583224932081988,false,true
33,122,0.6000000000000001,2.3000000000000003,-0.7584213439492592,false,true
34,122,0.6500000000000001,2.3000000000000003,-0.756266963628889,false,true
35,122,0.7,2.3000000000000003,-0.7520526417648906,false,true
36,122,0.75,2.3000000000000003,-0.752311454376239,false,true
37,122,0.8,2.3000000000000003,-0.7449145683205242,false,true
0,123,-1.05,2.35,-0.7104171284592266,false,true
1,123,-1.0,2.35,-0.7102834196532833,false,true
2,123,-0.9500000000000001,2.35,-0.7101424847349234,false,true
3,123,-0.9,2.35,-0.7107160230537012,false,true
4,123,-0.8500000000000001,2.35,-0.7113379450339478,false,true
5,123,-0.8,2.35,-0.7120011258052973,false,true
6,123,-0.75,2.35,-0.711954937489012,false,true
7,123,-0.7,2.35,-0.7119164379989154,false,true
8,123,-0.65,2.35,-0.7118968726754415,false,true
9,123,-0.6000000000000001,2.35,-0.7118602165138835,false,true
10,123,-0.55,2.35,-0.7120490419469175,false,true
11,123,-0.5,2.35,-0.7145817200641176,false,true
12,123,-0.44999999999999996,2.35,-0.7181036072306892,false,true
13,123,-0.4,2.35,-0.7252930768883342,true,false
14,123,-0.35,2.35,-0.7369796403801555,true,false
15,123,-0.30000000000000004,2.35,-0.7514185973560924,true,false
16,123,-0.25,2.35,-0.7541427978432292,true,false
17,123,-0.19999999999999996,2.35,-0.7591459521210308,true,false
18,123,-0.15000000000000002,2.35,-0.7612370320713634,true,false
19,123,-0.09999999999999998,2.35,-0.7611586221611614,true,false
20,123,-0.050000000000000044,2.35,-0.7622396119988079,true,false
21,123,0.0,2.35,-0.7622375854408855,true,false
22,123,0.050000000000000044,2.35,-0.7606393464958782,true,false
23,123,0.10000000000000009,2.35,-0.7592856654083843,true,false
24,123,0.15000000000000013,2.35,-0.7578558691895122,true,false
25,123,0.19999999999999996,2.35,-0.7598615952885265,true,false
26,123,0.25,2.35,-0.7609458335793132,true,false
27,123,0.30000000000000004,2.35,-0.7618865736878032,true,false
28,123,0.3500000000000001,2.35,-0.7617210813915843,true,false
29,123,0.40000000000000013,2.35,-0.7602567442810649,true,false
30,123,0.44999999999999996,2.35,-0.7584743269837017,true,false
31,123,0.5,2.35,-0.7567485937035198,true,false
32,123,0.55,2.35,-0.7570563659227647,false,true
33,123,0.6000000000000001,2.35,-0.7553968180666789,false,true
34,123,0.6500000000000001,2.35,-0.7520526417648906,false,true
35,123,0.7,2.35,-0.74847003026231,false,true
36,123,0.75,2.35,-0.7449145683205242,false,true
37,123,0.8,2.35,-0.7447494432043655,false,true
0,124,-1.05,2.4,-0.7104169167669334,false,true
1,124,-1.0,2.4,-0.7104171284592266,false,true
2,124,-0.9500000000000001,2.4,-0.7084765791080202,false,true
3,124,-0.9,2.4,-0.7071890155561352,false,true
4,124,-0.8500000000000001,2.4,-0.7081614641799423,false,true
5,124,-0.8,2.4,-0.7094510372339903,false,true
6,124,-0.75,2.4,-0.7118829726086353,false,true
7,124,-0.7,2.4,-0.7118753999931454,false,true
8,124,-0.65,2.4,-0.7118602165138835,false,true
9,124,-0.6000000000000001,2.4,-0.7069075061786664,false,true
10,124,-0.55,2.4,-0.7046198974481037,false,true
11,124,-0.5,2.4,-0.7041404087634345,false,true
12,124,-0.44999999999999996,2.4,-0.7035567363346014,false,true
13,124,-0.4,2.4,-0.706979668990385,true,false
14,124,-0.35,2.4,-0.7369796403801555,true,false
15,124,-0.30000000000000004,2.4,-0.7476920851624126,true,false
16,124,-0.25,2.4,-0.751003540412199,true,false
17,124,-0.19999999999999996,2.4,-0.7553556927597637,true,false
18,124,-0.15000000000000002,2.4,-0.7567564317143077,true,false
19,124,-0.09999999999999998,2.4,-0.7581273087418193,true,false
20,124,-0.050000000000000044,2.4,-0.758990771428358,true,false
21,124,0.0,2.4,-0.7587268122589702,true,false
22,124,0.050000000000000044,2.4,-0.7575922974503154,true,false
23,124,0.10000000000000009,2.4,-0.7567444511807079,true,false
24,124,0.15000000000000013,2.4,-0.7562792667305583,true,false
25,124,0.19999999999999996,2.4,-0.7572499283707256,true,false
26,124,0.25,2.4,-0.7599128254807109,true,false
27,124,0.30000000000000004,2.4,-0.7610217698967571,true,false
28,124,0.3500000000000001,2.4,-0.7612182268059368,true,false
29,124,0.40000000000000013,2.4,-0.7598654993927593,true,false
30,124,0.44999999999999996,2.4,-0.7578900822556133,true,false
31,124,0.5,2.4,-0.7563059398090953,true,false
32,124,0.55,2.4,-0.7548535673206311,false,true
33,124,0.6000000000000001,2.4,-0.7520526417648906,false,true
34,124,0.6500000000000001,2.4,-0.7484316349852216,false,true
35,124,0.7,2.4,-0.7449145683205242,false,true
36,124,0.75,2.4,-0.7445159210256058,false,true
37,124,0.8,2.4,-0.7444333433948175,false,true
0,125,-1.05,2.4499999999999997,-0.7104163952810869,false,true
1,125,-1.0,2.4499999999999997,-0.7104166173888214,false,true
2,125,-0.9500000000000001,2.4499999999999997,-0.7104171284592266,false,true
3,125,-0.9,2.4499999999999997,-0.7053136737889013,false,true
4,125,-0.8500000000000001,2.4499999999999997,-0.7016648360458239,false,true
5,125,-0.8,2.4499999999999997,-0.7024980708518818,false,true
6,125,-0.75,2.4499999999999997,-0.7035078609893305,false,true
7,125,-0.7,2.4499999999999997,-0.7118602165138835,false,true
8,125,-0.65,2.4499999999999997,-0.7045022594029907,false,true
9,125,-0.6000000000000001,2.4499999999999997,-0.6997204027871177,false,true
10,125,-0.55,2.4499999999999997,-0.6979969475760102,false,true
11,125,-0.5,2.4499999999999997,-0.6953361742329536,false,true
12,125,-0.44999999999999996,2.4499999999999997,-0.6910026477610192,false,true
13,125,-0.4,2.4499999999999997,-0.6769796379959697,true,false
14,125,-0.35,2.4499999999999997,-0.7287937172806377,true,false
15,125,-0.30000000000000004,2.4499999999999997,-0.7369796403801555,true,false
16,125,-0.25,2.4499999999999997,-0.7480657764828319,true,false
17,125,-0.19999999999999996,2.4499999999999997,-0.751535869494688,true,false
18,125,-0.15000000000000002,2.4499999999999997,-0.7529958554661388,true,false
19,125,-0.09999999999999998,2.4499999999999997,-0.7541648813641185,true,false
20,125,-0.050000000000000044,2.4499999999999997,-0.7550474473393077,true,false
21,125,0.0,2.4499999999999997,-0.755437738553297,true,false
22,125,0.050000000000000044,2.4499999999999997,-0.7556533285534496,true,false
23,125,0.10000000000000009,2.4499999999999997,-0.7549552687561626,true,false
24,125,0.15000000000000013,2.4499999999999997,-0.754488385573637,true,false
25,125,0.19999999999999996,2.4499999999999997,-0.7558572062409038,true,false
26,125,0.25,2.4499999999999997,-0.7580955990707988,true,false
27,125,0.30000000000000004,2.4499999999999997,-0.7590889700806255,true,false
28,125,0.3500000000000001,2.4499999999999997,-0.7603610822117443,true,false
29,125,0.40000000000000013,2.4499999999999997,-0.7601287135040874,true,false
30,125,0.44999999999999996,2.4499999999999997,-0.7566899427330608,true,false
31,125,0.5,2.4499999999999997,-0.7548656829750652,true,false
32,125,0.55,2.4499999999999997,-0.7520526417648906,true,false
33,125,0.6000000000000001,2.4499999999999997,-0.7482846414649541,false,true
34,125,0.6500000000000001,2.4499999999999997,-0.7449145683205242,false,true
35,125,0.7,2.4499999999999997,-0.7439521486145291,false,true
36,125,0.75,2.4499999999999997,-0.7438353360637012,false,true
37,125,0.8,2.4499999999999997,-0.7434329319169478,false,true
0,126,-1.05,2.5000000000000004,-0.7104140361233817,false,true
1,126,-1.0,2.5000000000000004,-0.7104153479951767,false,true
2,126,-0.9500000000000001,2.5000000000000004,-0.7104158946261233,false,true
3,126,-0.9,2.5000000000000004,-0.7104171284592266,false,true
4,126,-0.8500000000000001,2.5000000000000004,-0.700408744411289,false,true
5,126,-0.8,2.5000000000000004,-0.6927002628942892,false,true
6,126,-0.75,2.5000000000000004,-0.6916851101875977,false,true
7,126,-0.7,2.5000000000000004,-0.6833283075249309,false,true
8,126,-0.65,2.5000000000000004,-0.6933238503675411,false,true
9,126,-0.6000000000000001,2.5000000000000004,-0.6984538563692219,false,true
10,126,-0.55,2.5000000000000004,-0.6972582418598224,false,true
11,126,-0.5,2.5000000000000004,-0.6956163881367371,false,true
12,126,-0.44999999999999996,2.5000000000000004,-0.6932441440408185,false,true
13,126,-0.4,2.5000000000000004,-0.6948571571266765,true,false
14,126,-0.35,2.5000000000000004,-0.706979668990385,true,false
15,126,-0.30000000000000004,2.5000000000000004,-0.7369796403801555,true,false
16,126,-0.25,2.5000000000000004,-0.7448202737724895,true,false
17,126,-0.19999999999999996,2.5000000000000004,-0.7477277287399883,true,false
18,126,-0.15000000000000002,2.5000000000000004,-0.7498556145584697,true,false
19,126,-0.09999999999999998,2.5000000000000004,-0.7509414621746654,true,false
20,126,-0.050000000000000044,2.5000000000000004,-0.7527105578339214,true,false
21,126,0.0,2.5000000000000004,-0.752896166697752,true,false
22,126,0.050000000000000044,2.5000000000000004,-0.7533343800461406,true,false
23,126,0.10000000000000009,2.5000000000000004,-0.7526711293614025,true,false
24,126,0.15000000000000013,2.5000000000000004,-0.7531767853653545,true,false
25,126,0.19999999999999996,2.5000000000000004,-0.7550847896492595,true,false
26,126,0.25,2.5000000000000004,-0.7564784058487529,true,false
27,126,0.30000000000000004,2.5000000000000004,-0.7578692504322643,true,false
28,126,0.3500000000000001,2.5000000000000004,-0.7590913840687389,true,false
29,126,0.40000000000000013,2.5000000000000004,-0.7587627538597698,true,false
30,126,0.44999999999999996,2.5000000000000004,-0.7576046952164287,true,false
31,126,0.5,2.5000000000000004,-0.7515606352245922,true,false
32,126,0.55,2.5000000000000004,-0.7477218874848003,true,false
33,126,0.6000000000000001,2.5000000000000004,-0.7449145683205242,true,false
34,126,0.6500000000000001,2.5000000000000004,-0.7425910816136158,false,true
35,126,0.7,2.5000000000000004,-0.7425909059132421,false,true
36,126,0.75,2.5000000000000004,-0.741780857406396,false,true
37,126,0.8,2.5000000000000004,-0.741174750622721,false,true
0,127,-1.05,2.5500000000000003,-0.7104049307744595,false,true
1,127,-1.0,2.5500000000000003,-0.7104095995910573,false,true
2,127,-0.9500000000000001,2.5500000000000003,-0.7104127944782289,false,true
3,127,-0.9,2.5500000000000003,-0.7104141497226147,false,true
4,127,-0.8500000000000001,2.5500000000000003,-0.7104171284592266,false,true
5,127,-0.8,2.5500000000000003,-0.6950668646193083,false,true
6,127,-0.75,2.5500000000000003,-0.6833283075249309,false,true
7,127,-0.7,2.5500000000000003,-0.6833283075249309,false,true
8,127,-0.65,2.5500000000000003,-0.6833283075249309,false,true
9,127,-0.6000000000000001,2.5500000000000003,-0.6938082061366326,false,true
10,127,-0.55,2.5500000000000003,-0.7006016194169963,false,true
11,127,-0.5,2.5500000000000003,-0.7015022412893113,false,true
12,127,-0.44999999999999996,2.5500000000000003,-0.7035849882861628,false,true
13,127,-0.4,2.5500000000000003,-0.7072275051033611,true,false
14,127,-0.35,2.5500000000000003,-0.706979668990385,true,false
15,127,-0.30000000000000004,2.5500000000000003,-0.7110662230408306,true,false
16,127,-0.25,2.5500000000000003,-0.7419414886391277,true,false
17,127,-0.19999999999999996,2.5500000000000003,-0.7442072101986522,true,false
18,127,-0.15000000000000002,2.5500000000000003,-0.7464093932068462,true,false
19,127,-0.09999999999999998,2.5500000000000003,-0.7492413290894145,true,false
20,127,-0.050000000000000044,2.5500000000000003,-0.7502923973953838,true,false
21,127,0.0,2.5500000000000003,-0.7510901459610576,true,false
22,127,0.050000000000000044,2.5500000000000003,-0.7522189983284587,true,false
23,127,0.10000000000000009,2.5500000000000003,-0.7521883019363994,true,false
24,127,0.15000000000000013,2.5500000000000003,-0.7534010776436443,true,false
25,127,0.19999999999999996,2.5500000000000003,-0.754510528699171,true,false
26,127,0.25,2.5500000000000003,-0.75559816445471,true,false
27,127,0.30000000000000004,2.5500000000000003,-0.756338126317274,true,false
28,127,0.3500000000000001,2.5500000000000003,-0.7569211491501445,true,false
29,127,0.40000000000000013,2.5500000000000003,-0.7562839456951732,true,false
30,127,0.44999999999999996,2.5500000000000003,-0.7547492154991741,true,false
31,127,0.5,2.5500000000000003,-0.7483980425751323,true,false
32,127,0.55,2.5500000000000003,-0.7401861914551372,true,false
33,127,0.6000000000000001,2.5500000000000003,-0.7393051752007122,true,false
34,127,0.6500000000000001,2.5500000000000003,-0.7402669950281083,false,true
35,127,0.7,2.5500000000000003,-0.7384639846137012,false,true
36,127,0.75,2.5500000000000003,-0.7376570007480211,false,true
37,127,0.8,2.5500000000000003,-0.7370313831038426,false,true
0,128,-1.05,2.6,-0.7103731762050064,false,true
1,128,-1.0,2.6,-0.7103879108499896,false,true
2,128,-0.9500000000000001,2.6,-0.7103987863032226,false,true
3,128,-0.9,2.6,-0.7104065438922408,false,true
4,128,-0.8500000000000001,2.6,-0.7104099371528995,false,true
5,128,-0.8,2.6,-0.7104171284592266,false,true
6,128,-0.75,2.6,-0.693340894388161,false,true
7,128,-0.7,2.6,-0.6833283075249309,false,true
8,128,-0.65,2.6,-0.6833283075249309,false,true
9,128,-0.6000000000000001,2.6,-0.6833283075249309,false,true
10,128,-0.55,2.6,-0.6955716479665105,false,true
11,128,-0.5,2.6,-0.7043131790308578,false,true
12,128,-0.44999999999999996,2.6,-0.706814889487865,false,true
13,128,-0.4,2.6,-0.7071615227615947,true,false
14,128,-0.35,2.6,-0.714758194342863,true,false
15,128,-0.30000000000000004,2.6,-0.7306632169640178,true,false
16,128,-0.25,2.6,-0.7398625680363292,true,false
17,128,-0.19999999999999996,2.6,-0.7410576709663982,true,false
18,128,-0.15000000000000002,2.6,-0.743848360434782,true,false
19,128,-0.09999999999999998,2.6,-0.7469796904480571,true,false
20,128,-0.050000000000000044,2.6,-0.74901697720648,true,false
21,128,0.0,2.6,-0.7510697611725444,true,false
22,128,0.050000000000000044,2.6,-0.7528154024040813,true,false
23,128,0.10000000000000009,2.6,-0.7528876432335491,true,false
24,128,0.15000000000000013,2.6,-0.7537688383019084,true,false
25,128,0.19999999999999996,2.6,-0.7552362152493114,true,false
26,128,0.25,2.6,-0.7554756173050517,true,false
27,128,0.30000000000000004,2.6,-0.7555649944698924,true,false
28,128,0.3500000000000001,2.6,-0.755713857070219,true,false
29,128,0.40000000000000013,2.6,-0.754469014064085,true,false
30,128,0.44999999999999996,2.6,-0.7507434853470439,true,false
31,128,0.5,2.6,-0.7460640438950176,true,false
32,128,0.55,2.6,-0.7369796403801555,true,false
33,128,0.6000000000000001,2.6,-0.7369796403801555,true,false
34,128,0.6500000000000001,2.6,-0.7317870458326324,false,true
35,128,0.7,2.6,-0.7315818480553389,false,true
36,128,0.75,2.6,-0.731397151844032,false,true
37,128,0.8,2.6,-0.731381574168042,false,true
0,129,-1.05,2.65,-0.7102781152088298,false,true
1,129,-1.0,2.65,-0.7103159148841838,false,true
2,129,-0.9500000000000001,2.65,-0.7103476470082913,false,true
3,129,-0.9,2.65,-0.7103724519962296,false,true
4,129,-0.8500000000000001,2.65,-0.710391160530011,false,true
5,129,-0.8,2.65,-0.7103997671099606,false,true
6,129,-0.75,2.65,-0.7104171284592266,false,true
7,129,-0.7,2.65,-0.6933639755702514,false,true
8,129,-0.65,2.65,-0.6833283075249309,false,true
9,129,-0.6000000000000001,2.65,-0.6833283075249309,false,true
10,129,-0.55,2.65,-0.6833283075249309,false,true
11,129,-0.5,2.65,-0.6945933609578367,false,true
12,129,-0.44999999999999996,2.65,-0.7015034169181228,false,true
13,129,-0.4,2.65,-0.7059120603954906,true,false
14,129,-0.35,2.65,-0.706979668990385,true,false
15,129,-0.30000000000000004,2.65,-0.7327000566876049,true,false
16,129,-0.25,2.65,-0.7369796403801555,true,false
17,129,-0.19999999999999996,2.65,-0.7373545237934703,true,false
18,129,-0.15000000000000002,2.65,-0.7416671284592266,true,false
19,129,-0.09999999999999998,2.65,-0.7440398105538005,true,false
20,129,-0.050000000000000044,2.65,-0.7469130226528758,true,false
21,129,0.0,2.65,-0.7493028112805004,true,false
22,129,0.050000000000000044,2.65,-0.7508712181007976,true,false
23,129,0.10000000000000009,2.65,-0.7522855469143505,true,false
24,129,0.15000000000000013,2.65,-0.7538797029411907,true,false
25,129,0.19999999999999996,2.65,-0.7547299631989116,true,false
26,129,0.25,2.65,-0.7546047934448833,true,false
27,129,0.30000000000000004,2.65,-0.7542566129124278,true,false
28,129,0.3500000000000001,2.65,-0.7541963526165599,true,false
29,129,0.40000000000000013,2.65,-0.7530894347584361,true,false
30,129,0.44999999999999996,2.65,-0.7499696978485698,true,false
31,129,0.5,2.65,-0.7423454293167705,true,false
32,129,0.55,2.65,-0.7369796403801555,true,false
33,129,0.6000000000000001,2.65,-0.716925478831541,true,false
34,129,0.6500000000000001,2.65,-0.7226065076029521,false,true
35,129,0.7,2.65,-0.7240691191874133,false,true
36,129,0.75,2.65,-0.7250841174274076,false,true
37,129,0.8,2.65,-0.7256562210713028,false,true
0,130,-1.05,2.6999999999999997,-0.7100355657902871,false,true
1,130,-1.0,2.6999999999999997,-0.7101148627541308,false,true
2,130,-0.9500000000000001,2.6999999999999997,-0.7101881674648691,false,true
3,130,-0.9,2.6999999999999997,-0.7102536705739853,false,true
4,130,-0.8500000000000001,2.6999999999999997,-0.7103085089773539,false,true
5,130,-0.8,2.6999999999999997,-0.7103530210587048,false,true
6,130,-0.75,2.6999999999999997,-0.7103752144543676,false,true
7,130,-0.7,2.6999999999999997,-0.7104171284592266,false,true
8,130,-0.65,2.6999999999999997,-0.693475421375928,false,true
9,130,-0.6000000000000001,2.6999999999999997,-0.6833283075249309,false,true
10,130,-0.55,2.6999999999999997,-0.6833283075249309,false,true
11,130,-0.5,2.6999999999999997,-0.6833283075249309,false,true
12,130,-0.44999999999999996,2.6999999999999997,-0.6885307289176883,false,true
13,130,-0.4,2.6999999999999997,-0.6896105476772899,true,false
14,130,-0.35,2.6999999999999997,-0.6769796379959697,true,false
15,130,-0.30000000000000004,2.6999999999999997,-0.7131862112438793,true,false
16,130,-0.25,2.6999999999999997,-0.7327470549500102,true,false
17,130,-0.19999999999999996,2.6999999999999997,-0.7369796403801555,true,false
18,130,-0.15000000000000002,2.6999999999999997,-0.7395796843922252,true,false
19,130,-0.09999999999999998,2.6999999999999997,-0.7429472276127452,true,false
20,130,-0.050000000000000044,2.6999999999999997,-0.7461167045986766,true,false
21,130,0.0,2.6999999999999997,-0.7489435740864391,true,false
22,130,0.050000000000000044,2.6999999999999997,-0.750341303006422,true,false
23,130,0.10000000000000009,2.6999999999999997,-0.7517607876217479,true,false
24,130,0.15000000000000013,2.6999999999999997,-0.753780103579771,true,false
25,130,0.19999999999999996,2.6999999999999997,-0.7543756135857219,true,false
26,130,0.25,2.6999999999999997,-0.7537520297920818,true,false
27,130,0.30000000000000004,2.6999999999999997,-0.7524598606979961,true,false
28,130,0.3500000000000001,2.6999999999999997,-0.751694298640501,true,false
29,130,0.40000000000000013,2.6999999999999997,-0.7498822876370067,true,false
30,130,0.44999999999999996,2.6999999999999997,-0.7453274794972057,true,false
31,130,0.5,2.6999999999999997,-0.7396504351055736,true,false
32,130,0.55,2.6999999999999997,-0.7369796403801555,true,false
33,130,0.6000000000000001,2.6999999999999997,-0.7162675627625102,true,false
34,130,0.6500000000000001,2.6999999999999997,-0.7184196376814236,false,true
35,130,0.7,2.6999999999999997,-0.720021811076261,false,true
36,130,0.75,2.6999999999999997,-0.7207243670308531,false,true
37,130,0.8,2.6999999999999997,-0.7073761552753028,false,true
0,131,-1.05,2.7500000000000004,-0.70950760307059,false,true
1,131,-1.0,2.7500000000000004,-0.709643073854668,false,true
2,131,-0.9500000000000001,2.7500000000000004,-0.7097784099838584,false,true
3,131,-0.9,2.7500000000000004,-0.7099112475482191,false,true
4,131,-0.8500000000000001,2.7500000000000004,-0.710038627404177,false,true
5,131,-0.8,2.7500000000000004,-0.710154301255611,false,true
6,131,-0.75,2.7500000000000004,-0.710257527457042,false,true
7,131,-0.7,2.7500000000000004,-0.7103159391002426,false,true
8,131,-0.65,2.7500000000000004,-0.7104171284592266,false,true
9,131,-0.6000000000000001,2.7500000000000004,-0.6940135293269954,false,true
10,131,-0.55,2.7500000000000004,-0.6833283075249309,false,true
11,131,-0.5,2.7500000000000004,-0.6833283075249309,false,true
12,131,-0.44999999999999996,2.7500000000000004,-0.6833283075249309,true,false
13,131,-0.4,2.7500000000000004,-0.6769796379959697,true,false
14,131,-0.35,2.7500000000000004,-0.671052254096281,true,false
15,131,-0.30000000000000004,2.7500000000000004,-0.7066212662613506,true,false
16,131,-0.25,2.7500000000000004,-0.7325641282951946,true,false
17,131,-0.19999999999999996,2.7500000000000004,-0.7353141077911968,true,false
18,131,-0.15000000000000002,2.7500000000000004,-0.7378931411659831,true,false
19,131,-0.09999999999999998,2.7500000000000004,-0.7424453863060588,true,false
20,131,-0.050000000000000044,2.7500000000000004,-0.7459635802662486,true,false
21,131,0.0,2.7500000000000004,-0.7489661046421642,true,false
22,131,0.050000000000000044,2.7500000000000004,-0.7502925762093181,true,false
23,131,0.10000000000000009,2.7500000000000004,-0.7509981163895244,true,false
24,131,0.15000000000000013,2.7500000000000004,-0.7522844442284221,true,false
25,131,0.19999999999999996,2.7500000000000004,-0.7529194125092143,true,false
26,131,0.25,2.7500000000000004,-0.7523531683838481,true,false
27,131,0.30000000000000004,2.7500000000000004,-0.7509338029778118,true,false
28,131,0.3500000000000001,2.7500000000000004,-0.7493783601677532,true,false
29,131,0.40000000000000013,2.7500000000000004,-0.7469710179722423,true,false
30,131,0.44999999999999996,2.7500000000000004,-0.7418600090897197,true,false
31,131,0.5,2.7500000000000004,-0.7372732230579967,true,false
32,131,0.55,2.7500000000000004,-0.7326931723511333,true,false
33,131,0.6000000000000001,2.7500000000000004,-0.7229572900688762,true,false
34,131,0.6500000000000001,2.7500000000000004,-0.7197029298938226,false,true
35,131,0.7,2.7500000000000004,-0.7183731790336028,false,true
36,131,0.75,2.7500000000000004,-0.705336798603256,false,true
37,131,0.8,2.7500000000000004,-0.6829485663330669,false,true
0,132,-1.05,2.8000000000000003,-0.7085218049482974,false,true
1,132,-1.0,2.8000000000000003,-0.708708758766901,false,true
2,132,-0.9500000000000001,2.8000000000000003,-0.7089065860550866,false,true
3,132,-0.9,2.8000000000000003,-0.7091152887086203,false,true
4,132,-0.8500000000000001,2.8000000000000003,-0.7093338437992154,false,true
5,132,-0.8,2.8000000000000003,-0.7095606462201394,false,true
6,132,-0.75,2.8000000000000003,-0.7097874041627981,false,true
7,132,-0.7,2.8000000000000003,-0.7100153199168423,false,true
8,132,-0.65,2.8000000000000003,-0.7101728357363998,false,true
9,132,-0.6000000000000001,2.8000000000000003,-0.7104171284592266,false,true
10,132,-0.55,2.8000000000000003,-0.696611744353972,false,true
11,132,-0.5,2.8000000000000003,-0.6833283075249309,false,true
12,132,-0.44999999999999996,2.8000000000000003,-0.6788391202494901,false,true
13,132,-0.4,2.8000000000000003,-0.6769796379959697,true,false
14,132,-0.35,2.8000000000000003,-0.6769796379959697,true,false
15,132,-0.30000000000000004,2.8000000000000003,-0.706979668990385,true,false
16,132,-0.25,2.8000000000000003,-0.730247593775999,true,false
17,132,-0.19999999999999996,2.8000000000000003,-0.7344213196194286,true,false
18,132,-0.15000000000000002,2.8000000000000003,-0.7369796403801555,true,false
19,132,-0.09999999999999998,2.8000000000000003,-0.7423695095932598,true,false
20,132,-0.050000000000000044,2.8000000000000003,-0.7461722859299297,true,false
21,132,0.0,2.8000000000000003,-0.7490983673489208,true,false
22,132,0.050000000000000044,2.8000000000000003,-0.7500507005608196,true,false
23,132,0.10000000000000009,2.8000000000000003,-0.750279880419981,true,false
24,132,0.15000000000000013,2.8000000000000003,-0.750687218562376,true,false
25,132,0.19999999999999996,2.8000000000000003,-0.7503000863945598,true,false
26,132,0.25,2.8000000000000003,-0.7510710426724071,true,false
27,132,0.30000000000000004,2.8000000000000003,-0.7500344284927959,true,false
28,132,0.3500000000000001,2.8000000000000003,-0.7482092746651287,true,false
29,132,0.40000000000000013,2.8000000000000003,-0.745102352753889,true,false
30,132,0.44999999999999996,2.8000000000000003,-0.742450244084608,true,false
31,132,0.5,2.8000000000000003,-0.7369796403801555,true,false
32,132,0.55,2.8000000000000003,-0.7285690077698345,true,false
33,132,0.6000000000000001,2.8000000000000003,-0.7185359367287273,true,false
34,132,0.6500000000000001,2.8000000000000003,-0.7164461686846819,false,true
35,132,0.7,2.8000000000000003,-0.7038773018354596,false,true
36,132,0.75,2.8000000000000003,-0.6829485663330669,false,true
37,132,0.8,2.8000000000000003,-0.6720443661542691,false,true
0,133,-1.05,2.85,-0.7069336396860635,false,true
1,133,-1.0,2.85,-0.70713614341612,false,true
2,133,-0.9500000000000001,2.85,-0.7073593375159839,false,true
3,133,-0.9,2.85,-0.7076067744388236,false,true
4,133,-0.8500000000000001,2.85,-0.7078828664398185,false,true
5,133,-0.8,2.85,-0.7081926392831702,false,true
6,133,-0.75,2.85,-0.7085430808253528,false,true
7,133,-0.7,2.85,-0.7089365476749054,false,true
8,133,-0.65,2.85,-0.7093907503661514,false,true
9,133,-0.6000000000000001,2.85,-0.709827353654589,false,true
10,133,-0.55,2.85,-0.7104171284592266,false,true
11,133,-0.5,2.85,-0.7091570362661488,false,true
12,133,-0.44999999999999996,2.85,-0.6938708043442259,false,true
13,133,-0.4,2.85,-0.6769796379959697,true,false
14,133,-0.35,2.85,-0.7056171664154643,true,false
15,133,-0.30000000000000004,2.85,-0.719493723765623,true,false
16,133,-0.25,2.85,-0.7279900678551311,true,false
17,133,-0.19999999999999996,2.85,-0.7330800661003704,true,false
18,133,-0.15000000000000002,2.85,-0.7369739779389018,true,false
19,133,-0.09999999999999998,2.85,-0.741031593934309,true,false
20,133,-0.050000000000000044,2.85,-0.746052242175352,true,false
21,133,0.0,2.85,-0.7486718961155528,true,false
22,133,0.050000000000000044,2.85,-0.7495714196121807,true,false
23,133,0.10000000000000009,2.85,-0.7492236265099163,true,false
24,133,0.15000000000000013,2.85,-0.7493601211464519,true,false
25,133,0.19999999999999996,2.85,-0.7494697936928386,true,false
26,133,0.25,2.85,-0.7497612604057903,true,false
27,133,0.30000000000000004,2.85,-0.7488760420239086,true,false
28,133,0.3500000000000001,2.85,-0.7470665344154949,true,false
29,133,0.40000000000000013,2.85,-0.7435211011326427,true,false
30,133,0.44999999999999996,2.85,-0.7408007749474163,true,false
31,133,0.5,2.85,-0.7369796403801555,true,false
32,133,0.55,2.85,-0.722619808570158,true,false
33,133,0.6000000000000001,2.85,-0.706979668990385,true,false
34,133,0.6500000000000001,2.85,-0.6998743134060678,false,true
35,133,0.7,2.85,-0.6829485663330669,false,true
36,133,0.75,2.85,-0.6722976481955654,false,true
37,133,0.8,2.85,-0.6609610685265178,false,true
0,134,-1.05,2.9,-0.704714749366193,false,true
1,134,-1.0,2.9,-0.704872137083749,false,true
2,134,-0.9500000000000001,2.9,-0.7050500566540842,false,true
3,134,-0.9,2.9,-0.7052534576712355,false,true
4,134,-0.8500000000000001,2.9,-0.7054892520261621,false,true
5,134,-0.8,2.9,-0.7057670017031745,false,true
6,134,-0.75,2.9,-0.7061022752217687,false,true
7,134,-0.7,2.9,-0.7065143955788815,false,true
8,134,-0.65,2.9,-0.7070579200073845,false,true
9,134,-0.6000000000000001,2.9,-0.707746921981191,false,true
10,134,-0.55,2.9,-0.7089932861271246,false,true
11,134,-0.5,2.9,-0.7104171284592266,true,false
12,134,-0.44999999999999996,2.9,-0.7073749967968578,true,false
13,134,-0.4,2.9,-0.6990055509960765,true,false
14,134,-0.35,2.9,-0.706979668990385,true,false
15,134,-0.30000000000000004,2.9,-0.7205412753975505,true,false
16,134,-0.25,2.9,-0.7276077934658641,true,false
17,134,-0.19999999999999996,2.9,-0.7323471077835674,true,false
18,134,-0.15000000000000002,2.9,-0.7362290688908214,true,false
19,134,-0.09999999999999998,2.9,-0.7418104776299114,true,false
20,134,-0.050000000000000044,2.9,-0.7453945049202556,true,false
21,134,0.0,2.9,-0.7474245497143382,true,false
22,134,0.050000000000000044,2.9,-0.7480726310169811,true,false
23,134,0.10000000000000009,2.9,-0.7478370734608287,true,false
24,134,0.15000000000000013,2.9,-0.74777106131674,true,false
25,134,0.19999999999999996,2.9,-0.7479232617771739,true,false
26,134,0.25,2.9,-0.748034037009489,true,false
27,134,0.30000000000000004,2.9,-0.747631467238676,true,false
28,134,0.3500000000000001,2.9,-0.7458856173908824,true,false
29,134,0.40000000000000013,2.9,-0.7422741719639415,true,false
30,134,0.44999999999999996,2.9,-0.738130963698637,true,false
31,134,0.5,2.9,-0.7358860143578166,true,false
32,134,0.55,2.9,-0.706979668990385,true,false
33,134,0.6000000000000001,2.9,-0.6951008209145183,true,false
34,134,0.6500000000000001,2.9,-0.6829485663330669,true,false
35,134,0.7,2.9,-0.6732673200326753,false,true
36,134,0.75,2.9,-0.6609610685265178,false,true
37,134,0.8,2.9,-0.6575962692720067,false,true
0,135,-1.05,2.9499999999999997,-0.702015961309793,false,true
1,135,-1.0,2.9499999999999997,-0.7020707754715478,false,true
2,135,-0.9500000000000001,2.9499999999999997,-0.7021333203821343,false,true
3,135,-0.9,2.9499999999999997,-0.7022056863922888,false,true
4,135,-0.8500000000000001,2.9499999999999997,-0.7022905853279845,false,true
5,135,-0.8,2.9499999999999997,-0.7023930674089782,false,true
6,135,-0.75,2.9499999999999997,-0.7025167742238959,false,true
7,135,-0.7,2.9499999999999997,-0.7026851765702727,false,true
8,135,-0.65,2.9499999999999997,-0.7028693811733414,false,true
9,135,-0.6000000000000001,2.9499999999999997,-0.7033140904243211,false,true
10,135,-0.55,2.9499999999999997,-0.7033140904243211,false,true
11,135,-0.5,2.9499999999999997,-0.706979668990385,true,false
12,135,-0.44999999999999996,2.9499999999999997,-0.706979668990385,true,false
13,135,-0.4,2.9499999999999997,-0.7018975087559337,true,false
14,135,-0.35,2.9499999999999997,-0.706979668990385,true,false
15,135,-0.30000000000000004,2.9499999999999997,-0.7212541469490642,true,false
16,135,-0.25,2.9499999999999997,-0.7274022766506786,true,false
17,135,-0.19999999999999996,2.9499999999999997,-0.731423176184904,true,false
18,135,-0.15000000000000002,2.9499999999999997,-0.7361192771351451,true,false
19,135,-0.09999999999999998,2.9499999999999997,-0.7383943566238994,true,false
20,135,-0.050000000000000044,2.9499999999999997,-0.7441591688549632,true,false
21,135,0.0,2.9499999999999997,-0.7457523116028423,true,false
22,135,0.050000000000000044,2.9499999999999997,-0.7458089658177013,true,false
23,135,0.10000000000000009,2.9499999999999997,-0.7449521192467327,true,false
24,135,0.15000000000000013,2.9499999999999997,-0.7452181347763652,true,false
25,135,0.19999999999999996,2.9499999999999997,-0.745819396630537,true,false
26,135,0.25,2.9499999999999997,-0.7465692826664562,true,false
27,135,0.30000000000000004,2.9499999999999997,-0.7462489375031108,true,false
28,135,0.3500000000000001,2.9499999999999997,-0.7443067499554271,true,false
29,135,0.40000000000000013,2.9499999999999997,-0.7406243153965587,true,false
30,135,0.44999999999999996,2.9499999999999997,-0.737007118121397,true,false
31,135,0.5,2.9499999999999997,-0.7293973931229228,true,false
32,135,0.55,2.9499999999999997,-0.706979668990385,true,false
33,135,0.6000000000000001,2.9499999999999997,-0.6915480860626811,true,false
34,135,0.6500000000000001,2.9499999999999997,-0.6769796379959697,true,false
35,135,0.7,2.9499999999999997,-0.6609610685265178,true,false
36,135,0.75,2.9499999999999997,-0.658614753954035,false,true
37,135,0.8,2.9499999999999997,-0.6535112925922985,false,true
0,136,-1.05,3.0000000000000004,-0.6991513799311629,false,true
1,136,-1.0,3.0000000000000004,-0.6990822666048737,false,true
2,136,-0.9500000000000001,3.0000000000000004,-0.6990030424282024,false,true
3,136,-0.9,3.0000000000000004,-0.6989108421000177,false,true
4,136,-0.8500000000000001,3.0000000000000004,-0.6988020555321235,false,true
5,136,-0.8,3.0000000000000004,-0.6986692374039526,false,true
6,136,-0.75,3.0000000000000004,-0.6985089117407731,false,true
7,136,-0.7,3.0000000000000004,-0.6982809959867289,false,true
8,136,-0.65,3.0000000000000004,-0.6980519284852499,false,true
9,136,-0.6000000000000001,3.0000000000000004,-0.6973629265114434,false,true
10,136,-0.55,3.0000000000000004,-0.6976348947215179,false,true
11,136,-0.5,3.0000000000000004,-0.6910271414673442,true,false
12,136,-0.44999999999999996,3.0000000000000004,-0.6769796379959697,true,false
13,136,-0.4,3.0000000000000004,-0.6913746663487071,true,false
14,136,-0.35,3.0000000000000004,-0.7057882913506145,true,false
15,136,-0.30000000000000004,3.0000000000000004,-0.7173623808777446,true,false
16,136,-0.25,3.0000000000000004,-0.7295067378437633,true,false
17,136,-0.19999999999999996,3.0000000000000004,-0.7310067185318584,true,false
18,136,-0.15000000000000002,3.0000000000000004,-0.7347386547482128,true,false
19,136,-0.09999999999999998,3.0000000000000004,-0.7369796403801555,true,false
20,136,-0.050000000000000044,3.0000000000000004,-0.7431577810204143,true,false
21,136,0.0,3.0000000000000004,-0.7439405688202495,true,false
22,136,0.050000000000000044,3.0000000000000004,-0.7429789074814434,true,false
23,136,0.10000000000000009,3.0000000000000004,-0.742151296988737,true,false
24,136,0.15000000000000013,3.0000000000000004,-0.7427324124729747,true,false
25,136,0.19999999999999996,3.0000000000000004,-0.7432896264946575,true,false
26,136,0.25,3.0000000000000004,-0.7446899780190105,true,false
27,136,0.30000000000000004,3.0000000000000004,-0.7441076108372325,true,false
28,136,0.3500000000000001,3.0000000000000004,-0.7418695160305614,true,false
29,136,0.40000000000000013,3.0000000000000004,-0.7395128377831096,true,false
30,136,0.44999999999999996,3.0000000000000004,-0.7369796403801555,true,false
31,136,0.5,3.0000000000000004,-0.7265828915989513,true,false
32,136,0.55,3.0000000000000004,-0.7079688080704326,true,false
33,136,0.6000000000000001,3.0000000000000004,-0.6910723813927288,true,false
34,136,0.6500000000000001,3.0000000000000004,-0.6751206585323924,true,false
35,136,0.7,3.0000000000000004,-0.6625139483368511,true,false
36,136,0.75,3.0000000000000004,-0.6535112925922985,true,false
37,136,0.8,3.0000000000000004,-0.6475629058300701,false,true
0,137,-1.05,3.0500000000000003,-0.6964950003564107,false,true
1,137,-1.0,3.0500000000000003,-0.6963297253941567,false,true
2,137,-0.9500000000000001,3.0500000000000003,-0.6961432527327297,false,true
3,137,-0.9,3.0500000000000003,-0.6959307894186902,false,true
4,137,-0.8500000000000001,3.0500000000000003,-0.6956849463117709,false,true
5,137,-0.8,3.0500000000000003,-0.6953988768534567,false,true
6,137,-0.75,3.0500000000000003,-0.6950484353112741,false,true
7,137,-0.7,3.0500000000000003,-0.6946549684617214,false,true
8,137,-0.65,3.0500000000000003,-0.6940165611674068,false,true
9,137,-0.6000000000000001,3.0500000000000003,-0.6937641624820379,false,true
10,137,-0.55,3.0500000000000003,-0.6910271414673442,false,true
11,137,-0.5,3.0500000000000003,-0.6635204626768748,false,true
12,137,-0.44999999999999996,3.0500000000000003,-0.6169796356117839,true,false
13,137,-0.4,3.0500000000000003,-0.6844372817432994,true,false
14,137,-0.35,3.0500000000000003,-0.6959596046364421,true,false
15,137,-0.30000000000000004,3.0500000000000003,-0.706979668990385,true,false
16,137,-0.25,3.0500000000000003,-0.7293013402378673,true,false
17,137,-0.19999999999999996,3.0500000000000003,-0.7295919426834697,true,false
18,137,-0.15000000000000002,3.0500000000000003,-0.7331144281780834,true,false
19,137,-0.09999999999999998,3.0500000000000003,-0.7396252819454784,true,false
20,137,-0.050000000000000044,3.0500000000000003,-0.7425584861195201,true,false
21,137,0.0,3.0500000000000003,-0.7399206229603404,true,false
22,137,0.050000000000000044,3.0500000000000003,-0.7397059270298595,true,false
23,137,0.10000000000000009,3.0500000000000003,-0.7428463467514629,true,false
24,137,0.15000000000000013,3.0500000000000003,-0.7423032292282695,true,false
25,137,0.19999999999999996,3.0500000000000003,-0.742488987103712,true,false
26,137,0.25,3.0500000000000003,-0.7434084483540172,true,false
27,137,0.30000000000000004,3.0500000000000003,-0.7424640127575511,true,false
28,137,0.3500000000000001,3.0500000000000003,-0.7405087717926616,true,false
29,137,0.40000000000000013,3.0500000000000003,-0.7369796403801555,true,false
30,137,0.44999999999999996,3.0500000000000003,-0.7338131436264629,true,false
31,137,0.5,3.0500000000000003,-0.7240513929283733,true,false
32,137,0.55,3.0500000000000003,-0.706979668990385,true,false
33,137,0.6000000000000001,3.0500000000000003,-0.6769796379959697,true,false
34,137,0.6500000000000001,3.0500000000000003,-0.66343969787718,true,false
35,137,0.7,3.0500000000000003,-0.6562317975914592,true,false
36,137,0.75,3.0500000000000003,-0.6470030912315959,true,false
37,137,0.8,3.0500000000000003,-0.6420103677666301,true,false
0,138,-1.05,3.1,-0.6943434079714709,false,true
1,138,-1.0,3.1,-0.694141468201088,false,true
2,138,-0.9500000000000001,3.1,-0.6939201205269125,false,true
3,138,-0.9,3.1,-0.693676131865663,false,true
4,138,-0.8500000000000001,3.1,-0.6934071979612786,false,true
5,138,-0.8,3.1,-0.6931052185273178,false,true
6,138,-0.75,3.1,-0.6927844411479139,false,true
7,138,-0.7,3.1,-0.692372320790801,false,true
8,138,-0.65,3.1,-0.6921608526921306,false,true
9,138,-0.6000000000000001,3.1,-0.6910271414673442,false,true
10,138,-0.55,3.1,-0.6710273491234018,false,true
11,138,-0.5,3.1,-0.652126823266022,false,true
12,138,-0.44999999999999996,3.1,-0.6769796379959697,true,false
13,138,-0.4,3.1,-0.6769796379959697,true,false
14,138,-0.35,3.1,-0.7044150897419567,true,false
15,138,-0.30000000000000004,3.1,-0.7189031013405437,true,false
16,138,-0.25,3.1,-0.7280756899273509,true,false
17,138,-0.19999999999999996,3.1,-0.7291393050110454,true,false
18,138,-0.15000000000000002,3.1,-0.7321882018005962,true,false
19,138,-0.09999999999999998,3.1,-0.7371840843117351,true,false
20,138,-0.050000000000000044,3.1,-0.7410973080551738,true,false
21,138,0.0,3.1,-0.7408662804520244,true,false
22,138,0.050000000000000044,3.1,-0.7415219315445537,true,false
23,138,0.10000000000000009,3.1,-0.7409614094650859,true,false
24,138,0.15000000000000013,3.1,-0.7411477633869762,true,false
25,138,0.19999999999999996,3.1,-0.7420105108177776,true,false
26,138,0.25,3.1,-0.7418403395569438,true,false
27,138,0.30000000000000004,3.1,-0.7416353591835613,true,false
28,138,0.3500000000000001,3.1,-0.7373122641003246,true,false
29,138,0.40000000000000013,3.1,-0.7352871664917583,true,false
30,138,0.44999999999999996,3.1,-0.7318411835587139,true,false
31,138,0.5,3.1,-0.7209924229538555,true,false
32,138,0.55,3.1,-0.7008003362572307,true,false
33,138,0.6000000000000001,3.1,-0.6769796379959697,true,false
34,138,0.6500000000000001,3.1,-0.6547569998657817,true,false
35,138,0.7,3.1,-0.6469796666061992,true,false
36,138,0.75,3.1,-0.6384706863319988,true,false
37,138,0.8,3.1,-0.6420069350184174,false,true
0,139,-1.05,3.15,-0.6928233991568428,false,true
1,139,-1.0,3.15,-0.6926426765108428,false,true
2,139,-0.9500000000000001,3.15,-0.6924527165522649,false,true
3,139,-0.9,3.15,-0.6922545037089393,false,true
4,139,-0.8500000000000001,3.15,-0.6920476473945177,false,true
5,139,-0.8,3.15,-0.6918425824801657,false,true
6,139,-0.75,3.15,-0.6916156494638169,false,true
7,139,-0.7,3.15,-0.6914967400324654,false,true
8,139,-0.65,3.15,-0.6910271414673442,false,true
9,139,-0.6000000000000001,3.15,-0.6768461450934422,false,true
10,139,-0.55,3.15,-0.6666852650716795,false,true
11,139,-0.5,3.15,-0.6769796379959697,false,true
12,139,-0.44999999999999996,3.15,-0.6777845319605176,false,true
13,139,-0.4,3.15,-0.6769796379959697,true,false
14,139,-0.35,3.15,-0.6939202317154521,true,false
15,139,-0.30000000000000004,3.15,-0.714264071837675,true,false
16,139,-0.25,3.15,-0.726281917945158,true,false
17,139,-0.19999999999999996,3.15,-0.7275750109112377,true,false
18,139,-0.15000000000000002,3.15,-0.7314008244431133,true,false
19,139,-0.09999999999999998,3.15,-0.7369796403801555,true,false
20,139,-0.050000000000000044,3.15,-0.7396419116413707,true,false
21,139,0.0,3.15,-0.7405845889008159,true,false
22,139,0.050000000000000044,3.15,-0.7408044704353923,true,false
23,139,0.10000000000000009,3.15,-0.7407742508804912,true,false
24,139,0.15000000000000013,3.15,-0.7408103414929027,true,false
25,139,0.19999999999999996,3.15,-0.7407052287018413,true,false
26,139,0.25,3.15,-0.7407337197220439,true,false
27,139,0.30000000000000004,3.15,-0.7399913438713664,true,false
28,139,0.3500000000000001,3.15,-0.7369796403801555,true,false
29,139,0.40000000000000013,3.15,-0.732143140689146,true,false
30,139,0.44999999999999996,3.15,-0.7274065085804576,true,false
31,139,0.5,3.15,-0.719142652407896,true,false
32,139,0.55,3.15,-0.6987060674584026,true,false
33,139,0.6000000000000001,3.15,-0.6741510399735088,true,false
34,139,0.6500000000000001,3.15,-0.6600827940857524,true,false
35,139,0.7,3.15,-0.6492213674938793,true,false
36,139,0.75,3.15,-0.6454520929674086,false,true
37,139,0.8,3.15,-0.6384706863319988,false,true
0,140,-1.05,3.1999999999999997,-0.6918892173385157,false,true
1,140,-1.0,3.1999999999999997,-0.6917609105295985,false,true
2,140,-0.9500000000000001,3.1999999999999997,-0.6916338764445016,false,true
3,140,-0.9,3.1999999999999997,-0.6915096165301344,false,true
4,140,-0.8500000000000001,3.1999999999999997,-0.6913943484619173,false,true
5,140,-0.8,3.1999999999999997,-0.6912800818447615,false,true
6,140,-0.75,3.1999999999999997,-0.6912216555618884,false,true
7,140,-0.7,3.1999999999999997,-0.6910271414673442,false,true
8,140,-0.65,3.1999999999999997,-0.679817492358734,false,true
9,140,-0.6000000000000001,3.1999999999999997,-0.6727155691146023,false,true
10,140,-0.55,3.1999999999999997,-0.6769796379959697,false,true
11,140,-0.5,3.1999999999999997,-0.6776818926748691,false,true
12,140,-0.44999999999999996,3.1999999999999997,-0.6782963357124789,false,true
13,140,-0.4,3.1999999999999997,-0.6808660098469371,true,false
14,140,-0.35,3.1999999999999997,-0.698704487935316,true,false
15,140,-0.30000000000000004,3.1999999999999997,-0.7102349468624706,true,false
16,140,-0.25,3.1999999999999997,-0.7245045074379558,true,false
17,140,-0.19999999999999996,3.1999999999999997,-0.7259444066441173,true,false
18,140,-0.15000000000000002,3.1999999999999997,-0.7306001254475231,true,false
19,140,-0.09999999999999998,3.1999999999999997,-0.7347425290501232,true,false
20,140,-0.050000000000000044,3.1999999999999997,-0.7369796403801555,true,false
21,140,0.0,3.1999999999999997,-0.7394628592884654,true,false
22,140,0.050000000000000044,3.1999999999999997,-0.7403287061607952,true,false
23,140,0.10000000000000009,3.1999999999999997,-0.7402881750023479,true,false
24,140,0.15000000000000013,3.1999999999999997,-0.7401293882286663,true,false
25,140,0.19999999999999996,3.1999999999999997,-0.7405071624672527,true,false
26,140,0.25,3.1999999999999997,-0.7400924929535503,true,false
27,140,0.30000000000000004,3.1999999999999997,-0.7389638194000835,true,false
28,140,0.3500000000000001,3.1999999999999997,-0.7369796403801555,true,false
29,140,0.40000000000000013,3.1999999999999997,-0.7318583198940868,true,false
30,140,0.44999999999999996,3.1999999999999997,-0.7223778733170146,true,false
31,140,0.5,3.1999999999999997,-0.7211267420208568,true,false
32,140,0.55,3.1999999999999997,-0.706979668990385,true,false
33,140,0.6000000000000001,3.1999999999999997,-0.6740455993569011,true,false
34,140,0.6500000000000001,3.1999999999999997,-0.6603178748047466,true,false
35,140,0.7,3.1999999999999997,-0.6484671601212139,true,false
36,140,0.75,3.1999999999999997,-0.6486119027100429,false,true
37,140,0.8,3.1999999999999997,-0.6449256676515409,false,true
0,141,-1.05,3.2500000000000004,-0.6913913676355267,false,true
1,141,-1.0,3.2500000000000004,-0.6913172113955043,false,true
2,141,-0.9500000000000001,3.2500000000000004,-0.6912487578329597,false,true
3,141,-0.9,3.2500000000000004,-0.6911889792362212,false,true
4,141,-0.8500000000000001,3.2500000000000004,-0.6911345993311322,false,true
5,141,-0.8,3.2500000000000004,-0.6911077118433772,false,true
6,141,-0.75,3.2500000000000004,-0.6910271414673442,false,true
7,141,-0.7,3.2500000000000004,-0.6811644770848926,false,true
8,141,-0.65,3.2500000000000004,-0.6752134028344143,false,true
9,141,-0.6000000000000001,3.2500000000000004,-0.6769796379959697,false,true
10,141,-0.55,3.2500000000000004,-0.6773736840300209,false,true
11,141,-0.5,3.2500000000000004,-0.6776409577766509,false,true
12,141,-0.44999999999999996,3.2500000000000004,-0.6777034378032668,false,true
13,141,-0.4,3.2500000000000004,-0.6759789654171581,true,false
14,141,-0.35,3.2500000000000004,-0.706979668990385,true,false
15,141,-0.30000000000000004,3.2500000000000004,-0.7191128798878307,true,false
16,141,-0.25,3.2500000000000004,-0.724025852338087,true,false
17,141,-0.19999999999999996,3.2500000000000004,-0.7250192233479137,true,false
18,141,-0.15000000000000002,3.2500000000000004,-0.7293364175713176,true,false
19,141,-0.09999999999999998,3.2500000000000004,-0.73366133059622,true,false
20,141,-0.050000000000000044,3.2500000000000004,-0.7369242378628368,true,false
21,141,0.0,3.2500000000000004,-0.7384187647259349,true,false
22,141,0.050000000000000044,3.2500000000000004,-0.7394833334839458,true,false
23,141,0.10000000000000009,3.2500000000000004,-0.7392244109070415,true,false
24,141,0.15000000000000013,3.2500000000000004,-0.7391263314640636,true,false
25,141,0.19999999999999996,3.2500000000000004,-0.7391491004383678,true,false
26,141,0.25,3.2500000000000004,-0.7391088076984996,true,false
27,141,0.30000000000000004,3.2500000000000004,-0.7372266420281047,true,false
28,141,0.3500000000000001,3.2500000000000004,-0.735458947078001,true,false
29,141,0.40000000000000013,3.2500000000000004,-0.7301632532036418,true,false
30,141,0.44999999999999996,3.2500000000000004,-0.7234563001549358,true,false
31,141,0.5,3.2500000000000004,-0.718106902495634,true,false
32,141,0.55,3.2500000000000004,-0.704405046359312,true,false
33,141,0.6000000000000001,3.2500000000000004,-0.669852770224821,true,false
34,141,0.6500000000000001,3.2500000000000004,-0.6564095386421794,true,false
35,141,0.7,3.2500000000000004,-0.6482071348583812,true,false
36,141,0.75,3.2500000000000004,-0.6483148408488062,false,true
37,141,0.8,3.2500000000000004,-0.6483703018993094,false,true
0,142,-1.05,3.3000000000000003,-0.6911621572287558,false,true
1,142,-1.0,3.3000000000000003,-0.691126697501829,false,true
2,142,-0.9500000000000001,3.3000000000000003,-0.6910973543030502,false,true
3,142,-0.9,3.3000000000000003,-0.6910724388380322,false,true
4,142,-0.8500000000000001,3.3000000000000003,-0.6910605148098226,false,true
5,142,-0.8,3.3000000000000003,-0.6910271414673442,false,true
6,142,-0.75,3.3000000000000003,-0.6817464848008773,false,true
7,142,-0.7,3.3000000000000003,-0.6762480394377133,false,true
8,142,-0.65,3.3000000000000003,-0.6769796379959697,false,true
9,142,-0.6000000000000001,3.3000000000000003,-0.677211009895278,false,true
10,142,-0.55,3.3000000000000003,-0.6773377845914416,false,true
11,142,-0.5,3.3000000000000003,-0.6772447584733766,false,true
12,142,-0.44999999999999996,3.3000000000000003,-0.676897219739805,false,true
13,142,-0.4,3.3000000000000003,-0.6769796379959697,true,false
14,142,-0.35,3.3000000000000003,-0.706979668990385,true,false
15,142,-0.30000000000000004,3.3000000000000003,-0.7214418419754619,true,false
16,142,-0.25,3.3000000000000003,-0.7238769301331157,true,false
17,142,-0.19999999999999996,3.3000000000000003,-0.7243552276051158,true,false
18,142,-0.15000000000000002,3.3000000000000003,-0.7280778058922405,true,false
19,142,-0.09999999999999998,3.3000000000000003,-0.7325807579910869,true,false
20,142,-0.050000000000000044,3.3000000000000003,-0.7350525626099224,true,false
21,142,0.0,3.3000000000000003,-0.7369796403801555,true,false
22,142,0.050000000000000044,3.3000000000000003,-0.7383920022404308,true,false
23,142,0.10000000000000009,3.3000000000000003,-0.7387277850067729,true,false
24,142,0.15000000000000013,3.3000000000000003,-0.7386219569599742,true,false
25,142,0.19999999999999996,3.3000000000000003,-0.7381735214150066,true,false
26,142,0.25,3.3000000000000003,-0.7371451624786968,true,false
27,142,0.30000000000000004,3.3000000000000003,-0.7359345921433086,true,false
28,142,0.3500000000000001,3.3000000000000003,-0.7320768305218334,true,false
29,142,0.40000000000000013,3.3000000000000003,-0.7279873558437938,true,false
30,142,0.44999999999999996,3.3000000000000003,-0.721397645131361,true,false
31,142,0.5,3.3000000000000003,-0.7153932818329448,true,false
32,142,0.55,3.3000000000000003,-0.704909242049467,true,false
33,142,0.6000000000000001,3.3000000000000003,-0.6701780327713603,true,false
34,142,0.6500000000000001,3.3000000000000003,-0.6579244502937908,true,false
35,142,0.7,3.3000000000000003,-0.6539391920054443,false,true
36,142,0.75,3.3000000000000003,-0.6482071348583812,false,true
37,142,0.8,3.3000000000000003,-0.6482517481403641,false,true
0,143,-1.05,3.35,-0.691071096441584,false,true
1,143,-1.0,3.35,-0.6910572506887456,false,true
2,143,-0.9500000000000001,3.35,-0.6910461347203746,false,true
3,143,-0.9,3.35,-0.6910409651584204,false,true
4,143,-0.8500000000000001,3.35,-0.6910271414673442,false,true
5,143,-0.8,3.35,-0.6819925450137322,false,true
6,143,-0.75,3.35,-0.6766765999509273,false,true
7,143,-0.7,3.35,-0.6769796379959697,false,true
8,143,-0.65,3.35,-0.6771350926392543,false,true
9,143,-0.6000000000000001,3.35,-0.6772264114008612,false,true
10,143,-0.55,3.35,-0.6771962585438089,false,true
11,143,-0.5,3.35,-0.6771661702040545,false,true
12,143,-0.44999999999999996,3.35,-0.6772775731339531,false,true
13,143,-0.4,3.35,-0.6776989170467967,true,false
14,143,-0.35,3.35,-0.706979668990385,true,false
15,143,-0.30000000000000004,3.35,-0.7199946412003154,true,false
16,143,-0.25,3.35,-0.7252536782181377,true,false
17,143,-0.19999999999999996,3.35,-0.7241823145306224,true,false
18,143,-0.15000000000000002,3.35,-0.7276929088986034,true,false
19,143,-0.09999999999999998,3.35,-0.7316010960495586,true,false
20,143,-0.050000000000000044,3.35,-0.7339246043121929,true,false
21,143,0.0,3.35,-0.7356845208561534,true,false
22,143,0.050000000000000044,3.35,-0.7368478247082347,true,false
23,143,0.10000000000000009,3.35,-0.7369796403801555,true,false
24,143,0.15000000000000013,3.35,-0.7369796403801555,true,false
25,143,0.19999999999999996,3.35,-0.7369796403801555,true,false
26,143,0.25,3.35,-0.7365497716820354,true,false
27,143,0.30000000000000004,3.35,-0.7323681184208507,true,false
28,143,0.3500000000000001,3.35,-0.730187631503355,true,false
29,143,0.40000000000000013,3.35,-0.7263628014481182,true,false
30,143,0.44999999999999996,3.35,-0.7201741107857341,true,false
31,143,0.5,3.35,-0.7111818560516948,true,false
32,143,0.55,3.35,-0.691998458758604,true,false
33,143,0.6000000000000001,3.35,-0.6731452413952465,true,false
34,143,0.6500000000000001,3.35,-0.6667476642619906,false,true
35,143,0.7,3.35,-0.6579244502937908,false,true
36,143,0.75,3.35,-0.6532939278914255,false,true
37,143,0.8,3.35,-0.6482071348583812,false,true
0,144,-1.05,3.4,-0.6910399416170501,false,true
1,144,-1.0,3.4,-0.6910350762327846,false,true
2,144,-0.9500000000000001,3.4,-0.69103286742767,false,true
3,144,-0.9,3.4,-0.6910271414673442,false,true
4,144,-0.8500000000000001,3.4,-0.6820954988610939,false,true
5,144,-0.8,3.4,-0.6768541155277982,false,true
6,144,-0.75,3.4,-0.6769796379959697,false,true
7,144,-0.7,3.4,-0.6770868065363779,false,true
8,144,-0.65,3.4,-0.6771557781006831,false,true
9,144,-0.6000000000000001,3.4,-0.6771498772169339,false,true
10,144,-0.55,3.4,-0.6771576807896682,false,true
11,144,-0.5,3.4,-0.6771903099523915,false,true
12,144,-0.44999999999999996,3.4,-0.6772775731339531,false,true
13,144,-0.4,3.4,-0.6769796379959697,true,false
14,144,-0.35,3.4,-0.6891443201458568,true,false
15,144,-0.30000000000000004,3.4,-0.7184457549011821,true,false
16,144,-0.25,3.4,-0.7239517339623088,true,false
17,144,-0.19999999999999996,3.4,-0.7243690260803813,true,false
18,144,-0.15000000000000002,3.4,-0.7280081876671428,true,false
19,144,-0.09999999999999998,3.4,-0.7324955531513805,true,false
20,144,-0.050000000000000044,3.4,-0.7346548208153362,true,false
21,144,0.0,3.4,-0.7344333895599956,true,false
22,144,0.050000000000000044,3.4,-0.7347454794800395,true,false
23,144,0.10000000000000009,3.4,-0.7354683646118755,true,false
24,144,0.15000000000000013,3.4,-0.73558325256468,true,false
25,144,0.19999999999999996,3.4,-0.734320647374403,true,false
26,144,0.25,3.4,-0.7318642505562419,true,false
27,144,0.30000000000000004,3.4,-0.7301085957443828,true,false
28,144,0.3500000000000001,3.4,-0.728563434735548,true,false
29,144,0.40000000000000013,3.4,-0.7237288721954936,true,false
30,144,0.44999999999999996,3.4,-0.7200253375923747,true,false
31,144,0.5,3.4,-0.7086420425331706,true,false
32,144,0.55,3.4,-0.6931336590206737,true,false
33,144,0.6000000000000001,3.4,-0.6848294657209983,false,true
34,144,0.6500000000000001,3.4,-0.6750624396956081,false,true
35,144,0.7,3.4,-0.6687178572082577,false,true
36,144,0.75,3.4,-0.6579244502937908,false,true
37,144,0.8,3.4,-0.6531253824044687,false,true
0,145,-1.05,3.4499999999999997,-0.6910304479258113,false,true
1,145,-1.0,3.4499999999999997,-0.6910295132377687,false,true
2,145,-0.9500000000000001,3.4499999999999997,-0.6910271414673442,false,true
3,145,-0.9,3.4499999999999997,-0.6821383575518049,false,true
4,145,-0.8500000000000001,3.4499999999999997,-0.6769276448872705,false,true
5,145,-0.8,3.4499999999999997,-0.6769796379959697,false,true
6,145,-0.75,3.4499999999999997,-0.6770496234286127,false,true
7,145,-0.7,3.4499999999999997,-0.677096154564391,false,true
8,145,-0.65,3.4499999999999997,-0.6770925391151482,false,true
9,145,-0.6000000000000001,3.4499999999999997,-0.6770934899103328,false,true
10,145,-0.55,3.4499999999999997,-0.6770924599716628,false,true
11,145,-0.5,3.4499999999999997,-0.6771030467708299,false,true
12,145,-0.44999999999999996,3.4499999999999997,-0.6769796379959697,false,true
13,145,-0.4,3.4499999999999997,-0.6830956341040353,false,true
14,145,-0.35,3.4499999999999997,-0.6849345632946605,true,false
15,145,-0.30000000000000004,3.4499999999999997,-0.712164200202238,true,false
16,145,-0.25,3.4499999999999997,-0.7247896858608837,true,false
17,145,-0.19999999999999996,3.4499999999999997,-0.7238794037258739,true,false
18,145,-0.15000000000000002,3.4499999999999997,-0.7261502512848491,true,false
19,145,-0.09999999999999998,3.4499999999999997,-0.7310803898728008,true,false
20,145,-0.050000000000000044,3.4499999999999997,-0.7358354696190471,true,false
21,145,0.0,3.4499999999999997,-0.7361265489018077,true,false
22,145,0.050000000000000044,3.4499999999999997,-0.7346915372765178,true,false
23,145,0.10000000000000009,3.4499999999999997,-0.7342543968117351,true,false
24,145,0.15000000000000013,3.4499999999999997,-0.7337002524292583,true,false
25,145,0.19999999999999996,3.4499999999999997,-0.7312532433426494,true,false
26,145,0.25,3.4499999999999997,-0.7293284603512401,true,false
27,145,0.30000000000000004,3.4499999999999997,-0.7266680666363353,true,false
28,145,0.3500000000000001,3.4499999999999997,-0.7245375582134838,true,false
29,145,0.40000000000000013,3.4499999999999997,-0.7204069563305492,true,false
30,145,0.44999999999999996,3.4499999999999997,-0.7172625729000682,true,false
31,145,0.5,3.4499999999999997,-0.706979668990385,true,false
32,145,0.55,3.4499999999999997,-0.6935418912327403,true,false
33,145,0.6000000000000001,3.4499999999999997,-0.6769796379959697,true,false
34,145,0.6500000000000001,3.4499999999999997,-0.6769796379959697,false,true
35,145,0.7,3.4499999999999997,-0.6764181036146731,false,true
36,145,0.75,3.4499999999999997,-0.6695229622965598,false,true
37,145,0.8,3.4499999999999997,-0.6579244502937908,false,true
0,146,-1.05,3.5000000000000004,-0.6910281238868209,false,true
1,146,-1.0,3.5000000000000004,-0.6910271414673442,false,true
2,146,-0.9500000000000001,3.5000000000000004,-0.6821561544844369,false,true
3,146,-0.9,3.5000000000000004,-0.6769581017451967,false,true
4,146,-0.8500000000000001,3.5000000000000004,-0.6769796379959697,false,true
5,146,-0.8,3.5000000000000004,-0.6770221004526301,false,true
6,146,-0.75,3.5000000000000004,-0.6770501535624267,false,true
7,146,-0.7,3.5000000000000004,-0.67704560970557,false,true
8,146,-0.65,3.5000000000000004,-0.6770416440454521,false,true
9,146,-0.6000000000000001,3.5000000000000004,-0.6770338563859176,false,true
10,146,-0.55,3.5000000000000004,-0.6770307555842328,false,true
11,146,-0.5,3.5000000000000004,-0.6769796379959697,false,true
12,146,-0.44999999999999996,3.5000000000000004,-0.6815156938714724,false,true
13,146,-0.4,3.5000000000000004,-0.6849345632946605,false,true
14,146,-0.35,3.5000000000000004,-0.7088752871388422,false,true
15,146,-0.30000000000000004,3.5000000000000004,-0.7187905677712078,true,false
16,146,-0.25,3.5000000000000004,-0.7250534364140148,true,false
17,146,-0.19999999999999996,3.5000000000000004,-0.7248912223732585,true,false
18,146,-0.15000000000000002,3.5000000000000004,-0.7265022167122478,true,false
19,146,-0.09999999999999998,3.5000000000000004,-0.7293244966423625,true,false
20,146,-0.050000000000000044,3.5000000000000004,-0.7321695753491039,true,false
21,146,0.0,3.5000000000000004,-0.7334410318291301,true,false
22,146,0.050000000000000044,3.5000000000000004,-0.733314491168272,true,false
23,146,0.10000000000000009,3.5000000000000004,-0.7322645255482311,true,false
24,146,0.15000000000000013,3.5000000000000004,-0.7313325771248455,true,false
25,146,0.19999999999999996,3.5000000000000004,-0.7294292220032329,true,false
26,146,0.25,3.5000000000000004,-0.7264792689240093,true,false
27,146,0.30000000000000004,3.5000000000000004,-0.7242730029976482,true,false
28,146,0.3500000000000001,3.5000000000000004,-0.7215350040352458,true,false
29,146,0.40000000000000013,3.5000000000000004,-0.7189870544827098,true,false
30,146,0.44999999999999996,3.5000000000000004,-0.7150264748489971,true,false
31,146,0.5,3.5000000000000004,-0.706979668990385,true,false
32,146,0.55,3.5000000000000004,-0.6973986991798992,true,false
33,146,0.6000000000000001,3.5000000000000004,-0.6888485243593275,false,true
34,146,0.6500000000000001,3.5000000000000004,-0.6769796379959697,false,true
35,146,0.7,3.5000000000000004,-0.6769796379959697,false,true
36,146,0.75,3.5000000000000004,-0.6768151683835574,false,true
37,146,0.8,3.5000000000000004,-0.6698060025981509,false,true
0,147,-1.05,3.5500000000000003,-0.6910271414673442,false,true
1,147,-1.0,3.5500000000000003,-0.6821635353863365,false,true
2,147,-0.9500000000000001,3.5500000000000003,-0.6769707173888169,false,true
3,147,-0.9,3.5500000000000003,-0.6769796379959697,false,true
4,147,-0.8500000000000001,3.5500000000000003,-0.6770037013965244,false,true
5,147,-0.8,3.5500000000000003,-0.6770192030545279,false,true
6,147,-0.75,3.5500000000000003,-0.6770149553704072,false,true
7,147,-0.7,3.5500000000000003,-0.6770105785444543,false,true
8,147,-0.65,3.5500000000000003,-0.6770042885863148,false,true
9,147,-0.6000000000000001,3.5500000000000003,-0.6770008115943041,false,true
10,147,-0.55,3.5500000000000003,-0.6769796379959697,false,true
11,147,-0.5,3.5500000000000003,-0.6811030073605159,false,true
12,147,-0.44999999999999996,3.5500000000000003,-0.6849345632946605,false,true
13,147,-0.4,3.5500000000000003,-0.710123284105109,false,true
14,147,-0.35,3.5500000000000003,-0.7242653606464409,false,true
15,147,-0.30000000000000004,3.5500000000000003,-0.7254213460838909,true,false
16,147,-0.25,3.5500000000000003,-0.7259967991268749,true,false
17,147,-0.19999999999999996,3.5500000000000003,-0.7247805961525554,true,false
18,147,-0.15000000000000002,3.5500000000000003,-0.7262459167397136,true,false
19,147,-0.09999999999999998,3.5500000000000003,-0.7292427786743755,true,false
20,147,-0.050000000000000044,3.5500000000000003,-0.7322839566624278,true,false
21,147,0.0,3.5500000000000003,-0.7332408794319744,true,false
22,147,0.050000000000000044,3.5500000000000003,-0.7307459184086437,true,false
23,147,0.10000000000000009,3.5500000000000003,-0.7295102247154827,true,false
24,147,0.15000000000000013,3.5500000000000003,-0.7288944491303081,true,false
25,147,0.19999999999999996,3.5500000000000003,-0.7267042764580364,true,false
26,147,0.25,3.5500000000000003,-0.7252070673859233,true,false
27,147,0.30000000000000004,3.5500000000000003,-0.7234221466934795,true,false
28,147,0.3500000000000001,3.5500000000000003,-0.7201402255451793,true,false
29,147,0.40000000000000013,3.5500000000000003,-0.718079305545103,true,false
30,147,0.44999999999999996,3.5500000000000003,-0.71366301859976,true,false
31,147,0.5,3.5500000000000003,-0.706979668990385,true,false
32,147,0.55,3.5500000000000003,-0.704727835882378,false,true
33,147,0.6000000000000001,3.5500000000000003,-0.6973986991798992,false,true
34,147,0.6500000000000001,3.5500000000000003,-0.6876225987453658,false,true
35,147,0.7,3.5500000000000003,-0.6769796379959697,false,true
36,147,0.75,3.5500000000000003,-0.6769796379959697,false,true
37,147,0.8,3.5500000000000003,-0.6769314659617932,false,true
0,148,-1.05,3.6,-0.6821665945553893,false,true
1,148,-1.0,3.6,-0.6769759429595024,false,true
2,148,-0.9500000000000001,3.6,-0.6769796379959697,false,true
3,148,-0.9,3.6,-0.6769925143383876,false,true
4,148,-0.8500000000000001,3.6,-0.6770005395652486,false,true
5,148,-0.8,3.6,-0.6769974104728526,false,true
6,148,-0.75,3.6,-0.6769942596791211,false,true
7,148,-0.7,3.6,-0.6769904908018672,false,true
8,148,-0.65,3.6,-0.676988408387564,false,true
9,148,-0.6000000000000001,3.6,-0.6769796379959697,false,true
10,148,-0.55,3.6,-0.6809952120447087,false,true
11,148,-0.5,3.6,-0.6849345632946605,false,true
12,148,-0.44999999999999996,3.6,-0.7111770391740996,false,true
13,148,-0.4,3.6,-0.7265201372677349,false,true
14,148,-0.35,3.6,-0.7269935952154715,false,true
15,148,-0.30000000000000004,3.6,-0.7281053432381267,true,false
16,148,-0.25,3.6,-0.7278746136582012,true,false
17,148,-0.19999999999999996,3.6,-0.7258796759998912,true,false
18,148,-0.15000000000000002,3.6,-0.7265372642433757,true,false
19,148,-0.09999999999999998,3.6,-0.7297172018444652,true,false
20,148,-0.050000000000000044,3.6,-0.7320944734966869,true,false
21,148,0.0,3.6,-0.7321041294491405,true,false
22,148,0.050000000000000044,3.6,-0.730970329896223,true,false
23,148,0.10000000000000009,3.6,-0.729385949031126,true,false
24,148,0.15000000000000013,3.6,-0.7292026349461193,true,false
25,148,0.19999999999999996,3.6,-0.7247672447121257,true,false
26,148,0.25,3.6,-0.7245270379936809,true,false
27,148,0.30000000000000004,3.6,-0.720853484526884,true,false
28,148,0.3500000000000001,3.6,-0.7180922099506969,true,false
29,148,0.40000000000000013,3.6,-0.7109956511414165,true,false
30,148,0.44999999999999996,3.6,-0.706979668990385,true,false
31,148,0.5,3.6,-0.7096563943779582,true,false
32,148,0.55,3.6,-0.708547658419677,false,true
33,148,0.6000000000000001,3.6,-0.70472071944662,false,true
34,148,0.6500000000000001,3.6,-0.6973986991798992,false,true
35,148,0.7,3.6,-0.6873023822245816,false,true
36,148,0.75,3.6,-0.6769796379959697,false,true
37,148,0.8,3.6,-0.6769796379959697,false,true
0,149,-1.05,3.65,-0.6769781074617516,false,true
1,149,-1.0,3.65,-0.6769796379959697,false,true
2,149,-0.9500000000000001,3.65,-0.6769862128013789,false,true
3,149,-0.9,3.65,-0.6769901684957651,false,true
4,149,-0.8500000000000001,3.65,-0.6769881877936634,false,true
5,149,-0.8,3.65,-0.6769863012808739,false,true
6,149,-0.75,3.65,-0.6769843214705251,false,true
7,149,-0.7,3.65,-0.6769832708111154,false,true
8,149,-0.65,3.65,-0.6769796379959697,false,true
9,149,-0.6000000000000001,3.65,-0.680967055490517,false,true
10,149,-0.55,3.65,-0.6849345632946605,false,true
11,149,-0.5,3.65,-0.7117235859006428,false,true
12,149,-0.44999999999999996,3.65,-0.7274503013541717,false,true
13,149,-0.4,3.65,-0.7276448421292014,false,true
14,149,-0.35,3.65,-0.7281053432381267,false,true
15,149,-0.30000000000000004,3.65,-0.7280097719168808,false,true
16,149,-0.25,3.65,-0.7273578890754665,false,true
17,149,-0.19999999999999996,3.65,-0.7273044271834634,false,true
18,149,-0.15000000000000002,3.65,-0.727617389813673,true,false
19,149,-0.09999999999999998,3.65,-0.7313803800499553,true,false
20,149,-0.050000000000000044,3.65,-0.7320905693924541,true,false
21,149,0.0,3.65,-0.7313257523930187,true,false
22,149,0.050000000000000044,3.65,-0.7294760116493816,true,false
23,149,0.10000000000000009,3.65,-0.7282054194367046,true,false
24,149,0.15000000000000013,3.65,-0.7279647358811016,true,false
25,149,0.19999999999999996,3.65,-0.727159477130186,true,false
26,149,0.25,3.65,-0.7229809829151744,true,false
27,149,0.30000000000000004,3.65,-0.7193078168785686,true,false
28,149,0.3500000000000001,3.65,-0.7148588367855663,true,false
29,149,0.40000000000000013,3.65,-0.7084906169331188,true,false
30,149,0.44999999999999996,3.65,-0.7092304446721575,false,true
31,149,0.5,3.65,-0.708547658419677,false,true
32,149,0.55,3.65,-0.7096563943779582,false,true
33,149,0.6000000000000001,3.65,-0.7091971409069474,false,true
34,149,0.6500000000000001,3.65,-0.7049094746007764,false,true
35,149,0.7,3.65,-0.6973986991798992,false,true
36,149,0.75,3.65,-0.6872187404285254,false,true
37,149,0.8,3.65,-0.6769796379959697,false,true
0,150,-1.05,3.6999999999999997,-0.6769796379959697,false,true
1,150,-1.0,3.6999999999999997,-0.6769828699203533,false,true
2,150,-0.9500000000000001,3.6999999999999997,-0.6769847480775447,false,true
3,150,-0.9,3.6999999999999997,-0.6769836152467004,false,true
4,150,-0.8500000000000001,3.6999999999999997,-0.6769825985620568,false,true
5,150,-0.8,3.6999999999999997,-0.6769816330464472,false,true
6,150,-0.75,3.6999999999999997,-0.6769811427572727,false,true
7,150,-0.7,3.6999999999999997,-0.6769796379959697,false,true
8,150,-0.65,3.6999999999999997,-0.6809597008894565,false,true
9,150,-0.6000000000000001,3.6999999999999997,-0.6849345632946605,false,true
10,150,-0.55,3.6999999999999997,-0.7119724430500733,false,true
11,150,-0.5,3.6999999999999997,-0.7278344764129616,false,true
12,150,-0.44999999999999996,3.6999999999999997,-0.7279145974333221,false,true
13,150,-0.4,3.6999999999999997,-0.7281053432381267,false,true
14,150,-0.35,3.6999999999999997,-0.7280657563006927,false,true
15,150,-0.30000000000000004,3.6999999999999997,-0.7278468320450756,false,true
16,150,-0.25,3.6999999999999997,-0.7291041048239708,false,true
17,150,-0.19999999999999996,3.6999999999999997,-0.7299217312819162,false,true
18,150,-0.15000000000000002,3.6999999999999997,-0.7290737100994701,true,false
19,150,-0.09999999999999998,3.6999999999999997,-0.7308922180092449,true,false
20,150,-0.050000000000000044,3.6999999999999997,-0.7308387526428813,true,false
21,150,0.0,3.6999999999999997,-0.7302863963997478,true,false
22,150,0.050000000000000044,3.6999999999999997,-0.7276544042980785,true,false
23,150,0.10000000000000009,3.6999999999999997,-0.7273865410244579,true,false
24,150,0.15000000000000013,3.6999999999999997,-0.7275469669258708,true,false
25,150,0.19999999999999996,3.6999999999999997,-0.7268780836022014,true,false
26,150,0.25,3.6999999999999997,-0.7250512608444805,true,false
27,150,0.30000000000000004,3.6999999999999997,-0.7190467783367748,true,false
28,150,0.3500000000000001,3.6999999999999997,-0.7156197198784465,true,false
29,150,0.40000000000000013,3.6999999999999997,-0.7112686404144878,true,false
30,150,0.44999999999999996,3.6999999999999997,-0.7101179454119138,false,true
31,150,0.5,3.6999999999999997,-0.7097028972555928,false,true
32,150,0.55,3.6999999999999997,-0.7091971409069474,false,true
33,150,0.6000000000000001,3.6999999999999997,-0.7096563943779582,false,true
34,150,0.6500000000000001,3.6999999999999997,-0.7094661653616986,false,true
35,150,0.7,3.6999999999999997,-0.7050273625116776,false,true
36,150,0.75,3.6999999999999997,-0.6973986991798992,false,true
37,150,0.8,3.6999999999999997,-0.6871968928672866,false,true
0,151,-1.05,3.7500000000000004,-0.6769811820488483,false,true
1,151,-1.0,3.7500000000000004,-0.6769820446614727,false,true
2,151,-0.9500000000000001,3.7500000000000004,-0.6769814415552508,false,true
3,151,-0.9,3.7500000000000004,-0.6769809297240681,false,true
4,151,-0.8500000000000001,3.7500000000000004,-0.6769804805089491,false,true
5,151,-0.8,3.7500000000000004,-0.6769802612885096,false,true
6,151,-0.75,3.7500000000000004,-0.6769796379959697,false,true
7,151,-0.7,3.7500000000000004,-0.6809577798391607,false,true
8,151,-0.65,3.7500000000000004,-0.6849345632946605,false,true
9,151,-0.6000000000000001,3.7500000000000004,-0.7120800814095574,false,true
10,151,-0.55,3.7500000000000004,-0.7279932813756613,false,true
11,151,-0.5,3.7500000000000004,-0.7280263337388108,false,true
12,151,-0.44999999999999996,3.7500000000000004,-0.7281053432381267,false,true
13,151,-0.4,3.7500000000000004,-0.7280889457917487,false,true
14,151,-0.35,3.7500000000000004,-0.7280132296163166,false,true
15,151,-0.30000000000000004,3.7500000000000004,-0.7306736539712545,false,true
16,151,-0.25,3.7500000000000004,-0.7330317754415447,false,true
17,151,-0.19999999999999996,3.7500000000000004,-0.7333113389401507,false,true
18,151,-0.15000000000000002,3.7500000000000004,-0.7334253558075542,true,false
19,151,-0.09999999999999998,3.7500000000000004,-0.7324417599594707,true,false
20,151,-0.050000000000000044,3.7500000000000004,-0.7313499220764751,true,false
21,151,0.0,3.7500000000000004,-0.7284600802815074,true,false
22,151,0.050000000000000044,3.7500000000000004,-0.7272756465828533,true,false
23,151,0.10000000000000009,3.7500000000000004,-0.7281021841919536,true,false
24,151,0.15000000000000013,3.7500000000000004,-0.7291857370293254,true,false
25,151,0.19999999999999996,3.7500000000000004,-0.7273141625333823,false,true
26,151,0.25,3.7500000000000004,-0.7238276526331999,false,true
27,151,0.30000000000000004,3.7500000000000004,-0.7198016883628442,false,true
28,151,0.3500000000000001,3.7500000000000004,-0.7153490803918561,false,true
29,151,0.40000000000000013,3.7500000000000004,-0.7130709165394225,false,true
30,151,0.44999999999999996,3.7500000000000004,-0.7112686404144878,false,true
31,151,0.5,3.7500000000000004,-0.7107920069382667,false,true
32,151,0.55,3.7500000000000004,-0.710105102932652,false,true
33,151,0.6000000000000001,3.7500000000000004,-0.7094661653616986,false,true
34,151,0.6500000000000001,3.7500000000000004,-0.7096563943779582,false,true
35,151,0.7,3.7500000000000004,-0.7095775989394665,false,true
36,151,0.75,3.7500000000000004,-0.7050844160367216,false,true
37,151,0.8,3.7500000000000004,-0.6973986991798992,false,true
0,152,-1.05,3.8000000000000003,-0.6769807858587596,false,true
1,152,-1.0,3.8000000000000003,-0.676980457879393,false,true
2,152,-0.9500000000000001,3.8000000000000003,-0.6769801941663994,false,true
3,152,-0.9,3.8000000000000003,-0.6769799917024014,false,true
4,152,-0.8500000000000001,3.8000000000000003,-0.6769798961721931,false,true
5,152,-0.8,3.8000000000000003,-0.6769796379959697,false,true
6,152,-0.75,3.8000000000000003,-0.6809572780533794,false,true
7,152,-0.7,3.8000000000000003,-0.6849345632946605,false,true
8,152,-0.65,3.8000000000000003,-0.7121255828153513,false,true
9,152,-0.6000000000000001,3.8000000000000003,-0.728058965191553,false,true
10,152,-0.55,3.8000000000000003,-0.7280726164319538,false,true
11,152,-0.5,3.8000000000000003,-0.7281053432381267,false,true
12,152,-0.44999999999999996,3.8000000000000003,-0.7280985511934487,false,true
13,152,-0.4,3.8000000000000003,-0.7280715717382601,false,true
14,152,-0.35,3.8000000000000003,-0.7316180208698977,false,true
15,152,-0.30000000000000004,3.8000000000000003,-0.7351366317045763,false,true
16,152,-0.25,3.8000000000000003,-0.735513943330508,false,true
17,152,-0.19999999999999996,3.8000000000000003,-0.7357464571099003,false,true
18,152,-0.15000000000000002,3.8000000000000003,-0.7373877235806102,true,false
19,152,-0.09999999999999998,3.8000000000000003,-0.7369796403801555,true,false
20,152,-0.050000000000000044,3.8000000000000003,-0.7329450913822765,true,false
21,152,0.0,3.8000000000000003,-0.7285102971947307,true,false
22,152,0.050000000000000044,3.8000000000000003,-0.7276582487976665,true,false
23,152,0.10000000000000009,3.8000000000000003,-0.7291636535084361,true,false
24,152,0.15000000000000013,3.8000000000000003,-0.7288945512196459,false,true
25,152,0.19999999999999996,3.8000000000000003,-0.7291857370293254,false,true
26,152,0.25,3.8000000000000003,-0.7252852745604517,false,true
27,152,0.30000000000000004,3.8000000000000003,-0.7196767273160796,false,true
28,152,0.3500000000000001,3.8000000000000003,-0.7159859603288695,false,true
29,152,0.40000000000000013,3.8000000000000003,-0.7132103008277235,false,true
30,152,0.44999999999999996,3.8000000000000003,-0.7120151676285771,false,true
31,152,0.5,3.8000000000000003,-0.7112686404144878,false,true
32,152,0.55,3.8000000000000003,-0.7110712123643561,false,true
33,152,0.6000000000000001,3.8000000000000003,-0.7103071333920951,false,true
34,152,0.6500000000000001,3.8000000000000003,-0.7095775989394665,false,true
35,152,0.7,3.8000000000000003,-0.7096563943779582,false,true
36,152,0.75,3.8000000000000003,-0.7096237562386819,false,true
37,152,0.8,3.8000000000000003,-0.7051097513685877,false,true
0,153,-1.05,3.85,-0.6769801843227043,false,true
1,153,-1.0,3.85,-0.6769799908889149,false,true
2,153,-0.9500000000000001,3.85,-0.6769798471500271,false,true
3,153,-0.9,3.85,-0.6769797449360629,false,true
4,153,-0.8500000000000001,3.85,-0.6769796379959697,false,true
5,153,-0.8,3.85,-0.680957146984989,false,true
6,153,-0.75,3.85,-0.6849345632946605,false,true
7,153,-0.7,3.85,-0.7079741357994291,false,true
8,153,-0.65,3.85,-0.7280781919675026,false,true
9,153,-0.6000000000000001,3.85,-0.7280917873511568,false,true
10,153,-0.55,3.85,-0.7281053432381267,false,true
11,153,-0.5,3.85,-0.7281025298811049,false,true
12,153,-0.44999999999999996,3.85,-0.7280926384378046,false,true
13,153,-0.4,3.85,-0.7310656951858149,false,true
14,153,-0.35,3.85,-0.7357673530344907,false,true
15,153,-0.30000000000000004,3.85,-0.7362133403639123,false,true
16,153,-0.25,3.85,-0.7367078887489741,false,true
17,153,-0.19999999999999996,3.85,-0.7373877235806102,false,true
18,153,-0.15000000000000002,3.85,-0.7372893653396149,false,true
19,153,-0.09999999999999998,3.85,-0.7374100157177562,true,false
20,153,-0.050000000000000044,3.85,-0.7341699439497363,false,true
21,153,0.0,3.85,-0.7295596591414952,false,true
22,153,0.050000000000000044,3.85,-0.7283487308266218,false,true
23,153,0.10000000000000009,3.85,-0.7285400944603749,false,true
24,153,0.15000000000000013,3.85,-0.7291636535084361,false,true
25,153,0.19999999999999996,3.85,-0.7291015205576725,false,true
26,153,0.25,3.85,-0.7291857370293254,false,true
27,153,0.30000000000000004,3.85,-0.7228590370748045,false,true
28,153,0.3500000000000001,3.85,-0.7162539891060231,false,true
29,153,0.40000000000000013,3.85,-0.7136732262637355,false,true
30,153,0.44999999999999996,3.85,-0.7121465612795194,false,true
31,153,0.5,3.85,-0.7115778621112442,false,true
32,153,0.55,3.85,-0.7112686404144878,false,true
33,153,0.6000000000000001,3.85,-0.7111868630385304,false,true
34,153,0.6500000000000001,3.85,-0.7102163520832492,false,true
35,153,0.7,3.85,-0.7096237562386819,false,true
36,153,0.75,3.85,-0.7096563943779582,false,true
37,153,0.8,3.85,-0.7096428752180195,false,true
