grid_x,grid_y,local_x_m,local_y_m,dh_dx,dh_dy
0,0,-1.2000000000000002,-0.65,-0.023563223539584954,0.016988950412538673
1,0,-1.1500000000000001,-0.65,-0.02953455735469221,0.019311749531154
2,0,-1.1,-0.65,-0.038932826992987696,0.022270269972937407
3,0,-1.0500000000000003,-0.65,-0.04021846568847548,0.02360673962467197
4,0,-1.0000000000000002,-0.65,-0.03192776918933854,0.021034999983974567
5,0,-0.9500000000000002,-0.65,-0.01939663415954543,0.015155692887495187
6,0,-0.9000000000000001,-0.65,-0.007573867540706797,0.008698219779667282
7,0,-0.8500000000000001,-0.65,0.004610471631191354,0.0030303254376551347
8,0,-0.8000000000000002,-0.65,0.021989467366412274,-0.00355875181737908
9,0,-0.7500000000000002,-0.65,0.04499990742720783,-0.013858585332736095
10,0,-0.7000000000000002,-0.65,0.06422238101097391,-0.027288794859266496
11,0,-0.6500000000000001,-0.65,0.06737566423353894,-0.038410680624242355
12,0,-0.6000000000000001,-0.65,0.050863129542590146,-0.042091099729357206
13,0,-0.5500000000000002,-0.65,0.01684069907922664,-0.038319736634074564
14,0,-0.5000000000000001,-0.65,-0.03916691490206112,-0.030073359270266775
15,0,-0.4500000000000002,-0.65,-0.1223974854281061,-0.020005557276685515
16,0,-0.40000000000000013,-0.65,-0.21407484285115247,-0.01099364116501328
17,0,-0.3500000000000001,-0.65,-0.27095370179530487,-0.00525669822226002
18,0,-0.30000000000000016,-0.65,-0.26625969000151944,-0.001981295690682283
19,0,-0.2500000000000001,-0.65,-0.2165854738181268,0.0011197631196235847
20,0,-0.20000000000000018,-0.65,-0.1571355115703101,0.005155750425651848
21,0,-0.15000000000000013,-0.65,-0.10769682518895621,0.00943683209182946
22,0,-0.10000000000000009,-0.65,-0.0683507933932209,0.011861697343696753
23,0,-0.050000000000000044,-0.65,-0.0339923582575354,0.009950671604183345
24,0,0.0,-0.65,-0.008626811346076393,0.0028336234897045204
25,0,0.04999999999999982,-0.65,-0.004184587503879562,-0.005696574958290309
26,0,0.09999999999999987,-0.65,-0.01967899975270253,-0.008191273354448107
27,0,0.1499999999999999,-0.65,-0.033488201064773786,-0.0017195904785164957
28,0,0.19999999999999996,-0.65,-0.027714332212667732,0.009182617499739086
29,0,0.25,-0.65,-0.0027746082623044885,0.0203928646971118
30,0,0.2999999999999998,-0.65,0.035699567842814806,0.031204991411926848
31,0,0.34999999999999987,-0.65,0.07998524835141671,0.03884242705642138
32,0,0.3999999999999999,-0.65,0.10951180096542001,0.039015660484056185
33,0,0.44999999999999996,-0.65,0.10338285313701508,0.03246775374005636
34,0,0.5,-0.65,0.06844878526393626,0.02434475361888573
35,0,0.5499999999999998,-0.65,0.03289331082455195,0.01794545802678668
36,0,0.5999999999999999,-0.65,0.013634772263910466,0.013339293225609547
37,0,0.6499999999999999,-0.65,0.007692188925098736,0.009812132426098713
38,0,0.7,-0.65,0.006545534709883859,0.007042955909147761
39,0,0.75,-0.65,0.0056247850479343095,0.004923381167604088
40,0,0.7999999999999998,-0.65,0.004981525384151475,0.0033932621153513753
0,1,-1.2000000000000002,-0.6,-0.021240424420969628,0.0188414773651481
1,1,-1.1500000000000001,-0.6,-0.026893897574492842,0.021643606797576154
2,1,-1.1,-0.6,-0.03678533194622871,0.02533081616123617
3,1,-1.0500000000000003,-0.6,-0.0408361006829569,0.027678826563281994
4,1,-1.0000000000000002,-0.6,-0.03615329255792693,0.02598767403444807
5,1,-0.9500000000000002,-0.6,-0.02556502426169907,0.020176096722233222
6,1,-0.9000000000000001,-0.6,-0.013636551265626823,0.012819084676048698
7,1,-0.8500000000000001,-0.6,-0.001518014167331827,0.005871562450665557
8,1,-0.8000000000000002,-0.6,0.01354501198121666,-0.0017502790551808534
9,1,-0.7500000000000002,-0.6,0.03313488590626412,-0.012922477686930361
10,1,-0.7000000000000002,-0.6,0.05194633336522078,-0.02787501317729063
11,1,-0.6500000000000001,-0.6,0.059974511798493585,-0.04174963329474146
12,1,-0.6000000000000001,-0.6,0.05090860153767404,-0.04883012255568864
13,1,-0.5500000000000002,-0.6,0.022849569308771855,-0.04794270555940519
14,1,-0.5000000000000001,-0.6,-0.030009825223366593,-0.04143308867471801
15,1,-0.4500000000000002,-0.6,-0.11285762637547936,-0.0315938706227821
16,1,-0.40000000000000013,-0.6,-0.20670041332393974,-0.020766820780730513
17,1,-0.3500000000000001,-0.6,-0.26644752905813934,-0.011488593406527026
18,1,-0.30000000000000016,-0.6,-0.26307145933057763,-0.004358092149610929
19,1,-0.2500000000000001,-0.6,-0.21301695075995972,0.0019056492253692256
20,1,-0.20000000000000018,-0.6,-0.15297697708420718,0.008180128514128499
21,1,-0.15000000000000013,-0.6,-0.10434385172993377,0.013711445139675503
22,1,-0.10000000000000009,-0.6,-0.06809387363704396,0.016590573863529846
23,1,-0.050000000000000044,-0.6,-0.03850639518453152,0.014742401243032095
24,1,0.0,-0.6,-0.01645043462731322,0.007528353034888351
25,1,0.04999999999999982,-0.6,-0.009697035925955876,-0.0011727606909460431
26,1,0.09999999999999987,-0.6,-0.017690507512815624,-0.0036796948170928507
27,1,0.1499999999999999,-0.6,-0.024801255637680188,0.0032490243351673137
28,1,0.19999999999999996,-0.6,-0.016658104624853586,0.015270642253943542
29,1,0.25,-0.6,0.008236578693789392,0.028440206383415823
30,1,0.2999999999999998,-0.6,0.04492434902246959,0.04192419587028134
31,1,0.34999999999999987,-0.6,0.08389058288748137,0.05159991187656759
32,1,0.3999999999999999,-0.6,0.10632446430723749,0.05118467938392089
33,1,0.44999999999999996,-0.6,0.09604739970442985,0.04130904447990106
34,1,0.5,-0.6,0.06118763740730143,0.029301920757618984
35,1,0.5499999999999998,-0.6,0.027390580627913858,0.020290399937586134
36,1,0.5999999999999999,-0.6,0.009568109463566482,0.014444142871596205
37,1,0.6499999999999999,-0.6,0.004544020266867843,0.010414638604592137
38,1,0.7,-0.6,0.004101159080636546,0.007437946704520748
39,1,0.75,-0.6,0.003799938151036117,0.005234793766085467
40,1,0.7999999999999998,-0.6,0.0034514063318987626,0.003683467481394795
0,2,-1.2000000000000002,-0.55,-0.01795896467472885,0.020295859099881408
1,2,-1.1500000000000001,-0.55,-0.02304521855860414,0.0240645550240276
2,2,-1.1,-0.55,-0.032897607227281855,0.02916990807078329
3,2,-1.0500000000000003,-0.55,-0.03956160781526358,0.033709858618067856
4,2,-1.0000000000000002,-0.55,-0.03943049903038731,0.034578341910315724
5,2,-0.9500000000000002,-0.55,-0.0325652235179448,0.030278350182574992
6,2,-0.9000000000000001,-0.55,-0.02187840181227446,0.022373628345063873
7,2,-0.8500000000000001,-0.55,-0.009958892100038197,0.013472698807861089
8,2,-0.8000000000000002,-0.55,0.0031954272288163554,0.004092804651071175
9,2,-0.7500000000000002,-0.55,0.018875173305098053,-0.007985252312630448
10,2,-0.7000000000000002,-0.55,0.03539522540316281,-0.024347666216454622
11,2,-0.6500000000000001,-0.55,0.04642055485514093,-0.042188630273252564
12,2,-0.6000000000000001,-0.55,0.04467005727792642,-0.055874553741595695
13,2,-0.5500000000000002,-0.55,0.024237732960197267,-0.062148149460330565
14,2,-0.5000000000000001,-0.55,-0.022818079965438026,-0.06126107822585783
15,2,-0.4500000000000002,-0.55,-0.10173121753411861,-0.0538277933109127
16,2,-0.40000000000000013,-0.55,-0.1939695656348974,-0.04050135509263711
17,2,-0.3500000000000001,-0.55,-0.2545449731641853,-0.024353377667473766
18,2,-0.30000000000000016,-0.55,-0.2528654473696232,-0.009332248516057406
19,2,-0.2500000000000001,-0.55,-0.20404725315438735,0.0032297536081713277
20,2,-0.20000000000000018,-0.55,-0.14532971565600386,0.013612373069264508
21,2,-0.15000000000000013,-0.55,-0.09928637983955486,0.021129986782929284
22,2,-0.10000000000000009,-0.55,-0.0673198372898643,0.024521091658111945
23,2,-0.050000000000000044,-0.55,-0.0430545790861769,0.022831907192040098
24,2,0.0,-0.55,-0.024541973280054533,0.01609663988260378
25,2,0.04999999999999982,-0.55,-0.015392635355860763,0.007946805301036418
26,2,0.09999999999999987,-0.55,-0.015257214726589174,0.005496884769818924
27,2,0.1499999999999999,-0.55,-0.014537863993737393,0.01210068471332325
28,2,0.19999999999999996,-0.55,-0.002523150164419225,0.024211016514367033
29,2,0.25,-0.55,0.0238789453540333,0.0384941884563355
30,2,0.2999999999999998,-0.55,0.05885927333596658,0.053932051219922526
31,2,0.34999999999999987,-0.55,0.08924573186505626,0.06490765574031954
32,2,0.3999999999999999,-0.55,0.09922093356875349,0.06294293213164816
33,2,0.44999999999999996,-0.55,0.08150009451071316,0.04860007444607194
34,2,0.5,-0.55,0.04743014072162134,0.031977550968215265
35,2,0.5499999999999998,-0.55,0.01803553293852917,0.020434132769206574
36,2,0.5999999999999999,-0.55,0.003759010930916469,0.013967020269371432
37,2,0.6499999999999999,-0.55,0.0006859927580232794,0.01013671124286155
38,2,0.7,-0.55,0.001365689871377189,0.007505342532395133
39,2,0.75,-0.55,0.0018703058248083562,0.005601926921619919
40,2,0.7999999999999998,-0.55,0.00187887281477013,0.0042852533621509994
0,3,-1.2000000000000002,-0.5,-0.013703032572677243,0.01741869915234895
1,3,-1.1500000000000001,-0.5,-0.01801984860359096,0.02178908192827192
2,3,-1.1,-0.5,-0.027140028352188456,0.02785447475706082
3,3,-1.0500000000000003,-0.5,-0.035427666843424466,0.03435052688903095
4,3,-1.0000000000000002,-0.5,-0.039584800993419794,0.038576534420938224
5,3,-0.9500000000000002,-0.5,-0.03776973782695092,0.03807312656841075
6,3,-0.9000000000000001,-0.5,-0.030442202640340726,0.03252938819698459
7,3,-0.8500000000000001,-0.5,-0.019798837861324525,0.023811670438540905
8,3,-0.8000000000000002,-0.5,-0.007912939139274877,0.013821197646341626
9,3,-0.7500000000000002,-0.5,0.0046944150387383254,0.0023042893153675525
10,3,-0.7000000000000002,-0.5,0.017742955404598665,-0.012391155140739768
11,3,-0.6500000000000001,-0.5,0.028447624273352512,-0.03007160414280244
12,3,-0.6000000000000001,-0.5,0.03094908235059604,-0.04737534705661975
13,3,-0.5500000000000002,-0.5,0.01746304482450972,-0.06042201966638974
14,3,-0.5000000000000001,-0.5,-0.021689469073948725,-0.06691465098104463
15,3,-0.4500000000000002,-0.5,-0.09209790324225864,-0.06474803220646488
16,3,-0.40000000000000013,-0.5,-0.1772259976805008,-0.05227502901504491
17,3,-0.3500000000000001,-0.5,-0.23527842248155967,-0.03254117772885631
18,3,-0.30000000000000016,-0.5,-0.23548832805493256,-0.012452926344242651
19,3,-0.2500000000000001,-0.5,-0.1900723291746378,0.003916911630590485
20,3,-0.20000000000000018,-0.5,-0.13507674390944924,0.016212939690747746
21,3,-0.15000000000000013,-0.5,-0.09343513314108633,0.02412086190189785
22,3,-0.10000000000000009,-0.5,-0.06639195322793313,0.02716827504209039
23,3,-0.050000000000000044,-0.5,-0.04693084696003968,0.02555517640330674
24,3,0.0,-0.5,-0.0313355365183169,0.020075569194078647
25,3,0.04999999999999982,-0.5,-0.020296791038740738,0.0135614672085819
26,3,0.09999999999999987,-0.5,-0.013536628100528794,0.011142756349351357
27,3,0.1499999999999999,-0.5,-0.006087123893132081,0.015464148045662573
28,3,0.19999999999999996,-0.5,0.009735399118158667,0.024033083443357618
29,3,0.25,-0.5,0.037957613399344885,0.033857461148630766
30,3,0.2999999999999998,-0.5,0.07133781630645364,0.043523343172597026
31,3,0.34999999999999987,-0.5,0.09290146379920701,0.04905675363115925
32,3,0.3999999999999999,-0.5,0.09001688301298989,0.04490452832350619
33,3,0.44999999999999996,-0.5,0.06508201854099695,0.032300431987849314
34,3,0.5,-0.5,0.03302169573043606,0.019592233249243196
35,3,0.5499999999999998,-0.5,0.009380049929070024,0.012247990171331963
36,3,0.5999999999999999,-0.5,-0.0007293120627785421,0.009262803092332413
37,3,0.6499999999999999,-0.5,-0.0019176574701084553,0.007936764937463876
38,3,0.7,-0.5,-0.00043362524060508445,0.006943171094800499
39,3,0.75,-0.5,0.0005798489807919832,0.006068910411303752
40,3,0.7999999999999998,-0.5,0.0008180592129609227,0.005395223961565179
0,4,-1.2000000000000002,-0.45,-0.009218199122882909,0.013006190445950666
1,4,-1.1500000000000001,-0.45,-0.01260944295389227,0.01673460819245895
2,4,-1.1,-0.45,-0.020336162266522823,0.02245638593716584
3,4,-1.0500000000000003,-0.45,-0.028839548151386174,0.029622458644072286
4,4,-1.0000000000000002,-0.45,-0.035707899351007516,0.03634925897256794
5,4,-0.9500000000000002,-0.45,-0.03861236974189844,0.04014821323776521
6,4,-0.9000000000000001,-0.45,-0.036139857942144304,0.03924164365044766
7,4,-0.8500000000000001,-0.45,-0.028667082650681158,0.033669815511764706
8,4,-0.8000000000000002,-0.45,-0.018311953894356997,0.025135020215429904
9,4,-0.7500000000000002,-0.45,-0.007337179481983341,0.015177243515861888
10,4,-0.7000000000000002,-0.45,0.00301933194499282,0.0037177286300449364
11,4,-0.6500000000000001,-0.45,0.011436362939260952,-0.00999834626286944
12,4,-0.6000000000000001,-0.45,0.014319641754339113,-0.025256884167173532
13,4,-0.5500000000000002,-0.45,0.004698429035772389,-0.0396061706656467
14,4,-0.5000000000000001,-0.45,-0.027144092505513168,-0.050028061847274125
15,4,-0.4500000000000002,-0.45,-0.08709159556811889,-0.0529222367914127
16,4,-0.40000000000000013,-0.45,-0.16176271115728882,-0.04510340289369877
17,4,-0.3500000000000001,-0.45,-0.21472287049338304,-0.028485045065474238
18,4,-0.30000000000000016,-0.45,-0.2164073580101764,-0.010248464417966716
19,4,-0.2500000000000001,-0.45,-0.17538138711939696,0.004487066688675344
20,4,-0.20000000000000018,-0.45,-0.1251257653846965,0.015098397471448206
21,4,-0.15000000000000013,-0.45,-0.08833104448821222,0.02164787275472464
22,4,-0.10000000000000009,-0.45,-0.06588552278845541,0.02389605636059099
23,4,-0.050000000000000044,-0.45,-0.05014728493418864,0.02227722648772857
24,4,0.0,-0.45,-0.03653568247477937,0.017874238573986175
25,4,0.04999999999999982,-0.45,-0.02432544820058805,0.012825300731538892
26,4,0.09999999999999987,-0.45,-0.013354533889508502,0.010407018567087407
27,4,0.1499999999999999,-0.45,-0.0016475368997311327,0.01240209050804722
28,4,0.19999999999999996,-0.45,0.015870162938548964,0.01689967423194709
29,4,0.25,-0.45,0.04336920508327271,0.020194139278836083
30,4,0.2999999999999998,-0.45,0.07405856581849506,0.019696332124677213
31,4,0.34999999999999987,-0.45,0.09062691701596544,0.015213943128933646
32,4,0.3999999999999999,-0.45,0.08246461192544353,0.008614303209910443
33,4,0.44999999999999996,-0.45,0.05618779943645017,0.0029873832748803647
34,4,0.5,-0.45,0.02737769890510399,0.001027577468917587
35,4,0.5499999999999998,-0.45,0.0077061027816183875,0.0025363219742708526
36,4,0.5999999999999999,-0.45,-0.0005522143029516174,0.005087745305668613
37,4,0.6499999999999999,-0.45,-0.0016336392395086344,0.006927828465281664
38,4,0.7,-0.45,-0.0005021646547829356,0.007762154019734235
39,4,0.75,-0.45,0.0003223586915730367,0.007997150150763771
40,4,0.7999999999999998,-0.45,0.000531499915292985,0.008023000726666077
0,5,-1.2000000000000002,-0.4,-0.006246197079660676,0.013137779982255321
1,5,-1.1500000000000001,-0.4,-0.008569653112375786,0.014090617561024615
2,5,-1.1,-0.4,-0.01425217790057512,0.017178885756337497
3,5,-1.0500000000000003,-0.4,-0.021534793808022368,0.022821991579499573
4,5,-1.0000000000000002,-0.4,-0.029059046399726868,0.02998266306236619
5,5,-0.9500000000000002,-0.4,-0.0348773531490712,0.03651471694516836
6,5,-0.9000000000000001,-0.4,-0.03692060036634123,0.04013614531078902
7,5,-0.8500000000000001,-0.4,-0.03390546129634228,0.03937669873306571
8,5,-0.8000000000000002,-0.4,-0.026405511135177695,0.0344369979273329
9,5,-0.7500000000000002,-0.4,-0.016722876546646642,0.02695634004480224
10,5,-0.7000000000000002,-0.4,-0.007432634374132663,0.018470556616262956
11,5,-0.6500000000000001,-0.4,-0.0005269885238659566,0.009309271884888892
12,5,-0.6000000000000001,-0.4,0.0013412579478187803,-0.0006574371114892452
13,5,-0.5500000000000002,-0.4,-0.007308132855590871,-0.010831416749375322
14,5,-0.5000000000000001,-0.4,-0.03500553519971472,-0.01971142314134755
15,5,-0.4500000000000002,-0.4,-0.08717324428868328,-0.024727457713514117
16,5,-0.40000000000000013,-0.4,-0.15278880595456235,-0.022699340467241744
17,5,-0.3500000000000001,-0.4,-0.20042348400582763,-0.013684838078657086
18,5,-0.30000000000000016,-0.4,-0.20251621630078298,-0.0026304571658055526
19,5,-0.2500000000000001,-0.4,-0.1647254672852229,0.00625593615164885
20,5,-0.20000000000000018,-0.4,-0.11791593784339995,0.01272619544034799
21,5,-0.15000000000000013,-0.4,-0.08463747425194354,0.01715040786916743
22,5,-0.10000000000000009,-0.4,-0.0657625994949292,0.018863353701322125
23,5,-0.050000000000000044,-0.4,-0.0529526647466445,0.017533612042438564
24,5,0.0,-0.4,-0.04078746227450658,0.01390716289119227
25,5,0.04999999999999982,-0.4,-0.0277640110456395,0.009787592793889516
26,5,0.09999999999999987,-0.4,-0.013959838324020465,0.007590062783714188
27,5,0.1499999999999999,-0.4,0.0004055317717276,0.008701472668502137
28,5,0.19999999999999996,-0.4,0.017527447888947528,0.011644628094539899
29,5,0.25,-0.4,0.040754271292075005,0.011970142007926713
30,5,0.2999999999999998,-0.4,0.0663576201565512,0.0054693604763866605
31,5,0.34999999999999987,-0.4,0.08181943488444025,-0.005870008538572877
32,5,0.3999999999999999,-0.4,0.07779032315893661,-0.014036888516117865
33,5,0.44999999999999996,-0.4,0.057495292800004094,-0.013723791744694666
34,5,0.5,-0.4,0.03257063442982655,-0.007027281412922068
35,5,0.5499999999999998,-0.4,0.01344021776582105,0.0007754996593930738
36,5,0.5999999999999999,-0.4,0.0036621944282322696,0.006479385465461528
37,5,0.6499999999999999,-0.4,0.0007567512439571669,0.009793390908278722
38,5,0.7,-0.4,0.0006356964448770222,0.011573244217952354
39,5,0.75,-0.4,0.0008406956877238247,0.012627924999624243
40,5,0.7999999999999998,-0.4,0.0008697603647655344,0.013368345678492974
0,6,-1.2000000000000002,-0.35,-0.00731252396534432,0.023495732335805097
1,6,-1.1500000000000001,-0.35,-0.008568337179810093,0.019327649994435175
2,6,-1.1,-0.35,-0.011604788248047865,0.016848020984316647
3,6,-1.0500000000000003,-0.35,-0.016035770845357483,0.017973805972202606
4,6,-1.0000000000000002,-0.35,-0.022015173985338726,0.02287599258294956
5,6,-0.9500000000000002,-0.35,-0.02845888749347561,0.029691904622891896
6,6,-0.9000000000000001,-0.35,-0.03327787615424696,0.035903026469144145
7,6,-0.8500000000000001,-0.35,-0.034366230034137274,0.03934510690337817
8,6,-0.8000000000000002,-0.35,-0.030732312582620464,0.03884597694358505
9,6,-0.7500000000000002,-0.35,-0.023303620793053287,0.034813321456948765
10,6,-0.7000000000000002,-0.35,-0.014627736214920528,0.028908984477469396
11,6,-0.6500000000000001,-0.35,-0.007691630788491249,0.022741670686810822
12,6,-0.6000000000000001,-0.35,-0.005821046879925101,0.017032485315804508
13,6,-0.5500000000000002,-0.35,-0.014355556994085916,0.011790921327646947
14,6,-0.5000000000000001,-0.35,-0.04104013346965196,0.006779286399293677
15,6,-0.4500000000000002,-0.35,-0.09007951289401309,0.0025452710796029787
16,6,-0.40000000000000013,-0.35,-0.1507200915224318,0.001296227838928285
17,6,-0.3500000000000001,-0.35,-0.19465398719194685,0.004072782863796323
18,6,-0.30000000000000016,-0.35,-0.19646658377987047,0.00789259119372887
19,6,-0.2500000000000001,-0.35,-0.16002473451324342,0.00994424823071445
20,6,-0.20000000000000018,-0.35,-0.11423129366717792,0.011256118014496379
21,6,-0.15000000000000013,-0.35,-0.08219388622723808,0.013102438586698566
22,6,-0.10000000000000009,-0.35,-0.06550231861518427,0.01442876897107202
23,6,-0.050000000000000044,-0.35,-0.055103475744318495,0.013807394143596566
24,6,0.0,-0.35,-0.04428170172332842,0.011179650575318502
25,6,0.04999999999999982,-0.35,-0.030642548308066134,0.007862577044148491
26,6,0.09999999999999987,-0.35,-0.01444065401489588,0.0057911625119088685
27,6,0.1499999999999999,-0.35,0.002407028411094579,0.0064023825258227715
28,6,0.19999999999999996,-0.35,0.01913883227797354,0.009283215780896427
29,6,0.25,-0.35,0.037193937465119474,0.010813734501841048
30,6,0.2999999999999998,-0.35,0.056218415271995476,0.006088733923530019
31,6,0.34999999999999987,-0.35,0.07112066802346091,-0.003973791395733388
32,6,0.3999999999999999,-0.35,0.07461082871932175,-0.010921144375793442
33,6,0.44999999999999996,-0.35,0.06319740653964596,-0.008678877331552495
34,6,0.5,-0.35,0.04187699030919173,-0.0002466730805863321
35,6,0.5499999999999998,-0.35,0.021212769660001983,0.008020900265768051
36,6,0.5999999999999999,-0.35,0.00846567694593403,0.013360855997510863
37,6,0.6499999999999999,-0.35,0.003460219512982192,0.01653023047955733
38,6,0.7,-0.35,0.0023323694365625855,0.018918266173946277
39,6,0.75,-0.35,0.0021174601521136566,0.021190476043493923
40,6,0.7999999999999998,-0.35,0.0020123412730304463,0.023311487108340738
0,7,-1.2000000000000002,-0.3,-0.01458236176240052,0.04420503945786247
1,7,-1.1500000000000001,-0.3,-0.015217364463864236,0.0344925311534193
2,7,-1.1,-0.3,-0.015606021922807689,0.024803782663155582
3,7,-1.0500000000000003,-0.3,-0.015506822209389454,0.018655222721071923
4,7,-1.0000000000000002,-0.3,-0.017340947749037577,0.01825195936627763
5,7,-0.9500000000000002,-0.3,-0.021850319262876616,0.02262726570954554
6,7,-0.9000000000000001,-0.3,-0.02726739808585496,0.02901634893898039
7,7,-0.8500000000000001,-0.3,-0.03096251082190138,0.03471206689827602
8,7,-0.8000000000000002,-0.3,-0.0309372965816071,0.03775479746475657
9,7,-0.7500000000000002,-0.3,-0.026659869012762294,0.03733401839108613
10,7,-0.7000000000000002,-0.3,-0.019504285144270606,0.03408059827616258
11,7,-0.6500000000000001,-0.3,-0.012403487685530845,0.029635920837070562
12,7,-0.6000000000000001,-0.3,-0.009609491411345095,0.025577781347792816
13,7,-0.5500000000000002,-0.3,-0.0175613317721017,0.02252506805232632
14,7,-0.5000000000000001,-0.3,-0.04425118544775869,0.02004793111425804
15,7,-0.4500000000000002,-0.3,-0.09265630284904867,0.01797804040034226
16,7,-0.40000000000000013,-0.3,-0.151261294170369,0.017640762420944242
17,7,-0.3500000000000001,-0.3,-0.19382712065102703,0.019243879851929477
18,7,-0.30000000000000016,-0.3,-0.19664475093386485,0.01916986537677058
19,7,-0.2500000000000001,-0.3,-0.16136194046445537,0.015113437416228066
20,7,-0.20000000000000018,-0.3,-0.11475774748741584,0.010420041680800525
21,7,-0.15000000000000013,-0.3,-0.0814648232953679,0.008595912052815624
22,7,-0.10000000000000009,-0.3,-0.0650576439380312,0.008901421855045076
23,7,-0.050000000000000044,-0.3,-0.056201783142398015,0.009002011971511077
24,7,0.0,-0.3,-0.046732279373954654,0.007787415901198309
25,7,0.04999999999999982,-0.3,-0.03315249910904913,0.00558194319787258
26,7,0.09999999999999987,-0.3,-0.015420032842346186,0.003489560242971382
27,7,0.1499999999999999,-0.3,0.003897585040715159,0.0029419003758951586
28,7,0.19999999999999996,-0.3,0.021938799864965806,0.004912229983257306
29,7,0.25,-0.3,0.0375597894347086,0.008058338138046475
30,7,0.2999999999999998,-0.3,0.05157009425897676,0.008651728268464984
31,7,0.34999999999999987,-0.3,0.06480955658511679,0.005472985484929974
32,7,0.3999999999999999,-0.3,0.07308523722311751,0.0030684454956377352
33,7,0.44999999999999996,-0.3,0.06816976409521121,0.0059986965762281325
34,7,0.5,-0.3,0.0492704120271471,0.012744428042388567
35,7,0.5499999999999998,-0.3,0.027047746843918245,0.01896643961255974
36,7,0.5999999999999999,-0.3,0.01217152464202155,0.023084517056836153
37,7,0.6499999999999999,-0.3,0.0063141614203925805,0.02638070350263269
38,7,0.7,-0.3,0.005295942008813614,0.03033020219546819
39,7,0.75,-0.3,0.005233916622118286,0.035085681978779225
40,7,0.7999999999999998,-0.3,0.005111782494459163,0.039785728123525425
0,8,-1.2000000000000002,-0.25,-0.026737540574230667,0.06562555362095282
1,8,-1.1500000000000001,-0.25,-0.027969593974516982,0.054372512799976264
2,8,-1.1,-0.25,-0.02744209668039524,0.040232241188767615
3,8,-1.0500000000000003,-0.25,-0.022587594142235434,0.02697742979713369
4,8,-1.0000000000000002,-0.25,-0.01804313099686511,0.019125630030094876
5,8,-0.9500000000000002,-0.25,-0.01769449792077285,0.018167011437526387
6,8,-0.9000000000000001,-0.25,-0.02119307496551648,0.022164222045978066
7,8,-0.8500000000000001,-0.25,-0.02562778150836109,0.027965934560761768
8,8,-0.8000000000000002,-0.25,-0.028110361089810354,0.03284878434175881
9,8,-0.7500000000000002,-0.25,-0.026977819981647277,0.03513461448608271
10,8,-0.7000000000000002,-0.25,-0.0223258337689361,0.03438469801833155
11,8,-0.6500000000000001,-0.25,-0.016194447716861016,0.03139324772210031
12,8,-0.6000000000000001,-0.25,-0.012931899664669344,0.02767835936522786
13,8,-0.5500000000000002,-0.25,-0.019885407227620694,0.024591357174442302
14,8,-0.5000000000000001,-0.25,-0.04558716112163602,0.022825769277479008
15,8,-0.4500000000000002,-0.25,-0.09248668158732688,0.02312750573385189
16,8,-0.40000000000000013,-0.25,-0.1494542520708446,0.026368523271892014
17,8,-0.3500000000000001,-0.25,-0.1931248842361205,0.030448227204964845
18,8,-0.30000000000000016,-0.25,-0.20059702621557188,0.029149120789374247
19,8,-0.2500000000000001,-0.25,-0.16877455820921347,0.019943148840069064
20,8,-0.20000000000000018,-0.25,-0.12074881903059036,0.0089032989995615
21,8,-0.15000000000000013,-0.25,-0.08371250605299353,0.002451027833474638
22,8,-0.10000000000000009,-0.25,-0.06509621869648882,0.0007803834187283462
23,8,-0.050000000000000044,-0.25,-0.05621748169816526,0.0011069951147081591
24,8,0.0,-0.25,-0.047701770496966917,0.0014670020447938095
25,8,0.04999999999999982,-0.25,-0.03494040396629306,0.001141790392306663
26,8,0.09999999999999987,-0.25,-0.017080696836873303,0.0001443430977322857
27,8,0.1499999999999999,-0.25,0.003829698151380503,-0.0007184177078468608
28,8,0.19999999999999996,-0.25,0.024255270040124857,-7.377747669227996e-05
29,8,0.25,-0.25,0.04093343575032715,0.0027062242423077972
30,8,0.2999999999999998,-0.25,0.05363306261887897,0.006429673215078667
31,8,0.34999999999999987,-0.25,0.06553738525063367,0.009551153893944397
32,8,0.3999999999999999,-0.25,0.0751365398106199,0.012780821500812597
33,8,0.44999999999999996,-0.25,0.07287338908639679,0.017982440561555152
34,8,0.5,-0.25,0.05484473334552334,0.024601057463454375
35,8,0.5499999999999998,-0.25,0.03155285867444957,0.030312001518746252
36,8,0.5999999999999999,-0.25,0.01587994083600698,0.034579506203344934
37,8,0.6499999999999999,-0.25,0.01070590465161423,0.03916769136314342
38,8,0.7,-0.25,0.01103734791270912,0.04558662389518398
39,8,0.75,-0.25,0.011572986080170891,0.05328422838748827
40,8,0.7999999999999998,-0.25,0.011412433562522847,0.06052965907909765
0,9,-1.2000000000000002,-0.2,-0.03708844340435363,0.07363761466747026
1,9,-1.1500000000000001,-0.2,-0.04061067689604944,0.0678268773311852
2,9,-1.1,-0.2,-0.04300110492565026,0.056671518188811804
3,9,-1.0500000000000003,-0.2,-0.03661343336806219,0.04149251408608723
4,9,-1.0000000000000002,-0.2,-0.02615136610864488,0.02735753257204751
5,9,-0.9500000000000002,-0.2,-0.018811727246993426,0.01915305528116626
6,9,-0.9000000000000001,-0.2,-0.01746847496261958,0.017959160631705884
7,9,-0.8500000000000001,-0.2,-0.020277948526120637,0.021519914090715464
8,9,-0.8000000000000002,-0.2,-0.023768616656286157,0.026525199800793015
9,9,-0.7500000000000002,-0.2,-0.025123955336189552,0.030325138196231616
10,9,-0.7000000000000002,-0.2,-0.023245651908253007,0.03155530043733812
11,9,-0.6500000000000001,-0.2,-0.019109826338634534,0.030150091308650817
12,9,-0.6000000000000001,-0.2,-0.016411381959003102,0.027080304602041527
13,9,-0.5500000000000002,-0.2,-0.022413921859850555,0.02391460723401323
14,9,-0.5000000000000001,-0.2,-0.0457150368883491,0.02242624480995256
15,9,-0.4500000000000002,-0.2,-0.08911354885463567,0.024503524572271063
16,9,-0.40000000000000013,-0.2,-0.14394057269925603,0.030674014158837068
17,9,-0.3500000000000001,-0.2,-0.1910465231335448,0.03670270015011946
18,9,-0.30000000000000016,-0.2,-0.20714982929876063,0.03449577340152915
19,9,-0.2500000000000001,-0.2,-0.1816077622542681,0.021714470778006097
20,9,-0.20000000000000018,-0.2,-0.13224986849401024,0.006085913986086169
21,9,-0.15000000000000013,-0.2,-0.08958773887620106,-0.004349348089530188
22,9,-0.10000000000000009,-0.2,-0.06640167665679768,-0.008429097005895544
23,9,-0.050000000000000044,-0.2,-0.05551516451633255,-0.008578935835372118
24,9,0.0,-0.2,-0.04669748409635615,-0.006883742969820547
25,9,0.04999999999999982,-0.2,-0.03447515805611066,-0.004576841746927341
26,9,0.09999999999999987,-0.2,-0.01728024094249971,-0.0025681215826734534
27,9,0.1499999999999999,-0.2,0.0036794644662905933,-0.0013090474355378781
28,9,0.19999999999999996,-0.2,0.025363441815120465,-0.00048184088950813456
29,9,0.25,-0.2,0.04406324012647955,0.00100455375595946
30,9,0.2999999999999998,-0.2,0.05841502391061336,0.004384781013962733
31,9,0.34999999999999987,-0.2,0.07116070487085072,0.009950207282769918
32,9,0.3999999999999999,-0.2,0.08151652389072826,0.017171808846483585
33,9,0.44999999999999996,-0.2,0.07999000005785298,0.02568408306294328
34,9,0.5,-0.2,0.0615999729843382,0.034448850091105994
35,9,0.5499999999999998,-0.2,0.037026195583808805,0.0416415661685407
36,9,0.5999999999999999,-0.2,0.02102721448641872,0.047193960785988504
37,9,0.6499999999999999,-0.2,0.01732127911223163,0.053216239889598456
38,9,0.7,-0.2,0.01941247903315846,0.060932207305078694
39,9,0.75,-0.2,0.020176951806031955,0.06909090752280925
40,9,0.7999999999999998,-0.2,0.019602643877677933,0.07582590601077968
0,10,-1.2000000000000002,-0.15000000000000002,-0.0383590152468008,0.06298233264092234
1,10,-1.1500000000000001,-0.15000000000000002,-0.04493569045317544,0.06651893704503711
2,10,-1.1,-0.15000000000000002,-0.05377645992549321,0.0652658719079352
3,10,-1.0500000000000003,-0.15000000000000002,-0.05190157975899973,0.05629153214716062
4,10,-1.0000000000000002,-0.15000000000000002,-0.04038258980178608,0.0415795430308101
5,10,-0.9500000000000002,-0.15000000000000002,-0.027092869861114477,0.02744540000048909
6,10,-0.9000000000000001,-0.15000000000000002,-0.018826216155967274,0.019164348655480862
7,10,-0.8500000000000001,-0.15000000000000002,-0.01706174233927396,0.01774074498707201
8,10,-0.8000000000000002,-0.15000000000000002,-0.019305136984294202,0.020767443889803394
9,10,-0.7500000000000002,-0.15000000000000002,-0.021947719345102173,0.024867669314902474
10,10,-0.7000000000000002,-0.15000000000000002,-0.022500880656516897,0.027533029051438618
11,10,-0.6500000000000001,-0.15000000000000002,-0.020669443552157607,0.027769966116368144
12,10,-0.6000000000000001,-0.15000000000000002,-0.01916738373930693,0.025926733282565506
13,10,-0.5500000000000002,-0.15000000000000002,-0.02453946701970966,0.02331981763985358
14,10,-0.5000000000000001,-0.15000000000000002,-0.04499824378337819,0.022015367988134776
15,10,-0.4500000000000002,-0.15000000000000002,-0.08423891223844238,0.024378203918130475
16,10,-0.40000000000000013,-0.15000000000000002,-0.13725507649299618,0.030705176734254838
17,10,-0.3500000000000001,-0.15000000000000002,-0.1893031249934284,0.036059769530227964
18,10,-0.30000000000000016,-0.15000000000000002,-0.21558525558768526,0.032721647723076355
19,10,-0.2500000000000001,-0.15000000000000002,-0.19718441762465644,0.0192096250114554
20,10,-0.20000000000000018,-0.15000000000000002,-0.14681263789812665,0.002689326562357701
21,10,-0.15000000000000013,-0.15000000000000002,-0.09822751704497525,-0.009593579306560792
22,10,-0.10000000000000009,-0.15000000000000002,-0.06932580644233075,-0.015737131215259846
23,10,-0.050000000000000044,-0.15000000000000002,-0.054672127662090265,-0.01684120229041462
24,10,0.0,-0.15000000000000002,-0.04369967640852214,-0.014323126976389057
25,10,0.04999999999999982,-0.15000000000000002,-0.030624782579145967,-0.009448409152095818
26,10,0.09999999999999987,-0.15000000000000002,-0.013812902525483839,-0.003730180377167591
27,10,0.1499999999999999,-0.15000000000000002,0.005915978844545822,0.0011216185793966977
28,10,0.19999999999999996,-0.15000000000000002,0.026568871231622194,0.003944988483682759
29,10,0.25,-0.15000000000000002,0.045800057653798014,0.005207094737780934
30,10,0.2999999999999998,-0.15000000000000002,0.06257871614568943,0.007295896508287651
31,10,0.34999999999999987,-0.15000000000000002,0.07832441308315452,0.012615660220715256
32,10,0.3999999999999999,-0.15000000000000002,0.09087041559079326,0.021328595715755135
33,10,0.44999999999999996,-0.15000000000000002,0.0901504303310192,0.03203331764433066
34,10,0.5,-0.15000000000000002,0.07080221645112075,0.04275070265102255
35,10,0.5499999999999998,-0.15000000000000002,0.04429796936933208,0.051392493299067636
36,10,0.5999999999999999,-0.15000000000000002,0.027454614557064737,0.05780892270640912
37,10,0.6499999999999999,-0.15000000000000002,0.02444415117070442,0.0636070339643022
38,10,0.7,-0.15000000000000002,0.02691201554591991,0.06912764579134201
39,10,0.75,-0.15000000000000002,0.026466684785871886,0.07311106780167022
40,10,0.7999999999999998,-0.15000000000000002,0.02488243053846373,0.07495215810953286
0,11,-1.2000000000000002,-0.09999999999999998,-0.030015234596124096,0.04177319598065207
1,11,-1.1500000000000001,-0.09999999999999998,-0.038327137629036584,0.05190933782553392
2,11,-1.1,-0.09999999999999998,-0.053228509823526754,0.06108333436404212
3,11,-1.0500000000000003,-0.09999999999999998,-0.060299762245187294,0.06361193916450208
4,11,-1.0000000000000002,-0.09999999999999998,-0.05499749825531641,0.05608437840459571
5,11,-0.9500000000000002,-0.09999999999999998,-0.041226921622322665,0.04170378480890205
6,11,-0.9000000000000001,-0.09999999999999998,-0.02717312997603666,0.0276455561823144
7,11,-0.8500000000000001,-0.09999999999999998,-0.018674853291798105,0.019320382929209207
8,11,-0.8000000000000002,-0.09999999999999998,-0.016641692328455693,0.0176452488737755
9,11,-0.7500000000000002,-0.09999999999999998,-0.018358370174554328,0.020116522729312636
10,11,-0.7000000000000002,-0.09999999999999998,-0.020343355106787336,0.023366342240311866
11,11,-0.6500000000000001,-0.09999999999999998,-0.020716122107507645,0.025068620521105783
12,11,-0.6000000000000001,-0.09999999999999998,-0.020861530435517667,0.024488835034749135
13,11,-0.5500000000000002,-0.09999999999999998,-0.026325287154281285,0.02221795651415115
14,11,-0.5000000000000001,-0.09999999999999998,-0.04465665061007221,0.020072072699112986
15,11,-0.4500000000000002,-0.09999999999999998,-0.0804237401085156,0.02068450441611247
16,11,-0.40000000000000013,-0.09999999999999998,-0.13225900708715854,0.024782888843117093
17,11,-0.3500000000000001,-0.09999999999999998,-0.1890300521447233,0.02823675994111742
18,11,-0.30000000000000016,-0.09999999999999998,-0.2239999738175332,0.025008795512178467
19,11,-0.2500000000000001,-0.09999999999999998,-0.21164008341498677,0.01404007310732154
20,11,-0.20000000000000018,-0.09999999999999998,-0.16105307281202644,-5.111605553276277e-06
21,11,-0.15000000000000013,-0.09999999999999998,-0.1080141966538186,-0.01202191573050888
22,11,-0.10000000000000009,-0.09999999999999998,-0.0736492996406515,-0.019321933505013714
23,11,-0.050000000000000044,-0.09999999999999998,-0.054101160277461764,-0.02122205690485105
24,11,0.0,-0.09999999999999998,-0.039304690958037354,-0.018300177313434775
25,11,0.04999999999999982,-0.09999999999999998,-0.023882211456889194,-0.011769061475307988
26,11,0.09999999999999987,-0.09999999999999998,-0.006710213211007193,-0.0033943442868614214
27,11,0.1499999999999999,-0.09999999999999998,0.011354633327140942,0.004479031843934948
28,11,0.19999999999999996,-0.09999999999999998,0.029448917973504702,0.009793613556520727
29,11,0.25,-0.09999999999999998,0.04741414815108443,0.012186993307890612
30,11,0.2999999999999998,-0.09999999999999998,0.06582358939354768,0.013885832992519553
31,11,0.34999999999999987,-0.09999999999999998,0.0851934040783182,0.018286512669918858
32,11,0.3999999999999999,-0.09999999999999998,0.10093418131434366,0.02657165128211774
33,11,0.44999999999999996,-0.09999999999999998,0.1014121069931204,0.03716340949852494
34,11,0.5,-0.09999999999999998,0.08095914863907518,0.047625866987060714
35,11,0.5499999999999998,-0.09999999999999998,0.05208441563919537,0.055928472286627534
36,11,0.5999999999999999,-0.09999999999999998,0.03324175515165329,0.0615141668326237
37,11,0.6499999999999999,-0.09999999999999998,0.02864000219716452,0.06461772577926901
38,11,0.7,-0.09999999999999998,0.028916512870526476,0.06481559060878044
39,11,0.75,-0.09999999999999998,0.026001464124222815,0.06208686988911846
40,11,0.7999999999999998,-0.09999999999999998,0.023284824493403217,0.05784298959961326
0,12,-1.2000000000000002,-0.04999999999999993,-0.018086731557037106,0.021949345956549654
1,12,-1.1500000000000001,-0.04999999999999993,-0.025625552069785396,0.0326589094732356
2,12,-1.1,-0.04999999999999993,-0.04207385858652504,0.046594367215461036
3,12,-1.0500000000000003,-0.04999999999999993,-0.05690053571844614,0.0590683813885684
4,12,-1.0000000000000002,-0.04999999999999993,-0.06229074415738611,0.06322869809200313
5,12,-0.9500000000000002,-0.04999999999999993,-0.055531692083395784,0.056212535572306016
6,12,-0.9000000000000001,-0.04999999999999993,-0.04120961803566012,0.042057074578008835
7,12,-0.8500000000000001,-0.04999999999999993,-0.027062049647812864,0.028153886956767127
8,12,-0.8000000000000002,-0.04999999999999993,-0.018508997184190773,0.019848013661137726
9,12,-0.7500000000000002,-0.04999999999999993,-0.016226625978565806,0.01793553949333268
10,12,-0.7000000000000002,-0.04999999999999993,-0.01754878286472375,0.019828257007907107
11,12,-0.6500000000000001,-0.04999999999999993,-0.01954695075772034,0.022111275981148565
12,12,-0.6000000000000001,-0.04999999999999993,-0.022018047746261565,0.02233540154146202
13,12,-0.5500000000000002,-0.04999999999999993,-0.02895622935534581,0.01967944583487008
14,12,-0.5000000000000001,-0.04999999999999993,-0.04653169588141687,0.015450520820318864
15,12,-0.4500000000000002,-0.04999999999999993,-0.07952809609443827,0.012897957184408587
16,12,-0.40000000000000013,-0.04999999999999993,-0.12970282096799124,0.014068087746177127
17,12,-0.3500000000000001,-0.04999999999999993,-0.18907721832436705,0.016448730310994336
18,12,-0.30000000000000016,-0.04999999999999993,-0.22978194242148114,0.015367054315125611
19,12,-0.2500000000000001,-0.04999999999999993,-0.22219832474238818,0.0089225252600416
20,12,-0.20000000000000018,-0.04999999999999993,-0.17287462673595705,-0.0012562419256378562
21,12,-0.15000000000000013,-0.04999999999999993,-0.1175443389444357,-0.011732534965906809
22,12,-0.10000000000000009,-0.04999999999999993,-0.07852594761667292,-0.018860415632174186
23,12,-0.050000000000000044,-0.04999999999999993,-0.05365037147051133,-0.020678328761496705
24,12,0.0,-0.04999999999999993,-0.03424668097897907,-0.017493623020926684
25,12,0.04999999999999982,-0.04999999999999993,-0.015718949552572612,-0.010541060713765487
26,12,0.09999999999999987,-0.04999999999999993,0.002435190793759097,-0.0013040203588989864
27,12,0.1499999999999999,-0.04999999999999993,0.01910393668792797,0.008012831550478564
28,12,0.19999999999999996,-0.04999999999999993,0.03427683269557786,0.014967011753528858
29,12,0.25,-0.04999999999999993,0.04989227708979684,0.018425396707658453
30,12,0.2999999999999998,-0.04999999999999993,0.06867823550771768,0.019960560059687563
31,12,0.34999999999999987,-0.04999999999999993,0.0910102313727527,0.02306490670502837
32,12,0.3999999999999999,-0.04999999999999993,0.10974731241939935,0.02948436573749106
33,12,0.44999999999999996,-0.04999999999999993,0.11120464603596218,0.03778713601421256
34,12,0.5,-0.04999999999999993,0.08956727923922335,0.04577648336679306
35,12,0.5499999999999998,-0.04999999999999993,0.058186269214895066,0.05199528628374795
36,12,0.5999999999999999,-0.04999999999999993,0.03614386804970622,0.05534637773962389
37,12,0.6499999999999999,-0.04999999999999993,0.027745574946861154,0.05476130505495898
38,12,0.7,-0.04999999999999993,0.024381159655769355,0.05006896037882978
39,12,0.75,-0.04999999999999993,0.01949408377670471,0.04305102411493164
40,12,0.7999999999999998,-0.04999999999999993,0.016394669959453323,0.03624655736901808
0,13,-1.2000000000000002,0.0,-0.008596107562752198,0.009839584722306366
1,13,-1.1500000000000001,0.0,-0.013682116370125202,0.017028708055781133
2,13,-1.1,0.0,-0.026819037908193955,0.02916484938377928
3,13,-1.0500000000000003,0.0,-0.0436654313686452,0.04494694819561357
4,13,-1.0000000000000002,0.0,-0.0578533440715788,0.05862971461932945
5,13,-0.9500000000000002,0.0,-0.06239854513631696,0.06328922824012595
6,13,-0.9000000000000001,0.0,-0.05523177859157555,0.05660587181349222
7,13,-0.8500000000000001,0.0,-0.040883914208669214,0.04283679895946718
8,13,-0.8000000000000002,0.0,-0.02686003979189014,0.02930422710136868
9,13,-0.7500000000000002,0.0,-0.018378126827784946,0.021143419574595756
10,13,-0.7000000000000002,0.0,-0.016167618618971452,0.018895205887260458
11,13,-0.6500000000000001,0.0,-0.018208977573952734,0.019654712623946025
12,13,-0.6000000000000001,0.0,-0.023293360581796152,0.01956717538804345
13,13,-0.5500000000000002,0.0,-0.03321016787542444,0.016075125650395206
14,13,-0.5000000000000001,0.0,-0.0514381392605337,0.009751369524632625
15,13,-0.4500000000000002,0.0,-0.08180617318265734,0.00445834708882431
16,13,-0.40000000000000013,0.0,-0.1287082339605728,0.0036424604484145556
17,13,-0.3500000000000001,0.0,-0.1877310855757748,0.00626593003659956
18,13,-0.30000000000000016,0.0,-0.23152617886848595,0.008234855944236272
19,13,-0.2500000000000001,0.0,-0.22826337965575025,0.006272549533120619
20,13,-0.20000000000000018,0.0,-0.18170813303797487,-0.00016045743962633807
21,13,-0.15000000000000013,0.0,-0.12561837036035492,-0.008248227069645713
22,13,-0.10000000000000009,0.0,-0.08259509343624141,-0.013731747872104492
23,13,-0.050000000000000044,0.0,-0.05273436766621426,-0.014483894934613243
24,13,0.0,0.0,-0.02916742291030613,-0.011164545337262128
25,13,0.04999999999999982,0.0,-0.007692608794861496,-0.0048744473578322955
26,13,0.09999999999999987,0.0,0.011843679053236857,0.003724878618688314
27,13,0.1499999999999999,0.0,0.027625665439568788,0.012967849333696047
28,13,0.19999999999999996,0.0,0.03986148313068459,0.020003315418077445
29,13,0.25,0.0,0.05240769645724314,0.02300370797026806
30,13,0.2999999999999998,0.0,0.07046309939091759,0.023229967015615128
31,13,0.34999999999999987,0.0,0.0947172097561217,0.024029663450507895
32,13,0.3999999999999999,0.0,0.11565641062352786,0.027169135409943757
33,13,0.44999999999999996,0.0,0.1177042246224224,0.03162768552841092
34,13,0.5,0.0,0.09516729890861056,0.036168424898679365
35,13,0.5499999999999998,0.0,0.0616543100120262,0.04006413635607581
36,13,0.5999999999999999,0.0,0.03600777392286432,0.04160970849296411
37,13,0.6499999999999999,0.0,0.02336258483637041,0.03919116264452273
38,13,0.7,0.0,0.01720623193049914,0.03365466935369488
39,13,0.75,0.0,0.01217906111441111,0.02773997625225587
40,13,0.7999999999999998,0.0,0.009675891001576092,0.02339591279794287
0,14,-1.2000000000000002,0.050000000000000044,-0.003708484890087571,0.006099017000486262
1,14,-1.1500000000000001,0.050000000000000044,-0.006300287408312483,0.008841704771443831
2,14,-1.1,0.050000000000000044,-0.014155618446692608,0.015698953113316427
3,14,-1.0500000000000003,0.050000000000000044,-0.02743567048289597,0.028225755607450276
4,14,-1.0000000000000002,0.050000000000000044,-0.04394846411287373,0.04454420996946526
5,14,-0.9500000000000002,0.050000000000000044,-0.05755553488923301,0.05854079176791607
6,14,-0.9000000000000001,0.050000000000000044,-0.061662047316318885,0.06351491183854807
7,14,-0.8500000000000001,0.050000000000000044,-0.054363694359936404,0.057371421667624795
8,14,-0.8000000000000002,0.050000000000000044,-0.0402023765690622,0.04436806285265785
9,14,-0.7500000000000002,0.050000000000000044,-0.026635647192674028,0.031554456038394435
10,14,-0.7000000000000002,0.050000000000000044,-0.01903748981537348,0.023559810510868223
11,14,-0.6500000000000001,0.050000000000000044,-0.018874981256937345,0.020241116344769244
12,14,-0.6000000000000001,0.050000000000000044,-0.025597634719812384,0.01807214071425811
13,14,-0.5500000000000002,0.050000000000000044,-0.038772035218756634,0.013567937546228592
14,14,-0.5000000000000001,0.050000000000000044,-0.05814847444298776,0.006571199162503788
15,14,-0.4500000000000002,0.050000000000000044,-0.08563700517065634,0.0007285008835949958
16,14,-0.40000000000000013,0.050000000000000044,-0.127895238020216,-0.00036101057019913285
17,14,-0.3500000000000001,0.050000000000000044,-0.18448482282854534,0.002904770196870618
18,14,-0.30000000000000016,0.050000000000000044,-0.22977532292496008,0.007014582678558853
19,14,-0.2500000000000001,0.050000000000000044,-0.2305936381262508,0.008247047534907445
20,14,-0.20000000000000018,0.050000000000000044,-0.18739540333872337,0.005115705434431822
21,14,-0.15000000000000013,0.050000000000000044,-0.13111562937691384,4.1146819010906555e-05
22,14,-0.10000000000000009,0.050000000000000044,-0.08476161548164045,-0.003004997995180222
23,14,-0.050000000000000044,0.050000000000000044,-0.051083168935668964,-0.002526887567754982
24,14,0.0,0.050000000000000044,-0.024637233402198127,0.000549467935010658
25,14,0.04999999999999982,0.050000000000000044,-0.0008295255966221703,0.005640035993861141
26,14,0.09999999999999987,0.050000000000000044,0.02027748748528744,0.012882748181409007
27,14,0.1499999999999999,0.050000000000000044,0.0353823734873171,0.020931645558389864
28,14,0.19999999999999996,0.050000000000000044,0.04431269133214987,0.026520396253474795
29,14,0.25,0.050000000000000044,0.053118928687334525,0.02751540911973901
30,14,0.2999999999999998,0.050000000000000044,0.0697041909879575,0.02529694835096477
31,14,0.34999999999999987,0.050000000000000044,0.09494939976708133,0.022865456732952833
32,14,0.3999999999999999,0.050000000000000044,0.11734533449730238,0.021682925768663174
33,14,0.44999999999999996,0.050000000000000044,0.12020393552469778,0.021632400505632483
34,14,0.5,0.050000000000000044,0.09800373006688824,0.023010768917935964
35,14,0.5499999999999998,0.050000000000000044,0.06362755280917981,0.02566198859593742
36,14,0.5999999999999999,0.050000000000000044,0.03527089433815314,0.027335132483458577
37,14,0.6499999999999999,0.050000000000000044,0.019790535807591922,0.02651629608239732
38,14,0.7,0.050000000000000044,0.012929973263502495,0.02481746047566319
39,14,0.75,0.050000000000000044,0.009235327220952702,0.02444462479860847
40,14,0.7999999999999998,0.050000000000000044,0.007706543050827325,0.02564389149398022
0,15,-1.2000000000000002,0.09999999999999998,-0.0031107320208370592,0.009694216417542312
1,15,-1.1500000000000001,0.09999999999999998,-0.004082180257295037,0.008468647651618949
2,15,-1.1,0.09999999999999998,-0.00743498707218751,0.009535374672797331
3,15,-1.0500000000000003,0.09999999999999998,-0.01482017451249637,0.015559437600070891
4,15,-1.0000000000000002,0.09999999999999998,-0.027538307911113002,0.02793398267497957
5,15,-0.9500000000000002,0.09999999999999998,-0.043427843267234145,0.04428108950229534
6,15,-0.9000000000000001,0.09999999999999998,-0.056401148691866826,0.058407103373181724
7,15,-0.8500000000000001,0.09999999999999998,-0.06003076319455944,0.06381867504580044
8,15,-0.8000000000000002,0.09999999999999998,-0.0526770054211205,0.05858914366552892
9,15,-0.7500000000000002,0.09999999999999998,-0.03918637916957457,0.046827193511532056
10,15,-0.7000000000000002,0.09999999999999998,-0.027480958312596643,0.03497652281942015
11,15,-0.6500000000000001,0.09999999999999998,-0.023696647370562846,0.02671790379051825
12,15,-0.6000000000000001,0.09999999999999998,-0.029966539380336804,0.02127237426777312
13,15,-0.5500000000000002,0.09999999999999998,-0.04471110942717876,0.016049862744794696
14,15,-0.5000000000000001,0.09999999999999998,-0.0642775759231673,0.010409661067951326
15,15,-0.4500000000000002,0.09999999999999998,-0.08873838291536026,0.006407861337905524
16,15,-0.40000000000000013,0.09999999999999998,-0.12653196464729718,0.005979178521773043
17,15,-0.3500000000000001,0.09999999999999998,-0.1803554923270168,0.008711624629160614
18,15,-0.30000000000000016,0.09999999999999998,-0.22618390153044912,0.012663062643530551
19,15,-0.2500000000000001,0.09999999999999998,-0.23016225689987727,0.015266876416637903
20,15,-0.20000000000000018,0.09999999999999998,-0.18991403375387142,0.014795857290038211
21,15,-0.15000000000000013,0.09999999999999998,-0.13373907378996697,0.012698482479952342
22,15,-0.10000000000000009,0.09999999999999998,-0.08516312782300729,0.011820142688735349
23,15,-0.050000000000000044,0.09999999999999998,-0.04917990173602338,0.012958612092015351
24,15,0.0,0.09999999999999998,-0.021000499348690006,0.015491254420154687
25,15,0.04999999999999982,0.09999999999999998,0.004640671451536854,0.01944309082647775
26,15,0.09999999999999987,0.09999999999999998,0.027135288617765582,0.025054150042740645
27,15,0.1499999999999999,0.09999999999999998,0.04126331351163458,0.030965520261876066
28,15,0.19999999999999996,0.09999999999999998,0.04644524669203374,0.03424443641752302
29,15,0.25,0.09999999999999998,0.051184248554733115,0.03318825484242498
30,15,0.2999999999999998,0.09999999999999998,0.06581314700413142,0.028972291029232457
31,15,0.34999999999999987,0.09999999999999998,0.0911031871738201,0.023537988979999355
32,15,0.3999999999999999,0.09999999999999998,0.1144233543962075,0.017993469785469555
33,15,0.44999999999999996,0.09999999999999998,0.11903206777169519,0.013687696286420054
34,15,0.5,0.09999999999999998,0.0991968869989155,0.012716640351765757
35,15,0.5499999999999998,0.09999999999999998,0.06597867357754882,0.015377529352192804
36,15,0.5999999999999999,0.09999999999999998,0.03686208140932422,0.019156491203419224
37,15,0.6499999999999999,0.09999999999999998,0.02084491282857502,0.022724322095298913
38,15,0.7,0.09999999999999998,0.015134560646710288,0.027403960193919663
39,15,0.75,0.09999999999999998,0.013005492132728141,0.03371822818522892
40,15,0.7999999999999998,0.09999999999999998,0.012074424392319594,0.04023891001129029
0,16,-1.2000000000000002,0.15000000000000002,-0.0061596224219342965,0.01861931759060423
1,16,-1.1500000000000001,0.15000000000000002,-0.0064591291530574635,0.014419647178534334
2,16,-1.1,0.15000000000000002,-0.007064828498240666,0.010692619695095301
3,16,-1.0500000000000003,0.15000000000000002,-0.009037062480713731,0.010090905324377786
4,16,-1.0000000000000002,0.15000000000000002,-0.015226812210649282,0.015434723524339056
5,16,-0.9500000000000002,0.15000000000000002,-0.027082414191030857,0.027573671816633477
6,16,-0.9000000000000001,0.15000000000000002,-0.04212446177281379,0.04377981083190999
7,16,-0.8500000000000001,0.15000000000000002,-0.05418165406758921,0.05795302014730497
8,16,-0.8000000000000002,0.15000000000000002,-0.05719385810333058,0.06388915276329024
9,16,-0.7500000000000002,0.15000000000000002,-0.050248268038782795,0.059795770803414694
10,16,-0.7000000000000002,0.15000000000000002,-0.03914677953638729,0.04944087227457428
11,16,-0.6500000000000001,0.15000000000000002,-0.03257912980858438,0.038530406974135456
12,16,-0.6000000000000001,0.15000000000000002,-0.03626567576553594,0.030440765983534984
13,16,-0.5500000000000002,0.15000000000000002,-0.04963474841857843,0.025529275060551665
14,16,-0.5000000000000001,0.15000000000000002,-0.06779047584987694,0.023095418747941243
15,16,-0.4500000000000002,0.15000000000000002,-0.09006748771683462,0.022317637538355473
16,16,-0.40000000000000013,0.15000000000000002,-0.1255914747289609,0.022088458552489143
17,16,-0.3500000000000001,0.15000000000000002,-0.17780093870678781,0.02193712221853085
18,16,-0.30000000000000016,0.15000000000000002,-0.2232200711374828,0.022714814007093256
19,16,-0.2500000000000001,0.15000000000000002,-0.22846084347974313,0.02435684683682958
20,16,-0.20000000000000018,0.15000000000000002,-0.18996379727540896,0.025316930344798892
21,16,-0.15000000000000013,0.15000000000000002,-0.1340913439782167,0.02554583252112488
22,16,-0.10000000000000009,0.15000000000000002,-0.08450148586957744,0.026261860888903525
23,16,-0.050000000000000044,0.15000000000000002,-0.047412057204249625,0.02774017081723979
24,16,0.0,0.15000000000000002,-0.018152754667735728,0.029925547308099515
25,16,0.04999999999999982,0.15000000000000002,0.008733370025963789,0.03306288126409358
26,16,0.09999999999999987,0.15000000000000002,0.03179991692068575,0.03683095768206946
27,16,0.1499999999999999,0.15000000000000002,0.044572659862099476,0.03994966700698807
28,16,0.19999999999999996,0.15000000000000002,0.04653542591269878,0.04089935142213502
29,16,0.25,0.15000000000000002,0.04784678329904396,0.03900671719072842
30,16,0.2999999999999998,0.15000000000000002,0.06005392512553189,0.03447616870660048
31,16,0.34999999999999987,0.15000000000000002,0.08397057852331843,0.027385202299509206
32,16,0.3999999999999999,0.15000000000000002,0.10749504180372307,0.01847733891804447
33,16,0.44999999999999996,0.15000000000000002,0.11492710609099399,0.010756440796230136
34,16,0.5,0.15000000000000002,0.09969356313266099,0.008172425562045643
35,16,0.5499999999999998,0.15000000000000002,0.07006740366083328,0.011726685667112421
36,16,0.5999999999999999,0.15000000000000002,0.04261768708125925,0.018929757993001797
37,16,0.6499999999999999,0.15000000000000002,0.02803800479809236,0.02788308876277304
38,16,0.7,0.15000000000000002,0.0239238793534325,0.03813258083363094
39,16,0.75,0.15000000000000002,0.02207027703832333,0.04822203923776969
40,16,0.7999999999999998,0.15000000000000002,0.02074790670295007,0.05626711320938366
0,17,-1.2000000000000002,0.20000000000000007,-0.011510072844976849,0.028006203850091393
1,17,-1.1500000000000001,0.20000000000000007,-0.012008878152803965,0.023058177718488226
2,17,-1.1,0.20000000000000007,-0.011763728926344058,0.016897184230810908
3,17,-1.0500000000000003,0.20000000000000007,-0.010078070683252616,0.01156396847488736
4,17,-1.0000000000000002,0.20000000000000007,-0.010055541418857311,0.010157302307928218
5,17,-0.9500000000000002,0.20000000000000007,-0.015082755959663213,0.015153455444283231
6,17,-0.9000000000000001,0.20000000000000007,-0.026021800361195335,0.02695651221098022
7,17,-0.8500000000000001,0.20000000000000007,-0.039921421263179185,0.042752361334375405
8,17,-0.8000000000000002,0.20000000000000007,-0.05083425476501077,0.0566530587295104
9,17,-0.7500000000000002,0.20000000000000007,-0.053634659658290534,0.06277709358272543
10,17,-0.7000000000000002,0.20000000000000007,-0.04874632214187588,0.05947236698924219
11,17,-0.6500000000000001,0.20000000000000007,-0.04269675366160214,0.05046090048560506
12,17,-0.6000000000000001,0.20000000000000007,-0.042967671293920595,0.04182349783152614
13,17,-0.5500000000000002,0.20000000000000007,-0.052056456662772504,0.037944530420745415
14,17,-0.5000000000000001,0.20000000000000007,-0.06748921344536349,0.039218476811285624
15,17,-0.4500000000000002,0.20000000000000007,-0.08974534311081236,0.04193810467170711
16,17,-0.40000000000000013,0.20000000000000007,-0.1269124799671218,0.04141218218107215
17,17,-0.3500000000000001,0.20000000000000007,-0.1797291368724127,0.03696423603345593
18,17,-0.30000000000000016,0.20000000000000007,-0.2237641769121504,0.032715852361828446
19,17,-0.2500000000000001,0.20000000000000007,-0.22756014056217164,0.031773989631189506
20,17,-0.20000000000000018,0.20000000000000007,-0.1887250480695761,0.033035820292093426
21,17,-0.15000000000000013,0.20000000000000007,-0.13279414324586233,0.034755402812359504
22,17,-0.10000000000000009,0.20000000000000007,-0.08296878952689238,0.03648615224841632
23,17,-0.050000000000000044,0.20000000000000007,-0.04551621531682739,0.038225541851885966
24,17,0.0,0.20000000000000007,-0.01567778890183622,0.04037542424722208
25,17,0.04999999999999982,0.20000000000000007,0.0115460818255068,0.04305467374895088
26,17,0.09999999999999987,0.20000000000000007,0.03402207436066007,0.045395871040659834
27,17,0.1499999999999999,0.20000000000000007,0.04533170725170014,0.046379152109728046
28,17,0.19999999999999996,0.20000000000000007,0.04550229687577409,0.04586634130899849
29,17,0.25,0.20000000000000007,0.044761065839198574,0.044010987143170976
30,17,0.2999999999999998,0.20000000000000007,0.0541916321129122,0.03999908183933858
31,17,0.34999999999999987,0.20000000000000007,0.0751043573852641,0.03236070504684805
32,17,0.3999999999999999,0.20000000000000007,0.09779459289292844,0.021588424147970624
33,17,0.44999999999999996,0.20000000000000007,0.10872715441569636,0.011877446900280739
34,17,0.5,0.20000000000000007,0.10016713186979778,0.008692786750557902
35,17,0.5499999999999998,0.20000000000000007,0.07673600600850497,0.013928623563521994
36,17,0.5999999999999999,0.20000000000000007,0.053018484504984836,0.02487738795832202
37,17,0.6499999999999999,0.20000000000000007,0.040047735669204165,0.03771790983205056
38,17,0.7,0.20000000000000007,0.035473511121706935,0.049323224169570065
39,17,0.75,0.20000000000000007,0.031140024508480857,0.057438748715849045
40,17,0.7999999999999998,0.20000000000000007,0.028164572335547533,0.0617229942645154
0,18,-1.2000000000000002,0.25,-0.01605567468514063,0.03163466440178078
1,18,-1.1500000000000001,0.25,-0.01756814877233795,0.029072027916447335
2,18,-1.1,0.25,-0.018559037741841533,0.02416284255792031
3,18,-1.0500000000000003,0.25,-0.01577694440359642,0.01754915428999762
4,18,-1.0000000000000002,0.25,-0.01163732524125341,0.011822619005477653
5,18,-0.9500000000000002,0.25,-0.010283204287978853,0.010189983162175037
6,18,-0.9000000000000001,0.25,-0.014525555882721614,0.01485959323398553
7,18,-0.8500000000000001,0.25,-0.024485107549059026,0.02603417960204163
8,18,-0.8000000000000002,0.25,-0.037169125854980556,0.0408951947159826
9,18,-0.7500000000000002,0.25,-0.04742895977905101,0.05380513435565365
10,18,-0.7000000000000002,0.25,-0.05146297263350766,0.05931959129659034
11,18,-0.6500000000000001,0.25,-0.050227998966300424,0.05637944998926073
12,18,-0.6000000000000001,0.25,-0.04878204583039558,0.04968212655245552
13,18,-0.5500000000000002,0.25,-0.052239769438818945,0.04617747411425302
14,18,-0.5000000000000001,0.25,-0.06379690159891524,0.0489595370346943
15,18,-0.4500000000000002,0.25,-0.0878737823470481,0.05381019795146824
16,18,-0.40000000000000013,0.25,-0.13056534336721207,0.05345676199524099
17,18,-0.3500000000000001,0.25,-0.18649726852603152,0.04634816423230825
18,18,-0.30000000000000016,0.25,-0.22841031753974922,0.03873219170023562
19,18,-0.2500000000000001,0.25,-0.22814087554947815,0.03615291984769689
20,18,-0.20000000000000018,0.25,-0.18698238409423895,0.037609273431429974
21,18,-0.15000000000000013,0.25,-0.1306410120218938,0.039848992353260365
22,18,-0.10000000000000009,0.25,-0.08103134683005098,0.04157434179434712
23,18,-0.050000000000000044,0.25,-0.043522785205443865,0.04310289527079758
24,18,0.0,0.25,-0.013323622770670812,0.045148090107417375
25,18,0.04999999999999982,0.25,0.013753816819401538,0.047666827126227725
26,18,0.09999999999999987,0.25,0.03512439528146291,0.049733812376776335
27,18,0.1499999999999999,0.25,0.04504313013043813,0.050525839295276175
28,18,0.19999999999999996,0.25,0.04416726094614171,0.05004276714500409
29,18,0.25,0.25,0.041979523829384045,0.04828718822771286
30,18,0.2999999999999998,0.25,0.048403643029208965,0.04414119796515698
31,18,0.34999999999999987,0.25,0.06555992083195047,0.036107618573947876
32,18,0.3999999999999999,0.25,0.08701178365715576,0.024967724567718196
33,18,0.44999999999999996,0.25,0.10203146869358126,0.015365604848067635
34,18,0.5,0.25,0.10174473979590225,0.013300194658269482
35,18,0.5499999999999998,0.25,0.0862520048685974,0.020818965600386402
36,18,0.5999999999999999,0.25,0.06640697334978782,0.034042730985096095
37,18,0.6499999999999999,0.25,0.05248384100934041,0.0466701651889008
38,18,0.7,0.25,0.043644718237230984,0.05424740965590029
39,18,0.75,0.25,0.034470047133268664,0.05617930706694786
40,18,0.7999999999999998,0.25,0.02931639780028278,0.054744292488088306
0,19,-1.2000000000000002,0.30000000000000004,-0.016635345815643743,0.027307640066682876
1,19,-1.1500000000000001,0.30000000000000004,-0.019480699996664436,0.028777333103623265
2,19,-1.1,0.30000000000000004,-0.023286602552793773,0.028183344443312858
3,19,-1.0500000000000003,0.30000000000000004,-0.022418294235695274,0.02427365284762159
4,19,-1.0000000000000002,0.30000000000000004,-0.017414712546679895,0.017973469136773057
5,19,-0.9500000000000002,0.30000000000000004,-0.012045781731155336,0.012350669411134996
6,19,-0.9000000000000001,0.30000000000000004,-0.010177603921328743,0.01064959302077978
7,19,-0.8500000000000001,0.30000000000000004,-0.013885819781182113,0.014879419557789625
8,19,-0.8000000000000002,0.30000000000000004,-0.023063300011398752,0.025057001421871644
9,19,-0.7500000000000002,0.30000000000000004,-0.035210263077682796,0.03837946896126543
10,19,-0.7000000000000002,0.30000000000000004,-0.046172006508268804,0.04952772091682933
11,19,-0.6500000000000001,0.30000000000000004,-0.05233421840573696,0.05371579068684393
12,19,-0.6000000000000001,0.30000000000000004,-0.0531696471689283,0.05102156675826877
13,19,-0.5500000000000002,0.30000000000000004,-0.05277904618053372,0.04717251954607371
14,19,-0.5000000000000001,0.30000000000000004,-0.05985648960814827,0.04783256089612817
15,19,-0.4500000000000002,0.30000000000000004,-0.08524811815026567,0.051610177607108454
16,19,-0.40000000000000013,0.30000000000000004,-0.13437451368628178,0.051733236702662666
17,19,-0.3500000000000001,0.30000000000000004,-0.19445370716741808,0.04572743478920192
18,19,-0.30000000000000016,0.30000000000000004,-0.23395942129676175,0.039290239431940197
19,19,-0.2500000000000001,0.30000000000000004,-0.22868305883097728,0.037750394594110864
20,19,-0.20000000000000018,0.30000000000000004,-0.18502897556401263,0.03955160791025054
21,19,-0.15000000000000013,0.30000000000000004,-0.1288290748829452,0.04114479306045315
22,19,-0.10000000000000009,0.30000000000000004,-0.07971488660935516,0.041857772307606345
23,19,-0.050000000000000044,0.30000000000000004,-0.041942467003757124,0.04274344066883805
24,19,0.0,0.30000000000000004,-0.011113857046406075,0.04450044992189964
25,19,0.04999999999999982,0.30000000000000004,0.016131804094865754,0.04690819032225308
26,19,0.09999999999999987,0.30000000000000004,0.036881086529708514,0.04936477078319325
27,19,0.1499999999999999,0.30000000000000004,0.04564066201992789,0.051268064577511624
28,19,0.19999999999999996,0.30000000000000004,0.04326364580821078,0.05192390651266296
29,19,0.25,0.30000000000000004,0.03885949665935147,0.05038767941778648
30,19,0.2999999999999998,0.30000000000000004,0.042012062459147216,0.04568177750626127
31,19,0.34999999999999987,0.30000000000000004,0.05593088398782531,0.037461504601691564
32,19,0.3999999999999999,0.30000000000000004,0.07705257916704819,0.02730746625572631
33,19,0.44999999999999996,0.30000000000000004,0.09705962450624765,0.019696455496998055
34,19,0.5,0.30000000000000004,0.10562049262211655,0.01994239402123503
35,19,0.5499999999999998,0.30000000000000004,0.09747854233533158,0.02904082699903214
36,19,0.5999999999999999,0.30000000000000004,0.07886968409349923,0.04147299044447286
37,19,0.6499999999999999,0.30000000000000004,0.06025241434000836,0.0499408427404819
38,19,0.7,0.30000000000000004,0.044982652999754,0.05162580151466818
39,19,0.75,0.30000000000000004,0.031636907340668874,0.04895387746058022
40,19,0.7999999999999998,0.30000000000000004,0.02529454317782842,0.045445656793152295
0,20,-1.2000000000000002,0.35,-0.013116288611259852,0.019013710345783114
1,20,-1.1500000000000001,0.35,-0.016692444395707967,0.02308482056717326
2,20,-1.1,0.35,-0.023062717997843207,0.026810374068022558
3,20,-1.0500000000000003,0.35,-0.025986819710136222,0.027841555513102578
4,20,-1.0000000000000002,0.35,-0.023560308677740005,0.024750269123831325
5,20,-0.9500000000000002,0.35,-0.01760708040397213,0.018928581249120363
6,20,-0.9000000000000001,0.35,-0.011996805736066984,0.013674574017594754
7,20,-0.8500000000000001,0.35,-0.010077699147967162,0.012087109561985249
8,20,-0.8000000000000002,0.35,-0.013669076451504752,0.015915944389966324
9,20,-0.7500000000000002,0.35,-0.022958240284093323,0.024980922816013607
10,20,-0.7000000000000002,0.35,-0.03612665090792916,0.03639619683076217
11,20,-0.6500000000000001,0.35,-0.048734153124860985,0.04497628321485994
12,20,-0.6000000000000001,0.35,-0.0553253169711658,0.046761851512971825
13,20,-0.5500000000000002,0.35,-0.05542877530095955,0.04330681498523434
14,20,-0.5000000000000001,0.35,-0.059359243537880496,0.04021506169521183
15,20,-0.4500000000000002,0.35,-0.0839731065405136,0.040059829945079256
16,20,-0.40000000000000013,0.35,-0.1364480861851186,0.04002808131742294
17,20,-0.3500000000000001,0.35,-0.198940265796754,0.0381275455394612
18,20,-0.30000000000000016,0.35,-0.23638735773484026,0.03690066863435704
19,20,-0.2500000000000001,0.35,-0.22787950707116783,0.038043069582271646
20,20,-0.20000000000000018,0.35,-0.18358798562789666,0.03926787601538081
21,20,-0.15000000000000013,0.35,-0.128334847624538,0.038969676593809364
22,20,-0.10000000000000009,0.35,-0.07943269922166607,0.038333907066451595
23,20,-0.050000000000000044,0.35,-0.040880107591150565,0.038672736021079235
24,20,0.0,0.35,-0.009158873117255783,0.040075479415676796
25,20,0.04999999999999982,0.35,0.018618137680695146,0.04205500793209683
26,20,0.09999999999999987,0.35,0.03948426953672146,0.0443594337410097
27,20,0.1499999999999999,0.35,0.047602265859907844,0.04682687555488483
28,20,0.19999999999999996,0.35,0.043286875786416566,0.04845595584343741
29,20,0.25,0.35,0.035737394822982355,0.047485624037492784
30,20,0.2999999999999998,0.35,0.03547746821311405,0.0429715783631586
31,20,0.34999999999999987,0.35,0.04718560958141552,0.03562001524415832
32,20,0.3999999999999999,0.35,0.06924673455246225,0.027556257317241095
33,20,0.44999999999999996,0.35,0.09466639645908999,0.02244177767446575
34,20,0.5,0.35,0.11108911129793633,0.02412946623713684
35,20,0.5499999999999998,0.35,0.10778260129183523,0.03249595077454523
36,20,0.5999999999999999,0.35,0.08730698909123757,0.041831609747671195
37,20,0.6499999999999999,0.35,0.06263665207953573,0.046359368851329394
38,20,0.7,0.35,0.042657752957329306,0.04602876027656119
39,20,0.75,0.35,0.028289902411752776,0.044486590726144984
40,20,0.7999999999999998,0.35,0.02229995646542693,0.043943565750740876
0,21,-1.2000000000000002,0.4,-0.008493125372863453,0.01333119166833055
1,21,-1.1500000000000001,0.4,-0.011684036274424991,0.01673693574976612
2,21,-1.1,0.4,-0.018529867606864453,0.021648551823379852
3,21,-1.0500000000000003,0.4,-0.024478399179886506,0.026388303595687862
4,21,-1.0000000000000002,0.4,-0.02632768681066211,0.028172147591553065
5,21,-0.9500000000000002,0.4,-0.023121476837391908,0.0257167029113807
6,21,-0.9000000000000001,0.4,-0.017019075608463857,0.020635079566291015
7,21,-0.8500000000000001,0.4,-0.011644449408810542,0.016134340043380546
8,21,-0.8000000000000002,0.4,-0.010169486757370394,0.015058664677310707
9,21,-0.7500000000000002,0.4,-0.014730010636886948,0.018872285064068794
10,21,-0.7000000000000002,0.4,-0.02617664610942247,0.026968209582321906
11,21,-0.6500000000000001,0.4,-0.04196856372352731,0.03583246898584025
12,21,-0.6000000000000001,0.4,-0.054839115398553906,0.04023502107486254
13,21,-0.5500000000000002,0.4,-0.05932583599829372,0.03781125204772501
14,21,-0.5000000000000001,0.4,-0.06310347464830335,0.031875116688016014
15,21,-0.4500000000000002,0.4,-0.08543509852805456,0.027583850825148026
16,21,-0.40000000000000013,0.4,-0.13630679809189986,0.027159286167535157
17,21,-0.3500000000000001,0.4,-0.197581119850484,0.030408026818605216
18,21,-0.30000000000000016,0.4,-0.2340438972539513,0.035727975404896556
19,21,-0.2500000000000001,0.4,-0.2263158514499535,0.03936413029592932
20,21,-0.20000000000000018,0.4,-0.1841023685524749,0.03870498693883638
21,21,-0.15000000000000013,0.4,-0.1297630438318744,0.03574580268640368
22,21,-0.10000000000000009,0.4,-0.0800118271820853,0.033791626376512736
23,21,-0.050000000000000044,0.4,-0.04020089465453192,0.033662537005391416
24,21,0.0,0.4,-0.007731585135388481,0.03456760295356355
25,21,0.04999999999999982,0.4,0.020415758420198656,0.035764492862008536
26,21,0.09999999999999987,0.4,0.041652954152496514,0.037050003477730895
27,21,0.1499999999999999,0.4,0.0497371841223556,0.0386306070959308
28,21,0.19999999999999996,0.4,0.043922394290818734,0.03996857040364763
29,21,0.25,0.4,0.033375119179072654,0.03939222202434315
30,21,0.2999999999999998,0.4,0.030146453665812756,0.03598518737511554
31,21,0.34999999999999987,0.4,0.04051556294190781,0.030695719480695847
32,21,0.3999999999999999,0.4,0.06387434159735562,0.025295782382121247
33,21,0.44999999999999996,0.4,0.0936328334261434,0.021988316131156885
34,21,0.5,0.4,0.11567466572219604,0.023158513804765468
35,21,0.5499999999999998,0.4,0.11518068584586594,0.0289120421710104
36,21,0.5999999999999999,0.4,0.0927331021702834,0.035763176710578645
37,21,0.6499999999999999,0.4,0.06444956486889836,0.04044488629972233
38,21,0.7,0.4,0.04310987487456959,0.04334831882683937
39,21,0.75,0.4,0.029551712814848557,0.04614874331516597
40,21,0.7999999999999998,0.4,0.024208493227020206,0.04902878418133555
0,22,-1.2000000000000002,0.45000000000000007,-0.006304800448388714,0.014961675785891276
1,22,-1.1500000000000001,0.45000000000000007,-0.008375084240658665,0.01495959555651058
2,22,-1.1,0.45000000000000007,-0.013411350151921464,0.01708267618263079
3,22,-1.0500000000000003,0.45000000000000007,-0.01946322394196301,0.021584461947412314
4,22,-1.0000000000000002,0.45000000000000007,-0.024231909362047166,0.02644634335017118
5,22,-0.9500000000000002,0.45000000000000007,-0.02514414842923418,0.02862431468946977
6,22,-0.9000000000000001,0.45000000000000007,-0.02157916860406714,0.0268883051789319
7,22,-0.8500000000000001,0.45000000000000007,-0.01565411403694747,0.022820874657522167
8,22,-0.8000000000000002,0.45000000000000007,-0.010931131430816504,0.019419598301644025
9,22,-0.7500000000000002,0.45000000000000007,-0.011048695379082124,0.019226770848675273
10,22,-0.7000000000000002,0.45000000000000007,-0.019166466986157704,0.023140659806071412
11,22,-0.6500000000000001,0.45000000000000007,-0.03546734163232035,0.029337778148208066
12,22,-0.6000000000000001,0.45000000000000007,-0.05334653390928104,0.033154468695937994
13,22,-0.5500000000000002,0.45000000000000007,-0.06378867968780608,0.030600576547545055
14,22,-0.5000000000000001,0.45000000000000007,-0.06958664476045748,0.023139544298293874
15,22,-0.4500000000000002,0.45000000000000007,-0.08868893706099445,0.016862025152852844
16,22,-0.40000000000000013,0.45000000000000007,-0.13362391019166142,0.01711325432004085
17,22,-0.3500000000000001,0.45000000000000007,-0.1903715765593926,0.024923051119079415
18,22,-0.30000000000000016,0.45000000000000007,-0.22743125425751617,0.03540565518006397
19,22,-0.2500000000000001,0.45000000000000007,-0.224902495537228,0.04072232140640834
20,22,-0.20000000000000018,0.45000000000000007,-0.18720631323742232,0.03855756478286468
21,22,-0.15000000000000013,0.45000000000000007,-0.13324820818686164,0.03379987320254317
22,22,-0.10000000000000009,0.45000000000000007,-0.08151596490267833,0.030892469606249758
23,22,-0.050000000000000044,0.45000000000000007,-0.04010413101409975,0.030143465329105952
24,22,0.0,0.45000000000000007,-0.007056917260638666,0.03045308353156433
25,22,0.04999999999999982,0.45000000000000007,0.02110053820486249,0.031025614012459724
26,22,0.09999999999999987,0.45000000000000007,0.04235038377064373,0.03130204425134779
27,22,0.1499999999999999,0.45000000000000007,0.05052083278582458,0.03132178522622396
28,22,0.19999999999999996,0.45000000000000007,0.044048490714828914,0.03122407518694397
29,22,0.25,0.45000000000000007,0.03175401179445026,0.03034855024405033
30,22,0.2999999999999998,0.45000000000000007,0.02678096566946675,0.02817450060710016
31,22,0.34999999999999987,0.45000000000000007,0.03649620458842123,0.02525435053845216
32,22,0.3999999999999999,0.45000000000000007,0.06053933120292329,0.022287983085772303
33,22,0.44999999999999996,0.45000000000000007,0.0925291278817342,0.019913039364380727
34,22,0.5,0.45000000000000007,0.11801283733778985,0.019660662973915166
35,22,0.5499999999999998,0.45000000000000007,0.1203872641976484,0.023154403753285965
36,22,0.5999999999999999,0.45000000000000007,0.0988398332199495,0.030029036918888252
37,22,0.6499999999999999,0.45000000000000007,0.07022179419579645,0.0380164052116095
38,22,0.7,0.45000000000000007,0.048361609972772945,0.04482182496985329
39,22,0.75,0.45000000000000007,0.033970367766248954,0.049236211313042
40,22,0.7999999999999998,0.45000000000000007,0.02806003819776609,0.05131926898355968
0,23,-1.2000000000000002,0.5000000000000001,-0.008497285831624846,0.023892182747456553
1,23,-1.1500000000000001,0.5000000000000001,-0.009563035877685477,0.019970811648168524
2,23,-1.1,0.5000000000000001,-0.011905001215962718,0.01719204322228926
3,23,-1.0500000000000003,0.5000000000000001,-0.015114732012346116,0.017594026125201945
4,23,-1.0000000000000002,0.5000000000000001,-0.019287834068604653,0.02143558452612007
5,23,-0.9500000000000002,0.5000000000000001,-0.02267951500863119,0.026177939350188334
6,23,-0.9000000000000001,0.5000000000000001,-0.02282251564041146,0.028596660039788002
7,23,-0.8500000000000001,0.5000000000000001,-0.019113156286098415,0.027491287053528074
8,23,-0.8000000000000002,0.5000000000000001,-0.013763590566217287,0.024315079102123216
9,23,-0.7500000000000002,0.5000000000000001,-0.011008949132459561,0.021706257054742023
10,23,-0.7000000000000002,0.5000000000000001,-0.016065638809889676,0.021526562882815403
11,23,-0.6500000000000001,0.5000000000000001,-0.031954754833660726,0.023324933926437696
12,23,-0.6000000000000001,0.5000000000000001,-0.053576316999216916,0.02392080389862883
13,23,-0.5500000000000002,0.5000000000000001,-0.06934076039593784,0.01999296015386315
14,23,-0.5000000000000001,0.5000000000000001,-0.07684202604299556,0.012537618061393974
15,23,-0.4500000000000002,0.5000000000000001,-0.09146138850630758,0.0071173311094069325
16,23,-0.40000000000000013,0.5000000000000001,-0.12824577212567329,0.009099564671733729
17,23,-0.3500000000000001,0.5000000000000001,-0.17928871899046087,0.019174724764721568
18,23,-0.30000000000000016,0.5000000000000001,-0.21824462696662236,0.031338965277076594
19,23,-0.2500000000000001,0.5000000000000001,-0.2231639418471528,0.03742475861594152
20,23,-0.20000000000000018,0.5000000000000001,-0.19102481675634006,0.03602159181932532
21,23,-0.15000000000000013,0.5000000000000001,-0.13742813900848933,0.03217895647902862
22,23,-0.10000000000000009,0.5000000000000001,-0.08366823505552251,0.029566324205891788
23,23,-0.050000000000000044,0.5000000000000001,-0.040640280729217354,0.028438897181822208
24,23,0.0,0.5000000000000001,-0.006849436452034709,0.02837874976933219
25,23,0.04999999999999982,0.5000000000000001,0.021264719139982118,0.028895966481290447
26,23,0.09999999999999987,0.5000000000000001,0.041949125366260755,0.028965910499635164
27,23,0.1499999999999999,0.5000000000000001,0.04965921505795178,0.028011921503442068
28,23,0.19999999999999996,0.5000000000000001,0.0429491593086451,0.026505095848468017
29,23,0.25,0.5000000000000001,0.030325544599228843,0.025023715319216662
30,23,0.2999999999999998,0.5000000000000001,0.025052253960214585,0.023717074398103555
31,23,0.34999999999999987,0.5000000000000001,0.03462904542057995,0.022573885538821475
32,23,0.3999999999999999,0.5000000000000001,0.05853303042328419,0.021180069285024576
33,23,0.44999999999999996,0.5000000000000001,0.09100551331428626,0.01914381710723667
34,23,0.5,0.5000000000000001,0.11891603011110127,0.017841831136730033
35,23,0.5499999999999998,0.5000000000000001,0.12554905979083902,0.02052558218076768
36,23,0.5999999999999999,0.5000000000000001,0.10759510362860693,0.028782614116767344
37,23,0.6499999999999999,0.5000000000000001,0.0792423529198634,0.03926852921423314
38,23,0.7,0.5000000000000001,0.05432968097600209,0.0463671534030817
39,23,0.75,0.5000000000000001,0.036049156828554946,0.047924107746411676
40,23,0.7999999999999998,0.5000000000000001,0.02837460856805557,0.04594502688107738
0,24,-1.2000000000000002,0.5500000000000002,-0.014147542646964772,0.034322738032795674
1,24,-1.1500000000000001,0.5500000000000002,-0.015075223765825957,0.02891064467943988
2,24,-1.1,0.5500000000000002,-0.015788135674888043,0.02264701152221965
3,24,-1.0500000000000003,0.5500000000000002,-0.015219682638132198,0.017984152322358116
4,24,-1.0000000000000002,0.5500000000000002,-0.015647996137060777,0.017379525250589695
5,24,-0.9500000000000002,0.5500000000000002,-0.01798307291556625,0.020695145168210805
6,24,-0.9000000000000001,0.5500000000000002,-0.0202658209007274,0.025094205689487198
7,24,-0.8500000000000001,0.5500000000000002,-0.019935694974612256,0.027434846714583655
8,24,-0.8000000000000002,0.5500000000000002,-0.016716161429602555,0.026566846864617133
9,24,-0.7500000000000002,0.5500000000000002,-0.013837211598389937,0.023644301738760115
10,24,-0.7000000000000002,0.5500000000000002,-0.01754779011446203,0.02052649229078385
11,24,-0.6500000000000001,0.5500000000000002,-0.03307310061650692,0.017881103286447875
12,24,-0.6000000000000001,0.5500000000000002,-0.05667850768185559,0.014636842812652678
13,24,-0.5500000000000002,0.5500000000000002,-0.07517186552504093,0.009556336962139311
14,24,-0.5000000000000001,0.5500000000000002,-0.0824622738049137,0.00372625815087832
15,24,-0.4500000000000002,0.5500000000000002,-0.0921269904506547,0.0007320160240724405
16,24,-0.40000000000000013,0.5500000000000002,-0.12156651653634679,0.0038442292289059266
17,24,-0.3500000000000001,0.5500000000000002,-0.16813217595404972,0.012824268120140425
18,24,-0.30000000000000016,0.5500000000000002,-0.20918122040629622,0.022801472300067252
19,24,-0.2500000000000001,0.5500000000000002,-0.22021986899497928,0.028478108534900418
20,24,-0.20000000000000018,0.5500000000000002,-0.1924521153743352,0.029645253557721366
21,24,-0.15000000000000013,0.5500000000000002,-0.13970347580029518,0.029173559690405908
22,24,-0.10000000000000009,0.5500000000000002,-0.08525602419988475,0.02837896989062054
23,24,-0.050000000000000044,0.5500000000000002,-0.04129170545065935,0.027555530775328456
24,24,0.0,0.5500000000000002,-0.006599847961170427,0.027476596217259723
25,24,0.04999999999999982,0.5500000000000002,0.021687698935165464,0.02826961935061361
26,24,0.09999999999999987,0.5500000000000002,0.04146633879279535,0.02868472100583077
27,24,0.1499999999999999,0.5500000000000002,0.048060018134657434,0.02759753818542144
28,24,0.19999999999999996,0.5500000000000002,0.04106028453060351,0.02551095215657599
29,24,0.25,0.5500000000000002,0.0289659903440858,0.02384211234313198
30,24,0.2999999999999998,0.5500000000000002,0.024331135889071563,0.023255205682784635
31,24,0.34999999999999987,0.5500000000000002,0.033959199475342254,0.023247536264861153
32,24,0.3999999999999999,0.5500000000000002,0.05710926277133849,0.022635013908495066
33,24,0.44999999999999996,0.5500000000000002,0.08919088973343967,0.020609764962719185
34,24,0.5,0.5500000000000002,0.11939460241132085,0.01870280391869268
35,24,0.5499999999999998,0.5500000000000002,0.1313280471776857,0.021053485163692806
36,24,0.5999999999999999,0.5500000000000002,0.11758278025341497,0.029742465376695337
37,24,0.6499999999999999,0.5500000000000002,0.08780633348211081,0.04003090731708139
38,24,0.7,0.5500000000000002,0.05701718850495148,0.04480671437955164
39,24,0.75,0.5500000000000002,0.03354824124424463,0.04285467336801338
40,24,0.7999999999999998,0.5500000000000002,0.024101876467097494,0.03802039976234087
0,25,-1.2000000000000002,0.6,-0.019321472538336437,0.03827548803651021
1,25,-1.1500000000000001,0.6,-0.0212387623882615,0.03537552081997006
2,25,-1.1,0.6,-0.02283149357304448,0.02995773251999026
3,25,-1.0500000000000003,0.6,-0.020382218283976072,0.023062540452911395
4,25,-1.0000000000000002,0.6,-0.016576841222751965,0.017739974637619588
5,25,-0.9500000000000002,0.6,-0.014964834569733687,0.016558816134160104
6,25,-0.9000000000000001,0.6,-0.01608281409403861,0.0192430923904649
7,25,-0.8500000000000001,0.6,-0.01764051511096848,0.023101660502882065
8,25,-0.8000000000000002,0.6,-0.017554135542040827,0.02532773359023327
9,25,-0.7500000000000002,0.6,-0.017049303706292845,0.024894214966636047
10,25,-0.7000000000000002,0.6,-0.021828837262201917,0.02232015650741992
11,25,-0.6500000000000001,0.6,-0.037844404311791896,0.01808766720888519
12,25,-0.6000000000000001,0.6,-0.06190108332352548,0.012322672231988574
13,25,-0.5500000000000002,0.6,-0.0802513450577122,0.006071085146475419
14,25,-0.5000000000000001,0.6,-0.08566634698106243,0.001366545190882723
15,25,-0.4500000000000002,0.6,-0.09134341742827998,-4.675241363341631e-05
16,25,-0.40000000000000013,0.6,-0.1161535200296053,0.00264111394415123
17,25,-0.3500000000000001,0.6,-0.16033147591929953,0.008478034742359364
18,25,-0.30000000000000016,0.6,-0.20259078655186238,0.014564671128895826
19,25,-0.2500000000000001,0.6,-0.21632016058949868,0.018976949539880744
20,25,-0.20000000000000018,0.6,-0.19032936560083458,0.022429190520011147
21,25,-0.15000000000000013,0.6,-0.13869442267559015,0.025346816244104682
22,25,-0.10000000000000009,0.6,-0.08528626397059996,0.0266795421551691
23,25,-0.050000000000000044,0.6,-0.04154265440257817,0.026534498007958207
24,25,0.0,0.6,-0.006135347876749554,0.026574303756641375
25,25,0.04999999999999982,0.6,0.022472843928553164,0.027508965991414856
26,25,0.09999999999999987,0.6,0.041277044201068584,0.028135064888318816
27,25,0.1499999999999999,0.6,0.046485446208697004,0.027173398643700747
28,25,0.19999999999999996,0.6,0.03919373346635564,0.025170377322869565
29,25,0.25,0.6,0.028069798125437487,0.023894305716840557
30,25,0.2999999999999998,0.6,0.024457677881943758,0.024175245521738074
31,25,0.34999999999999987,0.6,0.03400885364629038,0.02512676790090554
32,25,0.3999999999999999,0.6,0.055895259121142224,0.02509728175089862
33,25,0.44999999999999996,0.6,0.08707330332448387,0.02311504770374055
34,25,0.5,0.6,0.1193597503120749,0.02072141632210131
35,25,0.5499999999999998,0.6,0.13658872124884167,0.02222370636822235
36,25,0.5999999999999999,0.6,0.12657252578199552,0.02988469123091718
37,25,0.6499999999999999,0.6,0.0943066019227197,0.03889898490459072
38,25,0.7,0.6,0.057153447026934076,0.04237552891519045
39,25,0.75,0.6,0.029262842211344176,0.039810726695962556
40,25,0.7999999999999998,0.6,0.018706061356710546,0.035290173485986315
0,26,-1.2000000000000002,0.65,-0.019947477080045073,0.03269702157070578
1,26,-1.1500000000000001,0.65,-0.023392979282345905,0.03454674228888399
2,26,-1.1,0.65,-0.028101116041946705,0.0339692121928524
3,26,-1.0500000000000003,0.65,-0.02743744052050287,0.029590012696476542
4,26,-1.0000000000000002,0.65,-0.02215172045581207,0.022740535424995295
5,26,-0.9500000000000002,0.65,-0.01647995516272094,0.017043541283630753
6,26,-0.9000000000000001,0.65,-0.013722976532005438,0.0152645259304382
7,26,-0.8500000000000001,0.65,-0.013851053774843886,0.01731669191974261
8,26,-0.8000000000000002,0.65,-0.014923606965848574,0.020978286476168867
9,26,-0.7500000000000002,0.65,-0.016844788681203288,0.023942328205063257
10,26,-0.7000000000000002,0.65,-0.02435433787221289,0.024688662964924002
11,26,-0.6500000000000001,0.65,-0.04307058489193827,0.021874254088769945
12,26,-0.6000000000000001,0.65,-0.06869508974426536,0.015126432800521145
13,26,-0.5500000000000002,0.65,-0.08612799256614678,0.0071952103752999375
14,26,-0.5000000000000001,0.65,-0.08858011136502253,0.0020903869285741894
15,26,-0.4500000000000002,0.65,-0.0908524216973862,0.0011450868434664807
16,26,-0.40000000000000013,0.65,-0.113041729380354,0.0033745361074588587
17,26,-0.3500000000000001,0.65,-0.15620861876930514,0.007110709704187257
18,26,-0.30000000000000016,0.65,-0.19868230560877484,0.01066722285698235
19,26,-0.2500000000000001,0.65,-0.21235534960386396,0.014044703922891782
20,26,-0.20000000000000018,0.65,-0.18608224867011128,0.01831046128111316
21,26,-0.15000000000000013,0.65,-0.13545312416513722,0.022613552948255802
22,26,-0.10000000000000009,0.65,-0.08406834243603122,0.02487290304801354
23,26,-0.050000000000000044,0.65,-0.04139694384918707,0.025069594015543796
24,26,0.0,0.65,-0.005625379977713778,0.025048912908588565
25,26,0.04999999999999982,0.65,0.023248460066842905,0.025691065361823848
26,26,0.09999999999999987,0.65,0.04113077144508124,0.02602595277276326
27,26,0.1499999999999999,0.65,0.045095330569208184,0.025041057998343684
28,26,0.19999999999999996,0.65,0.03778119160374332,0.023393951534886742
29,26,0.25,0.65,0.027970858542954308,0.02281701707058454
30,26,0.2999999999999998,0.65,0.025563598073136545,0.024040788978212692
31,26,0.34999999999999987,0.65,0.0348812357045028,0.02595535182878285
32,26,0.3999999999999999,0.65,0.0550975425741735,0.026687261985643
33,26,0.44999999999999996,0.65,0.08481502430464236,0.025098775733545034
34,26,0.5,0.65,0.11850326107580265,0.022392494307919078
35,26,0.5499999999999998,0.65,0.14049132208650159,0.022689066285576584
36,26,0.5999999999999999,0.65,0.13425805878978334,0.028959069946716126
37,26,0.6499999999999999,0.65,0.10029717116638408,0.037598247028046775
38,26,0.7,0.65,0.05792893029632332,0.04213312308372602
39,26,0.75,0.65,0.0264628858150405,0.041436440909212724
40,26,0.7999999999999998,0.65,0.015060770047145011,0.038766165165848576
0,27,-1.2000000000000002,0.7000000000000001,-0.015622031101980016,0.021675427186041846
1,27,-1.1500000000000001,0.7000000000000001,-0.019966571766114882,0.02693593512262865
2,27,-1.1,0.7000000000000001,-0.02778822316545193,0.03168964444340505
3,27,-1.0500000000000003,0.7000000000000001,-0.03161089505183318,0.033002845630066
4,27,-1.0000000000000002,0.7000000000000001,-0.029123312635597753,0.029205410747665805
5,27,-0.9500000000000002,0.7000000000000001,-0.022440844064290782,0.022205499528610978
6,27,-0.9000000000000001,0.7000000000000001,-0.015809663457926754,0.01604013790034539
7,27,-0.8500000000000001,0.7000000000000001,-0.011926754565237813,0.01361525269713934
8,27,-0.8000000000000002,0.7000000000000001,-0.010928499256720181,0.015042270230493232
9,27,-0.7500000000000002,0.7000000000000001,-0.01333892721753771,0.018246594263561094
10,27,-0.7000000000000002,0.7000000000000001,-0.023896911378495228,0.020201236132646044
11,27,-0.6500000000000001,0.7000000000000001,-0.04740663447619475,0.01806928097382768
12,27,-0.6000000000000001,0.7000000000000001,-0.07658012703699549,0.011473242281086204
13,27,-0.5500000000000002,0.7000000000000001,-0.09328739092965915,0.004147103664892959
14,27,-0.5000000000000001,0.7000000000000001,-0.09171647051289589,0.0004637486330298646
15,27,-0.4500000000000002,0.7000000000000001,-0.09005926824939531,0.001170752993850388
16,27,-0.40000000000000013,0.7000000000000001,-0.11018789716888452,0.004532052644053153
17,27,-0.3500000000000001,0.7000000000000001,-0.15303878916977603,0.008537517548562329
18,27,-0.30000000000000016,0.7000000000000001,-0.19565679233315786,0.011841282469004719
19,27,-0.2500000000000001,0.7000000000000001,-0.20867692216536787,0.015022962152369188
20,27,-0.20000000000000018,0.7000000000000001,-0.18176051657547057,0.01910891813179466
21,27,-0.15000000000000013,0.7000000000000001,-0.13213198090868977,0.02293991507162932
22,27,-0.10000000000000009,0.7000000000000001,-0.08283022290331198,0.024663564652403387
23,27,-0.050000000000000044,0.7000000000000001,-0.041366644542003145,0.0245034827246313
24,27,0.0,0.7000000000000001,-0.0055138765304695025,0.023983456134979188
25,27,0.04999999999999982,0.7000000000000001,0.02344988379272786,0.02371260736539517
26,27,0.09999999999999987,0.7000000000000001,0.04062703683758842,0.023098131506251417
27,27,0.1499999999999999,0.7000000000000001,0.043853444970820485,0.021746163509571946
28,27,0.19999999999999996,0.7000000000000001,0.0369696925385965,0.020459231621459475
29,27,0.25,0.7000000000000001,0.028716635568763436,0.020636111827057116
30,27,0.2999999999999998,0.7000000000000001,0.027596012640142067,0.02266720465846292
31,27,0.34999999999999987,0.7000000000000001,0.03665532665372069,0.02531334586614746
32,27,0.3999999999999999,0.7000000000000001,0.05503868302590441,0.02673084633133184
33,27,0.44999999999999996,0.7000000000000001,0.08277853564675995,0.02568192744816962
34,27,0.5,0.7000000000000001,0.11695004086410644,0.02279703102885937
35,27,0.5499999999999998,0.7000000000000001,0.14315529688763873,0.021778966820686155
36,27,0.5999999999999999,0.7000000000000001,0.1414817065244657,0.026563747838721022
37,27,0.6499999999999999,0.7000000000000001,0.10748065505972959,0.035220141179932996
38,27,0.7,0.7000000000000001,0.060991640908100025,0.04150943965092746
39,27,0.75,0.7000000000000001,0.02589588429346673,0.043032447362920945
40,27,0.7999999999999998,0.7000000000000001,0.01336550986998225,0.04202945210689715
0,28,-1.2000000000000002,0.7500000000000001,-0.009426461206871461,0.011319852760065252
1,28,-1.1500000000000001,0.7500000000000001,-0.013378762024982699,0.01690988862111567
2,28,-1.1,0.7500000000000001,-0.022034205534509355,0.0241624838522099
3,28,-1.0500000000000003,0.7500000000000001,-0.029921674216242117,0.03061119505203394
4,28,-1.0000000000000002,0.7500000000000001,-0.03294906655726709,0.032668059448889564
5,28,-0.9500000000000002,0.7500000000000001,-0.029645228010041352,0.02889303370682647
6,28,-0.9000000000000001,0.7500000000000001,-0.022313223363477075,0.021575406310511275
7,28,-0.8500000000000001,0.7500000000000001,-0.014848921444696045,0.014766956839069312
8,28,-0.8000000000000002,0.7500000000000001,-0.01029226539942682,0.011088430775580416
9,28,-0.7500000000000002,0.7500000000000001,-0.011685822779050475,0.009976363906616104
10,28,-0.7000000000000002,0.7500000000000001,-0.024531651161946305,0.008520261648036626
11,28,-0.6500000000000001,0.7500000000000001,-0.05179857874349811,0.004615254332437507
12,28,-0.6000000000000001,0.7500000000000001,-0.08261726705320008,-0.00010627524875031491
13,28,-0.5500000000000002,0.7500000000000001,-0.09713748621420312,-0.001980421671446131
14,28,-0.5000000000000001,0.7500000000000001,-0.0915564620360651,3.792610403299812e-05
15,28,-0.4500000000000002,0.7500000000000001,-0.0867841176863629,0.004254883136894788
16,28,-0.40000000000000013,0.7500000000000001,-0.10567496482564206,0.00918365689427686
17,28,-0.3500000000000001,0.7500000000000001,-0.14889938894435356,0.013712855732170293
18,28,-0.30000000000000016,0.7500000000000001,-0.19219686100496797,0.017165592185020354
19,28,-0.2500000000000001,0.7500000000000001,-0.205087713941074,0.020566997319626384
20,28,-0.20000000000000018,0.7500000000000001,-0.17816529575085116,0.02468768588142857
21,28,-0.15000000000000013,0.7500000000000001,-0.1298984776445285,0.02790606374759759
22,28,-0.10000000000000009,0.7500000000000001,-0.08250477478302924,0.028705593125129825
23,28,-0.050000000000000044,0.7500000000000001,-0.04207705236661127,0.027752742066407543
24,28,0.0,0.7500000000000001,-0.006416255336949908,0.026233056496658136
25,28,0.04999999999999982,0.7500000000000001,0.022363135438115134,0.024379913571371536
26,28,0.09999999999999987,0.7500000000000001,0.039164327589258016,0.02207026209078082
27,28,0.1499999999999999,0.7500000000000001,0.04245643068441624,0.019767136313057314
28,28,0.19999999999999996,0.7500000000000001,0.03667113992122849,0.01855804303445837
29,28,0.25,0.7500000000000001,0.03017883157995775,0.019387520223962465
30,28,0.2999999999999998,0.7500000000000001,0.03024083211222689,0.022016971903079108
31,28,0.34999999999999987,0.7500000000000001,0.03894487737737172,0.02494568082308697
32,28,0.3999999999999999,0.7500000000000001,0.05546612415619566,0.026533810835418642
33,28,0.44999999999999996,0.7500000000000001,0.08088120900216988,0.025711709822616516
34,28,0.5,0.7500000000000001,0.11460030044831919,0.022546900574023504
35,28,0.5499999999999998,0.7500000000000001,0.14425803889636324,0.01993127317454539
36,28,0.5999999999999999,0.7500000000000001,0.14769923314903016,0.022240622770194896
37,28,0.6499999999999999,0.7500000000000001,0.11524286297859052,0.029250554311906346
38,28,0.7,0.7500000000000001,0.06574123647931127,0.035682416102068015
39,28,0.75,0.7500000000000001,0.02698289827101019,0.038391182522642675
40,28,0.7999999999999998,0.7500000000000001,0.013054779535097427,0.03853037713516541
0,29,-1.2000000000000002,0.8000000000000002,-0.004441959379879179,0.004675327354837916
1,29,-1.1500000000000001,0.8000000000000002,-0.007123940673970236,0.008567657706052001
2,29,-1.1,0.8000000000000002,-0.014086916734533661,0.015023914371569136
3,29,-1.0500000000000003,0.8000000000000002,-0.02310531945515351,0.023322934566960274
4,29,-1.0000000000000002,0.8000000000000002,-0.030841473980805223,0.030422366911838916
5,29,-0.9500000000000002,0.8000000000000002,-0.03353349720266907,0.03266802496453933
6,29,-0.9000000000000001,0.8000000000000002,-0.029935740325683913,0.028858004964305434
7,29,-0.8500000000000001,0.8000000000000002,-0.02241373010016867,0.02123610997978448
8,29,-0.8000000000000002,0.8000000000000002,-0.01571909218917339,0.013328879714403913
9,29,-0.7500000000000002,0.8000000000000002,-0.0159070963450815,0.006686423669712144
10,29,-0.7000000000000002,0.8000000000000002,-0.029258020952673824,0.0004047483890103065
11,29,-0.6500000000000001,0.8000000000000002,-0.056033171372981694,-0.005344974849623707
12,29,-0.6000000000000001,0.8000000000000002,-0.08317580304087913,-0.006951544591656672
13,29,-0.5500000000000002,0.8000000000000002,-0.09314318957687584,-0.001955977182698798
14,29,-0.5000000000000001,0.8000000000000002,-0.08548116570455497,0.006473338948481261
15,29,-0.4500000000000002,0.8000000000000002,-0.08091353745915145,0.013853024282140525
16,29,-0.40000000000000013,0.8000000000000002,-0.10072992457360902,0.019054715628117613
17,29,-0.3500000000000001,0.8000000000000002,-0.14505685387903255,0.022599433783708767
18,29,-0.30000000000000016,0.8000000000000002,-0.18880265074570177,0.025356648721009747
19,29,-0.2500000000000001,0.8000000000000002,-0.20115482846895966,0.02910602127260846
20,29,-0.20000000000000018,0.8000000000000002,-0.17442145014749935,0.03406780641184062
21,29,-0.15000000000000013,0.8000000000000002,-0.1281140736649885,0.03763441769770039
22,29,-0.10000000000000009,0.8000000000000002,-0.08298354458450202,0.03814560830399782
23,29,-0.050000000000000044,0.8000000000000002,-0.043839181170474834,0.03652113967682936
24,29,0.0,0.8000000000000002,-0.008886705025505509,0.03374400750794038
25,29,0.04999999999999982,0.8000000000000002,0.019287089386850545,0.029886910837041043
26,29,0.09999999999999987,0.8000000000000002,0.0360142595792742,0.025432416064866056
27,29,0.1499999999999999,0.8000000000000002,0.040341225914498034,0.021802737657230578
28,29,0.19999999999999996,0.8000000000000002,0.03659007644950165,0.02045759099992321
29,29,0.25,0.8000000000000002,0.032175564437384174,0.02185477102254113
30,29,0.2999999999999998,0.8000000000000002,0.033154173239266574,0.024953579802358822
31,29,0.34999999999999987,0.8000000000000002,0.041172165586060225,0.027824109650448486
32,29,0.3999999999999999,0.8000000000000002,0.05580471202543395,0.029052263724451202
33,29,0.44999999999999996,0.8000000000000002,0.07879162538536481,0.027988114951851134
34,29,0.5,0.8000000000000002,0.11116960421603532,0.024323461072743927
35,29,0.5499999999999998,0.8000000000000002,0.14284901908381012,0.01978580169353615
36,29,0.5999999999999999,0.8000000000000002,0.15080098766182665,0.018282934401858755
37,29,0.6499999999999999,0.8000000000000002,0.12092244839160271,0.021043413024489643
38,29,0.7,0.8000000000000002,0.07013226911883635,0.02490637956528624
39,29,0.75,0.8000000000000002,0.028743845326564127,0.027115850073027026
40,29,0.7999999999999998,0.8000000000000002,0.013643899095027723,0.027731564266761377
0,30,-1.2000000000000002,0.85,-0.0016418005044432915,0.0014416563258137782
1,30,-1.1500000000000001,0.85,-0.003030175008251479,0.003430974599554909
2,30,-1.1,0.85,-0.007278928673601082,0.007548029022952235
3,30,-1.0500000000000003,0.85,-0.014523221675972336,0.01449301863800781
4,30,-1.0000000000000002,0.85,-0.02360397615968804,0.023256981245967645
5,30,-0.9500000000000002,0.85,-0.031209589957574835,0.030675854706376376
6,30,-0.9000000000000001,0.85,-0.03374513834823192,0.03326680368968257
7,30,-0.8500000000000001,0.85,-0.030378046694597566,0.029910949617169835
8,30,-0.8000000000000002,0.85,-0.024841951709499155,0.022538718415186926
9,30,-0.7500000000000002,0.85,-0.02460995410444408,0.013873216115819348
10,30,-0.7000000000000002,0.85,-0.036563049681282156,0.005580347052216855
11,30,-0.6500000000000001,0.85,-0.05915487172416509,-0.00029640973621333777
12,30,-0.6000000000000001,0.85,-0.07922826938627517,-0.00020820060984194644
13,30,-0.5500000000000002,0.85,-0.08371260267406519,0.007067814498858127
14,30,-0.5000000000000001,0.85,-0.07574746057122578,0.017429687619675283
15,30,-0.4500000000000002,0.85,-0.07420274100672655,0.025722597968122624
16,30,-0.40000000000000013,0.85,-0.09692855532407382,0.03049729272835977
17,30,-0.3500000000000001,0.85,-0.14259745585146144,0.033172588800435
18,30,-0.30000000000000016,0.85,-0.1856902735160683,0.035823933259298835
19,30,-0.2500000000000001,0.85,-0.19637655625024314,0.04017156510882927
20,30,-0.20000000000000018,0.85,-0.16963689932575923,0.04563279644742943
21,30,-0.15000000000000013,0.85,-0.1258206757523713,0.04937180754070236
22,30,-0.10000000000000009,0.85,-0.08361805280390026,0.049945874849541584
23,30,-0.050000000000000044,0.85,-0.046478653162668714,0.04812951884145711
24,30,0.0,0.85,-0.013050484176738222,0.04446278189786476
25,30,0.04999999999999982,0.85,0.014051543995040813,0.03901756638205543
26,30,0.09999999999999987,0.85,0.03108015440944755,0.032966207757481325
27,30,0.1499999999999999,0.85,0.0374816056194734,0.028522274765424398
28,30,0.19999999999999996,0.85,0.03672317328653904,0.027332129655878584
29,30,0.25,0.85,0.03467482038239336,0.029390653493934424
30,30,0.2999999999999998,0.85,0.036210170740134245,0.0330484828061129
31,30,0.34999999999999987,0.85,0.0430435612994641,0.03596568090061453
32,30,0.3999999999999999,0.85,0.05563012945759831,0.03663246120119673
33,30,0.44999999999999996,0.85,0.07615240635046261,0.034668822520854126
34,30,0.5,0.85,0.1063979871900042,0.029855477478502035
35,30,0.5499999999999998,0.85,0.13821751222547807,0.023046229062251913
36,30,0.5999999999999999,0.85,0.14895684447998367,0.01703649643088251
37,30,0.6499999999999999,0.85,0.121866308142018,0.013954916848123028
38,30,0.7,0.85,0.07181367352784865,0.013333537647027965
39,30,0.75,0.85,0.029808082972485328,0.013656291066857923
40,30,0.7999999999999998,0.85,0.01428620792256613,0.01405151632548618
0,31,-1.2000000000000002,0.9,-0.0004633228323969174,0.00014903893913273403
1,31,-1.1500000000000001,0.9,-0.0010175679768317791,0.0009290470848088983
2,31,-1.1,0.9,-0.0030248726960807604,0.002929043391797226
3,31,-1.0500000000000003,0.9,-0.007396367232138101,0.007221553591769819
4,31,-1.0000000000000002,0.9,-0.014658637912436656,0.014436469537225521
5,31,-0.9500000000000002,0.9,-0.023523674758954144,0.023512617019346288
6,31,-0.9000000000000001,0.9,-0.030700645414890454,0.0314571270283287
7,31,-0.8500000000000001,0.9,-0.03314181537466432,0.035079348977480884
8,31,-0.8000000000000002,0.9,-0.03175682569052388,0.03339914213160322
9,31,-0.7500000000000002,0.9,-0.03286546770805157,0.028032677356859687
10,31,-0.7000000000000002,0.9,-0.04342764680470651,0.021587277682655476
11,31,-0.6500000000000001,0.9,-0.061821719035040495,0.01670197511793911
12,31,-0.6000000000000001,0.9,-0.07581157880580766,0.015963766897351683
13,31,-0.5500000000000002,0.9,-0.07550530134735861,0.020519347134575067
14,31,-0.5000000000000001,0.9,-0.06682638223529047,0.02840426352342093
15,31,-0.4500000000000002,0.9,-0.06784593235046696,0.03583596192919425
16,31,-0.40000000000000013,0.9,-0.09327993374129664,0.04086920913539627
17,31,-0.3500000000000001,0.9,-0.1397302133480935,0.04465875091627436
18,31,-0.30000000000000016,0.9,-0.1818036744373075,0.04877375474776513
19,31,-0.2500000000000001,0.9,-0.19134596528082906,0.053165096068470696
20,31,-0.20000000000000018,0.9,-0.16522120771562626,0.056704460227026965
21,31,-0.15000000000000013,0.9,-0.12380099526287637,0.05841350506710495
22,31,-0.10000000000000009,0.9,-0.08422583328374728,0.05831297131536052
23,31,-0.050000000000000044,0.9,-0.049322274122151656,0.05668571262248529
24,31,0.0,0.9,-0.017998657484907185,0.05311623814020828
25,31,0.04999999999999982,0.9,0.0077905152464671085,0.04752958731109109
26,31,0.09999999999999987,0.9,0.025518967962643163,0.041455742941564726
27,31,0.1499999999999999,0.9,0.03470714781289529,0.03732615129360933
28,31,0.19999999999999996,0.9,0.037458455178011676,0.036712554512601664
29,31,0.25,0.9,0.03789191758761849,0.039468829578741815
30,31,0.2999999999999998,0.9,0.03972920064594668,0.043901514376186376
31,31,0.34999999999999987,0.9,0.04475614398114405,0.04737946952037275
32,31,0.3999999999999999,0.9,0.05450785364567355,0.04767510985277404
33,31,0.44999999999999996,0.9,0.07201464166267012,0.044216378464662295
34,31,0.5,0.9,0.09954701075743311,0.037558796276044304
35,31,0.5499999999999998,0.9,0.1300300380361906,0.028508958173940196
36,31,0.5999999999999999,0.9,0.14170967544769777,0.018479793016429116
37,31,0.6499999999999999,0.9,0.11721948960774817,0.009830932615832455
38,31,0.7,0.9,0.06983364333757125,0.0046136243797822996
39,31,0.75,0.9,0.02946182400502234,0.0027447766109696403
40,31,0.7999999999999998,0.9,0.014434349612284236,0.0026183913353391985
0,32,-1.2000000000000002,0.9500000000000001,-8.178421309096295e-05,-0.0003522492635799068
1,32,-1.1500000000000001,0.9500000000000001,-0.0002501705555869871,-0.00011499766992537075
2,32,-1.1,0.9500000000000001,-0.0009864221666401607,0.0006413238997110549
3,32,-1.0500000000000003,0.9500000000000001,-0.003015795530544041,0.0026821907020932456
4,32,-1.0000000000000002,0.9500000000000001,-0.0073129127321115706,0.007083695957296604
5,32,-0.9500000000000002,0.9500000000000001,-0.014188932466471654,0.014457424468196645
6,32,-0.9000000000000001,0.9500000000000001,-0.022178406390097327,0.02384092698110421
7,32,-0.8500000000000001,0.9500000000000001,-0.028436031591323047,0.03252772139074517
8,32,-0.8000000000000002,0.9500000000000001,-0.03188862333012035,0.03769593300119875
9,32,-0.7500000000000002,0.9500000000000001,-0.03642181855339183,0.03841514541612023
10,32,-0.7000000000000002,0.9500000000000001,-0.04789375192020273,0.03598041421220208
11,32,-0.6500000000000001,0.9500000000000001,-0.06477838250946888,0.03281641299265323
12,32,-0.6000000000000001,0.9500000000000001,-0.07541089736963921,0.03147360197726767
13,32,-0.5500000000000002,0.9500000000000001,-0.07127210604799594,0.03368825967190514
14,32,-0.5000000000000001,0.9500000000000001,-0.060430845776606595,0.03917640938497349
15,32,-0.4500000000000002,0.9500000000000001,-0.061737795394751216,0.04566760858392804
16,32,-0.40000000000000013,0.9500000000000001,-0.08810576633699371,0.051549488885727496
17,32,-0.3500000000000001,0.9500000000000001,-0.13469291023909258,0.0574128534756585
18,32,-0.30000000000000016,0.9500000000000001,-0.17718392836387195,0.06302574514425785
19,32,-0.2500000000000001,0.9500000000000001,-0.1884458507709813,0.06585113066093926
20,32,-0.20000000000000018,0.9500000000000001,-0.16438849032712496,0.06488517451851729
21,32,-0.15000000000000013,0.9500000000000001,-0.12421216466403776,0.06237159653362932
22,32,-0.10000000000000009,0.9500000000000001,-0.08534584524851993,0.06050044039645826
23,32,-0.050000000000000044,0.9500000000000001,-0.051675386337820955,0.058968287528784746
24,32,0.0,0.9500000000000001,-0.022206609488132426,0.056240494483372795
25,32,0.04999999999999982,0.9500000000000001,0.0023910487963972604,0.05185116270706974
26,32,0.09999999999999987,0.9500000000000001,0.020876718391965796,0.047060246286900094
27,32,0.1499999999999999,0.9500000000000001,0.032738417190510335,0.0438662252061197
28,32,0.19999999999999996,0.9500000000000001,0.03886585157167152,0.043685780510142116
29,32,0.25,0.9500000000000001,0.041863780245978074,0.04667640865523563
30,32,0.2999999999999998,0.9500000000000001,0.04412081068176518,0.051594689901146434
31,32,0.34999999999999987,0.9500000000000001,0.04681715677605176,0.055775521243911774
32,32,0.3999999999999999,0.9500000000000001,0.05246703840188785,0.05622330099343924
33,32,0.44999999999999996,0.9500000000000001,0.06603609277373287,0.05200513166078759
34,32,0.5,0.9500000000000001,0.09069056689928211,0.044501668709956144
35,32,0.5499999999999998,0.9500000000000001,0.11913850896586288,0.034635337962062446
36,32,0.5999999999999999,0.9500000000000001,0.13027881892187593,0.022403314338597102
37,32,0.6499999999999999,0.9500000000000001,0.10800013950537118,0.009982911728744492
38,32,0.7,0.9500000000000001,0.06472751752298583,0.0013263509541026897
39,32,0.75,0.9500000000000001,0.027812849928042227,-0.002389282119448638
40,32,0.7999999999999998,0.9500000000000001,0.014033437371305246,-0.0031510207332523243
0,33,-1.2000000000000002,1.0,1.1180354912154744e-05,-0.000607628890802181
1,33,-1.1500000000000001,1.0,-2.399481354081745e-05,-0.0005562767971822868
2,33,-1.1,1.0,-0.000227684324062144,-0.00033860878544691997
3,33,-1.0500000000000003,1.0,-0.0009539951745525521,0.00041147375598155067
4,33,-1.0000000000000002,1.0,-0.002883404146333257,0.0024619405687742457
5,33,-0.9500000000000002,1.0,-0.006766443735146538,0.006848245677304743
6,33,-0.9000000000000001,1.0,-0.01263034849234193,0.014121880901133699
7,33,-0.8500000000000001,1.0,-0.01928680935456978,0.023310665688043575
8,33,-0.8000000000000002,1.0,-0.02586940166514881,0.031858275278824205
9,33,-0.7500000000000002,1.0,-0.034580986497048244,0.03720057057541776
10,33,-0.7000000000000002,1.0,-0.04902637922817352,0.03881910062547983
11,33,-0.6500000000000001,1.0,-0.0663285312699749,0.03879034956623187
12,33,-0.6000000000000001,1.0,-0.07493973212655575,0.04012405777740216
13,33,-0.5500000000000002,1.0,-0.06780249393965279,0.044148474104661606
14,33,-0.5000000000000001,1.0,-0.05484703332326757,0.04984668062488054
15,33,-0.4500000000000002,1.0,-0.055472852849712956,0.05574128134827272
16,33,-0.40000000000000013,1.0,-0.08153468884956619,0.06181119922042108
17,33,-0.3500000000000001,1.0,-0.12825395708956314,0.06877655755158613
18,33,-0.30000000000000016,1.0,-0.17336539725202674,0.07473516152145254
19,33,-0.2500000000000001,1.0,-0.18948653590656964,0.07530595862233189
20,33,-0.20000000000000018,1.0,-0.1687007418429362,0.06983938962705889
21,33,-0.15000000000000013,1.0,-0.1281857293849354,0.06316330951370526
22,33,-0.10000000000000009,1.0,-0.08762914228859185,0.05920197981439716
23,33,-0.050000000000000044,1.0,-0.05358222003523712,0.05733270905006395
24,33,0.0,1.0,-0.02511578230662219,0.055300888118328395
25,33,0.04999999999999982,1.0,-0.0013897329500055927,0.05222576357816193
26,33,0.09999999999999987,1.0,0.01753403046169312,0.04875952084590317
27,33,0.1499999999999999,1.0,0.031332682036137316,0.04622046148619843
28,33,0.19999999999999996,1.0,0.04026863862712761,0.04585449019500441
29,33,0.25,1.0,0.04580082697862281,0.0481227456607837
30,33,0.2999999999999998,1.0,0.04882831323462282,0.052266161109285614
31,33,0.34999999999999987,1.0,0.049384755073436856,0.05619725879100923
32,33,0.3999999999999999,1.0,0.050737464062549364,0.057276048912276445
33,33,0.44999999999999996,1.0,0.060293009379187024,0.054498192678817184
34,33,0.5,1.0,0.08217721705870797,0.04889837872234272
35,33,0.5499999999999998,1.0,0.10793168366483155,0.0405341233930924
36,33,0.5999999999999999,1.0,0.11705724921437982,0.028311673751085925
37,33,0.6499999999999999,1.0,0.09614252622325375,0.014383503459988317
38,33,0.7,1.0,0.05746144948937812,0.0038296778673441167
39,33,0.75,1.0,0.024984452317667327,-0.0012613747964758393
40,33,0.7999999999999998,1.0,0.012910872384676864,-0.002781683314863753
0,34,-1.2000000000000002,1.0500000000000003,2.0919974148825293e-05,-0.0007778525321479324
1,34,-1.1500000000000001,1.0500000000000003,1.884954976827391e-05,-0.0007791466676421166
2,34,-1.1,1.0500000000000003,-1.867161347632318e-05,-0.0007440997207576461
3,34,-1.0500000000000003,1.0500000000000003,-0.00021524617632287524,-0.000545417188555497
4,34,-1.0000000000000002,1.0500000000000003,-0.0008761408107883784,0.00017620510222582375
5,34,-0.9500000000000002,1.0500000000000003,-0.0025289921341122013,0.0021302790358398993
6,34,-0.9000000000000001,1.0500000000000003,-0.005715986379358495,0.006181000105654755
7,34,-0.8500000000000001,1.0500000000000003,-0.01069963721363254,0.012574556225616873
8,34,-0.8000000000000002,1.0500000000000003,-0.01799871844274617,0.02012651491933276
9,34,-0.7500000000000002,1.0500000000000003,-0.029460993206736202,0.026687516827284402
10,34,-0.7000000000000002,1.0500000000000003,-0.04630397292938862,0.031345321770996915
11,34,-0.6500000000000001,1.0500000000000003,-0.06347342535754655,0.03592201270587042
12,34,-0.6000000000000001,1.0500000000000003,-0.07005277283120948,0.04279781638177507
13,34,-0.5500000000000002,1.0500000000000003,-0.06154948320051756,0.05115498026897758
14,34,-0.5000000000000001,1.0500000000000003,-0.04883803853299548,0.05790155026264843
15,34,-0.4500000000000002,1.0500000000000003,-0.049773276799210675,0.06229757069678335
16,34,-0.40000000000000013,1.0500000000000003,-0.0750704901336803,0.06685376963320055
17,34,-0.3500000000000001,1.0500000000000003,-0.12176894793806112,0.07335779526172329
18,34,-0.30000000000000016,1.0500000000000003,-0.1706545272931262,0.07908814450292706
19,34,-0.2500000000000001,1.0500000000000003,-0.19334162266537494,0.07864977415996427
20,34,-0.20000000000000018,1.0500000000000003,-0.1765311394357516,0.0712793729765758
21,34,-0.15000000000000013,1.0500000000000003,-0.13484957447669949,0.06263778363950638
22,34,-0.10000000000000009,1.0500000000000003,-0.09117644571216124,0.057438491912503165
23,34,-0.050000000000000044,1.0500000000000003,-0.05557647803388972,0.0551909406074981
24,34,0.0,1.0500000000000003,-0.027313554960034445,0.05352708457949107
25,34,0.04999999999999982,1.0500000000000003,-0.004150318476027967,0.051351983223060504
26,34,0.09999999999999987,1.0500000000000003,0.0148714163000023,0.04880765131798408
27,34,0.1499999999999999,1.0500000000000003,0.02983338653961158,0.04662249887799216
28,34,0.19999999999999996,1.0500000000000003,0.04076813574625679,0.04571760629417783
29,34,0.25,1.0500000000000003,0.048275451160259275,0.04643126373176404
30,34,0.2999999999999998,1.0500000000000003,0.05219532381199071,0.048260483186717065
31,34,0.34999999999999987,1.0500000000000003,0.051827044579042594,0.05036898783216871
32,34,0.3999999999999999,1.0500000000000003,0.050767972289695804,0.05183424794182337
33,34,0.44999999999999996,1.0500000000000003,0.05765842258379915,0.051952006964283495
34,34,0.5,1.0500000000000003,0.07672649761355732,0.050090044536591216
35,34,0.5499999999999998,1.0500000000000003,0.09855180399460609,0.044458679785110006
36,34,0.5999999999999999,1.0500000000000003,0.10412819898877185,0.03346217023750597
37,34,0.6499999999999999,1.0500000000000003,0.08351814362162938,0.019698778347448653
38,34,0.7,1.0500000000000003,0.04908263926652168,0.008758405909541217
39,34,0.75,1.0500000000000003,0.021201488745834357,0.0031375003355879616
40,34,0.7999999999999998,1.0500000000000003,0.010992820334529418,0.001213963217789743
0,35,-1.2000000000000002,1.1,8.592083923786298e-06,-0.0008722303020583522
1,35,-1.1500000000000001,1.1,9.757997849468847e-06,-0.0008870586227588406
2,35,-1.1,1.1,6.045155024475557e-06,-0.0009019355005306096
3,35,-1.0500000000000003,1.1,-3.369035156908229e-05,-0.0008840805077979519
4,35,-1.0000000000000002,1.1,-0.0002077079219378608,-0.0007117580642915233
5,35,-0.9500000000000002,1.1,-0.0007616487317176068,-6.999829386206136e-05
6,35,-0.9000000000000001,1.1,-0.002186071302564957,0.0015922270639302794
7,35,-0.8500000000000001,1.1,-0.005341294540891772,0.004795126624559803
8,35,-0.8000000000000002,1.1,-0.011756441063481282,0.009482291959552885
9,35,-0.7500000000000002,1.1,-0.02336217964538409,0.015038252633451932
10,35,-0.7000000000000002,1.1,-0.0397918833495875,0.021608842198786726
11,35,-0.6500000000000001,1.1,-0.05487603665919674,0.030808902532617616
12,35,-0.6000000000000001,1.1,-0.05970676456344859,0.043089083736668476
13,35,-0.5500000000000002,1.1,-0.05269876005877944,0.0547653546159034
14,35,-0.5000000000000001,1.1,-0.0437044428954618,0.06115558280762018
15,35,-0.4500000000000002,1.1,-0.04652063347916083,0.06259043174454568
16,35,-0.40000000000000013,1.1,-0.07047446428462625,0.06393625467934858
17,35,-0.3500000000000001,1.1,-0.11601958221983663,0.06832443401231306
18,35,-0.30000000000000016,1.1,-0.16807341835378575,0.07320032338784893
19,35,-0.2500000000000001,1.1,-0.1972953074329209,0.07313807468445954
20,35,-0.20000000000000018,1.1,-0.18471273236339408,0.0669017257890895
21,35,-0.15000000000000013,1.1,-0.14202661044900802,0.05923772279539642
22,35,-0.10000000000000009,1.1,-0.09507598532060013,0.054540148049330786
23,35,-0.050000000000000044,1.1,-0.057493627368249214,0.052733574913870554
24,35,0.0,1.1,-0.028954739691059786,0.05183619158927656
25,35,0.04999999999999982,1.1,-0.006109166211512584,0.050761126584484145
26,35,0.09999999999999987,1.1,0.01280454611662478,0.049356441956462174
27,35,0.1499999999999999,1.1,0.028242637012331068,0.047884542834346414
28,35,0.19999999999999996,1.1,0.040077403480899484,0.046739286634811805
29,35,0.25,1.1,0.04834370387116205,0.045832002024761356
30,35,0.2999999999999998,1.1,0.052766037335027494,0.04478273513234536
31,35,0.34999999999999987,1.1,0.05295851982854316,0.04405464677055326
32,35,0.3999999999999999,1.1,0.05232048319466415,0.04472595166324561
33,35,0.44999999999999996,1.1,0.05854880597395487,0.046695366005045716
34,35,0.5,1.1,0.07468388987953448,0.04765926128680799
35,35,0.5499999999999998,1.1,0.09130380936574631,0.0440602021657234
36,35,0.5999999999999999,1.1,0.09229734777671847,0.03425784486973657
37,35,0.6499999999999999,1.1,0.071438761895289,0.02157948458714809
38,35,0.7,1.1,0.04090017147751743,0.011811503245564431
39,35,0.75,1.1,0.017440009625915853,0.00727695627618874
40,35,0.7999999999999998,1.1,0.009063798149080426,0.006257776747520816
0,36,-1.2000000000000002,1.15,-8.736667252151609e-06,-0.0008723260500670404
1,36,-1.1500000000000001,1.15,-1.0855648703983478e-05,-0.0008881640497634957
2,36,-1.1,1.15,-1.5693498515434445e-05,-0.0009103395004035619
3,36,-1.0500000000000003,1.15,-2.506874008378901e-05,-0.0009316620875880754
4,36,-1.0000000000000002,1.15,-6.205859685248782e-05,-0.0009173086122213348
5,36,-0.9500000000000002,1.15,-0.00022500700589039857,-0.0007582042097720176
6,36,-0.9000000000000001,1.15,-0.0008508614609366305,-0.0002083720510677456
7,36,-0.8500000000000001,1.15,-0.002809572318009934,0.0011147572133987649
8,36,-0.8000000000000002,1.15,-0.007755592433854042,0.003658446326351289
9,36,-0.7500000000000002,1.15,-0.01733444296750236,0.008072037664565157
10,36,-0.7000000000000002,1.15,-0.030533323030222936,0.015612073566353829
11,36,-0.6500000000000001,1.15,-0.0419931838196648,0.0274807215722582
12,36,-0.6000000000000001,1.15,-0.04609632074792369,0.042209717284208
13,36,-0.5500000000000002,1.15,-0.04348298412956586,0.05447402901987655
14,36,-0.5000000000000001,1.15,-0.041012961404353204,0.05941819710824969
15,36,-0.4500000000000002,1.15,-0.04699260492748228,0.058092936739699286
16,36,-0.40000000000000013,1.15,-0.06933648786591293,0.056089385234206895
17,36,-0.3500000000000001,1.15,-0.11250487922956076,0.05716324648403562
18,36,-0.30000000000000016,1.15,-0.1658408866209797,0.05986629355559284
19,36,-0.2500000000000001,1.15,-0.1996402202641344,0.060177761260465784
20,36,-0.20000000000000018,1.15,-0.1904314913248147,0.05663913470510998
21,36,-0.15000000000000013,1.15,-0.1472111522164582,0.051921316877418175
22,36,-0.10000000000000009,1.15,-0.09768059359368711,0.049166365063245746
23,36,-0.050000000000000044,1.15,-0.05828043449394395,0.048759109772125095
24,36,0.0,1.15,-0.029286003289420853,0.0493227092503868
25,36,0.04999999999999982,1.15,-0.006630068108842355,0.04983277429961859
26,36,0.09999999999999987,1.15,0.011994832549864567,0.04999833735759594
27,36,0.1499999999999999,1.15,0.027216231217961212,0.04977339923123589
28,36,0.19999999999999996,1.15,0.03871559493667173,0.04902010018422498
29,36,0.25,1.15,0.04631889965779283,0.04728517672449979
30,36,0.2999999999999998,1.15,0.05041796855778262,0.044281304292984394
31,36,0.34999999999999987,1.15,0.051770261109942844,0.04107437306464595
32,36,0.3999999999999999,1.15,0.053408691524188256,0.03983256697806005
33,36,0.44999999999999996,1.15,0.060591732207361526,0.04117145262583326
34,36,0.5,1.15,0.074091333774235,0.04233191527386965
35,36,0.5499999999999998,1.15,0.08515038757753467,0.03912988920106192
36,36,0.5999999999999999,1.15,0.08164748141019654,0.03023691757949823
37,36,0.6499999999999999,1.15,0.06107180199745724,0.019575309855351386
38,36,0.7,1.15,0.03478011095556233,0.012764240518460118
39,36,0.75,1.15,0.015647762247790742,0.01132961943042049
40,36,0.7999999999999998,1.15,0.00895446127719357,0.012898358916969693
0,37,-1.2000000000000002,1.2000000000000002,-2.308391546912425e-05,-0.0007794083099381399
1,37,-1.1500000000000001,1.2000000000000002,-2.8255452487052635e-05,-0.0007897772533427272
2,37,-1.1,1.2000000000000002,-3.745288280010417e-05,-0.0008034255754632569
3,37,-1.0500000000000003,1.2000000000000002,-4.065946338685511e-05,-0.0008147091707669252
4,37,-1.0000000000000002,1.2000000000000002,-3.425004412180299e-05,-0.0008034782811439101
5,37,-0.9500000000000002,1.2000000000000002,-5.271217056401767e-05,-0.0007153998208983547
6,37,-0.9000000000000001,1.2000000000000002,-0.00031310987939417445,-0.0004248459325778553
7,37,-0.8500000000000001,1.2000000000000002,-0.0014744761634727377,0.00033261667785819404
8,37,-0.8000000000000002,1.2000000000000002,-0.00479916061231489,0.002120954884392706
9,37,-0.7500000000000002,1.2000000000000002,-0.01140855240538155,0.006025161944558793
10,37,-0.7000000000000002,1.2000000000000002,-0.020383199441894456,0.013467253636842563
11,37,-0.6500000000000001,1.2000000000000002,-0.028278392941342573,0.024954448089845177
12,37,-0.6000000000000001,1.2000000000000002,-0.032713457115830236,0.038360309461105
13,37,-0.5500000000000002,1.2000000000000002,-0.03549028023473774,0.04908054830540326
14,37,-0.5000000000000001,1.2000000000000002,-0.040085535175639064,0.05339646250667615
15,37,-0.4500000000000002,1.2000000000000002,-0.049849445353203625,0.051997777256621164
16,37,-0.40000000000000013,1.2000000000000002,-0.07140415454028992,0.049011388149366314
17,37,-0.3500000000000001,1.2000000000000002,-0.11224267389845069,0.047591923694744326
18,37,-0.30000000000000016,1.2000000000000002,-0.1650589035773556,0.047708186668912606
19,37,-0.2500000000000001,1.2000000000000002,-0.20052246628340376,0.04767671855854125
20,37,-0.20000000000000018,1.2000000000000002,-0.1929691767464417,0.04634842270880832
21,37,-0.15000000000000013,1.2000000000000002,-0.14949938009087227,0.04432483661730824
22,37,-0.10000000000000009,1.2000000000000002,-0.09823819242589321,0.04340395419120985
23,37,-0.050000000000000044,1.2000000000000002,-0.05733728318110816,0.04436745378218851
24,37,0.0,1.2000000000000002,-0.02788107516356629,0.04632257659870562
25,37,0.04999999999999982,1.2000000000000002,-0.0054335381043034425,0.04823193916155391
26,37,0.09999999999999987,1.2000000000000002,0.012745171048242077,0.04976611360012283
27,37,0.1499999999999999,1.2000000000000002,0.027264399838960104,0.05076864597095644
28,37,0.19999999999999996,1.2000000000000002,0.03758918097416339,0.05080067869376849
29,37,0.25,1.2000000000000002,0.04360490797992146,0.04931684877202941
30,37,0.2999999999999998,1.2000000000000002,0.046555233675173655,0.04608363704496264
31,37,0.34999999999999987,1.2000000000000002,0.048509782513618815,0.04194905834472809
32,37,0.3999999999999999,1.2000000000000002,0.05241756275585145,0.038940502508589894
33,37,0.44999999999999996,1.2000000000000002,0.06104815426976447,0.038037774985708664
34,37,0.5,1.2000000000000002,0.07264232645476314,0.03717300852770854
35,37,0.5499999999999998,1.2000000000000002,0.07920881167137489,0.033071234381035625
36,37,0.5999999999999999,1.2000000000000002,0.07274276843100794,0.025295389873837698
37,37,0.6499999999999999,1.2000000000000002,0.05396608483425089,0.017881818796089827
38,37,0.7,1.2000000000000002,0.03265448105258653,0.015403197537893626
39,37,0.75,1.2000000000000002,0.01757412802442543,0.01795260017202635
40,37,0.7999999999999998,1.2000000000000002,0.012201277122178833,0.022399134635344292
0,38,-1.2000000000000002,1.25,-2.9474554061326153e-05,-0.000621679292500954
1,38,-1.1500000000000001,1.25,-3.487291422910044e-05,-0.0006228410312722477
2,38,-1.1,1.25,-4.0625415939632425e-05,-0.0006193338869678322
3,38,-1.0500000000000003,1.25,-2.5121445764442196e-05,-0.0005979225729009496
4,38,-1.0000000000000002,1.25,3.7250753016082605e-05,-0.00052831525723121
5,38,-0.9500000000000002,1.25,0.0001536253426756562,-0.0003565985756340262
6,38,-0.9000000000000001,1.25,0.00019715503781991828,5.051830175295535e-06
7,38,-0.8500000000000001,1.25,-0.00026377150103937264,0.0007421017402454988
8,38,-0.8000000000000002,1.25,-0.0020630471671534423,0.0023199980252777697
9,38,-0.7500000000000002,1.25,-0.005988144215052504,0.005638031302428043
10,38,-0.7000000000000002,1.25,-0.011604036884936553,0.011653748658111973
11,38,-0.6500000000000001,1.25,-0.017100127995402364,0.02043066359513901
12,38,-0.6000000000000001,1.25,-0.02197022053236561,0.030530591790604716
13,38,-0.5500000000000002,1.25,-0.028446831083994706,0.039494125039044314
14,38,-0.5000000000000001,1.25,-0.0380957324531353,0.045092360851263225
15,38,-0.4500000000000002,1.25,-0.051377679284792116,0.04682677017943518
16,38,-0.40000000000000013,1.25,-0.07374234142778976,0.04613513536181363
17,38,-0.3500000000000001,1.25,-0.11380808071001447,0.04463495024121758
18,38,-0.30000000000000016,1.25,-0.16575609175718278,0.04322347629744941
19,38,-0.2500000000000001,1.25,-0.20099998422423868,0.04251670658756729
20,38,-0.20000000000000018,1.25,-0.19378337326604772,0.042251493543620094
21,38,-0.15000000000000013,1.25,-0.15015562073405667,0.04183443892882867
22,38,-0.10000000000000009,1.25,-0.09763797642880684,0.042001761922912245
23,38,-0.050000000000000044,1.25,-0.05536181208644818,0.04362246551872305
24,38,0.0,1.25,-0.025421517910055452,0.04613761504833516
25,38,0.04999999999999982,1.25,-0.0031865311074251446,0.04862252722783941
26,38,0.09999999999999987,1.25,0.014531539359267098,0.05078114047368694
27,38,0.1499999999999999,1.25,0.028250796311606874,0.052397511922906634
28,38,0.19999999999999996,1.25,0.0372637977377447,0.05296687714250216
29,38,0.25,1.25,0.04160185800898698,0.052112647198473486
30,38,0.2999999999999998,1.25,0.0430501781304813,0.04966047774661274
31,38,0.34999999999999987,1.25,0.0446271265735701,0.04591804043257916
32,38,0.3999999999999999,1.25,0.04949740816516883,0.04209855100718238
33,38,0.44999999999999996,1.25,0.05882423822648017,0.038964512381025676
34,38,0.5,1.25,0.06912479316956197,0.03537860941630805
35,38,0.5499999999999998,1.25,0.07327276892366383,0.0298271539959144
36,38,0.5999999999999999,1.25,0.06645806582525074,0.023259994998992006
37,38,0.6499999999999999,1.25,0.051179609661513165,0.019376952092761135
38,38,0.7,1.25,0.03485089233149885,0.020730786795270656
39,38,0.75,1.25,0.022643699345241408,0.025613633637290578
40,38,0.7999999999999998,1.25,0.017847530203829454,0.030707439353049454
0,39,-1.2000000000000002,1.3000000000000003,-2.5407393011711576e-05,-0.0004403577411075943
1,39,-1.1500000000000001,1.3000000000000003,-2.5910046953930843e-05,-0.0004290706590333315
2,39,-1.1,1.3000000000000003,-1.2534424428806146e-05,-0.0003989104938181831
3,39,-1.0500000000000003,1.3000000000000003,5.0359166349767115e-05,-0.00032427479048552366
4,39,-1.0000000000000002,1.3000000000000003,0.00020707395314512045,-0.00016616201981400902
5,39,-0.9500000000000002,1.3000000000000003,0.00048065491684248784,0.00011543106940029024
6,39,-0.9000000000000001,1.3000000000000003,0.0007855904364853505,0.0005595275587221005
7,39,-0.8500000000000001,1.3000000000000003,0.0008404700316297364,0.0012813215456909666
8,39,-0.8000000000000002,1.3000000000000003,9.676894986765383e-05,0.002607180240802448
9,39,-0.7500000000000002,1.3000000000000003,-0.0020748017725473467,0.005110917540420007
10,39,-0.7000000000000002,1.3000000000000003,-0.00559056714918349,0.009313770641892621
11,39,-0.6500000000000001,1.3000000000000003,-0.00940154980884983,0.015293687752478136
12,39,-0.6000000000000001,1.3000000000000003,-0.01364999567192493,0.02263461514035378
13,39,-0.5500000000000002,1.3000000000000003,-0.020928511174079234,0.030624287520539112
14,39,-0.5000000000000001,1.3000000000000003,-0.0327528900352482,0.03807118455118136
15,39,-0.4500000000000002,1.3000000000000003,-0.04880667084265322,0.04358295814878385
16,39,-0.40000000000000013,1.3000000000000003,-0.07359597447850752,0.046368431368859764
17,39,-0.3500000000000001,1.3000000000000003,-0.11515433296281491,0.04625582061510064
18,39,-0.30000000000000016,1.3000000000000003,-0.16717714723100588,0.04427818706363204
19,39,-0.2500000000000001,1.3000000000000003,-0.20149444903723307,0.04297250636280017
20,39,-0.20000000000000018,1.3000000000000003,-0.1936514444051803,0.043626987940030004
21,39,-0.15000000000000013,1.3000000000000003,-0.14974911171158012,0.04522694676662255
22,39,-0.10000000000000009,1.3000000000000003,-0.09645016583599883,0.04709384828698843
23,39,-0.050000000000000044,1.3000000000000003,-0.05320143005568524,0.04944175579765585
24,39,0.0,1.3000000000000003,-0.022881013454449928,0.05206057525100179
25,39,0.04999999999999982,1.3000000000000003,-0.0007900126789516654,0.05456105883089757
26,39,0.09999999999999987,1.3000000000000003,0.016520155743309298,0.0568099368805617
27,39,0.1499999999999999,1.3000000000000003,0.029450136507775324,0.05845606749239722
28,39,0.19999999999999996,1.3000000000000003,0.03730431624973024,0.05893535159491689
29,39,0.25,1.3000000000000003,0.04029850858403204,0.05805438972807914
30,39,0.2999999999999998,1.3000000000000003,0.04036062690927933,0.05580123380803728
31,39,0.34999999999999987,1.3000000000000003,0.040947855774188455,0.05225712075366713
32,39,0.3999999999999999,1.3000000000000003,0.04546403470429797,0.047967477047033136
33,39,0.44999999999999996,1.3000000000000003,0.05432821267889014,0.04320950990738287
34,39,0.5,1.3000000000000003,0.06350496806965186,0.03729981618536035
35,39,0.5499999999999998,1.3000000000000003,0.06709019725405885,0.03003318160001517
36,39,0.5999999999999999,1.3000000000000003,0.06229256652785467,0.02351061177850125
37,39,0.6499999999999999,1.3000000000000003,0.05143687663052954,0.021078490622531837
38,39,0.7,1.3000000000000003,0.038891162597115975,0.023388103726758314
39,39,0.75,1.3000000000000003,0.027550780582204226,0.027377927777382516
40,39,0.7999999999999998,1.3000000000000003,0.022388888553696584,0.03022012040855726
0,40,-1.2000000000000002,1.35,-6.90038991280062e-06,-0.0002674652174747272
1,40,-1.1500000000000001,1.35,6.574333060310744e-06,-0.00023511172804857594
2,40,-1.1,1.35,6.417045260817544e-05,-0.00016020267505634234
3,40,-1.0500000000000003,1.35,0.0002076270282397319,-7.587772600653464e-06
4,40,-1.0000000000000002,1.35,0.0004769566129018965,0.00025252544924331266
5,40,-0.9500000000000002,1.35,0.0008793149212117657,0.0006382735915380633
6,40,-0.9000000000000001,1.35,0.0013630455141105946,0.0012230135176150014
7,40,-0.8500000000000001,1.35,0.001783881181040975,0.002282784697505702
8,40,-0.8000000000000002,1.35,0.001766548827575598,0.004271107352678688
9,40,-0.7500000000000002,1.35,0.000718446186037669,0.007477085516558457
10,40,-0.7000000000000002,1.35,-0.001421266672878424,0.011722925309527038
11,40,-0.6500000000000001,1.35,-0.003779283496941205,0.016662559378958774
12,40,-0.6000000000000001,1.35,-0.006639620764304632,0.022220891673720017
13,40,-0.5500000000000002,1.35,-0.013010261673167128,0.028547633993458443
14,40,-0.5000000000000001,1.35,-0.02513706182489056,0.03537593243062395
15,40,-0.4500000000000002,1.35,-0.04308043246711371,0.041753815411865736
16,40,-0.40000000000000013,1.35,-0.07106947896147298,0.04621646464560425
17,40,-0.3500000000000001,1.35,-0.11589832501524219,0.04710095048182303
18,40,-0.30000000000000016,1.35,-0.16903940600948325,0.04474841551241948
19,40,-0.2500000000000001,1.35,-0.2016511833478407,0.042940129678728095
20,40,-0.20000000000000018,1.35,-0.19152893286222536,0.04485314077630656
21,40,-0.15000000000000013,1.35,-0.14668876038709824,0.049524323250549965
22,40,-0.10000000000000009,1.35,-0.09342316739777354,0.05442928473074746
23,40,-0.050000000000000044,1.35,-0.05039508512243482,0.058443207218223936
24,40,0.0,1.35,-0.02030221487681373,0.06160474916466596
25,40,0.04999999999999982,1.35,0.0015628305221347671,0.06432892135281948
26,40,0.09999999999999987,1.35,0.01842654802076675,0.0668735248826137
27,40,0.1499999999999999,1.35,0.030376211025962066,0.06880904002937095
28,40,0.19999999999999996,1.35,0.036862119973426616,0.06923625961668581
29,40,0.25,1.35,0.038467740222107374,0.06767589096569139
30,40,0.2999999999999998,1.35,0.0372529091560693,0.06434345450751056
31,40,0.34999999999999987,1.35,0.03679336981256595,0.05985085585396899
32,40,0.3999999999999999,1.35,0.04044979731888457,0.054768321253719984
33,40,0.44999999999999996,1.35,0.048156577364807385,0.048949401903695816
34,40,0.5,1.35,0.055948464862194264,0.04147614787907511
35,40,0.5499999999999998,1.35,0.05948356451680473,0.032274097877324076
36,40,0.5999999999999999,1.35,0.05750337484776741,0.023796842589861172
37,40,0.6499999999999999,1.35,0.05105710160977023,0.019501128624655334
38,40,0.7,1.35,0.04115032948634953,0.01969093120009202
39,40,0.75,1.35,0.029475716027040355,0.021188452397150337
40,40,0.7999999999999998,1.35,0.023531915466178943,0.02161480975017102
0,41,-1.2000000000000002,1.4000000000000004,3.92995858405909e-05,-0.00010531077477227146
1,41,-1.1500000000000001,1.4000000000000004,8.1352495464454e-05,-3.2140093701310546e-05
2,41,-1.1,1.4000000000000004,0.00021498953101911633,0.00011479666703062552
3,41,-1.0500000000000003,1.4000000000000004,0.0004630872906494221,0.0003686253893160629
4,41,-1.0000000000000002,1.4000000000000004,0.0008529353172838372,0.0007577747134229762
5,41,-0.9500000000000002,1.4000000000000004,0.0014511429852141766,0.0014077056591028925
6,41,-0.9000000000000001,1.4000000000000004,0.0024301015424529893,0.0027825720784364905
7,41,-0.8500000000000001,1.4000000000000004,0.003888563866693423,0.005803222030425492
8,41,-0.8000000000000002,1.4000000000000004,0.005291069768920409,0.011259401433023342
9,41,-0.7500000000000002,1.4000000000000004,0.005377016184301003,0.018654933794588352
10,41,-0.7000000000000002,1.4000000000000004,0.0035949067132168278,0.025981696458765163
11,41,-0.6500000000000001,1.4000000000000004,0.0010964165553431493,0.0313313747042801
12,41,-0.6000000000000001,1.4000000000000004,-0.0017649210574252616,0.03439136524514469
13,41,-0.5500000000000002,1.4000000000000004,-0.007773470417175299,0.03619932529777811
14,41,-0.5000000000000001,1.4000000000000004,-0.019546708616840908,0.038082352481077913
15,41,-0.4500000000000002,1.4000000000000004,-0.037966138627672924,0.040872404101491705
16,41,-0.40000000000000013,1.4000000000000004,-0.06824883940855023,0.04382564960265414
17,41,-0.3500000000000001,1.4000000000000004,-0.11662238209599968,0.044448704993772375
18,41,-0.30000000000000016,1.4000000000000004,-0.1713379680341008,0.04192672350897847
19,41,-0.2500000000000001,1.4000000000000004,-0.201389723773346,0.040053404562611916
20,41,-0.20000000000000018,1.4000000000000004,-0.18706725083335846,0.04304616641362155
21,41,-0.15000000000000013,1.4000000000000004,-0.14017296775713922,0.050149781069978305
22,41,-0.10000000000000009,1.4000000000000004,-0.08753128186832486,0.05762269336887893
23,41,-0.050000000000000044,1.4000000000000004,-0.04602596562176674,0.06330431074622889
24,41,0.0,1.4000000000000004,-0.016995299319854384,0.06730936045795499
25,41,0.04999999999999982,1.4000000000000004,0.004478763038996067,0.07066450536479398
26,41,0.09999999999999987,1.4000000000000004,0.02100027441986077,0.07417313998211945
27,41,0.1499999999999999,1.4000000000000004,0.03181287124184744,0.07753023626554514
28,41,0.19999999999999996,1.4000000000000004,0.03617116718605068,0.07905594978654708
29,41,0.25,1.4000000000000004,0.03540570347485679,0.07711822807595387
30,41,0.2999999999999998,1.4000000000000004,0.032535591797556926,0.07209058984991315
31,41,0.34999999999999987,1.4000000000000004,0.03137272252039788,0.06602378492458205
32,41,0.3999999999999999,1.4000000000000004,0.034562580754024796,0.060320512925627484
33,41,0.44999999999999996,1.4000000000000004,0.041036039304245264,0.05447552099992828
34,41,0.5,1.4000000000000004,0.04682966404328012,0.046801655899705724
35,41,0.5499999999999998,1.4000000000000004,0.04941089196484491,0.03657592337698731
36,41,0.5999999999999999,1.4000000000000004,0.04951959727518593,0.02609066582944422
37,41,0.6499999999999999,1.4000000000000004,0.047330965240760386,0.01935618548759621
38,41,0.7,1.4000000000000004,0.04057848636961098,0.01771122320377863
39,41,0.75,1.4000000000000004,0.029474659132283226,0.01863441660333573
40,41,0.7999999999999998,1.4000000000000004,0.023241603259737953,0.019463669212805845
0,42,-1.2000000000000002,1.4500000000000002,0.00013944097222912122,8.379169718158996e-05
1,42,-1.1500000000000001,1.4500000000000002,0.00022668177486320773,0.0002231865514924769
2,42,-1.1,1.4500000000000002,0.0004649359356255489,0.0004655885913175395
3,42,-1.0500000000000003,1.4500000000000002,0.0008506050746320826,0.0008570894989588795
4,42,-1.0000000000000002,1.4500000000000002,0.001516036882688726,0.001565062443893428
5,42,-0.9500000000000002,1.4500000000000002,0.00290411228622528,0.003201121115141009
6,42,-0.9000000000000001,1.4500000000000002,0.005758561885433194,0.007119473337064003
7,42,-0.8500000000000001,1.4500000000000002,0.010260710535627826,0.014991466604025866
8,42,-0.8000000000000002,1.4500000000000002,0.014618260591738458,0.02719141078468948
9,42,-0.7500000000000002,1.4500000000000002,0.01544074121177949,0.04120068571514063
10,42,-0.7000000000000002,1.4500000000000002,0.011255174236813326,0.052450932831139
11,42,-0.6500000000000001,1.4500000000000002,0.004630385289438321,0.05755500739887731
12,42,-0.6000000000000001,1.4500000000000002,-0.0017716701708066218,0.05635662340410463
13,42,-0.5500000000000002,1.4500000000000002,-0.009319274437233904,0.051156785681369804
14,42,-0.5000000000000001,1.4500000000000002,-0.020463983021176968,0.04522591869083256
15,42,-0.4500000000000002,1.4500000000000002,-0.03733713534553748,0.041444454455480395
16,42,-0.40000000000000013,1.4500000000000002,-0.0674931780691923,0.04022523435554967
17,42,-0.3500000000000001,1.4500000000000002,-0.11779725110891787,0.03917780059936246
18,42,-0.30000000000000016,1.4500000000000002,-0.1734347064406437,0.03689511685843916
19,42,-0.2500000000000001,1.4500000000000002,-0.20053174044319763,0.036097766307630896
20,42,-0.20000000000000018,1.4500000000000002,-0.18143255635485897,0.040093933197559994
21,42,-0.15000000000000013,1.4500000000000002,-0.13211223343184086,0.04780199911930155
22,42,-0.10000000000000009,1.4500000000000002,-0.08026863772152296,0.055515924521784
23,42,-0.050000000000000044,1.4500000000000002,-0.040708418033358756,0.06124751022654633
24,42,0.0,1.4500000000000002,-0.012942020258248643,0.06532452334094808
25,42,0.04999999999999982,1.4500000000000002,0.00842661004629923,0.06904177826623122
26,42,0.09999999999999987,1.4500000000000002,0.02529227892151792,0.07365196550394706
27,42,0.1499999999999999,1.4500000000000002,0.03525902083038969,0.07906139463741892
28,42,0.19999999999999996,1.4500000000000002,0.03645011178383534,0.08257635330512415
29,42,0.25,1.4500000000000002,0.03150238028547345,0.08093882923747471
30,42,0.2999999999999998,1.4500000000000002,0.026158466004697484,0.0746332442376002
31,42,0.34999999999999987,1.4500000000000002,0.025023292888280285,0.06757445581900057
32,42,0.3999999999999999,1.4500000000000002,0.028901533394230794,0.062316358126073
33,42,0.44999999999999996,1.4500000000000002,0.034637720338885625,0.05799835212875401
34,42,0.5,1.4500000000000002,0.0380488672392533,0.05219089242407743
35,42,0.5499999999999998,1.4500000000000002,0.03877257444654322,0.04378476527488018
36,42,0.5999999999999999,1.4500000000000002,0.04028363695837631,0.0350901651819778
37,42,0.6499999999999999,1.4500000000000002,0.04267765898410464,0.03040725675063513
38,42,0.7,1.4500000000000002,0.04042856060208905,0.03137296832900843
39,42,0.75,1.4500000000000002,0.03122816203606757,0.03527815129726733
40,42,0.7999999999999998,1.4500000000000002,0.025190420685119175,0.038804701160604776
0,43,-1.2000000000000002,1.5,0.0003180892944623648,0.0003758418862798152
1,43,-1.1500000000000001,1.5,0.00046314938960040353,0.0005884843443340615
2,43,-1.1,1.5,0.000848892478485519,0.0009519463864461619
3,43,-1.0500000000000003,1.5,0.0015625611432253106,0.001667232526578466
4,43,-1.0000000000000002,1.5,0.0031969669334659667,0.0034155027086316125
5,43,-0.9500000000000002,1.5,0.0070055538783847515,0.0077593458850136465
6,43,-0.9000000000000001,1.5,0.014220447031337846,0.01685632696992803
7,43,-0.8500000000000001,1.5,0.0239605013143189,0.031820896000929605
8,43,-0.8000000000000002,1.5,0.03150028888003517,0.05067981897422233
9,43,-0.7500000000000002,1.5,0.03063653823075052,0.06840422350801525
10,43,-0.7000000000000002,1.5,0.01994922839695351,0.07985552242083277
11,43,-0.6500000000000001,1.5,0.005002107128308786,0.08265854561269145
12,43,-0.6000000000000001,1.5,-0.008163142774932769,0.07736470557323905
13,43,-0.5500000000000002,1.5,-0.01890417513044737,0.06642711344649735
14,43,-0.5000000000000001,1.5,-0.029259039842730317,0.05386104976023737
15,43,-0.4500000000000002,1.5,-0.042966822962955814,0.04380518741799441
16,43,-0.40000000000000013,1.5,-0.07051549326466816,0.03764953417130429
17,43,-0.3500000000000001,1.5,-0.11995249959311019,0.033951563766499854
18,43,-0.30000000000000016,1.5,-0.17441800232583238,0.03189075029685323
19,43,-0.2500000000000001,1.5,-0.19819090743422516,0.03301232381586
20,43,-0.20000000000000018,1.5,-0.1753630180216878,0.03831951660453109
21,43,-0.15000000000000013,1.5,-0.12475097643291522,0.04566243978169404
22,43,-0.10000000000000009,1.5,-0.07408577076108008,0.051981676806071575
23,43,-0.050000000000000044,1.5,-0.03621736680260265,0.0562580510180008
24,43,0.0,1.5,-0.009201031280169497,0.05926943133038695
25,43,0.04999999999999982,1.5,0.012806205201995047,0.0623506020431272
26,43,0.09999999999999987,1.5,0.03101989079104847,0.06680378276947431
27,43,0.1499999999999999,1.5,0.040737259043024526,0.07263828595939048
28,43,0.19999999999999996,1.5,0.03804860178610647,0.07685455000118149
29,43,0.25,1.5,0.02746259440733284,0.07563450454863702
30,43,0.2999999999999998,1.5,0.019171218379082783,0.0696214428156762
31,43,0.34999999999999987,1.5,0.01905583640887068,0.06351240731419086
32,43,0.3999999999999999,1.5,0.02498647706377824,0.060196833184542886
33,43,0.44999999999999996,1.5,0.03091057360224969,0.05862701597985104
34,43,0.5,1.5,0.03261607718940629,0.056465738719593817
35,43,0.5499999999999998,1.5,0.03231016472274528,0.05317028029250617
36,43,0.5999999999999999,1.5,0.03614208875094088,0.05135818702199313
37,43,0.6499999999999999,1.5,0.04361376838779102,0.05453393917113608
38,43,0.7,1.5,0.045449380916243176,0.062389821394789324
39,43,0.75,1.5,0.03690639196387957,0.07065258638842761
40,43,0.7999999999999998,1.5,0.030294702986412847,0.07612574697597407
0,44,-1.2000000000000002,1.5500000000000003,0.0005647258883376138,0.0009399815954515278
1,44,-1.1500000000000001,1.5500000000000003,0.0008027862750295545,0.0011977725431050468
2,44,-1.1,1.5500000000000003,0.0015436841178699534,0.001820240461342243
3,44,-1.0500000000000003,1.5500000000000003,0.003314161396817533,0.0035374680403404968
4,44,-1.0000000000000002,1.5500000000000003,0.007608150241123907,0.007996374480835206
5,44,-0.9500000000000002,1.5500000000000003,0.0163449365475217,0.017527467991680645
6,44,-0.9000000000000001,1.5500000000000003,0.029820112001349153,0.03345039909129974
7,44,-0.8500000000000001,1.5500000000000003,0.044084202539922124,0.05373336572137455
8,44,-0.8000000000000002,1.5500000000000003,0.05120158809882411,0.0729790972184402
9,44,-0.7500000000000002,1.5500000000000003,0.04461644465838993,0.08610101839049297
10,44,-0.7000000000000002,1.5500000000000003,0.025509496341489524,0.09188575693361761
11,44,-0.6500000000000001,1.5500000000000003,0.002139568441844597,0.09172990233331083
12,44,-0.6000000000000001,1.5500000000000003,-0.018003102337000726,0.08607189533625548
13,44,-0.5500000000000002,1.5500000000000003,-0.03282293025023558,0.07471835342844624
14,44,-0.5000000000000001,1.5500000000000003,-0.043085909049679905,0.06014987563109073
15,44,-0.4500000000000002,1.5500000000000003,-0.05354865093447056,0.04689487117531574
16,44,-0.40000000000000013,1.5500000000000003,-0.07734680172068686,0.03737277013261153
17,44,-0.3500000000000001,1.5500000000000003,-0.12355603498336892,0.031430146206016946
18,44,-0.30000000000000016,1.5500000000000003,-0.17437394639128356,0.02931473574776841
19,44,-0.2500000000000001,1.5500000000000003,-0.19410297413551977,0.031920891802844076
20,44,-0.20000000000000018,1.5500000000000003,-0.16878244038902493,0.03828978362091506
21,44,-0.15000000000000013,1.5500000000000003,-0.11845007323030038,0.0453167347320127
22,44,-0.10000000000000009,1.5500000000000003,-0.0696730264852162,0.05039703517426733
23,44,-0.050000000000000044,1.5500000000000003,-0.03342066350904338,0.053163276059447345
24,44,0.0,1.5500000000000003,-0.006849469233122241,0.054704809233913215
25,44,0.04999999999999982,1.5500000000000003,0.015960961485386588,0.05616026998468554
26,44,0.09999999999999987,1.5500000000000003,0.0355799628377812,0.058269807797570045
27,44,0.1499999999999999,1.5500000000000003,0.04530978806209687,0.06099008000936962
28,44,0.19999999999999996,1.5500000000000003,0.03944633037308187,0.06268476888232025
29,44,0.25,1.5500000000000003,0.024269273099968153,0.0613885758443071
30,44,0.2999999999999998,1.5500000000000003,0.014036368770251328,0.0578914904630716
31,44,0.34999999999999987,1.5500000000000003,0.015598683257146972,0.055261073066876915
32,44,0.3999999999999999,1.5500000000000003,0.02401614205989097,0.05513567827277799
33,44,0.44999999999999996,1.5500000000000003,0.030906625873936555,0.056739658279179594
34,44,0.5,1.5500000000000003,0.03259213155190843,0.059017023186528905
35,44,0.5499999999999998,1.5500000000000003,0.033665022748942536,0.0626031152710578
36,44,0.5999999999999999,1.5500000000000003,0.041647295837006215,0.0699391211813584
37,44,0.6499999999999999,1.5500000000000003,0.053709293356900834,0.08239950664354137
38,44,0.7,1.5500000000000003,0.05654720781938058,0.09656722194904377
39,44,0.75,1.5500000000000003,0.04496408761725232,0.10692182924677426
40,44,0.7999999999999998,1.5500000000000003,0.036136741860212096,0.11183070752000979
0,45,-1.2000000000000002,1.6,0.0008336711897694027,0.002471751265795963
1,45,-1.1500000000000001,1.6,0.0013434082554911186,0.0027537108226885487
2,45,-1.1,1.6,0.003188587975720969,0.004106416393490631
3,45,-1.0500000000000003,1.6,0.007738695162718273,0.008278759285933468
4,45,-1.0000000000000002,1.6,0.017186966884806115,0.017728623098170332
5,45,-0.9500000000000002,1.6,0.03245957848884928,0.03380208611673874
6,45,-0.9000000000000001,1.6,0.05042634476103175,0.054173480773030414
7,45,-0.8500000000000001,1.6,0.06348919944145937,0.07250935625004548
8,45,-0.8000000000000002,1.6,0.0638679415491536,0.08263200295633363
9,45,-0.7500000000000002,1.6,0.04954319794592793,0.0839708166974111
10,45,-0.7000000000000002,1.6,0.025578112339771364,0.08175562091481889
11,45,-0.6500000000000001,1.6,-0.0008117544690533496,0.08060002678388259
12,45,-0.6000000000000001,1.6,-0.025174691679797356,0.0790744655300292
13,45,-0.5500000000000002,1.6,-0.04482619483561212,0.07259709471337028
14,45,-0.5000000000000001,1.6,-0.057082522095860816,0.06076948469516924
15,45,-0.4500000000000002,1.6,-0.06574392846143501,0.04811914237904252
16,45,-0.40000000000000013,1.6,-0.08598021823396695,0.038324180157508214
17,45,-0.3500000000000001,1.6,-0.1280105339779533,0.03231416967677758
18,45,-0.30000000000000016,1.6,-0.17392725672900525,0.030859560753241644
19,45,-0.2500000000000001,1.6,-0.1892158595610785,0.03434777668258948
20,45,-0.20000000000000018,1.6,-0.16196717509251918,0.04090816401267364
21,45,-0.15000000000000013,1.6,-0.11264372487956295,0.047431249711700624
22,45,-0.10000000000000009,1.6,-0.06623922943364544,0.05175767059423603
23,45,-0.050000000000000044,1.6,-0.031909592742956766,0.053600277548892794
24,45,0.0,1.6,-0.006204037354931302,0.053951422887452
25,45,0.04999999999999982,1.6,0.016371203765651876,0.0534993598182254
26,45,0.09999999999999987,1.6,0.03584970081573255,0.05203050388383687
27,45,0.1499999999999999,1.6,0.04515222012777473,0.04933454211780611
28,45,0.19999999999999996,1.6,0.03844709762104395,0.04616976604081072
29,45,0.25,1.6,0.022669315988084193,0.04391247274256563
30,45,0.2999999999999998,1.6,0.0130437156016526,0.04347320629639981
31,45,0.34999999999999987,1.6,0.01630002421857707,0.044883643848702554
32,45,0.3999999999999999,1.6,0.02646506227608092,0.047760531996120514
33,45,0.44999999999999996,1.6,0.03479191851600061,0.05204559214757043
34,45,0.5,1.6,0.0384795341812845,0.05854710368528457
35,45,0.5499999999999998,1.6,0.04323226271757477,0.06884134017118043
36,45,0.5999999999999999,1.6,0.05593848012342445,0.08420838814154535
37,45,0.6499999999999999,1.6,0.0702418691554764,0.10323527721029638
38,45,0.7,1.6,0.06997170351947607,0.12023208694700013
39,45,0.75,1.6,0.05216987753484559,0.13008135656778094
40,45,0.7999999999999998,1.6,0.04011245953288389,0.13334555375663276
0,46,-1.2000000000000002,1.6500000000000004,0.0011286450021227856,0.007522794428013735
1,46,-1.1500000000000001,1.6500000000000004,0.0024374514027242222,0.00786971429660513
2,46,-1.1,1.6500000000000004,0.007068732581114873,0.010711769417049988
3,46,-1.0500000000000003,1.6500000000000004,0.016936368101497234,0.018864956030484048
4,46,-1.0000000000000002,1.6500000000000004,0.03313147707192918,0.034070934469421915
5,46,-0.9500000000000002,1.6500000000000004,0.05278979422238178,0.053878765778442445
6,46,-0.9000000000000001,1.6500000000000004,0.0685273821346559,0.0712175082725032
7,46,-0.8500000000000001,1.6500000000000004,0.07254272472322534,0.07864981887698269
8,46,-0.8000000000000002,1.6500000000000004,0.06266304854618973,0.07453325837444208
9,46,-0.7500000000000002,1.6500000000000004,0.043740062616875186,0.06483333616581571
10,46,-0.7000000000000002,1.6500000000000004,0.022138706427961008,0.05822251559831376
11,46,-0.6500000000000001,1.6500000000000004,-0.0005415869429450937,0.058658832636624414
12,46,-0.6000000000000001,1.6500000000000004,-0.026006034407513035,0.06212955241057694
13,46,-0.5500000000000002,1.6500000000000004,-0.05112791108509554,0.061318659510809226
14,46,-0.5000000000000001,1.6500000000000004,-0.06756386138400766,0.0541438940255104
15,46,-0.4500000000000002,1.6500000000000004,-0.07599395547213159,0.04506586111701641
16,46,-0.40000000000000013,1.6500000000000004,-0.0931517744229518,0.03837332514823377
17,46,-0.3500000000000001,1.6500000000000004,-0.1310206543876355,0.03531240307459563
18,46,-0.30000000000000016,1.6500000000000004,-0.17234033938547166,0.03649323166229915
19,46,-0.2500000000000001,1.6500000000000004,-0.18405437087608778,0.04145501253045969
20,46,-0.20000000000000018,1.6500000000000004,-0.1556989673599138,0.04771766049220055
21,46,-0.15000000000000013,1.6500000000000004,-0.10760056664873799,0.05296568593257098
22,46,-0.10000000000000009,1.6500000000000004,-0.06350399864802403,0.056169650206640276
23,46,-0.050000000000000044,1.6500000000000004,-0.031226911215827408,0.05724874404708091
24,46,0.0,1.6500000000000004,-0.006950386963789634,0.05680186058348968
25,46,0.04999999999999982,1.6500000000000004,0.014040042481771459,0.05492041677449322
26,46,0.09999999999999987,1.6500000000000004,0.031415145137361905,0.05063547618929118
27,46,0.1499999999999999,1.6500000000000004,0.03944905021907072,0.04355909468440444
28,46,0.19999999999999996,1.6500000000000004,0.03402426099784139,0.036036904570523054
29,46,0.25,1.6500000000000004,0.021572713355557244,0.03179811006567279
30,46,0.2999999999999998,1.6500000000000004,0.015007539876388254,0.03199715646460086
31,46,0.34999999999999987,1.6500000000000004,0.01988600895686768,0.03474521004343409
32,46,0.3999999999999999,1.6500000000000004,0.031178090358758848,0.03844653676412069
33,46,0.44999999999999996,1.6500000000000004,0.04169319756310061,0.043779111469510745
34,46,0.5,1.6500000000000004,0.049387879575518434,0.053002914694229714
35,46,0.5499999999999998,1.6500000000000004,0.05932630720520332,0.06815489323486926
36,46,0.5999999999999999,1.6500000000000004,0.07604123287612216,0.08923091854012924
37,46,0.6499999999999999,1.6500000000000004,0.08973299216235561,0.11267875051643131
38,46,0.7,1.6500000000000004,0.08339328717686514,0.13175056759161294
39,46,0.75,1.6500000000000004,0.05807755442688495,0.1421172245744956
40,46,0.7999999999999998,1.6500000000000004,0.042665136237915735,0.14555212111700883
0,47,-1.2000000000000002,1.7000000000000002,0.0015275109269521914,0.02203842733332656
1,47,-1.1500000000000001,1.7000000000000002,0.0045323832445273715,0.022572864252203423
2,47,-1.1,1.7000000000000002,0.014183829709599888,0.02705906770587352
3,47,-1.0500000000000003,1.7000000000000002,0.0310978602150902,0.03828530231279478
4,47,-1.0000000000000002,1.7000000000000002,0.05220077663276451,0.055105953360831406
5,47,-0.9500000000000002,1.7000000000000002,0.06960615229193057,0.07048993475935808
6,47,-0.9000000000000001,1.7000000000000002,0.075197397859572,0.07601721420484889
7,47,-0.8500000000000001,1.7000000000000002,0.06680494954339825,0.06888834638275984
8,47,-0.8000000000000002,1.7000000000000002,0.05005145883798662,0.054415778572840245
9,47,-0.7500000000000002,1.7000000000000002,0.03323245516979961,0.04163627539658932
10,47,-0.7000000000000002,1.7000000000000002,0.019403608810580064,0.03676970068670571
11,47,-0.6500000000000001,1.7000000000000002,0.0030952823432098264,0.039717534826351486
12,47,-0.6000000000000001,1.7000000000000002,-0.022514864805612544,0.04490416385161122
13,47,-0.5500000000000002,1.7000000000000002,-0.05281185322067866,0.04611662865478844
14,47,-0.5000000000000001,1.7000000000000002,-0.07333532048965363,0.042594570626917766
15,47,-0.4500000000000002,1.7000000000000002,-0.08151449733871163,0.038686737302977
16,47,-0.40000000000000013,1.7000000000000002,-0.09573367627638774,0.03750544945814435
17,47,-0.3500000000000001,1.7000000000000002,-0.12989062746388794,0.03940839956462869
18,47,-0.30000000000000016,1.7000000000000002,-0.16778464727314119,0.04463443573739581
19,47,-0.2500000000000001,1.7000000000000002,-0.1779914307311771,0.05187592435446517
20,47,-0.20000000000000018,1.7000000000000002,-0.1504565016904079,0.05797358364333288
21,47,-0.15000000000000013,1.7000000000000002,-0.10419173516512323,0.06154746896168864
22,47,-0.10000000000000009,1.7000000000000002,-0.0619561713191355,0.06321743393562021
23,47,-0.050000000000000044,1.7000000000000002,-0.03127738236610736,0.06353041059827022
24,47,0.0,1.7000000000000002,-0.008532364627518996,0.06262404459606158
25,47,0.04999999999999982,1.7000000000000002,0.010204819371453372,0.06000836231679782
26,47,0.09999999999999987,1.7000000000000002,0.024488378725643772,0.054504262041502466
27,47,0.1499999999999999,1.7000000000000002,0.030553648509006603,0.045714323714491495
28,47,0.19999999999999996,1.7000000000000002,0.0266861130023123,0.03603245678630684
29,47,0.25,1.7000000000000002,0.018629567882161996,0.0294030212945319
30,47,0.2999999999999998,1.7000000000000002,0.015990815579413897,0.027259983764546525
31,47,0.34999999999999987,1.7000000000000002,0.0227494045180969,0.02781272307103802
32,47,0.3999999999999999,1.7000000000000002,0.03549896370215758,0.0295669050460054
33,47,0.44999999999999996,1.7000000000000002,0.049348296446109635,0.033631613596420556
34,47,0.5,1.7000000000000002,0.06285531594664301,0.042880664442901395
35,47,0.5499999999999998,1.7000000000000002,0.0794602665634743,0.059726460197040976
36,47,0.5999999999999999,1.7000000000000002,0.1004623374049865,0.08405591553869218
37,47,0.6499999999999999,1.7000000000000002,0.11276151820696009,0.11178740876173626
38,47,0.7,1.7000000000000002,0.09941017757754037,0.13551632719376067
39,47,0.75,1.7000000000000002,0.06597143106024148,0.15027082842972092
40,47,0.7999999999999998,1.7000000000000002,0.046982252617910336,0.15726475837104237
0,48,-1.2000000000000002,1.7500000000000004,0.002197518839876511,0.05246368337126106
1,48,-1.1500000000000001,1.7500000000000004,0.007458091775271181,0.05341620716587711
2,48,-1.1,1.7500000000000004,0.022781170641706233,0.05784091304690819
3,48,-1.0500000000000003,1.7500000000000004,0.04498325375645512,0.0664394311610475
4,48,-1.0000000000000002,1.7500000000000004,0.06533610951849247,0.0750403009972346
5,48,-0.9500000000000002,1.7500000000000004,0.07370105506639926,0.07616454411721416
6,48,-0.9000000000000001,1.7500000000000004,0.06692579375805766,0.06614730651142445
7,48,-0.8500000000000001,1.7500000000000004,0.0509412890912167,0.04919014486819723
8,48,-0.8000000000000002,1.7500000000000004,0.03541097756001921,0.0338427948336284
9,48,-0.7500000000000002,1.7500000000000004,0.02609398473074065,0.026237141360780647
10,48,-0.7000000000000002,1.7500000000000004,0.020219965857723177,0.026615628757985788
11,48,-0.6500000000000001,1.7500000000000004,0.007592876221960421,0.03076009887938491
12,48,-0.6000000000000001,1.7500000000000004,-0.019606940579076082,0.033694864137974734
13,48,-0.5500000000000002,1.7500000000000004,-0.053437504309789,0.03331076529926591
14,48,-0.5000000000000001,1.7500000000000004,-0.0749937527358191,0.03198789924421297
15,48,-0.4500000000000002,1.7500000000000004,-0.081083076640905,0.03338678996545302
16,48,-0.40000000000000013,1.7500000000000004,-0.09243011216130012,0.037920535272776
17,48,-0.3500000000000001,1.7500000000000004,-0.12389166810838403,0.04434786760504961
18,48,-0.30000000000000016,1.7500000000000004,-0.15987281459563518,0.0526848403871244
19,48,-0.2500000000000001,1.7500000000000004,-0.1707152229701507,0.061451345471321556
20,48,-0.20000000000000018,1.7500000000000004,-0.14602742275269032,0.0674206376887325
21,48,-0.15000000000000013,1.7500000000000004,-0.10235671635645066,0.0699083883724072
22,48,-0.10000000000000009,1.7500000000000004,-0.06152105701144245,0.07055459472424405
23,48,-0.050000000000000044,1.7500000000000004,-0.03182030055538604,0.07034290793302339
24,48,0.0,1.7500000000000004,-0.010472435245262035,0.06912901988901668
25,48,0.04999999999999982,1.7500000000000004,0.005920259927212346,0.06617155175174
26,48,0.09999999999999987,1.7500000000000004,0.01712110653505558,0.06052105659599752
27,48,0.1499999999999999,1.7500000000000004,0.020977244963875097,0.05196309306592012
28,48,0.19999999999999996,1.7500000000000004,0.0177129585778818,0.04220751050097088
29,48,0.25,1.7500000000000004,0.012800240333796925,0.03414076731692098
30,48,0.2999999999999998,1.7500000000000004,0.013417241652894374,0.029132914570403207
31,48,0.34999999999999987,1.7500000000000004,0.022192930238326553,0.026245774787852227
32,48,0.3999999999999999,1.7500000000000004,0.036996980884141384,0.024676579584211045
33,48,0.44999999999999996,1.7500000000000004,0.055006956959996606,0.025763701476677336
34,48,0.5,1.7500000000000004,0.07548272617613885,0.03242124799149926
35,48,0.5499999999999998,1.7500000000000004,0.10050155830099411,0.0474526859954813
36,48,0.5999999999999999,1.7500000000000004,0.12810218144081745,0.0718509299062306
37,48,0.6499999999999999,1.7500000000000004,0.1411934038174241,0.10275377136246974
38,48,0.7,1.7500000000000004,0.1218767068448498,0.13273725071314593
39,48,0.75,1.7500000000000004,0.07982598560416665,0.1550169735534214
40,48,0.7999999999999998,1.7500000000000004,0.05665299612055863,0.16864345163249708
0,49,-1.2000000000000002,1.8000000000000003,0.003432558516184292,0.09483561749716332
1,49,-1.1500000000000001,1.8000000000000003,0.009909612920174504,0.09628674218008143
2,49,-1.1,1.8000000000000003,0.02720705370477028,0.09750899191567297
3,49,-1.0500000000000003,1.8000000000000003,0.04829724816541661,0.09575689307370988
4,49,-1.0000000000000002,1.8000000000000003,0.061925889588931166,0.08688774659148454
5,49,-0.9500000000000002,1.8000000000000003,0.06071315780612041,0.0694068935749316
6,49,-0.9000000000000001,1.8000000000000003,0.04822299861055507,0.04761183375012856
7,49,-0.8500000000000001,1.8000000000000003,0.034500437865602196,0.029335319662270876
8,49,-0.8000000000000002,1.8000000000000003,0.027098455330570037,0.020318636411804647
9,49,-0.7500000000000002,1.8000000000000003,0.026005289094157003,0.02046491891602692
10,49,-0.7000000000000002,1.8000000000000003,0.02392656632918433,0.024769514379626434
11,49,-0.6500000000000001,1.8000000000000003,0.010174517723198773,0.027686952017712263
12,49,-0.6000000000000001,1.8000000000000003,-0.019964198385731546,0.027131269428019578
13,49,-0.5500000000000002,1.8000000000000003,-0.054518818114440426,0.025370094972809176
14,49,-0.5000000000000001,1.8000000000000003,-0.07325929582346652,0.026521154725113183
15,49,-0.4500000000000002,1.8000000000000003,-0.0755818613101486,0.03223451585760734
16,49,-0.40000000000000013,1.8000000000000003,-0.08477259863679115,0.040234996485670055
17,49,-0.3500000000000001,1.8000000000000003,-0.11512632234953954,0.04837537752564458
18,49,-0.30000000000000016,1.8000000000000003,-0.15068116940686924,0.056952152740991774
19,49,-0.2500000000000001,1.8000000000000003,-0.163255633429569,0.0652181469800793
20,49,-0.20000000000000018,1.8000000000000003,-0.14199945878932224,0.07082918321696094
21,49,-0.15000000000000013,1.8000000000000003,-0.10105777812961167,0.07326116228426813
22,49,-0.10000000000000009,1.8000000000000003,-0.06152165175851931,0.07371528694707155
23,49,-0.050000000000000044,1.8000000000000003,-0.03270295720133473,0.07299497417012524
24,49,0.0,1.8000000000000003,-0.012703720808802388,0.07114704557013435
25,49,0.04999999999999982,1.8000000000000003,0.0015968560784342112,0.06781086743500628
26,49,0.09999999999999987,1.8000000000000003,0.010279920039823892,0.06247420396823883
27,49,0.1499999999999999,1.8000000000000003,0.012240102413979964,0.05510940099653458
28,49,0.19999999999999996,1.8000000000000003,0.00886378725331316,0.046853844559307384
29,49,0.25,1.8000000000000003,0.005554971951594323,0.039516257874511324
30,49,0.2999999999999998,1.8000000000000003,0.008095823050345147,0.0339441515597369
31,49,0.34999999999999987,1.8000000000000003,0.018293069531904738,0.02942229493283169
32,49,0.3999999999999999,1.8000000000000003,0.035016890390982686,0.025506828860493852
33,49,0.44999999999999996,1.8000000000000003,0.05709296485339785,0.023732316867418196
34,49,0.5,1.8000000000000003,0.08454430046544698,0.026909023197818488
35,49,0.5499999999999998,1.8000000000000003,0.11888994847820564,0.037846624293127185
36,49,0.5999999999999999,1.8000000000000003,0.15576342277197494,0.05864350499999879
37,49,0.6499999999999999,1.8000000000000003,0.17364783901387543,0.08884885686603144
38,49,0.7,1.8000000000000003,0.15167337976849202,0.12280551209255197
39,49,0.75,1.8000000000000003,0.10187763197959263,0.15236074345930106
40,49,0.7999999999999998,1.8000000000000003,0.07423520877606171,0.17334432233170882
0,50,-1.2000000000000002,1.85,0.005099768205712729,0.1278232590176677
1,50,-1.1500000000000001,1.85,0.01013146619378083,0.1289146104662943
2,50,-1.1,1.85,0.022251321535334684,0.12514373018409117
3,50,-1.0500000000000003,1.85,0.034362008432266694,0.11140606117706578
4,50,-1.0000000000000002,1.85,0.03898611001971419,0.08640703206832939
5,50,-0.9500000000000002,1.85,0.03442514222504328,0.05609435373241517
6,50,-0.9000000000000001,1.85,0.02685421984539693,0.030034059686171455
7,50,-0.8500000000000001,1.85,0.023648091752892786,0.015144969103255135
8,50,-0.8000000000000002,1.85,0.026540576813775252,0.012224151485728252
9,50,-0.7500000000000002,1.85,0.030544862698562436,0.016357877934856935
10,50,-0.7000000000000002,1.85,0.02744199895940852,0.02058709006631576
11,50,-0.6500000000000001,1.85,0.009954631270353564,0.021009367487553887
12,50,-0.6000000000000001,1.85,-0.02192379762397917,0.019100248575122936
13,50,-0.5500000000000002,1.85,-0.05404761901269539,0.01933689244109943
14,50,-0.5000000000000001,1.85,-0.06812933185102094,0.024574193388967602
15,50,-0.4500000000000002,1.85,-0.06736923488034813,0.03329516450036235
16,50,-0.40000000000000013,1.85,-0.07628925049326288,0.041670210064532476
17,50,-0.3500000000000001,1.85,-0.10717451185306232,0.04824864552693528
18,50,-0.30000000000000016,1.85,-0.14303004514120046,0.05447382971991793
19,50,-0.2500000000000001,1.85,-0.15683819249418154,0.060972513192983774
20,50,-0.20000000000000018,1.85,-0.1379844074485015,0.06647952232531285
21,50,-0.15000000000000013,1.85,-0.09947061262634005,0.06968192267597859
22,50,-0.10000000000000009,1.85,-0.06178724512558534,0.07021489814462725
23,50,-0.050000000000000044,1.85,-0.03438854193232324,0.06856020498038767
24,50,0.0,1.85,-0.015656541980380995,0.06550795201613224
25,50,0.04999999999999982,1.85,-0.0027525816746831744,0.06149227103231611
26,50,0.09999999999999987,1.85,0.004419640096583882,0.056451760331954065
27,50,0.1499999999999999,1.85,0.005356885554943652,0.05051662551339847
28,50,0.19999999999999996,1.85,0.0021198154558585425,0.04464493305175732
29,50,0.25,1.85,-0.00010945266577355728,0.040111701306639186
30,50,0.2999999999999998,1.85,0.003323278711214739,0.03710495556441873
31,50,0.34999999999999987,1.85,0.013755607539083503,0.03430319452712202
32,50,0.3999999999999999,1.85,0.03130700281872789,0.030869777730539727
33,50,0.44999999999999996,1.85,0.05640915129732124,0.028293685747182024
34,50,0.5,1.85,0.08959703360184784,0.029275037487918043
35,50,0.5499999999999998,1.85,0.1322360401031744,0.036172924570486986
36,50,0.5999999999999999,1.85,0.1791044140137217,0.05132718339098716
37,50,0.6499999999999999,1.85,0.20535541090997728,0.07659820879219459
38,50,0.7,1.85,0.18538859343811942,0.10937640440023891
39,50,0.75,1.85,0.1303647958433235,0.14148321671113545
40,50,0.7999999999999998,1.85,0.09862015386537415,0.16590496537488675
0,51,-1.2000000000000002,1.9000000000000004,0.005615261413437489,0.12945274541340673
1,51,-1.1500000000000001,1.9000000000000004,0.0072300840865979765,0.12818633110824193
2,51,-1.1,1.9000000000000004,0.009698504415541764,0.12076841386428297
3,51,-1.0500000000000003,1.9000000000000004,0.009560550049654837,0.10279061798565275
4,51,-1.0000000000000002,1.9000000000000004,0.006614182144280556,0.0749062348745877
5,51,-0.9500000000000002,1.9000000000000004,0.004340185423962473,0.04450977187793276
6,51,-0.9000000000000001,1.9000000000000004,0.007273613981395033,0.020409828215060544
7,51,-0.8500000000000001,1.9000000000000004,0.016690529665158993,0.007281033396073777
8,51,-0.8000000000000002,1.9000000000000004,0.028311364162171837,0.004053003953032042
9,51,-0.7500000000000002,1.9000000000000004,0.03436822767474451,0.005553681419090406
10,51,-0.7000000000000002,1.9000000000000004,0.02857805588188128,0.0063740613436436
11,51,-0.6500000000000001,1.9000000000000004,0.008687676232005948,0.005099774865526263
12,51,-0.6000000000000001,1.9000000000000004,-0.021636673432186004,0.005014058482127881
13,51,-0.5500000000000002,1.9000000000000004,-0.04904487330059576,0.010223552119134893
14,51,-0.5000000000000001,1.9000000000000004,-0.0593010237642036,0.020700694049415602
15,51,-0.4500000000000002,1.9000000000000004,-0.05848584463458373,0.031727001546885125
16,51,-0.40000000000000013,1.9000000000000004,-0.06981911761021822,0.0390342702919963
17,51,-0.3500000000000001,1.9000000000000004,-0.10232270269415408,0.04303465689697181
18,51,-0.30000000000000016,1.9000000000000004,-0.13795730174082074,0.046826944967233164
19,51,-0.2500000000000001,1.9000000000000004,-0.1512499408241741,0.052272737728743246
20,51,-0.20000000000000018,1.9000000000000004,-0.13329004930632743,0.058512228571682284
21,51,-0.15000000000000013,1.9000000000000004,-0.09732240231029726,0.06280885882178983
22,51,-0.10000000000000009,1.9000000000000004,-0.06264336945411023,0.06327068700790486
23,51,-0.050000000000000044,1.9000000000000004,-0.03740990332982974,0.06046339202018511
24,51,0.0,1.9000000000000004,-0.019771654756873952,0.0560502385611969
25,51,0.04999999999999982,1.9000000000000004,-0.007459335605743966,0.0510823069087131
26,51,0.09999999999999987,1.9000000000000004,-0.000695725479093745,0.04584951352683553
27,51,0.1499999999999999,1.9000000000000004,0.00043327513378321747,0.040797423102991726
28,51,0.19999999999999996,1.9000000000000004,-0.0015411369534461261,0.03709134391914434
29,51,0.25,1.9000000000000004,-0.0019850055357442664,0.03590996282879233
30,51,0.2999999999999998,1.9000000000000004,0.0022873162708279826,0.03696349626703163
31,51,0.34999999999999987,1.9000000000000004,0.012057891698025736,0.038186632220067185
32,51,0.3999999999999999,1.9000000000000004,0.029007381611042687,0.03789399942220606
33,51,0.44999999999999996,1.9000000000000004,0.055498224610776165,0.03691185907785666
34,51,0.5,1.9000000000000004,0.09242353928875194,0.0376612618395189
35,51,0.5499999999999998,1.9000000000000004,0.14094209438127475,0.04231982166506873
36,51,0.5999999999999999,1.9000000000000004,0.19618870699368254,0.053092739703864966
37,51,0.6499999999999999,1.9000000000000004,0.23169706002312718,0.07246075842085281
38,51,0.7,1.9000000000000004,0.21655838768743288,0.09949045450397986
39,51,0.75,1.9000000000000004,0.15840619295424047,0.12705675596233285
40,51,0.7999999999999998,1.9000000000000004,0.1230787061035643,0.1477806265242379
0,52,-1.2000000000000002,1.9500000000000002,0.002566939595383122,0.10511144503894482
1,52,-1.1500000000000001,1.9500000000000002,0.0014471346446570665,0.09919481711444605
2,52,-1.1,1.9500000000000002,-0.0031443915872544914,0.08996261606173811
3,52,-1.0500000000000003,1.9500000000000002,-0.01150017055742858,0.07635357214986205
4,52,-1.0000000000000002,1.9500000000000002,-0.019294736088005804,0.058656043277205416
5,52,-0.9500000000000002,1.9500000000000002,-0.02007126443448387,0.0390349572663809
6,52,-0.9000000000000001,1.9500000000000002,-0.010374518636462049,0.020635872329870242
7,52,-0.8500000000000001,1.9500000000000002,0.007291267490864284,0.006103600216037786
8,52,-0.8000000000000002,1.9500000000000002,0.02481322483679188,-0.003781727734945839
9,52,-0.7500000000000002,1.9500000000000002,0.032865920089173994,-0.010178377091698276
10,52,-0.7000000000000002,1.9500000000000002,0.026988092405844377,-0.014634851569119978
11,52,-0.6500000000000001,1.9500000000000002,0.008594628408837846,-0.01691007970318792
12,52,-0.6000000000000001,1.9500000000000002,-0.01680002037037054,-0.014234914246417096
13,52,-0.5500000000000002,1.9500000000000002,-0.03836098344540767,-0.004013415027344369
14,52,-0.5000000000000001,1.9500000000000002,-0.046625882423270704,0.01137301498385479
15,52,-0.4500000000000002,1.9500000000000002,-0.04903565863776743,0.024935068393010518
16,52,-0.40000000000000013,1.9500000000000002,-0.0649815951431762,0.032426274135869126
17,52,-0.3500000000000001,1.9500000000000002,-0.09938183717782545,0.035996698403097244
18,52,-0.30000000000000016,1.9500000000000002,-0.13379196430942902,0.039759128687792133
19,52,-0.2500000000000001,1.9500000000000002,-0.14515290888973242,0.04572796673700641
20,52,-0.20000000000000018,1.9500000000000002,-0.1274482863554549,0.052801941430640625
21,52,-0.15000000000000013,1.9500000000000002,-0.09471215419011747,0.0575584305873747
22,52,-0.10000000000000009,1.9500000000000002,-0.06413271192719006,0.05775340289322167
23,52,-0.050000000000000044,1.9500000000000002,-0.04160899037903121,0.05424147824121178
24,52,0.0,1.9500000000000002,-0.025037627091853004,0.04897414897281599
25,52,0.04999999999999982,1.9500000000000002,-0.012953306709044543,0.04313454602947839
26,52,0.09999999999999987,1.9500000000000002,-0.005865243709137491,0.037332447448893
27,52,0.1499999999999999,1.9500000000000002,-0.003401284052747533,0.03251395369299581
28,52,0.19999999999999996,1.9500000000000002,-0.002767644818340853,0.030169287720411414
29,52,0.25,1.9500000000000002,-0.0002373003178862687,0.03143778745990505
30,52,0.2999999999999998,1.9500000000000002,0.005599948102489594,0.03579107735023693
31,52,0.34999999999999987,1.9500000000000002,0.014686110694257931,0.04088616178281573
32,52,0.3999999999999999,1.9500000000000002,0.030032229676517364,0.044299383353223476
33,52,0.44999999999999996,1.9500000000000002,0.05617641371463408,0.04560644248410045
34,52,0.5,1.9500000000000002,0.09500499618905991,0.0467497729462657
35,52,0.5499999999999998,1.9500000000000002,0.14766751796752048,0.0508686738476527
36,52,0.5999999999999999,1.9500000000000002,0.2092453507695058,0.06084051221537684
37,52,0.6499999999999999,1.9500000000000002,0.2517531257100922,0.07760905645871827
38,52,0.7,1.9500000000000002,0.23998459097959945,0.09853112310492601
39,52,0.75,1.9500000000000002,0.17865496786358154,0.11769448953038109
40,52,0.7999999999999998,1.9500000000000002,0.14006789498918426,0.13041461408976246
0,53,-1.2000000000000002,2.0000000000000004,-0.006217994435560037,0.08592527343072559
1,53,-1.1500000000000001,2.0000000000000004,-0.007918744890608731,0.07329801562962146
2,53,-1.1,2.0000000000000004,-0.013142740549042242,0.060509329898120745
3,53,-1.0500000000000003,2.0000000000000004,-0.021746022734877857,0.050712073088559906
4,53,-1.0000000000000002,2.0000000000000004,-0.030704432739200593,0.044310566759886705
5,53,-0.9500000000000002,2.0000000000000004,-0.0336799855233727,0.037853833602760345
6,53,-0.9000000000000001,2.0000000000000004,-0.02565774306894808,0.027622123559062628
7,53,-0.8500000000000001,2.0000000000000004,-0.007727070399657088,0.012938744677327418
8,53,-0.8000000000000002,2.0000000000000004,0.012029386854435775,-0.003854340246718657
9,53,-0.7500000000000002,2.0000000000000004,0.023515103840570373,-0.019114867541229763
10,53,-0.7000000000000002,2.0000000000000004,0.02184635327039164,-0.029876807600495436
11,53,-0.6500000000000001,2.0000000000000004,0.009087613554708829,-0.034493354938694154
12,53,-0.6000000000000001,2.0000000000000004,-0.008740008756342454,-0.031229832803879587
13,53,-0.5500000000000002,2.0000000000000004,-0.023436944070323873,-0.01872580605712909
14,53,-0.5000000000000001,2.0000000000000004,-0.03035254034384871,-0.00040716458941936207
15,53,-0.4500000000000002,2.0000000000000004,-0.03743258548256939,0.0157719253623953
16,53,-0.40000000000000013,2.0000000000000004,-0.0587574876001315,0.025582064380520186
17,53,-0.3500000000000001,2.0000000000000004,-0.09498984814223108,0.03168135335809896
18,53,-0.30000000000000016,2.0000000000000004,-0.12822603340691158,0.03769920306222599
19,53,-0.2500000000000001,2.0000000000000004,-0.1382071280813256,0.044567238049454394
20,53,-0.20000000000000018,2.0000000000000004,-0.12145958545595914,0.05099834709436743
21,53,-0.15000000000000013,2.0000000000000004,-0.09237094084771622,0.054608333524096275
22,53,-0.10000000000000009,2.0000000000000004,-0.06596032180027314,0.05420967440859209
23,53,-0.050000000000000044,2.0000000000000004,-0.046189157250235424,0.05068735061241933
24,53,0.0,2.0000000000000004,-0.030878586968607347,0.04540220674028386
25,53,0.04999999999999982,2.0000000000000004,-0.01910103712966696,0.039292953092790184
26,53,0.09999999999999987,2.0000000000000004,-0.011316317815576321,0.03331523353685459
27,53,0.1499999999999999,2.0000000000000004,-0.006729884594698365,0.02883509432825601
28,53,0.19999999999999996,2.0000000000000004,-0.0026173031865368845,0.02739727097901115
29,53,0.25,2.0000000000000004,0.003636784094081247,0.029941513965257432
30,53,0.2999999999999998,2.0000000000000004,0.011735690593738662,0.03592635611584086
31,53,0.34999999999999987,2.0000000000000004,0.020566197701012284,0.04322042322004699
32,53,0.3999999999999999,2.0000000000000004,0.033727662312327406,0.04897979202725236
33,53,0.44999999999999996,2.0000000000000004,0.05794861420381839,0.05142750321351364
34,53,0.5,2.0000000000000004,0.09768577065230419,0.05211079821111922
35,53,0.5499999999999998,2.0000000000000004,0.1550328336503859,0.05625234143769628
36,53,0.5999999999999999,2.0000000000000004,0.2229290896047481,0.0686738582443018
37,53,0.6499999999999999,2.0000000000000004,0.26938767091267635,0.08802930243666296
38,53,0.7,2.0000000000000004,0.2566438207590957,0.10746685466936884
39,53,0.75,2.0000000000000004,0.19028968393907691,0.12119261031761308
40,53,0.7999999999999998,2.0000000000000004,0.14851895522232705,0.1280676975229822
0,54,-1.2000000000000002,2.0500000000000003,-0.02268757600682514,0.09381890981206842
1,54,-1.1500000000000001,2.0500000000000003,-0.02396880888794778,0.07443740988664516
2,54,-1.1,2.0500000000000003,-0.025730334128316046,0.054502021660563504
3,54,-1.0500000000000003,2.0500000000000003,-0.02769893369566262,0.040535806036866295
4,54,-1.0000000000000002,2.0500000000000003,-0.032152975573805365,0.03590341894066984
5,54,-0.9500000000000002,2.0500000000000003,-0.03675970763530795,0.03660234374786492
6,54,-0.9000000000000001,2.0500000000000003,-0.035289607561894976,0.034833294487712496
7,54,-0.8500000000000001,2.0500000000000003,-0.024185196314917,0.025184032212837992
8,54,-0.8000000000000002,2.0500000000000003,-0.007240387381765301,0.007858766906179426
9,54,-0.7500000000000002,2.0500000000000003,0.006843452735397215,-0.011956304331264267
10,54,-0.7000000000000002,2.0500000000000003,0.011609605008379986,-0.0280151313890159
11,54,-0.6500000000000001,2.0500000000000003,0.007241603205453695,-0.03645345775807579
12,54,-0.6000000000000001,2.0500000000000003,-0.0010324714888054753,-0.03533066844745747
13,54,-0.5500000000000002,2.0500000000000003,-0.0075383152309474455,-0.024017025943042503
14,54,-0.5000000000000001,2.0500000000000003,-0.012128151003746312,-0.006213088207479289
15,54,-0.4500000000000002,2.0500000000000003,-0.023046429667827883,0.010634244743371324
16,54,-0.40000000000000013,2.0500000000000003,-0.049072167147472534,0.02269641562366448
17,54,-0.3500000000000001,2.0500000000000003,-0.08726469849611965,0.031883639576944234
18,54,-0.30000000000000016,2.0500000000000003,-0.12090607961807359,0.04004590799740651
19,54,-0.2500000000000001,2.0500000000000003,-0.13185376485759098,0.04658986737494708
20,54,-0.20000000000000018,2.0500000000000003,-0.11740719088081303,0.050549600879476186
21,54,-0.15000000000000013,2.0500000000000003,-0.09150082687589281,0.05163291175575416
22,54,-0.10000000000000009,2.0500000000000003,-0.068053694838867,0.05023121929717905
23,54,-0.050000000000000044,2.0500000000000003,-0.050416458047339435,0.0469901294436631
24,54,0.0,2.0500000000000003,-0.03643202461148215,0.042326232533664576
25,54,0.04999999999999982,2.0500000000000003,-0.025040279912473817,0.0368227955731687
26,54,0.09999999999999987,2.0500000000000003,-0.016323102473671663,0.03163869877934197
27,54,0.1499999999999999,2.0500000000000003,-0.00931924661059097,0.028170620961512627
28,54,0.19999999999999996,2.0500000000000003,-0.0016612251813394319,0.02755890622653842
29,54,0.25,2.0500000000000003,0.008291784818943437,0.030351556256074524
30,54,0.2999999999999998,2.0500000000000003,0.01887885735727915,0.03619796515916596
31,54,0.34999999999999987,2.0500000000000003,0.027739546605669435,0.04359690485352341
32,54,0.3999999999999999,2.0500000000000003,0.03823930966998401,0.04979667323731049
33,54,0.44999999999999996,2.0500000000000003,0.05930741989850094,0.05220891767215449
34,54,0.5,2.0500000000000003,0.09982983441324256,0.052166641693776744
35,54,0.5499999999999998,2.0500000000000003,0.16423057800070306,0.056621434268089715
36,54,0.5999999999999999,2.0500000000000003,0.24102231176847247,0.07233360595544955
37,54,0.6499999999999999,2.0500000000000003,0.2905461221351592,0.09681969811775326
38,54,0.7,2.0500000000000003,0.2731478988605496,0.11979250565129523
39,54,0.75,2.0500000000000003,0.1992558107171949,0.13424075716669592
40,54,0.7999999999999998,2.0500000000000003,0.15381806939992249,0.14057616774040355
0,55,-1.2000000000000002,2.1,-0.04498099428640656,0.11757596498826822
1,55,-1.1500000000000001,2.1,-0.047235633042113645,0.09730320508126361
2,55,-1.1,2.1,-0.0470443443988211,0.07230502223688678
3,55,-1.0500000000000003,2.1,-0.04034462545477152,0.04954828623655039
4,55,-1.0000000000000002,2.1,-0.03463789502820197,0.03669542026891959
5,55,-0.9500000000000002,2.1,-0.034750109976330046,0.03471649209368183
6,55,-0.9000000000000001,2.1,-0.037076054603975006,0.037111242534735855
7,55,-0.8500000000000001,2.1,-0.03470159798119016,0.03539264080214266
8,55,-0.8000000000000002,2.1,-0.025110949689666484,0.02503855920098802
9,55,-0.7500000000000002,2.1,-0.012358794454624955,0.008222320233265967
10,55,-0.7000000000000002,2.1,-0.0026508001564198858,-0.008608801891395734
11,55,-0.6500000000000001,2.1,0.0017720764962672608,-0.01945525516388602
12,55,-0.6000000000000001,2.1,0.003696423058690834,-0.021054344544188253
13,55,-0.5500000000000002,2.1,0.005680636169654307,-0.013236282534857258
14,55,-0.5000000000000001,2.1,0.004298730342565116,0.00025508934365481295
15,55,-0.4500000000000002,2.1,-0.008523081651425624,0.013814593007171194
16,55,-0.40000000000000013,2.1,-0.03750809276655859,0.025044556032449983
17,55,-0.3500000000000001,2.1,-0.07764035576848904,0.03484018343998363
18,55,-0.30000000000000016,2.1,-0.11351980560890873,0.0429781294573571
19,55,-0.2500000000000001,2.1,-0.12770343519925592,0.04772278414048106
20,55,-0.20000000000000018,2.1,-0.11641654107515206,0.04866653342323085
21,55,-0.15000000000000013,2.1,-0.09268932243001335,0.04716168096988854
22,55,-0.10000000000000009,2.1,-0.0706031041123642,0.044657637043981485
23,55,-0.050000000000000044,2.1,-0.0540941440137499,0.041616793713911415
24,55,0.0,2.1,-0.041045920839101746,0.037869414676652974
25,55,0.04999999999999982,2.1,-0.029788570883989562,0.03371872056516803
26,55,0.09999999999999987,2.1,-0.019968492427232393,0.030198412723291407
27,55,0.1499999999999999,2.1,-0.010809677147501917,0.028288510494197533
28,55,0.19999999999999996,2.1,-0.00043636789197498693,0.028374431547562584
29,55,0.25,2.1,0.012275843026708783,0.03038672849416099
30,55,0.2999999999999998,2.1,0.02498103919118755,0.034148785188285874
31,55,0.34999999999999987,2.1,0.03416490577915682,0.03928073502179705
32,55,0.3999999999999999,2.1,0.04233967513095849,0.04427931025188209
33,55,0.44999999999999996,2.1,0.06031858266028464,0.04696718047353582
34,55,0.5,2.1,0.10209828724823941,0.04819307160094391
35,55,0.5499999999999998,2.1,0.1751997979120587,0.05408116074739372
36,55,0.5999999999999999,2.1,0.2631273534544116,0.07096172865784775
37,55,0.6499999999999999,2.1,0.316846570608522,0.09675525054162554
38,55,0.7,2.1,0.29406487980803836,0.12163698706183446
39,55,0.75,2.1,0.21107334602818523,0.13825977553162422
40,55,0.7999999999999998,2.1,0.1611897763697423,0.14642419850524724
0,56,-1.2000000000000002,2.1500000000000004,-0.06323309582083436,0.12853277299905347
1,56,-1.1500000000000001,2.1500000000000004,-0.06923975163932922,0.11776900904634041
2,56,-1.1,2.1500000000000004,-0.07348525297302927,0.09819019437804888
3,56,-1.0500000000000003,2.1500000000000004,-0.06330853566362982,0.07253523464625183
4,56,-1.0000000000000002,2.1500000000000004,-0.046984769716673924,0.04969289537394728
5,56,-0.9500000000000002,2.1500000000000004,-0.03634388536949168,0.037488983220859695
6,56,-0.9000000000000001,2.1500000000000004,-0.03461345885343414,0.03599483122030234
7,56,-0.8500000000000001,2.1500000000000004,-0.03625787964866484,0.03850234526217022
8,56,-0.8000000000000002,2.1500000000000004,-0.034410707950641994,0.03733017256712573
9,56,-0.7500000000000002,2.1500000000000004,-0.02680390835698654,0.02949253322985984
10,56,-0.7000000000000002,2.1500000000000004,-0.016067970388772,0.018085501719362906
11,56,-0.6500000000000001,2.1500000000000004,-0.005203939447338823,0.008942160894526985
12,56,-0.6000000000000001,2.1500000000000004,0.0051865011402232875,0.006159384581937433
13,56,-0.5500000000000002,2.1500000000000004,0.01377111865689562,0.009788460771244512
14,56,-0.5000000000000001,2.1500000000000004,0.01492272453828214,0.016576501646037578
15,56,-0.4500000000000002,2.1500000000000004,0.0017430370209672863,0.023496061475360153
16,56,-0.40000000000000013,2.1500000000000004,-0.0280465767146601,0.03034019662569054
17,56,-0.3500000000000001,2.1500000000000004,-0.06933112507121253,0.03760282691924882
18,56,-0.30000000000000016,2.1500000000000004,-0.10802347891757616,0.04363952361936846
19,56,-0.2500000000000001,2.1500000000000004,-0.12616536089171723,0.04608716620919051
20,56,-0.20000000000000018,2.1500000000000004,-0.11796829405140555,0.04474874539114146
21,56,-0.15000000000000013,2.1500000000000004,-0.09550972325514218,0.0415409221661088
22,56,-0.10000000000000009,2.1500000000000004,-0.07359858209484413,0.0383237637490727
23,56,-0.050000000000000044,2.1500000000000004,-0.05720468041466795,0.03559600412871691
24,56,0.0,2.1500000000000004,-0.044330097760225534,0.03303734545443429
25,56,0.04999999999999982,2.1500000000000004,-0.032711281865835384,0.03074341359162458
26,56,0.09999999999999987,2.1500000000000004,-0.02175331254464216,0.02936322641036132
27,56,0.1499999999999999,2.1500000000000004,-0.011143227786319793,0.029230862516915063
28,56,0.19999999999999996,2.1500000000000004,0.00043699281862402684,0.029902024150522677
29,56,0.25,2.1500000000000004,0.014066138459666727,0.030573469068387316
30,56,0.2999999999999998,2.1500000000000004,0.027772863884915205,0.031016576156221165
31,56,0.34999999999999987,2.1500000000000004,0.03787007166926565,0.03218729763803274
32,56,0.3999999999999999,2.1500000000000004,0.04592575512172278,0.03504390222808573
33,56,0.44999999999999996,2.1500000000000004,0.06322118124756276,0.039169000442851876
34,56,0.5,2.1500000000000004,0.10694381468710046,0.04440030896571828
35,56,0.5499999999999998,2.1500000000000004,0.1869992350576069,0.0530604781950407
36,56,0.5999999999999999,2.1500000000000004,0.28369640156270426,0.06781944867500514
37,56,0.6499999999999999,2.1500000000000004,0.3412213805391459,0.08699383325212195
38,56,0.7,2.1500000000000004,0.31465242385054826,0.10499321669426354
39,56,0.75,2.1500000000000004,0.22404302216060767,0.11765959959871009
40,56,0.7999999999999998,2.1500000000000004,0.17014691534716853,0.12465088706165167
0,57,-1.2000000000000002,2.2,-0.06650852219183268,0.11353375613978589
1,57,-1.1500000000000001,2.2,-0.07757821166311824,0.11770068859960903
2,57,-1.1,2.2,-0.09227811879890968,0.1139046050172654
3,57,-1.0500000000000003,2.2,-0.08884192445887312,0.09785198804416223
4,57,-1.0000000000000002,2.2,-0.06968414645359411,0.07336556098993668
5,57,-0.9500000000000002,2.2,-0.048448174129974986,0.051079293698060024
6,57,-0.9000000000000001,2.2,-0.03606269256266448,0.03918696255157256
7,57,-0.8500000000000001,2.2,-0.033366256634366764,0.037769715964471595
8,57,-0.8000000000000002,2.2,-0.03412076172197687,0.04075216833167222
9,57,-0.7500000000000002,2.2,-0.03160346530238778,0.04185194064278447
10,57,-0.7000000000000002,2.2,-0.023201172491752742,0.03923942437819877
11,57,-0.6500000000000001,2.2,-0.010154040641158213,0.0354236612575104
12,57,-0.6000000000000001,2.2,0.004542722935408361,0.03329951246585333
13,57,-0.5500000000000002,2.2,0.016097753233754453,0.033022744262036496
14,57,-0.5000000000000001,2.2,0.018006331046680757,0.032907531921124444
15,57,-0.4500000000000002,2.2,0.005240613328227339,0.032691206886652224
16,57,-0.40000000000000013,2.2,-0.023401327322669918,0.03412704238486303
17,57,-0.3500000000000001,2.2,-0.06434102877481113,0.03778736407441363
18,57,-0.30000000000000016,2.2,-0.10503546631896704,0.04140359190499626
19,57,-0.2500000000000001,2.2,-0.12659421342748292,0.04223844449199765
20,57,-0.20000000000000018,2.2,-0.12096278511823377,0.03986194500239765
21,57,-0.15000000000000013,2.2,-0.0991143040720821,0.03614330883637565
22,57,-0.10000000000000009,2.2,-0.07654802214975609,0.033079811923190094
23,57,-0.050000000000000044,2.2,-0.05938056230838831,0.031232847288467647
24,57,0.0,2.2,-0.04589851137619408,0.03025790788271726
25,57,0.04999999999999982,2.2,-0.03346268992806253,0.030139896551850398
26,57,0.09999999999999987,2.2,-0.02148104350194191,0.03115843522741288
27,57,0.1499999999999999,2.2,-0.01027087940734056,0.0330139248027643
28,57,0.19999999999999996,2.2,0.000906238659497266,0.03451852318894874
29,57,0.25,2.2,0.01339039503240727,0.03428575224174446
30,57,0.2999999999999998,2.2,0.026594867760832974,0.032041272190117126
31,57,0.34999999999999987,2.2,0.038192231851021385,0.02975892075744474
32,57,0.3999999999999999,2.2,0.04932137793577762,0.030637853201631732
33,57,0.44999999999999996,2.2,0.06967498939791719,0.036196356846920213
34,57,0.5,2.2,0.11598976500042824,0.04542725942714737
35,57,0.5499999999999998,2.2,0.19861893762134555,0.056652338519095624
36,57,0.5999999999999999,2.2,0.2970607085114929,0.06782199367627834
37,57,0.6499999999999999,2.2,0.35402033862778043,0.07600891444415725
38,57,0.7,2.2,0.3247306461546265,0.08000563913091896
39,57,0.75,2.2,0.23073101639557336,0.08155327563670767
40,57,0.7999999999999998,2.2,0.17517235129562547,0.08247465601525117
0,58,-1.2000000000000002,2.2500000000000004,-0.05489923090118809,0.0841399187938191
1,58,-1.1500000000000001,2.2500000000000004,-0.0688689027618497,0.09811452884133737
2,58,-1.1,2.2500000000000004,-0.09333395352847607,0.1102544206837558
3,58,-1.0500000000000003,2.2500000000000004,-0.10384757969095854,0.11199891364350567
4,58,-1.0000000000000002,2.2500000000000004,-0.09375746406277613,0.09846843931201693
5,58,-0.9500000000000002,2.2500000000000004,-0.07052248380785581,0.07520521623005677
6,58,-0.9000000000000001,2.2500000000000004,-0.04792303658702257,0.053796743107500655
7,58,-0.8500000000000001,2.2500000000000004,-0.03469267386856517,0.0423600773644367
8,58,-0.8000000000000002,2.2500000000000004,-0.03032848327232912,0.04107329804223514
9,58,-0.7500000000000002,2.2500000000000004,-0.02831665231045999,0.04476450960343881
10,58,-0.7000000000000002,2.2500000000000004,-0.022496249774046073,0.04831121949927769
11,58,-0.6500000000000001,2.2500000000000004,-0.011143851359684265,0.04960931579729211
12,58,-0.6000000000000001,2.2500000000000004,0.0027855841447493868,0.04851648141387943
13,58,-0.5500000000000002,2.2500000000000004,0.013379138112166733,0.045041250348651085
14,58,-0.5000000000000001,2.2500000000000004,0.014591187162897867,0.03967863202780586
15,58,-0.4500000000000002,2.2500000000000004,0.0029625474847058686,0.03458747050049421
16,58,-0.40000000000000013,2.2500000000000004,-0.02295041952689869,0.032545936529759234
17,58,-0.3500000000000001,2.2500000000000004,-0.062054575551079294,0.03403475553203361
18,58,-0.30000000000000016,2.2500000000000004,-0.10357239849999214,0.03654674461988694
19,58,-0.2500000000000001,2.2500000000000004,-0.12770700779431585,0.03717726263456789
20,58,-0.20000000000000018,2.2500000000000004,-0.12406342970702755,0.03525208333388388
21,58,-0.15000000000000013,2.2500000000000004,-0.10229185633434973,0.03243823025690859
22,58,-0.10000000000000009,2.2500000000000004,-0.07850904364275213,0.0305985069825028
23,58,-0.050000000000000044,2.2500000000000004,-0.06002658445514078,0.030207178371728927
24,58,0.0,2.2500000000000004,-0.04542304849684278,0.03101420174530717
25,58,0.04999999999999982,2.2500000000000004,-0.03181075452113977,0.0331239906168454
26,58,0.09999999999999987,2.2500000000000004,-0.01887928429372826,0.03664102309046291
27,58,0.1499999999999999,2.2500000000000004,-0.00778313982478393,0.04073455630837233
28,58,0.19999999999999996,2.2500000000000004,0.0017088202576041878,0.043529423378535076
29,58,0.25,2.2500000000000004,0.011588887460835112,0.04332661006292135
30,58,0.2999999999999998,2.2500000000000004,0.023246032400615485,0.040196494821023304
31,58,0.34999999999999987,2.2500000000000004,0.036466652680780254,0.03665711694645871
32,58,0.3999999999999999,2.2500000000000004,0.05236319121119826,0.03649736368064968
33,58,0.44999999999999996,2.2500000000000004,0.0780105874730784,0.0418995132681553
34,58,0.5,2.2500000000000004,0.12739979635927587,0.05192532007605749
35,58,0.5499999999999998,2.2500000000000004,0.20939396930673787,0.06364607976928532
36,58,0.5999999999999999,2.2500000000000004,0.3030529774877659,0.07223587786654051
37,58,0.6499999999999999,2.2500000000000004,0.35340502599378654,0.07224420251442681
38,58,0.7,2.2500000000000004,0.3201967850430987,0.06382362587158602
39,58,0.75,2.2500000000000004,0.22651203904493988,0.05361334309828297
40,58,0.7999999999999998,2.2500000000000004,0.17198967610425553,0.046802191100881185
0,59,-1.2000000000000002,2.3000000000000003,-0.038559302096796144,0.05754193092008669
1,59,-1.1500000000000001,2.3000000000000003,-0.05146370977318154,0.07200149764893804
2,59,-1.1,2.3000000000000003,-0.07839373399674138,0.09095688182689354
3,59,-1.0500000000000003,2.3000000000000003,-0.10062790583061199,0.10766690192586525
4,59,-1.0000000000000002,2.3000000000000003,-0.10647784386704301,0.11213134714952055
5,59,-0.9500000000000002,2.3000000000000003,-0.09311987033449126,0.1003756986001722
6,59,-0.9000000000000001,2.3000000000000003,-0.06890783142828455,0.07896618081739776
7,59,-0.8500000000000001,2.3000000000000003,-0.04608970169963228,0.05926929182414886
8,59,-0.8000000000000002,2.3000000000000003,-0.03171632948297476,0.04871325769574997
9,59,-0.7500000000000002,2.3000000000000003,-0.024365543845345228,0.0472036411179616
10,59,-0.7000000000000002,2.3000000000000003,-0.01835636629789944,0.04987877191089535
11,59,-0.6500000000000001,2.3000000000000003,-0.009948778726556473,0.05167532186831858
12,59,-0.6000000000000001,2.3000000000000003,-2.5342513232662345e-05,0.049769885367310085
13,59,-0.5500000000000002,2.3000000000000003,0.007259903847680882,0.043880257376865406
14,59,-0.5000000000000001,2.3000000000000003,0.0075525511985238825,0.035912082851451976
15,59,-0.4500000000000002,2.3000000000000003,-0.001892082169819287,0.029137975110986314
16,59,-0.40000000000000013,2.3000000000000003,-0.023954042291130517,0.026329603642163135
17,59,-0.3500000000000001,2.3000000000000003,-0.06034022068468342,0.02763328744620791
18,59,-0.30000000000000016,2.3000000000000003,-0.10189295921643277,0.030553594459368782
19,59,-0.2500000000000001,2.3000000000000003,-0.12788887471348598,0.03230362346720958
20,59,-0.20000000000000018,2.3000000000000003,-0.12570181749589307,0.03207143354389014
21,59,-0.15000000000000013,2.3000000000000003,-0.10376788042346319,0.031111988739964958
22,59,-0.10000000000000009,2.3000000000000003,-0.07877907403493575,0.030883067017847682
23,59,-0.050000000000000044,2.3000000000000003,-0.05896486754558394,0.03184601844074181
24,59,0.0,2.3000000000000003,-0.042981699131077605,0.03408060067775859
25,59,0.04999999999999982,2.3000000000000003,-0.027835868582906792,0.03789779984970709
26,59,0.09999999999999987,2.3000000000000003,-0.013870477810414977,0.04329264444957431
27,59,0.1499999999999999,2.3000000000000003,-0.0033824791192683945,0.04907301204586434
28,59,0.19999999999999996,2.3000000000000003,0.0034982924140462834,0.0529087105553544
29,59,0.25,2.3000000000000003,0.010057466474895499,0.053107528864770326
30,59,0.2999999999999998,2.3000000000000003,0.01992537464437033,0.05038618978215684
31,59,0.34999999999999987,2.3000000000000003,0.03449310071064776,0.04743888593575149
32,59,0.3999999999999999,2.3000000000000003,0.05456377425747422,0.04721513048242268
33,59,0.44999999999999996,2.3000000000000003,0.085102945793325,0.05124724479398074
34,59,0.5,2.3000000000000003,0.13773633150155826,0.05917940203677155
35,59,0.5499999999999998,2.3000000000000003,0.21892949541182857,0.06917546997637011
36,59,0.5999999999999999,2.3000000000000003,0.3056588312566344,0.07640775300467861
37,59,0.6499999999999999,2.3000000000000003,0.34560808663282594,0.07378725807063558
38,59,0.7,2.3000000000000003,0.30609978673848265,0.06030007096397144
39,59,0.75,2.3000000000000003,0.21370958162486853,0.043989214168691226
40,59,0.7999999999999998,2.3000000000000003,0.1615500473008219,0.03223385147154895
0,60,-1.2000000000000002,2.35,-0.025980097443485395,0.040284739202860465
1,60,-1.1500000000000001,2.35,-0.03545395185504285,0.05027421981351532
2,60,-1.1,2.35,-0.05766854925154885,0.06691077897599207
3,60,-1.0500000000000003,2.35,-0.08267311436833152,0.08849463697894189
4,60,-1.0000000000000002,2.35,-0.10104866738846918,0.10714316863571355
5,60,-0.9500000000000002,2.35,-0.1036876501399786,0.11324553527734316
6,60,-0.9000000000000001,2.35,-0.08902944336304591,0.10392185289208988
7,60,-0.8500000000000001,2.35,-0.06494559699021296,0.08577587716489171
8,60,-0.8000000000000002,2.35,-0.04239413397851638,0.06902817091215957
9,60,-0.7500000000000002,2.35,-0.02715113809531461,0.05935431361764526
10,60,-0.7000000000000002,2.35,-0.018024569023689097,0.055282763606993024
11,60,-0.6500000000000001,2.35,-0.011252737903269527,0.052050137907194705
12,60,-0.6000000000000001,2.35,-0.005009480346703787,0.04664758850901868
13,60,-0.5500000000000002,2.35,-0.00047866440369137564,0.03907931822538235
14,60,-0.5000000000000001,2.35,-0.00015109510298122464,0.030943649440159093
15,60,-0.4500000000000002,2.35,-0.0066199317245829725,0.024601455003955552
16,60,-0.40000000000000013,2.35,-0.024455107191677095,0.022154467870080796
17,60,-0.3500000000000001,2.35,-0.05783058473387365,0.023714581029732618
18,60,-0.30000000000000016,2.35,-0.09890206247899047,0.027263011022081174
19,60,-0.2500000000000001,2.35,-0.1261891687097945,0.03030807815327302
20,60,-0.20000000000000018,2.35,-0.12525506443427217,0.03167308758269621
21,60,-0.15000000000000013,2.35,-0.10348022286039218,0.03197931841688914
22,60,-0.10000000000000009,2.35,-0.07777501394197528,0.03245387116299639
23,60,-0.050000000000000044,2.35,-0.056829050795229874,0.033860926536902064
24,60,0.0,2.35,-0.0393712670878775,0.03659620682777781
25,60,0.04999999999999982,2.35,-0.02259871074932404,0.04084690038292996
26,60,0.09999999999999987,2.35,-0.007704072097571013,0.046304329112921705
27,60,0.1499999999999999,2.35,0.0018329262809961555,0.05173373775459442
28,60,0.19999999999999996,2.35,0.005743337076510174,0.055139912396905966
29,60,0.25,2.35,0.00906636668763755,0.055418058975891527
30,60,0.2999999999999998,2.35,0.01757738947159665,0.05372739662598783
31,60,0.34999999999999987,2.35,0.033295593381046096,0.05235872777015246
32,60,0.3999999999999999,2.35,0.056171550069427506,0.05296131297372206
33,60,0.44999999999999996,2.35,0.08997485902742727,0.05601318543762404
34,60,0.5,2.35,0.14532802154166524,0.061269499394037974
35,60,0.5499999999999998,2.35,0.22662232027464493,0.0678884665922247
36,60,0.5999999999999999,2.35,0.3076647655820314,0.07265008294910807
37,60,0.6499999999999999,2.35,0.33729734395307936,0.06977511888605736
38,60,0.7,2.35,0.2903987411411543,0.05758496837857924
39,60,0.75,2.35,0.1984458195525174,0.04233905027118012
40,60,0.7999999999999998,2.35,0.14847895070997097,0.030716513083832997
0,61,-1.2000000000000002,2.4000000000000004,-0.018580340875486434,0.030460172593019808
1,61,-1.1500000000000001,2.4000000000000004,-0.02483767000004994,0.036176313473960664
2,61,-1.1,2.4000000000000004,-0.04017331683131481,0.04710307076796094
3,61,-1.0500000000000003,2.4000000000000004,-0.060395516170890506,0.0649450985259023
4,61,-1.0000000000000002,2.4000000000000004,-0.08172694556864174,0.08738911829248464
5,61,-0.9500000000000002,2.4000000000000004,-0.09634118607811493,0.10676931693092057
6,61,-0.9000000000000001,2.4000000000000004,-0.096377489540736,0.11463595755055345
7,61,-0.8500000000000001,2.4000000000000004,-0.08098338367956259,0.10880007457733487
8,61,-0.8000000000000002,2.4000000000000004,-0.05813789303022121,0.09508766571662941
9,61,-0.7500000000000002,2.4000000000000004,-0.038110951150511774,0.08115184599080671
10,61,-0.7000000000000002,2.4000000000000004,-0.025660542008349996,0.06985459101035985
11,61,-0.6500000000000001,2.4000000000000004,-0.01858395382453082,0.05990477923436127
12,61,-0.6000000000000001,2.4000000000000004,-0.012996162195045013,0.05076901531083172
13,61,-0.5500000000000002,2.4000000000000004,-0.008444035221178703,0.043030165901843664
14,61,-0.5000000000000001,2.4000000000000004,-0.006925312022902919,0.036228774914566775
15,61,-0.4500000000000002,2.4000000000000004,-0.010681263739897584,0.030478431020675156
16,61,-0.40000000000000013,2.4000000000000004,-0.024840916265353452,0.02741550062850734
17,61,-0.3500000000000001,2.4000000000000004,-0.05523167753268304,0.027832033245945853
18,61,-0.30000000000000016,2.4000000000000004,-0.09529946209289236,0.03058480047865131
19,61,-0.2500000000000001,2.4000000000000004,-0.12347879815287094,0.03344597269566568
20,61,-0.20000000000000018,2.4000000000000004,-0.12403057723227695,0.03467014906147675
21,61,-0.15000000000000013,2.4000000000000004,-0.10298709684316301,0.03441821759472677
22,61,-0.10000000000000009,2.4000000000000004,-0.07689746591492283,0.034123605095217474
23,61,-0.050000000000000044,2.4000000000000004,-0.05482253188080252,0.034874668537628606
24,61,0.0,2.4000000000000004,-0.03599572528504971,0.03699408360875539
25,61,0.04999999999999982,2.4000000000000004,-0.018127746297762898,0.040139969127918895
26,61,0.09999999999999987,2.4000000000000004,-0.0029836404387505178,0.04351562874871151
27,61,0.1499999999999999,2.4000000000000004,0.005453104164715866,0.04623453545655812
28,61,0.19999999999999996,2.4000000000000004,0.007182613635343393,0.04767193318182608
29,61,0.25,2.4000000000000004,0.008644950703977361,0.047960914383169406
30,61,0.2999999999999998,2.4000000000000004,0.016866043438631267,0.048099501134409445
31,61,0.34999999999999987,2.4000000000000004,0.03372701705838199,0.049104499963566195
32,61,0.3999999999999999,2.4000000000000004,0.058218231924945796,0.051281428890386505
33,61,0.44999999999999996,2.4000000000000004,0.09341113221364092,0.05422437155456816
34,61,0.5,2.4000000000000004,0.1496116126561589,0.05710672522480559
35,61,0.5499999999999998,2.4000000000000004,0.23031007896689867,0.058862364184970595
36,61,0.5999999999999999,2.4000000000000004,0.30754548355046707,0.05806090452162682
37,61,0.6499999999999999,2.4000000000000004,0.3305429720622971,0.053030892253598805
38,61,0.7,2.4000000000000004,0.2786637181236054,0.04401458332413871
39,61,0.75,2.4000000000000004,0.1868411263301223,0.034374705117368454
40,61,0.7999999999999998,2.4000000000000004,0.13830497292612765,0.02725627445849227
0,62,-1.2000000000000002,2.45,-0.014547815681603682,0.02533099033821984
1,62,-1.1500000000000001,2.45,-0.01881105368010172,0.02833564336705202
2,62,-1.1,2.45,-0.028899764199607214,0.03442388645160305
3,62,-1.0500000000000003,2.45,-0.04238706684380783,0.045766860368077755
4,62,-1.0000000000000002,2.45,-0.05922444898345092,0.06364062093610207
5,62,-0.9500000000000002,2.45,-0.0764408108819098,0.08568111460715039
6,62,-0.9000000000000001,2.45,-0.08699868571663161,0.10503736188117258
7,62,-0.8500000000000001,2.45,-0.084493888824137,0.11432644190707997
8,62,-0.8000000000000002,2.45,-0.07004236256504454,0.1115486830439591
9,62,-0.7500000000000002,2.45,-0.052384212801584173,0.10075237562984007
10,62,-0.7000000000000002,2.45,-0.03927163578013454,0.08730595020831344
11,62,-0.6500000000000001,2.45,-0.03033831360279765,0.0749488325974787
12,62,-0.6000000000000001,2.45,-0.021884093679221395,0.06625646138206265
13,62,-0.5500000000000002,2.45,-0.015018904799956323,0.0608988023861598
14,62,-0.5000000000000001,2.45,-0.012702829984149733,0.055405911131494456
15,62,-0.4500000000000002,2.45,-0.015433206010642408,0.048493776437768255
16,62,-0.40000000000000013,2.45,-0.027101504966406398,0.04258546271667496
17,62,-0.3500000000000001,2.45,-0.05466128488372968,0.039689583051674415
18,62,-0.30000000000000016,2.45,-0.09328812302927064,0.03946382298490231
19,62,-0.2500000000000001,2.45,-0.12210382012696905,0.03987947934463859
20,62,-0.20000000000000018,2.45,-0.12428281953521109,0.038968147147920296
21,62,-0.15000000000000013,2.45,-0.10402676682665146,0.03688883099835588
22,62,-0.10000000000000009,2.45,-0.07731856299907344,0.03525261831909099
23,62,-0.050000000000000044,2.45,-0.05395857228169196,0.03492926028654392
24,62,0.0,2.45,-0.03410596649758721,0.03575471199825403
25,62,0.04999999999999982,2.45,-0.01607716560936792,0.03689172680770167
26,62,0.09999999999999987,2.45,-0.0016095057689317904,0.03726784356592239
27,62,0.1499999999999999,2.45,0.005989230714110727,0.036633126387383
28,62,0.19999999999999996,2.45,0.007469716003121463,0.036083019536229666
29,62,0.25,2.45,0.009493934640220913,0.03698459537067239
30,62,0.2999999999999998,2.45,0.018720975051993438,0.03960157169533324
31,62,0.34999999999999987,2.45,0.036477521137023156,0.043195972811187616
32,62,0.3999999999999999,2.45,0.061291421660429474,0.046912029529746074
33,62,0.44999999999999996,2.45,0.09580015536184636,0.049876001257422725
34,62,0.5,2.45,0.14996601417206767,0.05065999654829706
35,62,0.5499999999999998,2.45,0.22757649957146617,0.04742959161447596
36,62,0.5999999999999999,2.45,0.3018332936506596,0.03979202597276854
37,62,0.6499999999999999,2.45,0.32325102275559126,0.030277832554084227
38,62,0.7,2.45,0.271742554004924,0.022534178576060493
39,62,0.75,2.45,0.18168751068687095,0.018118475794663136
40,62,0.7999999999999998,2.45,0.1342420893922186,0.016193489731445854
0,63,-1.2000000000000002,2.5000000000000004,-0.012571034817822069,0.023071568267681863
1,63,-1.1500000000000001,2.5000000000000004,-0.01574477388666673,0.02446205793660783
2,63,-1.1,2.5000000000000004,-0.022742099830289075,0.027508737768150993
3,63,-1.0500000000000003,2.5000000000000004,-0.031178781686391488,0.03364567829893028
4,63,-1.0000000000000002,2.5000000000000004,-0.04181269132956911,0.044668433483374126
5,63,-0.9500000000000002,2.5000000000000004,-0.05494444513304442,0.06149032539527505
6,63,-0.9000000000000001,2.5000000000000004,-0.06773216224080642,0.08185762080956255
7,63,-0.8500000000000001,2.5000000000000004,-0.07447206251677607,0.09963858123391289
8,63,-0.8000000000000002,2.5000000000000004,-0.0717119593074611,0.10845735148141578
9,63,-0.7500000000000002,2.5000000000000004,-0.06235368398615743,0.10678998956775126
10,63,-0.7000000000000002,2.5000000000000004,-0.05146408504071137,0.09918706247484754
11,63,-0.6500000000000001,2.5000000000000004,-0.039633442650781614,0.09244693583417146
12,63,-0.6000000000000001,2.5000000000000004,-0.02704619240636391,0.08988908886757768
13,63,-0.5500000000000002,2.5000000000000004,-0.019294585471746895,0.08817976873828459
14,63,-0.5000000000000001,2.5000000000000004,-0.019330337971294465,0.08196098211011416
15,63,-0.4500000000000002,2.5000000000000004,-0.02350171215471708,0.07126543095590798
16,63,-0.40000000000000013,2.5000000000000004,-0.03364510965144729,0.060443605810272805
17,63,-0.3500000000000001,2.5000000000000004,-0.058353317264455695,0.05248613235227434
18,63,-0.30000000000000016,2.5000000000000004,-0.09510956579992819,0.047536729087105656
19,63,-0.2500000000000001,2.5000000000000004,-0.12397447398985295,0.04403367674322922
20,63,-0.20000000000000018,2.5000000000000004,-0.12702122557855966,0.04046446272027951
21,63,-0.15000000000000013,2.5000000000000004,-0.10670262567199232,0.037068854682674596
22,63,-0.10000000000000009,2.5000000000000004,-0.0788570366267348,0.034918438922197925
23,63,-0.050000000000000044,2.5000000000000004,-0.05432043820163948,0.03402952582819779
24,63,0.0,2.5000000000000004,-0.03403325876389196,0.03367792391575447
25,63,0.04999999999999982,2.5000000000000004,-0.01661461473009454,0.03296879283817708
26,63,0.09999999999999987,2.5000000000000004,-0.0032422408590691842,0.031112893663916147
27,63,0.1499999999999999,2.5000000000000004,0.004268280135023145,0.028561524624911572
28,63,0.19999999999999996,2.5000000000000004,0.007534082618632781,0.027429652052852194
29,63,0.25,2.5000000000000004,0.012163502863080933,0.02948979414797645
30,63,0.2999999999999998,2.5000000000000004,0.023077420879146493,0.03412690497351101
31,63,0.34999999999999987,2.5000000000000004,0.04103747489279483,0.03929093174116299
32,63,0.3999999999999999,2.5000000000000004,0.0648982603711809,0.04354645424542433
33,63,0.44999999999999996,2.5000000000000004,0.0971590992321919,0.046115401845710224
34,63,0.5,2.5000000000000004,0.14716520301321215,0.045511468297443486
35,63,0.5499999999999998,2.5000000000000004,0.21944210839137016,0.03945220717492148
36,63,0.5999999999999999,2.5000000000000004,0.29039372449007533,0.027667796153538204
37,63,0.6499999999999999,2.5000000000000004,0.31328512466558905,0.014426956049963802
38,63,0.7,2.5000000000000004,0.2665043613641843,0.00544556352834652
39,63,0.75,2.5000000000000004,0.18050043748550765,0.0022006156460124826
40,63,0.7999999999999998,2.5000000000000004,0.13445500079969308,0.0021915665967739417
0,64,-1.2000000000000002,2.5500000000000003,-0.011766836343751752,0.02178236229160413
1,64,-1.1500000000000001,2.5500000000000003,-0.01437388417963259,0.022494499453585837
2,64,-1.1,2.5500000000000003,-0.01971614383728476,0.023986651142188786
3,64,-1.0500000000000003,2.5500000000000003,-0.025227371128584697,0.027056944888164125
4,64,-1.0000000000000002,2.5500000000000003,-0.03137980188710615,0.032900803773863174
5,64,-0.9500000000000002,2.5500000000000003,-0.03925162355572137,0.042910532297678605
6,64,-0.9000000000000001,2.5500000000000003,-0.04885042987799376,0.057627066151730855
7,64,-0.8500000000000001,2.5500000000000003,-0.05789415815228377,0.0748868748025161
8,64,-0.8000000000000002,2.5500000000000003,-0.06289095423120616,0.08975336513888404
9,64,-0.7500000000000002,2.5500000000000003,-0.06165450180815241,0.09836804536612842
10,64,-0.7000000000000002,2.5500000000000003,-0.05361468951371434,0.10231097369088671
11,64,-0.6500000000000001,2.5500000000000003,-0.03963628721006751,0.10652440143144926
12,64,-0.6000000000000001,2.5500000000000003,-0.026151260775108265,0.11161954042529398
13,64,-0.5500000000000002,2.5500000000000003,-0.02294701155741985,0.11188195716564431
14,64,-0.5000000000000001,2.5500000000000003,-0.029617167766526342,0.10327837266726148
15,64,-0.4500000000000002,2.5500000000000003,-0.03695058231048376,0.08869754228683024
16,64,-0.40000000000000013,2.5500000000000003,-0.04588080357004004,0.07338441285129088
17,64,-0.3500000000000001,2.5500000000000003,-0.06756816160689683,0.06023564094463668
18,64,-0.30000000000000016,2.5500000000000003,-0.10174057863831576,0.050052910686782526
19,64,-0.2500000000000001,2.5500000000000003,-0.1291760864937952,0.04259761670652701
20,64,-0.20000000000000018,2.5500000000000003,-0.1312476415957657,0.0372701600046485
21,64,-0.15000000000000013,2.5500000000000003,-0.10957279062473305,0.03389491407561826
22,64,-0.10000000000000009,2.5500000000000003,-0.08035789185355025,0.03231049962634222
23,64,-0.050000000000000044,2.5500000000000003,-0.05519908728813541,0.0316313653516781
24,64,0.0,2.5500000000000003,-0.03516669948760792,0.03084440380145756
25,64,0.04999999999999982,2.5500000000000003,-0.018642195861206245,0.029332786025090124
26,64,0.09999999999999987,2.5500000000000003,-0.006016773982197299,0.02694109137087161
27,64,0.1499999999999999,2.5500000000000003,0.002305989103046774,0.0245832661661112
28,64,0.19999999999999996,2.5500000000000003,0.008397985526186341,0.024291324915082096
29,64,0.25,2.5500000000000003,0.016191187560879727,0.027352553295423715
30,64,0.2999999999999998,2.5500000000000003,0.02852211264517998,0.032629995469387746
31,64,0.34999999999999987,2.5500000000000003,0.04589707040893648,0.03776183761819665
32,64,0.3999999999999999,2.5500000000000003,0.0681158917649767,0.041420585895189654
33,64,0.44999999999999996,2.5500000000000003,0.09776516941386551,0.04327111288818977
34,64,0.5,2.5500000000000003,0.14330281950127893,0.04215582067856313
35,64,0.5499999999999998,2.5500000000000003,0.2097328274275609,0.03580698714981484
36,64,0.5999999999999999,2.5500000000000003,0.2768080425257019,0.02365997085994498
37,64,0.6499999999999999,2.5500000000000003,0.30102879013039957,0.009321313476701176
38,64,0.7,2.5500000000000003,0.25951621360097266,-0.0018664329725534556
39,64,0.75,2.5500000000000003,0.17843351375529837,-0.007690083493536448
40,64,0.7999999999999998,2.5500000000000003,0.13422399129374152,-0.009601305131236026
0,65,-1.2000000000000002,2.6,-0.011146760493858654,0.020275635610907117
1,65,-1.1500000000000001,2.6,-0.013540485036082073,0.020998878859301018
2,65,-1.1,2.6,-0.018179654395710787,0.022023161028215943
3,65,-1.0500000000000003,2.6,-0.0222646290547171,0.02366040927642865
4,65,-1.0000000000000002,2.6,-0.025959103920054627,0.02657784443000799
5,65,-0.9500000000000002,2.6,-0.030218182755176737,0.03175313210285635
6,65,-0.9000000000000001,2.6,-0.03575581973596892,0.04023506543469724
7,65,-0.8500000000000001,2.6,-0.04234576352962288,0.05240636034727936
8,65,-0.8000000000000002,2.6,-0.048230788743848785,0.0669885775517931
9,65,-0.7500000000000002,2.6,-0.04979607543415476,0.08170042099396424
10,65,-0.7000000000000002,2.6,-0.043307728975390536,0.09554533507594914
11,65,-0.6500000000000001,2.6,-0.03032487591637434,0.10829292548888148
12,65,-0.6000000000000001,2.6,-0.02168863667216886,0.11687565322668542
13,65,-0.5500000000000002,2.6,-0.027635753229779403,0.11678535903764664
14,65,-0.5000000000000001,2.6,-0.04251475285010853,0.10800241995032517
15,65,-0.4500000000000002,2.6,-0.053395671970687675,0.09451866954347243
16,65,-0.40000000000000013,2.6,-0.062107010993640854,0.07918666785301759
17,65,-0.3500000000000001,2.6,-0.08168481942896405,0.06332271255391014
18,65,-0.30000000000000016,2.6,-0.11274759003803786,0.048944258673674634
19,65,-0.2500000000000001,2.6,-0.13675722467198698,0.03823624287297295
20,65,-0.20000000000000018,2.6,-0.1357239282094684,0.03180700460718833
21,65,-0.15000000000000013,2.6,-0.1116622860502986,0.02875584005471596
22,65,-0.10000000000000009,2.6,-0.08112058535067496,0.027792887579849018
23,65,-0.050000000000000044,2.6,-0.05578653402652414,0.0276754652080885
24,65,0.0,2.6,-0.036331838090479934,0.027373970219920635
25,65,0.04999999999999982,2.6,-0.020517927160680488,0.026435516542219345
26,65,0.09999999999999987,2.6,-0.007991760718048108,0.025113195972166352
27,65,0.1499999999999999,2.6,0.0016185136792336297,0.024346857435053187
28,65,0.19999999999999996,2.6,0.010303369747945296,0.025427191173705843
29,65,0.25,2.6,0.020502173417386582,0.028869713304777583
30,65,0.2999999999999998,2.6,0.03348670520191943,0.033534716000435116
31,65,0.34999999999999987,2.6,0.04982806531859674,0.037558932514653726
32,65,0.3999999999999999,2.6,0.07040753564117402,0.04008863633389842
33,65,0.44999999999999996,2.6,0.09789433401556538,0.04118561750271532
34,65,0.5,2.6,0.13970107727483722,0.04001407064901902
35,65,0.5499999999999998,2.6,0.200946258572752,0.03444045036787413
36,65,0.5999999999999999,2.6,0.26390805081696167,0.02348338716090026
37,65,0.6499999999999999,2.6,0.2877587208330906,0.009250469773978975
38,65,0.7,2.6,0.2494929643939467,-0.004384596714353262
39,65,0.75,2.6,0.17276556532682508,-0.014339869133555838
40,65,0.7999999999999998,2.6,0.13063255752429392,-0.01982808380186163
0,66,-1.2000000000000002,2.6500000000000004,-0.01032034984696395,0.019150939634662578
1,66,-1.1500000000000001,2.6500000000000004,-0.012626358762323764,0.019777317514376447
2,66,-1.1,2.6500000000000004,-0.017054613420157128,0.02066663683528841
3,66,-1.0500000000000003,2.6500000000000004,-0.02067268772679265,0.021792098803131987
4,66,-1.0000000000000002,2.6500000000000004,-0.02328707906067845,0.023318534060464136
5,66,-0.9500000000000002,2.6500000000000004,-0.025594402551032125,0.02579266142346187
6,66,-0.9000000000000001,2.6500000000000004,-0.028197201633570756,0.030072607829924325
7,66,-0.8500000000000001,2.6500000000000004,-0.031140646035187902,0.037224853800278956
8,66,-0.8000000000000002,2.6500000000000004,-0.03359689358452128,0.048200080562647296
9,66,-0.7500000000000002,2.6500000000000004,-0.033097744283996366,0.06301368313342992
10,66,-0.7000000000000002,2.6500000000000004,-0.027022185018797107,0.07975124046731508
11,66,-0.6500000000000001,2.6500000000000004,-0.01830596905933124,0.09412305692772571
12,66,-0.6000000000000001,2.6500000000000004,-0.0176588272263431,0.10132527524593482
13,66,-0.5500000000000002,2.6500000000000004,-0.0318202448337801,0.10049293443932017
14,66,-0.5000000000000001,2.6500000000000004,-0.05188385726070055,0.09550773932555795
15,66,-0.4500000000000002,2.6500000000000004,-0.06576633440779134,0.08906893349078238
16,66,-0.40000000000000013,2.6500000000000004,-0.07707676055960233,0.07950922715437264
17,66,-0.3500000000000001,2.6500000000000004,-0.09781057078623978,0.0653530341252212
18,66,-0.30000000000000016,2.6500000000000004,-0.12682704831925296,0.049350120769863504
19,66,-0.2500000000000001,2.6500000000000004,-0.1463133405602815,0.036273076571552154
20,66,-0.20000000000000018,2.6500000000000004,-0.1407280444140227,0.02836170297156465
21,66,-0.15000000000000013,2.6500000000000004,-0.11358690765207236,0.024590112869857378
22,66,-0.10000000000000009,2.6500000000000004,-0.0814382667001777,0.02333766029771589
23,66,-0.050000000000000044,2.6500000000000004,-0.055618004648063796,0.02354367669196958
24,66,0.0,2.6500000000000004,-0.03640664815347708,0.02422181033178955
25,66,0.04999999999999982,2.6500000000000004,-0.020902970108960528,0.024749300756154585
26,66,0.09999999999999987,2.6500000000000004,-0.008105433089363456,0.02526939943804693
27,66,0.1499999999999999,2.6500000000000004,0.0026199843045862647,0.02638302757623709
28,66,0.19999999999999996,2.6500000000000004,0.012920841395910737,0.028638222076207143
29,66,0.25,2.6500000000000004,0.024298712387609,0.03200263908885295
30,66,0.2999999999999998,2.6500000000000004,0.03721133185505612,0.035598063615795844
31,66,0.34999999999999987,2.6500000000000004,0.05245099074239978,0.03829305721312959
32,66,0.3999999999999999,2.6500000000000004,0.0717425767530383,0.03971630406848878
33,66,0.44999999999999996,2.6500000000000004,0.09769060372898611,0.04016275056421742
34,66,0.5,2.6500000000000004,0.13655765236643774,0.039047488594946
35,66,0.5499999999999998,2.6500000000000004,0.19320214393944213,0.03420899040978226
36,66,0.5999999999999999,2.6500000000000004,0.25161806193180675,0.023810215243712518
37,66,0.6499999999999999,2.6500000000000004,0.27316080625514605,0.008389071566747563
38,66,0.7,2.6500000000000004,0.23592587469343784,-0.009003560032924962
39,66,0.75,2.6500000000000004,0.16299002666779,-0.023852082358210847
40,66,0.7999999999999998,2.6500000000000004,0.12324756195712994,-0.03314617900560063
0,67,-1.2000000000000002,2.7,-0.009894004734430917,0.019676219065805356
1,67,-1.1500000000000001,2.7,-0.012024787835456241,0.019590856630927467
2,67,-1.1,2.7,-0.016164873106955246,0.01988530077498274
3,67,-1.0500000000000003,2.7,-0.019612731829541374,0.020593946204329194
4,67,-1.0000000000000002,2.7,-0.021958541299724743,0.021519202810323934
5,67,-0.9500000000000002,2.7,-0.023464108985716547,0.022612750938983406
6,67,-0.9000000000000001,2.7,-0.024323627359151834,0.024343746347853246
7,67,-0.8500000000000001,2.7,-0.02421829079689991,0.027792656329128917
8,67,-0.8000000000000002,2.7,-0.02244195941069782,0.03460264040273109
9,67,-0.7500000000000002,2.7,-0.018244915529486982,0.045986612114430336
10,67,-0.7000000000000002,2.7,-0.012198355181094744,0.06031378926953351
11,67,-0.6500000000000001,2.7,-0.008750841137754595,0.0722161744814534
12,67,-0.6000000000000001,2.7,-0.015318759160574402,0.07701334229444246
13,67,-0.5500000000000002,2.7,-0.03345328915015627,0.07631849477381047
14,67,-0.5000000000000001,2.7,-0.05393875379864632,0.07574600858499758
15,67,-0.4500000000000002,2.7,-0.06939418414187298,0.07684386716520664
16,67,-0.40000000000000013,2.7,-0.08582291035920203,0.0751670098261975
17,67,-0.3500000000000001,2.7,-0.11184392581347319,0.06662558553237219
18,67,-0.30000000000000016,2.7,-0.1418275475917069,0.052852051998347194
19,67,-0.2500000000000001,2.7,-0.15774564247028583,0.03939703837031516
20,67,-0.20000000000000018,2.7,-0.14740689191116318,0.029890894122101275
21,67,-0.15000000000000013,2.7,-0.11668632872414736,0.02423955185986426
22,67,-0.10000000000000009,2.7,-0.08216702152856276,0.02152907656916822
23,67,-0.050000000000000044,2.7,-0.05490238399245048,0.021235870511559507
24,67,0.0,2.7,-0.03512621402629493,0.022472252728965858
25,67,0.04999999999999982,2.7,-0.01947033805442311,0.024342520958665487
26,67,0.09999999999999987,2.7,-0.006358033897965604,0.02653707917109213
27,67,0.1499999999999999,2.7,0.004987336317393842,0.02911146099732878
28,67,0.19999999999999996,2.7,0.01592298126056116,0.03210519621467067
29,67,0.25,2.7,0.027462014956975284,0.03525688636565369
30,67,0.2999999999999998,2.7,0.03977712332619607,0.037951537823616294
31,67,0.34999999999999987,2.7,0.05394630577128967,0.039631586729572676
32,67,0.3999999999999999,2.7,0.07227722899226185,0.04027063849680726
33,67,0.44999999999999996,2.7,0.0972255185420226,0.04026578040778994
34,67,0.5,2.7,0.13374731712040205,0.03919119133167531
35,67,0.5499999999999998,2.7,0.18570898522151852,0.034595670453596294
36,67,0.5999999999999999,2.7,0.23808813197392698,0.023187620155659394
37,67,0.6499999999999999,2.7,0.25494494555645314,0.004018705475861417
38,67,0.7,2.7,0.21725181046898828,-0.019184547830816967
39,67,0.75,2.7,0.1486229463541494,-0.03948403426571573
40,67,0.7999999999999998,2.7,0.11204436422951436,-0.05231045074841012
0,68,-1.2000000000000002,2.7500000000000004,-0.010491074716719728,0.021650880256319505
1,68,-1.1500000000000001,2.7500000000000004,-0.01241727705314638,0.020760655395604677
2,68,-1.1,2.7500000000000004,-0.0160515238467554,0.02007038555128987
3,68,-1.0500000000000003,2.7500000000000004,-0.019038785691451454,0.019950198414586673
4,68,-1.0000000000000002,2.7500000000000004,-0.02126827432602424,0.020347773236248645
5,68,-0.9500000000000002,2.7500000000000004,-0.022769859013502813,0.02076251967758097
6,68,-0.9000000000000001,2.7500000000000004,-0.023017296243425245,0.020965300696674793
7,68,-0.8500000000000001,2.7500000000000004,-0.02088175198031006,0.021743145512258533
8,68,-0.8000000000000002,2.7500000000000004,-0.015402937799219862,0.025029005475391275
9,68,-0.7500000000000002,2.7500000000000004,-0.007386595417193942,0.032560823317850374
10,68,-0.7000000000000002,2.7500000000000004,-0.0007926226517740442,0.04303384226448187
11,68,-0.6500000000000001,2.7500000000000004,-0.0016064160344222977,0.0514314703819585
12,68,-0.6000000000000001,2.7500000000000004,-0.013556506933986023,0.05404425032218829
13,68,-0.5500000000000002,2.7500000000000004,-0.03308757854322497,0.05342535141813293
14,68,-0.5000000000000001,2.7500000000000004,-0.05135848486930439,0.05501287522906739
15,68,-0.4500000000000002,2.7500000000000004,-0.06634533316659141,0.05996759033241955
16,68,-0.40000000000000013,2.7500000000000004,-0.08729504219243678,0.06408115962356103
17,68,-0.3500000000000001,2.7500000000000004,-0.1201255286140901,0.06271933707764771
18,68,-0.30000000000000016,2.7500000000000004,-0.15405559548130998,0.055436318659752015
19,68,-0.2500000000000001,2.7500000000000004,-0.16927449843652742,0.04558774309843194
20,68,-0.20000000000000018,2.7500000000000004,-0.1558855309244736,0.036233096886101324
21,68,-0.15000000000000013,2.7500000000000004,-0.12194872520500541,0.02860782303604148
22,68,-0.10000000000000009,2.7500000000000004,-0.08444194804848246,0.02357799862630877
23,68,-0.050000000000000044,2.7500000000000004,-0.05467482848826616,0.021646964669284757
24,68,0.0,2.7500000000000004,-0.0332999977063711,0.022290200770365698
25,68,0.04999999999999982,2.7500000000000004,-0.016838143666834254,0.024554685842903407
26,68,0.09999999999999987,2.7500000000000004,-0.0033364930507001622,0.02767015692803257
27,68,0.1499999999999999,2.7500000000000004,0.008188101348164806,0.03106452450676228
28,68,0.19999999999999996,2.7500000000000004,0.019066266764235645,0.0343464758117093
29,68,0.25,2.7500000000000004,0.03014505399655462,0.03719259872118075
30,68,0.2999999999999998,2.7500000000000004,0.04158603221897511,0.039262687032552146
31,68,0.34999999999999987,2.7500000000000004,0.05477009141559075,0.04042951332163536
32,68,0.3999999999999999,2.7500000000000004,0.07237677043125557,0.04089306064085613
33,68,0.44999999999999996,2.7500000000000004,0.09661115656385416,0.040967184502896103
34,68,0.5,2.7500000000000004,0.1308875424122441,0.03999429455112169
35,68,0.5499999999999998,2.7500000000000004,0.1771985727634262,0.03478140730630408
36,68,0.5999999999999999,2.7500000000000004,0.22104109695407187,0.020479711874687168
37,68,0.6499999999999999,2.7500000000000004,0.2307886382686697,-0.004466816787010441
38,68,0.7,2.7500000000000004,0.1924231349518607,-0.034042321300140344
39,68,0.75,2.7500000000000004,0.12986412375019685,-0.0586162595409187
40,68,0.7999999999999998,2.7500000000000004,0.09759472899174115,-0.07347015595930678
0,69,-1.2000000000000002,2.8000000000000003,-0.011674454455860572,0.023391557230513782
1,69,-1.1500000000000001,2.8000000000000003,-0.013605282540485875,0.022422319984067574
2,69,-1.1,2.8000000000000003,-0.01697533008797325,0.02118987862548216
3,69,-1.0500000000000003,2.8000000000000003,-0.0193353441445826,0.020144927216826092
4,69,-1.0000000000000002,2.8000000000000003,-0.021146220036730445,0.019686086898958455
5,69,-0.9500000000000002,2.8000000000000003,-0.0228465815252904,0.019526427347109077
6,69,-0.9000000000000001,2.8000000000000003,-0.02334300152447427,0.019020545634260977
7,69,-0.8500000000000001,2.8000000000000003,-0.02015458601818343,0.01854598445041128
8,69,-0.8000000000000002,2.8000000000000003,-0.01162428160510598,0.02014125667702843
9,69,-0.7500000000000002,2.8000000000000003,-0.00024007874039638777,0.025332812619772438
10,69,-0.7000000000000002,2.8000000000000003,0.0066722918830133815,0.03176607521865299
11,69,-0.6500000000000001,2.8000000000000003,0.0022595669199518276,0.03448187848562795
12,69,-0.6000000000000001,2.8000000000000003,-0.013324878124399975,0.032319157993555
13,69,-0.5500000000000002,2.8000000000000003,-0.03248466424327717,0.03018349966537104
14,69,-0.5000000000000001,2.8000000000000003,-0.0473965148843597,0.032741026346932156
15,69,-0.4500000000000002,2.8000000000000003,-0.06032589974737934,0.03932444425523374
16,69,-0.40000000000000013,2.8000000000000003,-0.08307116361397388,0.04637941799509909
17,69,-0.3500000000000001,2.8000000000000003,-0.12048876677728221,0.051172130412526495
18,69,-0.30000000000000016,2.8000000000000003,-0.15895914157092267,0.05249142753574326
19,69,-0.2500000000000001,2.8000000000000003,-0.17694886424393652,0.049789942144924104
20,69,-0.20000000000000018,2.8000000000000003,-0.16438681197355365,0.043256448826357874
21,69,-0.15000000000000013,2.8000000000000003,-0.1293414269839399,0.03499504991251151
22,69,-0.10000000000000009,2.8000000000000003,-0.08912787989531948,0.028058279029481853
23,69,-0.050000000000000044,2.8000000000000003,-0.056190181848393556,0.02415937271909474
24,69,0.0,2.8000000000000003,-0.03221849285267628,0.023357872461769597
25,69,0.04999999999999982,2.8000000000000003,-0.014090381896756238,0.024991320074563006
26,69,0.09999999999999987,2.8000000000000003,0.00015180476589327085,0.02812839801766026
27,69,0.1499999999999999,2.8000000000000003,0.011663655201070572,0.03172312449676626
28,69,0.19999999999999996,2.8000000000000003,0.022051055474979625,0.03495717990215641
29,69,0.25,2.8000000000000003,0.03237822617781813,0.037454407088727965
30,69,0.2999999999999998,2.8000000000000003,0.04301403792665068,0.0392038614767376
31,69,0.34999999999999987,2.8000000000000003,0.05557667937959365,0.04044297154128573
32,69,0.3999999999999999,2.8000000000000003,0.0728149001735226,0.041465745159846856
33,69,0.44999999999999996,2.8000000000000003,0.09632675245228817,0.04232889271840651
34,69,0.5,2.8000000000000003,0.12756153992381003,0.04171921254556593
35,69,0.5499999999999998,2.8000000000000003,0.166194402545084,0.0352239834401355
36,69,0.5999999999999999,2.8000000000000003,0.19883990788061245,0.016893965909857145
37,69,0.6499999999999999,2.8000000000000003,0.20042291238162563,-0.013897337935388776
38,69,0.7,2.8000000000000003,0.16310236771508002,-0.04801745314610556
39,69,0.75,2.8000000000000003,0.10919511169498297,-0.0741311121488411
40,69,0.7999999999999998,2.8000000000000003,0.0823365713927382,-0.08877019214657694
0,70,-1.2000000000000002,2.85,-0.012429549209612145,0.024468578048078837
1,70,-1.1500000000000001,2.85,-0.014618955658178001,0.023841530347143147
2,70,-1.1,2.85,-0.018328916613996882,0.022727599120773156
3,70,-1.0500000000000003,2.85,-0.02054257741797516,0.021240370803876085
4,70,-1.0000000000000002,2.85,-0.021886774195741254,0.019856654341295632
5,70,-0.9500000000000002,2.85,-0.02343540027820029,0.01887386493786558
6,70,-0.9000000000000001,2.85,-0.023997739140123042,0.018134161179097497
7,70,-0.8500000000000001,2.85,-0.019761040937542607,0.018156926511153915
8,70,-0.8000000000000002,2.85,-0.008616109629858704,0.02072533227622686
9,70,-0.7500000000000002,2.85,0.004238223124430618,0.025839123108818696
10,70,-0.7000000000000002,2.85,0.008356443214081466,0.02867410232867268
11,70,-0.6500000000000001,2.85,-0.0010533332595202838,0.02436475961617085
12,70,-0.6000000000000001,2.85,-0.017854885754242933,0.015833896085434562
13,70,-0.5500000000000002,2.85,-0.03266571018984782,0.011513440084430504
14,70,-0.5000000000000001,2.85,-0.04221754027944169,0.014997794522641772
15,70,-0.4500000000000002,2.85,-0.05270694151842448,0.022447345255159068
16,70,-0.40000000000000013,2.85,-0.07544735603514402,0.03002707234052132
17,70,-0.3500000000000001,2.85,-0.11401351907344592,0.0376414041420145
18,70,-0.30000000000000016,2.85,-0.15543778374891237,0.04484895394884225
19,70,-0.2500000000000001,2.85,-0.1785094771459128,0.04809353915182335
20,70,-0.20000000000000018,2.85,-0.1706804231568862,0.0449496894713286
21,70,-0.15000000000000013,2.85,-0.13714689500188143,0.03804706027831506
22,70,-0.10000000000000009,2.85,-0.09527762524189923,0.03157911895408677
23,70,-0.050000000000000044,2.85,-0.059375235055978415,0.027449661966764266
24,70,0.0,2.85,-0.03246805035090283,0.025941798685639172
25,70,0.04999999999999982,2.85,-0.01206761811094359,0.026865423376607744
26,70,0.09999999999999987,2.85,0.0033953113715030903,0.029580070598245606
27,70,0.1499999999999999,2.85,0.015016883232660955,0.033027013025761776
28,70,0.19999999999999996,2.85,0.02479754935619735,0.036195069329783
29,70,0.25,2.85,0.03439173557113581,0.03867021617895941
30,70,0.2999999999999998,2.85,0.04457459667153288,0.040677929889394726
31,70,0.34999999999999987,2.85,0.057031975098700005,0.04259352812873207
32,70,0.3999999999999999,2.85,0.07426269160837634,0.04453944367158402
33,70,0.44999999999999996,2.85,0.09686462394957324,0.04627276240503103
34,70,0.5,2.85,0.12378263313397309,0.04603777043179352
35,70,0.5499999999999998,2.85,0.15237332612771742,0.038554461515031
36,70,0.5999999999999999,2.85,0.1719197755785476,0.017494530740340408
37,70,0.6499999999999999,2.85,0.16587721921270698,-0.01634631993591429
38,70,0.7,2.85,0.13218936073840837,-0.05194124630320651
39,70,0.75,2.85,0.08911138474972546,-0.07793397868131963
40,70,0.7999999999999998,2.85,0.06831656899626948,-0.09208910801154602
0,71,-1.2000000000000002,2.9000000000000004,-0.012928549857731952,0.027528238265179528
1,71,-1.1500000000000001,2.9000000000000004,-0.015346261467791555,0.02624003666070629
2,71,-1.1,2.9000000000000004,-0.019576489631240312,0.0247388433720494
3,71,-1.0500000000000003,2.9000000000000004,-0.022206288924060125,0.022964618275605475
4,71,-1.0000000000000002,2.9000000000000004,-0.02351272590274095,0.02095330140216789
5,71,-0.9500000000000002,2.9000000000000004,-0.024569074687488535,0.019109999687056956
6,71,-0.9000000000000001,2.9000000000000004,-0.024059939951185938,0.01822677577999393
7,71,-0.8500000000000001,2.9000000000000004,-0.017563414921054066,0.019610094789281884
8,71,-0.8000000000000002,2.9000000000000004,-0.003942085007441198,0.02428717914219447
9,71,-0.7500000000000002,2.9000000000000004,0.007708691312049432,0.029976964949595397
10,71,-0.7000000000000002,2.9000000000000004,0.005197928390365536,0.030482758959524126
11,71,-0.6500000000000001,2.9000000000000004,-0.01058063932328629,0.022756898583752294
12,71,-0.6000000000000001,2.9000000000000004,-0.02617619765614032,0.012589995049876457
13,71,-0.5500000000000002,2.9000000000000004,-0.03332076580606996,0.008509049173309746
14,71,-0.5000000000000001,2.9000000000000004,-0.03646260971363113,0.012016449368147664
15,71,-0.4500000000000002,2.9000000000000004,-0.04529662192949979,0.017992575892324947
16,71,-0.40000000000000013,2.9000000000000004,-0.06787710472711844,0.023301497651174174
17,71,-0.3500000000000001,2.9000000000000004,-0.10566688516896128,0.02955694752606014
18,71,-0.30000000000000016,2.9000000000000004,-0.14850700656111382,0.03686112121650237
19,71,-0.2500000000000001,2.9000000000000004,-0.17684812872145017,0.040820188297594484
20,71,-0.20000000000000018,2.9000000000000004,-0.17443329084706194,0.03896885947650586
21,71,-0.15000000000000013,2.9000000000000004,-0.14271199750118174,0.03463305375447062
22,71,-0.10000000000000009,2.9000000000000004,-0.09972527820687027,0.03153547766962389
23,71,-0.050000000000000044,2.9000000000000004,-0.061827502116841154,0.030276529219408627
24,71,0.0,2.9000000000000004,-0.0328027314428328,0.030444956810601054
25,71,0.04999999999999982,2.9000000000000004,-0.010452109984149804,0.031957329315166344
26,71,0.09999999999999987,2.9000000000000004,0.006313394415047302,0.034661512902514624
27,71,0.1499999999999999,2.9000000000000004,0.01827865393260797,0.03803909140448994
28,71,0.19999999999999996,2.9000000000000004,0.02769425862817726,0.04142811725576456
29,71,0.25,2.9000000000000004,0.036861086737429855,0.04451388617726024
30,71,0.2999999999999998,2.9000000000000004,0.04693734987642334,0.047416785715425624
31,71,0.34999999999999987,2.9000000000000004,0.05943819316178295,0.05021498346585357
32,71,0.3999999999999999,2.9000000000000004,0.07649413444982156,0.05263895504795585
33,71,0.44999999999999996,2.9000000000000004,0.09782507921249767,0.05427647595558388
34,71,0.5,2.9000000000000004,0.11984323903381,0.05371151678030067
35,71,0.5499999999999998,2.9000000000000004,0.13765116285363088,0.04624448324767688
36,71,0.5999999999999999,2.9000000000000004,0.14393912642966716,0.026127031771145948
37,71,0.6499999999999999,2.9000000000000004,0.1309871353380787,-0.005614619825476674
38,71,0.7,2.9000000000000004,0.10151470896967468,-0.03908296202372985
39,71,0.75,2.9000000000000004,0.06904724998664347,-0.06455236624854366
40,71,0.7999999999999998,2.9000000000000004,0.05402631273228542,-0.0798676002279175
0,72,-1.2000000000000002,2.95,-0.015005952418558621,0.035069842144838936
1,72,-1.1500000000000001,2.95,-0.017408350551308127,0.031747507005096265
2,72,-1.1,2.95,-0.021604334999097696,0.02835434825574773
3,72,-1.0500000000000003,2.95,-0.024328119387856673,0.02534616315532562
4,72,-1.0000000000000002,2.95,-0.025741392784289774,0.02257396783204635
5,72,-0.9500000000000002,2.95,-0.02616192590037425,0.01999518283487045
6,72,-0.9000000000000001,2.95,-0.023497644037898113,0.01889146856605406
7,72,-0.8500000000000001,2.95,-0.013700637575342067,0.02120365836557031
8,72,-0.8000000000000002,2.95,0.001750760530454809,0.02667501330156169
9,72,-0.7500000000000002,2.95,0.010433802941760273,0.031161793006794503
10,72,-0.7000000000000002,2.95,0.001136376848238363,0.02992310294484657
11,72,-0.6500000000000001,2.95,-0.018946097169167953,0.023602055073119743
12,72,-0.6000000000000001,2.95,-0.03210273516468548,0.01789897048674216
13,72,-0.5500000000000002,2.95,-0.03323925587157661,0.016726146746153803
14,72,-0.5000000000000001,2.95,-0.03273401356042649,0.01880108981234585
15,72,-0.4500000000000002,2.95,-0.041421893235397966,0.020866904586448465
16,72,-0.40000000000000013,2.95,-0.06388298440140883,0.022419366867955093
17,72,-0.3500000000000001,2.95,-0.10045389550811773,0.025506887597539774
18,72,-0.30000000000000016,2.95,-0.14417454297737803,0.029600148765486778
19,72,-0.2500000000000001,2.95,-0.17640173888590932,0.030917663772687953
20,72,-0.20000000000000018,2.95,-0.17686755770001006,0.028751628469904367
21,72,-0.15000000000000013,2.95,-0.1445802768087634,0.0270392211310419
22,72,-0.10000000000000009,2.95,-0.09963414977696122,0.028388388723317726
23,72,-0.050000000000000044,2.95,-0.06046575591500125,0.03183855118618961
24,72,0.0,2.95,-0.030787250255145115,0.035746323776599254
25,72,0.04999999999999982,2.95,-0.00785106201903002,0.039429070554814066
26,72,0.09999999999999987,2.95,0.009477073460826685,0.042915288967931564
27,72,0.1499999999999999,2.95,0.021783487585910893,0.04646688419474215
28,72,0.19999999999999996,2.95,0.03127234412896765,0.050284998753370586
29,72,0.25,2.95,0.040380404030796874,0.05430839827264167
30,72,0.2999999999999998,2.95,0.05027569396012621,0.058116270380412505
31,72,0.34999999999999987,2.95,0.06225414443123023,0.06114263547273957
32,72,0.3999999999999999,2.95,0.07832418409810665,0.06291488068484452
33,72,0.44999999999999996,2.95,0.09793718568191806,0.06319047758782254
34,72,0.5,2.95,0.11575064042606609,0.06139787478997433
35,72,0.5499999999999998,2.95,0.1247888411185627,0.05466137302795937
36,72,0.5999999999999999,2.95,0.12006067250539404,0.03875800201030205
37,72,0.6499999999999999,2.95,0.10066722541783119,0.013814468534477098
38,72,0.7,2.95,0.07325161431534138,-0.013682488981449636
39,72,0.75,2.95,0.04832674654553781,-0.03671010805691044
40,72,0.7999999999999998,2.95,0.03768610103752179,-0.052740131791907674
0,73,-1.2000000000000002,3.0000000000000004,-0.019573220137217295,0.04441523056091995
1,73,-1.1500000000000001,3.0000000000000004,-0.022061755356882762,0.03978199968388968
2,73,-1.1,3.0000000000000004,-0.02597783348101096,0.03428984895608028
3,73,-1.0500000000000003,3.0000000000000004,-0.027986669347761506,0.029005273626737937
4,73,-1.0000000000000002,3.0000000000000004,-0.028863706223196117,0.02447105883953804
5,73,-0.9500000000000002,3.0000000000000004,-0.028251573953480824,0.020737696432290287
6,73,-0.9000000000000001,3.0000000000000004,-0.02285146442048608,0.019143670741352536
7,73,-0.8500000000000001,3.0000000000000004,-0.009779870185546435,0.02148549820507356
8,73,-0.8000000000000002,3.0000000000000004,0.006016049633782994,0.026014524660485372
9,73,-0.7500000000000002,3.0000000000000004,0.010956780955334311,0.027613721029787486
10,73,-0.7000000000000002,3.0000000000000004,-0.0023618095433092234,0.02405382587792687
11,73,-0.6500000000000001,3.0000000000000004,-0.022604771781390698,0.019210359908704566
12,73,-0.6000000000000001,3.0000000000000004,-0.03305210598310626,0.017457411826774794
13,73,-0.5500000000000002,3.0000000000000004,-0.03241864648046627,0.01813806060204287
14,73,-0.5000000000000001,3.0000000000000004,-0.03232185187333647,0.018263838710311786
15,73,-0.4500000000000002,3.0000000000000004,-0.04167834487389055,0.01727578584376721
16,73,-0.40000000000000013,3.0000000000000004,-0.06323712171602713,0.017165285131020003
17,73,-0.3500000000000001,3.0000000000000004,-0.09848610327142959,0.019234247704735807
18,73,-0.30000000000000016,3.0000000000000004,-0.14309623038596564,0.02157698700637728
19,73,-0.2500000000000001,3.0000000000000004,-0.17769664901703258,0.02136831038665271
20,73,-0.20000000000000018,3.0000000000000004,-0.178311733488708,0.01959430537858048
21,73,-0.15000000000000013,3.0000000000000004,-0.14307523724776838,0.02017032128535573
22,73,-0.10000000000000009,3.0000000000000004,-0.09492594815172256,0.024816693616460384
23,73,-0.050000000000000044,3.0000000000000004,-0.054469567063559626,0.031994645308349445
24,73,0.0,3.0000000000000004,-0.025212212074208346,0.03935062777511822
25,73,0.04999999999999982,3.0000000000000004,-0.003283144792817494,0.04540230928874983
26,73,0.09999999999999987,3.0000000000000004,0.013351208054975389,0.04991032269986623
27,73,0.1499999999999999,3.0000000000000004,0.02564836371804699,0.05364697144808486
28,73,0.19999999999999996,3.0000000000000004,0.035535772706076774,0.05766680155620721
29,73,0.25,3.0000000000000004,0.044692358364471774,0.06215820213314904
30,73,0.2999999999999998,3.0000000000000004,0.05377158707652124,0.06606259020663224
31,73,0.34999999999999987,3.0000000000000004,0.06423680346621496,0.0682614174591556
32,73,0.3999999999999999,3.0000000000000004,0.07854197656490453,0.0684942089129742
33,73,0.44999999999999996,3.0000000000000004,0.09630807331762747,0.06698676292839295
34,73,0.5,3.0000000000000004,0.11131413447394684,0.06384353577831375
35,73,0.5499999999999998,3.0000000000000004,0.1150112900739586,0.057892030909404424
36,73,0.5999999999999999,3.0000000000000004,0.10309222193618489,0.04666934227273489
37,73,0.6499999999999999,3.0000000000000004,0.07854664434632702,0.029688609696598423
38,73,0.7,3.0000000000000004,0.050990132378287145,0.010366372931707446
39,73,0.75,3.0000000000000004,0.02998960717618543,-0.007004025880643083
40,73,0.7999999999999998,3.0000000000000004,0.02196626526229095,-0.02031481562283055
0,74,-1.2000000000000002,3.0500000000000003,-0.02427241417261916,0.04974650284312959
1,74,-1.1500000000000001,3.0500000000000003,-0.027533732156147794,0.046496288721556145
2,74,-1.1,3.0500000000000003,-0.03238106105624944,0.0411627091547756
3,74,-1.0500000000000003,3.0500000000000003,-0.034146909504398915,0.03431447663322845
4,74,-1.0000000000000002,3.0500000000000003,-0.034008969978737424,0.027294256036785314
5,74,-0.9500000000000002,3.0500000000000003,-0.031489313998559754,0.021543671130563602
6,74,-0.9000000000000001,3.0500000000000003,-0.02274984226511484,0.019023467881853218
7,74,-0.8500000000000001,3.0500000000000003,-0.006829783656209232,0.020817896287272375
8,74,-0.8000000000000002,3.0500000000000003,0.007878983355168734,0.023820370975776717
9,74,-0.7500000000000002,3.0500000000000003,0.008473104159201772,0.022747572591224896
10,74,-0.7000000000000002,3.0500000000000003,-0.007266984272844557,0.01682459580181872
11,74,-0.6500000000000001,3.0500000000000003,-0.02554251122032003,0.010821958373473661
12,74,-0.6000000000000001,3.0500000000000003,-0.033175034471347176,0.00837859279347708
13,74,-0.5500000000000002,3.0500000000000003,-0.03243282898803962,0.008005025913246089
14,74,-0.5000000000000001,3.0500000000000003,-0.03359628831870215,0.007087440648463339
15,74,-0.4500000000000002,3.0500000000000003,-0.04252044681468975,0.006316056417839666
16,74,-0.40000000000000013,3.0500000000000003,-0.06192452254044023,0.008042312134036167
17,74,-0.3500000000000001,3.0500000000000003,-0.09604219363276045,0.012087610161820583
18,74,-0.30000000000000016,3.0500000000000003,-0.14204048029546112,0.015372222532156754
19,74,-0.2500000000000001,3.0500000000000003,-0.17838442051370612,0.015910798153794536
20,74,-0.20000000000000018,3.0500000000000003,-0.17806554680130704,0.015638095781127792
21,74,-0.15000000000000013,3.0500000000000003,-0.1393578885708835,0.01789502320686448
22,74,-0.10000000000000009,3.0500000000000003,-0.08780982575396751,0.023728396514722805
23,74,-0.050000000000000044,3.0500000000000003,-0.045931821756343416,0.03188152214936901
24,74,0.0,3.0500000000000003,-0.01737958627474473,0.040314288692980954
25,74,0.04999999999999982,3.0500000000000003,0.002708632905717989,0.04729350520332673
26,74,0.09999999999999987,3.0500000000000003,0.017721735620161716,0.052202295170468566
27,74,0.1499999999999999,3.0500000000000003,0.029539966442251875,0.0557954868055871
28,74,0.19999999999999996,3.0500000000000003,0.03978357481403183,0.059405042615207626
29,74,0.25,3.0500000000000003,0.04877619268122191,0.06334459777645879
30,74,0.2999999999999998,3.0500000000000003,0.05637890928613276,0.06641560035042876
31,74,0.34999999999999987,3.0500000000000003,0.06468576313757218,0.06741052679444859
32,74,0.3999999999999999,3.0500000000000003,0.07704952956734401,0.06627248000974584
33,74,0.44999999999999996,3.0500000000000003,0.09328651254725762,0.06355168005334588
34,74,0.5,3.0500000000000003,0.10665590840707756,0.05963458351764289
35,74,0.5499999999999998,3.0500000000000003,0.10761464761298384,0.05410108132961444
36,74,0.5999999999999999,3.0500000000000003,0.09185725129258804,0.045653416626258436
37,74,0.6499999999999999,3.0500000000000003,0.06436425607680374,0.03416535887467542
38,74,0.7,3.0500000000000003,0.03655897873809988,0.021928624883017778
39,74,0.75,3.0500000000000003,0.017645557990999816,0.011362376057423573
40,74,0.7999999999999998,3.0500000000000003,0.011064521553146855,0.0032861468818332074
0,75,-1.2000000000000002,3.1,-0.02607364838036419,0.04995675456704041
1,75,-1.1500000000000001,3.1,-0.030645549045236753,0.04936034435342962
2,75,-1.1,3.1,-0.03815964556933865,0.0465329858186761
3,75,-1.0500000000000003,3.1,-0.04185512246575179,0.04054159786893441
4,75,-1.0000000000000002,3.1,-0.04163451172586097,0.032282481723469314
5,75,-0.9500000000000002,3.1,-0.03652236210841292,0.024667408549003678
6,75,-0.9000000000000001,3.1,-0.023577239263777305,0.02091310140706737
7,75,-0.8500000000000001,3.1,-0.004982967091622936,0.021481528181151455
8,75,-0.8000000000000002,3.1,0.007945725937735515,0.022537323950122534
9,75,-0.7500000000000002,3.1,0.003961005781376314,0.019642935036441878
10,75,-0.7000000000000002,3.1,-0.014287423761060458,0.012769406097341285
11,75,-0.6500000000000001,3.1,-0.03105077478973234,0.005699375525181072
12,75,-0.6000000000000001,3.1,-0.035869038443333834,0.0013289898813781398
13,75,-0.5500000000000002,3.1,-0.033709798625480014,-0.0004935921752935446
14,75,-0.5000000000000001,3.1,-0.034010821368742894,-0.0008082754473640041
15,75,-0.4500000000000002,3.1,-0.04072347338831772,0.0008799525327252145
16,75,-0.40000000000000013,3.1,-0.057465567972046216,0.005540140908169844
17,75,-0.3500000000000001,3.1,-0.091156192873309,0.011846978065801761
18,75,-0.30000000000000016,3.1,-0.1392730423939917,0.016642085159672138
19,75,-0.2500000000000001,3.1,-0.17743077576806154,0.018545452901112536
20,75,-0.20000000000000018,3.1,-0.17632750843563805,0.019585819994558107
21,75,-0.15000000000000013,3.1,-0.13498493651417337,0.022342309478962097
22,75,-0.10000000000000009,3.1,-0.08093944920921803,0.027335556294550423
23,75,-0.050000000000000044,3.1,-0.03788367488530148,0.033856385672975386
24,75,0.0,3.1,-0.009800229020250628,0.0408305423108124
25,75,0.04999999999999982,3.1,0.008604861684670118,0.046909981391910494
26,75,0.09999999999999987,3.1,0.02185318965723576,0.05126628689720303
27,75,0.1499999999999999,3.1,0.03285111116278605,0.05422745547230212
28,75,0.19999999999999996,3.1,0.04308488367694846,0.05675964186223459
29,75,0.25,3.1,0.05170291609969291,0.059238021924035156
30,75,0.2999999999999998,3.1,0.05783751609451104,0.06103502502318586
31,75,0.34999999999999987,3.1,0.06409368312553204,0.06124588491682931
32,75,0.3999999999999999,3.1,0.07468312982380182,0.05954497577730533
33,75,0.44999999999999996,3.1,0.08967017682552453,0.05633664374172703
34,75,0.5,3.1,0.1018635357502154,0.05202028620050786
35,75,0.5499999999999998,3.1,0.10103012318257415,0.04619319278191675
36,75,0.5999999999999999,3.1,0.08315649948124587,0.03811810019767242
37,75,0.6499999999999999,3.1,0.05482185260308636,0.02869881787314288
38,75,0.7,3.1,0.028187149561035296,0.020555450072638204
39,75,0.75,3.1,0.011347129175000858,0.015079946553568091
40,75,0.7999999999999998,3.1,0.00581380691111022,0.011670514246170383
0,76,-1.2000000000000002,3.1500000000000004,-0.025465234599840736,0.049418712351932126
1,76,-1.1500000000000001,3.1500000000000004,-0.030957500904512103,0.049948022616855825
2,76,-1.1,3.1500000000000004,-0.04119980754074465,0.04950457296656524
3,76,-1.0500000000000003,3.1500000000000004,-0.0483974135996057,0.04633779190644616
4,76,-1.0000000000000002,3.1500000000000004,-0.049883159298668156,0.03987219169214212
5,76,-0.9500000000000002,3.1500000000000004,-0.0428586943149617,0.03253537100952886
6,76,-0.9000000000000001,3.1500000000000004,-0.025935722632967062,0.02763786392429385
7,76,-0.8500000000000001,3.1500000000000004,-0.005205561113154067,0.02535897599190623
8,76,-0.8000000000000002,3.1500000000000004,0.006040390210459157,0.022728386377314502
9,76,-0.7500000000000002,3.1500000000000004,-0.0012948136935794774,0.01771664621479513
10,76,-0.7000000000000002,3.1500000000000004,-0.021210543784105362,0.011479066231527002
11,76,-0.6500000000000001,3.1500000000000004,-0.036982927436283175,0.0062190447980781105
12,76,-0.6000000000000001,3.1500000000000004,-0.03936800217182179,0.002946777533967271
13,76,-0.5500000000000002,3.1500000000000004,-0.03457009431678176,0.0019215313901968512
14,76,-0.5000000000000001,3.1500000000000004,-0.03222274361068339,0.003416812190221441
15,76,-0.4500000000000002,3.1500000000000004,-0.0361720304591559,0.007542168410128447
16,76,-0.40000000000000013,3.1500000000000004,-0.050957497007363683,0.013852577376894937
17,76,-0.3500000000000001,3.1500000000000004,-0.08494024938125816,0.020858734960836067
18,76,-0.30000000000000016,3.1500000000000004,-0.13534200546015035,0.0264039217980358
19,76,-0.2500000000000001,3.1500000000000004,-0.17544068567882015,0.029426738363138305
20,76,-0.20000000000000018,3.1500000000000004,-0.17426869022345748,0.031150019654733463
21,76,-0.15000000000000013,3.1500000000000004,-0.13160815227089118,0.03323577216847173
22,76,-0.10000000000000009,3.1500000000000004,-0.07629574955995422,0.035995251196735134
23,76,-0.050000000000000044,3.1500000000000004,-0.03243683574008144,0.039437326753577195
24,76,0.0,3.1500000000000004,-0.004325990555809622,0.043574136534517416
25,76,0.04999999999999982,3.1500000000000004,0.013144377492108617,0.04766603180492934
26,76,0.09999999999999987,3.1500000000000004,0.025039209700553344,0.050876332983903205
27,76,0.1499999999999999,3.1500000000000004,0.035033321407283435,0.05299369392171793
28,76,0.19999999999999996,3.1500000000000004,0.044794141265764864,0.054234324752646945
29,76,0.25,3.1500000000000004,0.05305157584217318,0.05493564898653436
30,76,0.2999999999999998,3.1500000000000004,0.05838677227892691,0.05538843460060894
31,76,0.34999999999999987,3.1500000000000004,0.06319571389169165,0.055230684091679416
32,76,0.3999999999999999,3.1500000000000004,0.07214028839224174,0.053665420772247285
33,76,0.44999999999999996,3.1500000000000004,0.08576182297046014,0.05052073319474326
34,76,0.5,3.1500000000000004,0.09651245744726727,0.04575756850811796
35,76,0.5499999999999998,3.1500000000000004,0.0937124616101484,0.03864679706156504
36,76,0.5999999999999999,3.1500000000000004,0.07436287638381417,0.02909073758759706
37,76,0.6499999999999999,3.1500000000000004,0.04680160595176952,0.019405195629269012
38,76,0.7,3.1500000000000004,0.02294010741852509,0.012803672402085242
39,76,0.75,3.1500000000000004,0.008760622164531995,0.009934426627458137
40,76,0.7999999999999998,3.1500000000000004,0.004245656938351439,0.00914463852400571
0,77,-1.2000000000000002,3.2,-0.02501502785051679,0.05011248601480195
1,77,-1.1500000000000001,3.2,-0.030559688430603638,0.0503229952221973
2,77,-1.1,3.2,-0.04176987627974832,0.0508197113268441
3,77,-1.0500000000000003,3.2,-0.05148750374017491,0.05059155778483426
4,77,-1.0000000000000002,3.2,-0.05543693262277827,0.04825353375032121
5,77,-0.9500000000000002,3.2,-0.048756689876261194,0.04383956161910285
6,77,-0.9000000000000001,3.2,-0.030753634281399933,0.03832724468898152
7,77,-0.8500000000000001,3.2,-0.009892444638602282,0.0316687574044322
8,77,-0.8000000000000002,3.2,0.000303396160624414,0.02362834946776471
9,77,-0.7500000000000002,3.2,-0.007288314364411186,0.01579246645853405
10,77,-0.7000000000000002,3.2,-0.025785025177777476,0.01073597329890541
11,77,-0.6500000000000001,3.2,-0.03958306348729207,0.009121753065253202
12,77,-0.6000000000000001,3.2,-0.04016655185121509,0.009415158309712957
13,77,-0.5500000000000002,3.2,-0.033239763969225844,0.010855240718302128
14,77,-0.5000000000000001,3.2,-0.028390184348811298,0.014229075947224668
15,77,-0.4500000000000002,3.2,-0.030287708201644226,0.01973533221335172
16,77,-0.40000000000000013,3.2,-0.044149001421338596,0.02640194195165424
17,77,-0.3500000000000001,3.2,-0.07860484845216814,0.033104435377786234
18,77,-0.30000000000000016,3.2,-0.13070503899168945,0.038832939810433675
19,77,-0.2500000000000001,3.2,-0.17268467791136388,0.042819832302717076
20,77,-0.20000000000000018,3.2,-0.17251847463030462,0.04522562500324234
21,77,-0.15000000000000013,3.2,-0.1301397049721717,0.04656886552131312
22,77,-0.10000000000000009,3.2,-0.07473789462411257,0.04711691230294052
23,77,-0.050000000000000044,3.2,-0.030304789547519195,0.04768843443378634
24,77,0.0,3.2,-0.0015715239688984806,0.049117729297510626
25,77,0.04999999999999982,3.2,0.015907058134055907,0.05119356906188838
26,77,0.09999999999999987,3.2,0.02718085177402435,0.05335052739772195
27,77,0.1499999999999999,3.2,0.03620910293152979,0.05507675626947289
28,77,0.19999999999999996,3.2,0.045026838741764885,0.055718660807311804
29,77,0.25,3.2,0.0528570259476549,0.05521807532547607
30,77,0.2999999999999998,3.2,0.0581325511996561,0.054532004160740555
31,77,0.34999999999999987,3.2,0.06237066929717039,0.05409431662735581
32,77,0.3999999999999999,3.2,0.06997317892686566,0.05306268826242411
33,77,0.44999999999999996,3.2,0.0817623245613952,0.05039375736251628
34,77,0.5,3.2,0.08998959961703717,0.04487413284588515
35,77,0.5499999999999998,3.2,0.08436329226205325,0.0353938982055263
36,77,0.5999999999999999,3.2,0.06391489804894984,0.023125702595459263
37,77,0.6499999999999999,3.2,0.038534787417574545,0.01198899959121369
38,77,0.7,3.2,0.01871638055922442,0.005371183336125018
39,77,0.75,3.2,0.007688095296921327,0.0031618404943728473
40,77,0.7999999999999998,3.2,0.004234230704205366,0.003154300027561341
0,78,-1.2000000000000002,3.2500000000000004,-0.02504421618505004,0.04954285286828286
1,78,-1.1500000000000001,3.2500000000000004,-0.030250275592469955,0.0496830039354465
2,78,-1.1,3.2500000000000004,-0.040931244978107684,0.05044511073852287
3,78,-1.0500000000000003,3.2500000000000004,-0.050963591176128586,0.05198348355219318
4,78,-1.0000000000000002,3.2500000000000004,-0.05663515546439957,0.05337130760182024
5,78,-0.9500000000000002,3.2500000000000004,-0.052784983376301386,0.052448422332205535
6,78,-0.9000000000000001,3.2500000000000004,-0.03810652684763771,0.04694008997215837
7,78,-0.8500000000000001,3.2500000000000004,-0.01990445633437088,0.03658511625773575
8,78,-0.8000000000000002,3.2500000000000004,-0.009835900735438996,0.024372131137213593
9,78,-0.7500000000000002,3.2500000000000004,-0.014187189862438776,0.014775871707475019
10,78,-0.7000000000000002,3.2500000000000004,-0.02788125717738621,0.010736306887893787
11,78,-0.6500000000000001,3.2500000000000004,-0.03830374242547563,0.011719460213443222
12,78,-0.6000000000000001,3.2500000000000004,-0.037634514518772866,0.014737927530759087
13,78,-0.5500000000000002,3.2500000000000004,-0.029756176679270052,0.018136020939882036
14,78,-0.5000000000000001,3.2500000000000004,-0.0233426521156338,0.022632394025649538
15,78,-0.4500000000000002,3.2500000000000004,-0.02399916445472633,0.02861833967269134
16,78,-0.40000000000000013,3.2500000000000004,-0.03758839384292917,0.035106307619520716
17,78,-0.3500000000000001,3.2500000000000004,-0.07250925152247872,0.04106601294492973
18,78,-0.30000000000000016,3.2500000000000004,-0.1256266085352195,0.046121308012478934
19,78,-0.2500000000000001,3.2500000000000004,-0.16904800048601148,0.050351536170051836
20,78,-0.20000000000000018,3.2500000000000004,-0.17051965700486144,0.053737239224279365
21,78,-0.15000000000000013,3.2500000000000004,-0.129716864971193,0.05570400499942979
22,78,-0.10000000000000009,3.2500000000000004,-0.075176180647481,0.05610897321579572
23,78,-0.050000000000000044,3.2500000000000004,-0.03043601874551133,0.056055000118242215
24,78,0.0,3.2500000000000004,-0.0008208559277075866,0.056581692789172966
25,78,0.04999999999999982,3.2500000000000004,0.017377175592319938,0.05781666232895971
26,78,0.09999999999999987,3.2500000000000004,0.02892239690813786,0.05971943009858871
27,78,0.1499999999999999,3.2500000000000004,0.03740145481687329,0.06191620964833805
28,78,0.19999999999999996,3.2500000000000004,0.04493546032176804,0.06318686196962575
29,78,0.25,3.2500000000000004,0.05186491919560193,0.06280224742768986
30,78,0.2999999999999998,3.2500000000000004,0.057263013580806654,0.061683342319915346
31,78,0.34999999999999987,3.2500000000000004,0.061726397993375204,0.06092568696502154
32,78,0.3999999999999999,3.2500000000000004,0.0684397291274022,0.06011347884811363
33,78,0.44999999999999996,3.2500000000000004,0.07757326755392119,0.057394861007502296
34,78,0.5,3.2500000000000004,0.0815125982902773,0.05024557387014211
35,78,0.5499999999999998,3.2500000000000004,0.07196403135972251,0.03766456274488572
36,78,0.5999999999999999,3.2500000000000004,0.05095797776950156,0.02252828859892614
37,78,0.6499999999999999,3.2500000000000004,0.029047086692435276,0.009827746884283894
38,78,0.7,3.2500000000000004,0.014112948321684249,0.0024134399123831862
39,78,0.75,3.2500000000000004,0.006543738855968317,-0.00046666333292894047
40,78,0.7999999999999998,3.2500000000000004,0.004230576004728426,-0.0010212355462246858
0,79,-1.2000000000000002,3.3000000000000003,-0.02473472571618951,0.047645838710468624
1,79,-1.1500000000000001,3.3000000000000003,-0.02965743056036363,0.04715249271336763
2,79,-1.1,3.3000000000000003,-0.039469396663001644,0.04718240329858264
3,79,-1.0500000000000003,3.3000000000000003,-0.04856130687687754,0.048560809217813306
4,79,-1.0000000000000002,3.3000000000000003,-0.05497199384276591,0.05119449774925483
5,79,-0.9500000000000002,3.3000000000000003,-0.05518790750592306,0.052193324006409025
6,79,-0.9000000000000001,3.3000000000000003,-0.04661694035586972,0.04735216009116777
7,79,-0.8500000000000001,3.3000000000000003,-0.03246040347354706,0.03629286708986046
8,79,-0.8000000000000002,3.3000000000000003,-0.021505848389636317,0.02374999420667462
9,79,-0.7500000000000002,3.3000000000000003,-0.02092413861373099,0.014812952055824058
10,79,-0.7000000000000002,3.3000000000000003,-0.028841436671809273,0.011557788742239117
11,79,-0.6500000000000001,3.3000000000000003,-0.03558144284442677,0.013126797142632707
12,79,-0.6000000000000001,3.3000000000000003,-0.03374999112477628,0.016945790975482766
13,79,-0.5500000000000002,3.3000000000000003,-0.025345297474335393,0.021279130705714744
14,79,-0.5000000000000001,3.3000000000000003,-0.017907865616001994,0.026315513182004202
15,79,-0.4500000000000002,3.3000000000000003,-0.017813794607773048,0.03226183837158225
16,79,-0.40000000000000013,3.3000000000000003,-0.031701328149100205,0.038030064856941215
17,79,-0.3500000000000001,3.3000000000000003,-0.06758984805920992,0.04222955355328628
18,79,-0.30000000000000016,3.3000000000000003,-0.12141951576656734,0.04484660793874218
19,79,-0.2500000000000001,3.3000000000000003,-0.16506874669956345,0.04761238577969923
20,79,-0.20000000000000018,3.3000000000000003,-0.16716600580092666,0.05165493106986385
21,79,-0.15000000000000013,3.3000000000000003,-0.12776797098065534,0.05586869218074386
22,79,-0.10000000000000009,3.3000000000000003,-0.07438689950530014,0.05912047743264037
23,79,-0.050000000000000044,3.3000000000000003,-0.02983206997414195,0.061705081570953835
24,79,0.0,3.3000000000000003,0.00019013824181901562,0.06409144869438749
25,79,0.04999999999999982,3.3000000000000003,0.01904479544347165,0.06645266796186183
26,79,0.09999999999999987,3.3000000000000003,0.03128039909340269,0.06914886520535901
27,79,0.1499999999999999,3.3000000000000003,0.03967653480256683,0.07220469252749412
28,79,0.19999999999999996,3.3000000000000003,0.0459128765211167,0.07461157577960814
29,79,0.25,3.3000000000000003,0.051353506297944496,0.07536070822638491
30,79,0.2999999999999998,3.3000000000000003,0.05625599073698778,0.07472816239923352
31,79,0.34999999999999987,3.3000000000000003,0.060800805825368676,0.07366157243530652
32,79,0.3999999999999999,3.3000000000000003,0.06644235296934642,0.0720870012446509
33,79,0.44999999999999996,3.3000000000000003,0.07189441958342369,0.0679980624159704
34,79,0.5,3.3000000000000003,0.0702593013544206,0.05861774938618031
35,79,0.5499999999999998,3.3000000000000003,0.05664600699083727,0.04381795600095384
36,79,0.5999999999999999,3.3000000000000003,0.036078082188348015,0.027652298350973048
37,79,0.6499999999999999,3.3000000000000003,0.018419938731031593,0.014811537167190025
38,79,0.7,3.3000000000000003,0.008421970342011587,0.006946794393058731
39,79,0.75,3.3000000000000003,0.004253419838313455,0.0029789617962494574
40,79,0.7999999999999998,3.3000000000000003,0.0031250862776138755,0.0012025450845071228
0,80,-1.2000000000000002,3.35,-0.02603090817925202,0.0476668400139349
1,80,-1.1500000000000001,3.35,-0.030713711004355937,0.04448405879886708
2,80,-1.1,3.35,-0.03952292847366201,0.04135499735038656
3,80,-1.0500000000000003,3.35,-0.0469514967254564,0.039905146618418874
4,80,-1.0000000000000002,3.35,-0.05300264067580385,0.041084839498128634
5,80,-0.9500000000000002,3.35,-0.056627321034388445,0.04242828491550804
6,80,-0.9000000000000001,3.35,-0.05400698376418628,0.03937159989483685
7,80,-0.8500000000000001,3.35,-0.04350662221886403,0.03105203551859087
8,80,-0.8000000000000002,3.35,-0.0313158157694754,0.021521307171692983
9,80,-0.7500000000000002,3.35,-0.026379395326874278,0.014754900228279855
10,80,-0.7000000000000002,3.35,-0.02956741209057756,0.012233209603385031
11,80,-0.6500000000000001,3.35,-0.03291574019223198,0.013814297553322308
12,80,-0.6000000000000001,3.35,-0.02948218095569083,0.01808581184123026
13,80,-0.5500000000000002,3.35,-0.020386454472748616,0.023469424612177214
14,80,-0.5000000000000001,3.35,-0.012359944449766291,0.029378440190460098
15,80,-0.4500000000000002,3.35,-0.012284612779789317,0.035364451433208266
16,80,-0.40000000000000013,3.35,-0.02762067866122514,0.03982085629958998
17,80,-0.3500000000000001,3.35,-0.06569270844067776,0.04088701071614742
18,80,-0.30000000000000016,3.35,-0.12024377630880656,0.039188563026840983
19,80,-0.2500000000000001,3.35,-0.1622396773548898,0.03853489934925958
20,80,-0.20000000000000018,3.35,-0.1622633506038168,0.041933364823217856
21,80,-0.15000000000000013,3.35,-0.12225131860841648,0.04850009447391612
22,80,-0.10000000000000009,3.35,-0.06933979125727102,0.05589249975257782
23,80,-0.050000000000000044,3.35,-0.025465047483764214,0.06273498994285726
24,80,0.0,3.35,0.003926730463200412,0.06842633292417133
25,80,0.04999999999999982,3.35,0.022434592103291462,0.07293751742748183
26,80,0.09999999999999987,3.35,0.034674421473770145,0.07668050298341472
27,80,0.1499999999999999,3.35,0.04286416539112242,0.08003667887514804
28,80,0.19999999999999996,3.35,0.04809147602065883,0.08286681418448294
29,80,0.25,3.35,0.051981505815227314,0.08461460262141729
30,80,0.2999999999999998,3.35,0.055563877789728267,0.08489254841551497
31,80,0.34999999999999987,3.35,0.059085236838792576,0.08380933397041962
32,80,0.3999999999999999,3.35,0.06277621910806608,0.08130477513598522
33,80,0.44999999999999996,3.35,0.0641040156954506,0.07602069295010339
34,80,0.5,3.35,0.05733249187526074,0.0661402713751641
35,80,0.5499999999999998,3.35,0.040998580324515255,0.052510310869029186
36,80,0.5999999999999999,3.35,0.021951558935737747,0.039104907885956774
37,80,0.6499999999999999,3.35,0.008341582734520958,0.02915601179329208
38,80,0.7,3.35,0.002280372950743681,0.022868587324546275
39,80,0.75,3.35,0.0007994895474167096,0.018953076277113123
40,80,0.7999999999999998,3.35,0.0006777425812437565,0.01638780941615542
0,81,-1.2000000000000002,3.4,-0.03110028814632515,0.04730949061337836
1,81,-1.1500000000000001,3.4,-0.03596927322391197,0.041965238948391825
2,81,-1.1,3.4,-0.044048308843449846,0.03517128216252219
3,81,-1.0500000000000003,3.4,-0.048831464729135465,0.029504080043619152
4,81,-1.0000000000000002,3.4,-0.05244885554567674,0.027647492330545587
5,81,-0.9500000000000002,3.4,-0.056901147109214845,0.02858149486524242
6,81,-0.9000000000000001,3.4,-0.05799318975278689,0.02837951545929307
7,81,-0.8500000000000001,3.4,-0.05031069619669093,0.025132938061560306
8,81,-0.8000000000000002,3.4,-0.03780298367994733,0.020370241586441795
9,81,-0.7500000000000002,3.4,-0.030212236182038943,0.016440664308519926
10,81,-0.7000000000000002,3.4,-0.02978203934676682,0.015124401473288196
11,81,-0.6500000000000001,3.4,-0.02972884060658154,0.017325654971075688
12,81,-0.6000000000000001,3.4,-0.024094864065921373,0.02253818395397872
13,81,-0.5500000000000002,3.4,-0.014052669125105555,0.029458634792932925
14,81,-0.5000000000000001,3.4,-0.006012838794970943,0.03685551744215032
15,81,-0.4500000000000002,3.4,-0.007371378498643166,0.04320545259185016
16,81,-0.40000000000000013,3.4,-0.02617876886616105,0.046014374348741505
17,81,-0.3500000000000001,3.4,-0.06822214133195892,0.043225023413706876
18,81,-0.30000000000000016,3.4,-0.12377162713345519,0.036414467047528876
19,81,-0.2500000000000001,3.4,-0.16232394490318658,0.031235460350056976
20,81,-0.20000000000000018,3.4,-0.15720081067627012,0.03246471756836872
21,81,-0.15000000000000013,3.4,-0.11380883605129538,0.039809441877880214
22,81,-0.10000000000000009,3.4,-0.06015200403635901,0.049865780944610694
23,81,-0.050000000000000044,3.4,-0.01729823680254844,0.05951777492876453
24,81,0.0,3.4,0.010392665726443595,0.06719694236548279
25,81,0.04999999999999982,3.4,0.027298965502715045,0.07281295146119526
26,81,0.09999999999999987,3.4,0.03837956054106889,0.07685649782939563
27,81,0.1499999999999999,3.4,0.04586284600363505,0.07987891232491523
28,81,0.19999999999999996,3.4,0.05049080026738595,0.08235002218300147
29,81,0.25,3.4,0.053379240528976524,0.0842889248550302
30,81,0.2999999999999998,3.4,0.05545072208599011,0.08517861644329522
31,81,0.34999999999999987,3.4,0.05721303254583893,0.08462034060207985
32,81,0.3999999999999999,3.4,0.058653711949030185,0.0825728040046414
33,81,0.44999999999999996,3.4,0.05672991582260256,0.07850581508661025
34,81,0.5,3.4,0.0467489192733464,0.07169699947988273
35,81,0.5499999999999998,3.4,0.029610643501629952,0.06340097928760058
36,81,0.5999999999999999,3.4,0.012723783112610909,0.05676730069253677
37,81,0.6499999999999999,3.4,0.0021836181696210932,0.05344787368548709
38,81,0.7,3.4,-0.0017809651741673704,0.052119529841253565
39,81,0.75,3.4,-0.002227358070077401,0.05081205996360555
40,81,0.7999999999999998,3.4,-0.0020054474443015335,0.0489807978268747
0,82,-1.2000000000000002,3.4500000000000006,-0.036719411509225086,0.03786457621638428
1,82,-1.1500000000000001,3.4500000000000006,-0.042851919455212106,0.034826247388672904
2,82,-1.1,3.4500000000000006,-0.051984087378434685,0.028823469206683272
3,82,-1.0500000000000003,3.4500000000000006,-0.054475286557433,0.022038816720777732
4,82,-1.0000000000000002,3.4500000000000006,-0.05392522585418058,0.018282550645764006
5,82,-0.9500000000000002,3.4500000000000006,-0.05589529790564096,0.018723125474719715
6,82,-0.9000000000000001,3.4500000000000006,-0.05745554056786839,0.021319450262881623
7,82,-0.8500000000000001,3.4500000000000006,-0.05151589609171531,0.02358849094654558
8,82,-0.8000000000000002,3.4500000000000006,-0.04000808952251578,0.024360585182590377
9,82,-0.7500000000000002,3.4500000000000006,-0.03162523544002788,0.024340047156519717
10,82,-0.7000000000000002,3.4500000000000006,-0.028682421428021798,0.02533376352626987
11,82,-0.6500000000000001,3.4500000000000006,-0.025501957711541456,0.02863740780009366
12,82,-0.6000000000000001,3.4500000000000006,-0.01734920113383359,0.03446684672104183
13,82,-0.5500000000000002,3.4500000000000006,-0.006069120984577014,0.042197530252864046
14,82,-0.5000000000000001,3.4500000000000006,0.001386873349150941,0.05026733330266209
15,82,-0.4500000000000002,3.4500000000000006,-0.0031257558731981328,0.05615466159713978
16,82,-0.40000000000000013,3.4500000000000006,-0.02760110783936842,0.05681918005459502
17,82,-0.3500000000000001,3.4500000000000006,-0.07529261574189039,0.05042112937641979
18,82,-0.30000000000000016,3.4500000000000006,-0.13223333937245646,0.03917082883279882
19,82,-0.2500000000000001,3.4500000000000006,-0.16618942683404997,0.029730920313541243
20,82,-0.20000000000000018,3.4500000000000006,-0.15368936907599356,0.028136217712110834
21,82,-0.15000000000000013,3.4500000000000006,-0.1048502552321745,0.03459630816601639
22,82,-0.10000000000000009,3.4500000000000006,-0.0496314582063867,0.04483289311427108
23,82,-0.050000000000000044,3.4500000000000006,-0.008133886062892115,0.05451244680095113
24,82,0.0,3.4500000000000006,0.017221906995631142,0.06168456784099052
25,82,0.04999999999999982,3.4500000000000006,0.0320941475672043,0.06665834567081558
26,82,0.09999999999999987,3.4500000000000006,0.04174038233749011,0.07035862039153878
27,82,0.1499999999999999,3.4500000000000006,0.04835768974472826,0.07324851425966589
28,82,0.19999999999999996,3.4500000000000006,0.0525014885507738,0.07541114698308038
29,82,0.25,3.4500000000000006,0.05481010007552106,0.07690045280014546
30,82,0.2999999999999998,3.4500000000000006,0.05589529353677791,0.07775880974584509
31,82,0.34999999999999987,3.4500000000000006,0.056479424400138756,0.07807204729726791
32,82,0.3999999999999999,3.4500000000000006,0.056661693592596485,0.07796763664827067
33,82,0.44999999999999996,3.4500000000000006,0.05322821117069193,0.0771809918769939
34,82,0.5,3.4500000000000006,0.04222765607625106,0.07548259152753395
35,82,0.5499999999999998,3.4500000000000006,0.026068881537169297,0.07421744886157905
36,82,0.5999999999999999,3.4500000000000006,0.01199845333362426,0.07584691485051698
37,82,0.6499999999999999,3.4500000000000006,0.003693811883237752,0.08080697633226219
38,82,0.7,3.4500000000000006,-0.00035544077113786043,0.08627100266399457
39,82,0.75,3.4500000000000006,-0.0023392424669621548,0.0892982218943289
40,82,0.7999999999999998,3.4500000000000006,-0.0029847816922179415,0.08961684374626411
0,83,-1.2000000000000002,3.5000000000000004,-0.03717694580174791,0.017955184070509167
1,83,-1.1500000000000001,3.5000000000000004,-0.04501038023361298,0.02024175351191565
2,83,-1.1,3.5000000000000004,-0.05683573951134502,0.02058592536062137
3,83,-1.0500000000000003,3.5000000000000004,-0.05937238329005473,0.019124853332350977
4,83,-1.0000000000000002,3.5000000000000004,-0.05576454679173476,0.017766471239140935
5,83,-0.9500000000000002,3.5000000000000004,-0.05386424749209723,0.018596282044641144
6,83,-0.9000000000000001,3.5000000000000004,-0.05312782428096102,0.022566381969010285
7,83,-0.8500000000000001,3.5000000000000004,-0.047269561276982175,0.028484279292858572
8,83,-0.8000000000000002,3.5000000000000004,-0.0370514274699732,0.03400349524927376
9,83,-0.7500000000000002,3.5000000000000004,-0.02923905783835945,0.038421843429854996
10,83,-0.7000000000000002,3.5000000000000004,-0.025484678703192876,0.04249968923364211
11,83,-0.6500000000000001,3.5000000000000004,-0.02059575741180958,0.04685964360192002
12,83,-0.6000000000000001,3.5000000000000004,-0.010534741613150989,0.05209836083457542
13,83,-0.5500000000000002,3.5000000000000004,0.0017478174565146998,0.0584958987841086
14,83,-0.5000000000000001,3.5000000000000004,0.007944292549304788,0.06490910448855691
15,83,-0.4500000000000002,3.5000000000000004,-0.0008195317467102337,0.0688312261779761
16,83,-0.40000000000000013,3.5000000000000004,-0.031912301086881034,0.067390301809232
17,83,-0.3500000000000001,3.5000000000000004,-0.08587049255375512,0.05879864030284482
18,83,-0.30000000000000016,3.5000000000000004,-0.14446183619633374,0.04486458144717542
19,83,-0.2500000000000001,3.5000000000000004,-0.17335855602387457,0.03235336357542917
20,83,-0.20000000000000018,3.5000000000000004,-0.15233542282379497,0.028284227765273395
21,83,-0.15000000000000013,3.5000000000000004,-0.09711216064913514,0.03326228265397746
22,83,-0.10000000000000009,3.5000000000000004,-0.040235865401424264,0.04223621660811139
23,83,-0.050000000000000044,3.5000000000000004,-0.00044656207582899343,0.05022456630977834
24,83,0.0,3.5000000000000004,0.02253856459630804,0.055475606587160886
25,83,0.04999999999999982,3.5000000000000004,0.035973018053263306,0.05893825791443069
26,83,0.09999999999999987,3.5000000000000004,0.0449697291299192,0.062051550508390174
27,83,0.1499999999999999,3.5000000000000004,0.050915372595176644,0.06507434018579783
28,83,0.19999999999999996,3.5000000000000004,0.05414273880786552,0.06723430903333022
29,83,0.25,3.5000000000000004,0.05572690329174124,0.06824987635474095
30,83,0.2999999999999998,3.5000000000000004,0.056622316583112564,0.06892348138737847
31,83,0.34999999999999987,3.5000000000000004,0.0574218594482645,0.07017881556894257
32,83,0.3999999999999999,3.5000000000000004,0.05776265652875617,0.0721460214893338
33,83,0.44999999999999996,3.5000000000000004,0.054244870701865844,0.07429912883014755
34,83,0.5,3.5000000000000004,0.04378537625793155,0.07660773405260335
35,83,0.5499999999999998,3.5000000000000004,0.02997496682461298,0.0804758536146602
36,83,0.5999999999999999,3.5000000000000004,0.019313310583294052,0.0875574426048456
37,83,0.6499999999999999,3.5000000000000004,0.012607705983098683,0.09719048196517033
38,83,0.7,3.5000000000000004,0.006710280387899337,0.10608281376639606
39,83,0.75,3.5000000000000004,0.0011184830121921396,0.11155946703869768
40,83,0.7999999999999998,3.5000000000000004,-0.0013682037404311176,0.11374323074514331
0,84,-1.2000000000000002,3.5500000000000003,-0.03214627262641212,0.000571674786802312
1,84,-1.1500000000000001,3.5500000000000003,-0.0402211781650999,0.006259941939412428
2,84,-1.1,3.5500000000000003,-0.05310098755799936,0.013744935830529437
3,84,-1.0500000000000003,3.5500000000000003,-0.057294740678913436,0.021249055088280733
4,84,-1.0000000000000002,3.5500000000000003,-0.054453797141890414,0.025819741244815786
5,84,-0.9500000000000002,3.5500000000000003,-0.05109538717577161,0.02733843650754908
6,84,-0.9000000000000001,3.5500000000000003,-0.04756754331965096,0.029563384802027692
7,84,-0.8500000000000001,3.5500000000000003,-0.04007878281145183,0.034910890681843776
8,84,-0.8000000000000002,3.5500000000000003,-0.030070525385519353,0.04213302576704936
9,84,-0.7500000000000002,3.5500000000000003,-0.023129041455659527,0.04942820995438746
10,84,-0.7000000000000002,3.5500000000000003,-0.020244621255956774,0.05569647272322925
11,84,-0.6500000000000001,3.5500000000000003,-0.01590328611060815,0.060233459612913376
12,84,-0.6000000000000001,3.5500000000000003,-0.00571294595164501,0.06356786101418654
13,84,-0.5500000000000002,3.5500000000000003,0.006741622669404479,0.06703375820310858
14,84,-0.5000000000000001,3.5500000000000003,0.01172220074301844,0.07092602662686381
15,84,-0.4500000000000002,3.5500000000000003,-0.0006445585525230446,0.07365316448925185
16,84,-0.40000000000000013,3.5500000000000003,-0.037633693714499705,0.07233378969637272
17,84,-0.3500000000000001,3.5500000000000003,-0.09781833610394697,0.06421444049201946
18,84,-0.30000000000000016,3.5500000000000003,-0.1586786160998721,0.04978922528340757
19,84,-0.2500000000000001,3.5500000000000003,-0.182769780515952,0.035724045813497196
20,84,-0.20000000000000018,3.5500000000000003,-0.15278044999744528,0.030137658457826122
21,84,-0.15000000000000013,3.5500000000000003,-0.09089826638933651,0.033979541335747154
22,84,-0.10000000000000009,3.5500000000000003,-0.03266917455058582,0.04152134644010097
23,84,-0.050000000000000044,3.5500000000000003,0.005105503916157383,0.04753904981994822
24,84,0.0,3.5500000000000003,0.025935598600283494,0.05071532491055297
25,84,0.04999999999999982,3.5500000000000003,0.03867009148843359,0.052410472236555095
26,84,0.09999999999999987,3.5500000000000003,0.04787646460885725,0.05429574025640288
27,84,0.1499999999999999,3.5500000000000003,0.053540448269668306,0.05674195196031351
28,84,0.19999999999999996,3.5500000000000003,0.05567702471971692,0.05886060018551381
29,84,0.25,3.5500000000000003,0.056499272429569314,0.060191939521577476
30,84,0.2999999999999998,3.5500000000000003,0.05782423275097953,0.06154797363653153
31,84,0.34999999999999987,3.5500000000000003,0.059701964502094085,0.0638019495850109
32,84,0.3999999999999999,3.5500000000000003,0.060782006853801474,0.06678624961423629
33,84,0.44999999999999996,3.5500000000000003,0.05768992373396148,0.06995333871029213
34,84,0.5,3.5500000000000003,0.04840438086076371,0.07368772294960108
35,84,0.5499999999999998,3.5500000000000003,0.03701859008941155,0.07907369018021387
36,84,0.5999999999999999,3.5500000000000003,0.02871308168413439,0.08616770185527561
37,84,0.6499999999999999,3.5500000000000003,0.022219183044788204,0.09341834260710613
38,84,0.7,3.5500000000000003,0.014013544302389491,0.09908321718174434
39,84,0.75,3.5500000000000003,0.005321174511785098,0.1027249764387611
40,84,0.7999999999999998,3.5500000000000003,0.0013827457206733174,0.10494414963390514
0,85,-1.2000000000000002,3.6,-0.025800411496527675,-0.0017582319488074205
1,85,-1.1500000000000001,3.6,-0.031837119189885854,0.00418853556844595
2,85,-1.1,3.6,-0.04184662636247671,0.015139532053249916
3,85,-1.0500000000000003,3.6,-0.04729757787576838,0.028490067476999448
4,85,-1.0000000000000002,3.6,-0.04967516537246641,0.036575680280218625
5,85,-0.9500000000000002,3.6,-0.05012060393488532,0.03539402606933639
6,85,-0.9000000000000001,3.6,-0.045555370106666326,0.03048129537487898
7,85,-0.8500000000000001,3.6,-0.03469992031196051,0.029626989692443095
8,85,-0.8000000000000002,3.6,-0.022534108197429514,0.03475520059405379
9,85,-0.7500000000000002,3.6,-0.015675610882179558,0.04273226931094748
10,85,-0.7000000000000002,3.6,-0.014679429044666958,0.04958855669226686
11,85,-0.6500000000000001,3.6,-0.012724369120852286,0.0531547677002428
12,85,-0.6000000000000001,3.6,-0.00373444302295578,0.05426336085834066
13,85,-0.5500000000000002,3.6,0.00910598306919197,0.055722865871976335
14,85,-0.5000000000000001,3.6,0.014563698835448058,0.05941380883268288
15,85,-0.4500000000000002,3.6,0.0005882313227986713,0.06423450425054017
16,85,-0.40000000000000013,3.6,-0.041351025084113424,0.06639477316824516
17,85,-0.3500000000000001,3.6,-0.10841505696672027,0.06155198771321896
18,85,-0.30000000000000016,3.6,-0.172952230874856,0.04915217138016348
19,85,-0.2500000000000001,3.6,-0.193010122849456,0.03612985558969467
20,85,-0.20000000000000018,3.6,-0.15407992730154502,0.031213507139926655
21,85,-0.15000000000000013,3.6,-0.08572847266686029,0.0350965064216871
22,85,-0.10000000000000009,3.6,-0.0266763569172232,0.041645963648556106
23,85,-0.050000000000000044,3.6,0.008747416394623009,0.045995912791521876
24,85,0.0,3.6,0.027409987012914916,0.04736385231592671
25,85,0.04999999999999982,3.6,0.039553433399113214,0.047159463094299525
26,85,0.09999999999999987,3.6,0.049301208853677614,0.047027439012095884
27,85,0.1499999999999999,3.6,0.055480232524287576,0.047906203663078684
28,85,0.19999999999999996,3.6,0.05759272636912949,0.04980961694535879
29,85,0.25,3.6,0.05841427674275895,0.05237729131555707
30,85,0.2999999999999998,3.6,0.060232326646545986,0.055352493935862945
31,85,0.34999999999999987,3.6,0.06266013542596927,0.05842463921954866
32,85,0.3999999999999999,3.6,0.06391404565403741,0.06115729540281639
33,85,0.44999999999999996,3.6,0.06114634403723063,0.0636349211715545
34,85,0.5,3.6,0.05290572772785329,0.06681621116002318
35,85,0.5499999999999998,3.6,0.04245494573028752,0.07096019443939977
36,85,0.5999999999999999,3.6,0.03365796301018631,0.07428913946731841
37,85,0.6499999999999999,3.6,0.025523221309567412,0.07515295651150916
38,85,0.7,3.6,0.016016914219554312,0.07445231043659156
39,85,0.75,3.6,0.006979415464352934,0.07422505624067904
40,85,0.7999999999999998,3.6,0.003070142649856944,0.07514052393514492
0,86,-1.2000000000000002,3.65,-0.02025273759190538,0.006533433879968298
1,86,-1.1500000000000001,3.65,-0.023323414163042566,0.011606686938294697
2,86,-1.1,3.65,-0.02879945564944586,0.021406468407293988
3,86,-1.0500000000000003,3.65,-0.035858592451944726,0.03253923735812292
4,86,-1.0000000000000002,3.65,-0.04754983854955347,0.03537199486932707
5,86,-0.9500000000000002,3.65,-0.057189772081111256,0.023971604937377267
6,86,-0.9000000000000001,3.65,-0.05333457969654426,0.005769162294081975
7,86,-0.8500000000000001,3.65,-0.03580487759227702,-0.0051888731048063685
8,86,-0.8000000000000002,3.65,-0.01696524576701497,-0.003041109355613192
9,86,-0.7500000000000002,3.65,-0.008295685357446458,0.006495305459565948
10,86,-0.7000000000000002,3.65,-0.009822122866661454,0.014917329052852313
11,86,-0.6500000000000001,3.65,-0.011228481944534352,0.018367482414208547
12,86,-0.6000000000000001,3.65,-0.003144847779911475,0.018615326375600316
13,86,-0.5500000000000002,3.65,0.0118920706437467,0.0201118356592489
14,86,-0.5000000000000001,3.65,0.020233839121582275,0.0257929762917819
15,86,-0.4500000000000002,3.65,0.006336405783039234,0.034504203145979406
16,86,-0.40000000000000013,3.65,-0.040316210251820916,0.04156112717363103
17,86,-0.3500000000000001,3.65,-0.11506093789202865,0.04197293368346844
18,86,-0.30000000000000016,3.65,-0.1841007482233964,0.03545187975188657
19,86,-0.2500000000000001,3.65,-0.20070844475618882,0.02885430225008201
20,86,-0.20000000000000018,3.65,-0.15381379916545285,0.029246140268312515
21,86,-0.15000000000000013,3.65,-0.08046580988070706,0.03558569744382983
22,86,-0.10000000000000009,3.65,-0.021769768180751048,0.041967233541722604
23,86,-0.050000000000000044,3.65,0.010823392583527991,0.04503688006417428
24,86,0.0,3.65,0.027099148903061143,0.04497296813849666
25,86,0.04999999999999982,3.65,0.03833367818460276,0.04319112300349176
26,86,0.09999999999999987,3.65,0.04862320517763641,0.0412431154004661
27,86,0.1499999999999999,3.65,0.056322626202931214,0.04063654467761163
28,86,0.19999999999999996,3.65,0.060148112372195306,0.04238390843912643
29,86,0.25,3.65,0.06204214942007347,0.04621884428480022
30,86,0.2999999999999998,3.65,0.06387158065497112,0.05055581247356028
31,86,0.34999999999999987,3.65,0.06550676596904753,0.05380741446223691
32,86,0.3999999999999999,3.65,0.06599228880580732,0.05555714832812669
33,86,0.44999999999999996,3.65,0.06334883949116826,0.05667453975880393
34,86,0.5,3.65,0.055729654128608974,0.058472086781832244
35,86,0.5499999999999998,3.65,0.044491518396706786,0.060504626128559114
36,86,0.5999999999999999,3.65,0.03290584375624378,0.06021028057407535
37,86,0.6499999999999999,3.65,0.022382354014061356,0.056647301332387046
38,86,0.7,3.65,0.013085644031559374,0.05235152003070731
39,86,0.75,3.65,0.006009388010338457,0.05004244425009852
40,86,0.7999999999999998,3.65,0.003213681109605071,0.049945429503743255
0,87,-1.2000000000000002,3.7000000000000006,-0.015653905379874877,0.010347614277725625
1,87,-1.1500000000000001,3.7000000000000006,-0.016964084662560164,0.013231561422669125
2,87,-1.1,3.7000000000000006,-0.02091407594264849,0.016605418353684842
3,87,-1.0500000000000003,3.7000000000000006,-0.0333320514137353,0.015442422464427286
4,87,-1.0000000000000002,3.7000000000000006,-0.058242797793212064,0.0012991825888952757
5,87,-0.9500000000000002,3.7000000000000006,-0.07972343651013042,-0.02868366795223204
6,87,-0.9000000000000001,3.7000000000000006,-0.07471584814884996,-0.06268147215315573
7,87,-0.8500000000000001,3.7000000000000006,-0.043510191961655675,-0.08150740145565855
8,87,-0.8000000000000002,3.7000000000000006,-0.010849929633057198,-0.07815656933459925
9,87,-0.7500000000000002,3.7000000000000006,0.0022828275262859465,-0.0628971338288184
10,87,-0.7000000000000002,3.7000000000000006,-0.002807252090024359,-0.04922284537604127
11,87,-0.6500000000000001,3.7000000000000006,-0.009026371798104282,-0.042624756894828475
12,87,-0.6000000000000001,3.7000000000000006,-0.001990089777915427,-0.04081939408937141
13,87,-0.5500000000000002,3.7000000000000006,0.016283632985373553,-0.03840030616136275
14,87,-0.5000000000000001,3.7000000000000006,0.028956066322178564,-0.03141980918963588
15,87,-0.4500000000000002,3.7000000000000006,0.0163563822046478,-0.020311869276376515
16,87,-0.40000000000000013,3.7000000000000006,-0.03388229454662439,-0.0092698163283772
17,87,-0.3500000000000001,3.7000000000000006,-0.11452430438846473,-0.0019344347941213647
18,87,-0.30000000000000016,3.7000000000000006,-0.18607086230824244,0.0029832366755772055
19,87,-0.2500000000000001,3.7000000000000006,-0.19921586233303007,0.010579311231919408
20,87,-0.20000000000000018,3.7000000000000006,-0.1473485321077972,0.02262795083303043
21,87,-0.15000000000000013,3.7000000000000006,-0.0730073793934502,0.03463722992247564
22,87,-0.10000000000000009,3.7000000000000006,-0.017225174296878754,0.04190948847616255
23,87,-0.050000000000000044,3.7000000000000006,0.011753150991397066,0.044060020019249246
24,87,0.0,3.7000000000000006,0.025564229952232398,0.0430118778195579
25,87,0.04999999999999982,3.7000000000000006,0.035823580661082655,0.04051543501806254
26,87,0.09999999999999987,3.7000000000000006,0.046746630527797484,0.03805019014903488
27,87,0.1499999999999999,3.7000000000000006,0.0566210255629479,0.03726097096129699
28,87,0.19999999999999996,3.7000000000000006,0.06317502597631808,0.03945183620918086
29,87,0.25,3.7000000000000006,0.0665861807771928,0.04420833029311788
30,87,0.2999999999999998,3.7000000000000006,0.06782089682398268,0.049225555828785184
31,87,0.34999999999999987,3.7000000000000006,0.06766147128053568,0.052364573771877254
32,87,0.3999999999999999,3.7000000000000006,0.06678117095060443,0.05325754655241183
33,87,0.44999999999999996,3.7000000000000006,0.06406128249093618,0.05306677953785449
34,87,0.5,3.7000000000000006,0.05673581409760847,0.05323644504314301
35,87,0.5499999999999998,3.7000000000000006,0.04419313952253062,0.05346060150885207
36,87,0.5999999999999999,3.7000000000000006,0.02980063821401424,0.051818791764850214
37,87,0.6499999999999999,3.7000000000000006,0.017664460766199375,0.048063595728632946
38,87,0.7,3.7000000000000006,0.009412057137265784,0.0444143075845424
39,87,0.75,3.7000000000000006,0.0045733249373888785,0.042598325669113424
40,87,0.7999999999999998,3.7000000000000006,0.0028761131571464205,0.04240716089711494
0,88,-1.2000000000000002,3.7500000000000004,-0.01448484330201838,-0.0007483793591531174
1,88,-1.1500000000000001,3.7500000000000004,-0.01706561008708335,-0.004388115137973492
2,88,-1.1,3.7500000000000004,-0.0265885946076877,-0.014853795648985257
3,88,-1.0500000000000003,3.7500000000000004,-0.05116482821673429,-0.038041278593410055
4,88,-1.0000000000000002,3.7500000000000004,-0.0916759289662128,-0.07709768142860701
5,88,-0.9500000000000002,3.7500000000000004,-0.12117042682316226,-0.12608495797935382
6,88,-0.9000000000000001,3.7500000000000004,-0.10615831319997077,-0.1679452426919495
7,88,-0.8500000000000001,3.7500000000000004,-0.05127997477372054,-0.18510965966911347
8,88,-0.8000000000000002,3.7500000000000004,0.0016450218598251798,-0.1759076348158023
9,88,-0.7500000000000002,3.7500000000000004,0.02063803860111152,-0.1543744704312558
10,88,-0.7000000000000002,3.7500000000000004,0.010450254067328468,-0.13480712068356548
11,88,-0.6500000000000001,3.7500000000000004,-0.0028250306578644913,-0.12281122765460672
12,88,-0.6000000000000001,3.7500000000000004,0.0010796029535542484,-0.11702456996240423
13,88,-0.5500000000000002,3.7500000000000004,0.021291655543482224,-0.11274620990082529
14,88,-0.5000000000000001,3.7500000000000004,0.03832227600656851,-0.10537991959282289
15,88,-0.4500000000000002,3.7500000000000004,0.028486398644297917,-0.0937724304430812
16,88,-0.40000000000000013,3.7500000000000004,-0.021938775769565766,-0.07989517849982447
17,88,-0.3500000000000001,3.7500000000000004,-0.10280788488807424,-0.06410688378206242
18,88,-0.30000000000000016,3.7500000000000004,-0.17158700219735562,-0.04302398272027941
19,88,-0.2500000000000001,3.7500000000000004,-0.1810637305987356,-0.015401709220075332
20,88,-0.20000000000000018,3.7500000000000004,-0.1297558804748966,0.012417821725527745
21,88,-0.15000000000000013,3.7500000000000004,-0.061184272237574944,0.03184133854217175
22,88,-0.10000000000000009,3.7500000000000004,-0.012346978083977445,0.040493169637184356
23,88,-0.050000000000000044,3.7500000000000004,0.01192578192692334,0.04193054072375024
24,88,0.0,3.7500000000000004,0.023554563901874437,0.040329457606397556
25,88,0.04999999999999982,3.7500000000000004,0.03337199051407974,0.03807458610164571
26,88,0.09999999999999987,3.7500000000000004,0.04536874112087086,0.036562757668092416
27,88,0.1499999999999999,3.7500000000000004,0.05772427226307719,0.0371657567206049
28,88,0.19999999999999996,3.7500000000000004,0.0670954717040162,0.04086351009421674
29,88,0.25,3.7500000000000004,0.0718158690396778,0.04694674612447158
30,88,0.2999999999999998,3.7500000000000004,0.07202782413373049,0.05304728119026242
31,88,0.34999999999999987,3.7500000000000004,0.06953875669267418,0.0569667834701057
32,88,0.3999999999999999,3.7500000000000004,0.06669449457178456,0.05803207910008823
33,88,0.44999999999999996,3.7500000000000004,0.06332773798189945,0.05718522313297697
34,88,0.5,3.7500000000000004,0.05612347609960655,0.05606681844624428
35,88,0.5499999999999998,3.7500000000000004,0.04307386511841399,0.055209875305092804
36,88,0.5999999999999999,3.7500000000000004,0.027508837976024658,0.05384722566805278
37,88,0.6499999999999999,3.7500000000000004,0.014977869833753543,0.05186036442556746
38,88,0.7,3.7500000000000004,0.007620373972039851,0.05020995482427265
39,88,0.75,3.7500000000000004,0.004002241322910993,0.049479712138524035
40,88,0.7999999999999998,3.7500000000000004,0.002831351565608098,0.04942406322486603
0,89,-1.2000000000000002,3.8000000000000003,-0.022933376937515626,-0.035454170242645855
1,89,-1.1500000000000001,3.8000000000000003,-0.031069500952392304,-0.05161919917566149
2,89,-1.1,3.8000000000000003,-0.054567239398085055,-0.08200035395806382
3,89,-1.0500000000000003,3.8000000000000003,-0.09557593719335705,-0.1286830345237841
4,89,-1.0000000000000002,3.8000000000000003,-0.14628647717915583,-0.18412279969588302
5,89,-0.9500000000000002,3.8000000000000003,-0.1705709977734729,-0.23289134920310817
6,89,-0.9000000000000001,3.8000000000000003,-0.1337405498386096,-0.26098222792550946
7,89,-0.8500000000000001,3.8000000000000003,-0.05147258408550848,-0.2648579570242135
8,89,-0.8000000000000002,3.8000000000000003,0.019885259604800476,-0.2521429084083143
9,89,-0.7500000000000002,3.8000000000000003,0.043383341658522756,-0.2331877337271157
10,89,-0.7000000000000002,3.8000000000000003,0.02875599068662471,-0.21451586754858532
11,89,-0.6500000000000001,3.8000000000000003,0.008756178923056968,-0.19922394321619574
12,89,-0.6000000000000001,3.8000000000000003,0.008074927975866009,-0.18828315992181932
13,89,-0.5500000000000002,3.8000000000000003,0.027928283354954897,-0.1800657836326458
14,89,-0.5000000000000001,3.8000000000000003,0.04792984577992265,-0.1714325687227386
15,89,-0.4500000000000002,3.8000000000000003,0.04184112329764622,-0.16011505198542803
16,89,-0.40000000000000013,3.8000000000000003,-0.0042167478856056095,-0.1443804605119628
17,89,-0.3500000000000001,3.8000000000000003,-0.07765310860891966,-0.12016080847868899
18,89,-0.30000000000000016,3.8000000000000003,-0.13736568774625535,-0.08300050639849871
19,89,-0.2500000000000001,3.8000000000000003,-0.14377405788722292,-0.037033143061389606
20,89,-0.20000000000000018,3.8000000000000003,-0.10010548434555011,0.0037044176340847446
21,89,-0.15000000000000013,3.8000000000000003,-0.04493203148179359,0.028290747107684033
22,89,-0.10000000000000009,3.8000000000000003,-0.00713597211530026,0.03752721585865565
23,89,-0.050000000000000044,3.8000000000000003,0.011589438960610265,0.038455664596524775
24,89,0.0,3.8000000000000003,0.02170827533012787,0.036889539704721974
25,89,0.04999999999999982,3.8000000000000003,0.032056880722777514,0.03561345520477377
26,89,0.09999999999999987,3.8000000000000003,0.045837801146756674,0.035827137841061285
27,89,0.1499999999999999,3.8000000000000003,0.06092177798907222,0.03844259598225708
28,89,0.19999999999999996,3.8000000000000003,0.07295601538018476,0.043996425742455214
29,89,0.25,3.8000000000000003,0.07876995187323849,0.051701220526929326
30,89,0.2999999999999998,3.8000000000000003,0.0778409341696168,0.05956225242397778
31,89,0.34999999999999987,3.8000000000000003,0.07264626919036149,0.06548427014132246
32,89,0.3999999999999999,3.8000000000000003,0.0669996106134757,0.06831409781727277
33,89,0.44999999999999996,3.8000000000000003,0.06209602183709223,0.06856488848801551
34,89,0.5,3.8000000000000003,0.054760466269724306,0.06787364669395307
35,89,0.5499999999999998,3.8000000000000003,0.04197354674433912,0.06719873116492331
36,89,0.5999999999999999,3.8000000000000003,0.0264511273344889,0.06631887049247942
37,89,0.6499999999999999,3.8000000000000003,0.014027189922419248,0.0650950535872688
38,89,0.7,3.8000000000000003,0.007031404850222356,0.06395002389759652
39,89,0.75,3.8000000000000003,0.00378743333798226,0.063202425428108
40,89,0.7999999999999998,3.8000000000000003,0.0027648153298304168,0.06281336303044088
0,90,-1.2000000000000002,3.85,-0.04681490116804965,-0.1086059366074002
1,90,-1.1500000000000001,3.85,-0.06361179380250132,-0.13729568747279153
2,90,-1.1,3.85,-0.10365242995581031,-0.18106167766332615
3,90,-1.0500000000000003,3.85,-0.1532872739545535,-0.23292474278735653
4,90,-1.0000000000000002,3.85,-0.19588424364553686,-0.27457487051093354
5,90,-0.9500000000000002,3.85,-0.1980298550527887,-0.2903507510894682
6,90,-0.9000000000000001,3.85,-0.1381249210210761,-0.2825837352707175
7,90,-0.8500000000000001,3.85,-0.042440655256525406,-0.2681016201191827
8,90,-0.8000000000000002,3.85,0.03331524515692297,-0.2591969512437872
9,90,-0.7500000000000002,3.85,0.05826507946084053,-0.2539002280167743
10,90,-0.7000000000000002,3.85,0.044414044578248435,-0.24550452657468524
11,90,-0.6500000000000001,3.85,0.023407676968901503,-0.2326495986407326
12,90,-0.6000000000000001,3.85,0.020237762537104187,-0.2184356784598379
13,90,-0.5500000000000002,3.85,0.038142246742562946,-0.20587964768532196
14,90,-0.5000000000000001,3.85,0.05827300765378629,-0.19587842503283354
15,90,-0.4500000000000002,3.85,0.05553850685507372,-0.18617859481753596
16,90,-0.40000000000000013,3.85,0.018015467737173274,-0.17062991384230675
17,90,-0.3500000000000001,3.85,-0.041427930774610155,-0.14119753806704133
18,90,-0.30000000000000016,3.85,-0.08845933678005624,-0.09488557137835751
19,90,-0.2500000000000001,3.85,-0.09435880656615214,-0.041316488368309257
20,90,-0.20000000000000018,3.85,-0.06443199030582297,0.0020941181613057247
21,90,-0.15000000000000013,3.85,-0.02736147401300404,0.025957318128098372
22,90,-0.10000000000000009,3.85,-0.0021820605951367034,0.03418195751069497
23,90,-0.050000000000000044,3.85,0.011288105772989665,0.03517397470147399
24,90,0.0,3.85,0.020712354510123432,0.03459204689892609
25,90,0.04999999999999982,3.85,0.03230958865041905,0.03473677608201775
26,90,0.09999999999999987,3.85,0.04819788189835417,0.03635074306543695
27,90,0.1499999999999999,3.85,0.06589356016447112,0.03993108509201371
28,90,0.19999999999999996,3.85,0.08035409624868844,0.04586234071575074
29,90,0.25,3.85,0.08738169572120036,0.05379768169973653
30,90,0.2999999999999998,3.85,0.08581087374812363,0.06255956691502501
31,90,0.34999999999999987,3.85,0.07829060208596916,0.07053659173504173
32,90,0.3999999999999999,3.85,0.0697751129184776,0.07643804767649781
33,90,0.44999999999999996,3.85,0.06288728685857975,0.08007842531000509
34,90,0.5,3.85,0.05475731877651435,0.08209685215561258
35,90,0.5499999999999998,3.85,0.04151908891694034,0.08280461799018174
36,90,0.5999999999999999,3.85,0.025405160398370152,0.08203831153936525
37,90,0.6499999999999999,3.85,0.012609023238870642,0.08014902518726025
38,90,0.7,3.85,0.005727745812879048,0.07810550073272582
39,90,0.75,3.85,0.0028655804557553566,0.07660329131650268
40,90,0.7999999999999998,3.85,0.002053226770273864,0.07572942122476084
0,91,-1.2000000000000002,3.9,-0.08031287866829828,-0.21810270552183653
1,91,-1.1500000000000001,3.9,-0.10352524200831825,-0.2450808948418895
2,91,-1.1,3.9,-0.15019629471265006,-0.2771059076344895
3,91,-1.0500000000000003,3.9,-0.18908913004096445,-0.3008015861297769
4,91,-1.0000000000000002,3.9,-0.20371248548126747,-0.29826789343874005
5,91,-0.9500000000000002,3.9,-0.17857986253325686,-0.2656129900739976
6,91,-0.9000000000000001,3.9,-0.11149141886832414,-0.22256647192853973
7,91,-0.8500000000000001,3.9,-0.028085800058578192,-0.19588223230127794
8,91,-0.8000000000000002,3.9,0.03408665170720887,-0.1936815600343364
9,91,-0.7500000000000002,3.9,0.05707576632762473,-0.20267894355868454
10,91,-0.7000000000000002,3.9,0.05000662006266643,-0.20713702793509564
11,91,-0.6500000000000001,3.9,0.0358250270379043,-0.20140701479093054
12,91,-0.6000000000000001,3.9,0.034844878931276635,-0.18845106453326127
13,91,-0.5500000000000002,3.9,0.05048553678195927,-0.1748280403968877
14,91,-0.5000000000000001,3.9,0.06763089864770866,-0.1657459739078629
15,91,-0.4500000000000002,3.9,0.06708963448817301,-0.1596469828946545
16,91,-0.40000000000000013,3.9,0.04076430886488902,-0.1471668871473139
17,91,-0.3500000000000001,3.9,-0.0019087661449704307,-0.11866873706014774
18,91,-0.30000000000000016,3.9,-0.03748463804752328,-0.07448357597593408
19,91,-0.2500000000000001,3.9,-0.04679436834755968,-0.027374205412124264
20,91,-0.20000000000000018,3.9,-0.03283167784914248,0.007448480627960663
21,91,-0.15000000000000013,3.9,-0.012844192132404342,0.02506344449143827
22,91,-0.10000000000000009,3.9,0.0020806844580753547,0.03109731683899858
23,91,-0.050000000000000044,3.9,0.011999528348841382,0.03280220524617128
24,91,0.0,3.9,0.021271076710671633,0.03397613196462035
25,91,0.04999999999999982,3.9,0.03381557688928838,0.03553126681248325
26,91,0.09999999999999987,3.9,0.05103211015675263,0.03747400714182725
27,91,0.1499999999999999,3.9,0.07043337563938601,0.04011224292659182
28,91,0.19999999999999996,3.9,0.08682261198790758,0.044136362818048
29,91,0.25,3.9,0.09546717807251276,0.050051730058739974
30,91,0.2999999999999998,3.9,0.09457984420492199,0.0577993108474259
31,91,0.34999999999999987,3.9,0.08652474995183429,0.06675727495544154
32,91,0.3999999999999999,3.9,0.07654144418843906,0.07591030898340567
33,91,0.44999999999999996,3.9,0.067754826316207,0.08383425523488919
34,91,0.5,3.9,0.05748665894990096,0.08908097970440176
35,91,0.5499999999999998,3.9,0.04191500612809179,0.09102349779812169
36,91,0.5999999999999999,3.9,0.02379553453156741,0.09017243411183179
37,91,0.6499999999999999,3.9,0.010094379115779817,0.08789938032693095
38,91,0.7,3.9,0.0034856709794647833,0.08572588620236327
39,91,0.75,3.9,0.0014113538300172812,0.08445514291945622
40,91,0.7999999999999998,3.9,0.0010170751463467465,0.08402799494099195
0,92,-1.2000000000000002,3.9500000000000006,-0.10077127980815559,-0.31067841239517724
1,92,-1.1500000000000001,3.9500000000000006,-0.12261499591515429,-0.3152987440448865
2,92,-1.1,3.9500000000000006,-0.15937312124369774,-0.3107443504594329
3,92,-1.0500000000000003,3.9500000000000006,-0.17444925975880404,-0.28781425083113765
4,92,-1.0000000000000002,3.9500000000000006,-0.16069564758975752,-0.24168239943813202
5,92,-0.9500000000000002,3.9500000000000006,-0.12232843354258838,-0.1809663299081543
6,92,-0.9000000000000001,3.9500000000000006,-0.06839416324835645,-0.12763519076057578
7,92,-0.8500000000000001,3.9500000000000006,-0.01355574336232207,-0.10110887274664054
8,92,-0.8000000000000002,3.9500000000000006,0.02651853389951636,-0.10200873680332401
9,92,-0.7500000000000002,3.9500000000000006,0.044809611560081286,-0.11551939263040073
10,92,-0.7000000000000002,3.9500000000000006,0.04568597334600244,-0.12647567073065302
11,92,-0.6500000000000001,3.9500000000000006,0.042093640370735874,-0.1275009310850131
12,92,-0.6000000000000001,3.9500000000000006,0.04681673693114702,-0.1193881462542859
13,92,-0.5500000000000002,3.9500000000000006,0.06084733736796133,-0.10895440983090782
14,92,-0.5000000000000001,3.9500000000000006,0.07345406515601949,-0.10322810087687123
15,92,-0.4500000000000002,3.9500000000000006,0.0741175936156227,-0.10147705216560221
16,92,-0.40000000000000013,3.9500000000000006,0.05899371357168004,-0.09394814011186914
17,92,-0.3500000000000001,3.9500000000000006,0.03125538039676967,-0.07216601040271442
18,92,-0.30000000000000016,3.9500000000000006,0.002835194867967239,-0.039175190656908776
19,92,-0.2500000000000001,3.9500000000000006,-0.0124267499622574,-0.007039605199353205
20,92,-0.20000000000000018,3.9500000000000006,-0.01199434040226044,0.014346112048385096
21,92,-0.15000000000000013,3.9500000000000006,-0.0037126378019661233,0.024262088876376986
22,92,-0.10000000000000009,3.9500000000000006,0.005556700159596306,0.028038916793275137
23,92,-0.050000000000000044,3.9500000000000006,0.014166920898611435,0.030459526881316534
24,92,0.0,3.9500000000000006,0.023441416076435406,0.033135766371298614
25,92,0.04999999999999982,3.9500000000000006,0.03580746382762595,0.03554317429228154
26,92,0.09999999999999987,3.9500000000000006,0.05277885801246274,0.036943962443776734
27,92,0.1499999999999999,3.9500000000000006,0.07255591584069188,0.03761226339482615
28,92,0.19999999999999996,3.9500000000000006,0.0902935833808366,0.0387616197157159
29,92,0.25,3.9500000000000006,0.10104464375057826,0.04171720999710443
30,92,0.2999999999999998,3.9500000000000006,0.10251641864482519,0.047376618318331065
31,92,0.34999999999999987,3.9500000000000006,0.09640160022194894,0.05615690908425758
32,92,0.3999999999999999,3.9500000000000006,0.08685209319792525,0.06732799690673669
33,92,0.44999999999999996,3.9500000000000006,0.07605795757957584,0.0780258168735487
34,92,0.5,3.9500000000000006,0.06194656133974685,0.08480746473568723
35,92,0.5499999999999998,3.9500000000000006,0.042610543324370365,0.08681957410782287
36,92,0.5999999999999999,3.9500000000000006,0.022281042927179417,0.08600712057064835
37,92,0.6499999999999999,3.9500000000000006,0.008162475329402119,0.08475848553169352
38,92,0.7,3.9500000000000006,0.002283508405404311,0.08445672555597195
39,92,0.75,3.9500000000000006,0.0011676891943840362,0.08531992075827805
40,92,0.7999999999999998,3.9500000000000006,0.0011989308133453225,0.08680641233697994
0,93,-1.2000000000000002,4.0,-0.08955354196771681,-0.313964892996674
1,93,-1.1500000000000001,4.0,-0.1035911800725739,-0.2916213460333886
2,93,-1.1,4.0,-0.12271180149890121,-0.2538680375540586
3,93,-1.0500000000000003,4.0,-0.12002717901966359,-0.20176185215656423
4,93,-1.0000000000000002,4.0,-0.09686456455828413,-0.14312414972981108
5,93,-0.9500000000000002,4.0,-0.06453265385570062,-0.08891957523441046
6,93,-0.9000000000000001,4.0,-0.031633961706810376,-0.04997869870019295
7,93,-0.8500000000000001,4.0,-0.0024593461013264206,-0.03210938982275341
8,93,-0.8000000000000002,4.0,0.019676131823448684,-0.03203905255135947
9,93,-0.7500000000000002,4.0,0.03260883240029572,-0.04094430085630568
10,93,-0.7000000000000002,4.0,0.03802508160805407,-0.05016102121491506
11,93,-0.6500000000000001,4.0,0.042912551514271424,-0.05377551031954336
12,93,-0.6000000000000001,4.0,0.05339140018538191,-0.05057179596106742
13,93,-0.5500000000000002,4.0,0.06664558215937394,-0.04500056304132111
14,93,-0.5000000000000001,4.0,0.07510825631301427,-0.043076973510269845
15,93,-0.4500000000000002,4.0,0.0763695952531751,-0.044689071518694
16,93,-0.40000000000000013,4.0,0.07007535062777681,-0.041959778546257764
17,93,-0.3500000000000001,4.0,0.05286418330998993,-0.028836366799416258
18,93,-0.30000000000000016,4.0,0.027641767155837937,-0.009066451497760364
19,93,-0.2500000000000001,4.0,0.006726934357734193,0.008504471101177802
20,93,-0.20000000000000018,4.0,-0.0015299837734122912,0.018917981857297372
21,93,-0.15000000000000013,4.0,0.0008486126124856996,0.02343074076185142
22,93,-0.10000000000000009,4.0,0.008278122463014903,0.025717264348440183
23,93,-0.050000000000000044,4.0,0.01709637792686486,0.02822610935423492
24,93,0.0,4.0,0.02635472412163664,0.031278125434633375
25,93,0.04999999999999982,4.0,0.0376237729617665,0.033783740994319245
26,93,0.09999999999999987,4.0,0.05310119925929724,0.03461436055154865
27,93,0.1499999999999999,4.0,0.07225103291132517,0.03387322054238667
28,93,0.19999999999999996,4.0,0.09092755859018586,0.03302292761636183
29,93,0.25,4.0,0.10408217667512792,0.03383497119441248
30,93,0.2999999999999998,4.0,0.10901954329207514,0.037655507796015286
31,93,0.34999999999999987,4.0,0.10647612854023991,0.045416378440928384
32,93,0.3999999999999999,4.0,0.09841035197773018,0.05643303449001574
33,93,0.44999999999999996,4.0,0.08523429414515754,0.0670662028412039
34,93,0.5,4.0,0.06628041618417513,0.07322118832254809
35,93,0.5499999999999998,4.0,0.043114661963052914,0.07452280195773764
36,93,0.5999999999999999,4.0,0.021734445955438053,0.0740447463167182
37,93,0.6499999999999999,4.0,0.008543984101103408,0.07465009911176101
38,93,0.7,4.0,0.004047106206049311,0.077152749730382
39,93,0.75,4.0,0.003761040611025279,0.08082803674786421
40,93,0.7999999999999998,4.0,0.003990058303750543,0.0845192245896842
0,94,-1.2000000000000002,4.05,-0.0560841858815847,-0.22242969161014398
1,94,-1.1500000000000001,4.05,-0.0625181404725389,-0.19023676435020537
2,94,-1.1,4.05,-0.06951362736687339,-0.14660124106972594
3,94,-1.0500000000000003,4.05,-0.0637053719345565,-0.09840039828902275
4,94,-1.0000000000000002,4.05,-0.047853370667603756,-0.05602232817865482
5,94,-0.9500000000000002,4.05,-0.029182982512970246,-0.025418520023438584
6,94,-0.9000000000000001,4.05,-0.0115839778366994,-0.006897738715711532
7,94,-0.8500000000000001,4.05,0.004383902786511407,0.0017864722887539486
8,94,-0.8000000000000002,4.05,0.017683622865964088,0.0036504757231328733
9,94,-0.7500000000000002,4.05,0.0266876428965257,0.0012640715172718142
10,94,-0.7000000000000002,4.05,0.03285476388276476,-0.002756160257519069
11,94,-0.6500000000000001,4.05,0.04168286562458351,-0.0052177925867188946
12,94,-0.6000000000000001,4.05,0.055591684209369274,-0.0044237983460881924
13,94,-0.5500000000000002,4.05,0.06834215981875891,-0.0024848934790747124
14,94,-0.5000000000000001,4.05,0.0737655566786466,-0.0033458682890080693
15,94,-0.4500000000000002,4.05,0.07523478857963478,-0.0069710608377579475
16,94,-0.40000000000000013,4.05,0.07484641829095778,-0.007768308519260081
17,94,-0.3500000000000001,4.05,0.06414870744526707,-0.0017063462463876022
18,94,-0.30000000000000016,4.05,0.0401760327685613,0.008350975685070261
19,94,-0.2500000000000001,4.05,0.015557683392800337,0.016862531291587657
20,94,-0.20000000000000018,4.05,0.0029319292584131795,0.02157713062615446
21,94,-0.15000000000000013,4.05,0.0030866446891766874,0.02378482705127305
22,94,-0.10000000000000009,4.05,0.010352068751979804,0.025375876588567825
23,94,-0.050000000000000044,4.05,0.019727781984804627,0.027340909865174456
24,94,0.0,4.05,0.028999047716519732,0.029776894255647557
25,94,0.04999999999999982,4.05,0.03914369894454123,0.03197418040491923
26,94,0.09999999999999987,4.05,0.052868337560530165,0.03282314707769518
27,94,0.1499999999999999,4.05,0.07096448290550506,0.03198527955234731
28,94,0.19999999999999996,4.05,0.0902553340328624,0.030667630750694785
29,94,0.25,4.05,0.10567722393023171,0.030700943798363245
30,94,0.2999999999999998,4.05,0.1140978258913411,0.033437444503234826
31,94,0.34999999999999987,4.05,0.11517912691594939,0.03968408605857232
32,94,0.3999999999999999,4.05,0.10850191759820077,0.048627264570154094
33,94,0.44999999999999996,4.05,0.09284611141210819,0.05687114310369806
34,94,0.5,4.05,0.06940316045628059,0.061052366956142745
35,94,0.5499999999999998,4.05,0.043434101318540475,0.06145400577131088
36,94,0.5999999999999999,4.05,0.022408340081202793,0.06135158303428673
37,94,0.6499999999999999,4.05,0.011270478743065915,0.06330937282006566
38,94,0.7,4.05,0.008461446041507503,0.06736420687709938
39,94,0.75,4.05,0.008534164053686233,0.07201294179587481
40,94,0.7999999999999998,4.05,0.008581306496985297,0.07591241404289545
0,95,-1.2000000000000002,4.1,-0.025167687447839593,-0.1057866385869502
1,95,-1.1500000000000001,4.1,-0.02776272953215586,-0.08214202680256133
2,95,-1.1,4.1,-0.03087543543771859,-0.05339237913607631
3,95,-1.0500000000000003,4.1,-0.02944826612859247,-0.025331693199829308
4,95,-1.0000000000000002,4.1,-0.02388268629269996,-0.004441254597988276
5,95,-0.9500000000000002,4.1,-0.015408064392757326,0.00748796574435745
6,95,-0.9000000000000001,4.1,-0.004428969394617843,0.013289675719378169
7,95,-0.8500000000000001,4.1,0.008088868337517985,0.01653235082078569
8,95,-0.8000000000000002,4.1,0.01915373105196655,0.01879451149962491
9,95,-0.7500000000000002,4.1,0.026202196419643775,0.019666878016340317
10,95,-0.7000000000000002,4.1,0.03154321750406336,0.01921656321480142
11,95,-0.6500000000000001,4.1,0.0412449134257023,0.019002173359370933
12,95,-0.6000000000000001,4.1,0.05612429929302609,0.01991548408647431
13,95,-0.5500000000000002,4.1,0.06772351221645406,0.02031447981738682
14,95,-0.5000000000000001,4.1,0.07062208895433103,0.017762593150556227
15,95,-0.4500000000000002,4.1,0.07194715502292309,0.0128796704002207
16,95,-0.40000000000000013,4.1,0.07534006521914716,0.009738071778394586
17,95,-0.3500000000000001,4.1,0.06898346751432027,0.011273699724710373
18,95,-0.30000000000000016,4.1,0.046210644693813197,0.016131294978568855
19,95,-0.2500000000000001,4.1,0.019953089298818394,0.020941365441212167
20,95,-0.20000000000000018,4.1,0.005392311986273102,0.024004022115776402
21,95,-0.15000000000000013,4.1,0.004647358574899063,0.025734588998573005
22,95,-0.10000000000000009,4.1,0.01183420527691631,0.026934302005537092
23,95,-0.050000000000000044,4.1,0.02149739559394459,0.028115057931639986
24,95,0.0,4.1,0.030987994661381413,0.029675032246888056
25,95,0.04999999999999982,4.1,0.04067002578381412,0.03151800736583915
26,95,0.09999999999999987,4.1,0.05311229840672532,0.032714307161370026
27,95,0.1499999999999999,4.1,0.07009551658432478,0.032488323218666515
28,95,0.19999999999999996,4.1,0.0896432228362018,0.031564832656913455
29,95,0.25,4.1,0.10685199042766796,0.03162243711020113
30,95,0.2999999999999998,4.1,0.11800268555228421,0.03389204583718802
31,95,0.34999999999999987,4.1,0.12166594860715918,0.03877293900589024
32,95,0.3999999999999999,4.1,0.11559740902285592,0.04520696793672174
33,95,0.44999999999999996,4.1,0.09765939653114619,0.05047650392254216
34,95,0.5,4.1,0.07086327885178795,0.052402847374121986
35,95,0.5499999999999998,4.1,0.043413878041196896,0.05176219601648352
36,95,0.5999999999999999,4.1,0.023589813004192828,0.051392763709094125
37,95,0.6499999999999999,4.1,0.014556607943916056,0.05299724757735658
38,95,0.7,4.1,0.012750675181858462,0.05581207347031547
39,95,0.75,4.1,0.012309247776821353,0.058193000461111144
40,95,0.7999999999999998,4.1,0.011789002797791825,0.05942031351952759
0,96,-1.2000000000000002,4.15,-0.008794962312806964,-0.02508648357019666
1,96,-1.1500000000000001,4.15,-0.010123881021665004,-0.01402047144098223
2,96,-1.1,4.15,-0.012703293764141366,-0.0011822346264175887
3,96,-1.0500000000000003,4.15,-0.014754247396468467,0.01094147799388323
4,96,-1.0000000000000002,4.15,-0.015033711723416998,0.019721001702951158
5,96,-0.9500000000000002,4.15,-0.011452052195603801,0.024445278550817573
6,96,-0.9000000000000001,4.15,-0.0025395927602711588,0.026579097084822312
7,96,-0.8500000000000001,4.15,0.009888738566758148,0.02796228899456965
8,96,-0.8000000000000002,4.15,0.020818150061518714,0.028947567826982934
9,96,-0.7500000000000002,4.15,0.027109694611702206,0.028872931972521443
10,96,-0.7000000000000002,4.15,0.032190059225795375,0.02840866299211986
11,96,-0.6500000000000001,4.15,0.0423817864962564,0.029250217349063024
12,96,-0.6000000000000001,4.15,0.05690399066738516,0.031107643442347954
13,96,-0.5500000000000002,4.15,0.06618926888284082,0.03122754610760392
14,96,-0.5000000000000001,4.15,0.06633074726148047,0.02772202893529141
15,96,-0.4500000000000002,4.15,0.06721026720747314,0.02208926845484932
16,96,-0.40000000000000013,4.15,0.07324044761544746,0.017731147656534774
17,96,-0.3500000000000001,4.15,0.07054193064544134,0.017062644578507702
18,96,-0.30000000000000016,4.15,0.04984369848506309,0.019920369750593137
19,96,-0.2500000000000001,4.15,0.023430410530007884,0.023925386717335573
20,96,-0.20000000000000018,4.15,0.007725152815774017,0.026911624838935055
21,96,-0.15000000000000013,4.15,0.006016924578937377,0.028485357903980102
22,96,-0.10000000000000009,4.15,0.012732537685046785,0.02921715843392264
23,96,-0.050000000000000044,4.15,0.02246851222615559,0.029760187582016928
24,96,0.0,4.15,0.0324019971507189,0.030675887730407247
25,96,0.04999999999999982,4.15,0.0421829738590232,0.032045001400201056
26,96,0.09999999999999987,4.15,0.05383865341335753,0.03310665766892956
27,96,0.1499999999999999,4.15,0.06981500840104848,0.03303992632936181
28,96,0.19999999999999996,4.15,0.08938944792439701,0.03225964753606869
29,96,0.25,4.15,0.10800443711050628,0.032212717500811616
30,96,0.2999999999999998,4.15,0.12124832778703021,0.03413737955210994
31,96,0.34999999999999987,4.15,0.1264940490154831,0.03825843881172186
32,96,0.3999999999999999,4.15,0.12020548251485269,0.043240822849967
33,96,0.44999999999999996,4.15,0.10004199084950843,0.04667291927974826
34,96,0.5,4.15,0.07068885255022195,0.0470297960652305
35,96,0.5499999999999998,4.15,0.04242401765351261,0.04516851396162119
36,96,0.5999999999999999,4.15,0.02364339164207585,0.043302860014180766
37,96,0.6499999999999999,4.15,0.01568978850428726,0.04240596575947497
38,96,0.7,4.15,0.01365719892526207,0.041558283380203065
39,96,0.75,4.15,0.012142404102898352,0.03982360579646044
40,96,0.7999999999999998,4.15,0.011035932613818189,0.0374541251823407
0,97,-1.2000000000000002,4.2,-0.003035663189410731,0.012898951121187163
1,97,-1.1500000000000001,4.2,-0.003858480588376789,0.016728668959544446
2,97,-1.1,4.2,-0.00591348600285313,0.02147504011900142
3,97,-1.0500000000000003,4.2,-0.008545029799223725,0.026779745285119283
4,97,-1.0000000000000002,4.2,-0.01037888573576562,0.03203293939164742
5,97,-0.9500000000000002,4.2,-0.008549969010886171,0.03654992577373117
6,97,-0.9000000000000001,4.2,-0.0009119589508657655,0.039776870580532364
7,97,-0.8500000000000001,4.2,0.010457339079678607,0.04112069097318122
8,97,-0.8000000000000002,4.2,0.02006437402991834,0.03985914966984555
9,97,-0.7500000000000002,4.2,0.0256632915847807,0.036351758652053145
10,97,-0.7000000000000002,4.2,0.03192050288060494,0.03329522505322535
11,97,-0.6500000000000001,4.2,0.043943893875930395,0.03335888314699942
12,97,-0.6000000000000001,4.2,0.05810162805156699,0.035370733096368456
13,97,-0.5500000000000002,4.2,0.06433789770939752,0.03531172646765168
14,97,-0.5000000000000001,4.2,0.06148381130157643,0.031358828396472194
15,97,-0.4500000000000002,4.2,0.06195627374416646,0.02573041746292415
16,97,-0.40000000000000013,4.2,0.07031344134280554,0.02165095005945722
17,97,-0.3500000000000001,4.2,0.07117268960837864,0.02107650423010643
18,97,-0.30000000000000016,4.2,0.05307338683264107,0.023960633833627898
19,97,-0.2500000000000001,4.2,0.026944344387160313,0.027931229304059835
20,97,-0.20000000000000018,4.2,0.009952283172917631,0.03052912784392875
21,97,-0.15000000000000013,4.2,0.006952892169886649,0.03137563357416634
22,97,-0.10000000000000009,4.2,0.013109034954953136,0.03143750766769482
23,97,-0.050000000000000044,4.2,0.022956124890429197,0.031565503755846824
24,97,0.0,4.2,0.03327280847956554,0.03205034810832841
25,97,0.04999999999999982,4.2,0.04310079572233644,0.032707083231991174
26,97,0.09999999999999987,4.2,0.05410722333588608,0.0329548502703228
27,97,0.1499999999999999,4.2,0.06924850645146391,0.03227796664956706
28,97,0.19999999999999996,4.2,0.0888160140076516,0.030943761200415698
29,97,0.25,4.2,0.10872972244370921,0.030063603921788307
30,97,0.2999999999999998,4.2,0.12404840686319446,0.031015731792518042
31,97,0.34999999999999987,4.2,0.13076939190501624,0.03436706952162555
32,97,0.3999999999999999,4.2,0.12401188949088232,0.038799265378990644
33,97,0.44999999999999996,4.2,0.1014483697464097,0.041762989071267576
34,97,0.5,4.2,0.06935887353366088,0.041531074720146666
35,97,0.5499999999999998,4.2,0.03968694199014716,0.0384299206597033
36,97,0.5999999999999999,4.2,0.020827264802046608,0.03407988614603619
37,97,0.6499999999999999,4.2,0.012812031309938354,0.02953020908182724
38,97,0.7,4.2,0.010168315218843926,0.024796506727612633
39,97,0.75,4.2,0.00820508957895899,0.020014011956956124
40,97,0.7999999999999998,4.2,0.007050041569552357,0.01582280128475222
0,98,-1.2000000000000002,4.25,-0.0011355266360923988,0.027080507770491646
1,98,-1.1500000000000001,4.25,-0.001547792023850747,0.02860877209624857
2,98,-1.1,4.25,-0.0026522174385665287,0.03095495365003087
3,98,-1.0500000000000003,4.25,-0.004196348123822469,0.0345336339645691
4,98,-1.0000000000000002,4.25,-0.005263531234805108,0.0396065235711221
5,98,-0.9500000000000002,4.25,-0.0037081210067188564,0.04559066568826764
6,98,-0.9000000000000001,4.25,0.0020311724391788855,0.05056856087291284
7,98,-0.8500000000000001,4.25,0.009971017656071335,0.05192933834333141
8,98,-0.8000000000000002,4.25,0.016049217740390642,0.048314483908070416
9,98,-0.7500000000000002,4.25,0.02054576999508201,0.04148997251487402
10,98,-0.7000000000000002,4.25,0.02919718372074165,0.03587571040183646
11,98,-0.6500000000000001,4.25,0.044457294539399506,0.03458484829437808
12,98,-0.6000000000000001,4.25,0.05885683398803743,0.035910954329469724
13,98,-0.5500000000000002,4.25,0.06217736418294456,0.03541127540775402
14,98,-0.5000000000000001,4.25,0.05674943825675294,0.03152350800068843
15,98,-0.4500000000000002,4.25,0.057502388870458165,0.026983821713607303
16,98,-0.40000000000000013,4.25,0.06858653438262974,0.024931007355150636
17,98,-0.3500000000000001,4.25,0.07285161441961202,0.02645699830188669
18,98,-0.30000000000000016,4.25,0.0566984235590165,0.030402028245513912
19,98,-0.2500000000000001,4.25,0.029998904540308735,0.03391324598897433
20,98,-0.20000000000000018,4.25,0.011169557085880522,0.035108611287403835
21,98,-0.15000000000000013,4.25,0.006925304402703447,0.03458186678857972
22,98,-0.10000000000000009,4.25,0.01292240786672727,0.0338464104018979
23,98,-0.050000000000000044,4.25,0.02308135266678918,0.03362723342690499
24,98,0.0,4.25,0.03354357662686325,0.03372568516137431
25,98,0.04999999999999982,4.25,0.04308747602101759,0.03367769032533302
26,98,0.09999999999999987,4.25,0.05340953683093341,0.03307865836800872
27,98,0.1499999999999999,4.25,0.06780391933114138,0.03162291958558411
28,98,0.19999999999999996,4.25,0.08717508519661826,0.029288629338024286
29,98,0.25,4.25,0.10807640770260862,0.026710456476315148
30,98,0.2999999999999998,4.25,0.12555179338686745,0.02539581286465531
31,98,0.34999999999999987,4.25,0.13427758260195571,0.026644534778140494
32,98,0.3999999999999999,4.25,0.12760140206449472,0.029793033410246417
33,98,0.44999999999999996,4.25,0.10277380019066445,0.03244065879574348
34,98,0.5,4.25,0.06735578413865767,0.032329783650654476
35,98,0.5499999999999998,4.25,0.034972829079402135,0.028649710446768673
36,98,0.5999999999999999,4.25,0.014743680064199793,0.02225719454433145
37,98,0.6499999999999999,4.25,0.006406409085863707,0.014889766323460674
38,98,0.7,4.25,0.004141001800390953,0.008103485158219292
39,98,0.75,4.25,0.0031686986600379385,0.00277970532875621
40,98,0.7999999999999998,4.25,0.00265351126941038,-0.0008896621857273912
0,99,-1.2000000000000002,4.3,2.0865462103114574e-05,0.03070077703459656
1,99,-1.1500000000000001,4.3,1.596529116243417e-05,0.03175340049009545
2,99,-1.1,4.3,1.1375865467400104e-05,0.03358434175479208
3,99,-1.0500000000000003,4.3,0.00010654012186750439,0.036753114778821094
4,99,-1.0000000000000002,4.3,0.000678145987932921,0.04175991942251989
5,99,-0.9500000000000002,4.3,0.0024120682909045676,0.04805087244031947
6,99,-0.9000000000000001,4.3,0.005426713704198005,0.0530820249891617
7,99,-0.8500000000000001,4.3,0.008203262114836185,0.05341753807372174
8,99,-0.8000000000000002,4.3,0.00962500820146095,0.04795670815771813
9,99,-0.7500000000000002,4.3,0.013224518078546743,0.03975567103825656
10,99,-0.7000000000000002,4.3,0.025015378660109,0.0337792016051211
11,99,-0.6500000000000001,4.3,0.04397913780356366,0.03242802710541698
12,99,-0.6000000000000001,4.3,0.05892805516494293,0.03348183919469866
13,99,-0.5500000000000002,4.3,0.05995045138061622,0.032921743449949026
14,99,-0.5000000000000001,4.3,0.053056357607429716,0.03001391939279424
15,99,-0.4500000000000002,4.3,0.055363773098628666,0.028028550768582905
16,99,-0.40000000000000013,4.3,0.06978661793108493,0.029696694392417622
17,99,-0.3500000000000001,4.3,0.07664371049874191,0.034417929835385275
18,99,-0.30000000000000016,4.3,0.0605296345197287,0.03920974914263353
19,99,-0.2500000000000001,4.3,0.031650927429050235,0.04124022924668458
20,99,-0.20000000000000018,4.3,0.010620903972523021,0.040305920544066176
21,99,-0.15000000000000013,4.3,0.005690691284380711,0.03836973678169542
22,99,-0.10000000000000009,4.3,0.012154401593278408,0.03709828407099297
23,99,-0.050000000000000044,4.3,0.022835399649905608,0.03669692425034621
24,99,0.0,4.3,0.03332326537799357,0.0365488948977849
25,99,0.04999999999999982,4.3,0.04245376892897085,0.036116112752062335
26,99,0.09999999999999987,4.3,0.052052452596137166,0.03505632232896294
27,99,0.1499999999999999,4.3,0.06545847742147948,0.0329159666823467
28,99,0.19999999999999996,4.3,0.08390355089838264,0.029188606102034664
29,99,0.25,4.3,0.10483690597034023,0.024066561507389284
30,99,0.2999999999999998,4.3,0.1239824851650198,0.019185904026997602
31,99,0.34999999999999987,4.3,0.13516661245060735,0.016680673245844935
32,99,0.3999999999999999,4.3,0.1298080135084853,0.01713393838313898
33,99,0.44999999999999996,4.3,0.10398511998681775,0.019167666011871698
34,99,0.5,4.3,0.06556792518468607,0.020373260434143337
35,99,0.5499999999999998,4.3,0.029614352883824135,0.018307302793323654
36,99,0.5999999999999999,4.3,0.007067320678738609,0.012209773339434404
37,99,0.6499999999999999,4.3,-0.0013416780761738023,0.004012197447015864
38,99,0.7,4.3,-0.0019417457758605372,-0.0032707812626958654
39,99,0.75,4.3,-0.000788057764987693,-0.008034721997908223
40,99,0.7999999999999998,4.3,-0.00028869345941484603,-0.010545964406534214
0,100,-1.2000000000000002,4.35,0.0009697202749053835,0.028343127025193815
1,100,-1.1500000000000001,4.35,0.0013357726963447725,0.02908978207068924
2,100,-1.1,4.35,0.0023474968501591142,0.030461390506088815
3,100,-1.0500000000000003,4.35,0.003979229543905338,0.03292621681715707
4,100,-1.0000000000000002,4.35,0.006034226426693268,0.03681222774239379
5,100,-0.9500000000000002,4.35,0.007613984559922959,0.041409653662808354
6,100,-0.9000000000000001,4.35,0.007397838072581153,0.04429103412478097
7,100,-0.8500000000000001,4.35,0.004845700824627763,0.042630132679565
8,100,-0.8000000000000002,4.35,0.0023873507049254616,0.03634102915612808
9,100,-0.7500000000000002,4.35,0.006368263442484978,0.029188756402142302
10,100,-0.7000000000000002,4.35,0.02186953978790207,0.025491650183924464
11,100,-0.6500000000000001,4.35,0.044159932128977064,0.02605859583598047
12,100,-0.6000000000000001,4.35,0.059350550332569474,0.02799950263896206
13,100,-0.5500000000000002,4.35,0.05870944438104014,0.028235002528020636
14,100,-0.5000000000000001,4.35,0.05185624557538682,0.027471579724218653
15,100,-0.4500000000000002,4.35,0.057185163870081546,0.029523867399484094
16,100,-0.40000000000000013,4.35,0.07497591344943211,0.03603402698569652
17,100,-0.3500000000000001,4.35,0.08236466916982793,0.043904335973138364
18,100,-0.30000000000000016,4.35,0.0635207229703158,0.048445702707045346
19,100,-0.2500000000000001,4.35,0.03109507594174138,0.048002729761219
20,100,-0.20000000000000018,4.35,0.008299064620891361,0.044834666458532235
21,100,-0.15000000000000013,4.35,0.0037176679296302417,0.04201329377888002
22,100,-0.10000000000000009,4.35,0.01124959533537806,0.040786523554497967
23,100,-0.050000000000000044,4.35,0.02253196349358111,0.04062325287293861
24,100,0.0,4.35,0.032962765128579374,0.040585455062248366
25,100,0.04999999999999982,4.35,0.04159490345219563,0.040095123538159416
26,100,0.09999999999999987,4.35,0.050209390761217776,0.03871039808528931
27,100,0.1499999999999999,4.35,0.061936203104213106,0.035675414191350396
28,100,0.19999999999999996,4.35,0.07832568002166085,0.03010310744024941
29,100,0.25,4.35,0.09807370562757156,0.022054843889668663
30,100,0.2999999999999998,4.35,0.1181659051253231,0.013449594029867618
31,100,0.34999999999999987,4.35,0.1322256169580971,0.0071528334659504145
32,100,0.3999999999999999,4.35,0.13008839483052148,0.00517948972418969
33,100,0.44999999999999996,4.35,0.10601312224166881,0.007904708204482247
34,100,0.5,4.35,0.06649542092010963,0.013325622791776903
35,100,0.5499999999999998,4.35,0.026809341984693202,0.016846712028533994
36,100,0.5999999999999999,4.35,0.000448574717892003,0.014456750884172809
37,100,0.6499999999999999,4.35,-0.009074145516266563,0.00674178677864401
38,100,0.7,4.35,-0.007905917644533134,-0.0018771034525505437
39,100,0.75,4.35,-0.00410648448380041,-0.00782676726384407
40,100,0.7999999999999998,4.35,-0.002368973547841602,-0.010718569112007637
0,101,-1.2000000000000002,4.4,0.001514175553093966,0.022316971875014913
1,101,-1.1500000000000001,4.4,0.0021342287720574338,0.022586548550410646
2,101,-1.1,4.4,0.0038478106119352318,0.023187160914350524
3,101,-1.0500000000000003,4.4,0.006457377358172478,0.02437318660169413
4,101,-1.0000000000000002,4.4,0.009161582833584203,0.026114602747501214
5,101,-0.9500000000000002,4.4,0.00989087467329175,0.027610468826491652
6,101,-0.9000000000000001,4.4,0.006647192720954653,0.027293596375698448
7,101,-0.8500000000000001,4.4,0.0002532571461832944,0.023959258521662474
8,101,-0.8000000000000002,4.4,-0.0038163680759617513,0.018641511931234978
9,101,-0.7500000000000002,4.4,0.002375139106343127,0.014808816532114188
10,101,-0.7000000000000002,4.4,0.021885218093947167,0.01512269869013455
11,101,-0.6500000000000001,4.4,0.04648699025860126,0.018467871979194472
12,101,-0.6000000000000001,4.4,0.061104461856983094,0.02148263397579675
13,101,-0.5500000000000002,4.4,0.059422528465872815,0.022618414114246588
14,101,-0.5000000000000001,4.4,0.054345222478893174,0.024460147332509286
15,101,-0.4500000000000002,4.4,0.06392622036010653,0.03100171897395837
16,101,-0.40000000000000013,4.4,0.0841670865047392,0.04211143442199888
17,101,-0.3500000000000001,4.4,0.08905538622009074,0.052198609029806
18,101,-0.30000000000000016,4.4,0.06462802830780934,0.055642649446129566
19,101,-0.2500000000000001,4.4,0.028039891180537124,0.0525916777919469
20,101,-0.20000000000000018,4.4,0.004631467990184046,0.04761998058915862
21,101,-0.15000000000000013,4.4,0.0016425483803464425,0.04438595817372132
22,101,-0.10000000000000009,4.4,0.010764360687336993,0.043462865836894904
23,101,-0.050000000000000044,4.4,0.022634331157656007,0.04369225826204026
24,101,0.0,4.4,0.03279513604321438,0.043927620994666794
25,101,0.04999999999999982,4.4,0.04057871195201179,0.04346281388006551
26,101,0.09999999999999987,4.4,0.04763274324932815,0.0416749732160579
27,101,0.1499999999999999,4.4,0.05685118677643958,0.03767724174245396
28,101,0.19999999999999996,4.4,0.0702829805967009,0.030573561047022302
29,101,0.25,4.4,0.08818339255995844,0.020632468261195802
30,101,0.2999999999999998,4.4,0.10908047474130156,0.010080298389498199
31,101,0.34999999999999987,4.4,0.12689650814492942,0.002137742875240878
32,101,0.3999999999999999,4.4,0.13055988824701714,-3.0818621208072994e-05
33,101,0.44999999999999996,4.4,0.11213125305440497,0.005922695010857626
34,101,0.5,4.4,0.07450992900873782,0.018788913618169034
35,101,0.5499999999999998,4.4,0.03074548097622004,0.031590082631208494
36,101,0.5999999999999999,4.4,-0.0030376045711513755,0.03584118186204216
37,101,0.6499999999999999,4.4,-0.017675532412897155,0.029408290250760305
38,101,0.7,4.4,-0.016510299818348617,0.017987412871753317
39,101,0.75,4.4,-0.009629523424444786,0.008426218613193925
40,101,0.7999999999999998,4.4,-0.006072297155741979,0.003103272399132273
0,102,-1.2000000000000002,4.45,0.0015088736256968494,0.015143742853803155
1,102,-1.1500000000000001,4.45,0.002205961735680384,0.014855968582788148
2,102,-1.1,4.45,0.004134134901442599,0.014480974154177373
3,102,-1.0500000000000003,4.45,0.006906671377056028,0.014006533908721974
4,102,-1.0000000000000002,4.45,0.00927150865149079,0.013183154703030608
5,102,-0.9500000000000002,4.45,0.008792978188120193,0.011542148822021037
6,102,-0.9000000000000001,4.45,0.0037466277677519755,0.008854372405099065
7,102,-0.8500000000000001,4.45,-0.003806383619835707,0.005668109366529506
8,102,-0.8000000000000002,4.45,-0.006763091284622824,0.003644469293415664
9,102,-0.7500000000000002,4.45,0.0028494502013845513,0.00489105124539535
10,102,-0.7000000000000002,4.45,0.025528595234982354,0.009529163837798393
11,102,-0.6500000000000001,4.45,0.05051986741463926,0.014632037429264111
12,102,-0.6000000000000001,4.45,0.06350109246762159,0.017257074335397526
13,102,-0.5500000000000002,4.45,0.06168695773775268,0.01820086406525173
14,102,-0.5000000000000001,4.45,0.0602395504350986,0.021938283234861633
15,102,-0.4500000000000002,4.45,0.07483645095957114,0.031986516712183
16,102,-0.40000000000000013,4.45,0.09617280350527974,0.046208327893950685
17,102,-0.3500000000000001,4.45,0.09589588419395861,0.05735548723184575
18,102,-0.30000000000000016,4.45,0.0639137917324567,0.059729415511971806
19,102,-0.2500000000000001,4.45,0.02307240708477043,0.054944401253474995
20,102,-0.20000000000000018,4.45,9.334500266577894e-05,0.048968882132058855
21,102,-0.15000000000000013,4.45,-0.00043944682263347135,0.04557777145854536
22,102,-0.10000000000000009,4.45,0.010555895423697004,0.044728956298700495
23,102,-0.050000000000000044,4.45,0.022996718651353,0.04493986340055045
24,102,0.0,4.45,0.03273332074660462,0.04513185191221569
25,102,0.04999999999999982,4.45,0.039342255673586735,0.044593794828085564
26,102,0.09999999999999987,4.45,0.044423818623606226,0.04259441267538383
27,102,0.1499999999999999,4.45,0.05083479093517751,0.03834472669812905
28,102,0.19999999999999996,4.45,0.06128090654040269,0.03128751536539576
29,102,0.25,4.45,0.07758044297004746,0.022004118568222375
30,102,0.2999999999999998,4.45,0.09967117973936818,0.012595671252738916
31,102,0.34999999999999987,4.45,0.12211449994739082,0.005837068412243018
32,102,0.3999999999999999,4.45,0.13387334696613823,0.005229337973477466
33,102,0.44999999999999996,4.45,0.12483285448104592,0.014516678977809505
34,102,0.5,4.45,0.0921628085404605,0.033486272374440296
35,102,0.5499999999999998,4.45,0.04386161022856633,0.05425293511980539
36,102,0.5999999999999999,4.45,-0.0017332176625561857,0.06576423630186179
37,102,0.6499999999999999,4.45,-0.026927914506555406,0.06349798723108979
38,102,0.7,4.45,-0.028887989282099513,0.052612018198889
39,102,0.75,4.45,-0.018990624956421454,0.04144682831359603
40,102,0.7999999999999998,4.45,-0.013014865975964907,0.03425975778510365
0,103,-1.2000000000000002,4.5,0.0009386270110639527,0.009149965048623476
1,103,-1.1500000000000001,4.5,0.0014714600724316518,0.008321852647726058
2,103,-1.1,4.5,0.0029983759378690578,0.006883979775273996
3,103,-1.0500000000000003,4.5,0.005159557907025714,0.004613883211719849
4,103,-1.0000000000000002,4.5,0.0066971977468832655,0.0014328351647541204
5,103,-0.9500000000000002,4.5,0.005562092375360206,-0.0023308285072184964
6,103,-0.9000000000000001,4.5,0.0007731532654631224,-0.005638267811367559
7,103,-0.8500000000000001,4.5,-0.004956645965500106,-0.006762171652174298
8,103,-0.8000000000000002,4.5,-0.004593426197095907,-0.0039670677833111845
9,103,-0.7500000000000002,4.5,0.008259833650725856,0.002905836698978148
10,103,-0.7000000000000002,4.5,0.03162620427781593,0.010994801801179621
11,103,-0.6500000000000001,4.5,0.05421490075620039,0.01605563529115367
12,103,-0.6000000000000001,4.5,0.06467328849297072,0.01664032955093736
13,103,-0.5500000000000002,4.5,0.06410373736533692,0.016264896845114007
14,103,-0.5000000000000001,4.5,0.06813087512582444,0.020778686650896605
15,103,-0.4500000000000002,4.5,0.08819626501919559,0.03281174288115363
16,103,-0.40000000000000013,4.5,0.10953605702440194,0.0485078673663869
17,103,-0.3500000000000001,4.5,0.10257647383811186,0.05974846815590573
18,103,-0.30000000000000016,4.5,0.062216942329438585,0.06128616918165464
19,103,-0.2500000000000001,4.5,0.017279357800624173,0.05576765430962721
20,103,-0.20000000000000018,4.5,-0.004735161804745591,0.04968572895082263
21,103,-0.15000000000000013,4.5,-0.0025973774530119176,0.046496737645024266
22,103,-0.10000000000000009,4.5,0.010126452629342086,0.045600596637649926
23,103,-0.050000000000000044,4.5,0.023037226771171204,0.04543887971797139
24,103,0.0,4.5,0.03244906747074949,0.04529498358494255
25,103,0.04999999999999982,4.5,0.03804127271517993,0.04474113350517561
26,103,0.09999999999999987,4.5,0.04138367511937163,0.04309970359611448
27,103,0.1499999999999999,4.5,0.045544289466451504,0.039747913372742694
28,103,0.19999999999999996,4.5,0.05394237246679423,0.0345640220960991
29,103,0.25,4.5,0.0694915484473016,0.028330827973865047
30,103,0.2999999999999998,4.5,0.0929134245853222,0.02243987440546935
31,103,0.34999999999999987,4.5,0.11953017486566797,0.018357674643515454
32,103,0.3999999999999999,4.5,0.13923949881258363,0.018673874267692292
33,103,0.44999999999999996,4.5,0.1403881874553678,0.026985251939992128
34,103,0.5,4.5,0.1142461851507337,0.044018378408536285
35,103,0.5499999999999998,4.5,0.06302344490364153,0.0645173103215349
36,103,0.5999999999999999,4.5,0.0062074475401330265,0.08035795820332398
37,103,0.6499999999999999,4.5,-0.030827750515869945,0.08686868961046201
38,103,0.7,4.5,-0.03856145873584238,0.08526849244779255
39,103,0.75,4.5,-0.027981783838230134,0.08019151900448912
40,103,0.7999999999999998,4.5,-0.020446438212726736,0.0755088236900947
0,104,-1.2000000000000002,4.55,-0.0001473511760979873,0.00582991367977459
1,104,-1.1500000000000001,4.55,-6.002353766909607e-05,0.004604339762195597
2,104,-1.1,4.55,0.00042616546543639,0.002294966667960585
3,104,-1.0500000000000003,4.55,0.0014555267665361526,-0.0014622095259567147
4,104,-1.0000000000000002,4.55,0.002326796932552444,-0.006389423869541666
5,104,-0.9500000000000002,4.55,0.0017218752119985137,-0.011295342983174694
6,104,-0.9000000000000001,4.55,-0.0006847153772038261,-0.014207444630433552
7,104,-0.8500000000000001,4.55,-0.0021351835917793327,-0.012741354259267479
8,104,-0.8000000000000002,4.55,0.002904917066529622,-0.005422211461123538
9,104,-0.7500000000000002,4.55,0.017811319785875357,0.005926009180491909
10,104,-0.7000000000000002,4.55,0.038678393827157875,0.015972191785724177
11,104,-0.6500000000000001,4.55,0.056165395164397,0.020090503263209825
12,104,-0.6000000000000001,4.55,0.06371035402158193,0.018682393578298984
13,104,-0.5500000000000002,4.55,0.06582531483771192,0.01716717983800825
14,104,-0.5000000000000001,4.55,0.07678639647113822,0.02175954970068783
15,104,-0.4500000000000002,4.55,0.10256563167506144,0.03421334369769685
16,104,-0.40000000000000013,4.55,0.12310952878003184,0.049666104984340265
17,104,-0.3500000000000001,4.55,0.10867418600922635,0.05982801235923929
18,104,-0.30000000000000016,4.55,0.059932977886178185,0.06041145638338463
19,104,-0.2500000000000001,4.55,0.01147196685393842,0.054974414386146364
20,104,-0.20000000000000018,4.55,-0.009177571661937167,0.049774552015736384
21,104,-0.15000000000000013,4.55,-0.004524579135806173,0.04739201422769568
22,104,-0.10000000000000009,4.55,0.00949803749664413,0.04672933796567996
23,104,-0.050000000000000044,4.55,0.022691105598645622,0.04639278767712335
24,104,0.0,4.55,0.03203557453380884,0.04612695268061323
25,104,0.04999999999999982,4.55,0.037146975684758665,0.045880956662526506
26,104,0.09999999999999987,4.55,0.03943059849117331,0.0451392421389335
27,104,0.1499999999999999,4.55,0.04229910943516213,0.04341993970269048
28,104,0.19999999999999996,4.55,0.049863821141525044,0.04087617300025076
29,104,0.25,4.55,0.06545629527941771,0.038252644319892726
30,104,0.2999999999999998,4.55,0.08969802640901858,0.036004182218544456
31,104,0.34999999999999987,4.55,0.11834849980961376,0.03400137065103892
32,104,0.3999999999999999,4.55,0.1425009242626149,0.032975381496812284
33,104,0.44999999999999996,4.55,0.1501773586218899,0.03492968461797946
34,104,0.5,4.55,0.12969486692200327,0.04138655321380358
35,104,0.5499999999999998,4.55,0.08020119002335402,0.05252436492793583
36,104,0.5999999999999999,4.55,0.020618161626370923,0.06740203271953571
37,104,0.6499999999999999,4.55,-0.022017380262086828,0.08326013218077577
38,104,0.7,4.55,-0.035565159888072406,0.09580802439032837
39,104,0.75,4.55,-0.0287502937141193,0.10255546486649836
40,104,0.7999999999999998,4.55,-0.022380256604753734,0.10459405899558766
0,105,-1.2000000000000002,4.6,-0.0015125208240940324,0.006164931202041202
1,105,-1.1500000000000001,4.6,-0.002063486939382353,0.004801976516179696
2,105,-1.1,4.6,-0.0030681733502832542,0.0021998681355733796
3,105,-1.0500000000000003,4.6,-0.0035248326304765376,-0.0021459967367676303
4,105,-1.0000000000000002,4.6,-0.003135935710334714,-0.007917179593224521
5,105,-0.9500000000000002,4.6,-0.0022559283855316803,-0.013497150986495066
6,105,-0.9000000000000001,4.6,-0.0006728580106296622,-0.016190253072869976
7,105,-0.8500000000000001,4.6,0.003828587203809908,-0.01306513176621893
8,105,-0.8000000000000002,4.6,0.014073937242663481,-0.0031213006504599017
9,105,-0.7500000000000002,4.6,0.02965423689757357,0.010239845075343812
10,105,-0.7000000000000002,4.6,0.045790698360533844,0.020685006204493872
11,105,-0.6500000000000001,4.6,0.0569251025487752,0.024289835910147883
12,105,-0.6000000000000001,4.6,0.06174996506776914,0.022671353141076322
13,105,-0.5500000000000002,4.6,0.06718089348772577,0.021410241305962474
14,105,-0.5000000000000001,4.6,0.08517703898551304,0.025768241067227193
15,105,-0.4500000000000002,4.6,0.11610282030284802,0.03665354047434094
16,105,-0.40000000000000013,4.6,0.13515072568594438,0.04932613789614765
17,105,-0.3500000000000001,4.6,0.11332182523715623,0.056741905739238485
18,105,-0.30000000000000016,4.6,0.05736334435634566,0.05632750843581252
19,105,-0.2500000000000001,4.6,0.0066424534329759255,0.052077548279317876
20,105,-0.20000000000000018,4.6,-0.012317561963196277,0.04893608369771291
21,105,-0.15000000000000013,4.6,-0.005642591503068339,0.04806347781065423
22,105,-0.10000000000000009,4.6,0.009127226078769757,0.04808332887668548
23,105,-0.050000000000000044,4.6,0.022434841486104473,0.04804602497764543
24,105,0.0,4.6,0.03193723645615265,0.048084292826557906
25,105,0.04999999999999982,4.6,0.0370535621735002,0.048385123549667675
26,105,0.09999999999999987,4.6,0.038922658159535606,0.04863144799089586
27,105,0.1499999999999999,4.6,0.041281220327768764,0.048501431086945546
28,105,0.19999999999999996,4.6,0.048775077083996476,0.048201115658406124
29,105,0.25,4.6,0.0646195576655953,0.04818982569821606
30,105,0.2999999999999998,4.6,0.0886621509164684,0.04812780716748982
31,105,0.34999999999999987,4.6,0.1165013741439358,0.046619142101997635
32,105,0.3999999999999999,4.6,0.14016781277952417,0.042567304449749876
33,105,0.44999999999999996,4.6,0.1487993591723591,0.036384757942029
34,105,0.5,4.6,0.13184086546069007,0.03051844624920086
35,105,0.5499999999999998,4.6,0.08903892440937367,0.030028010917539927
36,105,0.5999999999999999,4.6,0.03694321479297297,0.03979074968933849
37,105,0.6499999999999999,4.6,-0.002421758845077282,0.05868647521449277
38,105,0.7,4.6,-0.019266126050119792,0.079151865624425
39,105,0.75,4.6,-0.01919574923297085,0.09408002447762714
40,105,0.7999999999999998,4.6,-0.016369249954548137,0.10195772798187452
0,106,-1.2000000000000002,4.65,-0.0028732605478209994,0.011871618070009027
1,106,-1.1500000000000001,4.65,-0.004025086604136918,0.010411487774572292
2,106,-1.1,4.65,-0.006521807787510936,0.007948658237457162
3,106,-1.0500000000000003,4.65,-0.008661520962261748,0.003964068570677659
4,106,-1.0000000000000002,4.65,-0.009024357317174991,-0.001559976765456439
5,106,-0.9500000000000002,4.65,-0.0065511982676469405,-0.007249854863899952
6,106,-0.9000000000000001,4.65,-0.00025269615692768976,-0.010080988806248914
7,106,-0.8500000000000001,4.65,0.010933768830630741,-0.006759957126501737
8,106,-0.8000000000000002,4.65,0.026209893908092363,0.0032418536693809563
9,106,-0.7500000000000002,4.65,0.04161762664082913,0.015942482834137572
10,106,-0.7000000000000002,4.65,0.05272838466196195,0.025664862210453276
11,106,-0.6500000000000001,4.65,0.05815174210097945,0.029669662986188117
12,106,-0.6000000000000001,4.65,0.06083075941739652,0.029696303816252878
13,106,-0.5500000000000002,4.65,0.0689222027638628,0.030041829305988144
14,106,-0.5000000000000001,4.65,0.09202969563951668,0.03406458613779806
15,106,-0.4500000000000002,4.65,0.1261235285039819,0.04165125899254607
16,106,-0.40000000000000013,4.65,0.14319789404492939,0.049098149835244964
17,106,-0.3500000000000001,4.65,0.11567555654889122,0.05214431115727142
18,106,-0.30000000000000016,4.65,0.055268620426257575,0.05052628396179232
19,106,-0.2500000000000001,4.65,0.004080542115838803,0.047963125563713904
20,106,-0.20000000000000018,4.65,-0.013191642130600811,0.04735368813006985
21,106,-0.15000000000000013,4.65,-0.0053773339568335965,0.04838874444104635
22,106,-0.10000000000000009,4.65,0.009480584663635327,0.04960489652656275
23,106,-0.050000000000000044,4.65,0.022692069548518046,0.05045112769488935
24,106,0.0,4.65,0.03237467310583109,0.051191792600340236
25,106,0.04999999999999982,4.65,0.03769413084909662,0.05207838025488687
26,106,0.09999999999999987,4.65,0.03954690602845118,0.05303249207785826
27,106,0.1499999999999999,4.65,0.041868777102672394,0.053969924443569295
28,106,0.19999999999999996,4.65,0.04955221575279556,0.05506341227490136
29,106,0.25,4.65,0.06538298678850141,0.056407921119822346
30,106,0.2999999999999998,4.65,0.08812734281280016,0.05712079412491522
31,106,0.34999999999999987,4.65,0.11278799709187382,0.055101738864837824
32,106,0.3999999999999999,4.65,0.13226654010264627,0.048305398163845104
33,106,0.44999999999999996,4.65,0.1381285004213409,0.03668333823378861
34,106,0.5,4.65,0.1233381198975142,0.023659623880013803
35,106,0.5499999999999998,4.65,0.08947349346349165,0.01617281620519717
36,106,0.5999999999999999,4.65,0.04927662592332377,0.020168230088978834
37,106,0.6499999999999999,4.65,0.017343735672999683,0.0345658269463317
38,106,0.7,4.65,-0.00017161062493803447,0.052247953883938214
39,106,0.75,4.65,-0.005944431356669777,0.06664152727360956
40,106,0.7999999999999998,4.65,-0.006624849596258975,0.0756325099926633
0,107,-1.2000000000000002,4.7,-0.0044327814149675016,0.02690200529191944
1,107,-1.1500000000000001,4.7,-0.005986446771934217,0.024890230388365797
2,107,-1.1,4.7,-0.009515592554177887,0.022132352743277905
3,107,-1.0500000000000003,4.7,-0.013033467633390139,0.018435728798114337
4,107,-1.0000000000000002,4.7,-0.014349859144912325,0.013647137643686413
5,107,-0.9500000000000002,4.7,-0.010776940426324155,0.008568447401787471
6,107,-0.9000000000000001,4.7,-0.00018296027323144726,0.005799402764922745
7,107,-0.8500000000000001,4.7,0.017151429679439778,0.008363502999768346
8,107,-0.8000000000000002,4.7,0.03677637720330279,0.016553724500811273
9,107,-0.7500000000000002,4.7,0.05207724543864589,0.027023933621575513
10,107,-0.7000000000000002,4.7,0.05951787851258439,0.035639384449371314
11,107,-0.6500000000000001,4.7,0.0609565441545748,0.04050523167929809
12,107,-0.6000000000000001,4.7,0.06212213138756917,0.042753301349270356
13,107,-0.5500000000000002,4.7,0.07154917580927095,0.04514827288088441
14,107,-0.5000000000000001,4.7,0.09678646867207097,0.04914855328443157
15,107,-0.4500000000000002,4.7,0.13113638400029493,0.05333393273516923
16,107,-0.40000000000000013,4.7,0.14564377785066973,0.054741230117966166
17,107,-0.3500000000000001,4.7,0.11474995936370358,0.052019189366051266
18,107,-0.30000000000000016,4.7,0.053182158762788145,0.047438745424548956
19,107,-0.2500000000000001,4.7,0.0034698576012534565,0.04474078908026202
20,107,-0.20000000000000018,4.7,-0.011891943085863832,0.045410805404021704
21,107,-0.15000000000000013,4.7,-0.0033913831065754407,0.048170953951119644
22,107,-0.10000000000000009,4.7,0.01118960933261276,0.051281177785384435
23,107,-0.050000000000000044,4.7,0.02402173755988196,0.053957423284680395
24,107,0.0,4.7,0.03356448901615017,0.05607933865836884
25,107,0.04999999999999982,4.7,0.038894261651018225,0.05777460147310454
26,107,0.09999999999999987,4.7,0.04081420234821803,0.05926901225367459
27,107,0.1499999999999999,4.7,0.04331214052481186,0.06084106193115002
28,107,0.19999999999999996,4.7,0.05121307376024953,0.06268815676830686
29,107,0.25,4.7,0.06667693951560916,0.06456920087042517
30,107,0.2999999999999998,4.7,0.08735596866148387,0.06522294481453833
31,107,0.34999999999999987,4.7,0.10768597818286568,0.062497163141267686
32,107,0.3999999999999999,4.7,0.12174941214847496,0.05471071962689256
33,107,0.44999999999999996,4.7,0.12415358488852779,0.04238808098569913
34,107,0.5,4.7,0.11133034343209863,0.029187669967294938
35,107,0.5499999999999998,4.7,0.0855475306183387,0.02090354159119623
36,107,0.5999999999999999,4.7,0.0553362255341075,0.021335520235664374
37,107,0.6499999999999999,4.7,0.0296579649498821,0.02903019720380734
38,107,0.7,4.7,0.012809574277158065,0.03946371704308865
39,107,0.75,4.7,0.004188806875754236,0.048888519238832195
40,107,0.7999999999999998,4.7,0.001612715483559346,0.05572047768789251
0,108,-1.2000000000000002,4.75,-0.006896810354928284,0.057548473447108506
1,108,-1.1500000000000001,4.75,-0.008794739152778452,0.05455551433385025
2,108,-1.1,4.75,-0.012976309377762396,0.050639789199988516
3,108,-1.0500000000000003,4.75,-0.01714673606185324,0.04606700493233862
4,108,-1.0000000000000002,4.75,-0.018891638713501857,0.0411005693898156
5,108,-0.9500000000000002,4.75,-0.014398933146410609,0.036388344977582865
6,108,-0.9000000000000001,4.75,-0.00045764055894681466,0.03385428548148883
7,108,-0.8500000000000001,4.75,0.02168809056651927,0.03580609484546887
8,108,-0.8000000000000002,4.75,0.04487032452989953,0.04239189904087309
9,108,-0.7500000000000002,4.75,0.06070328658938917,0.05107745075642489
10,108,-0.7000000000000002,4.75,0.06620968271968453,0.05879999335764968
11,108,-0.6500000000000001,4.75,0.0652656590008785,0.06402609414702137
12,108,-0.6000000000000001,4.75,0.06547380061898284,0.06751889159493873
13,108,-0.5500000000000002,4.75,0.07531745469902401,0.07121684627855063
14,108,-0.5000000000000001,4.75,0.1002153554938015,0.07522365549257226
15,108,-0.4500000000000002,4.75,0.1317162053375165,0.0764860924375313
16,108,-0.40000000000000013,4.75,0.14188315067581142,0.07161640683455622
17,108,-0.3500000000000001,4.75,0.10837307185547401,0.0611997700151698
18,108,-0.30000000000000016,4.75,0.04799022014046833,0.05025820815100668
19,108,-0.2500000000000001,4.75,0.002052602095311551,0.04393376324932974
20,108,-0.20000000000000018,4.75,-0.00976147725974319,0.04371141530609135
21,108,-0.15000000000000013,4.75,0.0004930384245291353,0.047743964217948076
22,108,-0.10000000000000009,4.75,0.015267053997196078,0.05342008064363829
23,108,-0.050000000000000044,4.75,0.02749023042150245,0.05890246002587807
24,108,0.0,4.75,0.03619185129425523,0.06320119539884539
25,108,0.04999999999999982,4.75,0.04088380444440237,0.06619674183190927
26,108,0.09999999999999987,4.75,0.04261336648649666,0.06850820593872903
27,108,0.1499999999999999,4.75,0.04528792161730466,0.07085984522381822
28,108,0.19999999999999996,4.75,0.05328035469207071,0.07343516611311635
29,108,0.25,4.75,0.06791777483473288,0.07556885885194348
30,108,0.2999999999999998,4.75,0.08605530508364267,0.0757373958413593
31,108,0.34999999999999987,4.75,0.10227577190422804,0.07244868004956051
32,108,0.3999999999999999,4.75,0.11215745794707771,0.06553847787413913
33,108,0.44999999999999996,4.75,0.11260545076174328,0.056483769297796804
34,108,0.5,4.75,0.1018535805030113,0.04815034957663222
35,108,0.5499999999999998,4.75,0.08162134373186108,0.043780674817705256
36,108,0.5999999999999999,4.75,0.05740328153593488,0.044611712467889364
37,108,0.6499999999999999,4.75,0.03547193248042396,0.04911200514598785
38,108,0.7,4.75,0.01968671141008682,0.05490373765927037
39,108,0.75,4.75,0.010312329288134081,0.060277764004789125
40,108,0.7999999999999998,4.75,0.007039067301861657,0.06441284281823861
0,109,-1.2000000000000002,4.8,-0.010418699641484008,0.10924101527049118
1,109,-1.1500000000000001,4.8,-0.012895131019054207,0.10596597459705148
2,109,-1.1,4.8,-0.018004101955689522,0.1013991732388872
3,109,-1.0500000000000003,4.8,-0.022572687443563055,0.09586876842388764
4,109,-1.0000000000000002,4.8,-0.024028519099668078,0.09006478835258125
5,109,-0.9500000000000002,4.8,-0.018023224334650922,0.08510253382046362
6,109,-0.9000000000000001,4.8,-0.00076521040534544,0.08301168960139854
7,109,-0.8500000000000001,4.8,0.02568904323882404,0.08579412723571378
8,109,-0.8000000000000002,4.8,0.05204773311425881,0.09294169364104904
9,109,-0.7500000000000002,4.8,0.06848533975542248,0.10112685027172913
10,109,-0.7000000000000002,4.8,0.07246652190318087,0.10711628768557718
11,109,-0.6500000000000001,4.8,0.06967544239186385,0.11022469716880923
12,109,-0.6000000000000001,4.8,0.06931288351909842,0.11202375649671831
13,109,-0.5500000000000002,4.8,0.07925393970690447,0.11422018438173365
14,109,-0.5000000000000001,4.8,0.10205571483105164,0.11578074062769672
15,109,-0.4500000000000002,4.8,0.1275291353422789,0.11201071167918186
16,109,-0.40000000000000013,4.8,0.13035745542830823,0.09873778885170381
17,109,-0.3500000000000001,4.8,0.09339176068015403,0.07808997444553545
18,109,-0.30000000000000016,4.8,0.03591615199694809,0.05800164974885169
19,109,-0.2500000000000001,4.8,-0.0030769352436618713,0.045767201733798446
20,109,-0.20000000000000018,4.8,-0.008081742117245494,0.043410216288496395
21,109,-0.15000000000000013,4.8,0.006317282230971499,0.04831273020399901
22,109,-0.10000000000000009,4.8,0.02234810514054275,0.0564296427367969
23,109,-0.050000000000000044,4.8,0.03380285231508906,0.06455042220022217
24,109,0.0,4.8,0.04085877082218137,0.07089085300279935
25,109,0.04999999999999982,4.8,0.044201272190901864,0.07529128950090169
26,109,0.09999999999999987,4.8,0.04547730574012698,0.07886739390290637
27,109,0.1499999999999999,4.8,0.04823910069919918,0.08262509582741218
28,109,0.19999999999999996,4.8,0.055922087388374786,0.08637606319730928
29,109,0.25,4.8,0.06897916924385211,0.08889891062085403
30,109,0.2999999999999998,4.8,0.0842357898591009,0.08879384632330484
31,109,0.34999999999999987,4.8,0.09748706021564552,0.08574495670802651
32,109,0.3999999999999999,4.8,0.10578450139671125,0.08111309201106948
33,109,0.44999999999999996,4.8,0.10676545659102088,0.07696570037176276
34,109,0.5,4.8,0.09862724895200708,0.0754897774131974
35,109,0.5499999999999998,4.8,0.08200889350959584,0.07830513100922198
36,109,0.5999999999999999,4.8,0.06066755586239009,0.08457193901811183
37,109,0.6499999999999999,4.8,0.0399499901412631,0.09124291921527472
38,109,0.7,4.8,0.023975333135959342,0.09587972998117533
39,109,0.75,4.8,0.013697912034722481,0.09823134367828334
40,109,0.7999999999999998,4.8,0.009882873110458323,0.09924188447439419
0,110,-1.2000000000000002,4.85,-0.013446891701807684,0.1802693971001959
1,110,-1.1500000000000001,4.85,-0.016636581184382437,0.17893193171652805
2,110,-1.1,4.85,-0.023073515550926238,0.17679549389978733
3,110,-1.0500000000000003,4.85,-0.02848112094815919,0.17385877997165344
4,110,-1.0000000000000002,4.85,-0.029657873316925876,0.17057423187467308
5,110,-0.9500000000000002,4.85,-0.021452031897593316,0.16820604694268687
6,110,-0.9000000000000001,4.85,0.00023395285630334328,0.1691128263210534
7,110,-0.8500000000000001,4.85,0.031618094606169767,0.175078627971115
8,110,-0.8000000000000002,4.85,0.06020304756591488,0.18385721074970302
9,110,-0.7500000000000002,4.85,0.07487788063391732,0.18963205110625825
10,110,-0.7000000000000002,4.85,0.07530752961676462,0.18906681384835922
11,110,-0.6500000000000001,4.85,0.07017312781201962,0.1843518016711801
12,110,-0.6000000000000001,4.85,0.06946928783190726,0.1791770736779083
13,110,-0.5500000000000002,4.85,0.07907443883000242,0.17456972022756034
14,110,-0.5000000000000001,4.85,0.09800588279124972,0.16799224597070866
15,110,-0.4500000000000002,4.85,0.11467325356152358,0.15404098850298753
16,110,-0.40000000000000013,4.85,0.107962413442165,0.12897203703204602
17,110,-0.3500000000000001,4.85,0.06763693275262189,0.09670485124074674
18,110,-0.30000000000000016,4.85,0.01566744742873133,0.06746144606053411
19,110,-0.2500000000000001,4.85,-0.012538831365043746,0.04986306852788447
20,110,-0.20000000000000018,4.85,-0.0072159487895426255,0.04571681216423262
21,110,-0.15000000000000013,4.85,0.013512464872829644,0.05108275615291008
22,110,-0.10000000000000009,4.85,0.031504745993419236,0.06035912603365723
23,110,-0.050000000000000044,4.85,0.04195144068750489,0.06934181117476873
24,110,0.0,4.85,0.04693271859493475,0.0761144036809211
25,110,0.04999999999999982,4.85,0.04886034534450939,0.08096713326038396
26,110,0.09999999999999987,4.85,0.049947172813007146,0.0855304221122094
27,110,0.1499999999999999,4.85,0.052796590911707575,0.09072898175540273
28,110,0.19999999999999996,4.85,0.059554169485512565,0.09566152555961133
29,110,0.25,4.85,0.07033555796072843,0.09871591478906039
30,110,0.2999999999999998,4.85,0.08290135117081515,0.09917010451859554
31,110,0.34999999999999987,4.85,0.09459501759199268,0.09779551938364162
32,110,0.3999999999999999,4.85,0.10337820161081396,0.09627949950851505
33,110,0.44999999999999996,4.85,0.1069821361638712,0.09657375547850511
34,110,0.5,4.85,0.10319301114047053,0.1014120743234953
35,110,0.5499999999999998,4.85,0.09070350533677551,0.11267656653013297
36,110,0.5999999999999999,4.85,0.07034106974198762,0.12727980601753675
37,110,0.6499999999999999,4.85,0.046779723443487464,0.13836465595155556
38,110,0.7,4.85,0.026675135873095446,0.14217335121003427
39,110,0.75,4.85,0.013674483781352942,0.14077427116312602
40,110,0.7999999999999998,4.85,0.009060148894083353,0.13792388424828605
0,111,-1.2000000000000002,4.9,-0.013093630408819723,0.256581287418744
1,111,-1.1500000000000001,4.9,-0.016369034219462786,0.2595571314073647
2,111,-1.1,4.9,-0.023077253700564127,0.2637861074512732
3,111,-1.0500000000000003,4.9,-0.028793949468677305,0.26925959199341376
4,111,-1.0000000000000002,4.9,-0.02968125212863465,0.27583317265634427
5,111,-0.9500000000000002,4.9,-0.0194846298882706,0.28355249568078555
6,111,-0.9000000000000001,4.9,0.006107370623082697,0.29280439122633145
7,111,-0.8500000000000001,4.9,0.040433427667473654,0.30295242020000446
8,111,-0.8000000000000002,4.9,0.06660115624940205,0.3094040548489574
9,111,-0.7500000000000002,4.9,0.07369494285407868,0.3054453277261676
10,111,-0.7000000000000002,4.9,0.06718627246810271,0.2904356688192722
11,111,-0.6500000000000001,4.9,0.05978570222141294,0.2714808730419663
12,111,-0.6000000000000001,4.9,0.05953080207547867,0.25448152711996214
13,111,-0.5500000000000002,4.9,0.06806911199970483,0.23848333110918968
14,111,-0.5000000000000001,4.9,0.08152698310647882,0.21888698761834052
15,111,-0.4500000000000002,4.9,0.08850892640361624,0.19112403502525382
16,111,-0.40000000000000013,4.9,0.07302131816606744,0.1535955655831156
17,111,-0.3500000000000001,4.9,0.03188116970864213,0.11169532275820793
18,111,-0.30000000000000016,4.9,-0.01092563071591418,0.07629095312523426
19,111,-0.2500000000000001,4.9,-0.024821569139963362,0.05585390582274641
20,111,-0.20000000000000018,4.9,-0.006862054492219882,0.05106891771128025
21,111,-0.15000000000000013,4.9,0.020959596100396105,0.05642875155589394
22,111,-0.10000000000000009,4.9,0.0406071601624014,0.06515330740930303
23,111,-0.050000000000000044,4.9,0.049558129962352926,0.07276053004396987
24,111,0.0,4.9,0.0524840929077966,0.07790874068798193
25,111,0.04999999999999982,4.9,0.05361729062219017,0.0816737701466283
26,111,0.09999999999999987,4.9,0.05523915423514575,0.0860099281303986
27,111,0.1499999999999999,4.9,0.0583702041466011,0.09150985152757585
28,111,0.19999999999999996,4.9,0.06390902042203245,0.09675184088363792
29,111,0.25,4.9,0.07248774820283632,0.10017364357146508
30,111,0.2999999999999998,4.9,0.08331539445368213,0.10174631278644153
31,111,0.34999999999999987,4.9,0.09459645520556503,0.10258822326442318
32,111,0.3999999999999999,4.9,0.10456273749157474,0.10382194967202996
33,111,0.44999999999999996,4.9,0.11189803140600113,0.10728665721911612
34,111,0.5,4.9,0.11473006000363495,0.11681479960879149
35,111,0.5499999999999998,4.9,0.10787662520363728,0.13420243308813418
36,111,0.5999999999999999,4.9,0.08635564528381268,0.15328159320689316
37,111,0.6499999999999999,4.9,0.05484353533376063,0.16429007945162666
38,111,0.7,4.9,0.026384948347529802,0.16444348857303226
39,111,0.75,4.9,0.009448445072974265,0.15885175527498518
40,111,0.7999999999999998,4.9,0.004182099280778395,0.15292830058561468
0,112,-1.2000000000000002,4.95,-0.007495203724566246,0.3139774633455933
1,112,-1.1500000000000001,4.95,-0.009431761151853235,0.32142083496594115
2,112,-1.1,4.95,-0.013371054964877171,0.3327319510324919
3,112,-1.0500000000000003,4.95,-0.016434055743088094,0.3485284696094143
4,112,-1.0000000000000002,4.95,-0.015364969629554082,0.3685153285590173
5,112,-0.9500000000000002,4.95,-0.004480813327606137,0.3906767529969718
6,112,-0.9000000000000001,4.95,0.019633877375522246,0.4105557778212654
7,112,-0.8500000000000001,4.95,0.048217758228795704,0.4221088887180327
8,112,-0.8000000000000002,4.95,0.06269595509207804,0.4192793060996189
9,112,-0.7500000000000002,4.95,0.05590949460423211,0.39925133895368753
10,112,-0.7000000000000002,4.95,0.041343074932563284,0.36735995440461383
11,112,-0.6500000000000001,4.95,0.03421898611270957,0.334697433826614
12,112,-0.6000000000000001,4.95,0.03647174589913066,0.3073525265140861
13,112,-0.5500000000000002,4.95,0.04347989932838081,0.28164386060748614
14,112,-0.5000000000000001,4.95,0.05064658670731387,0.2509713672421765
15,112,-0.4500000000000002,4.95,0.04938183152629866,0.21226715053909884
16,112,-0.40000000000000013,4.95,0.02853370117511911,0.16670040677253556
17,112,-0.3500000000000001,4.95,-0.009667679705259447,0.12042385197220368
18,112,-0.30000000000000016,4.95,-0.04017396950673019,0.0834067895634169
19,112,-0.2500000000000001,4.95,-0.03776086677899776,0.06294159167042929
20,112,-0.20000000000000018,4.95,-0.006641103056395092,0.05838655401886883
21,112,-0.15000000000000013,4.95,0.027596854570852425,0.06309308283255932
22,112,-0.10000000000000009,4.95,0.04783652448149517,0.0698950582162497
23,112,-0.050000000000000044,4.95,0.05470687396618379,0.07476440135750384
24,112,0.0,4.95,0.05584595869759318,0.07726544940404728
25,112,0.04999999999999982,4.95,0.05696153278692606,0.07914234730640457
26,112,0.09999999999999987,4.95,0.059783254193954694,0.08231154023516041
27,112,0.1499999999999999,4.95,0.0635385036649469,0.08700302278413174
28,112,0.19999999999999996,4.95,0.0682179615294018,0.09175826102223256
29,112,0.25,4.95,0.07533002986353204,0.09528481383165893
30,112,0.2999999999999998,4.95,0.08531593086377326,0.09761927835553547
31,112,0.34999999999999987,4.95,0.09667065447758111,0.0994821452351563
32,112,0.3999999999999999,4.95,0.1080766355655069,0.1017104451505832
33,112,0.44999999999999996,4.95,0.11997498610063273,0.10665725014445737
34,112,0.5,4.95,0.13010878700948858,0.11796120619665007
35,112,0.5499999999999998,4.95,0.1271702989348772,0.13448178599397898
36,112,0.5999999999999999,4.95,0.1004287161054801,0.14741665119432534
37,112,0.6499999999999999,4.95,0.05794161880962656,0.14945114878803012
38,112,0.7,4.95,0.021236811696453972,0.14281659224679277
39,112,0.75,4.95,0.0021592957939353674,0.13431660814182178
40,112,0.7999999999999998,4.95,-0.0027867604846576466,0.12780348783776319
0,113,-1.2000000000000002,5.0,0.0017931128318759981,0.32986318849564294
1,113,-1.1500000000000001,5.0,0.0023854534674358496,0.3387844050339009
2,113,-1.1,5.0,0.004030380942909029,0.35262579650160664
3,113,-1.0500000000000003,5.0,0.006989428057848079,0.3725344385617782
4,113,-1.0000000000000002,5.0,0.012467031258922845,0.39855064985615335
5,113,-0.9500000000000002,5.0,0.022555819373977493,0.42770538721293355
6,113,-0.9000000000000001,5.0,0.0375395063441436,0.4519725331461469
7,113,-0.8500000000000001,5.0,0.04915695594582714,0.4607759614771892
8,113,-0.8000000000000002,5.0,0.043743606485056874,0.4480999110654524
9,113,-0.7500000000000002,5.0,0.021775591159073626,0.4172864521742556
10,113,-0.7000000000000002,5.0,0.0026323673410291737,0.3790781002935828
11,113,-0.6500000000000001,5.0,-0.00022172566911476954,0.34420017233125433
12,113,-0.6000000000000001,5.0,0.006477228856350825,0.31578932225885703
13,113,-0.5500000000000002,5.0,0.011687952727795214,0.2883992877688496
14,113,-0.5000000000000001,5.0,0.01215027303809152,0.25502423505732924
15,113,-0.4500000000000002,5.0,0.004237965933975296,0.21358828044120676
16,113,-0.40000000000000013,5.0,-0.01882198040082772,0.1670781706763788
17,113,-0.3500000000000001,5.0,-0.05141244750047652,0.12214986618368173
18,113,-0.30000000000000016,5.0,-0.06840789101768857,0.08759059017566656
19,113,-0.2500000000000001,5.0,-0.04984180468451144,0.06917222895331449
20,113,-0.20000000000000018,5.0,-0.006710563330089847,0.06513506269049396
21,113,-0.15000000000000013,5.0,0.03246810029777697,0.06845585584567465
22,113,-0.10000000000000009,5.0,0.05227847868734592,0.07253202651050089
23,113,-0.050000000000000044,5.0,0.05692852115015051,0.07441896173399715
24,113,0.0,5.0,0.05686203885669733,0.07455862518388562
25,113,0.04999999999999982,5.0,0.0586633814533033,0.07490518358352016
26,113,0.09999999999999987,5.0,0.06309982971287292,0.07697761254327834
27,113,0.1499999999999999,5.0,0.06781692493367325,0.08070453183286808
28,113,0.19999999999999996,5.0,0.07219081146955963,0.08483461469716541
29,113,0.25,5.0,0.07834876553613923,0.08822358826788723
30,113,0.2999999999999998,5.0,0.08751272585717951,0.09045470463864003
31,113,0.34999999999999987,5.0,0.09868762200061276,0.09160818197996662
32,113,0.3999999999999999,5.0,0.11173784240087581,0.09260177731735819
33,113,0.44999999999999996,5.0,0.128148792452068,0.09584918370488249
34,113,0.5,5.0,0.14255459585315655,0.10240226598747293
35,113,0.5499999999999998,5.0,0.13733207020131255,0.10702201743389317
36,113,0.5999999999999999,5.0,0.10132500807786382,0.10259834703872761
37,113,0.6499999999999999,5.0,0.05024347638622806,0.09038605879706008
38,113,0.7,5.0,0.011250407701321463,0.07812290490709917
39,113,0.75,5.0,-0.005564659336055322,0.0702655811525349
40,113,0.7999999999999998,5.0,-0.008844141327338795,0.06621048539221353
0,114,-1.2000000000000002,5.05,0.01034722935194965,0.29737822994976376
1,114,-1.1500000000000001,5.05,0.013330846854110456,0.3037147196839368
2,114,-1.1,5.05,0.02037897856300014,0.3136371171282479
3,114,-1.0500000000000003,5.05,0.02949079761145862,0.3282327792180498
4,114,-1.0000000000000002,5.05,0.03980597902160127,0.34805412258780505
5,114,-0.9500000000000002,5.05,0.048941069962387396,0.37136486666005997
6,114,-0.9000000000000001,5.05,0.05270445163977788,0.3914053554423777
7,114,-0.8500000000000001,5.05,0.044345136148101205,0.3977335606132884
8,114,-0.8000000000000002,5.05,0.019206445789144433,0.38490858360376773
9,114,-0.7500000000000002,5.05,-0.013112316167637472,0.35894535002839123
10,114,-0.7000000000000002,5.05,-0.03174320491043797,0.331196104379583
11,114,-0.6500000000000001,5.05,-0.029069791922016197,0.307741717708874
12,114,-0.6000000000000001,5.05,-0.01932913866327407,0.2870822554550634
13,114,-0.5500000000000002,5.05,-0.01728518787314698,0.26416471527769436
14,114,-0.5000000000000001,5.05,-0.024164420620328975,0.23443953415897334
15,114,-0.4500000000000002,5.05,-0.03856423285465177,0.196799777439709
16,114,-0.40000000000000013,5.05,-0.06290471308240592,0.15465300452755987
17,114,-0.3500000000000001,5.05,-0.0891552602059717,0.11501887377934367
18,114,-0.30000000000000016,5.05,-0.09315160673709744,0.08594023182573296
19,114,-0.2500000000000001,5.05,-0.06021639426417036,0.07151022688351605
20,114,-0.20000000000000018,5.05,-0.007357476164034926,0.06871575602674429
21,114,-0.15000000000000013,5.05,0.034993818390859355,0.07064074779173701
22,114,-0.10000000000000009,5.05,0.053799630369817664,0.0720249955946034
23,114,-0.050000000000000044,5.05,0.056733472639568516,0.07146234861385686
24,114,0.0,5.05,0.056332180547116195,0.07013035326021433
25,114,0.04999999999999982,5.05,0.05938052014631878,0.0697421753933869
26,114,0.09999999999999987,5.05,0.0655826024433026,0.07116374309160539
27,114,0.1499999999999999,5.05,0.07139550581883397,0.07404711722067081
28,114,0.19999999999999996,5.05,0.07573701796442095,0.07738186681031045
29,114,0.25,5.05,0.08095011980500666,0.0801475517041414
30,114,0.2999999999999998,5.05,0.08870052457585265,0.08150994604702977
31,114,0.34999999999999987,5.05,0.09881772715629927,0.08094845040831744
32,114,0.3999999999999999,5.05,0.11231763729042277,0.07881826380005952
33,114,0.44999999999999996,5.05,0.12977547477074747,0.07548745679100355
34,114,0.5,5.05,0.14128162073849926,0.06799026934085184
35,114,0.5499999999999998,5.05,0.12736637998613187,0.05065169578811812
36,114,0.5999999999999999,5.05,0.083792757468647,0.024912505403189567
37,114,0.6499999999999999,5.05,0.033466176677998116,0.0022271141842378217
38,114,0.7,5.05,0.0011163340519287912,-0.009175783002016158
39,114,0.75,5.05,-0.009753123720950274,-0.011657869135138776
40,114,0.7999999999999998,5.05,-0.010896952005300387,-0.010842980630897947
0,115,-1.2000000000000002,5.1,0.014466092300222111,0.2300278609097378
1,115,-1.1500000000000001,5.1,0.018644340645919966,0.2319385587752018
2,115,-1.1,5.1,0.028548440477021986,0.2354338445724885
3,115,-1.0500000000000003,5.1,0.04140643351740525,0.2417655807546093
4,115,-1.0000000000000002,5.1,0.05559911870093304,0.2522866969889345
5,115,-0.9500000000000002,5.1,0.06590705222855014,0.26693805123025854
6,115,-0.9000000000000001,5.1,0.06390820029737204,0.28189248675914824
7,115,-0.8500000000000001,5.1,0.04266018410721717,0.28972889728934886
8,115,-0.8000000000000002,5.1,0.004955395900159698,0.2862765229032105
9,115,-0.7500000000000002,5.1,-0.03193688806511108,0.2763432471182384
10,115,-0.7000000000000002,5.1,-0.04857126497848807,0.2670710555516456
11,115,-0.6500000000000001,5.1,-0.04433557459363441,0.2583448955869788
12,115,-0.6000000000000001,5.1,-0.0370997735748288,0.24518150762647767
13,115,-0.5500000000000002,5.1,-0.04095476856829483,0.22501264268578874
14,115,-0.5000000000000001,5.1,-0.05521466479989384,0.1979971031969957
15,115,-0.4500000000000002,5.1,-0.07554856369743818,0.16498123001570664
16,115,-0.40000000000000013,5.1,-0.10060288406119305,0.1291036606168705
17,115,-0.3500000000000001,5.1,-0.12012522020230343,0.09709804807108063
18,115,-0.30000000000000016,5.1,-0.11191653791351619,0.07613250171155106
19,115,-0.2500000000000001,5.1,-0.06706628048350011,0.06807674283478032
20,115,-0.20000000000000018,5.1,-0.007580042421868882,0.06809085878571514
21,115,-0.15000000000000013,5.1,0.03577733986563608,0.06959132326573025
22,115,-0.10000000000000009,5.1,0.05310007950946577,0.06923642059317087
23,115,-0.050000000000000044,5.1,0.05503387881576144,0.06734413480186191
24,115,0.0,5.1,0.05514186563622736,0.0656266342660633
25,115,0.04999999999999982,5.1,0.05969677128469436,0.06530792017289483
26,115,0.09999999999999987,5.1,0.06740477154015684,0.06649057212499587
27,115,0.1499999999999999,5.1,0.07403504865237831,0.06849312537949431
28,115,0.19999999999999996,5.1,0.07829124595303022,0.07052218565786417
29,115,0.25,5.1,0.08247684477285855,0.07189697776611353
30,115,0.2999999999999998,5.1,0.08831362456135555,0.07178532881081195
31,115,0.34999999999999987,5.1,0.09599593975364251,0.06909366233678937
32,115,0.3999999999999999,5.1,0.10627684878356192,0.06216298230921291
33,115,0.44999999999999996,5.1,0.11732079799286033,0.04714169408014002
34,115,0.5,5.1,0.11771883485027113,0.01859908106117303
35,115,0.5499999999999998,5.1,0.09425430626365028,-0.022525020941526752
36,115,0.5999999999999999,5.1,0.05290042647398352,-0.06221333935396589
37,115,0.6499999999999999,5.1,0.016155187981022334,-0.08431462554822355
38,115,0.7,5.1,-0.002634575618055135,-0.08736336356200691
39,115,0.75,5.1,-0.007231856964937111,-0.08171847993259485
40,115,0.7999999999999998,5.1,-0.007214364318857136,-0.07569380538082648
0,116,-1.2000000000000002,5.15,0.01416862508287764,0.15284332068073392
1,116,-1.1500000000000001,5.15,0.018736830516861147,0.15199155041218687
2,116,-1.1,5.15,0.03020600054240763,0.15254406925484493
3,116,-1.0500000000000003,5.15,0.04634365002790464,0.15679027254170558
4,116,-1.0000000000000002,5.15,0.06497844949725051,0.16630437216949762
5,116,-0.9500000000000002,5.15,0.07854685973260112,0.17970672166311624
6,116,-0.9000000000000001,5.15,0.0754952976988682,0.19275781715537454
7,116,-0.8500000000000001,5.15,0.04872917229216345,0.20129204046928528
8,116,-0.8000000000000002,5.15,0.005820795618033947,0.20544543562299455
9,116,-0.7500000000000002,5.15,-0.03231778351920234,0.20937991110054066
10,116,-0.7000000000000002,5.15,-0.04974155644169753,0.21414554682343157
11,116,-0.6500000000000001,5.15,-0.05095933984718415,0.21390766629204472
12,116,-0.6000000000000001,5.15,-0.052661391564464144,0.2026871343107653
13,116,-0.5500000000000002,5.15,-0.06446959230262894,0.18123313662389257
14,116,-0.5000000000000001,5.15,-0.08419583329041108,0.1541029287555093
15,116,-0.4500000000000002,5.15,-0.10745767543477697,0.12438830722215466
16,116,-0.40000000000000013,5.15,-0.13078789502703192,0.09504353286893086
17,116,-0.3500000000000001,5.15,-0.14212641911129115,0.07199266788266379
18,116,-0.30000000000000016,5.15,-0.12217291197339775,0.06086918333008007
19,116,-0.2500000000000001,5.15,-0.06825803719000628,0.06061929806644856
20,116,-0.20000000000000018,5.15,-0.005842895733084996,0.06434618569699846
21,116,-0.15000000000000013,5.15,0.036139380198315085,0.06632999304646531
22,116,-0.10000000000000009,5.15,0.05155244190594932,0.0655671396905047
23,116,-0.050000000000000044,5.15,0.05312368631246095,0.0638321290209315
24,116,0.0,5.15,0.054295965918149114,0.06291315621489879
25,116,0.04999999999999982,5.15,0.060244458005251356,0.06344425460331371
26,116,0.09999999999999987,5.15,0.06876780764990209,0.0648627901518331
27,116,0.1499999999999999,5.15,0.07542711935170227,0.06606388488425347
28,116,0.19999999999999996,5.15,0.07914087035104017,0.06631634446884777
29,116,0.25,5.15,0.08221326295795445,0.06546782777337695
30,116,0.2999999999999998,5.15,0.08589720914652849,0.06319582038921523
31,116,0.34999999999999987,5.15,0.08919538065470023,0.05782393957584897
32,116,0.3999999999999999,5.15,0.09036566903377341,0.04436537403915086
33,116,0.44999999999999996,5.15,0.08621157352270759,0.01432310549381921
34,116,0.5,5.15,0.07161490571683249,-0.0360358572661168
35,116,0.5499999999999998,5.15,0.04655395957099295,-0.0933378687715769
36,116,0.5999999999999999,5.15,0.022003152861950204,-0.13275466995958496
37,116,0.6499999999999999,5.15,0.008316152469957094,-0.14232364584698176
38,116,0.7,5.15,0.0037124796675575,-0.1321764613290366
39,116,0.75,5.15,0.0019164344602301542,-0.11835569315404859
40,116,0.7999999999999998,5.15,0.0011523970982363352,-0.10844510625948711
0,117,-1.2000000000000002,5.2,0.012762551763128016,0.08776946622697013
1,117,-1.1500000000000001,5.2,0.018345089220030975,0.08752188666299177
2,117,-1.1,5.2,0.03334716260654069,0.0908379068382198
3,117,-1.0500000000000003,5.2,0.05516673643205794,0.10081366079546017
4,117,-1.0000000000000002,5.2,0.0785155678223437,0.11677991114915465
5,117,-0.9500000000000002,5.2,0.09236049721442707,0.13239270267462744
6,117,-0.9000000000000001,5.2,0.08549351910354108,0.1411351971874436
7,117,-0.8500000000000001,5.2,0.05534780257483718,0.1433385065562287
8,117,-0.8000000000000002,5.2,0.013043266531415076,0.1459449413383973
9,117,-0.7500000000000002,5.2,-0.02323677686467407,0.15401096423296234
10,117,-0.7000000000000002,5.2,-0.044043509786984014,0.16365116504492683
11,117,-0.6500000000000001,5.2,-0.05579398710630068,0.16558402755924573
12,117,-0.6000000000000001,5.2,-0.06977430324298095,0.15463419251777577
13,117,-0.5500000000000002,5.2,-0.08953897412355083,0.13355432816128
14,117,-0.5000000000000001,5.2,-0.11205949420163175,0.10824244208585465
15,117,-0.4500000000000002,5.2,-0.1346079595840166,0.08258079783002609
16,117,-0.40000000000000013,5.2,-0.15299852340068393,0.059848797364338846
17,117,-0.3500000000000001,5.2,-0.15429956974115422,0.04577840728413218
18,117,-0.30000000000000016,5.2,-0.12328990772973142,0.04430614816567091
19,117,-0.2500000000000001,5.2,-0.06358927811658172,0.05126132951021545
20,117,-0.20000000000000018,5.2,-0.0018693474418521316,0.058193787749207526
21,117,-0.15000000000000013,5.2,0.03699829385914233,0.06094833318764897
22,117,-0.10000000000000009,5.2,0.050602215483931956,0.06084221538624035
23,117,-0.050000000000000044,5.2,0.052379895340155525,0.06042298623860243
24,117,0.0,5.2,0.05475399121860958,0.06103578501914536
25,117,0.04999999999999982,5.2,0.061646405221628675,0.06282205695726462
26,117,0.09999999999999987,5.2,0.0700244018210966,0.0648135285037646
27,117,0.1499999999999999,5.2,0.07548860296939297,0.06537978594790189
28,117,0.19999999999999996,5.2,0.0776951888421537,0.06359743786891664
29,117,0.25,5.2,0.07935632069322601,0.05991805153410218
30,117,0.2999999999999998,5.2,0.08066973636382757,0.05492789305978296
31,117,0.34999999999999987,5.2,0.07716549340357814,0.04654313579015634
32,117,0.3999999999999999,5.2,0.06277601470153216,0.026763605303922744
33,117,0.44999999999999996,5.2,0.036919566687592664,-0.015409070876949982
34,117,0.5,5.2,0.010057860584875011,-0.07911743173753205
35,117,0.5499999999999998,5.2,-0.002464506429817881,-0.1402168137508153
36,117,0.5999999999999999,5.2,0.003914649398578662,-0.16961348295843282
37,117,0.6499999999999999,5.2,0.016733396611570694,-0.16322277737082003
38,117,0.7,5.2,0.021333377074878035,-0.14047829512296828
39,117,0.75,5.2,0.016499498104612376,-0.11983840037308902
40,117,0.7999999999999998,5.2,0.012606809470265823,-0.10706082382825832
0,118,-1.2000000000000002,5.25,0.013673465954920916,0.04453109014138701
1,118,-1.1500000000000001,5.25,0.021805271128110815,0.04695161488344479
2,118,-1.1,5.25,0.04349777467487603,0.05548010377903423
3,118,-1.0500000000000003,5.25,0.07228565433883949,0.07239465017112257
4,118,-1.0000000000000002,5.25,0.09655749137641778,0.09275956012525677
5,118,-0.9500000000000002,5.25,0.10290214577089007,0.10572411909647417
6,118,-0.9000000000000001,5.25,0.08644110158046947,0.10549241310284896
7,118,-0.8500000000000001,5.25,0.053538916443117146,0.09790639970410242
8,118,-0.8000000000000002,5.25,0.016493253294767585,0.09412426241788008
9,118,-0.7500000000000002,5.25,-0.014611559812672814,0.09882911914696424
10,118,-0.7000000000000002,5.25,-0.03816849311541415,0.10628945893150166
11,118,-0.6500000000000001,5.25,-0.059976312374335206,0.10764570379506011
12,118,-0.6000000000000001,5.25,-0.08469109096242988,0.0992902598208939
13,118,-0.5500000000000002,5.25,-0.11086134273455006,0.08362681964552532
14,118,-0.5000000000000001,5.25,-0.13516936362166498,0.06454875549354033
15,118,-0.4500000000000002,5.25,-0.15585132015629277,0.044795776063543125
16,118,-0.40000000000000013,5.25,-0.16759028557292582,0.02828592480428216
17,118,-0.3500000000000001,5.25,-0.15766906830995908,0.02155521562990592
18,118,-0.30000000000000016,5.25,-0.11668998974731448,0.027367009620526128
19,118,-0.2500000000000001,5.25,-0.05437039760646967,0.03919898005349587
20,118,-0.20000000000000018,5.25,0.0038441079443485293,0.04804872240724345
21,118,-0.15000000000000013,5.25,0.03878780783534791,0.051476084522054655
22,118,-0.10000000000000009,5.25,0.051027094956902774,0.052373124355701295
23,118,-0.050000000000000044,5.25,0.05331725594536596,0.053364509292466444
24,118,0.0,5.25,0.0566950366368113,0.055286150078026064
25,118,0.04999999999999982,5.25,0.06402220148987059,0.058134091446275515
26,118,0.09999999999999987,5.25,0.07132553664053937,0.060777867253933304
27,118,0.1499999999999999,5.25,0.07421102871685431,0.06097988023217288
28,118,0.19999999999999996,5.25,0.07367913593724046,0.05744266086519928
29,118,0.25,5.25,0.07354371814882077,0.05121336329758974
30,118,0.2999999999999998,5.25,0.07252229340258265,0.04393148607326092
31,118,0.34999999999999987,5.25,0.06103109289884001,0.03373195032057241
32,118,0.3999999999999999,5.25,0.028413462366667086,0.012149306447962749
33,118,0.44999999999999996,5.25,-0.01966946351874721,-0.030690303394309004
34,118,0.5,5.25,-0.053192837157032824,-0.09089713636829977
35,118,0.5499999999999998,5.25,-0.04394209164990781,-0.1437251870052536
36,118,0.5999999999999999,5.25,-0.0010028107580545287,-0.16394716539344323
37,118,0.6499999999999999,5.25,0.03745134030542163,-0.15080318192128517
38,118,0.7,5.25,0.04709685666528851,-0.12348999592737331
39,118,0.75,5.25,0.03533390575494011,-0.09958484097146836
40,118,0.7999999999999998,5.25,0.02670755018789772,-0.08480886040727276
0,119,-1.2000000000000002,5.3,0.017603601247243583,0.021134145352135203
1,119,-1.1500000000000001,5.3,0.029294102857678195,0.025727622096609615
2,119,-1.1,5.3,0.058790197894218466,0.03728351390722362
3,119,-1.0500000000000003,5.3,0.09244619277828048,0.05611182259626479
4,119,-1.0000000000000002,5.3,0.1118450367476953,0.07410155848050604
5,119,-0.9500000000000002,5.3,0.10509335019201926,0.08005282412348991
6,119,-0.9000000000000001,5.3,0.07767579971116934,0.07204436182122131
7,119,-0.8500000000000001,5.3,0.0439796518898683,0.05916400413865097
8,119,-0.8000000000000002,5.3,0.013965985974276895,0.05151828487198584
9,119,-0.7500000000000002,5.3,-0.01107158035105249,0.05160369421546296
10,119,-0.7000000000000002,5.3,-0.03522692513888814,0.0546154724350717
11,119,-0.6500000000000001,5.3,-0.06279318621690844,0.05479632455428596
12,119,-0.6000000000000001,5.3,-0.09379318739251574,0.05011910488009419
13,119,-0.5500000000000002,5.3,-0.1242804784509044,0.041509391644666827
14,119,-0.5000000000000001,5.3,-0.15089053778361394,0.029924888509911263
15,119,-0.4500000000000002,5.3,-0.1708707902732748,0.016315168059736207
16,119,-0.40000000000000013,5.3,-0.17623908383432113,0.004852868061361315
17,119,-0.3500000000000001,5.3,-0.15521848492491025,0.0026575126051028852
18,119,-0.30000000000000016,5.3,-0.10564614330614147,0.011803282737492538
19,119,-0.2500000000000001,5.3,-0.042907565329864394,0.02502884298641206
20,119,-0.20000000000000018,5.3,0.010407757026706654,0.03402400446213011
21,119,-0.15000000000000013,5.3,0.041322695807600174,0.037589167295032366
22,119,-0.10000000000000009,5.3,0.052490640254343746,0.039030094109187286
23,119,-0.050000000000000044,5.3,0.055292921062480294,0.04064626620077588
24,119,0.0,5.3,0.05952357337241865,0.04307334776553151
25,119,0.04999999999999982,5.3,0.06713812239753592,0.046457281174195064
26,119,0.09999999999999987,5.3,0.07287019060699396,0.0496466775398427
27,119,0.1499999999999999,5.3,0.07215339658065895,0.04993967626979484
28,119,0.19999999999999996,5.3,0.06792867190757057,0.04570965775989089
29,119,0.25,5.3,0.06584514590128765,0.03840862439789594
30,119,0.2999999999999998,5.3,0.06318832338681024,0.030463565213084687
31,119,0.34999999999999987,5.3,0.04538331377827998,0.020895626196149042
32,119,0.3999999999999999,5.3,-0.00164623901334926,0.003479268671989777
33,119,0.44999999999999996,5.3,-0.06612687612866985,-0.028223429251172383
34,119,0.5,5.3,-0.10297702302606959,-0.07095842212962555
35,119,0.5499999999999998,5.3,-0.07551453545496134,-0.10876482614856964
36,119,0.5999999999999999,5.3,-0.003163345517452898,-0.1250890963200471
37,119,0.6499999999999999,5.3,0.057190566077640614,-0.11688211286013911
38,119,0.7,5.3,0.07255171802469484,-0.09490287420836463
39,119,0.75,5.3,0.05518063362471293,-0.07300239299840083
40,119,0.7999999999999998,5.3,0.042158770598657025,-0.05821793388728125
0,120,-1.2000000000000002,5.35,0.02286041944386974,0.013562726664042568
1,120,-1.1500000000000001,5.35,0.03795463968319923,0.018819544860668724
2,120,-1.1,5.35,0.07388197517453121,0.030883800315084642
3,120,-1.0500000000000003,5.35,0.1091036989121219,0.049003099421294216
4,120,-1.0000000000000002,5.35,0.1204984929036429,0.0641988125827675
5,120,-0.9500000000000002,5.35,0.10084494911160535,0.0663100117331894
6,120,-0.9000000000000001,5.35,0.06555228159563053,0.055702010421939674
7,120,-0.8500000000000001,5.35,0.033012839493881674,0.0420629755021118
8,120,-0.8000000000000002,5.35,0.008932943371579571,0.033768385629966424
9,120,-0.7500000000000002,5.35,-0.011514372249586957,0.03199689029671715
10,120,-0.7000000000000002,5.35,-0.03497586277659115,0.03288280183289749
11,120,-0.6500000000000001,5.35,-0.06447267992931272,0.03249901502131114
12,120,-0.6000000000000001,5.35,-0.09797802387204901,0.029523814408088933
13,120,-0.5500000000000002,5.35,-0.131055559104733,0.024129342062244596
14,120,-0.5000000000000001,5.35,-0.1603635872065956,0.01597365310043175
15,120,-0.4500000000000002,5.35,-0.18092334060484272,0.005183243216281275
16,120,-0.40000000000000013,5.35,-0.18124794102755915,-0.004131447562704116
17,120,-0.3500000000000001,5.35,-0.15071865363382786,-0.004834471170194754
18,120,-0.30000000000000016,5.35,-0.09431865936600531,0.004868215019460664
19,120,-0.2500000000000001,5.35,-0.032149675881832096,0.01782049671007757
20,120,-0.20000000000000018,5.35,0.016404432252968837,0.02638399391552526
21,120,-0.15000000000000013,5.35,0.043793897482405086,0.029813847162601936
22,120,-0.10000000000000009,5.35,0.05408419386264629,0.031326397265135086
23,120,-0.050000000000000044,5.35,0.057360509601710186,0.033000954379207026
24,120,0.0,5.35,0.06250605161023048,0.03546157434359487
25,120,0.04999999999999982,5.35,0.07059553126418178,0.0389659108548307
26,120,0.09999999999999987,5.35,0.07480793173613914,0.04237639207688659
27,120,0.1499999999999999,5.35,0.0702740089369025,0.04284139311312107
28,120,0.19999999999999996,5.35,0.06214808406534156,0.0386176167893737
29,120,0.25,5.35,0.05829762560201457,0.03128021742866305
30,120,0.2999999999999998,5.35,0.05500929520083575,0.023522576190827538
31,120,0.34999999999999987,5.35,0.0340467963577451,0.014922161056714067
32,120,0.3999999999999999,5.35,-0.02070559308065434,0.0008495413497577875
33,120,0.44999999999999996,5.35,-0.09410715432036254,-0.02319654707789609
34,120,0.5,5.35,-0.13373423405443008,-0.055111015033627586
35,120,0.5499999999999998,5.35,-0.09807276584032937,-0.08471096913461706
36,120,0.5999999999999999,5.35,-0.009120097469624,-0.10022747580436364
37,120,0.6499999999999999,5.35,0.06763756241710411,-0.09662447303895927
38,120,0.7,5.35,0.09097657652702679,-0.07933348312543664
39,120,0.75,5.35,0.07201884607602349,-0.059774756034295384
40,120,0.7999999999999998,5.35,0.05627646841013689,-0.045657058222815516
