grid_x,grid_y,local_x_m,local_y_m,height_m,measured,interpolated
0,0,-1.0,-2.15,-0.8075916767120361,false,true
1,0,-0.95,-2.15,-0.8075916767120174,false,true
2,0,-0.9,-2.15,-0.8031105431516143,false,true
3,0,-0.85,-2.15,-0.7962884306908127,false,true
4,0,-0.8,-2.15,-0.7962884306907655,false,true
5,0,-0.75,-2.15,-0.7962884306906469,false,true
6,0,-0.7,-2.15,-0.7953977429970589,false,true
7,0,-0.6499999999999999,-2.15,-0.7938772439956665,false,true
8,0,-0.6,-2.15,-0.7938772439960553,false,true
9,0,-0.55,-2.15,-0.7942651077896463,false,true
10,0,-0.5,-2.15,-0.7948555946344739,false,true
11,0,-0.44999999999999996,-2.15,-0.7948555946350098,false,true
12,0,-0.3999999999999999,-2.15,-0.7948555946329562,false,true
13,0,-0.35,-2.15,-0.7917829169472825,false,true
14,0,-0.29999999999999993,-2.15,-0.7865375280380249,false,true
15,0,-0.25,-2.15,-0.7865375280277547,false,true
16,0,-0.19999999999999996,-2.15,-0.7811568522473735,false,true
17,0,-0.1499999999999999,-2.15,-0.7719714641571044,false,true
18,0,-0.09999999999999998,-2.15,-0.7719714641440169,false,true
19,0,-0.04999999999999993,-2.15,-0.7719714641124017,false,true
20,0,0.0,-2.15,-0.7527732944656182,false,true
21,0,0.050000000000000044,-2.15,-0.7199999690055847,false,true
22,0,0.10000000000000009,-2.15,-0.7199999688912143,false,true
23,0,0.15000000000000013,-2.15,-0.7199999684658742,false,true
24,0,0.20000000000000018,-2.15,-0.7199999682022784,false,true
25,0,0.25,-2.15,-0.7199999690055847,false,true
26,0,0.30000000000000004,-2.15,-0.7346647977827963,false,true
27,0,0.3500000000000001,-2.15,-0.7493296265602112,false,true
28,0,0.40000000000000013,-2.15,-0.7496876807267787,false,true
29,0,0.4500000000000002,-2.15,-0.749999997978743,false,true
30,0,0.5,-2.15,-0.75,false,true
31,0,0.55,-2.15,-0.7499999774726173,false,true
32,0,0.6000000000000001,-2.15,-0.7499999232111519,false,true
33,0,0.6500000000000001,-2.15,-0.749999686877309,false,true
34,0,0.7000000000000002,-2.15,-0.7466721502107905,false,true
35,0,0.75,-2.15,-0.7409925460815429,false,true
36,0,0.8,-2.15,-0.7408661840629639,false,true
37,0,0.8500000000000001,-2.15,-0.7407398223876953,false,true
38,0,0.9000000000000001,-2.15,-0.7330498542138495,false,true
39,0,0.9500000000000002,-2.15,-0.7253598868846892,false,true
40,0,1.0,-2.15,-0.7252366097586391,false,true
41,0,1.0500000000000003,-2.15,-0.725113332271576,false,true
42,0,1.1,-2.15,-0.7251133660384694,false,true
43,0,1.15,-2.15,-0.7278778960391276,false,true
44,0,1.2000000000000002,-2.15,-0.7325971722602845,false,true
45,0,1.25,-2.15,-0.7325972835188618,false,true
46,0,1.3000000000000003,-2.15,-0.7325975449523681,false,true
47,0,1.35,-2.15,-0.732908347070578,false,true
48,0,1.4000000000000004,-2.15,-0.733437865972519,false,true
49,0,1.4500000000000002,-2.15,-0.7334350981892157,false,true
50,0,1.5,-2.15,-0.7334285096567551,false,true
51,0,1.5500000000000003,-2.15,-0.7280955727897527,false,true
52,0,1.6,-2.15,-0.7199976712131012,false,true
53,0,1.6500000000000004,-2.15,-0.7199999690055847,false,true
54,0,1.7000000000000002,-2.15,-0.7199999690055847,false,true
55,0,1.75,-2.15,-0.7218015098857857,false,true
56,0,1.8000000000000003,-2.15,-0.7236022651195526,false,true
57,0,1.85,-2.15,-0.7235936637692859,false,true
58,0,1.9000000000000004,-2.15,-0.722426301616577,false,true
59,0,1.9500000000000002,-2.15,-0.7204517424106597,false,true
60,0,2.0,-2.15,-0.7204517424106597,false,true
61,0,2.0500000000000003,-2.15,-0.7204517424106597,false,true
62,0,2.1,-2.15,-0.7200068588784317,false,true
63,0,2.1500000000000004,-2.15,-0.7173987678496838,false,true
64,0,2.2,-2.15,-0.6856356808806054,false,true
65,0,2.25,-2.15,-0.644558422574774,false,true
66,0,2.3000000000000003,-2.15,-0.6449999809265137,false,true
67,0,2.35,-2.15,-0.6779795379723654,false,true
68,0,2.4000000000000004,-2.15,-0.7060591358827748,false,true
69,0,2.45,-2.15,-0.7035947442054749,false,true
70,0,2.5,-2.15,-0.7066578408505286,false,true
71,0,2.5500000000000003,-2.15,-0.7045575806709283,false,true
72,0,2.6,-2.15,-0.7015068397339691,false,true
73,0,2.6500000000000004,-2.15,-0.6995656490325928,true,false
74,0,2.7,-2.15,-0.6984479668151802,false,true
75,0,2.75,-2.15,-0.6948487162590027,false,true
76,0,2.8000000000000003,-2.15,-0.6888696160846788,false,true
77,0,2.85,-2.15,-0.67131598306161,false,true
78,0,2.9000000000000004,-2.15,-0.6746353507041931,false,true
79,0,2.95,-2.15,-0.6746353507041931,false,true
80,0,3.0,-2.15,-0.6746353507041931,false,true
81,0,3.05,-2.15,-0.6746353507041931,false,true
82,0,3.1000000000000005,-2.15,-0.6746353507041931,false,true
83,0,3.1500000000000004,-2.15,-0.6745988705160746,false,true
84,0,3.2,-2.15,-0.672707754464096,false,true
85,0,3.25,-2.15,-0.6705718636512756,false,true
86,0,3.3,-2.15,-0.670518659879437,false,true
87,0,3.3500000000000005,-2.15,-0.6704718042396713,false,true
0,1,-1.0,-2.1,-0.8075916767120208,false,true
1,1,-0.95,-2.1,-0.8075916767120361,false,true
2,1,-0.9,-2.1,-0.8075916767119908,false,true
3,1,-0.85,-2.1,-0.8019400537014026,false,true
4,1,-0.8,-2.1,-0.7962884306908792,false,true
5,1,-0.75,-2.1,-0.7962884306907655,false,true
6,1,-0.7,-2.1,-0.7962884306904794,false,true
7,1,-0.6499999999999999,-2.1,-0.7953977429968218,false,true
8,1,-0.6,-2.1,-0.7938772439956665,false,true
9,1,-0.55,-2.1,-0.7938772439966051,false,true
10,1,-0.5,-2.1,-0.7943664193157408,false,true
11,1,-0.44999999999999996,-2.1,-0.7948555946337159,false,true
12,1,-0.3999999999999999,-2.1,-0.7948555946350098,false,true
13,1,-0.35,-2.1,-0.7948555946300522,false,true
14,1,-0.29999999999999993,-2.1,-0.7917829169431755,false,true
15,1,-0.25,-2.1,-0.7865375280380249,false,true
16,1,-0.19999999999999996,-2.1,-0.7865375280132307,false,true
17,1,-0.1499999999999999,-2.1,-0.7811568522268333,false,true
18,1,-0.09999999999999998,-2.1,-0.7719714641571044,false,true
19,1,-0.04999999999999993,-2.1,-0.7719714641255081,false,true
20,1,0.0,-2.1,-0.7719714640491636,false,true
21,1,0.050000000000000044,-2.1,-0.7527732943575867,false,true
22,1,0.10000000000000009,-2.1,-0.7199999690055847,false,true
23,1,0.15000000000000013,-2.1,-0.7199999687294701,false,true
24,1,0.20000000000000018,-2.1,-0.7199999679261639,false,true
25,1,0.25,-2.1,-0.7199999670662318,false,true
26,1,0.30000000000000004,-2.1,-0.7199999690055847,false,true
27,1,0.3500000000000001,-2.1,-0.7346647977825086,false,true
28,1,0.40000000000000013,-2.1,-0.7493296265602112,false,true
29,1,0.4500000000000002,-2.1,-0.7497523624917116,false,true
30,1,0.5,-2.1,-0.7499999951202538,false,true
31,1,0.55,-2.1,-0.75,false,true
32,1,0.6000000000000001,-2.1,-0.749999945614087,false,true
33,1,0.6500000000000001,-2.1,-0.749999814739769,false,true
34,1,0.7000000000000002,-2.1,-0.7499992473157061,false,true
35,1,0.75,-2.1,-0.7466714330212009,false,true
36,1,0.8,-2.1,-0.7409925460815429,false,true
37,1,0.8500000000000001,-2.1,-0.7408661835774496,false,true
38,1,0.9000000000000001,-2.1,-0.7407398223876953,false,true
39,1,0.9500000000000002,-2.1,-0.7330498530192838,false,true
40,1,1.0,-2.1,-0.7253598868846892,false,true
41,1,1.0500000000000003,-2.1,-0.7252366102691886,false,true
42,1,1.1,-2.1,-0.725113332271576,false,true
43,1,1.15,-2.1,-0.725113413792068,false,true
44,1,1.2000000000000002,-2.1,-0.7278779636568651,false,true
45,1,1.25,-2.1,-0.7325971722602845,false,true
46,1,1.3000000000000003,-2.1,-0.7325974408622505,false,true
47,1,1.35,-2.1,-0.7325980648501077,false,true
48,1,1.4000000000000004,-2.1,-0.7329092057906,false,true
49,1,1.4500000000000002,-2.1,-0.733437865972519,false,true
50,1,1.5,-2.1,-0.7334311839525305,false,true
51,1,1.5500000000000003,-2.1,-0.733415371315636,false,true
52,1,1.6,-2.1,-0.7266887926390414,false,true
53,1,1.6500000000000004,-2.1,-0.7199944216438076,false,true
54,1,1.7000000000000002,-2.1,-0.7199999690055847,false,true
55,1,1.75,-2.1,-0.7199999690055847,false,true
56,1,1.8000000000000003,-2.1,-0.7218026209576283,false,true
57,1,1.85,-2.1,-0.7236022651195526,false,true
58,1,1.9000000000000004,-2.1,-0.7235814996230842,false,true
59,1,1.9500000000000002,-2.1,-0.7224090898342893,false,true
60,1,2.0,-2.1,-0.7204517424106597,false,true
61,1,2.0500000000000003,-2.1,-0.7204517424106597,false,true
62,1,2.1,-2.1,-0.7204517424106597,false,true
63,1,2.1500000000000004,-2.1,-0.7189328150212505,false,true
64,1,2.2,-2.1,-0.7121763229733582,false,true
65,1,2.25,-2.1,-0.6728964265395087,false,true
66,1,2.3000000000000003,-2.1,-0.6439339647651647,false,true
67,1,2.35,-2.1,-0.6449999809265137,false,true
68,1,2.4000000000000004,-2.1,-0.6849091266367818,false,true
69,1,2.45,-2.1,-0.7095443120158118,false,true
70,1,2.5,-2.1,-0.7035947442054749,true,false
71,1,2.5500000000000003,-2.1,-0.7109897136688232,true,false
72,1,2.6,-2.1,-0.6964240074157715,true,false
73,1,2.6500000000000004,-2.1,-0.7019574344158173,true,false
74,1,2.7,-2.1,-0.6948487162590027,true,false
75,1,2.75,-2.1,-0.6804138915273626,false,true
76,1,2.8000000000000003,-2.1,-0.6687373261241737,false,true
77,1,2.85,-2.1,-0.6567181865772969,false,true
78,1,2.9000000000000004,-2.1,-0.665020161139137,false,true
79,1,2.95,-2.1,-0.6746353507041931,false,true
80,1,3.0,-2.1,-0.6746353507041931,false,true
81,1,3.05,-2.1,-0.6746353507041931,false,true
82,1,3.1000000000000005,-2.1,-0.6745472797392794,false,true
83,1,3.1500000000000004,-2.1,-0.6730539182506051,false,true
84,1,3.2,-2.1,-0.6705718636512756,false,true
85,1,3.25,-2.1,-0.6704434183837336,false,true
86,1,3.3,-2.1,-0.6704055403584409,false,true
87,1,3.3500000000000005,-2.1,-0.676172387205434,false,true
0,2,-1.0,-2.05,-0.8132783450061174,false,true
1,2,-0.95,-2.05,-0.807591676711999,false,true
2,2,-0.9,-2.05,-0.8075916767120361,false,true
3,2,-0.85,-2.05,-0.8075916767119268,false,true
4,2,-0.8,-2.05,-0.8019400537014052,false,true
5,2,-0.75,-2.05,-0.7962884306910403,false,true
6,2,-0.7,-2.05,-0.7962884306907655,false,true
7,2,-0.6499999999999999,-2.05,-0.7962884306900748,false,true
8,2,-0.6,-2.05,-0.7953977429962498,false,true
9,2,-0.55,-2.05,-0.7938772439956665,false,true
10,2,-0.5,-2.05,-0.7938772439979325,false,true
11,2,-0.44999999999999996,-2.05,-0.7943664193163102,false,true
12,2,-0.3999999999999999,-2.05,-0.7948555946318863,false,true
13,2,-0.35,-2.05,-0.7948555946350098,false,true
14,2,-0.29999999999999993,-2.05,-0.7948555946230409,false,true
15,2,-0.25,-2.05,-0.7917829169332604,false,true
16,2,-0.19999999999999996,-2.05,-0.7865375280380249,false,true
17,2,-0.1499999999999999,-2.05,-0.7865375279781665,false,true
18,2,-0.09999999999999998,-2.05,-0.7811568521772448,false,true
19,2,-0.04999999999999993,-2.05,-0.7719714641571044,false,true
20,2,0.0,-2.05,-0.7719714640808243,false,true
21,2,0.050000000000000044,-2.05,-0.771971463896448,false,true
22,2,0.10000000000000009,-2.05,-0.7527732940966197,false,true
23,2,0.15000000000000013,-2.05,-0.7199999690055847,false,true
24,2,0.20000000000000018,-2.05,-0.7199999683389852,false,true
25,2,0.25,-2.05,-0.7199999663996326,false,true
26,2,0.30000000000000004,-2.05,-0.7199999643235726,false,true
27,2,0.3500000000000001,-2.05,-0.7199999690055847,false,true
28,2,0.40000000000000013,-2.05,-0.7346647977814074,false,true
29,2,0.4500000000000002,-2.05,-0.7493296265602112,false,true
30,2,0.5,-2.05,-0.7497523584492833,false,true
31,2,0.55,-2.05,-0.7499999882192507,false,true
32,2,0.6000000000000001,-2.05,-0.75,false,true
33,2,0.6500000000000001,-2.05,-0.7499998687007914,false,true
34,2,0.7000000000000002,-2.05,-0.749999553167128,false,true
35,2,0.75,-2.05,-0.749998193391392,false,true
36,2,0.8,-2.05,-0.7466697221702328,false,true
37,2,0.8500000000000001,-2.05,-0.7409925460815429,false,true
38,2,0.9000000000000001,-2.05,-0.7408661817186935,false,true
39,2,0.9500000000000002,-2.05,-0.7407398223876953,false,true
40,2,1.0,-2.05,-0.7330498484459762,false,true
41,2,1.0500000000000003,-2.05,-0.7253598868846892,false,true
42,2,1.1,-2.05,-0.7252366122237904,false,true
43,2,1.15,-2.05,-0.725113332271576,false,true
44,2,1.2000000000000002,-2.05,-0.7251135290794534,false,true
45,2,1.25,-2.05,-0.7278781271032,false,true
46,2,1.3000000000000003,-2.05,-0.7325971722602845,false,true
47,2,1.35,-2.05,-0.7325978207227937,false,true
48,2,1.4000000000000004,-2.05,-0.7325993026880895,false,true
49,2,1.4500000000000002,-2.05,-0.7329112216298418,false,true
50,2,1.5,-2.05,-0.733437865972519,false,true
51,2,1.5500000000000003,-2.05,-0.7334217341492387,false,true
52,2,1.6,-2.05,-0.7333838782531773,false,true
53,2,1.6500000000000004,-2.05,-0.7266436641385571,false,true
54,2,1.7000000000000002,-2.05,-0.7199810291277696,false,true
55,2,1.75,-2.05,-0.7199999690055847,false,true
56,2,1.8000000000000003,-2.05,-0.7199999690055847,false,true
57,2,1.85,-2.05,-0.7218068746152074,false,true
58,2,1.9000000000000004,-2.05,-0.7236022651195526,false,true
59,2,1.9500000000000002,-2.05,-0.7235521327763492,false,true
60,2,2.0,-2.05,-0.7223675149907628,false,true
61,2,2.0500000000000003,-2.05,-0.7204517424106597,false,true
62,2,2.1,-2.05,-0.7204517424106597,false,true
63,2,2.1500000000000004,-2.05,-0.7204517424106597,false,true
64,2,2.2,-2.05,-0.7152657999174787,false,true
65,2,2.25,-2.05,-0.6995317233410425,false,true
66,2,2.3000000000000003,-2.05,-0.6617146070409605,false,true
67,2,2.35,-2.05,-0.6424263902520762,false,true
68,2,2.4000000000000004,-2.05,-0.6449999809265137,false,true
69,2,2.45,-2.05,-0.6878241509196745,false,true
70,2,2.5,-2.05,-0.7179582715034485,true,false
71,2,2.5500000000000003,-2.05,-0.713164895772934,true,false
72,2,2.6,-2.05,-0.706708550453186,true,false
73,2,2.6500000000000004,-2.05,-0.7080392837524414,true,false
74,2,2.7,-2.05,-0.6599999666213989,true,false
75,2,2.75,-2.05,-0.6588616708756238,false,true
76,2,2.8000000000000003,-2.05,-0.654690157945754,false,true
77,2,2.85,-2.05,-0.6558541298336247,false,true
78,2,2.9000000000000004,-2.05,-0.6599681759744012,false,true
79,2,2.95,-2.05,-0.667732846893836,false,true
80,2,3.0,-2.05,-0.6746353507041931,true,false
81,2,3.05,-2.05,-0.6744227285862472,false,true
82,2,3.1000000000000005,-2.05,-0.6728707090031312,false,true
83,2,3.1500000000000004,-2.05,-0.6705718636512756,false,true
84,2,3.2,-2.05,-0.670261769344353,false,true
85,2,3.25,-2.05,-0.6701856494485217,false,true
86,2,3.3,-2.05,-0.6760253450268906,false,true
87,2,3.3500000000000005,-2.05,-0.686040997505188,false,true
0,3,-1.0,-2.0,-0.8219357728900208,false,true
1,3,-0.95,-2.0,-0.8147637247977746,false,true
2,3,-0.9,-2.0,-0.8075916767119468,false,true
3,3,-0.85,-2.0,-0.8075916767120361,false,true
4,3,-0.8,-2.0,-0.8075916767117719,false,true
5,3,-0.75,-2.0,-0.8019400537014114,false,true
6,3,-0.7,-2.0,-0.7962884306914286,false,true
7,3,-0.6499999999999999,-2.0,-0.7962884306907655,false,true
8,3,-0.6,-2.0,-0.7962884306890982,false,true
9,3,-0.55,-2.0,-0.7953977429948685,false,true
10,3,-0.5,-2.0,-0.7938772439956665,false,true
11,3,-0.44999999999999996,-2.0,-0.7938772440011369,false,true
12,3,-0.3999999999999999,-2.0,-0.7943664193176849,false,true
13,3,-0.35,-2.0,-0.7948555946274688,false,true
14,3,-0.29999999999999993,-2.0,-0.7948555946350098,false,true
15,3,-0.25,-2.0,-0.7948555946061145,false,true
16,3,-0.19999999999999996,-2.0,-0.7917829169093229,false,true
17,3,-0.1499999999999999,-2.0,-0.7865375280380249,false,true
18,3,-0.09999999999999998,-2.0,-0.7865375278935137,false,true
19,3,-0.04999999999999993,-2.0,-0.781156852057528,false,true
20,3,0.0,-2.0,-0.7719714641571044,false,true
21,3,0.050000000000000044,-2.0,-0.7719714639729479,false,true
22,3,0.10000000000000009,-2.0,-0.771971463527604,false,true
23,3,0.15000000000000013,-2.0,-0.7527732934660615,false,true
24,3,0.20000000000000018,-2.0,-0.7199999690055847,false,true
25,3,0.25,-2.0,-0.7199999673962711,false,true
26,3,0.30000000000000004,-2.0,-0.7199999627142599,false,true
27,3,0.3500000000000001,-2.0,-0.7199999577022075,false,true
28,3,0.40000000000000013,-2.0,-0.7199999690055847,false,true
29,3,0.4500000000000002,-2.0,-0.7346647977771914,false,true
30,3,0.5,-2.0,-0.7493296265602112,false,true
31,3,0.55,-2.0,-0.7497523486902052,false,true
32,3,0.6000000000000001,-2.0,-0.7499999715587554,false,true
33,3,0.6500000000000001,-2.0,-0.75,false,true
34,3,0.7000000000000002,-2.0,-0.7499996830156697,false,true
35,3,0.75,-2.0,-0.7499989227006875,false,true
36,3,0.8,-2.0,-0.7499956723680172,false,true
37,3,0.8500000000000001,-2.0,-0.7466656571828993,false,true
38,3,0.9000000000000001,-2.0,-0.7409925460815429,false,true
39,3,0.9500000000000002,-2.0,-0.740866174602581,false,true
40,3,1.0,-2.0,-0.7407398223876953,false,true
41,3,1.0500000000000003,-2.0,-0.7330498309374008,false,true
42,3,1.1,-2.0,-0.7253598868846892,false,true
43,3,1.15,-2.0,-0.725236619706841,false,true
44,3,1.2000000000000002,-2.0,-0.725113332271576,false,true
45,3,1.25,-2.0,-0.7251138074078226,false,true
46,3,1.3000000000000003,-2.0,-0.7278785226761617,false,true
47,3,1.35,-2.0,-0.7325971722602845,false,true
48,3,1.4000000000000004,-2.0,-0.7325987377872687,false,true
49,3,1.4500000000000002,-2.0,-0.7326022320062966,false,true
50,3,1.5,-2.0,-0.7329158952167042,false,true
51,3,1.5500000000000003,-2.0,-0.733437865972519,false,true
52,3,1.6,-2.0,-0.7333989203059699,false,true
53,3,1.6500000000000004,-2.0,-0.7333086178587708,false,true
54,3,1.7000000000000002,-2.0,-0.7265288239537984,false,true
55,3,1.75,-2.0,-0.7199353042178785,false,true
56,3,1.8000000000000003,-2.0,-0.7199999690055847,false,true
57,3,1.85,-2.0,-0.7199999690055847,false,true
58,3,1.9000000000000004,-2.0,-0.7218231594332627,false,true
59,3,1.9500000000000002,-2.0,-0.7236022651195526,false,true
60,3,2.0,-2.0,-0.7234812349366772,false,true
61,3,2.0500000000000003,-2.0,-0.7222670385749791,false,true
62,3,2.1,-2.0,-0.7204517424106597,false,true
63,3,2.1500000000000004,-2.0,-0.7204517424106597,false,true
64,3,2.2,-2.0,-0.7204517424106598,false,true
65,3,2.25,-2.0,-0.7027458272167539,false,true
66,3,2.3000000000000003,-2.0,-0.6740662749795183,false,true
67,3,2.35,-2.0,-0.6472077744398088,false,true
68,3,2.4000000000000004,-2.0,-0.6387867834162898,false,true
69,3,2.45,-2.0,-0.6449999809265137,true,false
70,3,2.5,-2.0,-0.6899999976158142,true,false
71,3,2.5500000000000003,-2.0,-0.7143953442573547,true,false
72,3,2.6,-2.0,-0.7124256491661072,true,false
73,3,2.6500000000000004,-2.0,-0.6449999809265137,true,false
74,3,2.7,-2.0,-0.6299999952316284,true,false
75,3,2.75,-2.0,-0.6599999666213989,true,false
76,3,2.8000000000000003,-2.0,-0.6485167145729065,true,false
77,3,2.85,-2.0,-0.6581109166145325,true,false
78,3,2.9000000000000004,-2.0,-0.6599999666213989,true,false
79,3,2.95,-2.0,-0.6617804765701294,true,false
80,3,3.0,-2.0,-0.6741220355033875,true,false
81,3,3.05,-2.0,-0.6721622384329501,false,true
82,3,3.1000000000000005,-2.0,-0.6705718636512756,false,true
83,3,3.1500000000000004,-2.0,-0.6698232297698883,false,true
84,3,3.2,-2.0,-0.6696917854567165,false,true
85,3,3.25,-2.0,-0.6757015767862834,false,true
86,3,3.3,-2.0,-0.686040997505188,false,true
87,3,3.3500000000000005,-2.0,-0.6882088860872931,false,true
0,4,-1.0,-1.95,-0.8219357728940601,false,true
1,4,-0.95,-1.95,-0.8219357728843089,false,true
2,4,-0.9,-1.95,-0.8147637247862287,false,true
3,4,-0.85,-1.95,-0.8075916767118202,false,true
4,4,-0.8,-1.95,-0.8075916767120361,false,true
5,4,-0.75,-1.95,-0.8075916767113985,false,true
6,4,-0.7,-1.95,-0.8019400537014264,false,true
7,4,-0.6499999999999999,-1.95,-0.7962884306923664,false,true
8,4,-0.6,-1.95,-0.7962884306907655,false,true
9,4,-0.55,-1.95,-0.7962884306867403,false,true
10,4,-0.5,-1.95,-0.7953977429915339,false,true
11,4,-0.44999999999999996,-1.95,-0.7938772439956665,false,true
12,4,-0.3999999999999999,-1.95,-0.7938772440088729,false,true
13,4,-0.35,-1.95,-0.7943664193210037,false,true
14,4,-0.29999999999999993,-1.95,-0.7948555946168043,false,true
15,4,-0.25,-1.95,-0.7948555946350098,false,true
16,4,-0.19999999999999996,-1.95,-0.7948555945652508,false,true
17,4,-0.1499999999999999,-1.95,-0.7917829168515328,false,true
18,4,-0.09999999999999998,-1.95,-0.7865375280380249,false,true
19,4,-0.04999999999999993,-1.95,-0.7865375276891439,false,true
20,4,0.0,-1.95,-0.781156851768506,false,true
21,4,0.050000000000000044,-1.95,-0.7719714641571044,false,true
22,4,0.10000000000000009,-1.95,-0.7719714637125114,false,true
23,4,0.15000000000000013,-1.95,-0.771971462636605,false,true
24,4,0.20000000000000018,-1.95,-0.7527732919419564,false,true
25,4,0.25,-1.95,-0.7199999690055847,false,true
26,4,0.30000000000000004,-1.95,-0.7199999651203581,false,true
27,4,0.3500000000000001,-1.95,-0.7199999538169857,false,true
28,4,0.40000000000000013,-1.95,-0.719999941716818,false,true
29,4,0.4500000000000002,-1.95,-0.7199999690055847,false,true
30,4,0.5,-1.95,-0.7346647977610511,false,true
31,4,0.55,-1.95,-0.7493296265602112,false,true
32,4,0.6000000000000001,-1.95,-0.7497523251307057,false,true
33,4,0.6500000000000001,-1.95,-0.7499999313367617,false,true
34,4,0.7000000000000002,-1.95,-0.75,false,true
35,4,0.75,-1.95,-0.7499992347321307,false,true
36,4,0.8,-1.95,-0.749997404122276,false,true
37,4,0.8500000000000001,-1.95,-0.7499896609335444,false,true
38,4,0.9000000000000001,-1.95,-0.7466560497183689,false,true
39,4,0.9500000000000002,-1.95,-0.7409925460815429,false,true
40,4,1.0,-1.95,-0.7408661473590628,false,true
41,4,1.0500000000000003,-1.95,-0.7407398223876953,false,true
42,4,1.1,-1.95,-0.7330497639070961,false,true
43,4,1.15,-1.95,-0.7253598868846892,false,true
44,4,1.2000000000000002,-1.95,-0.7252366483551542,false,true
45,4,1.25,-1.95,-0.725113332271576,false,true
46,4,1.3000000000000003,-1.95,-0.7251144793519465,false,true
47,4,1.35,-1.95,-0.727879482398887,false,true
48,4,1.4000000000000004,-1.95,-0.7325971722602845,false,true
49,4,1.4500000000000002,-1.95,-0.732600951776762,false,true
50,4,1.5,-1.95,-0.7326091022702793,false,true
51,4,1.5500000000000003,-1.95,-0.732926531280285,false,true
52,4,1.6,-1.95,-0.733437865972519,false,true
53,4,1.6500000000000004,-1.95,-0.7333438428161403,false,true
54,4,1.7000000000000002,-1.95,-0.7331295541325765,false,true
55,4,1.75,-1.95,-0.7262324629335885,false,true
56,4,1.8000000000000003,-1.95,-0.7197791896103903,false,true
57,4,1.85,-1.95,-0.7199999690055847,false,true
58,4,1.9000000000000004,-1.95,-0.7199999690055847,false,true
59,4,1.9500000000000002,-1.95,-0.7218855046724277,false,true
60,4,2.0,-1.95,-0.7236022651195526,false,true
61,4,2.0500000000000003,-1.95,-0.7233100724105983,false,true
62,4,2.1,-1.95,-0.722023955889363,false,true
63,4,2.1500000000000004,-1.95,-0.7204517424106597,false,true
64,4,2.2,-1.95,-0.7204517424106598,false,true
65,4,2.25,-1.95,-0.7204517424106597,false,true
66,4,2.3000000000000003,-1.95,-0.6599999666213989,false,true
67,4,2.35,-1.95,-0.6475735716009512,false,true
68,4,2.4000000000000004,-1.95,-0.6480151401792312,false,true
69,4,2.45,-1.95,-0.6299999952316284,true,false
70,4,2.5,-1.95,-0.712904691696167,true,false
71,4,2.5500000000000003,-1.95,-0.7076977491378784,true,false
72,4,2.6,-1.95,-0.6922690868377686,true,false
73,4,2.6500000000000004,-1.95,-0.6299999952316284,true,false
74,4,2.7,-1.95,-0.5999999642372131,true,false
75,4,2.75,-1.95,-0.6299999952316284,true,false
76,4,2.8000000000000003,-1.95,-0.6599999666213989,true,false
77,4,2.85,-1.95,-0.6599999666213989,true,false
78,4,2.9000000000000004,-1.95,-0.6618229746818542,true,false
79,4,2.95,-1.95,-0.6637371778488159,true,false
80,4,3.0,-1.95,-0.6691666841506958,true,false
81,4,3.05,-1.95,-0.6705718636512756,true,false
82,4,3.1000000000000005,-1.95,-0.6687645015815782,false,true
83,4,3.1500000000000004,-1.95,-0.6686258169317727,false,true
84,4,3.2,-1.95,-0.6750183636257632,false,true
85,4,3.25,-1.95,-0.686040997505188,false,true
86,4,3.3,-1.95,-0.688532475299639,false,true
87,4,3.3500000000000005,-1.95,-0.6901479625430298,false,true
0,5,-1.0,-1.9,-0.821935772895388,false,true
1,5,-0.95,-1.9,-0.821935772892182,false,true
2,5,-0.9,-1.9,-0.8219357728620956,false,true
3,5,-0.85,-1.9,-0.8147637247524054,false,true
4,5,-0.8,-1.9,-0.8075916767115149,false,true
5,5,-0.75,-1.9,-0.8075916767120361,false,true
6,5,-0.7,-1.9,-0.8075916767104967,false,true
7,5,-0.6499999999999999,-1.9,-0.8019400537014625,false,true
8,5,-0.6,-1.9,-0.7962884306946305,false,true
9,5,-0.55,-1.9,-0.7962884306907655,false,true
10,5,-0.5,-1.9,-0.7962884306810477,false,true
11,5,-0.44999999999999996,-1.9,-0.7953977429834833,false,true
12,5,-0.3999999999999999,-1.9,-0.7938772439956665,false,true
13,5,-0.35,-1.9,-0.7938772440275496,false,true
14,5,-0.29999999999999993,-1.9,-0.7943664193290157,false,true
15,5,-0.25,-1.9,-0.7948555945910578,false,true
16,5,-0.19999999999999996,-1.9,-0.7948555946350098,false,true
17,5,-0.1499999999999999,-1.9,-0.7948555944665968,false,true
18,5,-0.09999999999999998,-1.9,-0.7917829167120152,false,true
19,5,-0.04999999999999993,-1.9,-0.7865375280380249,false,true
20,5,0.0,-1.9,-0.7865375271957514,false,true
21,5,0.050000000000000044,-1.9,-0.7811568510707467,false,true
22,5,0.10000000000000009,-1.9,-0.7719714641571044,false,true
23,5,0.15000000000000013,-1.9,-0.771971463083762,false,true
24,5,0.20000000000000018,-1.9,-0.7719714604837302,false,true
25,5,0.25,-1.9,-0.7527732882563003,false,true
26,5,0.30000000000000004,-1.9,-0.7199999690055847,false,true
27,5,0.3500000000000001,-1.9,-0.719999959625818,false,true
28,5,0.40000000000000013,-1.9,-0.7199999323370789,false,true
29,5,0.4500000000000002,-1.9,-0.719999903124674,false,true
30,5,0.5,-1.9,-0.7199999690055847,false,true
31,5,0.55,-1.9,-0.734664797699259,false,true
32,5,0.6000000000000001,-1.9,-0.7493296265602112,false,true
33,5,0.6500000000000001,-1.9,-0.7497522682578684,false,true
34,5,0.7000000000000002,-1.9,-0.7499998342322788,false,true
35,5,0.75,-1.9,-0.75,false,true
36,5,0.8,-1.9,-0.7499981524799311,false,true
37,5,0.8500000000000001,-1.9,-0.7499937499070068,false,true
38,5,0.9000000000000001,-1.9,-0.7499753867054308,false,true
39,5,0.9500000000000002,-1.9,-0.74663350179829,false,true
40,5,1.0,-1.9,-0.7409925460815429,false,true
41,5,1.0500000000000003,-1.9,-0.7408660430592389,false,true
42,5,1.1,-1.9,-0.7407398223876953,false,true
43,5,1.15,-1.9,-0.7330495072864593,false,true
44,5,1.2000000000000002,-1.9,-0.7253598868846892,false,true
45,5,1.25,-1.9,-0.7252367580331337,false,true
46,5,1.3000000000000003,-1.9,-0.725113332271576,false,true
47,5,1.35,-1.9,-0.7251161015685635,false,true
48,5,1.4000000000000004,-1.9,-0.7278818221893849,false,true
49,5,1.4500000000000002,-1.9,-0.7325971722602845,false,true
50,5,1.5,-1.9,-0.7326062968202236,false,true
51,5,1.5500000000000003,-1.9,-0.7326249997857914,false,true
52,5,1.6,-1.9,-0.7329500592126724,false,true
53,5,1.6500000000000004,-1.9,-0.733437865972519,false,true
54,5,1.7000000000000002,-1.9,-0.7332108739932125,false,true
55,5,1.75,-1.9,-0.7327062386428327,false,true
56,5,1.8000000000000003,-1.9,-0.7254575510495603,false,true
57,5,1.85,-1.9,-0.7192461810002194,false,true
58,5,1.9000000000000004,-1.9,-0.7199999690055847,false,true
59,5,1.9500000000000002,-1.9,-0.7199999690055847,false,true
60,5,2.0,-1.9,-0.7221241888771457,false,true
61,5,2.0500000000000003,-1.9,-0.7236022651195526,false,true
62,5,2.1,-1.9,-0.7228968495187686,false,true
63,5,2.1500000000000004,-1.9,-0.7214346342744863,false,true
64,5,2.2,-1.9,-0.7204517424106598,true,false
65,5,2.25,-1.9,-0.7233147713634233,false,true
66,5,2.3000000000000003,-1.9,-0.6921407478450078,false,true
67,5,2.35,-1.9,-0.6599999666213989,true,false
68,5,2.4000000000000004,-1.9,-0.6299999952316284,true,false
69,5,2.45,-1.9,-0.6899999976158142,true,false
70,5,2.5,-1.9,-0.6919037401676178,true,false
71,5,2.5500000000000003,-1.9,-0.6899999976158142,true,false
72,5,2.6,-1.9,-0.6827074885368347,true,false
73,5,2.6500000000000004,-1.9,-0.6449999809265137,true,false
74,5,2.7,-1.9,-0.5300450623035431,true,false
75,5,2.75,-1.9,-0.6299999952316284,true,false
76,5,2.8000000000000003,-1.9,-0.6677801609039307,true,false
77,5,2.85,-1.9,-0.6627033054828644,true,false
78,5,2.9000000000000004,-1.9,-0.6653864085674286,true,false
79,5,2.95,-1.9,-0.6653785109519958,true,false
80,5,3.0,-1.9,-0.6656945943832397,true,false
81,5,3.05,-1.9,-0.6662085056304932,true,false
82,5,3.1000000000000005,-1.9,-0.6664836404996216,false,true
83,5,3.1500000000000004,-1.9,-0.6736655653890267,false,true
84,5,3.2,-1.9,-0.686040997505188,false,true
85,5,3.25,-1.9,-0.6882470542863358,false,true
86,5,3.3,-1.9,-0.6900189459437052,false,true
87,5,3.3500000000000005,-1.9,-0.6902391910552979,false,true
0,6,-1.0,-1.8499999999999999,-0.8219357728957393,false,true
1,6,-0.95,-1.8499999999999999,-0.8219357728948913,false,true
2,6,-0.9,-1.8499999999999999,-0.8219357728847935,false,true
3,6,-0.85,-1.8499999999999999,-0.8219357727972005,false,true
4,6,-0.8,-1.8499999999999999,-0.8147637246548646,false,true
5,6,-0.75,-1.8499999999999999,-0.8075916767107778,false,true
6,6,-0.7,-1.8499999999999999,-0.8075916767120361,false,true
7,6,-0.6499999999999999,-1.8499999999999999,-0.8075916767083199,false,true
8,6,-0.6,-1.8499999999999999,-0.8019400537015497,false,true
9,6,-0.55,-1.8499999999999999,-0.7962884307000966,false,true
10,6,-0.5,-1.8499999999999999,-0.7962884306907655,false,true
11,6,-0.44999999999999996,-1.8499999999999999,-0.7962884306673045,false,true
12,6,-0.3999999999999999,-1.8499999999999999,-0.7953977429640474,false,true
13,6,-0.35,-1.8499999999999999,-0.7938772439956665,false,true
14,6,-0.29999999999999993,-1.8499999999999999,-0.7938772440726389,false,true
15,6,-0.25,-1.8499999999999999,-0.7943664193483587,false,true
16,6,-0.19999999999999996,-1.8499999999999999,-0.7948555945289002,false,true
17,6,-0.1499999999999999,-1.8499999999999999,-0.7948555946350098,false,true
18,6,-0.09999999999999998,-1.8499999999999999,-0.7948555942284251,false,true
19,6,-0.04999999999999993,-1.8499999999999999,-0.7917829163751898,false,true
20,6,0.0,-1.8499999999999999,-0.7865375280380249,false,true
21,6,0.050000000000000044,-1.8499999999999999,-0.7865375260045968,false,true
22,6,0.10000000000000009,-1.8499999999999999,-0.7811568493862138,false,true
23,6,0.15000000000000013,-1.8499999999999999,-0.7719714641571044,false,true
24,6,0.20000000000000018,-1.8499999999999999,-0.7719714615658269,false,true
25,6,0.25,-1.8499999999999999,-0.7719714552800406,false,true
26,6,0.30000000000000004,-1.8499999999999999,-0.7527732793374413,false,true
27,6,0.3500000000000001,-1.8499999999999999,-0.7199999690055847,false,true
28,6,0.40000000000000013,-1.8499999999999999,-0.7199999463608248,false,true
29,6,0.4500000000000002,-1.8499999999999999,-0.7199998804800747,false,true
30,6,0.5,-1.8499999999999999,-0.7199998099549965,false,true
31,6,0.55,-1.8499999999999999,-0.7199999690055847,false,true
32,6,0.6000000000000001,-1.8499999999999999,-0.7346647974626922,false,true
33,6,0.6500000000000001,-1.8499999999999999,-0.7493296265602112,false,true
34,6,0.7000000000000002,-1.8499999999999999,-0.7497521309779953,false,true
35,6,0.75,-1.8499999999999999,-0.7499995998013195,false,true
36,6,0.8,-1.8499999999999999,-0.75,false,true
37,6,0.8500000000000001,-1.8499999999999999,-0.7499955396919926,false,true
38,6,0.9000000000000001,-1.8499999999999999,-0.7499849686758132,false,true
39,6,0.9500000000000002,-1.8499999999999999,-0.7499416827664,false,true
40,6,1.0,-1.8499999999999999,-0.7465810766082507,false,true
41,6,1.0500000000000003,-1.8499999999999999,-0.7409925460815429,false,true
42,6,1.1,-1.8499999999999999,-0.7408656437549641,false,true
43,6,1.15,-1.8499999999999999,-0.7407398223876953,false,true
44,6,1.2000000000000002,-1.8499999999999999,-0.7330485248330527,false,true
45,6,1.25,-1.8499999999999999,-0.7253598868846892,false,true
46,6,1.3000000000000003,-1.8499999999999999,-0.7252371779272855,false,true
47,6,1.35,-1.8499999999999999,-0.725113332271576,false,true
48,6,1.4000000000000004,-1.8499999999999999,-0.7251200179459215,false,true
49,6,1.4500000000000002,-1.8499999999999999,-0.7278875811033165,false,true
50,6,1.5,-1.8499999999999999,-0.7325971722602845,false,true
51,6,1.5500000000000003,-1.8499999999999999,-0.7326192008966402,false,true
52,6,1.6,-1.8499999999999999,-0.7326610281789823,false,true
53,6,1.6500000000000004,-1.8499999999999999,-0.7329998062009037,false,true
54,6,1.7000000000000002,-1.8499999999999999,-0.733437865972519,false,true
55,6,1.75,-1.8499999999999999,-0.7328898588575272,false,true
56,6,1.8000000000000003,-1.8499999999999999,-0.7317149331151992,false,true
57,6,1.85,-1.8499999999999999,-0.7234177544680878,false,true
58,6,1.9000000000000004,-1.8499999999999999,-0.7174263757745122,false,true
59,6,1.9500000000000002,-1.8499999999999999,-0.7199999690055847,false,true
60,6,2.0,-1.8499999999999999,-0.7199999690055847,false,true
61,6,2.0500000000000003,-1.8499999999999999,-0.7230379739607364,false,true
62,6,2.1,-1.8499999999999999,-0.7236022651195526,true,false
63,6,2.1500000000000004,-1.8499999999999999,-0.7218992412090302,true,false
64,6,2.2,-1.8499999999999999,-0.7199999690055847,true,false
65,6,2.25,-1.8499999999999999,-0.7313947081565857,true,false
66,6,2.3000000000000003,-1.8499999999999999,-0.7192517518997192,true,false
67,6,2.35,-1.8499999999999999,-0.6599999666213989,true,false
68,6,2.4000000000000004,-1.8499999999999999,-0.528658926486969,true,false
69,6,2.45,-1.8499999999999999,-0.6899999976158142,true,false
70,6,2.5,-1.8499999999999999,-0.6870295107364655,true,false
71,6,2.5500000000000003,-1.8499999999999999,-0.6846136748790741,true,false
72,6,2.6,-1.8499999999999999,-0.6831871271133423,true,false
73,6,2.6500000000000004,-1.8499999999999999,-0.6781931519508362,true,false
74,6,2.7,-1.8499999999999999,-0.6506118774414062,true,false
75,6,2.75,-1.8499999999999999,-0.6599999666213989,true,false
76,6,2.8000000000000003,-1.8499999999999999,-0.6741395592689514,true,false
77,6,2.85,-1.8499999999999999,-0.6710688471794128,true,false
78,6,2.9000000000000004,-1.8499999999999999,-0.6699075698852539,true,false
79,6,2.95,-1.8499999999999999,-0.6675674915313721,true,false
80,6,3.0,-1.8499999999999999,-0.6661692261695862,true,false
81,6,3.05,-1.8499999999999999,-0.6627845168113708,true,false
82,6,3.1000000000000005,-1.8499999999999999,-0.6712219008401136,false,true
83,6,3.1500000000000004,-1.8499999999999999,-0.686040997505188,false,true
84,6,3.2,-1.8499999999999999,-0.6873094099469158,false,true
85,6,3.25,-1.8499999999999999,-0.6897074723198445,false,true
86,6,3.3,-1.8499999999999999,-0.6902391910552979,false,true
87,6,3.3500000000000005,-1.8499999999999999,-0.6902391910552979,false,true
0,7,-1.0,-1.7999999999999998,-0.8219357728958062,false,true
1,7,-0.95,-1.7999999999999998,-0.8219357728956449,false,true
2,7,-0.9,-1.7999999999999998,-0.8219357728929108,false,true
3,7,-0.85,-1.7999999999999998,-0.8219357728624627,false,true
4,7,-0.8,-1.7999999999999998,-0.8219357726091957,false,true
5,7,-0.75,-1.7999999999999998,-0.8147637243756067,false,true
6,7,-0.7,-1.7999999999999998,-0.8075916767089983,false,true
7,7,-0.6499999999999999,-1.7999999999999998,-0.8075916767120361,false,true
8,7,-0.6,-1.7999999999999998,-0.8075916767030642,false,true
9,7,-0.55,-1.7999999999999998,-0.8019400537017601,false,true
10,7,-0.5,-1.7999999999999998,-0.7962884307132927,false,true
11,7,-0.44999999999999996,-1.7999999999999998,-0.7962884306907655,false,true
12,7,-0.3999999999999999,-1.7999999999999998,-0.7962884306341255,false,true
13,7,-0.35,-1.7999999999999998,-0.7953977429171251,false,true
14,7,-0.29999999999999993,-1.7999999999999998,-0.7938772439956665,false,true
15,7,-0.25,-1.7999999999999998,-0.7938772441814945,false,true
16,7,-0.19999999999999996,-1.7999999999999998,-0.7943664193950565,false,true
17,7,-0.1499999999999999,-1.7999999999999998,-0.7948555943788383,false,true
18,7,-0.09999999999999998,-1.7999999999999998,-0.7948555946350098,false,true
19,7,-0.04999999999999993,-1.7999999999999998,-0.7948555936534277,false,true
20,7,0.0,-1.7999999999999998,-0.7917829155620226,false,true
21,7,0.050000000000000044,-1.7999999999999998,-0.7865375280380249,false,true
22,7,0.10000000000000009,-1.7999999999999998,-0.7865375231288952,false,true
23,7,0.15000000000000013,-1.7999999999999998,-0.7811568453194258,false,true
24,7,0.20000000000000018,-1.7999999999999998,-0.7719714641571044,false,true
25,7,0.25,-1.7999999999999998,-0.7719714579012069,false,true
26,7,0.30000000000000004,-1.7999999999999998,-0.7719714426960881,false,true
27,7,0.3500000000000001,-1.7999999999999998,-0.7527732577343972,false,true
28,7,0.40000000000000013,-1.7999999999999998,-0.7199999690055847,false,true
29,7,0.4500000000000002,-1.7999999999999998,-0.7199999143362982,false,true
30,7,0.5,-1.7999999999999998,-0.7199997552866455,false,true
31,7,0.55,-1.7999999999999998,-0.7199995850234975,false,true
32,7,0.6000000000000001,-1.7999999999999998,-0.7199999690055847,false,true
33,7,0.6500000000000001,-1.7999999999999998,-0.7346647965570136,false,true
34,7,0.7000000000000002,-1.7999999999999998,-0.7493296265602112,false,true
35,7,0.75,-1.7999999999999998,-0.749751799667574,false,true
36,7,0.8,-1.7999999999999998,-0.7499990338349178,false,true
37,7,0.8500000000000001,-1.7999999999999998,-0.75,false,true
38,7,0.9000000000000001,-1.7999999999999998,-0.7499892318639162,false,true
39,7,0.9500000000000002,-1.7999999999999998,-0.7499639082931921,false,true
40,7,1.0,-1.7999999999999998,-0.7498627020274636,false,true
41,7,1.0500000000000003,-1.7999999999999998,-0.7464607014134365,false,true
42,7,1.1,-1.7999999999999998,-0.7409925460815429,false,true
43,7,1.15,-1.7999999999999998,-0.7408641150476475,false,true
44,7,1.2000000000000002,-1.7999999999999998,-0.7407398223876953,false,true
45,7,1.25,-1.7999999999999998,-0.7330447635817818,false,true
46,7,1.3000000000000003,-1.7999999999999998,-0.7253598868846892,false,true
47,7,1.35,-1.7999999999999998,-0.7252387854614458,false,true
48,7,1.4000000000000004,-1.7999999999999998,-0.725113332271576,false,true
49,7,1.4500000000000002,-1.7999999999999998,-0.7251294729172544,false,true
50,7,1.5,-1.7999999999999998,-0.7279020162508617,false,true
51,7,1.5500000000000003,-1.7999999999999998,-0.7325971722602845,false,true
52,7,1.6,-1.7999999999999998,-0.7326503540929352,false,true
53,7,1.6500000000000004,-1.7999999999999998,-0.7327399795349339,false,true
54,7,1.7000000000000002,-1.7999999999999998,-0.7330971986336048,false,true
55,7,1.75,-1.7999999999999998,-0.733437865972519,false,true
56,7,1.8000000000000003,-1.7999999999999998,-0.7321148597632288,false,true
57,7,1.85,-1.7999999999999998,-0.7294264185682816,false,true
58,7,1.9000000000000004,-1.7999999999999998,-0.7181139893789791,false,true
59,7,1.9500000000000002,-1.7999999999999998,-0.7112131720920252,false,true
60,7,2.0,-1.7999999999999998,-0.7199999690055847,false,true
61,7,2.0500000000000003,-1.7999999999999998,-0.7199999690055847,true,false
62,7,2.1,-1.7999999999999998,-0.7265363335609436,true,false
63,7,2.1500000000000004,-1.7999999999999998,-0.7335587441921234,true,false
64,7,2.2,-1.7999999999999998,-0.7249293625354767,true,false
65,7,2.25,-1.7999999999999998,-0.7199999690055847,true,false
66,7,2.3000000000000003,-1.7999999999999998,-0.6227478384971619,true,false
67,7,2.35,-1.7999999999999998,-0.5399999618530273,true,false
68,7,2.4000000000000004,-1.7999999999999998,-0.47042493522167206,true,false
69,7,2.45,-1.7999999999999998,-0.6857976913452148,true,false
70,7,2.5,-1.7999999999999998,-0.685808926820755,true,false
71,7,2.5500000000000003,-1.7999999999999998,-0.6868109405040741,true,false
72,7,2.6,-1.7999999999999998,-0.41999998688697815,true,false
73,7,2.6500000000000004,-1.7999999999999998,-0.6833396553993225,true,false
74,7,2.7,-1.7999999999999998,-0.6619134843349457,true,false
75,7,2.75,-1.7999999999999998,-0.6710756123065948,true,false
76,7,2.8000000000000003,-1.7999999999999998,-0.6749384999275208,true,false
77,7,2.85,-1.7999999999999998,-0.6706299185752869,true,false
78,7,2.9000000000000004,-1.7999999999999998,-0.6699210107326508,true,false
79,7,2.95,-1.7999999999999998,-0.6661635637283325,true,false
80,7,3.0,-1.7999999999999998,-0.6657680571079254,true,false
81,7,3.05,-1.7999999999999998,-0.667210191488266,true,false
82,7,3.1000000000000005,-1.7999999999999998,-0.686040997505188,true,false
83,7,3.1500000000000004,-1.7999999999999998,-0.6838455000560014,false,true
84,7,3.2,-1.7999999999999998,-0.6889555084727987,false,true
85,7,3.25,-1.7999999999999998,-0.6902391910552979,false,true
86,7,3.3,-1.7999999999999998,-0.6902391910552979,false,true
87,7,3.3500000000000005,-1.7999999999999998,-0.6902391910552977,false,true
0,8,-1.0,-1.75,-0.821935772895813,false,true
1,8,-0.95,-1.75,-0.8219357728957963,false,true
2,8,-0.9,-1.75,-0.8219357728952624,false,true
3,8,-0.85,-1.75,-0.8219357728866994,false,true
4,8,-0.8,-1.75,-0.821935772795387,false,true
5,8,-0.75,-1.75,-0.8219357720683775,false,true
6,8,-0.7,-1.75,-0.814763723582397,false,true
7,8,-0.6499999999999999,-1.75,-0.8075916767047023,false,true
8,8,-0.6,-1.75,-0.8075916767120361,false,true
9,8,-0.55,-1.75,-0.8075916766903761,false,true
10,8,-0.5,-1.75,-0.8019400537022681,false,true
11,8,-0.44999999999999996,-1.75,-0.7962884307451512,false,true
12,8,-0.3999999999999999,-1.75,-0.7962884306907655,false,true
13,8,-0.35,-1.75,-0.7962884305540243,false,true
14,8,-0.29999999999999993,-1.75,-0.7953977428038439,false,true
15,8,-0.25,-1.75,-0.7938772439956665,false,true
16,8,-0.19999999999999996,-1.75,-0.7938772444442949,false,true
17,8,-0.1499999999999999,-1.75,-0.7943664195077951,false,true
18,8,-0.09999999999999998,-1.75,-0.794855594016557,false,true
19,8,-0.04999999999999993,-1.75,-0.7948555946350098,false,true
20,8,0.0,-1.75,-0.7948555922652611,false,true
21,8,0.050000000000000044,-1.75,-0.7917829135988679,false,true
22,8,0.10000000000000009,-1.75,-0.7865375280380249,false,true
23,8,0.15000000000000013,-1.75,-0.7865375161863377,false,true
24,8,0.20000000000000018,-1.75,-0.7811568355014947,false,true
25,8,0.25,-1.75,-0.7719714641571044,false,true
26,8,0.30000000000000004,-1.75,-0.7719714490540316,false,true
27,8,0.3500000000000001,-1.75,-0.771971412243582,false,true
28,8,0.40000000000000013,-1.75,-0.7527732053391953,false,true
29,8,0.4500000000000002,-1.75,-0.7199999690055847,false,true
30,8,0.5,-1.75,-0.7199998370222519,false,true
31,8,0.55,-1.75,-0.7199994530456164,false,true
32,8,0.6000000000000001,-1.75,-0.7199990419908219,false,true
33,8,0.6500000000000001,-1.75,-0.7199999690055847,false,true
34,8,0.7000000000000002,-1.75,-0.7346647930896889,false,true
35,8,0.75,-1.75,-0.7493296265602112,false,true
36,8,0.8,-1.75,-0.74975100035671,false,true
37,8,0.8500000000000001,-1.75,-0.7499976674711551,false,true
38,8,0.9000000000000001,-1.75,-0.75,false,true
39,8,0.9500000000000002,-1.75,-0.7499740034198251,false,true
40,8,1.0,-1.75,-0.7499135399213861,false,true
41,8,1.0500000000000003,-1.75,-0.7496795049960345,false,true
42,8,1.1,-1.75,-0.7461889266558882,false,true
43,8,1.15,-1.75,-0.7409925460815429,false,true
44,8,1.2000000000000002,-1.75,-0.7408582625030906,false,true
45,8,1.25,-1.75,-0.7407398223876953,false,true
46,8,1.3000000000000003,-1.75,-0.733030363905394,false,true
47,8,1.35,-1.75,-0.7253598868846892,false,true
48,8,1.4000000000000004,-1.75,-0.7252449397888291,false,true
49,8,1.4500000000000002,-1.75,-0.725113332271576,false,true
50,8,1.5,-1.75,-0.7251522992372779,false,true
51,8,1.5500000000000003,-1.75,-0.7279394340174629,false,true
52,8,1.6,-1.75,-0.7325971722602845,false,true
53,8,1.6500000000000004,-1.75,-0.7327255645619417,false,true
54,8,1.7000000000000002,-1.75,-0.7329031726598898,false,true
55,8,1.75,-1.75,-0.7332614504977978,false,true
56,8,1.8000000000000003,-1.75,-0.733437865972519,false,true
57,8,1.85,-1.75,-0.7302438464389468,false,true
58,8,1.9000000000000004,-1.75,-0.7242589535830875,false,true
59,8,1.9500000000000002,-1.75,-0.7051670903733269,false,true
60,8,2.0,-1.75,-0.6899999678134918,false,true
61,8,2.0500000000000003,-1.75,-0.7040958532732888,false,true
62,8,2.1,-1.75,-0.726387083530426,true,false
63,8,2.1500000000000004,-1.75,-0.7199999690055847,true,false
64,8,2.2,-1.75,-0.7199999690055847,true,false
65,8,2.25,-1.75,-0.6983811855316162,true,false
66,8,2.3000000000000003,-1.75,-0.6956814825534821,true,false
67,8,2.35,-1.75,-0.6934124529361725,true,false
68,8,2.4000000000000004,-1.75,-0.6908980011940002,true,false
69,8,2.45,-1.75,-0.6899999976158142,true,false
70,8,2.5,-1.75,-0.6877078413963318,true,false
71,8,2.5500000000000003,-1.75,-0.6876621842384338,true,false
72,8,2.6,-1.75,-0.38999998569488525,true,false
73,8,2.6500000000000004,-1.75,-0.6854020953178406,true,false
74,8,2.7,-1.75,-0.6843960881233215,true,false
75,8,2.75,-1.75,-0.6801409125328064,true,false
76,8,2.8000000000000003,-1.75,-0.6758658289909363,true,false
77,8,2.85,-1.75,-0.6699077486991882,true,false
78,8,2.9000000000000004,-1.75,-0.6676575839519501,true,false
79,8,2.95,-1.75,-0.6659224033355713,true,false
80,8,3.0,-1.75,-0.6646619439125061,true,false
81,8,3.05,-1.75,-0.6672365367412567,true,false
82,8,3.1000000000000005,-1.75,-0.6696876287460327,true,false
83,8,3.1500000000000004,-1.75,-0.6871401071548462,true,false
84,8,3.2,-1.75,-0.6902391910552979,true,false
85,8,3.25,-1.75,-0.6902391910552979,false,true
86,8,3.3,-1.75,-0.6902391910552977,false,true
87,8,3.3500000000000005,-1.75,-0.6783323006575555,false,true
0,9,-1.0,-1.7,-0.821935772895813,false,true
1,9,-0.95,-1.7,-0.821935772895813,false,true
2,9,-0.9,-1.7,-0.8219357728957561,false,true
3,9,-0.85,-1.7,-0.8219357728940139,false,true
4,9,-0.8,-1.7,-0.8219357728672986,false,true
5,9,-0.75,-1.7,-0.8219357725950616,false,true
6,9,-0.7,-1.7,-0.821935770524613,false,true
7,9,-0.6499999999999999,-1.7,-0.8147637213488461,false,true
8,9,-0.6,-1.7,-0.8075916766943307,false,true
9,9,-0.55,-1.7,-0.8075916767120361,false,true
10,9,-0.5,-1.7,-0.807591676659744,false,true
11,9,-0.44999999999999996,-1.7,-0.8019400537034943,false,true
12,9,-0.3999999999999999,-1.7,-0.7962884308220642,false,true
13,9,-0.35,-1.7,-0.7962884306907655,false,true
14,9,-0.29999999999999993,-1.7,-0.7962884303606429,false,true
15,9,-0.25,-1.7,-0.7953977425303568,false,true
16,9,-0.19999999999999996,-1.7,-0.7938772439956665,false,true
17,9,-0.1499999999999999,-1.7,-0.7938772450787512,false,true
18,9,-0.09999999999999998,-1.7,-0.7943664197799698,false,true
19,9,-0.04999999999999993,-1.7,-0.7948555931419329,false,true
20,9,0.0,-1.7,-0.7948555946350098,false,true
21,9,0.050000000000000044,-1.7,-0.7948555889139304,false,true
22,9,0.10000000000000009,-1.7,-0.7917829088594157,false,true
23,9,0.15000000000000013,-1.7,-0.7865375280380249,false,true
24,9,0.20000000000000018,-1.7,-0.7865374994255206,false,true
25,9,0.25,-1.7,-0.7811568117997059,false,true
26,9,0.30000000000000004,-1.7,-0.7719714641571044,false,true
27,9,0.3500000000000001,-1.7,-0.7719714276950609,false,true
28,9,0.40000000000000013,-1.7,-0.7719713384783686,false,true
29,9,0.4500000000000002,-1.7,-0.7527730780315174,false,true
30,9,0.5,-1.7,-0.7199999690055847,false,true
31,9,0.55,-1.7,-0.7199996503696325,false,true
32,9,0.6000000000000001,-1.7,-0.7199987233866448,false,true
33,9,0.6500000000000001,-1.7,-0.7199977309939717,false,true
34,9,0.7000000000000002,-1.7,-0.7199999690055847,false,true
35,9,0.75,-1.7,-0.734664779815289,false,true
36,9,0.8,-1.7,-0.7493296265602112,false,true
37,9,0.8500000000000001,-1.7,-0.7497490732726173,false,true
38,9,0.9000000000000001,-1.7,-0.7499943687772281,false,true
39,9,0.9500000000000002,-1.7,-0.75,false,true
40,9,1.0,-1.7,-0.7499372387035665,false,true
41,9,1.0500000000000003,-1.7,-0.7497935647036005,false,true
42,9,1.1,-1.7,-0.7492604665031423,false,true
43,9,1.15,-1.7,-0.7455892671823112,false,true
44,9,1.2000000000000002,-1.7,-0.7409925460815429,false,true
45,9,1.25,-1.7,-0.740835856462761,false,true
46,9,1.3000000000000003,-1.7,-0.7407398223876953,false,true
47,9,1.35,-1.7,-0.7329752357937233,false,true
48,9,1.4000000000000004,-1.7,-0.7253598868846892,false,true
49,9,1.4500000000000002,-1.7,-0.7252685011827175,false,true
50,9,1.5,-1.7,-0.725113332271576,false,true
51,9,1.5500000000000003,-1.7,-0.725207406848658,false,true
52,9,1.6,-1.7,-0.7280421690452632,false,true
53,9,1.6500000000000004,-1.7,-0.7325971722602845,false,true
54,9,1.7000000000000002,-1.7,-0.7329071386962499,false,true
55,9,1.75,-1.7,-0.7332035642370858,false,true
56,9,1.8000000000000003,-1.7,-0.7334481366773566,false,true
57,9,1.85,-1.7,-0.733437865972519,false,true
58,9,1.9000000000000004,-1.7,-0.7257268206960844,false,true
59,9,1.9500000000000002,-1.7,-0.7130041636146942,false,true
60,9,2.0,-1.7,-0.6801407365773514,false,true
61,9,2.0500000000000003,-1.7,-0.6599999666213989,true,false
62,9,2.1,-1.7,-0.6899999976158142,true,false
63,9,2.1500000000000004,-1.7,-0.6899999976158142,true,false
64,9,2.2,-1.7,-0.6936046183109283,true,false
65,9,2.25,-1.7,-0.6926935315132141,true,false
66,9,2.3000000000000003,-1.7,-0.6913694739341736,true,false
67,9,2.35,-1.7,-0.6909619569778442,true,false
68,9,2.4000000000000004,-1.7,-0.6915149390697479,true,false
69,9,2.45,-1.7,-0.6900554895401001,true,false
70,9,2.5,-1.7,-0.6899999976158142,true,false
71,9,2.5500000000000003,-1.7,-0.6879031658172607,true,false
72,9,2.6,-1.7,-0.686439037322998,true,false
73,9,2.6500000000000004,-1.7,-0.6871740221977234,true,false
74,9,2.7,-1.7,-0.6844003796577454,true,false
75,9,2.75,-1.7,-0.6800112724304199,true,false
76,9,2.8000000000000003,-1.7,-0.6752471923828125,true,false
77,9,2.85,-1.7,-0.6716516017913818,true,false
78,9,2.9000000000000004,-1.7,-0.6684013605117798,true,false
79,9,2.95,-1.7,-0.6662353277206421,true,false
80,9,3.0,-1.7,-0.6679044961929321,true,false
81,9,3.05,-1.7,-0.6674307286739349,true,false
82,9,3.1000000000000005,-1.7,-0.668217658996582,true,false
83,9,3.1500000000000004,-1.7,-0.6745115518569946,true,false
84,9,3.2,-1.7,-0.6795148731738264,false,true
85,9,3.25,-1.7,-0.6902391910552979,false,true
86,9,3.3,-1.7,-0.6755123597975223,false,true
87,9,3.3500000000000005,-1.7,-0.6599999666213989,false,true
0,10,-1.0,-1.65,-0.7594951253834396,false,true
1,10,-0.95,-1.65,-0.821935772895813,false,true
2,10,-0.9,-1.65,-0.821935772895813,false,true
3,10,-0.85,-1.65,-0.8219357728956191,false,true
4,10,-0.8,-1.65,-0.8219357728899445,false,true
5,10,-0.75,-1.65,-0.8219357728069517,false,true
6,10,-0.7,-1.65,-0.8219357720005207,false,true
7,10,-0.6499999999999999,-1.65,-0.8219357661550254,false,true
8,10,-0.6,-1.65,-0.8147637151194956,false,true
9,10,-0.55,-1.65,-0.8075916766692917,false,true
10,10,-0.5,-1.65,-0.8075916767120361,false,true
11,10,-0.44999999999999996,-1.65,-0.8075916765857917,false,true
12,10,-0.3999999999999999,-1.65,-0.8019400537064553,false,true
13,10,-0.35,-1.65,-0.7962884310077488,false,true
14,10,-0.29999999999999993,-1.65,-0.7962884306907655,false,true
15,10,-0.25,-1.65,-0.7962884298937793,false,true
16,10,-0.19999999999999996,-1.65,-0.7953977418700897,false,true
17,10,-0.1499999999999999,-1.65,-0.7938772439956665,false,true
18,10,-0.09999999999999998,-1.65,-0.7938772466104643,false,true
19,10,-0.04999999999999993,-1.65,-0.7943664204370563,false,true
20,10,0.0,-1.65,-0.7948555910304034,false,true
21,10,0.050000000000000044,-1.65,-0.7948555946350098,false,true
22,10,0.10000000000000009,-1.65,-0.7948555808231021,false,true
23,10,0.15000000000000013,-1.65,-0.7917828974174753,false,true
24,10,0.20000000000000018,-1.65,-0.7865375280380249,false,true
25,10,0.25,-1.65,-0.7865374589613291,false,true
26,10,0.30000000000000004,-1.65,-0.7811567545823533,false,true
27,10,0.3500000000000001,-1.65,-0.7719714641571044,false,true
28,10,0.40000000000000013,-1.65,-0.7719713761299447,false,true
29,10,0.4500000000000002,-1.65,-0.7719711595522628,false,true
30,10,0.5,-1.65,-0.752772767940514,false,true
31,10,0.55,-1.65,-0.7199999690055847,false,true
32,10,0.6000000000000001,-1.65,-0.7199991997503473,false,true
33,10,0.6500000000000001,-1.65,-0.7199969619239336,false,true
34,10,0.7000000000000002,-1.65,-0.7199945659675958,false,true
35,10,0.75,-1.65,-0.7199999690055847,false,true
36,10,0.8,-1.65,-0.7346647289952162,false,true
37,10,0.8500000000000001,-1.65,-0.7493296265602112,false,true
38,10,0.9000000000000001,-1.65,-0.7497444335452018,false,true
39,10,0.9500000000000002,-1.65,-0.7499864050256115,false,true
40,10,1.0,-1.65,-0.75,false,true
41,10,1.0500000000000003,-1.65,-0.7498484808269582,false,true
42,10,1.1,-1.65,-0.7495094662807555,false,true
43,10,1.15,-1.65,-0.7483203133167975,false,true
44,10,1.2000000000000002,-1.65,-0.7443075309241629,false,true
45,10,1.25,-1.65,-0.7409925460815429,false,true
46,10,1.3000000000000003,-1.65,-0.7407500765702043,false,true
47,10,1.35,-1.65,-0.7407398223876953,false,true
48,10,1.4000000000000004,-1.65,-0.7327641818356668,false,true
49,10,1.4500000000000002,-1.65,-0.7253598868846892,false,true
50,10,1.5,-1.65,-0.7253587042621766,false,true
51,10,1.5500000000000003,-1.65,-0.725113332271576,false,true
52,10,1.6,-1.65,-0.725340448391442,false,true
53,10,1.6500000000000004,-1.65,-0.7283500684859916,false,true
54,10,1.7000000000000002,-1.65,-0.7325971722602845,false,true
55,10,1.75,-1.65,-0.7333454974338728,false,true
56,10,1.8000000000000003,-1.65,-0.7336092323620405,false,true
57,10,1.85,-1.65,-0.7333374771887976,false,true
58,10,1.9000000000000004,-1.65,-0.7334378659725189,true,false
59,10,1.9500000000000002,-1.65,-0.7148217558860779,true,false
60,10,2.0,-1.65,-0.6899999976158142,true,false
61,10,2.0500000000000003,-1.65,-0.6599999666213989,true,false
62,10,2.1,-1.65,-0.6647321283817291,true,false
63,10,2.1500000000000004,-1.65,-0.6899999976158142,true,false
64,10,2.2,-1.65,-0.6913842558860779,true,false
65,10,2.25,-1.65,-0.6918120980262756,true,false
66,10,2.3000000000000003,-1.65,-0.6907983720302582,true,false
67,10,2.35,-1.65,-0.6916062831878662,true,false
68,10,2.4000000000000004,-1.65,-0.6912003755569458,true,false
69,10,2.45,-1.65,-0.6899999976158142,true,false
70,10,2.5,-1.65,-0.6893349587917328,true,false
71,10,2.5500000000000003,-1.65,-0.6863754391670227,true,false
72,10,2.6,-1.65,-0.6857424378395081,true,false
73,10,2.6500000000000004,-1.65,-0.6851440370082855,true,false
74,10,2.7,-1.65,-0.6846061050891876,true,false
75,10,2.75,-1.65,-0.6824216246604919,true,false
76,10,2.8000000000000003,-1.65,-0.6775158643722534,true,false
77,10,2.85,-1.65,-0.6741254031658173,true,false
78,10,2.9000000000000004,-1.65,-0.6717112958431244,true,false
79,10,2.95,-1.65,-0.6698682904243469,true,false
80,10,3.0,-1.65,-0.6693570017814636,true,false
81,10,3.05,-1.65,-0.6712972819805145,true,false
82,10,3.1000000000000005,-1.65,-0.6685487627983093,true,false
83,10,3.1500000000000004,-1.65,-0.6637989282608032,true,false
84,10,3.2,-1.65,-0.6651168113948203,false,true
85,10,3.25,-1.65,-0.6618964808587582,false,true
86,10,3.3,-1.65,-0.6599999666213989,false,true
87,10,3.3500000000000005,-1.65,-0.6599999666213989,false,true
0,11,-1.0,-1.5999999999999999,-0.7050306200334341,false,true
1,11,-0.95,-1.5999999999999999,-0.7482151569620024,false,true
2,11,-0.9,-1.5999999999999999,-0.821935772895813,false,true
3,11,-0.85,-1.5999999999999999,-0.821935772895813,false,true
4,11,-0.8,-1.5999999999999999,-0.8219357728951513,false,true
5,11,-0.75,-1.5999999999999999,-0.8219357728767124,false,true
6,11,-0.7,-1.5999999999999999,-0.8219357726200957,false,true
7,11,-0.6499999999999999,-1.5999999999999999,-0.8219357702481177,false,true
8,11,-0.6,-1.5999999999999999,-0.8219357539014484,false,true
9,11,-0.55,-1.5999999999999999,-0.8147636979291691,false,true
10,11,-0.5,-1.5999999999999999,-0.8075916766088417,false,true
11,11,-0.44999999999999996,-1.5999999999999999,-0.8075916767120361,false,true
12,11,-0.3999999999999999,-1.5999999999999999,-0.807591676407255,false,true
13,11,-0.35,-1.5999999999999999,-0.801940053713603,false,true
14,11,-0.29999999999999993,-1.5999999999999999,-0.7962884314560309,false,true
15,11,-0.25,-1.5999999999999999,-0.7962884306907655,false,true
16,11,-0.19999999999999996,-1.5999999999999999,-0.7962884287666706,false,true
17,11,-0.1499999999999999,-1.5999999999999999,-0.7953977402760105,false,true
18,11,-0.09999999999999998,-1.5999999999999999,-0.7938772439956665,false,true
19,11,-0.04999999999999993,-1.5999999999999999,-0.793877250308347,false,true
20,11,0.0,-1.5999999999999999,-0.7943664220233952,false,true
21,11,0.050000000000000044,-1.5999999999999999,-0.7948555859327202,false,true
22,11,0.10000000000000009,-1.5999999999999999,-0.7948555946350098,false,true
23,11,0.15000000000000013,-1.5999999999999999,-0.794855561290115,false,true
24,11,0.20000000000000018,-1.5999999999999999,-0.7917828697947157,false,true
25,11,0.25,-1.5999999999999999,-0.7865375280380249,false,true
26,11,0.30000000000000004,-1.5999999999999999,-0.7865373612721289,false,true
27,11,0.3500000000000001,-1.5999999999999999,-0.781156616465928,false,true
28,11,0.40000000000000013,-1.5999999999999999,-0.7719714641571044,false,true
29,11,0.4500000000000002,-1.5999999999999999,-0.7719712516407415,false,true
30,11,0.5,-1.5999999999999999,-0.771970724714646,false,true
31,11,0.55,-1.5999999999999999,-0.7527720101311596,false,true
32,11,0.6000000000000001,-1.5999999999999999,-0.7199999690055847,false,true
33,11,0.6500000000000001,-1.5999999999999999,-0.7199981118591576,false,true
34,11,0.7000000000000002,-1.5999999999999999,-0.7199927099005897,false,true
35,11,0.75,-1.5999999999999999,-0.7199869249179938,false,true
36,11,0.8,-1.5999999999999999,-0.7199999690055847,false,true
37,11,0.8500000000000001,-1.5999999999999999,-0.7346645344342712,false,true
38,11,0.9000000000000001,-1.5999999999999999,-0.7493296265602112,false,true
39,11,0.9500000000000002,-1.5999999999999999,-0.7497332934050416,false,true
40,11,1.0,-1.5999999999999999,-0.7499671788284512,false,true
41,11,1.0500000000000003,-1.5999999999999999,-0.75,false,true
42,11,1.1,-1.5999999999999999,-0.7496342003574828,false,true
43,11,1.15,-1.5999999999999999,-0.7488425319385132,false,true
44,11,1.2000000000000002,-1.5999999999999999,-0.746267897618758,false,true
45,11,1.25,-1.5999999999999999,-0.741688249266586,false,true
46,11,1.3000000000000003,-1.5999999999999999,-0.7409925460815429,false,true
47,11,1.35,-1.5999999999999999,-0.7404216745027825,false,true
48,11,1.4000000000000004,-1.5999999999999999,-0.7407398223876953,false,true
49,11,1.4500000000000002,-1.5999999999999999,-0.7319561771378584,false,true
50,11,1.5,-1.5999999999999999,-0.7253598868846892,false,true
51,11,1.5500000000000003,-1.5999999999999999,-0.725704040178314,false,true
52,11,1.6,-1.5999999999999999,-0.725113332271576,false,true
53,11,1.6500000000000004,-1.5999999999999999,-0.72566163908839,false,true
54,11,1.7000000000000002,-1.5999999999999999,-0.7293825062575668,false,true
55,11,1.75,-1.5999999999999999,-0.7325971722602844,true,false
56,11,1.8000000000000003,-1.5999999999999999,-0.7344037890434265,true,false
57,11,1.85,-1.5999999999999999,-0.7334976196289062,true,false
58,11,1.9000000000000004,-1.5999999999999999,-0.7319027185440063,true,false
59,11,1.9500000000000002,-1.5999999999999999,-0.7199999690055847,true,false
60,11,2.0,-1.5999999999999999,-0.7055207788944244,true,false
61,11,2.0500000000000003,-1.5999999999999999,-0.695501983165741,true,false
62,11,2.1,-1.5999999999999999,-0.6919735074043274,true,false
63,11,2.1500000000000004,-1.5999999999999999,-0.6899999976158142,true,false
64,11,2.2,-1.5999999999999999,-0.6866762638092041,true,false
65,11,2.25,-1.5999999999999999,-0.6899999976158142,true,false
66,11,2.3000000000000003,-1.5999999999999999,-0.6910510063171387,true,false
67,11,2.35,-1.5999999999999999,-0.69028440117836,true,false
68,11,2.4000000000000004,-1.5999999999999999,-0.6899999976158142,true,false
69,11,2.45,-1.5999999999999999,-0.6875354647636414,true,false
70,11,2.5,-1.5999999999999999,-0.6860232949256897,true,false
71,11,2.5500000000000003,-1.5999999999999999,-0.6851348280906677,true,false
72,11,2.6,-1.5999999999999999,-0.6833528876304626,true,false
73,11,2.6500000000000004,-1.5999999999999999,-0.6808222532272339,true,false
74,11,2.7,-1.5999999999999999,-0.684299111366272,true,false
75,11,2.75,-1.5999999999999999,-0.6851032376289368,true,false
76,11,2.8000000000000003,-1.5999999999999999,-0.6807080507278442,true,false
77,11,2.85,-1.5999999999999999,-0.6764649748802185,true,false
78,11,2.9000000000000004,-1.5999999999999999,-0.6736375391483307,true,false
79,11,2.95,-1.5999999999999999,-0.6725448369979858,true,false
80,11,3.0,-1.5999999999999999,-0.6706404983997345,true,false
81,11,3.05,-1.5999999999999999,-0.6711923182010651,true,false
82,11,3.1000000000000005,-1.5999999999999999,-0.6708829998970032,true,false
83,11,3.1500000000000004,-1.5999999999999999,-0.6634638905525208,true,false
84,11,3.2,-1.5999999999999999,-0.6645785570144653,true,false
85,11,3.25,-1.5999999999999999,-0.6599999666213989,true,false
86,11,3.3,-1.5999999999999999,-0.6599999666213989,false,true
87,11,3.3500000000000005,-1.5999999999999999,-0.6599999666213989,false,true
0,12,-1.0,-1.5499999999999998,-0.7050306200657294,false,true
1,12,-0.95,-1.5499999999999998,-0.7050306199877617,false,true
2,12,-0.9,-1.5499999999999998,-0.7482151568519553,false,true
3,12,-0.85,-1.5499999999999998,-0.821935772895813,false,true
4,12,-0.8,-1.5499999999999998,-0.821935772895813,false,true
5,12,-0.75,-1.5499999999999998,-0.821935772893554,false,true
6,12,-0.7,-1.5499999999999998,-0.8219357728337942,false,true
7,12,-0.6499999999999999,-1.5499999999999998,-0.8219357720444223,false,true
8,12,-0.6,-1.5499999999999998,-0.8219357651220829,false,true
9,12,-0.55,-1.5499999999999998,-0.8219357198901013,false,true
10,12,-0.5,-1.5499999999999998,-0.8147636510474369,false,true
11,12,-0.44999999999999996,-1.5499999999999998,-0.8075916764629026,false,true
12,12,-0.3999999999999999,-1.5499999999999998,-0.8075916767120361,false,true
13,12,-0.35,-1.5499999999999998,-0.8075916759762296,false,true
14,12,-0.29999999999999993,-1.5499999999999998,-0.8019400537308595,false,true
15,12,-0.25,-1.5499999999999998,-0.7962884325382796,false,true
16,12,-0.19999999999999996,-1.5499999999999998,-0.7962884306907655,false,true
17,12,-0.1499999999999999,-1.5499999999999998,-0.7962884260455896,false,true
18,12,-0.09999999999999998,-1.5499999999999998,-0.7953977364273044,false,true
19,12,-0.04999999999999993,-1.5499999999999998,-0.7938772439956665,false,true
20,12,0.0,-1.5499999999999998,-0.7938772592358254,false,true
21,12,0.050000000000000044,-1.5499999999999998,-0.7943664258531078,false,true
22,12,0.10000000000000009,-1.5499999999999998,-0.7948555736258243,false,true
23,12,0.15000000000000013,-1.5499999999999998,-0.7948555946350098,false,true
24,12,0.20000000000000018,-1.5499999999999998,-0.7948555141333128,false,true
25,12,0.25,-1.5499999999999998,-0.7917828031100227,false,true
26,12,0.30000000000000004,-1.5499999999999998,-0.7865375280380249,false,true
27,12,0.3500000000000001,-1.5499999999999998,-0.7865371254295371,false,true
28,12,0.40000000000000013,-1.5499999999999998,-0.7811562831126261,false,true
29,12,0.4500000000000002,-1.5499999999999998,-0.7719714641571044,false,true
30,12,0.5,-1.5499999999999998,-0.7719709510972191,false,true
31,12,0.55,-1.5499999999999998,-0.7719696651188822,false,true
32,12,0.6000000000000001,-1.5499999999999998,-0.7527701501421395,false,true
33,12,0.6500000000000001,-1.5499999999999998,-0.7199999690055847,false,true
34,12,0.7000000000000002,-1.5499999999999998,-0.7199954854574934,false,true
35,12,0.75,-1.5499999999999998,-0.7199824476612282,false,true
36,12,0.8,-1.5499999999999998,-0.719968477792414,false,true
37,12,0.8500000000000001,-1.5499999999999998,-0.7199999690055847,false,true
38,12,0.9000000000000001,-1.5499999999999998,-0.7346637895718716,false,true
39,12,0.9500000000000002,-1.5499999999999998,-0.7493296265602112,false,true
40,12,1.0,-1.5499999999999998,-0.7497066939988956,false,true
41,12,1.0500000000000003,-1.5499999999999998,-0.7499207626825137,false,true
42,12,1.1,-1.5499999999999998,-0.75,false,true
43,12,1.15,-1.5499999999999998,-0.7491168815419238,false,true
44,12,1.2000000000000002,-1.5499999999999998,-0.7472970749470519,false,true
45,12,1.25,-1.5499999999999998,-0.7419634371598324,false,true
46,12,1.3000000000000003,-1.5499999999999998,-0.7366741220149645,false,true
47,12,1.35,-1.5499999999999998,-0.7409925460815429,false,true
48,12,1.4000000000000004,-1.5499999999999998,-0.7391644111200418,false,true
49,12,1.4500000000000002,-1.5499999999999998,-0.7407398223876953,false,true
50,12,1.5,-1.5499999999999998,-0.7288627900358462,false,true
51,12,1.5500000000000003,-1.5499999999999998,-0.7253598868846892,false,true
52,12,1.6,-1.5499999999999998,-0.7270261335668036,false,true
53,12,1.6500000000000004,-1.5499999999999998,-0.7251133322715759,true,false
54,12,1.7000000000000002,-1.5499999999999998,-0.7264370620250702,true,false
55,12,1.75,-1.5499999999999998,-0.7332709431648254,true,false
56,12,1.8000000000000003,-1.5499999999999998,-0.7323726117610931,true,false
57,12,1.85,-1.5499999999999998,-0.731367826461792,true,false
58,12,1.9000000000000004,-1.5499999999999998,-0.7253217697143555,true,false
59,12,1.9500000000000002,-1.5499999999999998,-0.6899999976158142,true,false
60,12,2.0,-1.5499999999999998,-0.6899999976158142,true,false
61,12,2.0500000000000003,-1.5499999999999998,-0.6899999976158142,true,false
62,12,2.1,-1.5499999999999998,-0.6946332454681396,true,false
63,12,2.1500000000000004,-1.5499999999999998,-0.6899999976158142,true,false
64,12,2.2,-1.5499999999999998,-0.6863375008106232,true,false
65,12,2.25,-1.5499999999999998,-0.6860480904579163,true,false
66,12,2.3000000000000003,-1.5499999999999998,-0.6893064081668854,true,false
67,12,2.35,-1.5499999999999998,-0.688585489988327,true,false
68,12,2.4000000000000004,-1.5499999999999998,-0.6855868697166443,true,false
69,12,2.45,-1.5499999999999998,-0.6853311657905579,true,false
70,12,2.5,-1.5499999999999998,-0.684695690870285,true,false
71,12,2.5500000000000003,-1.5499999999999998,-0.6825259625911713,true,false
72,12,2.6,-1.5499999999999998,-0.6808714866638184,true,false
73,12,2.6500000000000004,-1.5499999999999998,-0.6787979602813721,true,false
74,12,2.7,-1.5499999999999998,-0.6775777339935303,true,false
75,12,2.75,-1.5499999999999998,-0.6825054883956909,true,false
76,12,2.8000000000000003,-1.5499999999999998,-0.680139422416687,true,false
77,12,2.85,-1.5499999999999998,-0.6754209995269775,true,false
78,12,2.9000000000000004,-1.5499999999999998,-0.6738662719726562,true,false
79,12,2.95,-1.5499999999999998,-0.6731913387775421,true,false
80,12,3.0,-1.5499999999999998,-0.6713440120220184,true,false
81,12,3.05,-1.5499999999999998,-0.6696944832801819,true,false
82,12,3.1000000000000005,-1.5499999999999998,-0.6686500608921051,true,false
83,12,3.1500000000000004,-1.5499999999999998,-0.6655147671699524,true,false
84,12,3.2,-1.5499999999999998,-0.6600762605667114,true,false
85,12,3.25,-1.5499999999999998,-0.6609705697192971,false,true
86,12,3.3,-1.5499999999999998,-0.6599999666213989,false,true
87,12,3.3500000000000005,-1.5499999999999998,-0.6599999666213989,false,true
0,13,-1.0,-1.5,-0.705030620098114,false,true
1,13,-0.95,-1.5,-0.7050306200199306,false,true
2,13,-0.9,-1.5,-0.705030619831916,false,true
3,13,-0.85,-1.5,-0.7482151565867998,false,true
4,13,-0.8,-1.5,-0.821935772895813,false,true
5,13,-0.75,-1.5,-0.821935772895813,false,true
6,13,-0.7,-1.5,-0.8219357728881007,false,true
7,13,-0.6499999999999999,-1.5,-0.821935772694974,false,true
8,13,-0.6,-1.5,-0.8219357702807245,false,true
9,13,-0.55,-1.5,-0.8219357502537706,false,true
10,13,-0.5,-1.5,-0.8219356265587648,false,true
11,13,-0.44999999999999996,-1.5,-0.8147635248658185,false,true
12,13,-0.3999999999999999,-1.5,-0.8075916761105747,false,true
13,13,-0.35,-1.5,-0.8075916767120361,false,true
14,13,-0.29999999999999993,-1.5,-0.8075916749356421,false,true
15,13,-0.25,-1.5,-0.8019400537725186,false,true
16,13,-0.19999999999999996,-1.5,-0.7962884351510593,false,true
17,13,-0.1499999999999999,-1.5,-0.7962884306907655,false,true
18,13,-0.09999999999999998,-1.5,-0.7962884194763188,false,true
19,13,-0.04999999999999993,-1.5,-0.7953977271344587,false,true
20,13,0.0,-1.5,-0.7938772439956665,false,true
21,13,0.050000000000000044,-1.5,-0.7938772807886648,false,true
22,13,0.10000000000000009,-1.5,-0.7943664350985693,false,true
23,13,0.15000000000000013,-1.5,-0.794855543914349,false,true
24,13,0.20000000000000018,-1.5,-0.7948555946350098,false,true
25,13,0.25,-1.5,-0.7948554002867212,false,true
26,13,0.30000000000000004,-1.5,-0.7917826421312363,false,true
27,13,0.3500000000000001,-1.5,-0.7865375280380249,false,true
28,13,0.40000000000000013,-1.5,-0.7865365560551537,false,true
29,13,0.4500000000000002,-1.5,-0.7811554787574757,false,true
30,13,0.5,-1.5,-0.7719714641571044,false,true
31,13,0.55,-1.5,-0.7719702255209712,false,true
32,13,0.6000000000000001,-1.5,-0.7719670735524252,false,true
33,13,0.6500000000000001,-1.5,-0.7527655599253832,false,true
34,13,0.7000000000000002,-1.5,-0.7199999690055847,false,true
35,13,0.75,-1.5,-0.719989144762975,false,true
36,13,0.8,-1.5,-0.719957690218338,false,true
37,13,0.8500000000000001,-1.5,-0.7199239424916524,false,true
38,13,0.9000000000000001,-1.5,-0.7199999690055847,false,true
39,13,0.9500000000000002,-1.5,-0.734660937920457,false,true
40,13,1.0,-1.5,-0.7493296265602112,false,true
41,13,1.0500000000000003,-1.5,-0.7496439030478554,false,true
42,13,1.1,-1.5,-0.7498087041934784,false,true
43,13,1.15,-1.5,-0.75,false,true
44,13,1.2000000000000002,-1.5,-0.7478679634413304,false,true
45,13,1.25,-1.5,-0.7437867916428922,false,true
46,13,1.3000000000000003,-1.5,-0.7334802982393773,false,true
47,13,1.35,-1.5,-0.7279710274032685,false,true
48,13,1.4000000000000004,-1.5,-0.7409925460815429,false,true
49,13,1.4500000000000002,-1.5,-0.7343510698826075,false,true
50,13,1.5,-1.5,-0.7407398223876953,false,true
51,13,1.5500000000000003,-1.5,-0.7170199829471626,false,true
52,13,1.6,-1.5,-0.7253598868846893,true,false
53,13,1.6500000000000004,-1.5,-0.7320876717567444,true,false
54,13,1.7000000000000002,-1.5,-0.7345902919769287,true,false
55,13,1.75,-1.5,-0.7345816493034363,true,false
56,13,1.8000000000000003,-1.5,-0.7333596646785736,true,false
57,13,1.85,-1.5,-0.7282293438911438,true,false
58,13,1.9000000000000004,-1.5,-0.7135021090507507,true,false
59,13,1.9500000000000002,-1.5,-0.6599999666213989,true,false
60,13,2.0,-1.5,-0.6624749004840851,true,false
61,13,2.0500000000000003,-1.5,-0.6899999976158142,true,false
62,13,2.1,-1.5,-0.6905213594436646,true,false
63,13,2.1500000000000004,-1.5,-0.6892931759357452,true,false
64,13,2.2,-1.5,-0.686127245426178,true,false
65,13,2.25,-1.5,-0.6841935515403748,true,false
66,13,2.3000000000000003,-1.5,-0.6838129758834839,true,false
67,13,2.35,-1.5,-0.6858670115470886,true,false
68,13,2.4000000000000004,-1.5,-0.6845154166221619,true,false
69,13,2.45,-1.5,-0.6831944286823273,true,false
70,13,2.5,-1.5,-0.6822058260440826,true,false
71,13,2.5500000000000003,-1.5,-0.6819180250167847,true,false
72,13,2.6,-1.5,-0.6794816851615906,true,false
73,13,2.6500000000000004,-1.5,-0.6766404807567596,true,false
74,13,2.7,-1.5,-0.6599999666213989,true,false
75,13,2.75,-1.5,-0.6743612885475159,true,false
76,13,2.8000000000000003,-1.5,-0.6773430705070496,true,false
77,13,2.85,-1.5,-0.6752653121948242,true,false
78,13,2.9000000000000004,-1.5,-0.6737916469573975,true,false
79,13,2.95,-1.5,-0.6731641292572021,true,false
80,13,3.0,-1.5,-0.6711172461509705,true,false
81,13,3.05,-1.5,-0.6683090925216675,true,false
82,13,3.1000000000000005,-1.5,-0.6639518141746521,true,false
83,13,3.1500000000000004,-1.5,-0.6611990332603455,true,false
84,13,3.2,-1.5,-0.6599999666213989,true,false
85,13,3.25,-1.5,-0.6609955236400762,false,true
86,13,3.3,-1.5,-0.660884055816805,false,true
87,13,3.3500000000000005,-1.5,-0.660634756088257,false,true
0,14,-1.0,-1.4499999999999997,-0.692419821820375,false,true
1,14,-0.95,-1.4499999999999997,-0.705030620098114,false,true
2,14,-0.9,-1.4499999999999997,-0.7050306199093623,false,true
3,14,-0.85,-1.4499999999999997,-0.7050306194561917,false,true
4,14,-0.8,-1.4499999999999997,-0.7482151559484382,false,true
5,14,-0.75,-1.4499999999999997,-0.821935772895813,false,true
6,14,-0.7,-1.4499999999999997,-0.821935772895813,false,true
7,14,-0.6499999999999999,-1.4499999999999997,-0.8219357728694817,false,true
8,14,-0.6,-1.4499999999999997,-0.8219357722473435,false,true
9,14,-0.55,-1.4499999999999997,-0.8219357649107479,false,true
10,14,-0.5,-1.4499999999999997,-0.821935707532102,false,true
11,14,-0.44999999999999996,-1.4499999999999997,-0.82193537369319,false,true
12,14,-0.3999999999999999,-1.4499999999999997,-0.8147631902513126,false,true
13,14,-0.35,-1.4499999999999997,-0.8075916752599798,false,true
14,14,-0.29999999999999993,-1.4499999999999997,-0.8075916767120361,false,true
15,14,-0.25,-1.4499999999999997,-0.8075916724234417,false,true
16,14,-0.19999999999999996,-1.4499999999999997,-0.8019400538730855,false,true
17,14,-0.1499999999999999,-1.4499999999999997,-0.7962884414588673,false,true
18,14,-0.09999999999999998,-1.4499999999999997,-0.7962884306907655,false,true
19,14,-0.04999999999999993,-1.4499999999999997,-0.7962884036166962,false,true
20,14,0.0,-1.4499999999999997,-0.795397704693524,false,true
21,14,0.050000000000000044,-1.4499999999999997,-0.7938772439956665,false,true
22,14,0.10000000000000009,-1.4499999999999997,-0.7938773328218222,false,true
23,14,0.15000000000000013,-1.4499999999999997,-0.7943664574174426,false,true
24,14,0.20000000000000018,-1.4499999999999997,-0.7948554721845025,false,true
25,14,0.25,-1.4499999999999997,-0.7948555946350098,false,true
26,14,0.30000000000000004,-1.4499999999999997,-0.7948551254367358,false,true
27,14,0.3500000000000001,-1.4499999999999997,-0.7917822535534741,false,true
28,14,0.40000000000000013,-1.4499999999999997,-0.7865375280380249,false,true
29,14,0.4500000000000002,-1.4499999999999997,-0.7865351814637946,false,true
30,14,0.5,-1.4499999999999997,-0.7811535389529923,false,true
31,14,0.55,-1.4499999999999997,-0.7719714641571044,false,true
32,14,0.6000000000000001,-1.4499999999999997,-0.7719684738249528,false,true
33,14,0.6500000000000001,-1.4499999999999997,-0.7719607026633464,false,true
34,14,0.7000000000000002,-1.4499999999999997,-0.7527541578920464,false,true
35,14,0.75,-1.4499999999999997,-0.7199999690055847,false,true
36,14,0.8,-1.4499999999999997,-0.7199738369722744,false,true
37,14,0.8500000000000001,-1.4499999999999997,-0.7198980241782168,false,true
38,14,0.9000000000000001,-1.4499999999999997,-0.7198164247645492,false,true
39,14,0.9500000000000002,-1.4499999999999997,-0.7199999690055847,false,true
40,14,1.0,-1.4499999999999997,-0.7346500205808311,false,true
41,14,1.0500000000000003,-1.4499999999999997,-0.7493296265602112,false,true
42,14,1.1,-1.4499999999999997,-0.7494991961516382,false,true
43,14,1.15,-1.4499999999999997,-0.7495381710694707,false,true
44,14,1.2000000000000002,-1.4499999999999997,-0.75,false,true
45,14,1.25,-1.4499999999999997,-0.7448528084245848,false,true
46,14,1.3000000000000003,-1.4499999999999997,-0.7360660078953973,false,true
47,14,1.35,-1.4499999999999997,-0.718451042390267,false,true
48,14,1.4000000000000004,-1.4499999999999997,-0.7149241305126048,false,true
49,14,1.4500000000000002,-1.4499999999999997,-0.7409925460815429,false,true
50,14,1.5,-1.4499999999999997,-0.7159235437285544,false,true
51,14,1.5500000000000003,-1.4499999999999997,-0.7407398223876953,true,false
52,14,1.6,-1.4499999999999997,-0.6716806590557098,true,false
53,14,1.6500000000000004,-1.4499999999999997,-0.733485221862793,true,false
54,14,1.7000000000000002,-1.4499999999999997,-0.7308425903320312,true,false
55,14,1.75,-1.4499999999999997,-0.7322289049625397,true,false
56,14,1.8000000000000003,-1.4499999999999997,-0.7240490615367889,true,false
57,14,1.85,-1.4499999999999997,-0.7184073626995087,true,false
58,14,1.9000000000000004,-1.4499999999999997,-0.6899999976158142,true,false
59,14,1.9500000000000002,-1.4499999999999997,-0.4208528697490692,true,false
60,14,2.0,-1.4499999999999997,-0.6840404570102692,true,false
61,14,2.0500000000000003,-1.4499999999999997,-0.6901586055755615,true,false
62,14,2.1,-1.4499999999999997,-0.6899999976158142,true,false
63,14,2.1500000000000004,-1.4499999999999997,-0.6875573694705963,true,false
64,14,2.2,-1.4499999999999997,-0.6849191784858704,true,false
65,14,2.25,-1.4499999999999997,-0.6830703020095825,true,false
66,14,2.3000000000000003,-1.4499999999999997,-0.6835854947566986,true,false
67,14,2.35,-1.4499999999999997,-0.6856788396835327,true,false
68,14,2.4000000000000004,-1.4499999999999997,-0.6853905320167542,true,false
69,14,2.45,-1.4499999999999997,-0.6819714605808258,true,false
70,14,2.5,-1.4499999999999997,-0.6819934844970703,true,false
71,14,2.5500000000000003,-1.4499999999999997,-0.6812453269958496,true,false
72,14,2.6,-1.4499999999999997,-0.6791103482246399,true,false
73,14,2.6500000000000004,-1.4499999999999997,-0.6768934428691864,true,false
74,14,2.7,-1.4499999999999997,-0.6745557188987732,true,false
75,14,2.75,-1.4499999999999997,-0.6748899817466736,true,false
76,14,2.8000000000000003,-1.4499999999999997,-0.6741980910301208,true,false
77,14,2.85,-1.4499999999999997,-0.6738290786743164,true,false
78,14,2.9000000000000004,-1.4499999999999997,-0.6728062033653259,true,false
79,14,2.95,-1.4499999999999997,-0.6722458899021149,true,false
80,14,3.0,-1.4499999999999997,-0.6711000800132751,true,false
81,14,3.05,-1.4499999999999997,-0.6661152541637421,true,false
82,14,3.1000000000000005,-1.4499999999999997,-0.6616931557655334,true,false
83,14,3.1500000000000004,-1.4499999999999997,-0.6599999666213989,true,false
84,14,3.2,-1.4499999999999997,-0.6633227169513702,true,false
85,14,3.25,-1.4499999999999997,-0.6613450287212914,false,true
86,14,3.3,-1.4499999999999997,-0.6612695455551147,false,true
87,14,3.3500000000000005,-1.4499999999999997,-0.6612695455551147,false,true
0,15,-1.0,-1.4,-0.6814199005655449,false,true
1,15,-0.95,-1.4,-0.6901416976872622,false,true
2,15,-0.9,-1.4,-0.705030620098114,false,true
3,15,-0.85,-1.4,-0.7050306196424272,false,true
4,15,-0.8,-1.4,-0.7050306185508928,false,true
5,15,-0.75,-1.4,-0.7482151544133772,false,true
6,15,-0.7,-1.4,-0.821935772895813,false,true
7,15,-0.6499999999999999,-1.4,-0.821935772895813,false,true
8,15,-0.6,-1.4,-0.8219357728059126,false,true
9,15,-0.55,-1.4,-0.8219357708089378,false,true
10,15,-0.5,-1.4,-0.8219357486742832,false,true
11,15,-0.44999999999999996,-1.4,-0.8219355860714354,false,true
12,15,-0.3999999999999999,-1.4,-0.8219346983639018,false,true
13,15,-0.35,-1.4,-0.8147623176984785,false,true
14,15,-0.29999999999999993,-1.4,-0.8075916732064621,false,true
15,15,-0.25,-1.4,-0.8075916767120361,false,true
16,15,-0.19999999999999996,-1.4,-0.8075916663584533,false,true
17,15,-0.1499999999999999,-1.4,-0.801940054115834,false,true
18,15,-0.09999999999999998,-1.4,-0.7962884566872631,false,true
19,15,-0.04999999999999993,-1.4,-0.7962884306907655,false,true
20,15,0.0,-1.4,-0.79628836532818,false,true
21,15,0.050000000000000044,-1.4,-0.7953976504872455,false,true
22,15,0.10000000000000009,-1.4,-0.7938772439956665,false,true
23,15,0.15000000000000013,-1.4,-0.7938774584409763,false,true
24,15,0.20000000000000018,-1.4,-0.7943665112903788,false,true
25,15,0.25,-1.4,-0.7948552990133344,false,true
26,15,0.30000000000000004,-1.4,-0.7948555946350098,false,true
27,15,0.3500000000000001,-1.4,-0.794854461890173,false,true
28,15,0.40000000000000013,-1.4,-0.7917813157306152,false,true
29,15,0.4500000000000002,-1.4,-0.7865375280380249,false,true
30,15,0.5,-1.4,-0.7865318629066927,false,true
31,15,0.55,-1.4,-0.7811488658968689,false,true
32,15,0.6000000000000001,-1.4,-0.7719714641571044,false,true
33,15,0.6500000000000001,-1.4,-0.7719642448566683,false,true
34,15,0.7000000000000002,-1.4,-0.7719449317517518,false,true
35,15,0.75,-1.4,-0.7527256364103577,false,true
36,15,0.8,-1.4,-0.7199999690055847,false,true
37,15,0.8500000000000001,-1.4,-0.7199368806963543,false,true
38,15,0.9000000000000001,-1.4,-0.7197545821060343,false,true
39,15,0.9500000000000002,-1.4,-0.7195568540095812,false,true
40,15,1.0,-1.4,-0.7199999690055847,false,true
41,15,1.0500000000000003,-1.4,-0.7346082243416773,false,true
42,15,1.1,-1.4,-0.7493296265602112,false,true
43,15,1.15,-1.4,-0.7491830810618472,false,true
44,15,1.2000000000000002,-1.4,-0.7488850463324198,false,true
45,15,1.25,-1.4,-0.75,false,true
46,15,1.3000000000000003,-1.4,-0.7375735802905,false,true
47,15,1.35,-1.4,-0.7199999864633809,false,true
48,15,1.4000000000000004,-1.4,-0.6971379667744789,false,true
49,15,1.4500000000000002,-1.4,-0.6981354016957052,false,true
50,15,1.5,-1.4,-0.740992546081543,true,false
51,15,1.5500000000000003,-1.4,-0.6453751027584076,true,false
52,15,1.6,-1.4,-0.6963822245597839,true,false
53,15,1.6500000000000004,-1.4,-0.7211179733276367,true,false
54,15,1.7000000000000002,-1.4,-0.7270227670669556,true,false
55,15,1.75,-1.4,-0.7199999690055847,true,false
56,15,1.8000000000000003,-1.4,-0.7181023955345154,true,false
57,15,1.85,-1.4,-0.700814962387085,true,false
58,15,1.9000000000000004,-1.4,-0.6899999976158142,true,false
59,15,1.9500000000000002,-1.4,-0.3749999850988388,true,false
60,15,2.0,-1.4,-0.691829115152359,true,false
61,15,2.0500000000000003,-1.4,-0.6909196376800537,true,false
62,15,2.1,-1.4,-0.6900652050971985,true,false
63,15,2.1500000000000004,-1.4,-0.6899999976158142,true,false
64,15,2.2,-1.4,-0.685446560382843,true,false
65,15,2.25,-1.4,-0.6836069524288177,true,false
66,15,2.3000000000000003,-1.4,-0.6831970810890198,true,false
67,15,2.35,-1.4,-0.6822178959846497,true,false
68,15,2.4000000000000004,-1.4,-0.6832524538040161,true,false
69,15,2.45,-1.4,-0.680882453918457,true,false
70,15,2.5,-1.4,-0.6799706816673279,true,false
71,15,2.5500000000000003,-1.4,-0.6795747876167297,true,false
72,15,2.6,-1.4,-0.677291750907898,true,false
73,15,2.6500000000000004,-1.4,-0.6750496625900269,true,false
74,15,2.7,-1.4,-0.6753829121589661,true,false
75,15,2.75,-1.4,-0.6741582751274109,true,false
76,15,2.8000000000000003,-1.4,-0.6731183528900146,true,false
77,15,2.85,-1.4,-0.6721284687519073,true,false
78,15,2.9000000000000004,-1.4,-0.6704763770103455,true,false
79,15,2.95,-1.4,-0.6706950068473816,true,false
80,15,3.0,-1.4,-0.6681075990200043,true,false
81,15,3.05,-1.4,-0.6644183397293091,true,false
82,15,3.1000000000000005,-1.4,-0.6620163321495056,true,false
83,15,3.1500000000000004,-1.4,-0.6623693108558655,true,false
84,15,3.2,-1.4,-0.6599999666213989,true,false
85,15,3.25,-1.4,-0.6612695455551147,true,false
86,15,3.3,-1.4,-0.6612695455551147,false,true
87,15,3.3500000000000005,-1.4,-0.6597948156734676,false,true
0,16,-1.0,-1.3499999999999999,-0.6814198676650348,false,true
1,16,-0.95,-1.3499999999999999,-0.6814199470938925,false,true
2,16,-0.9,-1.3499999999999999,-0.6901418296837214,false,true
3,16,-0.85,-1.3499999999999999,-0.705030620098114,false,true
4,16,-0.8,-1.3499999999999999,-0.7050306189979887,false,true
5,16,-0.75,-1.3499999999999999,-0.7050306163713821,false,true
6,16,-0.7,-1.3499999999999999,-0.7482151507281782,false,true
7,16,-0.6499999999999999,-1.3499999999999999,-0.821935772895813,false,true
8,16,-0.6,-1.3499999999999999,-0.821935772895813,false,true
9,16,-0.55,-1.3499999999999999,-0.821935772588874,false,true
10,16,-0.5,-1.3499999999999999,-0.8219357662048526,false,true
11,16,-0.44999999999999996,-1.3499999999999999,-0.8219356999677234,false,true
12,16,-0.3999999999999999,-1.3499999999999999,-0.8219352448643422,false,true
13,16,-0.35,-1.3499999999999999,-0.8219329238917457,false,true
14,16,-0.29999999999999993,-1.3499999999999999,-0.8147600856816671,false,true
15,16,-0.25,-1.3499999999999999,-0.8075916682488319,false,true
16,16,-0.19999999999999996,-1.3499999999999999,-0.8075916767120361,false,true
17,16,-0.1499999999999999,-1.3499999999999999,-0.8075916517162759,false,true
18,16,-0.09999999999999998,-1.3499999999999999,-0.8019400547016381,false,true
19,16,-0.04999999999999993,-1.3499999999999999,-0.7962884934518626,false,true
20,16,0.0,-1.3499999999999999,-0.7962884306907655,false,true
21,16,0.050000000000000044,-1.3499999999999999,-0.7962882728915252,false,true
22,16,0.10000000000000009,-1.3499999999999999,-0.7953975194813511,false,true
23,16,0.15000000000000013,-1.3499999999999999,-0.7938772439956665,false,true
24,16,0.20000000000000018,-1.3499999999999999,-0.7938777617124416,false,true
25,16,0.25,-1.3499999999999999,-0.7943666412952578,false,true
26,16,0.30000000000000004,-1.3499999999999999,-0.7948548809411516,false,true
27,16,0.3500000000000001,-1.3499999999999999,-0.7948555946350098,false,true
28,16,0.40000000000000013,-1.3499999999999999,-0.7948528599470618,false,true
29,16,0.4500000000000002,-1.3499999999999999,-0.7917790530109595,false,true
30,16,0.5,-1.3499999999999999,-0.7865375280380249,false,true
31,16,0.55,-1.3499999999999999,-0.7865238512011302,false,true
32,16,0.6000000000000001,-1.3499999999999999,-0.7811376326485918,false,true
33,16,0.6500000000000001,-1.3499999999999999,-0.7719714641571044,false,true
34,16,0.7000000000000002,-1.3499999999999999,-0.7719540352240803,false,true
35,16,0.75,-1.3499999999999999,-0.7719055250923674,false,true
36,16,0.8,-1.3499999999999999,-0.7526538615792718,false,true
37,16,0.8500000000000001,-1.3499999999999999,-0.7199999690055847,false,true
38,16,0.9000000000000001,-1.3499999999999999,-0.7198476603538138,false,true
39,16,0.9500000000000002,-1.3499999999999999,-0.7194118055422263,false,true
40,16,1.0,-1.3499999999999999,-0.7189301947725424,false,true
41,16,1.0500000000000003,-1.3499999999999999,-0.7199999690055847,false,true
42,16,1.1,-1.3499999999999999,-0.7344482104859884,false,true
43,16,1.15,-1.3499999999999999,-0.7493296265602112,false,true
44,16,1.2000000000000002,-1.3499999999999999,-0.7485804002488169,false,true
45,16,1.25,-1.3499999999999999,-0.7473082637343105,false,true
46,16,1.3000000000000003,-1.3499999999999999,-0.75,true,false
47,16,1.35,-1.3499999999999999,-0.7199999690055847,true,false
48,16,1.4000000000000004,-1.3499999999999999,-0.6899999976158142,true,false
49,16,1.4500000000000002,-1.3499999999999999,-0.6843705773353577,true,false
50,16,1.5,-1.3499999999999999,-0.6651280522346497,true,false
51,16,1.5500000000000003,-1.3499999999999999,-0.6194974780082703,true,false
52,16,1.6,-1.3499999999999999,-0.7168200016021729,true,false
53,16,1.6500000000000004,-1.3499999999999999,-0.7191156148910522,true,false
54,16,1.7000000000000002,-1.3499999999999999,-0.7160610556602478,true,false
55,16,1.75,-1.3499999999999999,-0.6935999691486359,true,false
56,16,1.8000000000000003,-1.3499999999999999,-0.7013953328132629,true,false
57,16,1.85,-1.3499999999999999,-0.7014345824718475,true,false
58,16,1.9000000000000004,-1.3499999999999999,-0.7060511410236359,true,false
59,16,1.9500000000000002,-1.3499999999999999,-0.7011385262012482,true,false
60,16,2.0,-1.3499999999999999,-0.6956669688224792,true,false
61,16,2.0500000000000003,-1.3499999999999999,-0.6913773417472839,true,false
62,16,2.1,-1.3499999999999999,-0.6899999976158142,true,false
63,16,2.1500000000000004,-1.3499999999999999,-0.6871433854103088,true,false
64,16,2.2,-1.3499999999999999,-0.6844162940979004,true,false
65,16,2.25,-1.3499999999999999,-0.6837649345397949,true,false
66,16,2.3000000000000003,-1.3499999999999999,-0.6817702054977417,true,false
67,16,2.35,-1.3499999999999999,-0.6806215643882751,true,false
68,16,2.4000000000000004,-1.3499999999999999,-0.6788616180419922,true,false
69,16,2.45,-1.3499999999999999,-0.67934849858284,true,false
70,16,2.5,-1.3499999999999999,-0.678405374288559,true,false
71,16,2.5500000000000003,-1.3499999999999999,-0.677301287651062,true,false
72,16,2.6,-1.3499999999999999,-0.6747491359710693,true,false
73,16,2.6500000000000004,-1.3499999999999999,-0.6736340224742889,true,false
74,16,2.7,-1.3499999999999999,-0.6734067797660828,true,false
75,16,2.75,-1.3499999999999999,-0.6731684505939484,true,false
76,16,2.8000000000000003,-1.3499999999999999,-0.6713445782661438,true,false
77,16,2.85,-1.3499999999999999,-0.6705592274665833,true,false
78,16,2.9000000000000004,-1.3499999999999999,-0.6685135364532471,true,false
79,16,2.95,-1.3499999999999999,-0.667272537946701,true,false
80,16,3.0,-1.3499999999999999,-0.6639955043792725,true,false
81,16,3.05,-1.3499999999999999,-0.6622436046600342,true,false
82,16,3.1000000000000005,-1.3499999999999999,-0.6604354083538055,true,false
83,16,3.1500000000000004,-1.3499999999999999,-0.6612941920757294,true,false
84,16,3.2,-1.3499999999999999,-0.6599999666213989,true,false
85,16,3.25,-1.3499999999999999,-0.6506769690100038,false,true
86,16,3.3,-1.3499999999999999,-0.6562345027923584,false,true
87,16,3.3500000000000005,-1.3499999999999999,-0.6463833555369588,false,true
0,17,-1.0,-1.2999999999999998,-0.6814198542397331,false,true
1,17,-0.95,-1.2999999999999998,-0.6814198866512786,false,true
2,17,-0.9,-1.2999999999999998,-0.6814201254268163,false,true
3,17,-0.85,-1.2999999999999998,-0.690142195831922,false,true
4,17,-0.8,-1.2999999999999998,-0.705030620098114,false,true
5,17,-0.75,-1.2999999999999998,-0.7050306174421764,false,true
6,17,-0.7,-1.2999999999999998,-0.7050306111303182,false,true
7,17,-0.6499999999999999,-1.2999999999999998,-0.7482151419022597,false,true
8,17,-0.6,-1.2999999999999998,-0.821935772895813,false,true
9,17,-0.55,-1.2999999999999998,-0.821935772895813,false,true
10,17,-0.5,-1.2999999999999998,-0.8219357718478577,false,true
11,17,-0.44999999999999996,-1.2999999999999998,-0.8219357515334776,false,true
12,17,-0.3999999999999999,-1.2999999999999998,-0.8219355551626002,false,true
13,17,-0.35,-1.2999999999999998,-0.821934299367202,false,true
14,17,-0.29999999999999993,-1.2999999999999998,-0.821928347404846,false,true
15,17,-0.25,-1.2999999999999998,-0.8147545011724705,false,true
16,17,-0.19999999999999996,-1.2999999999999998,-0.8075916562800536,false,true
17,17,-0.1499999999999999,-1.2999999999999998,-0.8075916767120361,false,true
18,17,-0.09999999999999998,-1.2999999999999998,-0.8075916163669326,false,true
19,17,-0.04999999999999993,-1.2999999999999998,-0.8019400561144796,false,true
20,17,0.0,-1.2999999999999998,-0.7962885822094573,false,true
21,17,0.050000000000000044,-1.2999999999999998,-0.7962884306907655,false,true
22,17,0.10000000000000009,-1.2999999999999998,-0.7962880497296994,false,true
23,17,0.15000000000000013,-1.2999999999999998,-0.7953972025274172,false,true
24,17,0.20000000000000018,-1.2999999999999998,-0.7938772439956665,false,true
25,17,0.25,-1.2999999999999998,-0.7938784938745265,false,true
26,17,0.30000000000000004,-1.2999999999999998,-0.7943669548290215,false,true
27,17,0.3500000000000001,-1.2999999999999998,-0.7948538716256179,false,true
28,17,0.40000000000000013,-1.2999999999999998,-0.7948555946350098,false,true
29,17,0.4500000000000002,-1.2999999999999998,-0.7948489925142768,false,true
30,17,0.5,-1.2999999999999998,-0.7917735970098938,false,true
31,17,0.55,-1.2999999999999998,-0.7865375280380249,false,true
32,17,0.6000000000000001,-1.2999999999999998,-0.786504509232903,false,true
33,17,0.6500000000000001,-1.2999999999999998,-0.7811107474017008,false,true
34,17,0.7000000000000002,-1.2999999999999998,-0.7719714641571044,false,true
35,17,0.75,-1.2999999999999998,-0.7719293869906202,false,true
36,17,0.8,-1.2999999999999998,-0.7718058402074972,false,true
37,17,0.8500000000000001,-1.2999999999999998,-0.75247292598759,false,true
38,17,0.9000000000000001,-1.2999999999999998,-0.7199999690055847,false,true
39,17,0.9500000000000002,-1.2999999999999998,-0.7196322633928124,false,true
40,17,1.0,-1.2999999999999998,-0.7186048046155504,false,true
41,17,1.0500000000000003,-1.2999999999999998,-0.7174173055434968,false,true
42,17,1.1,-1.2999999999999998,-0.7199999690055847,false,true
43,17,1.15,-1.2999999999999998,-0.7338356091005341,false,true
44,17,1.2000000000000002,-1.2999999999999998,-0.7493296265602112,false,true
45,17,1.25,-1.2999999999999998,-0.7479003071987783,false,true
46,17,1.3000000000000003,-1.2999999999999998,-0.7435015738010406,true,false
47,17,1.35,-1.2999999999999998,-0.7437223792076111,true,false
48,17,1.4000000000000004,-1.2999999999999998,-0.7199999690055847,true,false
49,17,1.4500000000000002,-1.2999999999999998,-0.7199999690055847,true,false
50,17,1.5,-1.2999999999999998,-0.7199999690055847,true,false
51,17,1.5500000000000003,-1.2999999999999998,-0.7216177582740784,true,false
52,17,1.6,-1.2999999999999998,-0.7157011330127716,true,false
53,17,1.6500000000000004,-1.2999999999999998,-0.7094994187355042,true,false
54,17,1.7000000000000002,-1.2999999999999998,-0.6998209953308105,true,false
55,17,1.75,-1.2999999999999998,-0.7023841738700867,true,false
56,17,1.8000000000000003,-1.2999999999999998,-0.7073814868927002,true,false
57,17,1.85,-1.2999999999999998,-0.7057446241378784,true,false
58,17,1.9000000000000004,-1.2999999999999998,-0.7065098881721497,true,false
59,17,1.9500000000000002,-1.2999999999999998,-0.7047423720359802,true,false
60,17,2.0,-1.2999999999999998,-0.6980492472648621,true,false
61,17,2.0500000000000003,-1.2999999999999998,-0.6908296346664429,true,false
62,17,2.1,-1.2999999999999998,-0.6886016726493835,true,false
63,17,2.1500000000000004,-1.2999999999999998,-0.6864098906517029,true,false
64,17,2.2,-1.2999999999999998,-0.6838517189025879,true,false
65,17,2.25,-1.2999999999999998,-0.6818681359291077,true,false
66,17,2.3000000000000003,-1.2999999999999998,-0.6785014867782593,true,false
67,17,2.35,-1.2999999999999998,-0.6758681535720825,true,false
68,17,2.4000000000000004,-1.2999999999999998,-0.6754758358001709,true,false
69,17,2.45,-1.2999999999999998,-0.6773145198822021,true,false
70,17,2.5,-1.2999999999999998,-0.6776196956634521,true,false
71,17,2.5500000000000003,-1.2999999999999998,-0.676332950592041,true,false
72,17,2.6,-1.2999999999999998,-0.6741765439510345,true,false
73,17,2.6500000000000004,-1.2999999999999998,-0.6735156774520874,true,false
74,17,2.7,-1.2999999999999998,-0.6729018092155457,true,false
75,17,2.75,-1.2999999999999998,-0.6724305748939514,true,false
76,17,2.8000000000000003,-1.2999999999999998,-0.6690933704376221,true,false
77,17,2.85,-1.2999999999999998,-0.6671995520591736,true,false
78,17,2.9000000000000004,-1.2999999999999998,-0.665657639503479,true,false
79,17,2.95,-1.2999999999999998,-0.6623764038085938,true,false
80,17,3.0,-1.2999999999999998,-0.6599999666213989,true,false
81,17,3.05,-1.2999999999999998,-0.6599999666213989,true,false
82,17,3.1000000000000005,-1.2999999999999998,-0.6599999666213989,true,false
83,17,3.1500000000000004,-1.2999999999999998,-0.5399999618530273,true,false
84,17,3.2,-1.2999999999999998,-0.6124501824378967,true,false
85,17,3.25,-1.2999999999999998,-0.651199460029602,true,false
86,17,3.3,-1.2999999999999998,-0.6175655394652826,false,true
87,17,3.3500000000000005,-1.2999999999999998,-0.6418418530414312,false,true
0,18,-1.0,-1.25,-0.6814198501204733,false,true
1,18,-0.95,-1.25,-0.6814198600652458,false,true
2,18,-0.9,-1.25,-0.6814199607804122,false,true
3,18,-0.85,-1.25,-0.6814206236335645,false,true
4,18,-0.8,-1.25,-0.6901431850519517,false,true
5,18,-0.75,-1.25,-0.705030620098114,false,true
6,18,-0.7,-1.25,-0.7050306136861135,false,true
7,18,-0.6499999999999999,-1.25,-0.7050305985480819,false,true
8,18,-0.6,-1.25,-0.7482151208369876,false,true
9,18,-0.55,-1.25,-0.821935772895813,false,true
10,18,-0.5,-1.25,-0.821935772895813,false,true
11,18,-0.44999999999999996,-1.25,-0.8219357693178696,false,true
12,18,-0.3999999999999999,-1.25,-0.8219357050202143,false,true
13,18,-0.35,-1.25,-0.8219351290766609,false,true
14,18,-0.29999999999999993,-1.25,-0.8219317203278201,false,true
15,18,-0.25,-1.25,-0.8219167956996164,false,true
16,18,-0.19999999999999996,-1.25,-0.8147408848115857,false,true
17,18,-0.1499999999999999,-1.25,-0.8075916273848669,false,true
18,18,-0.09999999999999998,-1.25,-0.8075916767120361,false,true
19,18,-0.04999999999999993,-1.25,-0.8075915310260688,false,true
20,18,0.0,-1.25,-0.8019400595171363,false,true
21,18,0.050000000000000044,-1.25,-0.7962887964892462,false,true
22,18,0.10000000000000009,-1.25,-0.7962884306907655,false,true
23,18,0.15000000000000013,-1.25,-0.796287510969393,false,true
24,18,0.20000000000000018,-1.25,-0.7953964340605783,false,true
25,18,0.25,-1.25,-0.7938772439956665,false,true
26,18,0.30000000000000004,-1.25,-0.7938802614701616,false,true
27,18,0.3500000000000001,-1.25,-0.7943677098677108,false,true
28,18,0.40000000000000013,-1.25,-0.7948514349223681,false,true
29,18,0.4500000000000002,-1.25,-0.7948555946350098,false,true
30,18,0.5,-1.25,-0.7948396557055958,false,true
31,18,0.55,-1.25,-0.7917604573478216,false,true
32,18,0.6000000000000001,-1.25,-0.7865375280380249,false,true
33,18,0.6500000000000001,-1.25,-0.7864578135908861,false,true
34,18,0.7000000000000002,-1.25,-0.781046971556602,false,true
35,18,0.75,-1.25,-0.7719714641571044,false,true
36,18,0.8,-1.25,-0.7718698808911119,false,true
37,18,0.8500000000000001,-1.25,-0.7715496490545786,false,true
38,18,0.9000000000000001,-1.25,-0.7520211067714071,false,true
39,18,0.9500000000000002,-1.25,-0.7199999690055847,false,true
40,18,1.0,-1.25,-0.7191122491282693,false,true
41,18,1.0500000000000003,-1.25,-0.7167762182164473,false,true
42,18,1.1,-1.25,-0.7137648678483667,false,true
43,18,1.15,-1.25,-0.7199999690055847,false,true
44,18,1.2000000000000002,-1.25,-0.7314903093398037,false,true
45,18,1.25,-1.25,-0.7493296265602112,true,false
46,18,1.3000000000000003,-1.25,-0.75,true,false
47,18,1.35,-1.25,-0.7371977865695953,true,false
48,18,1.4000000000000004,-1.25,-0.7206162810325623,true,false
49,18,1.4500000000000002,-1.25,-0.7343109250068665,true,false
50,18,1.5,-1.25,-0.7314901947975159,true,false
51,18,1.5500000000000003,-1.25,-0.7199999690055847,true,false
52,18,1.6,-1.25,-0.41999998688697815,true,false
53,18,1.6500000000000004,-1.25,-0.6899999976158142,true,false
54,18,1.7000000000000002,-1.25,-0.7006711363792419,true,false
55,18,1.75,-1.25,-0.7102801501750946,true,false
56,18,1.8000000000000003,-1.25,-0.7109052538871765,true,false
57,18,1.85,-1.25,-0.7071508169174194,true,false
58,18,1.9000000000000004,-1.25,-0.7060840725898743,true,false
59,18,1.9500000000000002,-1.25,-0.7039510309696198,true,false
60,18,2.0,-1.25,-0.6973511576652527,true,false
61,18,2.0500000000000003,-1.25,-0.6948396563529968,true,false
62,18,2.1,-1.25,-0.6897631585597992,true,false
63,18,2.1500000000000004,-1.25,-0.6859419941902161,true,false
64,18,2.2,-1.25,-0.684391975402832,true,false
65,18,2.25,-1.25,-0.6821493208408356,true,false
66,18,2.3000000000000003,-1.25,-0.679837554693222,true,false
67,18,2.35,-1.25,-0.6782311201095581,true,false
68,18,2.4000000000000004,-1.25,-0.6747832298278809,true,false
69,18,2.45,-1.25,-0.6755056977272034,true,false
70,18,2.5,-1.25,-0.6772687435150146,true,false
71,18,2.5500000000000003,-1.25,-0.6777938604354858,true,false
72,18,2.6,-1.25,-0.6762583553791046,true,false
73,18,2.6500000000000004,-1.25,-0.6744650602340698,true,false
74,18,2.7,-1.25,-0.6723251342773438,true,false
75,18,2.75,-1.25,-0.6706184148788452,true,false
76,18,2.8000000000000003,-1.25,-0.6689903736114502,true,false
77,18,2.85,-1.25,-0.6666194796562195,true,false
78,18,2.9000000000000004,-1.25,-0.6645112037658691,true,false
79,18,2.95,-1.25,-0.6612327098846436,true,false
80,18,3.0,-1.25,-0.6590607762336731,true,false
81,18,3.05,-1.25,-0.6559028625488281,true,false
82,18,3.1000000000000005,-1.25,-0.6558708846569061,true,false
83,18,3.1500000000000004,-1.25,-0.5117627382278442,true,false
84,18,3.2,-1.25,-0.5999999642372131,true,false
85,18,3.25,-1.25,-0.5699999928474426,true,false
86,18,3.3,-1.25,-0.6312364653914072,false,true
87,18,3.3500000000000005,-1.25,-0.6634401679039001,false,true
0,19,-1.0,-1.1999999999999997,-0.681419849395752,false,true
1,19,-0.95,-1.1999999999999997,-0.6814198511453844,false,true
2,19,-0.9,-1.1999999999999997,-0.6814198833493285,false,true
3,19,-0.85,-1.1999999999999997,-0.6814201799195289,false,true
4,19,-0.8,-1.1999999999999997,-0.6814219914242076,false,true
5,19,-0.75,-1.1999999999999997,-0.6901458079415811,false,true
6,19,-0.7,-1.1999999999999997,-0.705030620098114,false,true
7,19,-0.6499999999999999,-1.1999999999999997,-0.7050306046181752,false,true
8,19,-0.6,-1.1999999999999997,-0.7050305684136418,false,true
9,19,-0.55,-1.1999999999999997,-0.7482150708093285,false,true
10,19,-0.5,-1.1999999999999997,-0.821935772895813,false,true
11,19,-0.44999999999999996,-1.1999999999999997,-0.821935772895813,false,true
12,19,-0.3999999999999999,-1.1999999999999997,-0.8219357606799502,false,true
13,19,-0.35,-1.1999999999999997,-0.821935558429862,false,true
14,19,-0.29999999999999993,-1.1999999999999997,-0.8219338902762513,false,true
15,19,-0.25,-1.1999999999999997,-0.8219248134552771,false,true
16,19,-0.19999999999999996,-1.1999999999999997,-0.821888362304186,false,true
17,19,-0.1499999999999999,-1.1999999999999997,-0.8147086814744143,false,true
18,19,-0.09999999999999998,-1.1999999999999997,-0.8075915576257151,false,true
19,19,-0.04999999999999993,-1.1999999999999997,-0.8075916767120361,false,true
20,19,0.0,-1.1999999999999997,-0.807591324994998,false,true
21,19,0.050000000000000044,-1.1999999999999997,-0.8019400676838236,false,true
22,19,0.10000000000000009,-1.1999999999999997,-0.7962893138064188,false,true
23,19,0.15000000000000013,-1.1999999999999997,-0.7962884306907655,false,true
24,19,0.20000000000000018,-1.1999999999999997,-0.7962862102869541,false,true
25,19,0.25,-1.1999999999999997,-0.7953945630171941,false,true
26,19,0.30000000000000004,-1.1999999999999997,-0.7938772439956665,false,true
27,19,0.3500000000000001,-1.1999999999999997,-0.7938845288235163,false,true
28,19,0.40000000000000013,-1.1999999999999997,-0.7943695216254815,false,true
29,19,0.4500000000000002,-1.1999999999999997,-0.7948455522003345,false,true
30,19,0.5,-1.1999999999999997,-0.7948555946350098,false,true
31,19,0.55,-1.1999999999999997,-0.7948171146554487,false,true
32,19,0.6000000000000001,-1.1999999999999997,-0.7917288913058909,false,true
33,19,0.6500000000000001,-1.1999999999999997,-0.7865375280380249,false,true
34,19,0.7000000000000002,-1.1999999999999997,-0.7863450803386253,false,true
35,19,0.75,-1.1999999999999997,-0.7808984634305,false,true
36,19,0.8,-1.1999999999999997,-0.7719714641571044,false,true
37,19,0.8500000000000001,-1.1999999999999997,-0.7717262204586351,false,true
38,19,0.9000000000000001,-1.1999999999999997,-0.7708781242777086,false,true
39,19,0.9500000000000002,-1.1999999999999997,-0.7509328704919035,false,true
40,19,1.0,-1.1999999999999997,-0.7199999690055847,false,true
41,19,1.0500000000000003,-1.1999999999999997,-0.7178568236381819,false,true
42,19,1.1,-1.1999999999999997,-0.7130592023267784,false,true
43,19,1.15,-1.1999999999999997,-0.7049471032290607,false,true
44,19,1.2000000000000002,-1.1999999999999997,-0.7199999690055847,true,false
45,19,1.25,-1.1999999999999997,-0.722511500120163,true,false
46,19,1.3000000000000003,-1.1999999999999997,-0.7338707447052002,true,false
47,19,1.35,-1.1999999999999997,-0.7461560070514679,true,false
48,19,1.4000000000000004,-1.1999999999999997,-0.7424503564834595,true,false
49,19,1.4500000000000002,-1.1999999999999997,-0.5959402471780777,true,false
50,19,1.5,-1.1999999999999997,-0.7186937034130096,true,false
51,19,1.5500000000000003,-1.1999999999999997,-0.38999998569488525,true,false
52,19,1.6,-1.1999999999999997,-0.4049999862909317,true,false
53,19,1.6500000000000004,-1.1999999999999997,-0.7119452357292175,true,false
54,19,1.7000000000000002,-1.1999999999999997,-0.7128494679927826,true,false
55,19,1.75,-1.1999999999999997,-0.7159065902233124,true,false
56,19,1.8000000000000003,-1.1999999999999997,-0.7141188979148865,true,false
57,19,1.85,-1.1999999999999997,-0.7096662521362305,true,false
58,19,1.9000000000000004,-1.1999999999999997,-0.7065954804420471,true,false
59,19,1.9500000000000002,-1.1999999999999997,-0.704693078994751,true,false
60,19,2.0,-1.1999999999999997,-0.7011064291000366,true,false
61,19,2.0500000000000003,-1.1999999999999997,-0.6995702385902405,true,false
62,19,2.1,-1.1999999999999997,-0.6899999976158142,true,false
63,19,2.1500000000000004,-1.1999999999999997,-0.6856740117073059,true,false
64,19,2.2,-1.1999999999999997,-0.6846491396427155,true,false
65,19,2.25,-1.1999999999999997,-0.684228777885437,true,false
66,19,2.3000000000000003,-1.1999999999999997,-0.6828678250312805,true,false
67,19,2.35,-1.1999999999999997,-0.682771623134613,true,false
68,19,2.4000000000000004,-1.1999999999999997,-0.6796179711818695,true,false
69,19,2.45,-1.1999999999999997,-0.6768348217010498,true,false
70,19,2.5,-1.1999999999999997,-0.677237331867218,true,false
71,19,2.5500000000000003,-1.1999999999999997,-0.6789501905441284,true,false
72,19,2.6,-1.1999999999999997,-0.6754993796348572,true,false
73,19,2.6500000000000004,-1.1999999999999997,-0.67257359623909,true,false
74,19,2.7,-1.1999999999999997,-0.6709009408950806,true,false
75,19,2.75,-1.1999999999999997,-0.6701894700527191,true,false
76,19,2.8000000000000003,-1.1999999999999997,-0.668683648109436,true,false
77,19,2.85,-1.1999999999999997,-0.6662828922271729,true,false
78,19,2.9000000000000004,-1.1999999999999997,-0.6650837063789368,true,false
79,19,2.95,-1.1999999999999997,-0.6599999666213989,true,false
80,19,3.0,-1.1999999999999997,-0.6579711735248566,true,false
81,19,3.05,-1.1999999999999997,-0.6561412811279297,true,false
82,19,3.1000000000000005,-1.1999999999999997,-0.6563932299613953,true,false
83,19,3.1500000000000004,-1.1999999999999997,-0.6599999666213989,true,false
84,19,3.2,-1.1999999999999997,-0.6438076198101044,true,false
85,19,3.25,-1.1999999999999997,-0.6523320078849792,true,false
86,19,3.3,-1.1999999999999997,-0.6634401679039001,true,false
87,19,3.3500000000000005,-1.1999999999999997,-0.6670778034837799,false,true
0,20,-1.0,-1.15,-0.681419849395752,false,true
1,20,-0.95,-1.15,-0.681419849395752,false,true
2,20,-0.9,-1.15,-0.6814198553693708,false,true
3,20,-0.85,-1.15,-0.6814199568725405,false,true
4,20,-0.8,-1.15,-0.6814208199057628,false,true
5,20,-0.75,-1.15,-0.6814256827531479,false,true
6,20,-0.7,-1.15,-0.6901526120593284,false,true
7,20,-0.6499999999999999,-1.15,-0.705030620098114,false,true
8,20,-0.6,-1.15,-0.7050305827262359,false,true
9,20,-0.55,-1.15,-0.705030496488105,false,true
10,20,-0.5,-1.15,-0.7482149528644313,false,true
11,20,-0.44999999999999996,-1.15,-0.821935772895813,false,true
12,20,-0.3999999999999999,-1.15,-0.821935772895813,false,true
13,20,-0.35,-1.15,-0.8219357311882489,false,true
14,20,-0.29999999999999993,-1.15,-0.8219350996466573,false,true
15,20,-0.25,-1.15,-0.8219303390562236,false,true
16,20,-0.19999999999999996,-1.15,-0.821906712884098,false,true
17,20,-0.1499999999999999,-1.15,-0.8218204339131594,false,true
18,20,-0.09999999999999998,-1.15,-0.8146352511479144,false,true
19,20,-0.04999999999999993,-1.15,-0.8075913892122248,false,true
20,20,0.0,-1.15,-0.8075916767120361,false,true
21,20,0.050000000000000044,-1.15,-0.8075908275919925,false,true
22,20,0.10000000000000009,-1.15,-0.8019400871198817,false,true
23,20,0.15000000000000013,-1.15,-0.7962905627205529,false,true
24,20,0.20000000000000018,-1.15,-0.7962884306907655,false,true
25,20,0.25,-1.15,-0.7962830701617701,false,true
26,20,0.30000000000000004,-1.15,-0.795389969628189,false,true
27,20,0.3500000000000001,-1.15,-0.7938772439956665,false,true
28,20,0.40000000000000013,-1.15,-0.7938948311258613,false,true
29,20,0.4500000000000002,-1.15,-0.7943738310931991,false,true
30,20,0.5,-1.15,-0.7948313500530172,false,true
31,20,0.55,-1.15,-0.7948555946350098,false,true
32,20,0.6000000000000001,-1.15,-0.7947626957464736,false,true
33,20,0.6500000000000001,-1.15,-0.7916534369319336,false,true
34,20,0.7000000000000002,-1.15,-0.7865375280380249,false,true
35,20,0.75,-1.15,-0.7860729181920869,false,true
36,20,0.8,-1.15,-0.780566298164983,false,true
37,20,0.8500000000000001,-1.15,-0.7719714641571044,false,true
38,20,0.9000000000000001,-1.15,-0.7713793934941734,false,true
39,20,0.9500000000000002,-1.15,-0.7690758826739881,false,true
40,20,1.0,-1.15,-0.7485739824049324,false,true
41,20,1.0500000000000003,-1.15,-0.7199999690055847,false,true
42,20,1.1,-1.15,-0.7148259583934639,false,true
43,20,1.15,-1.15,-0.7081513391415608,false,true
44,20,1.2000000000000002,-1.15,-0.6836591362953186,true,false
45,20,1.25,-1.15,-0.7199999690055847,true,false
46,20,1.3000000000000003,-1.15,-0.7273034453392029,true,false
47,20,1.35,-1.15,-0.744097113609314,true,false
48,20,1.4000000000000004,-1.15,-0.7339484095573425,true,false
49,20,1.4500000000000002,-1.15,-0.42704999446868896,true,false
50,20,1.5,-1.15,-0.7164859175682068,true,false
51,20,1.5500000000000003,-1.15,-0.3606599271297455,true,false
52,20,1.6,-1.15,-0.7124971747398376,true,false
53,20,1.6500000000000004,-1.15,-0.7125757336616516,true,false
54,20,1.7000000000000002,-1.15,-0.711905837059021,true,false
55,20,1.75,-1.15,-0.7164625525474548,true,false
56,20,1.8000000000000003,-1.15,-0.714746356010437,true,false
57,20,1.85,-1.15,-0.7105854153633118,true,false
58,20,1.9000000000000004,-1.15,-0.7077598571777344,true,false
59,20,1.9500000000000002,-1.15,-0.7036036849021912,true,false
60,20,2.0,-1.15,-0.7025616765022278,true,false
61,20,2.0500000000000003,-1.15,-0.701949954032898,true,false
62,20,2.1,-1.15,-0.695338785648346,true,false
63,20,2.1500000000000004,-1.15,-0.6899999976158142,true,false
64,20,2.2,-1.15,-0.6844658851623535,true,false
65,20,2.25,-1.15,-0.6848484873771667,true,false
66,20,2.3000000000000003,-1.15,-0.6851956844329834,true,false
67,20,2.35,-1.15,-0.6850989758968353,true,false
68,20,2.4000000000000004,-1.15,-0.6847588419914246,true,false
69,20,2.45,-1.15,-0.6803158521652222,true,false
70,20,2.5,-1.15,-0.6765524744987488,true,false
71,20,2.5500000000000003,-1.15,-0.6773570775985718,true,false
72,20,2.6,-1.15,-0.6741094291210175,true,false
73,20,2.6500000000000004,-1.15,-0.6715681850910187,true,false
74,20,2.7,-1.15,-0.6700814366340637,true,false
75,20,2.75,-1.15,-0.6700863838195801,true,false
76,20,2.8000000000000003,-1.15,-0.6708136200904846,true,false
77,20,2.85,-1.15,-0.6694993376731873,true,false
78,20,2.9000000000000004,-1.15,-0.665854811668396,true,false
79,20,2.95,-1.15,-0.6600102782249451,true,false
80,20,3.0,-1.15,-0.6591471433639526,true,false
81,20,3.05,-1.15,-0.6541820168495178,true,false
82,20,3.1000000000000005,-1.15,-0.6599999666213989,true,false
83,20,3.1500000000000004,-1.15,-0.6645411252975464,true,false
84,20,3.2,-1.15,-0.6698577404022217,true,false
85,20,3.25,-1.15,-0.6686417460441589,true,false
86,20,3.3,-1.15,-0.6722221970558167,true,false
87,20,3.3500000000000005,-1.15,-0.6684256675599728,false,true
0,21,-1.0,-1.0999999999999999,-0.681419849395752,false,true
1,21,-0.95,-1.0999999999999999,-0.681419849395752,false,true
2,21,-0.9,-1.0999999999999999,-0.681419849395752,false,true
3,21,-0.85,-1.0999999999999999,-0.6814198697909621,false,true
4,21,-0.8,-1.0999999999999999,-0.6814201875012784,false,true
5,21,-0.75,-1.0999999999999999,-0.681422664375562,false,true
6,21,-0.7,-1.0999999999999999,-0.6814354466355355,false,true
7,21,-0.6499999999999999,-1.0999999999999999,-0.6901698125613263,false,true
8,21,-0.6,-1.0999999999999999,-0.705030620098114,false,true
9,21,-0.55,-1.0999999999999999,-0.7050305298744189,false,true
10,21,-0.5,-1.0999999999999999,-0.7050303256627178,false,true
11,21,-0.44999999999999996,-1.0999999999999999,-0.7482146778114863,false,true
12,21,-0.3999999999999999,-1.0999999999999999,-0.821935772895813,false,true
13,21,-0.35,-1.0999999999999999,-0.821935772895813,false,true
14,21,-0.29999999999999993,-1.0999999999999999,-0.821935630497282,false,true
15,21,-0.25,-1.0999999999999999,-0.8219336756613487,false,true
16,21,-0.19999999999999996,-1.0999999999999999,-0.821920328942945,false,true
17,21,-0.1499999999999999,-1.0999999999999999,-0.8218604940917601,false,true
18,21,-0.09999999999999998,-1.0999999999999999,-0.8216638852354857,false,true
19,21,-0.04999999999999993,-1.0999999999999999,-0.8144751180692809,false,true
20,21,0.0,-1.0999999999999999,-0.8075909826260925,false,true
21,21,0.050000000000000044,-1.0999999999999999,-0.8075916767120361,false,true
22,21,0.10000000000000009,-1.0999999999999999,-0.8075896267549105,false,true
23,21,0.15000000000000013,-1.0999999999999999,-0.8019401324103094,false,true
24,21,0.20000000000000018,-1.0999999999999999,-0.7962935778659935,false,true
25,21,0.25,-1.0999999999999999,-0.7962884306907655,false,true
26,21,0.30000000000000004,-1.0999999999999999,-0.7962754892289634,false,true
27,21,0.3500000000000001,-1.0999999999999999,-0.795378511842113,false,true
28,21,0.40000000000000013,-1.0999999999999999,-0.7938772439956665,false,true
29,21,0.4500000000000002,-1.0999999999999999,-0.7939197030839061,false,true
30,21,0.5,-1.0999999999999999,-0.794383859120699,false,true
31,21,0.55,-1.0999999999999999,-0.7947970630363493,false,true
32,21,0.6000000000000001,-1.0999999999999999,-0.7948555946350098,false,true
33,21,0.6500000000000001,-1.0999999999999999,-0.7946313168783766,false,true
34,21,0.7000000000000002,-1.0999999999999999,-0.791474908763109,false,true
35,21,0.75,-1.0999999999999999,-0.7865375280380249,false,true
36,21,0.8,-1.0999999999999999,-0.7854158606467493,false,true
37,21,0.8500000000000001,-1.0999999999999999,-0.7798916820789391,false,true
38,21,0.9000000000000001,-1.0999999999999999,-0.7719714641571044,false,true
39,21,0.9500000000000002,-1.0999999999999999,-0.7705420791327732,false,true
40,21,1.0,-1.0999999999999999,-0.7641067862737544,false,true
41,21,1.0500000000000003,-1.0999999999999999,-0.7450489410649102,false,true
42,21,1.1,-1.0999999999999999,-0.7199999690055847,true,false
43,21,1.15,-1.0999999999999999,-0.7075088024139404,true,false
44,21,1.2000000000000002,-1.0999999999999999,-0.7199999690055847,true,false
45,21,1.25,-1.0999999999999999,-0.725825160741806,true,false
46,21,1.3000000000000003,-1.0999999999999999,-0.7417249083518982,true,false
47,21,1.35,-1.0999999999999999,-0.7330998182296753,true,false
48,21,1.4000000000000004,-1.0999999999999999,-0.7199999690055847,true,false
49,21,1.4500000000000002,-1.0999999999999999,-0.719556987285614,true,false
50,21,1.5,-1.0999999999999999,-0.7175081372261047,true,false
51,21,1.5500000000000003,-1.0999999999999999,-0.714812308549881,true,false
52,21,1.6,-1.0999999999999999,-0.7156102657318115,true,false
53,21,1.6500000000000004,-1.0999999999999999,-0.7152018547058105,true,false
54,21,1.7000000000000002,-1.0999999999999999,-0.7141222953796387,true,false
55,21,1.75,-1.0999999999999999,-0.7153623998165131,true,false
56,21,1.8000000000000003,-1.0999999999999999,-0.7145875692367554,true,false
57,21,1.85,-1.0999999999999999,-0.7120369970798492,true,false
58,21,1.9000000000000004,-1.0999999999999999,-0.7085117697715759,true,false
59,21,1.9500000000000002,-1.0999999999999999,-0.7043127119541168,true,false
60,21,2.0,-1.0999999999999999,-0.7013691067695618,true,false
61,21,2.0500000000000003,-1.0999999999999999,-0.7006175518035889,true,false
62,21,2.1,-1.0999999999999999,-0.698803722858429,true,false
63,21,2.1500000000000004,-1.0999999999999999,-0.6944694519042969,true,false
64,21,2.2,-1.0999999999999999,-0.6899999976158142,true,false
65,21,2.25,-1.0999999999999999,-0.687119722366333,true,false
66,21,2.3000000000000003,-1.0999999999999999,-0.6869311928749084,true,false
67,21,2.35,-1.0999999999999999,-0.685075968503952,true,false
68,21,2.4000000000000004,-1.0999999999999999,-0.684183806180954,true,false
69,21,2.45,-1.0999999999999999,-0.6809864044189453,true,false
70,21,2.5,-1.0999999999999999,-0.6773083508014679,true,false
71,21,2.5500000000000003,-1.0999999999999999,-0.6738401353359222,true,false
72,21,2.6,-1.0999999999999999,-0.6709464192390442,true,false
73,21,2.6500000000000004,-1.0999999999999999,-0.6707803905010223,true,false
74,21,2.7,-1.0999999999999999,-0.6719833612442017,true,false
75,21,2.75,-1.0999999999999999,-0.6731391251087189,true,false
76,21,2.8000000000000003,-1.0999999999999999,-0.6732456088066101,true,false
77,21,2.85,-1.0999999999999999,-0.6730679571628571,true,false
78,21,2.9000000000000004,-1.0999999999999999,-0.6703665256500244,true,false
79,21,2.95,-1.0999999999999999,-0.666406899690628,true,false
80,21,3.0,-1.0999999999999999,-0.6607417464256287,true,false
81,21,3.05,-1.0999999999999999,-0.6599999666213989,true,false
82,21,3.1000000000000005,-1.0999999999999999,-0.6599999666213989,true,false
83,21,3.1500000000000004,-1.0999999999999999,-0.6697957515716553,true,false
84,21,3.2,-1.0999999999999999,-0.675150454044342,true,false
85,21,3.25,-1.0999999999999999,-0.6737015247344971,true,false
86,21,3.3,-1.0999999999999999,-0.6680420637130737,true,false
87,21,3.3500000000000005,-1.0999999999999999,-0.6697735316361658,false,true
0,22,-1.0,-1.0499999999999998,-0.6845991401561617,false,true
1,22,-0.95,-1.0499999999999998,-0.681419849395752,false,true
2,22,-0.9,-1.0499999999999998,-0.681419849395752,false,true
3,22,-0.85,-1.0499999999999998,-0.681419849395752,false,true
4,22,-0.8,-1.0499999999999998,-0.681419919029355,false,true
5,22,-0.75,-1.0499999999999998,-0.6814209052834402,false,true
6,22,-0.7,-1.0499999999999998,-0.6814278974537051,false,true
7,22,-0.6499999999999999,-1.0499999999999998,-0.6814606641429601,false,true
8,22,-0.6,-1.0499999999999998,-0.6902119679125795,false,true
9,22,-0.55,-1.0499999999999998,-0.705030620098114,false,true
10,22,-0.5,-1.0499999999999998,-0.7050304022788456,false,true
11,22,-0.44999999999999996,-1.0499999999999998,-0.7050299228757544,false,true
12,22,-0.3999999999999999,-1.0499999999999998,-0.7482140469607468,false,true
13,22,-0.35,-1.0499999999999998,-0.821935772895813,false,true
14,22,-0.29999999999999993,-1.0499999999999998,-0.821935772895813,false,true
15,22,-0.25,-1.0499999999999998,-0.8219352867168176,false,true
16,22,-0.19999999999999996,-1.0499999999999998,-0.8219293000503902,false,true
17,22,-0.1499999999999999,-1.0499999999999998,-0.8218926841072539,false,true
18,22,-0.09999999999999998,-1.0499999999999998,-0.8217461645766456,false,true
19,22,-0.04999999999999993,-1.0499999999999998,-0.8213187258035463,false,true
20,22,0.0,-1.0499999999999998,-0.8141448277547704,false,true
21,22,0.050000000000000044,-1.0499999999999998,-0.8075900010403375,false,true
22,22,0.10000000000000009,-1.0499999999999998,-0.8075916767120361,false,true
23,22,0.15000000000000013,-1.0499999999999998,-0.8075867276777412,false,true
24,22,0.20000000000000018,-1.0499999999999998,-0.8019402322369433,false,true
25,22,0.25,-1.0499999999999998,-0.7963008570710087,false,true
26,22,0.30000000000000004,-1.0499999999999998,-0.7962884306907655,false,true
27,22,0.3500000000000001,-1.0499999999999998,-0.7962571872381656,false,true
28,22,0.40000000000000013,-1.0499999999999998,-0.7953490716806386,false,true
29,22,0.4500000000000002,-1.0499999999999998,-0.7938772439956665,false,true
30,22,0.5,-1.0499999999999998,-0.7939797493023406,false,true
31,22,0.55,-1.0499999999999998,-0.7944058777356925,false,true
32,22,0.6000000000000001,-1.0499999999999998,-0.7947142868556965,false,true
33,22,0.6500000000000001,-1.0499999999999998,-0.7948555946350098,false,true
34,22,0.7000000000000002,-1.0499999999999998,-0.7943141402332075,false,true
35,22,0.75,-1.0499999999999998,-0.7910614540234924,false,true
36,22,0.8,-1.0499999999999998,-0.7865375280380249,false,true
37,22,0.8500000000000001,-1.0499999999999998,-0.7838295834095356,false,true
38,22,0.9000000000000001,-1.0499999999999998,-0.7788776822528454,false,true
39,22,0.9500000000000002,-1.0499999999999998,-0.7719714641571045,true,false
40,22,1.0,-1.0499999999999998,-0.7685206234455109,true,false
41,22,1.0500000000000003,-1.0499999999999998,-0.75,true,false
42,22,1.1,-1.0499999999999998,-0.75,true,false
43,22,1.15,-1.0499999999999998,-0.75,true,false
44,22,1.2000000000000002,-1.0499999999999998,-0.7540639340877533,true,false
45,22,1.25,-1.0499999999999998,-0.748489111661911,true,false
46,22,1.3000000000000003,-1.0499999999999998,-0.7367158830165863,true,false
47,22,1.35,-1.0499999999999998,-0.726250410079956,true,false
48,22,1.4000000000000004,-1.0499999999999998,-0.7206790745258331,true,false
49,22,1.4500000000000002,-1.0499999999999998,-0.7192491888999939,true,false
50,22,1.5,-1.0499999999999998,-0.7186446189880371,true,false
51,22,1.5500000000000003,-1.0499999999999998,-0.7194772362709045,true,false
52,22,1.6,-1.0499999999999998,-0.7199999690055847,true,false
53,22,1.6500000000000004,-1.0499999999999998,-0.7199999690055847,true,false
54,22,1.7000000000000002,-1.0499999999999998,-0.7166617512702942,true,false
55,22,1.75,-1.0499999999999998,-0.7150556445121765,true,false
56,22,1.8000000000000003,-1.0499999999999998,-0.7138808965682983,true,false
57,22,1.85,-1.0499999999999998,-0.7141774296760559,true,false
58,22,1.9000000000000004,-1.0499999999999998,-0.711063802242279,true,false
59,22,1.9500000000000002,-1.0499999999999998,-0.7042900323867798,true,false
60,22,2.0,-1.0499999999999998,-0.6975715756416321,true,false
61,22,2.0500000000000003,-1.0499999999999998,-0.6965684294700623,true,false
62,22,2.1,-1.0499999999999998,-0.6987285614013672,true,false
63,22,2.1500000000000004,-1.0499999999999998,-0.6958064436912537,true,false
64,22,2.2,-1.0499999999999998,-0.6928631961345673,true,false
65,22,2.25,-1.0499999999999998,-0.6899999976158142,true,false
66,22,2.3000000000000003,-1.0499999999999998,-0.6863074898719788,true,false
67,22,2.35,-1.0499999999999998,-0.6813031435012817,true,false
68,22,2.4000000000000004,-1.0499999999999998,-0.6775208115577698,true,false
69,22,2.45,-1.0499999999999998,-0.6769500374794006,true,false
70,22,2.5,-1.0499999999999998,-0.6758984923362732,true,false
71,22,2.5500000000000003,-1.0499999999999998,-0.6739646196365356,true,false
72,22,2.6,-1.0499999999999998,-0.6719779968261719,true,false
73,22,2.6500000000000004,-1.0499999999999998,-0.6765352487564087,true,false
74,22,2.7,-1.0499999999999998,-0.6754595041275024,true,false
75,22,2.75,-1.0499999999999998,-0.6769986152648926,true,false
76,22,2.8000000000000003,-1.0499999999999998,-0.6768743991851807,true,false
77,22,2.85,-1.0499999999999998,-0.6755975484848022,true,false
78,22,2.9000000000000004,-1.0499999999999998,-0.672603964805603,true,false
79,22,2.95,-1.0499999999999998,-0.6703557372093201,true,false
80,22,3.0,-1.0499999999999998,-0.6659579873085022,true,false
81,22,3.05,-1.0499999999999998,-0.6634625792503357,true,false
82,22,3.1000000000000005,-1.0499999999999998,-0.6665486097335815,true,false
83,22,3.1500000000000004,-1.0499999999999998,-0.6715102791786194,true,false
84,22,3.2,-1.0499999999999998,-0.6760410070419312,true,false
85,22,3.25,-1.0499999999999998,-0.6735147135680097,false,true
86,22,3.3,-1.0499999999999998,-0.6703862892238692,false,true
87,22,3.3500000000000005,-1.0499999999999998,-0.6680420637130737,false,true
0,23,-1.0,-0.9999999999999998,-0.6873726488152274,false,true
1,23,-0.95,-0.9999999999999998,-0.6851730027072509,false,true
2,23,-0.9,-0.9999999999999998,-0.681419849395752,false,true
3,23,-0.85,-0.9999999999999998,-0.681419849395752,false,true
4,23,-0.8,-0.9999999999999998,-0.681419849395752,false,true
5,23,-0.75,-0.9999999999999998,-0.6814200871397438,false,true
6,23,-0.7,-0.9999999999999998,-0.6814231182010401,false,true
7,23,-0.6499999999999999,-0.9999999999999998,-0.6814424666516034,false,true
8,23,-0.6,-0.9999999999999998,-0.6815239452239583,false,true
9,23,-0.55,-0.9999999999999998,-0.6903114497931369,false,true
10,23,-0.5,-0.9999999999999998,-0.705030620098114,false,true
11,23,-0.44999999999999996,-0.9999999999999998,-0.7050300942358824,false,true
12,23,-0.3999999999999999,-0.9999999999999998,-0.705028983313578,false,true
13,23,-0.35,-0.9999999999999998,-0.7482126377284597,false,true
14,23,-0.29999999999999993,-0.9999999999999998,-0.821935772895813,false,true
15,23,-0.25,-0.9999999999999998,-0.821935772895813,false,true
16,23,-0.19999999999999996,-0.9999999999999998,-0.8219341129768932,false,true
17,23,-0.1499999999999999,-0.9999999999999998,-0.8219160206990321,false,true
18,23,-0.09999999999999998,-0.9999999999999998,-0.8218182523130224,false,true
19,23,-0.04999999999999993,-0.9999999999999998,-0.8214743609997943,false,true
20,23,0.0,-0.9999999999999998,-0.8205990978887534,false,true
21,23,0.050000000000000044,-0.9999999999999998,-0.8135106540323377,false,true
22,23,0.10000000000000009,-0.9999999999999998,-0.8075876312826952,false,true
23,23,0.15000000000000013,-0.9999999999999998,-0.8075916767120361,false,true
24,23,0.20000000000000018,-0.9999999999999998,-0.8075797286863209,false,true
25,23,0.25,-0.9999999999999998,-0.8019404177873385,false,true
26,23,0.30000000000000004,-0.9999999999999998,-0.7963184306264796,false,true
27,23,0.3500000000000001,-0.9999999999999998,-0.7962884306907655,false,true
28,23,0.40000000000000013,-0.9999999999999998,-0.7962130023237637,false,true
29,23,0.4500000000000002,-0.9999999999999998,-0.7952694089116187,false,true
30,23,0.5,-0.9999999999999998,-0.7938772439956665,false,true
31,23,0.55,-0.9999999999999998,-0.7941247136972543,false,true
32,23,0.6000000000000001,-0.9999999999999998,-0.7944462642125424,false,true
33,23,0.6500000000000001,-0.9999999999999998,-0.7945144474777227,false,true
34,23,0.7000000000000002,-0.9999999999999998,-0.7948555946350098,false,true
35,23,0.75,-0.9999999999999998,-0.793548408074772,false,true
36,23,0.8,-0.9999999999999998,-0.7901480267474766,false,true
37,23,0.8500000000000001,-0.9999999999999998,-0.7865375280380249,true,false
38,23,0.9000000000000001,-0.9999999999999998,-0.7799999713897705,true,false
39,23,0.9500000000000002,-0.9999999999999998,-0.7793975472450256,true,false
40,23,1.0,-0.9999999999999998,-0.7633377909660339,true,false
41,23,1.0500000000000003,-0.9999999999999998,-0.75,true,false
42,23,1.1,-0.9999999999999998,-0.7419929504394531,true,false
43,23,1.15,-0.9999999999999998,-0.7592066526412964,true,false
44,23,1.2000000000000002,-0.9999999999999998,-0.47999995946884155,true,false
45,23,1.25,-0.9999999999999998,-0.38999998569488525,true,false
46,23,1.3000000000000003,-0.9999999999999998,-0.7304999232292175,true,false
47,23,1.35,-0.9999999999999998,-0.7243640422821045,true,false
48,23,1.4000000000000004,-0.9999999999999998,-0.7199999690055847,true,false
49,23,1.4500000000000002,-0.9999999999999998,-0.7198224663734436,true,false
50,23,1.5,-0.9999999999999998,-0.7199999690055847,true,false
51,23,1.5500000000000003,-0.9999999999999998,-0.7199999690055847,true,false
52,23,1.6,-0.9999999999999998,-0.7224273979663849,true,false
53,23,1.6500000000000004,-0.9999999999999998,-0.7229999899864197,true,false
54,23,1.7000000000000002,-0.9999999999999998,-0.7199999690055847,true,false
55,23,1.75,-0.9999999999999998,-0.7174132168292999,true,false
56,23,1.8000000000000003,-0.9999999999999998,-0.7176443338394165,true,false
57,23,1.85,-0.9999999999999998,-0.7156712412834167,true,false
58,23,1.9000000000000004,-0.9999999999999998,-0.710426926612854,true,false
59,23,1.9500000000000002,-0.9999999999999998,-0.7042011618614197,true,false
60,23,2.0,-0.9999999999999998,-0.6999924778938293,true,false
61,23,2.0500000000000003,-0.9999999999999998,-0.6957839131355286,true,false
62,23,2.1,-0.9999999999999998,-0.6948747038841248,true,false
63,23,2.1500000000000004,-0.9999999999999998,-0.697439968585968,true,false
64,23,2.2,-0.9999999999999998,-0.6899999976158142,true,false
65,23,2.25,-0.9999999999999998,-0.6858333349227905,true,false
66,23,2.3000000000000003,-0.9999999999999998,-0.6781905293464661,true,false
67,23,2.35,-0.9999999999999998,-0.6782198548316956,true,false
68,23,2.4000000000000004,-0.9999999999999998,-0.6790293455123901,true,false
69,23,2.45,-0.9999999999999998,-0.6804291605949402,true,false
70,23,2.5,-0.9999999999999998,-0.6798874139785767,true,false
71,23,2.5500000000000003,-0.9999999999999998,-0.6779701709747314,true,false
72,23,2.6,-0.9999999999999998,-0.6778006255626678,true,false
73,23,2.6500000000000004,-0.9999999999999998,-0.6790190637111664,true,false
74,23,2.7,-0.9999999999999998,-0.6801958382129669,true,false
75,23,2.75,-0.9999999999999998,-0.6794828474521637,true,false
76,23,2.8000000000000003,-0.9999999999999998,-0.6805013418197632,true,false
77,23,2.85,-0.9999999999999998,-0.6783300042152405,true,false
78,23,2.9000000000000004,-0.9999999999999998,-0.676074892282486,true,false
79,23,2.95,-0.9999999999999998,-0.672330915927887,true,false
80,23,3.0,-0.9999999999999998,-0.6715730428695679,true,false
81,23,3.05,-0.9999999999999998,-0.6686540246009827,true,false
82,23,3.1000000000000005,-0.9999999999999998,-0.6695966720581055,true,false
83,23,3.1500000000000004,-0.9999999999999998,-0.670860545705677,false,true
84,23,3.2,-0.9999999999999998,-0.6741643181135257,false,true
85,23,3.25,-0.9999999999999998,-0.6760410070419312,false,true
86,23,3.3,-0.9999999999999998,-0.6722049306232675,false,true
87,23,3.3500000000000005,-0.9999999999999998,-0.6690130737129062,false,true
0,24,-1.0,-0.9499999999999997,-0.6873732567489135,false,true
1,24,-0.95,-0.9499999999999997,-0.6873717890671635,false,true
2,24,-0.9,-0.9499999999999997,-0.6851709554894264,false,true
3,24,-0.85,-0.9499999999999997,-0.681419849395752,false,true
4,24,-0.8,-0.9499999999999997,-0.681419849395752,false,true
5,24,-0.75,-0.9499999999999997,-0.681419849395752,false,true
6,24,-0.7,-0.9499999999999997,-0.6814206611045132,false,true
7,24,-0.6499999999999999,-0.9499999999999997,-0.6814298618655605,false,true
8,24,-0.6,-0.9499999999999997,-0.681482098058066,false,true
9,24,-0.55,-0.9499999999999997,-0.6816772094119077,false,true
10,24,-0.5,-0.9499999999999997,-0.6905354111039528,false,true
11,24,-0.44999999999999996,-0.9499999999999997,-0.705030620098114,false,true
12,24,-0.3999999999999999,-0.9499999999999997,-0.7050293505543823,false,true
13,24,-0.35,-0.9499999999999997,-0.705026827172116,false,true
14,24,-0.29999999999999993,-0.9499999999999997,-0.7482096262790577,false,true
15,24,-0.25,-0.9499999999999997,-0.821935772895813,false,true
16,24,-0.19999999999999996,-0.9499999999999997,-0.821935772895813,false,true
17,24,-0.1499999999999999,-0.9499999999999997,-0.8219301055781246,false,true
18,24,-0.09999999999999998,-0.9499999999999997,-0.8218763494752142,false,true
19,24,-0.04999999999999993,-0.9499999999999997,-0.8216242372532132,false,true
20,24,0.0,-0.9499999999999997,-0.8208604154941116,false,true
21,24,0.050000000000000044,-0.9499999999999997,-0.8192043996227095,false,true
22,24,0.10000000000000009,-0.9499999999999997,-0.812404116759048,false,true
23,24,0.15000000000000013,-0.9499999999999997,-0.8075819101816558,false,true
24,24,0.20000000000000018,-0.9499999999999997,-0.8075916767120361,false,true
25,24,0.25,-0.9499999999999997,-0.8075628316263112,false,true
26,24,0.30000000000000004,-0.9499999999999997,-0.8019405425452384,false,true
27,24,0.3500000000000001,-0.9499999999999997,-0.7963608569424367,false,true
28,24,0.40000000000000013,-0.9499999999999997,-0.7962884306907655,false,true
29,24,0.4500000000000002,-0.9499999999999997,-0.7961063305041621,false,true
30,24,0.5,-0.9499999999999997,-0.7950356197708537,false,true
31,24,0.55,-0.9499999999999997,-0.7938772439956665,false,true
32,24,0.6000000000000001,-0.9499999999999997,-0.794474688705516,false,true
33,24,0.6500000000000001,-0.9499999999999997,-0.7944693300051382,false,true
34,24,0.7000000000000002,-0.9499999999999997,-0.7940319925411222,false,true
35,24,0.75,-0.9499999999999997,-0.7948555946350098,true,false
36,24,0.8,-0.9499999999999997,-0.7916997671127319,true,false
37,24,0.8500000000000001,-0.9499999999999997,-0.788351982831955,true,false
38,24,0.9000000000000001,-0.9499999999999997,-0.7799999713897705,true,false
39,24,0.9500000000000002,-0.9499999999999997,-0.7765790224075317,true,false
40,24,1.0,-0.9499999999999997,-0.7502032220363617,true,false
41,24,1.0500000000000003,-0.9499999999999997,-0.7471972107887268,true,false
42,24,1.1,-0.9499999999999997,-0.75,true,false
43,24,1.15,-0.9499999999999997,-0.75,true,false
44,24,1.2000000000000002,-0.9499999999999997,-0.5704291015863419,true,false
45,24,1.25,-0.9499999999999997,-0.7342904210090637,true,false
46,24,1.3000000000000003,-0.9499999999999997,-0.7285979986190796,true,false
47,24,1.35,-0.9499999999999997,-0.7265031337738037,true,false
48,24,1.4000000000000004,-0.9499999999999997,-0.7199999690055847,true,false
49,24,1.4500000000000002,-0.9499999999999997,-0.7180672883987427,true,false
50,24,1.5,-0.9499999999999997,-0.7188154458999634,true,false
51,24,1.5500000000000003,-0.9499999999999997,-0.7199999690055847,true,false
52,24,1.6,-0.9499999999999997,-0.7207063138484955,true,false
53,24,1.6500000000000004,-0.9499999999999997,-0.723881185054779,true,false
54,24,1.7000000000000002,-0.9499999999999997,-0.7240133285522461,true,false
55,24,1.75,-0.9499999999999997,-0.7196636199951172,true,false
56,24,1.8000000000000003,-0.9499999999999997,-0.7140874266624451,true,false
57,24,1.85,-0.9499999999999997,-0.7108516097068787,true,false
58,24,1.9000000000000004,-0.9499999999999997,-0.706522524356842,true,false
59,24,1.9500000000000002,-0.9499999999999997,-0.7055051922798157,true,false
60,24,2.0,-0.9499999999999997,-0.7017256617546082,true,false
61,24,2.0500000000000003,-0.9499999999999997,-0.6980177760124207,true,false
62,24,2.1,-0.9499999999999997,-0.6948465704917908,true,false
63,24,2.1500000000000004,-0.9499999999999997,-0.6950090527534485,true,false
64,24,2.2,-0.9499999999999997,-0.6881381273269653,true,false
65,24,2.25,-0.9499999999999997,-0.6836945414543152,true,false
66,24,2.3000000000000003,-0.9499999999999997,-0.6806668639183044,true,false
67,24,2.35,-0.9499999999999997,-0.6856212019920349,true,false
68,24,2.4000000000000004,-0.9499999999999997,-0.6866490840911865,true,false
69,24,2.45,-0.9499999999999997,-0.683973491191864,true,false
70,24,2.5,-0.9499999999999997,-0.6815386116504669,true,false
71,24,2.5500000000000003,-0.9499999999999997,-0.6803570985794067,true,false
72,24,2.6,-0.9499999999999997,-0.6809609830379486,true,false
73,24,2.6500000000000004,-0.9499999999999997,-0.6811580955982208,true,false
74,24,2.7,-0.9499999999999997,-0.6798883676528931,true,false
75,24,2.75,-0.9499999999999997,-0.6801115274429321,true,false
76,24,2.8000000000000003,-0.9499999999999997,-0.6827489733695984,true,false
77,24,2.85,-0.9499999999999997,-0.6824207901954651,true,false
78,24,2.9000000000000004,-0.9499999999999997,-0.6815167367458344,true,false
79,24,2.95,-0.9499999999999997,-0.6774637699127197,true,false
80,24,3.0,-0.9499999999999997,-0.678374171257019,true,false
81,24,3.05,-0.9499999999999997,-0.6748173236846924,true,false
82,24,3.1000000000000005,-0.9499999999999997,-0.6712789474855236,false,true
83,24,3.1500000000000004,-0.9499999999999997,-0.6695966720581055,false,true
84,24,3.2,-0.9499999999999997,-0.6725309268920412,false,true
85,24,3.25,-0.9499999999999997,-0.6752636570354302,false,true
86,24,3.3,-0.9499999999999997,-0.6760410070419312,false,true
87,24,3.3500000000000005,-0.9499999999999997,-0.6724429040614707,false,true
0,25,-1.0,-0.8999999999999999,-0.6873738765716553,false,true
1,25,-0.95,-0.8999999999999999,-0.6873723801871856,false,true
2,25,-0.9,-0.8999999999999999,-0.6873688655927193,false,true
3,25,-0.85,-0.8999999999999999,-0.6851660816262887,false,true
4,25,-0.8,-0.8999999999999999,-0.681419849395752,false,true
5,25,-0.75,-0.8999999999999999,-0.681419849395752,false,true
6,25,-0.7,-0.8999999999999999,-0.681419849395752,false,true
7,25,-0.6499999999999999,-0.8999999999999999,-0.6814226207428131,false,true
8,25,-0.6,-0.8999999999999999,-0.6814501148293651,false,true
9,25,-0.55,-0.8999999999999999,-0.6815868064891164,false,true
10,25,-0.5,-0.8999999999999999,-0.6820321530339396,false,true
11,25,-0.44999999999999996,-0.8999999999999999,-0.691010117456785,false,true
12,25,-0.3999999999999999,-0.8999999999999999,-0.705030620098114,false,true
13,25,-0.35,-0.8999999999999999,-0.705027555148419,false,true
14,25,-0.29999999999999993,-0.8999999999999999,-0.7050220047321571,false,true
15,25,-0.25,-0.8999999999999999,-0.748203701081037,false,true
16,25,-0.19999999999999996,-0.8999999999999999,-0.821935772895813,false,true
17,25,-0.1499999999999999,-0.8999999999999999,-0.821935772895813,false,true
18,25,-0.09999999999999998,-0.8999999999999999,-0.8219164234628994,false,true
19,25,-0.04999999999999993,-0.8999999999999999,-0.8217602528777321,false,true
20,25,0.0,-0.8999999999999999,-0.8211396959026375,false,true
21,25,0.050000000000000044,-0.8999999999999999,-0.8195656159690486,false,true
22,25,0.10000000000000009,-0.8999999999999999,-0.8167582662868377,false,true
23,25,0.15000000000000013,-0.8999999999999999,-0.8107169902235712,false,true
24,25,0.20000000000000018,-0.8999999999999999,-0.8075680982219346,false,true
25,25,0.25,-0.8999999999999999,-0.8075916767120361,false,true
26,25,0.30000000000000004,-0.8999999999999999,-0.8075220385148709,false,true
27,25,0.3500000000000001,-0.8999999999999999,-0.8019389599875885,false,true
28,25,0.40000000000000013,-0.8999999999999999,-0.7964632831298222,false,true
29,25,0.4500000000000002,-0.8999999999999999,-0.7962884306907655,false,true
30,25,0.5,-0.8999999999999999,-0.7958488019505571,false,true
31,25,0.55,-0.8999999999999999,-0.7942709863153193,false,true
32,25,0.6000000000000001,-0.8999999999999999,-0.7938772439956665,false,true
33,25,0.6500000000000001,-0.8999999999999999,-0.7953196031169533,false,true
34,25,0.7000000000000002,-0.8999999999999999,-0.794091172191233,false,true
35,25,0.75,-0.8999999999999999,-0.7928672432899475,true,false
36,25,0.8,-0.8999999999999999,-0.7894523441791534,true,false
37,25,0.8500000000000001,-0.8999999999999999,-0.7838239669799805,true,false
38,25,0.9000000000000001,-0.8999999999999999,-0.7813233733177185,true,false
39,25,0.9500000000000002,-0.8999999999999999,-0.7722775638103485,true,false
40,25,1.0,-0.8999999999999999,-0.7523384690284729,true,false
41,25,1.0500000000000003,-0.8999999999999999,-0.75,true,false
42,25,1.1,-0.8999999999999999,-0.7491594851016998,true,false
43,25,1.15,-0.8999999999999999,-0.7403443455696106,true,false
44,25,1.2000000000000002,-0.8999999999999999,-0.7371614575386047,true,false
45,25,1.25,-0.8999999999999999,-0.7333835065364838,true,false
46,25,1.3000000000000003,-0.8999999999999999,-0.7299488186836243,true,false
47,25,1.35,-0.8999999999999999,-0.7246519327163696,true,false
48,25,1.4000000000000004,-0.8999999999999999,-0.7199999690055847,true,false
49,25,1.4500000000000002,-0.8999999999999999,-0.7169927358627319,true,false
50,25,1.5,-0.8999999999999999,-0.7160528004169464,true,false
51,25,1.5500000000000003,-0.8999999999999999,-0.7166715264320374,true,false
52,25,1.6,-0.8999999999999999,-0.7188643515110016,true,false
53,25,1.6500000000000004,-0.8999999999999999,-0.7203944325447083,true,false
54,25,1.7000000000000002,-0.8999999999999999,-0.7226486802101135,true,false
55,25,1.75,-0.8999999999999999,-0.7189921438694,true,false
56,25,1.8000000000000003,-0.8999999999999999,-0.7133613526821136,true,false
57,25,1.85,-0.8999999999999999,-0.7068468034267426,true,false
58,25,1.9000000000000004,-0.8999999999999999,-0.7042133808135986,true,false
59,25,1.9500000000000002,-0.8999999999999999,-0.7052760720252991,true,false
60,25,2.0,-0.8999999999999999,-0.7053588032722473,true,false
61,25,2.0500000000000003,-0.8999999999999999,-0.7014361023902893,true,false
62,25,2.1,-0.8999999999999999,-0.697456419467926,true,false
63,25,2.1500000000000004,-0.8999999999999999,-0.694679856300354,true,false
64,25,2.2,-0.8999999999999999,-0.6899999976158142,true,false
65,25,2.25,-0.8999999999999999,-0.6821683943271637,true,false
66,25,2.3000000000000003,-0.8999999999999999,-0.6899999976158142,true,false
67,25,2.35,-0.8999999999999999,-0.6912442743778229,true,false
68,25,2.4000000000000004,-0.8999999999999999,-0.6886889338493347,true,false
69,25,2.45,-0.8999999999999999,-0.6852526664733887,true,false
70,25,2.5,-0.8999999999999999,-0.6823951601982117,true,false
71,25,2.5500000000000003,-0.8999999999999999,-0.6839360594749451,true,false
72,25,2.6,-0.8999999999999999,-0.6829986572265625,true,false
73,25,2.6500000000000004,-0.8999999999999999,-0.684504508972168,true,false
74,25,2.7,-0.8999999999999999,-0.6830126941204071,true,false
75,25,2.75,-0.8999999999999999,-0.6853033304214478,true,false
76,25,2.8000000000000003,-0.8999999999999999,-0.6897061467170715,true,false
77,25,2.85,-0.8999999999999999,-0.6894369125366211,true,false
78,25,2.9000000000000004,-0.8999999999999999,-0.6852715015411377,true,false
79,25,2.95,-0.8999999999999999,-0.6807785487680666,false,true
80,25,3.0,-0.8999999999999999,-0.6770657443425876,false,true
81,25,3.05,-0.8999999999999999,-0.6762906181884439,false,true
82,25,3.1000000000000005,-0.8999999999999999,-0.6748173236846924,false,true
83,25,3.1500000000000004,-0.8999999999999999,-0.6719645875144467,false,true
84,25,3.2,-0.8999999999999999,-0.6695966720581055,false,true
85,25,3.25,-0.8999999999999999,-0.673198863078307,false,true
86,25,3.3,-0.8999999999999999,-0.6757190181265277,false,true
87,25,3.3500000000000005,-0.8999999999999999,-0.6760410070419312,false,true
0,26,-1.0,-0.8499999999999999,-0.6873737758256984,false,true
1,26,-0.95,-0.8499999999999999,-0.6873738765716553,false,true
2,26,-0.9,-0.8499999999999999,-0.6873702639799741,false,true
3,26,-0.85,-0.8499999999999999,-0.6873618769955621,false,true
4,26,-0.8,-0.8499999999999999,-0.6851545481094051,false,true
5,26,-0.75,-0.8499999999999999,-0.681419849395752,false,true
6,26,-0.7,-0.8499999999999999,-0.681419849395752,false,true
7,26,-0.6499999999999999,-0.8499999999999999,-0.681419849395752,false,true
8,26,-0.6,-0.8499999999999999,-0.6814293113664742,false,true
9,26,-0.55,-0.8499999999999999,-0.6815098008023429,false,true
10,26,-0.5,-0.8499999999999999,-0.6818532040983739,false,true
11,26,-0.44999999999999996,-0.8499999999999999,-0.6828075772771853,false,true
12,26,-0.3999999999999999,-0.8499999999999999,-0.6919391893964413,false,true
13,26,-0.35,-0.8499999999999999,-0.705030620098114,false,true
14,26,-0.29999999999999993,-0.8499999999999999,-0.7050232206549922,false,true
15,26,-0.25,-0.8499999999999999,-0.705011669791636,false,true
16,26,-0.19999999999999996,-0.8499999999999999,-0.7481940420006722,false,true
17,26,-0.1499999999999999,-0.8499999999999999,-0.821935772895813,false,true
18,26,-0.09999999999999998,-0.8499999999999999,-0.821935772895813,false,true
19,26,-0.04999999999999993,-0.8499999999999999,-0.8218697097995349,false,true
20,26,0.0,-0.8499999999999999,-0.8214299373963422,false,true
21,26,0.050000000000000044,-0.8499999999999999,-0.8199992185489794,false,true
22,26,0.10000000000000009,-0.8499999999999999,-0.8170880878925368,false,true
23,26,0.15000000000000013,-0.8499999999999999,-0.8130508758367526,false,true
24,26,0.20000000000000018,-0.8499999999999999,-0.8086237991541144,false,true
25,26,0.25,-0.8499999999999999,-0.8075347532014531,false,true
26,26,0.30000000000000004,-0.8499999999999999,-0.8075916767120361,false,true
27,26,0.3500000000000001,-0.8499999999999999,-0.8074235552319808,false,true
28,26,0.40000000000000013,-0.8499999999999999,-0.8019241600566429,false,true
29,26,0.4500000000000002,-0.8499999999999999,-0.7967105618205504,false,true
30,26,0.5,-0.8499999999999999,-0.7962884306907655,false,true
31,26,0.55,-0.8499999999999999,-0.7952270730237451,false,true
32,26,0.6000000000000001,-0.8499999999999999,-0.7914582668785461,false,true
33,26,0.6500000000000001,-0.8499999999999999,-0.7938772439956665,true,false
34,26,0.7000000000000002,-0.8499999999999999,-0.7973594069480896,true,false
35,26,0.75,-0.8499999999999999,-0.7906495928764343,true,false
36,26,0.8,-0.8499999999999999,-0.7851020693778992,true,false
37,26,0.8500000000000001,-0.8499999999999999,-0.7799999713897705,true,false
38,26,0.9000000000000001,-0.8499999999999999,-0.7798432111740112,true,false
39,26,0.9500000000000002,-0.8499999999999999,-0.75,true,false
40,26,1.0,-0.8499999999999999,-0.75,true,false
41,26,1.0500000000000003,-0.8499999999999999,-0.7397812008857727,true,false
42,26,1.1,-0.8499999999999999,-0.738122820854187,true,false
43,26,1.15,-0.8499999999999999,-0.7322091460227966,true,false
44,26,1.2000000000000002,-0.8499999999999999,-0.7324047088623047,true,false
45,26,1.25,-0.8499999999999999,-0.7303091287612915,true,false
46,26,1.3000000000000003,-0.8499999999999999,-0.7270206809043884,true,false
47,26,1.35,-0.8499999999999999,-0.7238985002040863,true,false
48,26,1.4000000000000004,-0.8499999999999999,-0.720329761505127,true,false
49,26,1.4500000000000002,-0.8499999999999999,-0.717211127281189,true,false
50,26,1.5,-0.8499999999999999,-0.7150678634643555,true,false
51,26,1.5500000000000003,-0.8499999999999999,-0.7143430709838867,true,false
52,26,1.6,-0.8499999999999999,-0.7153715491294861,true,false
53,26,1.6500000000000004,-0.8499999999999999,-0.7199999690055847,true,false
54,26,1.7000000000000002,-0.8499999999999999,-0.722255289554596,true,false
55,26,1.75,-0.8499999999999999,-0.7199999690055847,true,false
56,26,1.8000000000000003,-0.8499999999999999,-0.7162278890609741,true,false
57,26,1.85,-0.8499999999999999,-0.7090457677841187,true,false
58,26,1.9000000000000004,-0.8499999999999999,-0.7067573666572571,true,false
59,26,1.9500000000000002,-0.8499999999999999,-0.7134608030319214,true,false
60,26,2.0,-0.8499999999999999,-0.7110718488693237,true,false
61,26,2.0500000000000003,-0.8499999999999999,-0.706922173500061,true,false
62,26,2.1,-0.8499999999999999,-0.7006301283836365,true,false
63,26,2.1500000000000004,-0.8499999999999999,-0.6947091221809387,true,false
64,26,2.2,-0.8499999999999999,-0.6916257297122465,false,true
65,26,2.25,-0.8499999999999999,-0.6867560413185294,false,true
66,26,2.3000000000000003,-0.8499999999999999,-0.6880706143460508,false,true
67,26,2.35,-0.8499999999999999,-0.69013139223935,false,true
68,26,2.4000000000000004,-0.8499999999999999,-0.6882754689075288,false,true
69,26,2.45,-0.8499999999999999,-0.687900185585022,true,false
70,26,2.5,-0.8499999999999999,-0.6849184844196134,false,true
71,26,2.5500000000000003,-0.8499999999999999,-0.6866407076705547,false,true
72,26,2.6,-0.8499999999999999,-0.6899999976158142,true,false
73,26,2.6500000000000004,-0.8499999999999999,-0.6899999976158142,true,false
74,26,2.7,-0.8499999999999999,-0.6899999976158142,true,false
75,26,2.75,-0.8499999999999999,-0.6899999976158142,true,false
76,26,2.8000000000000003,-0.8499999999999999,-0.6918355822563171,true,false
77,26,2.85,-0.8499999999999999,-0.6913073658943176,true,false
78,26,2.9000000000000004,-0.8499999999999999,-0.6885891596316615,false,true
79,26,2.95,-0.8499999999999999,-0.6852715015411377,false,true
80,26,3.0,-0.8499999999999999,-0.6800775680722104,false,true
81,26,3.05,-0.8499999999999999,-0.6760861294132536,false,true
82,26,3.1000000000000005,-0.8499999999999999,-0.6754275822495159,false,true
83,26,3.1500000000000004,-0.8499999999999999,-0.6748173236846924,false,true
84,26,3.2,-0.8499999999999999,-0.6721436793468316,false,true
85,26,3.25,-0.8499999999999999,-0.6695966720581055,false,true
86,26,3.3,-0.8499999999999999,-0.6734705693675765,false,true
87,26,3.3500000000000005,-0.8499999999999999,-0.6759076348662373,false,true
0,27,-1.0,-0.7999999999999998,-0.6873735382642128,false,true
1,27,-0.95,-0.7999999999999998,-0.6873736333493997,false,true
2,27,-0.9,-0.7999999999999998,-0.6873738765716553,false,true
3,27,-0.85,-0.7999999999999998,-0.6873651550038233,false,true
4,27,-0.8,-0.7999999999999998,-0.6873452416157283,false,true
5,27,-0.75,-0.7999999999999998,-0.6851274943195679,false,true
6,27,-0.7,-0.7999999999999998,-0.681419849395752,false,true
7,27,-0.6499999999999999,-0.7999999999999998,-0.681419849395752,false,true
8,27,-0.6,-0.7999999999999998,-0.681419849395752,false,true
9,27,-0.55,-0.7999999999999998,-0.6814521545845188,false,true
10,27,-0.5,-0.7999999999999998,-0.6816812762720003,false,true
11,27,-0.44999999999999996,-0.7999999999999998,-0.6824973962760359,false,true
12,27,-0.3999999999999999,-0.7999999999999998,-0.6843725404609865,false,true
13,27,-0.35,-0.7999999999999998,-0.6935677612139098,false,true
14,27,-0.29999999999999993,-0.7999999999999998,-0.705030620098114,false,true
15,27,-0.25,-0.7999999999999998,-0.7050127562621752,false,true
16,27,-0.19999999999999996,-0.7999999999999998,-0.7049911829837865,false,true
17,27,-0.1499999999999999,-0.7999999999999998,-0.7481868409493662,false,true
18,27,-0.09999999999999998,-0.7999999999999998,-0.821935772895813,false,true
19,27,-0.04999999999999993,-0.7999999999999998,-0.821935772895813,false,true
20,27,0.0,-0.7999999999999998,-0.8217102193765283,false,true
21,27,0.050000000000000044,-0.7999999999999998,-0.8205277233192034,false,true
22,27,0.10000000000000009,-0.7999999999999998,-0.817540799107601,false,true
23,27,0.15000000000000013,-0.7999999999999998,-0.813008222125688,false,true
24,27,0.20000000000000018,-0.7999999999999998,-0.8086212740225772,false,true
25,27,0.25,-0.7999999999999998,-0.8068152132561868,false,true
26,27,0.30000000000000004,-0.7999999999999998,-0.8074542512007685,false,true
27,27,0.3500000000000001,-0.7999999999999998,-0.8075916767120361,false,true
28,27,0.40000000000000013,-0.7999999999999998,-0.8071857955547602,false,true
29,27,0.4500000000000002,-0.7999999999999998,-0.8018244378196719,false,true
30,27,0.5,-0.7999999999999998,-0.7973075453893921,false,true
31,27,0.55,-0.7999999999999998,-0.7962884306907654,true,false
32,27,0.6000000000000001,-0.7999999999999998,-0.7937260866165161,true,false
33,27,0.6500000000000001,-0.7999999999999998,-0.7799999713897705,true,false
34,27,0.7000000000000002,-0.7999999999999998,-0.7799999713897705,true,false
35,27,0.75,-0.7999999999999998,-0.7851066589355469,true,false
36,27,0.8,-0.7999999999999998,-0.7799999713897705,true,false
37,27,0.8500000000000001,-0.7999999999999998,-0.7715438008308411,true,false
38,27,0.9000000000000001,-0.7999999999999998,-0.7515584826469421,true,false
39,27,0.9500000000000002,-0.7999999999999998,-0.7490774989128113,true,false
40,27,1.0,-0.7999999999999998,-0.7409462332725525,true,false
41,27,1.0500000000000003,-0.7999999999999998,-0.7353900074958801,true,false
42,27,1.1,-0.7999999999999998,-0.7321644127368927,true,false
43,27,1.15,-0.7999999999999998,-0.729061484336853,true,false
44,27,1.2000000000000002,-0.7999999999999998,-0.7270405888557434,true,false
45,27,1.25,-0.7999999999999998,-0.7277988195419312,true,false
46,27,1.3000000000000003,-0.7999999999999998,-0.7240159809589386,true,false
47,27,1.35,-0.7999999999999998,-0.7199999690055847,true,false
48,27,1.4000000000000004,-0.7999999999999998,-0.7204174995422363,true,false
49,27,1.4500000000000002,-0.7999999999999998,-0.7199444770812988,true,false
50,27,1.5,-0.7999999999999998,-0.7161180377006531,true,false
51,27,1.5500000000000003,-0.7999999999999998,-0.7144667506217957,true,false
52,27,1.6,-0.7999999999999998,-0.7133830487728119,true,false
53,27,1.6500000000000004,-0.7999999999999998,-0.7156051397323608,true,false
54,27,1.7000000000000002,-0.7999999999999998,-0.7199999690055847,true,false
55,27,1.75,-0.7999999999999998,-0.7199999690055847,true,false
56,27,1.8000000000000003,-0.7999999999999998,-0.7168878316879272,true,false
57,27,1.85,-0.7999999999999998,-0.711966872215271,true,false
58,27,1.9000000000000004,-0.7999999999999998,-0.7116811871528625,true,false
59,27,1.9500000000000002,-0.7999999999999998,-0.7134177684783936,true,false
60,27,2.0,-0.7999999999999998,-0.7129227519035339,true,false
61,27,2.0500000000000003,-0.7999999999999998,-0.7105518579483032,true,false
62,27,2.1,-0.7999999999999998,-0.7025721967220306,true,false
63,27,2.1500000000000004,-0.7999999999999998,-0.6959674954414368,true,false
64,27,2.2,-0.7999999999999998,-0.6954462601704108,false,true
65,27,2.25,-0.7999999999999998,-0.6915061291744657,false,true
66,27,2.3000000000000003,-0.7999999999999998,-0.6882891726910828,false,true
67,27,2.35,-0.7999999999999998,-0.6886667115569218,false,true
68,27,2.4000000000000004,-0.7999999999999998,-0.687900185585022,false,true
69,27,2.45,-0.7999999999999998,-0.687900185585022,false,true
70,27,2.5,-0.7999999999999998,-0.687900185585022,false,true
71,27,2.5500000000000003,-0.7999999999999998,-0.6921102960282666,false,true
72,27,2.6,-0.7999999999999998,-0.6936025023460388,true,false
73,27,2.6500000000000004,-0.7999999999999998,-0.6941647231578827,true,false
74,27,2.7,-0.7999999999999998,-0.6912198174853053,false,true
75,27,2.75,-0.7999999999999998,-0.6905376279095756,false,true
76,27,2.8000000000000003,-0.7999999999999998,-0.6911432409720597,false,true
77,27,2.85,-0.7999999999999998,-0.6915261602753252,false,true
78,27,2.9000000000000004,-0.7999999999999998,-0.6913073658943176,false,true
79,27,2.95,-0.7999999999999998,-0.6883677232878742,false,true
80,27,3.0,-0.7999999999999998,-0.6852715015411377,false,true
81,27,3.05,-0.7999999999999998,-0.6794667270514079,false,true
82,27,3.1000000000000005,-0.7999999999999998,-0.6754417256526839,false,true
83,27,3.1500000000000004,-0.7999999999999998,-0.6750701010587966,false,true
84,27,3.2,-0.7999999999999998,-0.6748173236846924,false,true
85,27,3.25,-0.7999999999999998,-0.672190458827425,false,true
86,27,3.3,-0.7999999999999998,-0.6695966720581055,false,true
87,27,3.3500000000000005,-0.7999999999999998,-0.6729398064804988,false,true
0,28,-1.0,-0.7499999999999998,-0.6873725777524143,false,true
1,28,-0.95,-0.7499999999999998,-0.6873730654860092,false,true
2,28,-0.9,-0.7499999999999998,-0.6873732893811871,false,true
3,28,-0.85,-0.7499999999999998,-0.6873738765716553,false,true
4,28,-0.8,-0.7499999999999998,-0.6873528208443104,false,true
5,28,-0.75,-0.7499999999999998,-0.6873058880119481,false,true
6,28,-0.7,-0.7499999999999998,-0.6850648556265977,false,true
7,28,-0.6499999999999999,-0.7499999999999998,-0.681419849395752,false,true
8,28,-0.6,-0.7499999999999998,-0.681419849395752,false,true
9,28,-0.55,-0.7499999999999998,-0.681419849395752,false,true
10,28,-0.5,-0.7499999999999998,-0.6815301462093748,false,true
11,28,-0.44999999999999996,-0.7499999999999998,-0.6821564333324958,false,true
12,28,-0.3999999999999999,-0.7499999999999998,-0.6839468407617179,false,true
13,28,-0.35,-0.7499999999999998,-0.687190677877681,false,true
14,28,-0.29999999999999993,-0.7499999999999998,-0.6959963089109695,false,true
15,28,-0.25,-0.7499999999999998,-0.705030620098114,false,true
16,28,-0.19999999999999996,-0.7499999999999998,-0.7049874929831144,false,true
17,28,-0.1499999999999999,-0.7499999999999998,-0.7049569643184546,false,true
18,28,-0.09999999999999998,-0.7499999999999998,-0.748225726977573,false,true
19,28,-0.04999999999999993,-0.7499999999999998,-0.821935772895813,false,true
20,28,0.0,-0.7499999999999998,-0.821935772895813,false,true
21,28,0.050000000000000044,-0.7499999999999998,-0.8211656850112302,false,true
22,28,0.10000000000000009,-0.7499999999999998,-0.8182174596654551,false,true
23,28,0.15000000000000013,-0.7499999999999998,-0.8129589706659317,false,true
24,28,0.20000000000000018,-0.7499999999999998,-0.807868636668275,false,true
25,28,0.25,-0.7499999999999998,-0.8053479673332252,false,true
26,28,0.30000000000000004,-0.7499999999999998,-0.8061565893437389,false,true
27,28,0.3500000000000001,-0.7499999999999998,-0.8072599021789181,false,true
28,28,0.40000000000000013,-0.7499999999999998,-0.8075916767120361,false,true
29,28,0.4500000000000002,-0.7499999999999998,-0.8066117929174289,false,true
30,28,0.5,-0.7499999999999998,-0.801210714083752,false,true
31,28,0.55,-0.7499999999999998,-0.798748791217804,true,false
32,28,0.6000000000000001,-0.7499999999999998,-0.7868000566959381,true,false
33,28,0.6500000000000001,-0.7499999999999998,-0.7799999713897705,true,false
34,28,0.7000000000000002,-0.7499999999999998,-0.7799999713897705,true,false
35,28,0.75,-0.7499999999999998,-0.77997887134552,true,false
36,28,0.8,-0.7499999999999998,-0.44999998807907104,true,false
37,28,0.8500000000000001,-0.7499999999999998,-0.75,true,false
38,28,0.9000000000000001,-0.7499999999999998,-0.7422467470169067,true,false
39,28,0.9500000000000002,-0.7499999999999998,-0.7396566867828369,true,false
40,28,1.0,-0.7499999999999998,-0.7379053831100464,true,false
41,28,1.0500000000000003,-0.7499999999999998,-0.7348202168941498,true,false
42,28,1.1,-0.7499999999999998,-0.730038046836853,true,false
43,28,1.15,-0.7499999999999998,-0.7276917695999146,true,false
44,28,1.2000000000000002,-0.7499999999999998,-0.7235127091407776,true,false
45,28,1.25,-0.7499999999999998,-0.7222140729427338,true,false
46,28,1.3000000000000003,-0.7499999999999998,-0.7199999690055847,true,false
47,28,1.35,-0.7499999999999998,-0.7196458876132965,true,false
48,28,1.4000000000000004,-0.7499999999999998,-0.7199999690055847,true,false
49,28,1.4500000000000002,-0.7499999999999998,-0.7199999690055847,true,false
50,28,1.5,-0.7499999999999998,-0.7190658450126648,true,false
51,28,1.5500000000000003,-0.7499999999999998,-0.7165829539299011,true,false
52,28,1.6,-0.7499999999999998,-0.7130504846572876,true,false
53,28,1.6500000000000004,-0.7499999999999998,-0.7137840688228607,true,false
54,28,1.7000000000000002,-0.7499999999999998,-0.7142770886421204,true,false
55,28,1.75,-0.7499999999999998,-0.7185676097869873,true,false
56,28,1.8000000000000003,-0.7499999999999998,-0.7199999690055847,true,false
57,28,1.85,-0.7499999999999998,-0.7133295834064484,true,false
58,28,1.9000000000000004,-0.7499999999999998,-0.7106754779815674,true,false
59,28,1.9500000000000002,-0.7499999999999998,-0.7068396806716919,true,false
60,28,2.0,-0.7499999999999998,-0.7052607536315918,true,false
61,28,2.0500000000000003,-0.7499999999999998,-0.7100189924240112,true,false
62,28,2.1,-0.7499999999999998,-0.7050380762136399,false,true
63,28,2.1500000000000004,-0.7499999999999998,-0.6987032522872818,false,true
64,28,2.2,-0.7499999999999998,-0.6959674954414368,false,true
65,28,2.25,-0.7499999999999998,-0.6957515927229906,false,true
66,28,2.3000000000000003,-0.7499999999999998,-0.6912267977638942,false,true
67,28,2.35,-0.7499999999999998,-0.687900185585022,false,true
68,28,2.4000000000000004,-0.7499999999999998,-0.6879001855850219,false,true
69,28,2.45,-0.7499999999999998,-0.6879001855850219,false,true
70,28,2.5,-0.7499999999999998,-0.6904422979181902,false,true
71,28,2.5500000000000003,-0.7499999999999998,-0.6936025023460388,false,true
72,28,2.6,-0.7499999999999998,-0.693835381831353,false,true
73,28,2.6500000000000004,-0.7499999999999998,-0.6939318436725685,false,true
74,28,2.7,-0.7499999999999998,-0.6941647231578827,false,true
75,28,2.75,-0.7499999999999998,-0.6918666921709993,false,true
76,28,2.8000000000000003,-0.7499999999999998,-0.6910780154801125,false,true
77,28,2.85,-0.7499999999999998,-0.6913499224175343,false,true
78,28,2.9000000000000004,-0.7499999999999998,-0.691397993494302,false,true
79,28,2.95,-0.7499999999999998,-0.6913073658943176,false,true
80,28,3.0,-0.7499999999999998,-0.6883098832568192,false,true
81,28,3.05,-0.7499999999999998,-0.6852715015411377,false,true
82,28,3.1000000000000005,-0.7499999999999998,-0.6790774394633793,false,true
83,28,3.1500000000000004,-0.7499999999999998,-0.6751049106035459,false,true
84,28,3.2,-0.7499999999999998,-0.6749220275013074,false,true
85,28,3.25,-0.7499999999999998,-0.6748173236846924,false,true
86,28,3.3,-0.7499999999999998,-0.6722026778090248,false,true
87,28,3.3500000000000005,-0.7499999999999998,-0.6695966720581055,false,true
0,29,-1.0,-0.6999999999999997,-0.6873693823188304,false,true
1,29,-0.95,-0.6999999999999997,-0.6873708323959643,false,true
2,29,-0.9,-0.6999999999999997,-0.6873719377647659,false,true
3,29,-0.85,-0.6999999999999997,-0.6873724589684632,false,true
4,29,-0.8,-0.6999999999999997,-0.6873738765716553,false,true
5,29,-0.75,-0.6999999999999997,-0.6873230435491336,false,true
6,29,-0.7,-0.6999999999999997,-0.6872136378588836,false,true
7,29,-0.6499999999999999,-0.6999999999999997,-0.6849226479751727,false,true
8,29,-0.6,-0.6999999999999997,-0.681419849395752,false,true
9,29,-0.55,-0.6999999999999997,-0.681419849395752,false,true
10,29,-0.5,-0.6999999999999997,-0.681419849395752,false,true
11,29,-0.44999999999999996,-0.6999999999999997,-0.6817964262727093,false,true
12,29,-0.3999999999999999,-0.6999999999999997,-0.6834021441357396,false,true
13,29,-0.35,-0.6999999999999997,-0.6868675726065638,false,true
14,29,-0.29999999999999993,-0.6999999999999997,-0.69143615147611,false,true
15,29,-0.25,-0.6999999999999997,-0.698797636298751,false,true
16,29,-0.19999999999999996,-0.6999999999999997,-0.705030620098114,false,true
17,29,-0.1499999999999999,-0.6999999999999997,-0.7049265020321759,false,true
18,29,-0.09999999999999998,-0.6999999999999997,-0.7049263887171915,false,true
19,29,-0.04999999999999993,-0.6999999999999997,-0.7485177167118626,false,true
20,29,0.0,-0.6999999999999997,-0.821935772895813,false,true
21,29,0.050000000000000044,-0.6999999999999997,-0.821935772895813,false,true
22,29,0.10000000000000009,-0.6999999999999997,-0.8193065283960512,false,true
23,29,0.15000000000000013,-0.6999999999999997,-0.8129589706659317,false,true
24,29,0.20000000000000018,-0.6999999999999997,-0.8066114129358121,false,true
25,29,0.25,-0.6999999999999997,-0.8045562855240046,false,true
26,29,0.30000000000000004,-0.6999999999999997,-0.8052041288823223,false,true
27,29,0.3500000000000001,-0.6999999999999997,-0.806108468322284,false,true
28,29,0.40000000000000013,-0.6999999999999997,-0.8067907021345324,false,true
29,29,0.4500000000000002,-0.6999999999999997,-0.8075916767120361,true,false
30,29,0.5,-0.6999999999999997,-0.8052260279655457,true,false
31,29,0.55,-0.6999999999999997,-0.7975552082061768,true,false
32,29,0.6000000000000001,-0.6999999999999997,-0.7799999713897705,true,false
33,29,0.6500000000000001,-0.6999999999999997,-0.7615451812744141,true,false
34,29,0.7000000000000002,-0.6999999999999997,-0.7799999713897705,true,false
35,29,0.75,-0.6999999999999997,-0.4349999874830246,true,false
36,29,0.8,-0.6999999999999997,-0.75,true,false
37,29,0.8500000000000001,-0.6999999999999997,-0.7427836656570435,true,false
38,29,0.9000000000000001,-0.6999999999999997,-0.7381857633590698,true,false
39,29,0.9500000000000002,-0.6999999999999997,-0.7365574240684509,true,false
40,29,1.0,-0.6999999999999997,-0.7367256879806519,true,false
41,29,1.0500000000000003,-0.6999999999999997,-0.7338980436325073,true,false
42,29,1.1,-0.6999999999999997,-0.7300511002540588,true,false
43,29,1.15,-0.6999999999999997,-0.7243715822696686,true,false
44,29,1.2000000000000002,-0.6999999999999997,-0.7221260666847229,true,false
45,29,1.25,-0.6999999999999997,-0.7211671471595764,true,false
46,29,1.3000000000000003,-0.6999999999999997,-0.7199999690055847,true,false
47,29,1.35,-0.6999999999999997,-0.7204393744468689,true,false
48,29,1.4000000000000004,-0.6999999999999997,-0.7203308939933777,true,false
49,29,1.4500000000000002,-0.6999999999999997,-0.7208510041236877,true,false
50,29,1.5,-0.6999999999999997,-0.7201385796070099,true,false
51,29,1.5500000000000003,-0.6999999999999997,-0.7199450135231018,true,false
52,29,1.6,-0.6999999999999997,-0.7174137830734253,true,false
53,29,1.6500000000000004,-0.6999999999999997,-0.7136238813400269,true,false
54,29,1.7000000000000002,-0.6999999999999997,-0.7141688466072083,true,false
55,29,1.75,-0.6999999999999997,-0.7136548757553101,true,false
56,29,1.8000000000000003,-0.6999999999999997,-0.7165231108665466,true,false
57,29,1.85,-0.6999999999999997,-0.7079829573631287,true,false
58,29,1.9000000000000004,-0.6999999999999997,-0.7038292288780212,true,false
59,29,1.9500000000000002,-0.6999999999999997,-0.7064253528928898,false,true
60,29,2.0,-0.6999999999999997,-0.707116866530433,false,true
61,29,2.0500000000000003,-0.6999999999999997,-0.7080480653831813,false,true
62,29,2.1,-0.6999999999999997,-0.7100189924240112,false,true
63,29,2.1500000000000004,-0.6999999999999997,-0.7027629470375046,false,true
64,29,2.2,-0.6999999999999997,-0.6971006830303408,false,true
65,29,2.25,-0.6999999999999997,-0.6959674954414368,false,true
66,29,2.3000000000000003,-0.6999999999999997,-0.6935413986482697,false,true
67,29,2.35,-0.6999999999999997,-0.6879001855850219,false,true
68,29,2.4000000000000004,-0.6999999999999997,-0.6879001855850219,false,true
69,29,2.45,-0.6999999999999997,-0.6900968441985872,false,true
70,29,2.5,-0.6999999999999997,-0.6936025023460388,false,true
71,29,2.5500000000000003,-0.6999999999999997,-0.6936989641872544,false,true
72,29,2.6,-0.6999999999999997,-0.69379542602847,false,true
73,29,2.6500000000000004,-0.6999999999999997,-0.6939717994754515,false,true
74,29,2.7,-0.6999999999999997,-0.6940682613166671,false,true
75,29,2.75,-0.6999999999999997,-0.6941647231578827,false,true
76,29,2.8000000000000003,-0.6999999999999997,-0.6922017452888289,false,true
77,29,2.85,-0.6999999999999997,-0.6912843624118216,false,true
78,29,2.9000000000000004,-0.6999999999999997,-0.691357369592423,false,true
79,29,2.95,-0.6999999999999997,-0.6913449050753565,false,true
80,29,3.0,-0.6999999999999997,-0.6913073658943176,false,true
81,29,3.05,-0.6999999999999997,-0.6882947752165797,false,true
82,29,3.1000000000000005,-0.6999999999999997,-0.6852715015411377,false,true
83,29,3.1500000000000004,-0.6999999999999997,-0.6788674974823096,false,true
84,29,3.2,-0.6999999999999997,-0.6749449256839183,false,true
85,29,3.25,-0.6999999999999997,-0.6748606934255666,false,true
86,29,3.3,-0.6999999999999997,-0.6748173236846924,false,true
87,29,3.3500000000000005,-0.6999999999999997,-0.6722058694543667,false,true
0,30,-1.0,-0.6499999999999999,-0.6873592894749373,false,true
1,30,-0.95,-0.6499999999999999,-0.6873636484329022,false,true
2,30,-0.9,-0.6499999999999999,-0.6873668121831908,false,true
3,30,-0.85,-0.6499999999999999,-0.6873692618645391,false,true
4,30,-0.8,-0.6499999999999999,-0.6873704541748028,false,true
5,30,-0.75,-0.6499999999999999,-0.6873738765716553,false,true
6,30,-0.7,-0.6499999999999999,-0.6872511547992669,false,true
7,30,-0.6499999999999999,-0.6499999999999999,-0.6870003421802032,false,true
8,30,-0.6,-0.6499999999999999,-0.6846095430851383,false,true
9,30,-0.55,-0.6499999999999999,-0.681419849395752,false,true
10,30,-0.5,-0.6499999999999999,-0.681419849395752,false,true
11,30,-0.44999999999999996,-0.6499999999999999,-0.681419849395752,false,true
12,30,-0.3999999999999999,-0.6499999999999999,-0.6827055632763358,false,true
13,30,-0.35,-0.6499999999999999,-0.6863695529743856,false,true
14,30,-0.29999999999999993,-0.6499999999999999,-0.6917338880549463,false,true
15,30,-0.25,-0.6499999999999999,-0.6960816868700299,false,true
16,30,-0.19999999999999996,-0.6499999999999999,-0.7008875468362615,false,true
17,30,-0.1499999999999999,-0.6499999999999999,-0.705030620098114,false,true
18,30,-0.09999999999999998,-0.6499999999999999,-0.7047792568512379,false,true
19,30,-0.04999999999999993,-0.6499999999999999,-0.7050302332165578,false,true
20,30,0.0,-0.6499999999999999,-0.7499279547466104,false,true
21,30,0.050000000000000044,-0.6499999999999999,-0.821935772895813,false,true
22,30,0.10000000000000009,-0.6499999999999999,-0.821935772895813,false,true
23,30,0.15000000000000013,-0.6499999999999999,-0.8129589706659317,false,true
24,30,0.20000000000000018,-0.6499999999999999,-0.8039821684360504,false,true
25,30,0.25,-0.6499999999999999,-0.8039821684360504,false,true
26,30,0.30000000000000004,-0.6499999999999999,-0.8059423267841338,false,true
27,30,0.3500000000000001,-0.6499999999999999,-0.805382119844137,false,true
28,30,0.40000000000000013,-0.6499999999999999,-0.804853789029495,false,true
29,30,0.4500000000000002,-0.6499999999999999,-0.8056579530239105,true,false
30,30,0.5,-0.6499999999999999,-0.7987396121025085,true,false
31,30,0.55,-0.6499999999999999,-0.7799999713897705,true,false
32,30,0.6000000000000001,-0.6499999999999999,-0.7799999713897705,true,false
33,30,0.6500000000000001,-0.6499999999999999,-0.7799999713897705,true,false
34,30,0.7000000000000002,-0.6499999999999999,-0.75,true,false
35,30,0.75,-0.6499999999999999,-0.7457221746444702,true,false
36,30,0.8,-0.6499999999999999,-0.744494616985321,true,false
37,30,0.8500000000000001,-0.6499999999999999,-0.7429526448249817,true,false
38,30,0.9000000000000001,-0.6499999999999999,-0.7367385625839233,true,false
39,30,0.9500000000000002,-0.6499999999999999,-0.7331451177597046,true,false
40,30,1.0,-0.6499999999999999,-0.7325109243392944,true,false
41,30,1.0500000000000003,-0.6499999999999999,-0.7294933795928955,true,false
42,30,1.1,-0.6499999999999999,-0.7253985702991486,true,false
43,30,1.15,-0.6499999999999999,-0.7225729823112488,true,false
44,30,1.2000000000000002,-0.6499999999999999,-0.7213842868804932,true,false
45,30,1.25,-0.6499999999999999,-0.720912903547287,true,false
46,30,1.3000000000000003,-0.6499999999999999,-0.7217968106269836,true,false
47,30,1.35,-0.6499999999999999,-0.7220572233200073,true,false
48,30,1.4000000000000004,-0.6499999999999999,-0.7221428751945496,true,false
49,30,1.4500000000000002,-0.6499999999999999,-0.7219091057777405,true,false
50,30,1.5,-0.6499999999999999,-0.7218950986862183,true,false
51,30,1.5500000000000003,-0.6499999999999999,-0.7199999690055847,true,false
52,30,1.6,-0.6499999999999999,-0.7170573174953461,true,false
53,30,1.6500000000000004,-0.6499999999999999,-0.7130099534988403,true,false
54,30,1.7000000000000002,-0.6499999999999999,-0.7096248865127563,true,false
55,30,1.75,-0.6499999999999999,-0.7081297039985657,true,false
56,30,1.8000000000000003,-0.6499999999999999,-0.7077364325523376,true,false
57,30,1.85,-0.6499999999999999,-0.7019814848899841,true,false
58,30,1.9000000000000004,-0.6499999999999999,-0.7042316458046681,false,true
59,30,1.9500000000000002,-0.6499999999999999,-0.7038292288780212,false,true
60,30,2.0,-0.6499999999999999,-0.706203580189545,false,true
61,30,2.0500000000000003,-0.6499999999999999,-0.7083525947188797,false,true
62,30,2.1,-0.6499999999999999,-0.7092026077132516,false,true
63,30,2.1500000000000004,-0.6499999999999999,-0.7100189924240112,false,true
64,30,2.2,-0.6499999999999999,-0.7018223706890147,false,true
65,30,2.25,-0.6499999999999999,-0.6964368771094737,false,true
66,30,2.3000000000000003,-0.6499999999999999,-0.6959674954414368,false,true
67,30,2.35,-0.6499999999999999,-0.6914313794155494,false,true
68,30,2.4000000000000004,-0.6499999999999999,-0.6900252983906713,false,true
69,30,2.45,-0.6499999999999999,-0.6936025023460388,false,true
70,30,2.5,-0.6499999999999999,-0.6936424581489218,false,true
71,30,2.5500000000000003,-0.6499999999999999,-0.6936989641872545,false,true
72,30,2.6,-0.6499999999999999,-0.6938188315959033,false,true
73,30,2.6500000000000004,-0.6499999999999999,-0.6939483939080182,false,true
74,30,2.7,-0.6499999999999999,-0.6940682613166671,false,true
75,30,2.75,-0.6499999999999999,-0.6941247673549996,false,true
76,30,2.8000000000000003,-0.6499999999999999,-0.6941647231578827,false,true
77,30,2.85,-0.6499999999999999,-0.6923331170390299,false,true
78,30,2.9000000000000004,-0.6499999999999999,-0.6913323355117755,false,true
79,30,2.95,-0.6499999999999999,-0.6913375608763149,false,true
80,30,3.0,-0.6499999999999999,-0.6913229151322243,false,true
81,30,3.05,-0.6499999999999999,-0.6913073658943176,false,true
82,30,3.1000000000000005,-0.6499999999999999,-0.6882908289379259,false,true
83,30,3.1500000000000004,-0.6499999999999999,-0.6852715015411377,false,true
84,30,3.2,-0.6499999999999999,-0.6787644558732993,false,true
85,30,3.25,-0.6499999999999999,-0.6748726617798395,false,true
86,30,3.3,-0.6499999999999999,-0.6748352880195592,false,true
87,30,3.3500000000000005,-0.6499999999999999,-0.6748173236846924,false,true
0,31,-1.0,-0.5999999999999999,-0.6873297501906778,false,true
1,31,-0.95,-0.5999999999999999,-0.6873415820564387,false,true
2,31,-0.9,-0.5999999999999999,-0.6873508848824722,false,true
3,31,-0.85,-0.5999999999999999,-0.6873577010253327,false,true
4,31,-0.8,-0.5999999999999999,-0.6873629609760773,false,true
5,31,-0.75,-0.5999999999999999,-0.6873656141747582,false,true
6,31,-0.7,-0.5999999999999999,-0.6873738765716553,false,true
7,31,-0.6499999999999999,-0.5999999999999999,-0.6870776000043567,false,true
8,31,-0.6,-0.5999999999999999,-0.6865175487260337,false,true
9,31,-0.55,-0.5999999999999999,-0.6839540667868277,false,true
10,31,-0.5,-0.5999999999999999,-0.681419849395752,false,true
11,31,-0.44999999999999996,-0.5999999999999999,-0.681419849395752,false,true
12,31,-0.3999999999999999,-0.5999999999999999,-0.681419849395752,false,true
13,31,-0.35,-0.5999999999999999,-0.6858095511641726,false,true
14,31,-0.29999999999999993,-0.5999999999999999,-0.692111218707976,false,true
15,31,-0.25,-0.5999999999999999,-0.6971245988187061,false,true
16,31,-0.19999999999999996,-0.5999999999999999,-0.6985772548099048,false,true
17,31,-0.1499999999999999,-0.5999999999999999,-0.7020585507737159,false,true
18,31,-0.09999999999999998,-0.5999999999999999,-0.705030620098114,false,true
19,31,-0.04999999999999993,-0.5999999999999999,-0.7044237755384237,false,true
20,31,0.0,-0.5999999999999999,-0.7058875070084242,false,true
21,31,0.050000000000000044,-0.5999999999999999,-0.7558802994156257,false,true
22,31,0.10000000000000009,-0.5999999999999999,-0.821935772895813,true,false
23,31,0.15000000000000013,-0.5999999999999999,-0.7996000362982187,false,true
24,31,0.20000000000000018,-0.5999999999999999,-0.8039821684360504,true,false
25,31,0.25,-0.5999999999999999,-0.8019228735591362,false,true
26,31,0.30000000000000004,-0.5999999999999999,-0.7938115212195782,false,true
27,31,0.3500000000000001,-0.5999999999999999,-0.8059423267841339,true,false
28,31,0.40000000000000013,-0.5999999999999999,-0.8045898675918579,true,false
29,31,0.4500000000000002,-0.5999999999999999,-0.8002633452415466,true,false
30,31,0.5,-0.5999999999999999,-0.7944793701171875,true,false
31,31,0.55,-0.5999999999999999,-0.7883667647838593,true,false
32,31,0.6000000000000001,-0.5999999999999999,-0.7799999713897705,true,false
33,31,0.6500000000000001,-0.5999999999999999,-0.75,true,false
34,31,0.7000000000000002,-0.5999999999999999,-0.7467408180236816,true,false
35,31,0.75,-0.5999999999999999,-0.7456009089946747,true,false
36,31,0.8,-0.5999999999999999,-0.7446045875549316,true,false
37,31,0.8500000000000001,-0.5999999999999999,-0.7396975159645081,true,false
38,31,0.9000000000000001,-0.5999999999999999,-0.7352428734302521,true,false
39,31,0.9500000000000002,-0.5999999999999999,-0.7314014434814453,true,false
40,31,1.0,-0.5999999999999999,-0.7297762632369995,true,false
41,31,1.0500000000000003,-0.5999999999999999,-0.7271019518375397,true,false
42,31,1.1,-0.5999999999999999,-0.7249007225036621,true,false
43,31,1.15,-0.5999999999999999,-0.7223442792892456,true,false
44,31,1.2000000000000002,-0.5999999999999999,-0.7207373380661011,true,false
45,31,1.25,-0.5999999999999999,-0.7211931347846985,true,false
46,31,1.3000000000000003,-0.5999999999999999,-0.7236730456352234,true,false
47,31,1.35,-0.5999999999999999,-0.7244529724121094,true,false
48,31,1.4000000000000004,-0.5999999999999999,-0.7242545485496521,true,false
49,31,1.4500000000000002,-0.5999999999999999,-0.7233695387840271,true,false
50,31,1.5,-0.5999999999999999,-0.7222923040390015,true,false
51,31,1.5500000000000003,-0.5999999999999999,-0.7198538184165955,true,false
52,31,1.6,-0.5999999999999999,-0.7144291400909424,true,false
53,31,1.6500000000000004,-0.5999999999999999,-0.7079662084579468,true,false
54,31,1.7000000000000002,-0.5999999999999999,-0.7107387781143188,true,false
55,31,1.75,-0.5999999999999999,-0.7082147002220154,true,false
56,31,1.8000000000000003,-0.5999999999999999,-0.7067660744066776,false,true
57,31,1.85,-0.5999999999999999,-0.7043652622624782,false,true
58,31,1.9000000000000004,-0.5999999999999999,-0.7019814848899841,false,true
59,31,1.9500000000000002,-0.5999999999999999,-0.703251788689402,false,true
60,31,2.0,-0.5999999999999999,-0.7038292288780212,false,true
61,31,2.0500000000000003,-0.5999999999999999,-0.7067586995112174,false,true
62,31,2.1,-0.5999999999999999,-0.7091927582170213,false,true
63,31,2.1500000000000004,-0.5999999999999999,-0.7096808348047006,false,true
64,31,2.2,-0.5999999999999999,-0.7100189924240112,false,true
65,31,2.25,-0.5999999999999999,-0.7014331466961885,false,true
66,31,2.3000000000000003,-0.5999999999999999,-0.696161919694267,false,true
67,31,2.35,-0.5999999999999999,-0.6959674954414368,false,true
68,31,2.4000000000000004,-0.5999999999999999,-0.6936025023460388,false,true
69,31,2.45,-0.5999999999999999,-0.6936190525814885,false,true
70,31,2.5,-0.5999999999999999,-0.6936473056006547,false,true
71,31,2.5500000000000003,-0.5999999999999999,-0.6937175223029548,false,true
72,31,2.6,-0.5999999999999999,-0.6938216711673856,false,true
73,31,2.6500000000000004,-0.5999999999999999,-0.6939455543365359,false,true
74,31,2.7,-0.5999999999999999,-0.6940497032009666,false,true
75,31,2.75,-0.5999999999999999,-0.6941199199032667,false,true
76,31,2.8000000000000003,-0.5999999999999999,-0.6941481729224329,false,true
77,31,2.85,-0.5999999999999999,-0.6941647231578827,false,true
78,31,2.9000000000000004,-0.5999999999999999,-0.6923702734955821,false,true
79,31,2.95,-0.5999999999999999,-0.6913317407633469,false,true
80,31,3.0,-0.5999999999999999,-0.6913226505050124,false,true
81,31,3.05,-0.5999999999999999,-0.6913138065995432,false,true
82,31,3.1000000000000005,-0.5999999999999999,-0.6913073658943176,false,true
83,31,3.1500000000000004,-0.5999999999999999,-0.6882897981546499,false,true
84,31,3.2,-0.5999999999999999,-0.6852715015411377,false,true
85,31,3.25,-0.5999999999999999,-0.6787166880179961,false,true
86,31,3.3,-0.5999999999999999,-0.6748409729086439,false,true
87,31,3.3500000000000005,-0.5999999999999999,-0.6748247647558332,false,true
0,32,-1.0,-0.5499999999999998,-0.6872513275557065,false,true
1,32,-0.95,-0.5499999999999998,-0.687279119163426,false,true
2,32,-0.9,-0.5499999999999998,-0.687303195746942,false,true
3,32,-0.85,-0.5499999999999998,-0.6873228684187289,false,true
4,32,-0.8,-0.5499999999999998,-0.6873375091821822,false,true
5,32,-0.75,-0.5499999999999998,-0.6873482931909415,false,true
6,32,-0.7,-0.5499999999999998,-0.6873539293810085,false,true
7,32,-0.6499999999999999,-0.5499999999999998,-0.6873738765716553,false,true
8,32,-0.6,-0.5499999999999998,-0.6866586016646696,false,true
9,32,-0.55,-0.5499999999999998,-0.6854617419015805,false,true
10,32,-0.5,-0.5499999999999998,-0.6827012819185113,false,true
11,32,-0.44999999999999996,-0.5499999999999998,-0.681419849395752,false,true
12,32,-0.3999999999999999,-0.5499999999999998,-0.681419849395752,false,true
13,32,-0.35,-0.5499999999999998,-0.681419849395752,false,true
14,32,-0.29999999999999993,-0.5499999999999998,-0.6964072287082672,false,true
15,32,-0.25,-0.5499999999999998,-0.6967271124136977,false,true
16,32,-0.19999999999999996,-0.5499999999999998,-0.6984040995939671,false,true
17,32,-0.1499999999999999,-0.5499999999999998,-0.7006722756608867,false,true
18,32,-0.09999999999999998,-0.5499999999999998,-0.7034703502723315,false,true
19,32,-0.04999999999999993,-0.5499999999999998,-0.705030620098114,true,false
20,32,0.0,-0.5499999999999998,-0.7035655677318573,true,false
21,32,0.050000000000000044,-0.5499999999999998,-0.7100281119346619,true,false
22,32,0.10000000000000009,-0.5499999999999998,-0.77962327003479,true,false
23,32,0.15000000000000013,-0.5499999999999998,-0.7799999713897705,true,false
24,32,0.20000000000000018,-0.5499999999999998,-0.8095107078552246,true,false
25,32,0.25,-0.5499999999999998,-0.8100000023841858,true,false
26,32,0.30000000000000004,-0.5499999999999998,-0.7799999713897705,true,false
27,32,0.3500000000000001,-0.5499999999999998,-0.7799999713897705,true,false
28,32,0.40000000000000013,-0.5499999999999998,-0.8013801872730255,true,false
29,32,0.4500000000000002,-0.5499999999999998,-0.7990531325340271,true,false
30,32,0.5,-0.5499999999999998,-0.792677104473114,true,false
31,32,0.55,-0.5499999999999998,-0.7799999713897705,true,false
32,32,0.6000000000000001,-0.5499999999999998,-0.75,true,false
33,32,0.6500000000000001,-0.5499999999999998,-0.7443456053733826,true,false
34,32,0.7000000000000002,-0.5499999999999998,-0.7460564970970154,true,false
35,32,0.75,-0.5499999999999998,-0.7454293966293335,true,false
36,32,0.8,-0.5499999999999998,-0.7428964376449585,true,false
37,32,0.8500000000000001,-0.5499999999999998,-0.7388305068016052,true,false
38,32,0.9000000000000001,-0.5499999999999998,-0.7329041957855225,true,false
39,32,0.9500000000000002,-0.5499999999999998,-0.7308140397071838,true,false
40,32,1.0,-0.5499999999999998,-0.7305336594581604,true,false
41,32,1.0500000000000003,-0.5499999999999998,-0.7291792929172516,true,false
42,32,1.1,-0.5499999999999998,-0.7275027930736542,true,false
43,32,1.15,-0.5499999999999998,-0.7256212532520294,true,false
44,32,1.2000000000000002,-0.5499999999999998,-0.7236832082271576,true,false
45,32,1.25,-0.5499999999999998,-0.7226144671440125,true,false
46,32,1.3000000000000003,-0.5499999999999998,-0.7240376472473145,true,false
47,32,1.35,-0.5499999999999998,-0.7268142700195312,true,false
48,32,1.4000000000000004,-0.5499999999999998,-0.7260788679122925,true,false
49,32,1.4500000000000002,-0.5499999999999998,-0.7245460450649261,true,false
50,32,1.5,-0.5499999999999998,-0.7199999690055847,true,false
51,32,1.5500000000000003,-0.5499999999999998,-0.7199999690055847,true,false
52,32,1.6,-0.5499999999999998,-0.7167105674743652,true,false
53,32,1.6500000000000004,-0.5499999999999998,-0.7124401068614111,false,true
54,32,1.7000000000000002,-0.5499999999999998,-0.7091874259648668,false,true
55,32,1.75,-0.5499999999999998,-0.7092602075174935,false,true
56,32,1.8000000000000003,-0.5499999999999998,-0.7082147002220154,false,true
57,32,1.85,-0.5499999999999998,-0.7054962645538059,false,true
58,32,1.9000000000000004,-0.5499999999999998,-0.7029688778073494,false,true
59,32,1.9500000000000002,-0.5499999999999998,-0.7019814848899841,false,true
60,32,2.0,-0.5499999999999998,-0.7029958462139837,false,true
61,32,2.0500000000000003,-0.5499999999999998,-0.7038292288780212,false,true
62,32,2.1,-0.5499999999999998,-0.7072187907519899,false,true
63,32,2.1500000000000004,-0.5499999999999998,-0.7096369245554939,false,true
64,32,2.2,-0.5499999999999998,-0.7098789229518729,false,true
65,32,2.25,-0.5499999999999998,-0.7100189924240112,false,true
66,32,2.3000000000000003,-0.5499999999999998,-0.7012720026054972,false,true
67,32,2.35,-0.5499999999999998,-0.695331750546481,false,true
68,32,2.4000000000000004,-0.5499999999999998,-0.6943000402379544,false,true
69,32,2.45,-0.5499999999999998,-0.6936224802474803,false,true
70,32,2.5,-0.5499999999999998,-0.693659596478881,false,true
71,32,2.5500000000000003,-0.5499999999999998,-0.6937274608031426,false,true
72,32,2.6,-0.5499999999999998,-0.693827451211416,false,true
73,32,2.6500000000000004,-0.5499999999999998,-0.6939397742925055,false,true
74,32,2.7,-0.5499999999999998,-0.6940397647007789,false,true
75,32,2.75,-0.5499999999999998,-0.6941076290250403,false,true
76,32,2.8000000000000003,-0.5499999999999998,-0.6941447452564412,false,true
77,32,2.85,-0.5499999999999998,-0.6941578678258989,false,true
78,32,2.9000000000000004,-0.5499999999999998,-0.6941647231578827,false,true
79,32,2.95,-0.5499999999999998,-0.6923747066129106,false,true
80,32,3.0,-0.5499999999999998,-0.6913227226600962,false,true
81,32,3.05,-0.5499999999999998,-0.6913145104805981,false,true
82,32,3.1000000000000005,-0.5499999999999998,-0.6913100337217734,false,true
83,32,3.1500000000000004,-0.5499999999999998,-0.6913073658943176,false,true
84,32,3.2,-0.5499999999999998,-0.6882895289100639,false,true
85,32,3.25,-0.5499999999999998,-0.6852715015411377,false,true
86,32,3.3,-0.5499999999999998,-0.6786953340764773,false,true
87,32,3.3500000000000005,-0.5499999999999998,-0.6748314783925484,false,true
0,33,-1.0,-0.4999999999999998,-0.6870680240485763,false,true
1,33,-0.95,-0.4999999999999998,-0.687121769786417,false,true
2,33,-0.9,-0.4999999999999998,-0.6871733040134361,false,true
3,33,-0.85,-0.4999999999999998,-0.6872208691093021,false,true
4,33,-0.8,-0.4999999999999998,-0.6872620706951414,false,true
5,33,-0.75,-0.4999999999999998,-0.6872941532981622,false,true
6,33,-0.7,-0.4999999999999998,-0.687314739033795,false,true
7,33,-0.6499999999999999,-0.4999999999999998,-0.6873257197934646,false,true
8,33,-0.6,-0.4999999999999998,-0.6873738765716553,false,true
9,33,-0.55,-0.4999999999999998,-0.6856470501903855,false,true
10,33,-0.5,-0.4999999999999998,-0.6832875417362575,false,true
11,33,-0.44999999999999996,-0.4999999999999998,-0.6807386363142582,false,true
12,33,-0.3999999999999999,-0.4999999999999998,-0.681419849395752,true,false
13,33,-0.35,-0.4999999999999998,-0.6832060624027857,false,true
14,33,-0.29999999999999993,-0.4999999999999998,-0.6905946294783589,false,true
15,33,-0.25,-0.4999999999999998,-0.6964072287082672,true,false
16,33,-0.19999999999999996,-0.4999999999999998,-0.6971794962882996,true,false
17,33,-0.1499999999999999,-0.4999999999999998,-0.7021328210830688,true,false
18,33,-0.09999999999999998,-0.4999999999999998,-0.7020995318889618,true,false
19,33,-0.04999999999999993,-0.4999999999999998,-0.704539954662323,true,false
20,33,0.0,-0.4999999999999998,-0.7041553556919098,true,false
21,33,0.050000000000000044,-0.4999999999999998,-0.7093179821968079,true,false
22,33,0.10000000000000009,-0.4999999999999998,-0.7843533456325531,true,false
23,33,0.15000000000000013,-0.4999999999999998,-0.7799999713897705,true,false
24,33,0.20000000000000018,-0.4999999999999998,-0.7799999713897705,true,false
25,33,0.25,-0.4999999999999998,-0.7801402807235718,true,false
26,33,0.30000000000000004,-0.4999999999999998,-0.7799999713897705,true,false
27,33,0.3500000000000001,-0.4999999999999998,-0.7838326394557953,true,false
28,33,0.40000000000000013,-0.4999999999999998,-0.8003218770027161,true,false
29,33,0.4500000000000002,-0.4999999999999998,-0.7947208881378174,true,false
30,33,0.5,-0.4999999999999998,-0.7812440693378448,true,false
31,33,0.55,-0.4999999999999998,-0.7656327486038208,true,false
32,33,0.6000000000000001,-0.4999999999999998,-0.7575111091136932,true,false
33,33,0.6500000000000001,-0.4999999999999998,-0.7488843500614166,true,false
34,33,0.7000000000000002,-0.4999999999999998,-0.7456938624382019,true,false
35,33,0.75,-0.4999999999999998,-0.7432414293289185,true,false
36,33,0.8,-0.4999999999999998,-0.7408818006515503,true,false
37,33,0.8500000000000001,-0.4999999999999998,-0.7363696098327637,true,false
38,33,0.9000000000000001,-0.4999999999999998,-0.7338156700134277,true,false
39,33,0.9500000000000002,-0.4999999999999998,-0.7317424416542053,true,false
40,33,1.0,-0.4999999999999998,-0.7313114404678345,true,false
41,33,1.0500000000000003,-0.4999999999999998,-0.7315871715545654,true,false
42,33,1.1,-0.4999999999999998,-0.7301958799362183,true,false
43,33,1.15,-0.4999999999999998,-0.7299536466598511,true,false
44,33,1.2000000000000002,-0.4999999999999998,-0.7288071513175964,true,false
45,33,1.25,-0.4999999999999998,-0.7268556654453278,true,false
46,33,1.3000000000000003,-0.4999999999999998,-0.7250585556030273,true,false
47,33,1.35,-0.4999999999999998,-0.7270821332931519,true,false
48,33,1.4000000000000004,-0.4999999999999998,-0.7275870442390442,true,false
49,33,1.4500000000000002,-0.4999999999999998,-0.7272715866565704,true,false
50,33,1.5,-0.4999999999999998,-0.7252120077610016,true,false
51,33,1.5500000000000003,-0.4999999999999998,-0.7199999690055847,true,false
52,33,1.6,-0.4999999999999998,-0.7187848704531081,false,true
53,33,1.6500000000000004,-0.4999999999999998,-0.7167105674743652,false,true
54,33,1.7000000000000002,-0.4999999999999998,-0.7120796289209774,false,true
55,33,1.75,-0.4999999999999998,-0.7089326682972089,false,true
56,33,1.8000000000000003,-0.4999999999999998,-0.7086477635233625,false,true
57,33,1.85,-0.4999999999999998,-0.7082147002220154,false,true
58,33,1.9000000000000004,-0.4999999999999998,-0.7048242867846949,false,true
59,33,1.9500000000000002,-0.4999999999999998,-0.702390476427748,false,true
60,33,2.0,-0.4999999999999998,-0.7019814848899841,false,true
61,33,2.0500000000000003,-0.4999999999999998,-0.7029289930476367,false,true
62,33,2.1,-0.4999999999999998,-0.7038292288780212,false,true
63,33,2.1500000000000004,-0.4999999999999998,-0.7074851974750341,false,true
64,33,2.2,-0.4999999999999998,-0.7098490686611618,false,true
65,33,2.25,-0.4999999999999998,-0.7099609737489772,false,true
66,33,2.3000000000000003,-0.4999999999999998,-0.7100189924240112,false,true
67,33,2.35,-0.4999999999999998,-0.7006501363777462,false,true
68,33,2.4000000000000004,-0.4999999999999998,-0.6944037684645527,false,true
69,33,2.45,-0.4999999999999998,-0.6938318040665147,false,true
70,33,2.5,-0.4999999999999998,-0.6936686023867713,false,true
71,33,2.5500000000000003,-0.4999999999999998,-0.6937368703152966,false,true
72,33,2.6,-0.4999999999999998,-0.6938310633676537,false,true
73,33,2.6500000000000004,-0.4999999999999998,-0.6939361621362679,false,true
74,33,2.7,-0.4999999999999998,-0.6940303551886248,false,true
75,33,2.75,-0.4999999999999998,-0.69409862311715,false,true
76,33,2.8000000000000003,-0.4999999999999998,-0.6941377176755635,false,true
77,33,2.85,-0.4999999999999998,-0.6941560321945421,false,true
78,33,2.9000000000000004,-0.4999999999999998,-0.6941618835864005,false,true
79,33,2.95,-0.4999999999999998,-0.6941647231578827,false,true
80,33,3.0,-0.4999999999999998,-0.6923712975460271,false,true
81,33,3.05,-0.4999999999999998,-0.6913156045599826,false,true
82,33,3.1000000000000005,-0.4999999999999998,-0.6913105635455047,false,true
83,33,3.1500000000000004,-0.4999999999999998,-0.6913084709446319,false,true
84,33,3.2,-0.4999999999999998,-0.6913073658943176,false,true
85,33,3.25,-0.4999999999999998,-0.6882894585823347,false,true
86,33,3.3,-0.4999999999999998,-0.6852715015411377,false,true
87,33,3.3500000000000005,-0.4999999999999998,-0.6796972567932247,false,true
0,34,-1.0,-0.44999999999999973,-0.686697974215529,false,true
1,34,-0.95,-0.44999999999999973,-0.6867809209823524,false,true
2,34,-0.9,-0.44999999999999973,-0.6868674634231151,false,true
3,34,-0.85,-0.44999999999999973,-0.686956472404474,false,true
4,34,-0.8,-0.44999999999999973,-0.6870459611949369,false,true
5,34,-0.75,-0.44999999999999973,-0.6871304765470335,false,true
6,34,-0.7,-0.44999999999999973,-0.6872052645887925,false,true
7,34,-0.6499999999999999,-0.44999999999999973,-0.6872400723566849,false,true
8,34,-0.6,-0.44999999999999973,-0.687257615824627,false,true
9,34,-0.55,-0.44999999999999973,-0.6873738765716553,true,false
10,34,-0.5,-0.44999999999999973,-0.6832049489021301,true,false
11,34,-0.44999999999999996,-0.44999999999999973,-0.6793180108070374,true,false
12,34,-0.3999999999999999,-0.44999999999999973,-0.6793180108070374,true,false
13,34,-0.35,-0.44999999999999973,-0.6840679049491882,true,false
14,34,-0.29999999999999993,-0.44999999999999973,-0.6884013712406158,true,false
15,34,-0.25,-0.44999999999999973,-0.6920028328895569,true,false
16,34,-0.19999999999999996,-0.44999999999999973,-0.6951016187667847,true,false
17,34,-0.1499999999999999,-0.44999999999999973,-0.6969212293624878,true,false
18,34,-0.09999999999999998,-0.44999999999999973,-0.6997658610343933,true,false
19,34,-0.04999999999999993,-0.44999999999999973,-0.7046656310558319,true,false
20,34,0.0,-0.44999999999999973,-0.8100000023841858,true,false
21,34,0.050000000000000044,-0.44999999999999973,-0.7049994468688965,true,false
22,34,0.10000000000000009,-0.44999999999999973,-0.7494404315948486,true,false
23,34,0.15000000000000013,-0.44999999999999973,-0.7799999713897705,true,false
24,34,0.20000000000000018,-0.44999999999999973,-0.7967250347137451,true,false
25,34,0.25,-0.44999999999999973,-0.789140522480011,true,false
26,34,0.30000000000000004,-0.44999999999999973,-0.8032322525978088,true,false
27,34,0.3500000000000001,-0.44999999999999973,-0.8011525869369507,true,false
28,34,0.40000000000000013,-0.44999999999999973,-0.6224909126758575,true,false
29,34,0.4500000000000002,-0.44999999999999973,-0.7799999713897705,true,false
30,34,0.5,-0.44999999999999973,-0.7721303105354309,true,false
31,34,0.55,-0.44999999999999973,-0.761648952960968,true,false
32,34,0.6000000000000001,-0.44999999999999973,-0.753501832485199,true,false
33,34,0.6500000000000001,-0.44999999999999973,-0.75,true,false
34,34,0.7000000000000002,-0.44999999999999973,-0.744379460811615,true,false
35,34,0.75,-0.44999999999999973,-0.7411388754844666,true,false
36,34,0.8,-0.44999999999999973,-0.7384524345397949,true,false
37,34,0.8500000000000001,-0.44999999999999973,-0.7364262342453003,true,false
38,34,0.9000000000000001,-0.44999999999999973,-0.7341302335262299,true,false
39,34,0.9500000000000002,-0.44999999999999973,-0.7327403426170349,true,false
40,34,1.0,-0.44999999999999973,-0.732507735490799,true,false
41,34,1.0500000000000003,-0.44999999999999973,-0.7324309349060059,true,false
42,34,1.1,-0.44999999999999973,-0.7334067821502686,true,false
43,34,1.15,-0.44999999999999973,-0.7315114736557007,true,false
44,34,1.2000000000000002,-0.44999999999999973,-0.7283116579055786,true,false
45,34,1.25,-0.44999999999999973,-0.7267988324165344,true,false
46,34,1.3000000000000003,-0.44999999999999973,-0.7253905534744263,true,false
47,34,1.35,-0.44999999999999973,-0.7264364361763,true,false
48,34,1.4000000000000004,-0.44999999999999973,-0.7289714217185974,true,false
49,34,1.4500000000000002,-0.44999999999999973,-0.7280095219612122,true,false
50,34,1.5,-0.44999999999999973,-0.7262109096926924,false,true
51,34,1.5500000000000003,-0.44999999999999973,-0.7221588661456926,false,true
52,34,1.6,-0.44999999999999973,-0.7199999690055847,false,true
53,34,1.6500000000000004,-0.44999999999999973,-0.7184674820027384,false,true
54,34,1.7000000000000002,-0.44999999999999973,-0.7167105674743652,false,true
55,34,1.75,-0.44999999999999973,-0.7118035133974662,false,true
56,34,1.8000000000000003,-0.44999999999999973,-0.7086043688953482,false,true
57,34,1.85,-0.44999999999999973,-0.7083940809147995,false,true
58,34,1.9000000000000004,-0.44999999999999973,-0.7082147002220154,false,true
59,34,1.9500000000000002,-0.44999999999999973,-0.7045157057900677,false,true
60,34,2.0,-0.44999999999999973,-0.7021508947318217,false,true
61,34,2.0500000000000003,-0.44999999999999973,-0.7019814848899841,false,true
62,34,2.1,-0.44999999999999973,-0.7029115307415332,false,true
63,34,2.1500000000000004,-0.44999999999999973,-0.7038292288780212,false,true
64,34,2.2,-0.44999999999999973,-0.7076195009603737,false,true
65,34,2.25,-0.44999999999999973,-0.7099451907840874,false,true
66,34,2.3000000000000003,-0.44999999999999973,-0.7099949603019412,false,true
67,34,2.35,-0.44999999999999973,-0.7100189924240112,false,true
68,34,2.4000000000000004,-0.44999999999999973,-0.7001525691197089,false,true
69,34,2.45,-0.44999999999999973,-0.693951527894807,false,true
70,34,2.5,-0.44999999999999973,-0.6937363982653946,false,true
71,34,2.5500000000000003,-0.44999999999999973,-0.6937444636082638,false,true
72,34,2.6,-0.44999999999999973,-0.6938342575779917,false,true
73,34,2.6500000000000004,-0.44999999999999973,-0.6939329679259298,false,true
74,34,2.7,-0.44999999999999973,-0.6940227618956576,false,true
75,34,2.75,-0.44999999999999973,-0.6940900784348744,false,true
76,34,2.8000000000000003,-0.44999999999999973,-0.6941316313429263,false,true
77,34,2.85,-0.44999999999999973,-0.6941523818291234,false,true
78,34,2.9000000000000004,-0.44999999999999973,-0.694161001444636,false,true
79,34,2.95,-0.44999999999999973,-0.6941635469688634,false,true
80,34,3.0,-0.44999999999999973,-0.6941647231578827,false,true
81,34,3.05,-0.44999999999999973,-0.6923676892248813,false,true
82,34,3.1000000000000005,-0.44999999999999973,-0.6913114271158559,false,true
83,34,3.1500000000000004,-0.44999999999999973,-0.6913087601914938,false,true
84,34,3.2,-0.44999999999999973,-0.691307823621145,false,true
85,34,3.25,-0.44999999999999973,-0.6913073658943176,false,true
86,34,3.3,-0.44999999999999973,-0.6882894402124593,false,true
87,34,3.3500000000000005,-0.44999999999999973,-0.6852715015411377,false,true
0,35,-1.0,-0.3999999999999999,-0.6860584340675157,false,true
1,35,-0.95,-0.3999999999999999,-0.6861568742020446,false,true
2,35,-0.9,-0.3999999999999999,-0.6862661484578213,false,true
3,35,-0.85,-0.3999999999999999,-0.6863881800283175,false,true
4,35,-0.8,-0.3999999999999999,-0.6865243178526536,false,true
5,35,-0.75,-0.3999999999999999,-0.686678246334548,false,true
6,35,-0.7,-0.3999999999999999,-0.6868404477973133,false,true
7,35,-0.6499999999999999,-0.3999999999999999,-0.6870355837666912,false,true
8,35,-0.6,-0.3999999999999999,-0.6870814579314201,false,true
9,35,-0.55,-0.3999999999999999,-0.687093198299408,true,false
10,35,-0.5,-0.3999999999999999,-0.6796396970748901,true,false
11,35,-0.44999999999999996,-0.3999999999999999,-0.6793180108070374,true,false
12,35,-0.3999999999999999,-0.3999999999999999,-0.6781001091003418,true,false
13,35,-0.35,-0.3999999999999999,-0.6793180108070374,true,false
14,35,-0.29999999999999993,-0.3999999999999999,-0.6835645437240601,true,false
15,35,-0.25,-0.3999999999999999,-0.687561571598053,true,false
16,35,-0.19999999999999996,-0.3999999999999999,-0.6929947435855865,true,false
17,35,-0.1499999999999999,-0.3999999999999999,-0.6940531134605408,true,false
18,35,-0.09999999999999998,-0.3999999999999999,-0.696082353591919,true,false
19,35,-0.04999999999999993,-0.3999999999999999,-0.7263657748699188,true,false
20,35,0.0,-0.3999999999999999,-0.8100000023841858,true,false
21,35,0.050000000000000044,-0.3999999999999999,-0.7397681176662445,true,false
22,35,0.10000000000000009,-0.3999999999999999,-0.7222288548946381,true,false
23,35,0.15000000000000013,-0.3999999999999999,-0.7611615061759949,true,false
24,35,0.20000000000000018,-0.3999999999999999,-0.799167811870575,true,false
25,35,0.25,-0.3999999999999999,-0.7985022664070129,true,false
26,35,0.30000000000000004,-0.3999999999999999,-0.8079912066459656,true,false
27,35,0.3500000000000001,-0.3999999999999999,-0.41999998688697815,true,false
28,35,0.40000000000000013,-0.3999999999999999,-0.7799999713897705,true,false
29,35,0.4500000000000002,-0.3999999999999999,-0.7718058526515961,true,false
30,35,0.5,-0.3999999999999999,-0.7637668251991272,true,false
31,35,0.55,-0.3999999999999999,-0.7588565945625305,true,false
32,35,0.6000000000000001,-0.3999999999999999,-0.7551701068878174,true,false
33,35,0.6500000000000001,-0.3999999999999999,-0.75,true,false
34,35,0.7000000000000002,-0.3999999999999999,-0.7415050268173218,true,false
35,35,0.75,-0.3999999999999999,-0.7386895418167114,true,false
36,35,0.8,-0.3999999999999999,-0.7381914854049683,true,false
37,35,0.8500000000000001,-0.3999999999999999,-0.73527991771698,true,false
38,35,0.9000000000000001,-0.3999999999999999,-0.7356984615325928,true,false
39,35,0.9500000000000002,-0.3999999999999999,-0.7339552640914917,true,false
40,35,1.0,-0.3999999999999999,-0.731989711523056,true,false
41,35,1.0500000000000003,-0.3999999999999999,-0.7320363223552704,true,false
42,35,1.1,-0.3999999999999999,-0.7320469617843628,true,false
43,35,1.15,-0.3999999999999999,-0.7299370765686035,true,false
44,35,1.2000000000000002,-0.3999999999999999,-0.7242614030838013,true,false
45,35,1.25,-0.3999999999999999,-0.7236343622207642,true,false
46,35,1.3000000000000003,-0.3999999999999999,-0.7230194211006165,true,false
47,35,1.35,-0.3999999999999999,-0.7239111065864563,true,false
48,35,1.4000000000000004,-0.3999999999999999,-0.7300826013088226,true,false
49,35,1.4500000000000002,-0.3999999999999999,-0.7302302122116089,true,false
50,35,1.5,-0.3999999999999999,-0.7293103721920648,false,true
51,35,1.5500000000000003,-0.3999999999999999,-0.7256037491107268,false,true
52,35,1.6,-0.3999999999999999,-0.7208942134807859,false,true
53,35,1.6500000000000004,-0.3999999999999999,-0.7199999690055847,false,true
54,35,1.7000000000000002,-0.3999999999999999,-0.718384578909633,false,true
55,35,1.75,-0.3999999999999999,-0.7167105674743652,false,true
56,35,1.8000000000000003,-0.3999999999999999,-0.7115976319431081,false,true
57,35,1.85,-0.3999999999999999,-0.7084031334497977,false,true
58,35,1.9000000000000004,-0.3999999999999999,-0.7082890021377944,false,true
59,35,1.9500000000000002,-0.3999999999999999,-0.7082147002220154,false,true
60,35,2.0,-0.3999999999999999,-0.7043816247194465,false,true
61,35,2.0500000000000003,-0.3999999999999999,-0.7020516567440727,false,true
62,35,2.1,-0.3999999999999999,-0.7019814848899841,false,true
63,35,2.1500000000000004,-0.3999999999999999,-0.7029069695195131,false,true
64,35,2.2,-0.3999999999999999,-0.7038292288780212,false,true
65,35,2.25,-0.3999999999999999,-0.7076825084864955,false,true
66,35,2.3000000000000003,-0.3999999999999999,-0.7099874219932462,false,true
67,35,2.35,-0.3999999999999999,-0.7100090379931172,false,true
68,35,2.4000000000000004,-0.3999999999999999,-0.7100189924240112,false,true
69,35,2.45,-0.3999999999999999,-0.6998973021819457,false,true
70,35,2.5,-0.3999999999999999,-0.6938017705592491,false,true
71,35,2.5500000000000003,-0.3999999999999999,-0.6937684013688536,false,true
72,35,2.6,-0.3999999999999999,-0.6938368691247059,false,true
73,35,2.6500000000000004,-0.3999999999999999,-0.6939303563792156,false,true
74,35,2.7,-0.3999999999999999,-0.6940161784086846,false,true
75,35,2.75,-0.3999999999999999,-0.6940825324420141,false,true
76,35,2.8000000000000003,-0.3999999999999999,-0.6941255384546302,false,true
77,35,2.85,-0.3999999999999999,-0.6941488287793616,false,true
78,35,2.9000000000000004,-0.3999999999999999,-0.6941592223844881,false,true
79,35,2.95,-0.3999999999999999,-0.6941631458998666,false,true
80,35,3.0,-0.3999999999999999,-0.694164235964439,false,true
81,35,3.05,-0.3999999999999999,-0.6941647231578827,false,true
82,35,3.1000000000000005,-0.3999999999999999,-0.6923653448852021,false,true
83,35,3.1500000000000004,-0.3999999999999999,-0.6913092670004504,false,true
84,35,3.2,-0.3999999999999999,-0.6913079638711653,false,true
85,35,3.25,-0.3999999999999999,-0.6913075554909773,false,true
86,35,3.3,-0.3999999999999999,-0.6913073658943176,false,true
87,35,3.3500000000000005,-0.3999999999999999,-0.6882894354141768,false,true
0,36,-1.0,-0.34999999999999987,-0.685114624831562,false,true
1,36,-0.95,-0.34999999999999987,-0.6851967317793459,false,true
2,36,-0.9,-0.34999999999999987,-0.6852917478464365,false,true
3,36,-0.85,-0.34999999999999987,-0.6854032458091354,false,true
4,36,-0.8,-0.34999999999999987,-0.6855378709041702,false,true
5,36,-0.75,-0.34999999999999987,-0.6857004714115428,false,true
6,36,-0.7,-0.34999999999999987,-0.6859218405718241,false,true
7,36,-0.6499999999999999,-0.34999999999999987,-0.6861648593035409,false,true
8,36,-0.6,-0.34999999999999987,-0.6867486758428332,false,true
9,36,-0.55,-0.34999999999999987,-0.6867724359035492,true,false
10,36,-0.5,-0.34999999999999987,-0.6793180108070374,true,false
11,36,-0.44999999999999996,-0.34999999999999987,-0.6793180108070374,true,false
12,36,-0.3999999999999999,-0.34999999999999987,-0.6795319616794586,true,false
13,36,-0.35,-0.34999999999999987,-0.6793180108070374,true,false
14,36,-0.29999999999999993,-0.34999999999999987,-0.6813088059425354,true,false
15,36,-0.25,-0.34999999999999987,-0.6856476068496704,true,false
16,36,-0.19999999999999996,-0.34999999999999987,-0.689911276102066,true,false
17,36,-0.1499999999999999,-0.34999999999999987,-0.6918264329433441,true,false
18,36,-0.09999999999999998,-0.34999999999999987,-0.6941942870616913,true,false
19,36,-0.04999999999999993,-0.34999999999999987,-0.75,true,false
20,36,0.0,-0.34999999999999987,-0.697790801525116,true,false
21,36,0.050000000000000044,-0.34999999999999987,-0.7996801733970642,true,false
22,36,0.10000000000000009,-0.34999999999999987,-0.7209254503250122,true,false
23,36,0.15000000000000013,-0.34999999999999987,-0.7713728547096252,true,false
24,36,0.20000000000000018,-0.34999999999999987,-0.8041595220565796,true,false
25,36,0.25,-0.34999999999999987,-0.806079626083374,true,false
26,36,0.30000000000000004,-0.34999999999999987,-0.7993051409721375,true,false
27,36,0.3500000000000001,-0.34999999999999987,-0.7799999713897705,true,false
28,36,0.40000000000000013,-0.34999999999999987,-0.7692652940750122,true,false
29,36,0.4500000000000002,-0.34999999999999987,-0.762356162071228,true,false
30,36,0.5,-0.34999999999999987,-0.7599003911018372,true,false
31,36,0.55,-0.34999999999999987,-0.7575011253356934,true,false
32,36,0.6000000000000001,-0.34999999999999987,-0.7528907656669617,true,false
33,36,0.6500000000000001,-0.34999999999999987,-0.75,true,false
34,36,0.7000000000000002,-0.34999999999999987,-0.7427840828895569,true,false
35,36,0.75,-0.34999999999999987,-0.7379046678543091,true,false
36,36,0.8,-0.34999999999999987,-0.7394576966762543,true,false
37,36,0.8500000000000001,-0.34999999999999987,-0.7387194633483887,true,false
38,36,0.9000000000000001,-0.34999999999999987,-0.7373311519622803,true,false
39,36,0.9500000000000002,-0.34999999999999987,-0.7366387248039246,true,false
40,36,1.0,-0.34999999999999987,-0.7340183854103088,true,false
41,36,1.0500000000000003,-0.34999999999999987,-0.7293955087661743,true,false
42,36,1.1,-0.34999999999999987,-0.7271931767463684,true,false
43,36,1.15,-0.34999999999999987,-0.7226991951465607,true,false
44,36,1.2000000000000002,-0.34999999999999987,-0.7199999690055847,true,false
45,36,1.25,-0.34999999999999987,-0.7196806967258453,true,false
46,36,1.3000000000000003,-0.34999999999999987,-0.7199999690055847,true,false
47,36,1.35,-0.34999999999999987,-0.7238590452074286,false,true
48,36,1.4000000000000004,-0.34999999999999987,-0.7283182465871475,false,true
49,36,1.4500000000000002,-0.34999999999999987,-0.7301690697737208,false,true
50,36,1.5,-0.34999999999999987,-0.7302302122116089,false,true
51,36,1.5500000000000003,-0.34999999999999987,-0.7298492020003002,false,true
52,36,1.6,-0.34999999999999987,-0.7253234626672685,false,true
53,36,1.6500000000000004,-0.34999999999999987,-0.7203703771952902,false,true
54,36,1.7000000000000002,-0.34999999999999987,-0.7199999690055847,false,true
55,36,1.75,-0.34999999999999987,-0.7183629243004674,false,true
56,36,1.8000000000000003,-0.34999999999999987,-0.7167105674743652,false,true
57,36,1.85,-0.34999999999999987,-0.7114742894731269,false,true
58,36,1.9000000000000004,-0.34999999999999987,-0.708300667897858,false,true
59,36,1.9500000000000002,-0.34999999999999987,-0.7082454770832414,false,true
60,36,2.0,-0.34999999999999987,-0.7082147002220154,false,true
61,36,2.0500000000000003,-0.34999999999999987,-0.7043247894868319,false,true
62,36,2.1,-0.34999999999999987,-0.7020105510236444,false,true
63,36,2.1500000000000004,-0.34999999999999987,-0.7019814848899841,false,true
64,36,2.2,-0.34999999999999987,-0.7029057781106469,false,true
65,36,2.25,-0.34999999999999987,-0.7038292288780212,false,true
66,36,2.3000000000000003,-0.34999999999999987,-0.707710842592512,false,true
67,36,2.35,-0.34999999999999987,-0.7100056223986432,false,true
68,36,2.4000000000000004,-0.34999999999999987,-0.7100148691637292,false,true
69,36,2.45,-0.34999999999999987,-0.7100189924240112,false,true
70,36,2.5,-0.34999999999999987,-0.699807199819815,false,true
71,36,2.5500000000000003,-0.34999999999999987,-0.6937982287198342,false,true
72,36,2.6,-0.34999999999999987,-0.6938441971662007,false,true
73,36,2.6500000000000004,-0.34999999999999987,-0.6939281112867804,false,true
74,36,2.7,-0.34999999999999987,-0.6940104763646315,false,true
75,36,2.75,-0.34999999999999987,-0.6940756939650744,false,true
76,36,2.8000000000000003,-0.34999999999999987,-0.6941197638633445,false,true
77,36,2.85,-0.34999999999999987,-0.6941450514176444,false,true
78,36,2.9000000000000004,-0.34999999999999987,-0.6941573273390759,false,true
79,36,2.95,-0.34999999999999987,-0.6941623160013397,false,true
80,36,3.0,-0.34999999999999987,-0.6941640593875735,false,true
81,36,3.05,-0.34999999999999987,-0.6941645213557508,false,true
82,36,3.1000000000000005,-0.34999999999999987,-0.6941647231578827,false,true
83,36,3.1500000000000004,-0.34999999999999987,-0.6923640617500629,false,true
84,36,3.2,-0.34999999999999987,-0.6913082259371084,false,true
85,36,3.25,-0.34999999999999987,-0.6913076195711892,false,true
86,36,3.3,-0.34999999999999987,-0.6913074444278254,false,true
87,36,3.3500000000000005,-0.34999999999999987,-0.6913073658943176,false,true
0,37,-1.0,-0.2999999999999998,-0.6839251691449355,false,true
1,37,-0.95,-0.2999999999999998,-0.6839562587019585,false,true
2,37,-0.9,-0.2999999999999998,-0.6839929420901476,false,true
3,37,-0.85,-0.2999999999999998,-0.6840376337335302,false,true
4,37,-0.8,-0.2999999999999998,-0.6840917851303833,false,true
5,37,-0.75,-0.2999999999999998,-0.6841675436310172,false,true
6,37,-0.7,-0.2999999999999998,-0.6842474317570112,false,true
7,37,-0.6499999999999999,-0.2999999999999998,-0.6844644169906523,false,true
8,37,-0.6,-0.2999999999999998,-0.6844226194078568,false,true
9,37,-0.55,-0.2999999999999998,-0.6863705515861511,true,false
10,37,-0.5,-0.2999999999999998,-0.6793180108070374,true,false
11,37,-0.44999999999999996,-0.2999999999999998,-0.6793180108070374,true,false
12,37,-0.3999999999999999,-0.2999999999999998,-0.6838893294334412,true,false
13,37,-0.35,-0.2999999999999998,-0.6838339567184448,true,false
14,37,-0.29999999999999993,-0.2999999999999998,-0.6820670068264008,true,false
15,37,-0.25,-0.2999999999999998,-0.6844331622123718,true,false
16,37,-0.19999999999999996,-0.2999999999999998,-0.688397228717804,true,false
17,37,-0.1499999999999999,-0.2999999999999998,-0.6914194822311401,true,false
18,37,-0.09999999999999998,-0.2999999999999998,-0.7820088267326355,true,false
19,37,-0.04999999999999993,-0.2999999999999998,-0.8052880465984344,true,false
20,37,0.0,-0.2999999999999998,-0.7570930421352386,true,false
21,37,0.050000000000000044,-0.2999999999999998,-0.8068580329418182,true,false
22,37,0.10000000000000009,-0.2999999999999998,-0.7194275856018066,true,false
23,37,0.15000000000000013,-0.2999999999999998,-0.7444549798965454,true,false
24,37,0.20000000000000018,-0.2999999999999998,-0.799643337726593,true,false
25,37,0.25,-0.2999999999999998,-0.7799999713897705,true,false
26,37,0.30000000000000004,-0.2999999999999998,-0.7787291407585144,true,false
27,37,0.3500000000000001,-0.2999999999999998,-0.7663513422012329,true,false
28,37,0.40000000000000013,-0.2999999999999998,-0.7666277289390564,true,false
29,37,0.4500000000000002,-0.2999999999999998,-0.7616156041622162,true,false
30,37,0.5,-0.2999999999999998,-0.759089320898056,true,false
31,37,0.55,-0.2999999999999998,-0.75705885887146,true,false
32,37,0.6000000000000001,-0.2999999999999998,-0.75346839427948,true,false
33,37,0.6500000000000001,-0.2999999999999998,-0.7486064434051514,true,false
34,37,0.7000000000000002,-0.2999999999999998,-0.745403528213501,true,false
35,37,0.75,-0.2999999999999998,-0.7390868663787842,true,false
36,37,0.8,-0.2999999999999998,-0.7364303469657898,true,false
37,37,0.8500000000000001,-0.2999999999999998,-0.7374436259269714,true,false
38,37,0.9000000000000001,-0.2999999999999998,-0.7391830086708069,true,false
39,37,0.9500000000000002,-0.2999999999999998,-0.7384606599807739,true,false
40,37,1.0,-0.2999999999999998,-0.7338373064994812,true,false
41,37,1.0500000000000003,-0.2999999999999998,-0.7256159484386444,true,false
42,37,1.1,-0.2999999999999998,-0.7199999690055847,true,false
43,37,1.15,-0.2999999999999998,-0.7153507173061371,true,false
44,37,1.2000000000000002,-0.2999999999999998,-0.7133447825908661,true,false
45,37,1.25,-0.2999999999999998,-0.7142061591148376,true,false
46,37,1.3000000000000003,-0.2999999999999998,-0.717776351700708,false,true
47,37,1.35,-0.2999999999999998,-0.7199999690055847,false,true
48,37,1.4000000000000004,-0.2999999999999998,-0.7253416666796003,false,true
49,37,1.4500000000000002,-0.2999999999999998,-0.7296448844185899,false,true
50,37,1.5,-0.2999999999999998,-0.7302048861845991,false,true
51,37,1.5500000000000003,-0.2999999999999998,-0.7302302122116089,false,true
52,37,1.6,-0.2999999999999998,-0.7300723926146822,false,true
53,37,1.6500000000000004,-0.2999999999999998,-0.7252024242440513,false,true
54,37,1.7000000000000002,-0.2999999999999998,-0.7201533971013748,false,true
55,37,1.75,-0.2999999999999998,-0.7199999690055847,false,true
56,37,1.8000000000000003,-0.2999999999999998,-0.7183572680326425,false,true
57,37,1.85,-0.2999999999999998,-0.7167105674743652,false,true
58,37,1.9000000000000004,-0.2999999999999998,-0.7114097186119108,false,true
59,37,1.9500000000000002,-0.2999999999999998,-0.7082526277646338,false,true
60,37,2.0,-0.2999999999999998,-0.7082274484153425,false,true
61,37,2.0500000000000003,-0.2999999999999998,-0.7082147002220154,false,true
62,37,2.1,-0.2999999999999998,-0.7043009789379792,false,true
63,37,2.1500000000000004,-0.2999999999999998,-0.7019935244767519,false,true
64,37,2.2,-0.2999999999999998,-0.7019814848899841,false,true
65,37,2.25,-0.2999999999999998,-0.7029054669100343,false,true
66,37,2.3000000000000003,-0.2999999999999998,-0.7038292288780212,false,true
67,37,2.35,-0.2999999999999998,-0.7077232492283033,false,true
68,37,2.4000000000000004,-0.2999999999999998,-0.7100133685239155,false,true
69,37,2.45,-0.2999999999999998,-0.7100172845136812,false,true
70,37,2.5,-0.2999999999999998,-0.7100189924240112,false,true
71,37,2.5500000000000003,-0.2999999999999998,-0.6998031994524861,false,true
72,37,2.6,-0.2999999999999998,-0.6938553111968612,false,true
73,37,2.6500000000000004,-0.2999999999999998,-0.6939276575826695,false,true
74,37,2.7,-0.2999999999999998,-0.6940054539847789,false,true
75,37,2.75,-0.2999999999999998,-0.6940694999465146,false,true
76,37,2.8000000000000003,-0.2999999999999998,-0.6941142626421621,false,true
77,37,2.85,-0.2999999999999998,-0.6941412403986116,false,true
78,37,2.9000000000000004,-0.2999999999999998,-0.6941551929502819,false,true
79,37,2.95,-0.2999999999999998,-0.6941613654819973,false,true
80,37,3.0,-0.2999999999999998,-0.6941636840689143,false,true
81,37,3.05,-0.2999999999999998,-0.6941644451548803,false,true
82,37,3.1000000000000005,-0.2999999999999998,-0.6941646395687027,false,true
83,37,3.1500000000000004,-0.2999999999999998,-0.6941647231578827,false,true
84,37,3.2,-0.2999999999999998,-0.6923634197768214,false,true
85,37,3.25,-0.2999999999999998,-0.6913077458733515,false,true
86,37,3.3,-0.2999999999999998,-0.6913074727241971,false,true
87,37,3.3500000000000005,-0.2999999999999998,-0.6913073984239617,false,true
0,38,-1.0,-0.24999999999999978,-0.68264447064705,false,true
1,38,-0.95,-0.24999999999999978,-0.6826096392373349,false,true
2,38,-0.9,-0.24999999999999978,-0.6825688914123895,false,true
3,38,-0.85,-0.24999999999999978,-0.6825194348429634,false,true
4,38,-0.8,-0.24999999999999978,-0.6824608149230393,false,true
5,38,-0.75,-0.24999999999999978,-0.6823759601501623,false,true
6,38,-0.7,-0.24999999999999978,-0.6823002678189571,false,true
7,38,-0.6499999999999999,-0.24999999999999978,-0.6820231407502314,false,true
8,38,-0.6,-0.24999999999999978,-0.6822392688469355,false,true
9,38,-0.55,-0.24999999999999978,-0.6793180108070374,true,false
10,38,-0.5,-0.24999999999999978,-0.6774100959300995,true,false
11,38,-0.44999999999999996,-0.24999999999999978,-0.6793180108070374,true,false
12,38,-0.3999999999999999,-0.24999999999999978,-0.6839258074760437,true,false
13,38,-0.35,-0.24999999999999978,-0.6845685243606567,true,false
14,38,-0.29999999999999993,-0.24999999999999978,-0.6847801208496094,true,false
15,38,-0.25,-0.24999999999999978,-0.6853693127632141,true,false
16,38,-0.19999999999999996,-0.24999999999999978,-0.7616060376167297,true,false
17,38,-0.1499999999999999,-0.24999999999999978,-0.8258402943611145,true,false
18,38,-0.09999999999999998,-0.24999999999999978,-0.8036135733127594,true,false
19,38,-0.04999999999999993,-0.24999999999999978,-0.6991195678710938,true,false
20,38,0.0,-0.24999999999999978,-0.8069943189620972,true,false
21,38,0.050000000000000044,-0.24999999999999978,-0.7073241174221039,true,false
22,38,0.10000000000000009,-0.24999999999999978,-0.7165154218673706,true,false
23,38,0.15000000000000013,-0.24999999999999978,-0.7407904267311096,true,false
24,38,0.20000000000000018,-0.24999999999999978,-0.7799999713897705,true,false
25,38,0.25,-0.24999999999999978,-0.7690801024436951,true,false
26,38,0.30000000000000004,-0.24999999999999978,-0.7608520090579987,true,false
27,38,0.3500000000000001,-0.24999999999999978,-0.761033445596695,true,false
28,38,0.40000000000000013,-0.24999999999999978,-0.762600839138031,true,false
29,38,0.4500000000000002,-0.24999999999999978,-0.7615930438041687,true,false
30,38,0.5,-0.24999999999999978,-0.7577415704727173,true,false
31,38,0.55,-0.24999999999999978,-0.7548401355743408,true,false
32,38,0.6000000000000001,-0.24999999999999978,-0.75,true,false
33,38,0.6500000000000001,-0.24999999999999978,-0.7471003830432892,true,false
34,38,0.7000000000000002,-0.24999999999999978,-0.7426297664642334,true,false
35,38,0.75,-0.24999999999999978,-0.7383339405059814,true,false
36,38,0.8,-0.24999999999999978,-0.7350109219551086,true,false
37,38,0.8500000000000001,-0.24999999999999978,-0.7340401709079742,true,false
38,38,0.9000000000000001,-0.24999999999999978,-0.733829140663147,true,false
39,38,0.9500000000000002,-0.24999999999999978,-0.7357357144355774,true,false
40,38,1.0,-0.24999999999999978,-0.7327475547790527,true,false
41,38,1.0500000000000003,-0.24999999999999978,-0.7272273898124695,true,false
42,38,1.1,-0.24999999999999978,-0.7199999690055847,true,false
43,38,1.15,-0.24999999999999978,-0.7089398801326752,true,false
44,38,1.2000000000000002,-0.24999999999999978,-0.7114697098731995,true,false
45,38,1.25,-0.24999999999999978,-0.7129703251809331,false,true
46,38,1.3000000000000003,-0.24999999999999978,-0.7142061591148376,false,true
47,38,1.35,-0.24999999999999978,-0.7172789294008741,false,true
48,38,1.4000000000000004,-0.24999999999999978,-0.7199999690055847,false,true
49,38,1.4500000000000002,-0.24999999999999978,-0.7260447086866413,false,true
50,38,1.5,-0.24999999999999978,-0.7300482832863819,false,true
51,38,1.5500000000000003,-0.24999999999999978,-0.7302197218277404,false,true
52,38,1.6,-0.24999999999999978,-0.7302302122116089,false,true
53,38,1.6500000000000004,-0.24999999999999978,-0.7301648411941535,false,true
54,38,1.7000000000000002,-0.24999999999999978,-0.7251514409215309,false,true
55,38,1.75,-0.24999999999999978,-0.7200635210037101,false,true
56,38,1.8000000000000003,-0.24999999999999978,-0.7199999690055847,false,true
57,38,1.85,-0.24999999999999978,-0.7183557905935689,false,true
58,38,1.9000000000000004,-0.24999999999999978,-0.7167105674743652,false,true
59,38,1.9500000000000002,-0.24999999999999978,-0.7113785410600562,false,true
60,38,2.0,-0.24999999999999978,-0.7082310894166263,false,true
61,38,2.0500000000000003,-0.24999999999999978,-0.7082199806965872,false,true
62,38,2.1,-0.24999999999999978,-0.7082147002220154,false,true
63,38,2.1500000000000004,-0.24999999999999978,-0.7042910606517232,false,true
64,38,2.2,-0.24999999999999978,-0.7019864718501087,false,true
65,38,2.25,-0.24999999999999978,-0.7019814848899841,false,true
66,38,2.3000000000000003,-0.24999999999999978,-0.7029053856232285,false,true
67,38,2.35,-0.24999999999999978,-0.7038292288780212,false,true
68,38,2.4000000000000004,-0.24999999999999978,-0.7077285877496258,false,true
69,38,2.45,-0.24999999999999978,-0.7100166377821878,false,true
70,38,2.5,-0.24999999999999978,-0.7100182849843892,false,true
71,38,2.5500000000000003,-0.24999999999999978,-0.7100189924240112,false,true
72,38,2.6,-0.24999999999999978,-0.6998363752379307,false,true
73,38,2.6500000000000004,-0.24999999999999978,-0.6939292538554865,false,true
74,38,2.7,-0.24999999999999978,-0.6940014265740377,false,true
75,38,2.75,-0.24999999999999978,-0.6940638520086407,false,true
76,38,2.8000000000000003,-0.24999999999999978,-0.694109053554074,false,true
77,38,2.85,-0.24999999999999978,-0.6941374254044581,false,true
78,38,2.9000000000000004,-0.24999999999999978,-0.6941529142351949,false,true
79,38,2.95,-0.24999999999999978,-0.6941602366877001,false,true
80,38,3.0,-0.24999999999999978,-0.6941632278874473,false,true
81,38,3.05,-0.24999999999999978,-0.6941642791804522,false,true
82,38,3.1000000000000005,-0.24999999999999978,-0.6941646071089165,false,true
83,38,3.1500000000000004,-0.24999999999999978,-0.6941646885341107,false,true
84,38,3.2,-0.24999999999999978,-0.6941647231578827,false,true
85,38,3.25,-0.24999999999999978,-0.6923631157993829,false,true
86,38,3.3,-0.24999999999999978,-0.6913075309656971,false,true
87,38,3.3500000000000005,-0.24999999999999978,-0.6913074292001269,false,true
0,39,-1.0,-0.19999999999999973,-0.6814666588243683,false,true
1,39,-0.95,-0.19999999999999973,-0.6813819416441571,false,true
2,39,-0.9,-0.19999999999999973,-0.6812839625111973,false,true
3,39,-0.85,-0.19999999999999973,-0.6811700912424798,false,true
4,39,-0.8,-0.19999999999999973,-0.6810299856413256,false,true
5,39,-0.75,-0.19999999999999973,-0.6808740889856961,false,true
6,39,-0.7,-0.19999999999999973,-0.6806115336646718,false,true
7,39,-0.6499999999999999,-0.19999999999999973,-0.6805280355063545,false,true
8,39,-0.6,-0.19999999999999973,-0.6793180108070374,false,true
9,39,-0.55,-0.19999999999999973,-0.6781169906358332,false,true
10,39,-0.5,-0.19999999999999973,-0.6765665709972382,true,false
11,39,-0.44999999999999996,-0.19999999999999973,-0.6793180108070374,true,false
12,39,-0.3999999999999999,-0.19999999999999973,-0.6822155117988586,true,false
13,39,-0.35,-0.19999999999999973,-0.6843215823173523,true,false
14,39,-0.29999999999999993,-0.19999999999999973,-0.683601975440979,true,false
15,39,-0.25,-0.19999999999999973,-0.6866507530212402,true,false
16,39,-0.19999999999999996,-0.19999999999999973,-0.8294419646263123,true,false
17,39,-0.1499999999999999,-0.19999999999999973,-0.693152904510498,true,false
18,39,-0.09999999999999998,-0.19999999999999973,-0.8100000023841858,true,false
19,39,-0.04999999999999993,-0.19999999999999973,-0.8017789721488953,true,false
20,39,0.0,-0.19999999999999973,-0.7060080170631409,true,false
21,39,0.050000000000000044,-0.19999999999999973,-0.7996900081634521,true,false
22,39,0.10000000000000009,-0.19999999999999973,-0.7778742909431458,true,false
23,39,0.15000000000000013,-0.19999999999999973,-0.7448543906211853,true,false
24,39,0.20000000000000018,-0.19999999999999973,-0.7393180131912231,true,false
25,39,0.25,-0.19999999999999973,-0.763861894607544,true,false
26,39,0.30000000000000004,-0.19999999999999973,-0.7593298554420471,true,false
27,39,0.3500000000000001,-0.19999999999999973,-0.7592675685882568,true,false
28,39,0.40000000000000013,-0.19999999999999973,-0.760482132434845,true,false
29,39,0.4500000000000002,-0.19999999999999973,-0.7597055435180664,true,false
30,39,0.5,-0.19999999999999973,-0.7539342045783997,true,false
31,39,0.55,-0.19999999999999973,-0.7500112354755402,true,false
32,39,0.6000000000000001,-0.19999999999999973,-0.7470929026603699,true,false
33,39,0.6500000000000001,-0.19999999999999973,-0.7416014969348907,true,false
34,39,0.7000000000000002,-0.19999999999999973,-0.7392332851886749,true,false
35,39,0.75,-0.19999999999999973,-0.737963080406189,true,false
36,39,0.8,-0.19999999999999973,-0.7358941435813904,true,false
37,39,0.8500000000000001,-0.19999999999999973,-0.7334747612476349,true,false
38,39,0.9000000000000001,-0.19999999999999973,-0.7317564785480499,true,false
39,39,0.9500000000000002,-0.19999999999999973,-0.7310605049133301,true,false
40,39,1.0,-0.19999999999999973,-0.7288721799850464,true,false
41,39,1.0500000000000003,-0.19999999999999973,-0.722445547580719,true,false
42,39,1.1,-0.19999999999999973,-0.7183461785316467,true,false
43,39,1.15,-0.19999999999999973,-0.7145094854484852,false,true
44,39,1.2000000000000002,-0.19999999999999973,-0.7104218200841795,false,true
45,39,1.25,-0.19999999999999973,-0.7114697098731995,false,true
46,39,1.3000000000000003,-0.19999999999999973,-0.7128725154544496,false,true
47,39,1.35,-0.19999999999999973,-0.7142061591148376,false,true
48,39,1.4000000000000004,-0.19999999999999973,-0.7171490007686642,false,true
49,39,1.4500000000000002,-0.19999999999999973,-0.7199999690055847,false,true
50,39,1.5,-0.19999999999999973,-0.7263115388089098,false,true
51,39,1.5500000000000003,-0.19999999999999973,-0.730172581203831,false,true
52,39,1.6,-0.19999999999999973,-0.730225866952336,false,true
53,39,1.6500000000000004,-0.19999999999999973,-0.7302302122116089,false,true
54,39,1.7000000000000002,-0.19999999999999973,-0.7302031346495927,false,true
55,39,1.75,-0.19999999999999973,-0.7251301775185431,false,true
56,39,1.8000000000000003,-0.19999999999999973,-0.7200262931051241,false,true
57,39,1.85,-0.19999999999999973,-0.7199999690055847,false,true
58,39,1.9000000000000004,-0.19999999999999973,-0.7183554046807579,false,true
59,39,1.9500000000000002,-0.19999999999999973,-0.7167105674743652,false,true
60,39,2.0,-0.19999999999999973,-0.7113642289263762,false,true
61,39,2.0500000000000003,-0.19999999999999973,-0.708221687750162,false,true
62,39,2.1,-0.19999999999999973,-0.7082168874661987,false,true
63,39,2.1500000000000004,-0.19999999999999973,-0.7082147002220154,false,true
64,39,2.2,-0.19999999999999973,-0.7042869408408633,false,true
65,39,2.25,-0.19999999999999973,-0.7019835505565027,false,true
66,39,2.3000000000000003,-0.19999999999999973,-0.7019814848899841,false,true
67,39,2.35,-0.19999999999999973,-0.7029053643907999,false,true
68,39,2.4000000000000004,-0.19999999999999973,-0.7038292288780212,false,true
69,39,2.45,-0.19999999999999973,-0.7077308581414397,false,true
70,39,2.5,-0.19999999999999973,-0.7100180097343024,false,true
71,39,2.5500000000000003,-0.19999999999999973,-0.7100186993929252,false,true
72,39,2.6,-0.19999999999999973,-0.7100189924240112,false,true
73,39,2.6500000000000004,-0.19999999999999973,-0.6998801815297137,false,true
74,39,2.7,-0.19999999999999973,-0.6939985716606675,false,true
75,39,2.75,-0.19999999999999973,-0.6940588072483014,false,true
76,39,2.8000000000000003,-0.19999999999999973,-0.6941041242505194,false,true
77,39,2.85,-0.19999999999999973,-0.6941336520553656,false,true
78,39,2.9000000000000004,-0.19999999999999973,-0.6941505223583886,false,true
79,39,2.95,-0.19999999999999973,-0.6941589680931383,false,true
80,39,3.0,-0.19999999999999973,-0.6941626597019174,false,true
81,39,3.05,-0.19999999999999973,-0.6941640673118835,false,true
82,39,3.1000000000000005,-0.19999999999999973,-0.6941645349097803,false,true
83,39,3.1500000000000004,-0.19999999999999973,-0.6941646748262915,false,true
84,39,3.2,-0.19999999999999973,-0.6941647088162468,false,true
85,39,3.25,-0.19999999999999973,-0.6941647231578827,false,true
86,39,3.3,-0.19999999999999973,-0.6923629808844693,false,true
87,39,3.3500000000000005,-0.19999999999999973,-0.6913074713528062,false,true
0,40,-1.0,-0.1499999999999999,-0.6805430153721322,false,true
1,40,-0.95,-0.1499999999999999,-0.6804434865966222,false,true
2,40,-0.9,-0.1499999999999999,-0.680333555294586,false,true
3,40,-0.85,-0.1499999999999999,-0.6802095284720159,false,true
4,40,-0.8,-0.1499999999999999,-0.6800775068032374,false,true
5,40,-0.75,-0.1499999999999999,-0.6799044822972087,false,true
6,40,-0.7,-0.1499999999999999,-0.679819219448301,false,true
7,40,-0.6499999999999999,-0.1499999999999999,-0.6793180108070374,false,true
8,40,-0.6,-0.1499999999999999,-0.6788332351656116,false,true
9,40,-0.55,-0.1499999999999999,-0.6785121327447738,false,true
10,40,-0.5,-0.1499999999999999,-0.6793180108070374,true,false
11,40,-0.44999999999999996,-0.1499999999999999,-0.6787104606628418,true,false
12,40,-0.3999999999999999,-0.1499999999999999,-0.6793180108070374,true,false
13,40,-0.35,-0.1499999999999999,-0.683051198720932,true,false
14,40,-0.29999999999999993,-0.1499999999999999,-0.6852477192878723,true,false
15,40,-0.25,-0.1499999999999999,-0.688501626253128,true,false
16,40,-0.19999999999999996,-0.1499999999999999,-0.7603428363800049,true,false
17,40,-0.1499999999999999,-0.1499999999999999,-0.6945691704750061,true,false
18,40,-0.09999999999999998,-0.1499999999999999,-0.8080744743347168,true,false
19,40,-0.04999999999999993,-0.1499999999999999,-0.8090826272964478,true,false
20,40,0.0,-0.1499999999999999,-0.7948774695396423,true,false
21,40,0.050000000000000044,-0.1499999999999999,-0.7093179821968079,true,false
22,40,0.10000000000000009,-0.1499999999999999,-0.7696430683135986,true,false
23,40,0.15000000000000013,-0.1499999999999999,-0.7317554354667664,true,false
24,40,0.20000000000000018,-0.1499999999999999,-0.7146943807601929,true,false
25,40,0.25,-0.1499999999999999,-0.763012558221817,true,false
26,40,0.30000000000000004,-0.1499999999999999,-0.7597182989120483,true,false
27,40,0.3500000000000001,-0.1499999999999999,-0.7566424906253815,true,false
28,40,0.40000000000000013,-0.1499999999999999,-0.7562233805656433,true,false
29,40,0.4500000000000002,-0.1499999999999999,-0.7542332410812378,true,false
30,40,0.5,-0.1499999999999999,-0.7509185671806335,true,false
31,40,0.55,-0.1499999999999999,-0.7484403848648071,true,false
32,40,0.6000000000000001,-0.1499999999999999,-0.7425819635391235,true,false
33,40,0.6500000000000001,-0.1499999999999999,-0.7407893240451813,true,false
34,40,0.7000000000000002,-0.1499999999999999,-0.7381682693958282,true,false
35,40,0.75,-0.1499999999999999,-0.7375338077545166,true,false
36,40,0.8,-0.1499999999999999,-0.7362943291664124,true,false
37,40,0.8500000000000001,-0.1499999999999999,-0.7344584465026855,true,false
38,40,0.9000000000000001,-0.1499999999999999,-0.7325094938278198,true,false
39,40,0.9500000000000002,-0.1499999999999999,-0.7321901917457581,true,false
40,40,1.0,-0.1499999999999999,-0.7304900884628296,true,false
41,40,1.0500000000000003,-0.1499999999999999,-0.7211361527442932,true,false
42,40,1.1,-0.1499999999999999,-0.720447560680798,false,true
43,40,1.15,-0.1499999999999999,-0.7183461785316466,false,true
44,40,1.2000000000000002,-0.1499999999999999,-0.7138064192343011,false,true
45,40,1.25,-0.1499999999999999,-0.7110356597107153,false,true
46,40,1.3000000000000003,-0.1499999999999999,-0.7114697098731995,false,true
47,40,1.35,-0.1499999999999999,-0.712846967174883,false,true
48,40,1.4000000000000004,-0.1499999999999999,-0.7142061591148376,false,true
49,40,1.4500000000000002,-0.1499999999999999,-0.7171150629064622,false,true
50,40,1.5,-0.1499999999999999,-0.7199999690055847,false,true
51,40,1.5500000000000003,-0.1499999999999999,-0.7264044798507647,false,true
52,40,1.6,-0.1499999999999999,-0.7302115326149144,false,true
53,40,1.6500000000000004,-0.1499999999999999,-0.7302284123462861,false,true
54,40,1.7000000000000002,-0.1499999999999999,-0.7302302122116089,false,true
55,40,1.75,-0.1499999999999999,-0.7302189963181858,false,true
56,40,1.8000000000000003,-0.1499999999999999,-0.7251213449786283,false,true
57,40,1.85,-0.1499999999999999,-0.7200108728046312,false,true
58,40,1.9000000000000004,-0.1499999999999999,-0.7199999690055847,false,true
59,40,1.9500000000000002,-0.1499999999999999,-0.7183553038788362,false,true
60,40,2.0,-0.1499999999999999,-0.7167105674743652,false,true
61,40,2.0500000000000003,-0.1499999999999999,-0.7113578704730955,false,true
62,40,2.1,-0.1499999999999999,-0.7082176528078307,false,true
63,40,2.1500000000000004,-0.1499999999999999,-0.7082156062082202,false,true
64,40,2.2,-0.1499999999999999,-0.7082147002220154,false,true
65,40,2.25,-0.1499999999999999,-0.7042852319730099,false,true
66,40,2.3000000000000003,-0.1499999999999999,-0.7019823405170715,false,true
67,40,2.35,-0.1499999999999999,-0.7019814848899841,false,true
68,40,2.4000000000000004,-0.1499999999999999,-0.7029053588448072,false,true
69,40,2.45,-0.1499999999999999,-0.7038292288780212,false,true
70,40,2.5,-0.1499999999999999,-0.7077318160172692,false,true
71,40,2.5500000000000003,-0.1499999999999999,-0.7100185832234094,false,true
72,40,2.6,-0.1499999999999999,-0.7100188710465613,false,true
73,40,2.6500000000000004,-0.1499999999999999,-0.7100189924240112,false,true
74,40,2.7,-0.1499999999999999,-0.69992144075163,false,true
75,40,2.75,-0.1499999999999999,-0.6940544376957987,false,true
76,40,2.8000000000000003,-0.1499999999999999,-0.6940994997016787,false,true
77,40,2.85,-0.1499999999999999,-0.6941299447589144,false,true
78,40,2.9000000000000004,-0.1499999999999999,-0.6941480548594698,false,true
79,40,2.95,-0.1499999999999999,-0.6941575756418802,false,true
80,40,3.0,-0.1499999999999999,-0.6941619907341532,false,true
81,40,3.05,-0.1499999999999999,-0.6941637919887228,false,true
82,40,3.1000000000000005,-0.1499999999999999,-0.6941644389341245,false,true
83,40,3.1500000000000004,-0.1499999999999999,-0.6941646438011215,false,true
84,40,3.2,-0.1499999999999999,-0.6941647030613872,false,true
85,40,3.25,-0.1499999999999999,-0.6941647172173826,false,true
86,40,3.3,-0.1499999999999999,-0.6941647231578827,false,true
87,40,3.3500000000000005,-0.1499999999999999,-0.6926386378134595,false,true
0,41,-1.0,-0.09999999999999964,-0.6799271634379397,false,true
1,41,-0.95,-0.09999999999999964,-0.6798448440442799,false,true
2,41,-0.9,-0.09999999999999964,-0.6797584770203162,false,true
3,41,-0.85,-0.09999999999999964,-0.679672419761269,false,true
4,41,-0.8,-0.09999999999999964,-0.6795757781372197,false,true
5,41,-0.75,-0.09999999999999964,-0.6795256182238273,false,true
6,41,-0.7,-0.09999999999999964,-0.6793180108070374,false,true
7,41,-0.6499999999999999,-0.09999999999999964,-0.6791484770762207,false,true
8,41,-0.6,-0.09999999999999964,-0.6790819745874098,false,true
9,41,-0.55,-0.09999999999999964,-0.6793180108070374,false,true
10,41,-0.5,-0.09999999999999964,-0.6793180108070374,true,false
11,41,-0.44999999999999996,-0.09999999999999964,-0.6761117577552795,true,false
12,41,-0.3999999999999999,-0.09999999999999964,-0.6762792766094208,true,false
13,41,-0.35,-0.09999999999999964,-0.6793180108070374,true,false
14,41,-0.29999999999999993,-0.09999999999999964,-0.7572443187236786,true,false
15,41,-0.25,-0.09999999999999964,-0.7564749121665955,true,false
16,41,-0.19999999999999996,-0.09999999999999964,-0.7569805383682251,true,false
17,41,-0.1499999999999999,-0.09999999999999964,-0.8187433481216431,true,false
18,41,-0.09999999999999998,-0.09999999999999964,-0.8098624348640442,true,false
19,41,-0.04999999999999993,-0.09999999999999964,-0.7799999713897705,true,false
20,41,0.0,-0.09999999999999964,-0.7773004174232483,true,false
21,41,0.050000000000000044,-0.09999999999999964,-0.7020077109336853,true,false
22,41,0.10000000000000009,-0.09999999999999964,-0.7137413024902344,true,false
23,41,0.15000000000000013,-0.09999999999999964,-0.7394682765007019,true,false
24,41,0.20000000000000018,-0.09999999999999964,-0.7610197067260742,true,false
25,41,0.25,-0.09999999999999964,-0.7599743604660034,true,false
26,41,0.30000000000000004,-0.09999999999999964,-0.7590065002441406,true,false
27,41,0.3500000000000001,-0.09999999999999964,-0.7559757232666016,true,false
28,41,0.40000000000000013,-0.09999999999999964,-0.75,true,false
29,41,0.4500000000000002,-0.09999999999999964,-0.75,true,false
30,41,0.5,-0.09999999999999964,-0.7497819066047668,true,false
31,41,0.55,-0.09999999999999964,-0.7453007698059082,true,false
32,41,0.6000000000000001,-0.09999999999999964,-0.7421651482582092,true,false
33,41,0.6500000000000001,-0.09999999999999964,-0.7397860884666443,true,false
34,41,0.7000000000000002,-0.09999999999999964,-0.7389463782310486,true,false
35,41,0.75,-0.09999999999999964,-0.7380021214485168,true,false
36,41,0.8,-0.09999999999999964,-0.7379256188869476,true,false
37,41,0.8500000000000001,-0.09999999999999964,-0.7374461889266968,true,false
38,41,0.9000000000000001,-0.09999999999999964,-0.7374162077903748,true,false
39,41,0.9500000000000002,-0.09999999999999964,-0.7347623109817505,true,false
40,41,1.0,-0.09999999999999964,-0.7296061515808105,true,false
41,41,1.0500000000000003,-0.09999999999999964,-0.726708238159877,false,true
42,41,1.1,-0.09999999999999964,-0.7211361527442932,false,true
43,41,1.15,-0.09999999999999964,-0.7199256787604118,false,true
44,41,1.2000000000000002,-0.09999999999999964,-0.7183461785316466,false,true
45,41,1.25,-0.09999999999999964,-0.7138405989177716,false,true
46,41,1.3000000000000003,-0.09999999999999964,-0.7112899204091482,false,true
47,41,1.35,-0.09999999999999964,-0.7114697098731995,false,true
48,41,1.4000000000000004,-0.09999999999999964,-0.7128402938652616,false,true
49,41,1.4500000000000002,-0.09999999999999964,-0.7142061591148376,false,true
50,41,1.5,-0.09999999999999964,-0.717106198205347,false,true
51,41,1.5500000000000003,-0.09999999999999964,-0.7199999690055847,false,true
52,41,1.6,-0.09999999999999964,-0.7264356643433009,false,true
53,41,1.6500000000000004,-0.09999999999999964,-0.7302239955557798,false,true
54,41,1.7000000000000002,-0.09999999999999964,-0.7302294666829817,false,true
55,41,1.75,-0.09999999999999964,-0.7302302122116089,false,true
56,41,1.8000000000000003,-0.09999999999999964,-0.7302255664364389,false,true
57,41,1.85,-0.09999999999999964,-0.7251176821400596,false,true
58,41,1.9000000000000004,-0.09999999999999964,-0.7200044855070311,false,true
59,41,1.9500000000000002,-0.09999999999999964,-0.7199999690055847,false,true
60,41,2.0,-0.09999999999999964,-0.7183552775489835,false,true
61,41,2.0500000000000003,-0.09999999999999964,-0.7167105674743652,false,true
62,41,2.1,-0.09999999999999964,-0.7113551064298403,false,true
63,41,2.1500000000000004,-0.09999999999999964,-0.708215940286152,false,true
64,41,2.2,-0.09999999999999964,-0.7082150754937887,false,true
65,41,2.25,-0.09999999999999964,-0.7082147002220154,false,true
66,41,2.3000000000000003,-0.09999999999999964,-0.7042845236425451,false,true
67,41,2.35,-0.09999999999999964,-0.701981839302328,false,true
68,41,2.4000000000000004,-0.09999999999999964,-0.7019814848899841,false,true
69,41,2.45,-0.09999999999999964,-0.7029053573961724,false,true
70,41,2.5,-0.09999999999999964,-0.7038292288780212,false,true
71,41,2.5500000000000003,-0.09999999999999964,-0.7077322179215515,false,true
72,41,2.6,-0.09999999999999964,-0.7100188222957439,false,true
73,41,2.6500000000000004,-0.09999999999999964,-0.7100189421478252,false,true
74,41,2.7,-0.09999999999999964,-0.7100189924240112,false,true
75,41,2.75,-0.09999999999999964,-0.6999547762821647,false,true
76,41,2.8000000000000003,-0.09999999999999964,-0.694095218496541,false,true
77,41,2.85,-0.09999999999999964,-0.6941263319337484,false,true
78,41,2.9000000000000004,-0.09999999999999964,-0.694145539106431,false,true
79,41,2.95,-0.09999999999999964,-0.6941560802198615,false,true
80,41,3.0,-0.09999999999999964,-0.6941612251588148,false,true
81,41,3.05,-0.09999999999999964,-0.6941634538993952,false,true
82,41,3.1000000000000005,-0.09999999999999964,-0.6941643094523576,false,true
83,41,3.1500000000000004,-0.09999999999999964,-0.6941646011538973,false,true
84,41,3.2,-0.09999999999999964,-0.6941646898506524,false,true
85,41,3.25,-0.09999999999999964,-0.6941647148111197,false,true
86,41,3.3,-0.09999999999999964,-0.694164720697247,false,true
87,41,3.3500000000000005,-0.09999999999999964,-0.6941647231578827,false,true
0,42,-1.0,-0.04999999999999982,-0.6795797420830306,false,true
1,42,-0.95,-0.04999999999999982,-0.6795272574822171,false,true
2,42,-0.9,-0.04999999999999982,-0.6794782742106052,false,true
3,42,-0.85,-0.04999999999999982,-0.6794291289115021,false,true
4,42,-0.8,-0.04999999999999982,-0.679404004614721,false,true
5,42,-0.75,-0.04999999999999982,-0.6793180108070374,false,true
6,42,-0.7,-0.04999999999999982,-0.6837214583201717,false,true
7,42,-0.6499999999999999,-0.04999999999999982,-0.679248877398914,false,true
8,42,-0.6,-0.04999999999999982,-0.6793180108070374,false,true
9,42,-0.55,-0.04999999999999982,-0.6793180108070374,false,true
10,42,-0.5,-0.04999999999999982,-0.6793180108070374,true,false
11,42,-0.44999999999999996,-0.04999999999999982,-0.6753841638565063,true,false
12,42,-0.3999999999999999,-0.04999999999999982,-0.6760759353637695,true,false
13,42,-0.35,-0.04999999999999982,-0.67958202958107,true,false
14,42,-0.29999999999999993,-0.04999999999999982,-0.7506034672260284,true,false
15,42,-0.25,-0.04999999999999982,-0.6851978898048401,true,false
16,42,-0.19999999999999996,-0.04999999999999982,-0.6887760758399963,true,false
17,42,-0.1499999999999999,-0.04999999999999982,-0.8040319979190826,true,false
18,42,-0.09999999999999998,-0.04999999999999982,-0.6911624073982239,true,false
19,42,-0.04999999999999993,-0.04999999999999982,-0.7327907681465149,true,false
20,42,0.0,-0.04999999999999982,-0.7632365822792053,true,false
21,42,0.050000000000000044,-0.04999999999999982,-0.7623251080513,true,false
22,42,0.10000000000000009,-0.04999999999999982,-0.7622230052947998,true,false
23,42,0.15000000000000013,-0.04999999999999982,-0.7393180131912231,true,false
24,42,0.20000000000000018,-0.04999999999999982,-0.7404643893241882,true,false
25,42,0.25,-0.04999999999999982,-0.7093179821968079,true,false
26,42,0.30000000000000004,-0.04999999999999982,-0.754960298538208,true,false
27,42,0.3500000000000001,-0.04999999999999982,-0.754509687423706,true,false
28,42,0.40000000000000013,-0.04999999999999982,-0.75,true,false
29,42,0.4500000000000002,-0.04999999999999982,-0.748176634311676,true,false
30,42,0.5,-0.04999999999999982,-0.7469695806503296,true,false
31,42,0.55,-0.04999999999999982,-0.7452499866485596,true,false
32,42,0.6000000000000001,-0.04999999999999982,-0.7419318556785583,true,false
33,42,0.6500000000000001,-0.04999999999999982,-0.7396340370178223,true,false
34,42,0.7000000000000002,-0.04999999999999982,-0.739152729511261,true,false
35,42,0.75,-0.04999999999999982,-0.7391637563705444,true,false
36,42,0.8,-0.04999999999999982,-0.7389139533042908,true,false
37,42,0.8500000000000001,-0.04999999999999982,-0.7387513518333435,true,false
38,42,0.9000000000000001,-0.04999999999999982,-0.7352073192596436,true,false
39,42,0.9500000000000002,-0.04999999999999982,-0.7343744153374833,false,true
40,42,1.0,-0.04999999999999982,-0.7317419027344374,false,true
41,42,1.0500000000000003,-0.04999999999999982,-0.7296061515808105,false,true
42,42,1.1,-0.04999999999999982,-0.7257204042062129,false,true
43,42,1.15,-0.04999999999999982,-0.7211361527442932,false,true
44,42,1.2000000000000002,-0.04999999999999982,-0.7197893611805334,false,true
45,42,1.25,-0.04999999999999982,-0.7183461785316466,false,true
46,42,1.3000000000000003,-0.04999999999999982,-0.7139221489963791,false,true
47,42,1.35,-0.04999999999999982,-0.7113952386388176,false,true
48,42,1.4000000000000004,-0.04999999999999982,-0.7114697098731995,false,true
49,42,1.4500000000000002,-0.04999999999999982,-0.7128385507709297,false,true
50,42,1.5,-0.04999999999999982,-0.7142061591148376,false,true
51,42,1.5500000000000003,-0.04999999999999982,-0.7171038827110654,false,true
52,42,1.6,-0.04999999999999982,-0.7199999690055847,false,true
53,42,1.6500000000000004,-0.04999999999999982,-0.7264459915343182,false,true
54,42,1.7000000000000002,-0.04999999999999982,-0.7302280825872043,false,true
55,42,1.75,-0.04999999999999982,-0.7302299034035404,false,true
56,42,1.8000000000000003,-0.04999999999999982,-0.7302302122116089,false,true
57,42,1.85,-0.04999999999999982,-0.7302282878685257,false,true
58,42,1.9000000000000004,-0.04999999999999982,-0.7251161642081877,false,true
59,42,1.9500000000000002,-0.04999999999999982,-0.7200018398017383,false,true
60,42,2.0,-0.04999999999999982,-0.7199999690055847,false,true
61,42,2.0500000000000003,-0.04999999999999982,-0.718355270671524,false,true
62,42,2.1,-0.04999999999999982,-0.7167105674743652,false,true
63,42,2.1500000000000004,-0.04999999999999982,-0.7113539224771944,false,true
64,42,2.2,-0.04999999999999982,-0.70821521887105,false,true
65,42,2.25,-0.04999999999999982,-0.7082148556646735,false,true
66,42,2.3000000000000003,-0.04999999999999982,-0.7082147002220154,false,true
67,42,2.35,-0.04999999999999982,-0.7042842301401031,false,true
68,42,2.4000000000000004,-0.04999999999999982,-0.7019816316923836,false,true
69,42,2.45,-0.04999999999999982,-0.7019814848899841,false,true
70,42,2.5,-0.04999999999999982,-0.7029053570177834,false,true
71,42,2.5500000000000003,-0.04999999999999982,-0.7038292288780212,false,true
72,42,2.6,-0.04999999999999982,-0.7077323859068733,false,true
73,42,2.6500000000000004,-0.04999999999999982,-0.7100189217695172,false,true
74,42,2.7,-0.04999999999999982,-0.7100189715989331,false,true
75,42,2.75,-0.04999999999999982,-0.7100189924240112,false,true
76,42,2.8000000000000003,-0.04999999999999982,-0.6999791818538043,false,true
77,42,2.85,-0.04999999999999982,-0.6941228446696076,false,true
78,42,2.9000000000000004,-0.04999999999999982,-0.6941430008764422,false,true
79,42,2.95,-0.04999999999999982,-0.6941544997169495,false,true
80,42,3.0,-0.04999999999999982,-0.6941603710240867,false,true
81,42,3.05,-0.04999999999999982,-0.6941630517020537,false,true
82,42,3.1000000000000005,-0.04999999999999982,-0.6941641443040995,false,true
83,42,3.1500000000000004,-0.04999999999999982,-0.6941645416951725,false,true
84,42,3.2,-0.04999999999999982,-0.694164671182726,false,true
85,42,3.25,-0.04999999999999982,-0.6941647092243748,false,true
86,42,3.3,-0.04999999999999982,-0.6941647196939438,false,true
87,42,3.3500000000000005,-0.04999999999999982,-0.694164722138654,false,true
0,43,-1.0,0.0,-0.6794144940019564,false,true
1,43,-0.95,0.0,-0.6793888645560678,false,true
2,43,-0.9,0.0,-0.6793653107511608,false,true
3,43,-0.85,0.0,-0.67935363060846,false,true
4,43,-0.8,0.0,-0.6793180108070374,false,true
5,43,-0.75,0.0,-0.7043650016278854,false,true
6,43,-0.7,0.0,-0.7097444062593339,false,true
7,43,-0.6499999999999999,0.0,-0.7008470393560488,false,true
8,43,-0.6,0.0,-0.6793180108070374,false,true
9,43,-0.55,0.0,-0.6793180108070374,false,true
10,43,-0.5,0.0,-0.67698063412592,false,true
11,43,-0.44999999999999996,0.0,-0.6764798760414124,true,false
12,43,-0.3999999999999999,0.0,-0.8220169246196747,true,false
13,43,-0.35,0.0,-0.6772196888923645,true,false
14,43,-0.29999999999999993,0.0,-0.6802575588226318,true,false
15,43,-0.25,0.0,-0.8068090081214905,true,false
16,43,-0.19999999999999996,0.0,-0.6868395209312439,true,false
17,43,-0.1499999999999999,0.0,-0.684804230928421,true,false
18,43,-0.09999999999999998,0.0,-0.7799999713897705,true,false
19,43,-0.04999999999999993,0.0,-0.7705608010292053,true,false
20,43,0.0,0.0,-0.7658302783966064,true,false
21,43,0.050000000000000044,0.0,-0.6932386755943298,true,false
22,43,0.10000000000000009,0.0,-0.7093179821968079,true,false
23,43,0.15000000000000013,0.0,-0.7393180131912231,true,false
24,43,0.20000000000000018,0.0,-0.7455813884735107,true,false
25,43,0.25,0.0,-0.7399435043334961,true,false
26,43,0.30000000000000004,0.0,-0.7526729106903076,true,false
27,43,0.3500000000000001,0.0,-0.7521823048591614,true,false
28,43,0.40000000000000013,0.0,-0.7517534494400024,true,false
29,43,0.4500000000000002,0.0,-0.74968022108078,true,false
30,43,0.5,0.0,-0.7457457184791565,true,false
31,43,0.55,0.0,-0.7447778284549713,true,false
32,43,0.6000000000000001,0.0,-0.7419739961624146,true,false
33,43,0.6500000000000001,0.0,-0.7401795089244843,true,false
34,43,0.7000000000000002,0.0,-0.73981773853302,true,false
35,43,0.75,0.0,-0.7392849326133728,true,false
36,43,0.8,0.0,-0.7391516268253326,true,false
37,43,0.8500000000000001,0.0,-0.737085372209549,true,false
38,43,0.9000000000000001,0.0,-0.7368267834218932,false,true
39,43,0.9500000000000002,0.0,-0.7352073192596436,false,true
40,43,1.0,0.0,-0.7328597823998412,false,true
41,43,1.0500000000000003,0.0,-0.7304908086744968,false,true
42,43,1.1,0.0,-0.7296061515808105,false,true
43,43,1.15,0.0,-0.7254623781496952,false,true
44,43,1.2000000000000002,0.0,-0.7211361527442932,false,true
45,43,1.25,0.0,-0.7197537545004434,false,true
46,43,1.3000000000000003,0.0,-0.7183461785316466,false,true
47,43,1.35,0.0,-0.7139698855659524,false,true
48,43,1.4000000000000004,0.0,-0.7114388628779118,false,true
49,43,1.4500000000000002,0.0,-0.7114697098731995,false,true
50,43,1.5,0.0,-0.7128380954679358,false,true
51,43,1.5500000000000003,0.0,-0.7142061591148376,false,true
52,43,1.6,0.0,-0.7171032778949865,false,true
53,43,1.6500000000000004,0.0,-0.7199999690055847,false,true
54,43,1.7000000000000002,0.0,-0.7264494178771869,false,true
55,43,1.75,0.0,-0.7302294605465719,false,true
56,43,1.8000000000000003,0.0,-0.7302300842991187,false,true
57,43,1.85,0.0,-0.7302302122116089,false,true
58,43,1.9000000000000004,0.0,-0.7302294151226051,false,true
59,43,1.9500000000000002,0.0,-0.7251155353342061,false,true
60,43,2.0,0.0,-0.7200007439147239,false,true
61,43,2.0500000000000003,0.0,-0.7199999690055847,false,true
62,43,2.1,0.0,-0.718355268875105,false,true
63,43,2.1500000000000004,0.0,-0.7167105674743652,false,true
64,43,2.2,0.0,-0.711353420446881,false,true
65,43,2.25,0.0,-0.7082149165172577,false,true
66,43,2.3000000000000003,0.0,-0.7082147646084727,false,true
67,43,2.35,0.0,-0.7082147002220154,false,true
68,43,2.4000000000000004,0.0,-0.7042841085462122,false,true
69,43,2.45,0.0,-0.701981545697529,false,true
70,43,2.5,0.0,-0.7019814848899841,false,true
71,43,2.5500000000000003,0.0,-0.7029053569189467,false,true
72,43,2.6,0.0,-0.7038292288780212,false,true
73,43,2.6500000000000004,0.0,-0.7077324559324905,false,true
74,43,2.7,0.0,-0.7100189631037592,false,true
75,43,2.75,0.0,-0.7100189837979815,false,true
76,43,2.8000000000000003,0.0,-0.7100189924240112,false,true
77,43,2.85,0.0,-0.6999957801830097,false,true
78,43,2.9000000000000004,0.0,-0.6941404651925521,false,true
79,43,2.95,0.0,-0.6941528514505867,false,true
80,43,3.0,0.0,-0.6941594365104391,false,true
81,43,3.05,0.0,-0.6941625865653854,false,true
82,43,3.1000000000000005,0.0,-0.6941639406815199,false,true
83,43,3.1500000000000004,0.0,-0.6941644632280484,false,true
84,43,3.2,0.0,-0.6941646443988406,false,true
85,43,3.25,0.0,-0.6941647011486995,false,true
86,43,3.3,0.0,-0.694164717343517,false,true
87,43,3.3500000000000005,0.0,-0.6941647211260218,false,true
0,44,-1.0,0.050000000000000266,-0.6793488232416734,false,true
1,44,-0.95,0.050000000000000266,-0.6793379760316675,false,true
2,44,-0.9,0.050000000000000266,-0.6793327650118757,false,true
3,44,-0.85,0.050000000000000266,-0.6793180108070374,false,true
4,44,-0.8,0.050000000000000266,-0.7290261259151292,false,true
5,44,-0.75,0.050000000000000266,-0.7528167813549854,false,true
6,44,-0.7,0.050000000000000266,-0.7528227120637895,false,true
7,44,-0.6499999999999999,0.050000000000000266,-0.7528227120637894,false,true
8,44,-0.6,0.050000000000000266,-0.7528227120637894,false,true
9,44,-0.55,0.050000000000000266,-0.722504165270231,false,true
10,44,-0.5,0.050000000000000266,-0.6760018001215804,false,true
11,44,-0.44999999999999996,0.050000000000000266,-0.675979733467102,true,false
12,44,-0.3999999999999999,0.050000000000000266,-0.7467861771583557,true,false
13,44,-0.35,0.050000000000000266,-0.8073667883872986,true,false
14,44,-0.29999999999999993,0.050000000000000266,-0.6793180108070374,true,false
15,44,-0.25,0.050000000000000266,-0.7300361394882202,true,false
16,44,-0.19999999999999996,0.050000000000000266,-0.7755575478076935,true,false
17,44,-0.1499999999999999,0.050000000000000266,-0.7779461145401001,true,false
18,44,-0.09999999999999998,0.050000000000000266,-0.7780261635780334,true,false
19,44,-0.04999999999999993,0.050000000000000266,-0.731410950422287,true,false
20,44,0.0,0.050000000000000266,-0.6898184716701508,true,false
21,44,0.050000000000000044,0.050000000000000266,-0.7594547867774963,true,false
22,44,0.10000000000000009,0.050000000000000266,-0.7060680687427521,true,false
23,44,0.15000000000000013,0.050000000000000266,-0.7393180131912231,true,false
24,44,0.20000000000000018,0.050000000000000266,-0.7550148367881775,true,false
25,44,0.25,0.050000000000000266,-0.7533893287181854,true,false
26,44,0.30000000000000004,0.050000000000000266,-0.7508778274059296,true,false
27,44,0.3500000000000001,0.050000000000000266,-0.7493496835231781,true,false
28,44,0.40000000000000013,0.050000000000000266,-0.75,true,false
29,44,0.4500000000000002,0.050000000000000266,-0.75,true,false
30,44,0.5,0.050000000000000266,-0.7468087077140808,true,false
31,44,0.55,0.050000000000000266,-0.7439078092575073,true,false
32,44,0.6000000000000001,0.050000000000000266,-0.6358547806739807,true,false
33,44,0.6500000000000001,0.050000000000000266,-0.7377212047576904,true,false
34,44,0.7000000000000002,0.050000000000000266,-0.7393986582756042,true,false
35,44,0.75,0.050000000000000266,-0.7388070225715637,true,false
36,44,0.8,0.050000000000000266,-0.738960862159729,true,false
37,44,0.8500000000000001,0.050000000000000266,-0.7383178882757221,false,true
38,44,0.9000000000000001,0.050000000000000266,-0.737085372209549,false,true
39,44,0.9500000000000002,0.050000000000000266,-0.7363240786951896,false,true
40,44,1.0,0.050000000000000266,-0.7352073192596436,false,true
41,44,1.0500000000000003,0.050000000000000266,-0.7321796546811925,false,true
42,44,1.1,0.050000000000000266,-0.729972588547065,false,true
43,44,1.15,0.050000000000000266,-0.7296061515808105,false,true
44,44,1.2000000000000002,0.050000000000000266,-0.7253949807438911,false,true
45,44,1.25,0.050000000000000266,-0.7211361527442932,false,true
46,44,1.3000000000000003,0.050000000000000266,-0.7197444538976294,false,true
47,44,1.35,0.050000000000000266,-0.7183461785316466,false,true
48,44,1.4000000000000004,0.050000000000000266,-0.7139925493770283,false,true
49,44,1.4500000000000002,0.050000000000000266,-0.7114569326293929,false,true
50,44,1.5,0.050000000000000266,-0.7114697098731995,false,true
51,44,1.5500000000000003,0.050000000000000266,-0.7128379765410295,false,true
52,44,1.6,0.050000000000000266,-0.7142061591148376,false,true
53,44,1.6500000000000004,0.050000000000000266,-0.717103119914683,false,true
54,44,1.7000000000000002,0.050000000000000266,-0.7199999690055847,false,true
55,44,1.75,0.050000000000000266,-0.7264505685556853,false,true
56,44,1.8000000000000003,0.050000000000000266,-0.7302299390709286,false,true
57,44,1.85,0.050000000000000266,-0.7302301592285206,false,true
58,44,1.9000000000000004,0.050000000000000266,-0.7302302122116089,false,true
59,44,1.9500000000000002,0.050000000000000266,-0.730229882046533,false,true
60,44,2.0,0.050000000000000266,-0.7251152748244536,false,true
61,44,2.0500000000000003,0.050000000000000266,-0.7200002899834598,false,true
62,44,2.1,0.050000000000000266,-0.7199999690055847,false,true
63,44,2.1500000000000004,0.050000000000000266,-0.7183552684058734,false,true
64,44,2.2,0.050000000000000266,-0.7167105674743652,false,true
65,44,2.25,0.050000000000000266,-0.7113532090572666,false,true
66,44,2.3000000000000003,0.050000000000000266,-0.708214790243169,false,true
67,44,2.35,0.050000000000000266,-0.7082147268917593,false,true
68,44,2.4000000000000004,0.050000000000000266,-0.7082147002220154,false,true
69,44,2.45,0.050000000000000266,-0.7042840581759832,false,true
70,44,2.5,0.050000000000000266,-0.7019815100772939,false,true
71,44,2.5500000000000003,0.050000000000000266,-0.7019814848899841,false,true
72,44,2.6,0.050000000000000266,-0.7029053568931302,false,true
73,44,2.6500000000000004,0.050000000000000266,-0.7038292288780212,false,true
74,44,2.7,0.050000000000000266,-0.7077324850682953,false,true
75,44,2.75,0.050000000000000266,-0.7100189802632898,false,true
76,44,2.8000000000000003,0.050000000000000266,-0.7100189888509928,false,true
77,44,2.85,0.050000000000000266,-0.7100189924240112,false,true
78,44,2.9000000000000004,0.050000000000000266,-0.7000064188619308,false,true
79,44,2.95,0.050000000000000266,-0.6941511523189782,false,true
80,44,3.0,0.050000000000000266,-0.6941584304207956,false,true
81,44,3.05,0.050000000000000266,-0.694162060547086,false,true
82,44,3.1000000000000005,0.050000000000000266,-0.6941636971204213,false,true
83,44,3.1500000000000004,0.050000000000000266,-0.6941643632414102,false,true
84,44,3.2,0.050000000000000266,-0.694164607956793,false,true
85,44,3.25,0.050000000000000266,-0.694164689270403,false,true
86,44,3.3,0.050000000000000266,-0.6941647137080349,false,true
87,44,3.3500000000000005,0.050000000000000266,-0.6941647195592571,false,true
0,45,-1.0,0.10000000000000009,-0.6793263899072899,false,true
1,45,-0.95,0.10000000000000009,-0.6793241221987835,false,true
2,45,-0.9,0.10000000000000009,-0.6793180108070374,false,true
3,45,-0.85,0.10000000000000009,-0.7481722029299954,false,true
4,45,-0.8,0.10000000000000009,-0.7865132837266388,false,true
5,45,-0.75,0.10000000000000009,-0.7903400731674491,false,true
6,45,-0.7,0.10000000000000009,-0.7958807691618119,false,true
7,45,-0.6499999999999999,0.10000000000000009,-0.80479838477153,false,true
8,45,-0.6,0.10000000000000009,-0.8263274133205413,false,true
9,45,-0.55,0.10000000000000009,-0.8263274133205414,false,true
10,45,-0.5,0.10000000000000009,-0.7480381717564025,false,true
11,45,-0.44999999999999996,0.10000000000000009,-0.6755549311637878,true,false
12,45,-0.3999999999999999,0.10000000000000009,-0.8085010647773743,true,false
13,45,-0.35,0.10000000000000009,-0.6793180108070374,true,false
14,45,-0.29999999999999993,0.10000000000000009,-0.7774398326873779,true,false
15,45,-0.25,0.10000000000000009,-0.7694377303123474,true,false
16,45,-0.19999999999999996,0.10000000000000009,-0.7257649898529053,true,false
17,45,-0.1499999999999999,0.10000000000000009,-0.6835045218467712,true,false
18,45,-0.09999999999999998,0.10000000000000009,-0.7711643278598785,true,false
19,45,-0.04999999999999993,0.10000000000000009,-0.6868207454681396,true,false
20,45,0.0,0.10000000000000009,-0.6891974806785583,true,false
21,45,0.050000000000000044,0.10000000000000009,-0.7596377730369568,true,false
22,45,0.10000000000000009,0.10000000000000009,-0.7573908567428589,true,false
23,45,0.15000000000000013,0.10000000000000009,-0.7477287650108337,true,false
24,45,0.20000000000000018,0.10000000000000009,-0.7455606758594513,true,false
25,45,0.25,0.10000000000000009,-0.7501475811004639,true,false
26,45,0.30000000000000004,0.10000000000000009,-0.7502361536026001,true,false
27,45,0.3500000000000001,0.10000000000000009,-0.747017115354538,true,false
28,45,0.40000000000000013,0.10000000000000009,-0.7475892007350922,true,false
29,45,0.4500000000000002,0.10000000000000009,-0.75,true,false
30,45,0.5,0.10000000000000009,-0.75,true,false
31,45,0.55,0.10000000000000009,-0.7307765781879425,true,false
32,45,0.6000000000000001,0.10000000000000009,-0.7199999690055847,true,false
33,45,0.6500000000000001,0.10000000000000009,-0.7328571081161499,true,false
34,45,0.7000000000000002,0.10000000000000009,-0.7356147766113281,true,false
35,45,0.75,0.10000000000000009,-0.7371695041656494,true,false
36,45,0.8,0.10000000000000009,-0.7382589544908881,false,true
37,45,0.8500000000000001,0.10000000000000009,-0.7389608621597289,false,true
38,45,0.9000000000000001,0.10000000000000009,-0.7381001125358572,false,true
39,45,0.9500000000000002,0.10000000000000009,-0.737085372209549,false,true
40,45,1.0,0.10000000000000009,-0.736192770272612,false,true
41,45,1.0500000000000003,0.10000000000000009,-0.7352073192596436,false,true
42,45,1.1,0.10000000000000009,-0.73188701245741,false,true
43,45,1.15,0.10000000000000009,-0.729757934741988,false,true
44,45,1.2000000000000002,0.10000000000000009,-0.7296061515808105,false,true
45,45,1.25,0.10000000000000009,-0.7253773762803326,false,true
46,45,1.3000000000000003,0.10000000000000009,-0.7211361527442932,false,true
47,45,1.35,0.10000000000000009,-0.7197420245441348,false,true
48,45,1.4000000000000004,0.10000000000000009,-0.7183461785316466,false,true
49,45,1.4500000000000002,0.10000000000000009,-0.7140025357136641,false,true
50,45,1.5,0.10000000000000009,-0.711464417365525,false,true
51,45,1.5500000000000003,0.10000000000000009,-0.7114697098731995,false,true
52,45,1.6,0.10000000000000009,-0.7128379454768607,false,true
53,45,1.6500000000000004,0.10000000000000009,-0.7142061591148376,false,true
54,45,1.7000000000000002,0.10000000000000009,-0.7171030786496156,false,true
55,45,1.75,0.10000000000000009,-0.7199999690055847,false,true
56,45,1.8000000000000003,0.10000000000000009,-0.7264509625439316,false,true
57,45,1.85,0.10000000000000009,-0.730230110264242,false,true
58,45,1.9000000000000004,0.10000000000000009,-0.7302301902652951,false,true
59,45,1.9500000000000002,0.10000000000000009,-0.7302302122116089,false,true
60,45,2.0,0.10000000000000009,-0.7302300754527566,false,true
61,45,2.0500000000000003,0.10000000000000009,-0.7251151669140714,false,true
62,45,2.1,0.10000000000000009,-0.7200001019589738,false,true
63,45,2.1500000000000004,0.10000000000000009,-0.7199999690055847,false,true
64,45,2.2,0.10000000000000009,-0.7183552682833083,false,true
65,45,2.25,0.10000000000000009,-0.7167105674743652,false,true
66,45,2.3000000000000003,0.10000000000000009,-0.7113531204808327,false,true
67,45,2.35,0.10000000000000009,-0.7082147376355705,false,true
68,45,2.4000000000000004,0.10000000000000009,-0.7082147112689852,false,true
69,45,2.45,0.10000000000000009,-0.7082147002220154,false,true
70,45,2.5,0.10000000000000009,-0.7042840373110417,false,true
71,45,2.5500000000000003,0.10000000000000009,-0.7019814953229094,false,true
72,45,2.6,0.10000000000000009,-0.7019814848899841,false,true
73,45,2.6500000000000004,0.10000000000000009,-0.7029053568863869,false,true
74,45,2.7,0.10000000000000009,-0.7038292288780212,false,true
75,45,2.75,0.10000000000000009,-0.7077324971749412,false,true
76,45,2.8000000000000003,0.10000000000000009,-0.7100189873822257,false,true
77,45,2.85,0.10000000000000009,-0.7100189909440184,false,true
78,45,2.9000000000000004,0.10000000000000009,-0.7100189924240112,false,true
79,45,2.95,0.10000000000000009,-0.7000129078338994,false,true
80,45,3.0,0.10000000000000009,-0.6941573619535014,false,true
81,45,3.05,0.10000000000000009,-0.694161476648944,false,true
82,45,3.1000000000000005,0.10000000000000009,-0.6941634128815098,false,true
83,45,3.1500000000000004,0.10000000000000009,-0.6941642398145659,false,true
84,45,3.2,0.10000000000000009,-0.6941645600975218,false,true
85,45,3.25,0.10000000000000009,-0.6941646726118148,false,true
86,45,3.3,0.10000000000000009,-0.6941647082642016,false,true
87,45,3.3500000000000005,0.10000000000000009,-0.6941647171356016,false,true
0,46,-1.0,0.15000000000000036,-0.6793205422283836,false,true
1,46,-0.95,0.15000000000000036,-0.6793180108070374,false,true
2,46,-0.9,0.15000000000000036,-0.7600382340673882,false,true
3,46,-0.85,0.15000000000000036,-0.8068847649498456,false,true
4,46,-0.8,0.15000000000000036,-0.8104703358127364,false,true
5,46,-0.75,0.15000000000000036,-0.8147978885707517,false,true
6,46,-0.7,0.15000000000000036,-0.8200217068508946,false,true
7,46,-0.6499999999999999,0.15000000000000036,-0.8263274133205413,false,true
8,46,-0.6,0.15000000000000036,-0.8263274133205413,false,true
9,46,-0.55,0.15000000000000036,-0.8263274133205414,false,true
10,46,-0.5,0.15000000000000036,-0.8263274133205414,true,false
11,46,-0.44999999999999996,0.15000000000000036,-0.8118856847286224,true,false
12,46,-0.3999999999999999,0.15000000000000036,-0.7924284934997559,true,false
13,46,-0.35,0.15000000000000036,-0.7718295454978943,true,false
14,46,-0.29999999999999993,0.15000000000000036,-0.7709800601005554,true,false
15,46,-0.25,0.15000000000000036,-0.7228437960147858,true,false
16,46,-0.19999999999999996,0.15000000000000036,-0.6793180108070374,true,false
17,46,-0.1499999999999999,0.15000000000000036,-0.6823800802230835,true,false
18,46,-0.09999999999999998,0.15000000000000036,-0.7654432654380798,true,false
19,46,-0.04999999999999993,0.15000000000000036,-0.7656874060630798,true,false
20,46,0.0,0.15000000000000036,-0.6918326020240784,true,false
21,46,0.050000000000000044,0.15000000000000036,-0.7284403443336487,true,false
22,46,0.10000000000000009,0.15000000000000036,-0.7093179821968079,true,false
23,46,0.15000000000000013,0.15000000000000036,-0.7287477254867554,true,false
24,46,0.20000000000000018,0.15000000000000036,-0.7380902767181396,true,false
25,46,0.25,0.15000000000000036,-0.7439995408058167,true,false
26,46,0.30000000000000004,0.15000000000000036,-0.7478730082511902,true,false
27,46,0.3500000000000001,0.15000000000000036,-0.7459463477134705,true,false
28,46,0.40000000000000013,0.15000000000000036,-0.7487345933914185,true,false
29,46,0.4500000000000002,0.15000000000000036,-0.7495823204517365,true,false
30,46,0.5,0.15000000000000036,-0.7462018728256226,true,false
31,46,0.55,0.15000000000000036,-0.7427988052368164,true,false
32,46,0.6000000000000001,0.15000000000000036,-0.7238552272319794,true,false
33,46,0.6500000000000001,0.15000000000000036,-0.728128849397769,false,true
34,46,0.7000000000000002,0.15000000000000036,-0.735262443367118,false,true
35,46,0.75,0.15000000000000036,-0.7365255149268544,false,true
36,46,0.8,0.15000000000000036,-0.7371695041656493,false,true
37,46,0.8500000000000001,0.15000000000000036,-0.7381157969844715,false,true
38,46,0.9000000000000001,0.15000000000000036,-0.7389608621597289,false,true
39,46,0.9500000000000002,0.15000000000000036,-0.7380432286687313,false,true
40,46,1.0,0.15000000000000036,-0.737085372209549,false,true
41,46,1.0500000000000003,0.15000000000000036,-0.7361584720038193,false,true
42,46,1.1,0.15000000000000036,-0.7352073192596436,false,true
43,46,1.15,0.15000000000000036,-0.7317635336245035,false,true
44,46,1.2000000000000002,0.15000000000000036,-0.7296690222247101,false,true
45,46,1.25,0.15000000000000036,-0.7296061515808105,false,true
46,46,1.3000000000000003,0.15000000000000036,-0.7253727779262344,false,true
47,46,1.35,0.15000000000000036,-0.7211361527442932,false,true
48,46,1.4000000000000004,0.15000000000000036,-0.7197413899875884,false,true
49,46,1.4500000000000002,0.15000000000000036,-0.7183461785316466,false,true
50,46,1.5,0.15000000000000036,-0.7140067961801583,false,true
51,46,1.5500000000000003,0.15000000000000036,-0.7114675176447418,false,true
52,46,1.6,0.15000000000000036,-0.7114697098731995,false,true
53,46,1.6500000000000004,0.15000000000000036,-0.7128379373627796,false,true
54,46,1.7000000000000002,0.15000000000000036,-0.7142061591148376,false,true
55,46,1.75,0.15000000000000036,-0.7171030678710202,false,true
56,46,1.8000000000000003,0.15000000000000036,-0.7199999690055847,false,true
57,46,1.85,0.15000000000000036,-0.7264511007108562,false,true
58,46,1.9000000000000004,0.15000000000000036,-0.7302301732614556,false,true
59,46,1.9500000000000002,0.15000000000000036,-0.7302302031211482,false,true
60,46,2.0,0.15000000000000036,-0.7302302122116089,false,true
61,46,2.0500000000000003,0.15000000000000036,-0.7302301555642375,false,true
62,46,2.1,0.15000000000000036,-0.7251151222154911,false,true
63,46,2.1500000000000004,0.15000000000000036,-0.7200000240766816,false,true
64,46,2.2,0.15000000000000036,-0.7199999690055847,false,true
65,46,2.25,0.15000000000000036,-0.7183552682512938,false,true
66,46,2.3000000000000003,0.15000000000000036,-0.7167105674743652,false,true
67,46,2.35,0.15000000000000036,-0.7113530834920612,false,true
68,46,2.4000000000000004,0.15000000000000036,-0.7082147157559966,false,true
69,46,2.45,0.15000000000000036,-0.7082147047978202,false,true
70,46,2.5,0.15000000000000036,-0.7082147002220154,false,true
71,46,2.5500000000000003,0.15000000000000036,-0.7042840286683117,false,true
72,46,2.6,0.15000000000000036,-0.7019814892114432,false,true
73,46,2.6500000000000004,0.15000000000000036,-0.7019814848899841,false,true
74,46,2.7,0.15000000000000036,-0.7029053568846255,false,true
75,46,2.75,0.15000000000000036,-0.7038292288780212,false,true
76,46,2.8000000000000003,0.15000000000000036,-0.7077325022008775,false,true
77,46,2.85,0.15000000000000036,-0.7100189903342734,false,true
78,46,2.9000000000000004,0.15000000000000036,-0.7100189918109782,false,true
79,46,2.95,0.15000000000000036,-0.7100189924240112,false,true
80,46,3.0,0.15000000000000036,-0.7000167013983466,false,true
81,46,3.05,0.15000000000000036,-0.6941608385919399,false,true
82,46,3.1000000000000005,0.15000000000000036,-0.6941630879752059,false,true
83,46,3.1500000000000004,0.15000000000000036,-0.6941640914201873,false,true
84,46,3.2,0.15000000000000036,-0.6941644992434893,false,true
85,46,3.25,0.15000000000000036,-0.6941646500994837,false,true
86,46,3.3,0.15000000000000036,-0.6941647004202322,false,true
87,46,3.3500000000000005,0.15000000000000036,-0.6941647134609474,false,true
0,47,-1.0,0.20000000000000018,-0.6793180108070374,false,true
1,47,-0.95,0.20000000000000018,-0.7664300626781516,false,true
2,47,-0.9,0.20000000000000018,-0.8175117880369208,false,true
3,47,-0.85,0.20000000000000018,-0.819808900373252,false,true
4,47,-0.8,0.20000000000000018,-0.8221854832299023,false,true
5,47,-0.75,0.20000000000000018,-0.8244805146557537,false,true
6,47,-0.7,0.20000000000000018,-0.8263274133205413,false,true
7,47,-0.6499999999999999,0.20000000000000018,-0.8263274133205413,false,true
8,47,-0.6,0.20000000000000018,-0.8263274133205413,false,true
9,47,-0.55,0.20000000000000018,-0.8263274133205414,false,true
10,47,-0.5,0.20000000000000018,-0.7801911343261914,false,true
11,47,-0.44999999999999996,0.20000000000000018,-0.7878578305244446,true,false
12,47,-0.3999999999999999,0.20000000000000018,-0.7730821669101715,true,false
13,47,-0.35,0.20000000000000018,-0.726153701543808,true,false
14,47,-0.29999999999999993,0.20000000000000018,-0.6795460879802704,true,false
15,47,-0.25,0.20000000000000018,-0.6797149181365967,true,false
16,47,-0.19999999999999996,0.20000000000000018,-0.7656402587890625,true,false
17,47,-0.1499999999999999,0.20000000000000018,-0.7239959537982941,true,false
18,47,-0.09999999999999998,0.20000000000000018,-0.6857143044471741,true,false
19,47,-0.04999999999999993,0.20000000000000018,-0.7605790495872498,true,false
20,47,0.0,0.20000000000000018,-0.6915633082389832,true,false
21,47,0.050000000000000044,0.20000000000000018,-0.6947364807128906,true,false
22,47,0.10000000000000009,0.20000000000000018,-0.7561593055725098,true,false
23,47,0.15000000000000013,0.20000000000000018,-0.7243481278419495,true,false
24,47,0.20000000000000018,0.20000000000000018,-0.7513806819915771,true,false
25,47,0.25,0.20000000000000018,-0.75,true,false
26,47,0.30000000000000004,0.20000000000000018,-0.7507340908050537,true,false
27,47,0.3500000000000001,0.20000000000000018,-0.75,true,false
28,47,0.40000000000000013,0.20000000000000018,-0.7487636804580688,true,false
29,47,0.4500000000000002,0.20000000000000018,-0.7447055280208588,true,false
30,47,0.5,0.20000000000000018,-0.7457589188316367,false,true
31,47,0.55,0.20000000000000018,-0.7382470951190612,false,true
32,47,0.6000000000000001,0.20000000000000018,-0.7317019141614556,false,true
33,47,0.6500000000000001,0.20000000000000018,-0.7238552272319794,false,true
34,47,0.7000000000000002,0.20000000000000018,-0.7307055221154581,false,true
35,47,0.75,0.20000000000000018,-0.7363441899131633,false,true
36,47,0.8,0.20000000000000018,-0.7369027550889181,false,true
37,47,0.8500000000000001,0.20000000000000018,-0.7371695041656493,false,true
38,47,0.9000000000000001,0.20000000000000018,-0.7380784036890654,false,true
39,47,0.9500000000000002,0.20000000000000018,-0.7389608621597289,false,true
40,47,1.0,0.20000000000000018,-0.7380283703822151,false,true
41,47,1.0500000000000003,0.20000000000000018,-0.737085372209549,false,true
42,47,1.1,0.20000000000000018,-0.7361495131631062,false,true
43,47,1.15,0.20000000000000018,-0.7352073192596436,false,true
44,47,1.2000000000000002,0.20000000000000018,-0.7317119184474974,false,true
45,47,1.25,0.20000000000000018,-0.7296321934541888,false,true
46,47,1.3000000000000003,0.20000000000000018,-0.7296061515808105,false,true
47,47,1.35,0.20000000000000018,-0.7253715768183255,false,true
48,47,1.4000000000000004,0.20000000000000018,-0.7211361527442932,false,true
49,47,1.4500000000000002,0.20000000000000018,-0.7197412242389596,false,true
50,47,1.5,0.20000000000000018,-0.7183461785316466,false,true
51,47,1.5500000000000003,0.20000000000000018,-0.7140085866024194,false,true
52,47,1.6,0.20000000000000018,-0.7114688018224404,false,true
53,47,1.6500000000000004,0.20000000000000018,-0.7114697098731995,false,true
54,47,1.7000000000000002,0.20000000000000018,-0.71283793524335,false,true
55,47,1.75,0.20000000000000018,-0.7142061591148376,false,true
56,47,1.8000000000000003,0.20000000000000018,-0.7171030650556093,false,true
57,47,1.85,0.20000000000000018,-0.7199999690055847,false,true
58,47,1.9000000000000004,0.20000000000000018,-0.7264511504401543,false,true
59,47,1.9500000000000002,0.20000000000000018,-0.730230197037981,false,true
60,47,2.0,0.20000000000000018,-0.7302302084462169,false,true
61,47,2.0500000000000003,0.20000000000000018,-0.7302302122116089,false,true
62,47,2.1,0.20000000000000018,-0.7302301887474995,false,true
63,47,2.1500000000000004,0.20000000000000018,-0.7251151037006237,false,true
64,47,2.2,0.20000000000000018,-0.7199999918167799,false,true
65,47,2.25,0.20000000000000018,-0.7199999690055847,false,true
66,47,2.3000000000000003,0.20000000000000018,-0.7183552682429315,false,true
67,47,2.35,0.20000000000000018,-0.7167105674743652,false,true
68,47,2.4000000000000004,0.20000000000000018,-0.7113530680828348,false,true
69,47,2.45,0.20000000000000018,-0.7082147066671735,false,true
70,47,2.5,0.20000000000000018,-0.7082147021173759,false,true
71,47,2.5500000000000003,0.20000000000000018,-0.7082147002220154,false,true
72,47,2.6,0.20000000000000018,-0.7042840250883367,false,true
73,47,2.6500000000000004,0.20000000000000018,-0.701981486679991,false,true
74,47,2.7,0.20000000000000018,-0.7019814848899841,false,true
75,47,2.75,0.20000000000000018,-0.7029053568841653,false,true
76,47,2.8000000000000003,0.20000000000000018,-0.7038292288780212,false,true
77,47,2.85,0.20000000000000018,-0.707732504285971,false,true
78,47,2.9000000000000004,0.20000000000000018,-0.7100189915580145,false,true
79,47,2.95,0.20000000000000018,-0.7100189921700846,false,true
80,47,3.0,0.20000000000000018,-0.7100189924240112,false,true
81,47,3.05,0.20000000000000018,-0.7000188390716869,false,true
82,47,3.1000000000000005,0.20000000000000018,-0.6941627230483313,false,true
83,47,3.1500000000000004,0.20000000000000018,-0.6941639169666364,false,true
84,47,3.2,0.20000000000000018,-0.6941644239795075,false,true
85,47,3.25,0.20000000000000018,-0.694164620653392,false,true
86,47,3.3,0.20000000000000018,-0.6941646895011633,false,true
87,47,3.3500000000000005,0.20000000000000018,-0.6941647080593064,false,true
0,48,-1.0,0.25000000000000044,-0.7695574269416633,false,true
1,48,-0.95,0.25000000000000044,-0.8225462252324841,false,true
2,48,-0.9,0.25000000000000044,-0.823776467699404,false,true
3,48,-0.85,0.25000000000000044,-0.8248902037036618,false,true
4,48,-0.8,0.25000000000000044,-0.8257864692257894,false,true
5,48,-0.75,0.25000000000000044,-0.8263274133205413,false,true
6,48,-0.7,0.25000000000000044,-0.8263274133205413,false,true
7,48,-0.6499999999999999,0.25000000000000044,-0.8263274133205413,false,true
8,48,-0.6,0.25000000000000044,-0.8263274133205414,false,true
9,48,-0.55,0.25000000000000044,-0.7538188648885403,false,true
10,48,-0.5,0.25000000000000044,-0.7202287020560767,false,true
11,48,-0.44999999999999996,0.25000000000000044,-0.6724076867103577,true,false
12,48,-0.3999999999999999,0.25000000000000044,-0.6771625280380249,true,false
13,48,-0.35,0.25000000000000044,-0.7263918817043304,true,false
14,48,-0.29999999999999993,0.25000000000000044,-0.7275639474391937,true,false
15,48,-0.25,0.25000000000000044,-0.6812075972557068,true,false
16,48,-0.19999999999999996,0.25000000000000044,-0.7639003396034241,true,false
17,48,-0.1499999999999999,0.25000000000000044,-0.6828384697437286,true,false
18,48,-0.09999999999999998,0.25000000000000044,-0.6860027313232422,true,false
19,48,-0.04999999999999993,0.25000000000000044,-0.7235158085823059,true,false
20,48,0.0,0.25000000000000044,-0.7567185759544373,true,false
21,48,0.050000000000000044,0.25000000000000044,-0.7234814465045929,true,false
22,48,0.10000000000000009,0.25000000000000044,-0.7544885277748108,true,false
23,48,0.15000000000000013,0.25000000000000044,-0.7200194001197815,true,false
24,48,0.20000000000000018,0.25000000000000044,-0.7495386600494385,true,false
25,48,0.25,0.25000000000000044,-0.7476230263710022,true,false
26,48,0.30000000000000004,0.25000000000000044,-0.75,true,false
27,48,0.3500000000000001,0.25000000000000044,-0.75,true,false
28,48,0.40000000000000013,0.25000000000000044,-0.7452435493469238,true,false
29,48,0.4500000000000002,0.25000000000000044,-0.7459642771980934,false,true
30,48,0.5,0.25000000000000044,-0.7447055280208588,false,true
31,48,0.55,0.25000000000000044,-0.7403389245896985,false,true
32,48,0.6000000000000001,0.25000000000000044,-0.7313207118880494,false,true
33,48,0.6500000000000001,0.25000000000000044,-0.7271054313778641,false,true
34,48,0.7000000000000002,0.25000000000000044,-0.7238552272319794,false,true
35,48,0.75,0.25000000000000044,-0.7316341337317008,false,true
36,48,0.8,0.25000000000000044,-0.7368172841323735,false,true
37,48,0.8500000000000001,0.25000000000000044,-0.7370590130803167,false,true
38,48,0.9000000000000001,0.25000000000000044,-0.7371695041656493,false,true
39,48,0.9500000000000002,0.25000000000000044,-0.7380686364154077,false,true
40,48,1.0,0.25000000000000044,-0.7389608621597289,false,true
41,48,1.0500000000000003,0.25000000000000044,-0.7380244893402018,false,true
42,48,1.1,0.25000000000000044,-0.737085372209549,false,true
43,48,1.15,0.25000000000000044,-0.7361471730791967,false,true
44,48,1.2000000000000002,0.25000000000000044,-0.7352073192596436,false,true
45,48,1.25,0.25000000000000044,-0.7316904416971843,false,true
46,48,1.3000000000000003,0.25000000000000044,-0.7296169384779534,false,true
47,48,1.35,0.25000000000000044,-0.7296061515808105,false,true
48,48,1.4000000000000004,0.25000000000000044,-0.7253712630842855,false,true
49,48,1.4500000000000002,0.25000000000000044,-0.7211361527442932,false,true
50,48,1.5,0.25000000000000044,-0.7197411809447756,false,true
51,48,1.5500000000000003,0.25000000000000044,-0.7183461785316466,false,true
52,48,1.6,0.25000000000000044,-0.7140093335379504,false,true
53,48,1.6500000000000004,0.25000000000000044,-0.7114693337462596,false,true
54,48,1.7000000000000002,0.25000000000000044,-0.7114697098731995,false,true
55,48,1.75,0.25000000000000044,-0.7128379346897468,false,true
56,48,1.8000000000000003,0.25000000000000044,-0.7142061591148376,false,true
57,48,1.85,0.25000000000000044,-0.717103064320213,false,true
58,48,1.9000000000000004,0.25000000000000044,-0.7199999690055847,false,true
59,48,1.9500000000000002,0.25000000000000044,-0.72645116880627,false,true
60,48,2.0,0.25000000000000044,-0.7302302062076796,false,true
61,48,2.0500000000000003,0.25000000000000044,-0.7302302106519324,false,true
62,48,2.1,0.25000000000000044,-0.7302302122116089,false,true
63,48,2.1500000000000004,0.25000000000000044,-0.7302302024924565,false,true
64,48,2.2,0.25000000000000044,-0.7251150960314959,false,true
65,48,2.25,0.25000000000000044,-0.7199999784542911,false,true
66,48,2.3000000000000003,0.25000000000000044,-0.7199999690055847,false,true
67,48,2.35,0.25000000000000044,-0.7183552682407472,false,true
68,48,2.4000000000000004,0.25000000000000044,-0.7167105674743652,false,true
69,48,2.45,0.25000000000000044,-0.7113530616742867,false,true
70,48,2.5,0.25000000000000044,-0.7082147028948425,false,true
71,48,2.5500000000000003,0.25000000000000044,-0.7082147010070994,false,true
72,48,2.6,0.25000000000000044,-0.7082147002220154,false,true
73,48,2.6500000000000004,0.25000000000000044,-0.7042840236054544,false,true
74,48,2.7,0.25000000000000044,-0.7019814856314293,false,true
75,48,2.75,0.25000000000000044,-0.7019814848899841,false,true
76,48,2.8000000000000003,0.25000000000000044,-0.7029053568840452,false,true
77,48,2.85,0.25000000000000044,-0.7038292288780212,false,true
78,48,2.9000000000000004,0.25000000000000044,-0.7077325051506068,false,true
79,48,2.95,0.25000000000000044,-0.7100189920651868,false,true
80,48,3.0,0.25000000000000044,-0.7100189923188314,false,true
81,48,3.05,0.25000000000000044,-0.7100189924240112,false,true
82,48,3.1000000000000005,0.25000000000000044,-0.7000200054325767,false,true
83,48,3.1500000000000004,0.25000000000000044,-0.6941637157766929,false,true
84,48,3.2,0.25000000000000044,-0.6941643330833227,false,true
85,48,3.25,0.25000000000000044,-0.6941645832139902,false,true
86,48,3.3,0.25000000000000044,-0.6941646747716722,false,true
87,48,3.3500000000000005,0.25000000000000044,-0.6941647003722718,false,true
0,49,-1.0,0.30000000000000027,-0.8247739624813745,false,true
1,49,-0.95,0.30000000000000027,-0.8253651201666617,false,true
2,49,-0.9,0.30000000000000027,-0.8258408368463219,false,true
3,49,-0.85,0.30000000000000027,-0.8261689744634312,false,true
4,49,-0.8,0.30000000000000027,-0.8263274133205413,false,true
5,49,-0.75,0.30000000000000027,-0.8263274133205413,false,true
6,49,-0.7,0.30000000000000027,-0.8263274133205413,false,true
7,49,-0.6499999999999999,0.30000000000000027,-0.8263274133205414,false,true
8,49,-0.6,0.30000000000000027,-0.7401521999523024,false,true
9,49,-0.55,0.30000000000000027,-0.6922157998330063,false,true
10,49,-0.5,0.30000000000000027,-0.6724076867103577,false,true
11,49,-0.44999999999999996,0.30000000000000027,-0.6751280296136247,false,true
12,49,-0.3999999999999999,0.30000000000000027,-0.6768475770950317,true,false
13,49,-0.35,0.30000000000000027,-0.6793180108070374,true,false
14,49,-0.29999999999999993,0.30000000000000027,-0.680587112903595,true,false
15,49,-0.25,0.30000000000000027,-0.680400013923645,true,false
16,49,-0.19999999999999996,0.30000000000000027,-0.6806136965751648,true,false
17,49,-0.1499999999999999,0.30000000000000027,-0.7611240744590759,true,false
18,49,-0.09999999999999998,0.30000000000000027,-0.7600257396697998,true,false
19,49,-0.04999999999999993,0.30000000000000027,-0.7574861645698547,true,false
20,49,0.0,0.30000000000000027,-0.6899219751358032,true,false
21,49,0.050000000000000044,0.30000000000000027,-0.6927019357681274,true,false
22,49,0.10000000000000009,0.30000000000000027,-0.7282556891441345,true,false
23,49,0.15000000000000013,0.30000000000000027,-0.75,true,false
24,49,0.20000000000000018,0.30000000000000027,-0.736506849527359,true,false
25,49,0.25,0.30000000000000027,-0.7393180131912231,true,false
26,49,0.30000000000000004,0.30000000000000027,-0.7469567060470581,true,false
27,49,0.3500000000000001,0.30000000000000027,-0.7521242499351501,true,false
28,49,0.40000000000000013,0.30000000000000027,-0.7472984797417617,false,true
29,49,0.4500000000000002,0.30000000000000027,-0.7433286905288696,false,true
30,49,0.5,0.30000000000000027,-0.7438812245190486,false,true
31,49,0.55,0.30000000000000027,-0.7447055280208588,false,true
32,49,0.6000000000000001,0.30000000000000027,-0.7362357535948455,false,true
33,49,0.6500000000000001,0.30000000000000027,-0.7273880957006048,false,true
34,49,0.7000000000000002,0.30000000000000027,-0.725201505869686,false,true
35,49,0.75,0.30000000000000027,-0.7238552272319794,false,true
36,49,0.8,0.30000000000000027,-0.731997383672813,false,true
37,49,0.8500000000000001,0.30000000000000027,-0.7370205744003064,false,true
38,49,0.9000000000000001,0.30000000000000027,-0.7371237372595831,false,true
39,49,0.9500000000000002,0.30000000000000027,-0.7371695041656493,false,true
40,49,1.0,0.30000000000000027,-0.7380660851656805,false,true
41,49,1.0500000000000003,0.30000000000000027,-0.7389608621597289,false,true
42,49,1.1,0.30000000000000027,-0.7380234755969891,false,true
43,49,1.15,0.30000000000000027,-0.737085372209549,false,true
44,49,1.2000000000000002,0.30000000000000027,-0.7361465618402118,false,true
45,49,1.25,0.30000000000000027,-0.7352073192596436,false,true
46,49,1.3000000000000003,0.30000000000000027,-0.7316815256374641,false,true
47,49,1.35,0.30000000000000027,-0.729610619659903,false,true
48,49,1.4000000000000004,0.30000000000000027,-0.7296061515808105,false,true
49,49,1.4500000000000002,0.30000000000000027,-0.7253711811357385,false,true
50,49,1.5,0.30000000000000027,-0.7211361527442932,false,true
51,49,1.5500000000000003,0.30000000000000027,-0.7197411696361669,false,true
52,49,1.6,0.30000000000000027,-0.7183461785316466,false,true
53,49,1.6500000000000004,0.30000000000000027,-0.7140096440302437,false,true
54,49,1.7000000000000002,0.30000000000000027,-0.7114695540763198,false,true
55,49,1.75,0.30000000000000027,-0.7114697098731995,false,true
56,49,1.8000000000000003,0.30000000000000027,-0.7128379345451435,false,true
57,49,1.85,0.30000000000000027,-0.7142061591148376,false,true
58,49,1.9000000000000004,0.30000000000000027,-0.7171030641281246,false,true
59,49,1.9500000000000002,0.30000000000000027,-0.7199999690055847,false,true
60,49,2.0,0.30000000000000027,-0.7264511757525782,false,true
61,49,2.0500000000000003,0.30000000000000027,-0.7302302098070595,false,true
62,49,2.1,0.30000000000000027,-0.7302302115655697,false,true
63,49,2.1500000000000004,0.30000000000000027,-0.7302302122116089,false,true
64,49,2.2,0.30000000000000027,-0.7302302081858041,false,true
65,49,2.25,0.30000000000000027,-0.7251150928548358,false,true
66,49,2.3000000000000003,0.30000000000000027,-0.719999972919367,false,true
67,49,2.35,0.30000000000000027,-0.7199999690055847,false,true
68,49,2.4000000000000004,0.30000000000000027,-0.7183552682401767,false,true
69,49,2.45,0.30000000000000027,-0.7167105674743652,false,true
70,49,2.5,0.30000000000000027,-0.7113530590121969,false,true
71,49,2.5500000000000003,0.30000000000000027,-0.7082147013300607,false,true
72,49,2.6,0.30000000000000027,-0.7082147005472078,false,true
73,49,2.6500000000000004,0.30000000000000027,-0.7082147002220154,false,true
74,49,2.7,0.30000000000000027,-0.7042840229912227,false,true
75,49,2.75,0.30000000000000027,-0.7019814851971007,false,true
76,49,2.8000000000000003,0.30000000000000027,-0.7019814848899841,false,true
77,49,2.85,0.30000000000000027,-0.7029053568840138,false,true
78,49,2.9000000000000004,0.30000000000000027,-0.7038292288780212,false,true
79,49,2.95,0.30000000000000027,-0.7077325055090326,false,true
80,49,3.0,0.30000000000000027,-0.710018992275347,false,true
81,49,3.05,0.30000000000000027,-0.7100189923804443,false,true
82,49,3.1000000000000005,0.30000000000000027,-0.7100189924240112,false,true
83,49,3.1500000000000004,0.30000000000000027,-0.7000206239378189,false,true
84,49,3.2,0.30000000000000027,-0.6941642255399733,false,true
85,49,3.25,0.30000000000000027,-0.6941645367690381,false,true
86,49,3.3,0.30000000000000027,-0.6941646554532901,false,true
87,49,3.3500000000000005,0.30000000000000027,-0.6941646897681563,false,true
0,50,-1.0,0.3500000000000001,-0.8259745896257062,false,true
1,50,-0.95,0.3500000000000001,-0.8261656765142305,false,true
2,50,-0.9,0.3500000000000001,-0.826281007653697,false,true
3,50,-0.85,0.3500000000000001,-0.8263274133205413,false,true
4,50,-0.8,0.3500000000000001,-0.8263274133205413,false,true
5,50,-0.75,0.3500000000000001,-0.8263274133205413,false,true
6,50,-0.7,0.3500000000000001,-0.8263274133205414,false,true
7,50,-0.6499999999999999,0.3500000000000001,-0.7339232060459976,false,true
8,50,-0.6,0.3500000000000001,-0.6806124758107792,false,true
9,50,-0.55,0.3500000000000001,-0.6724076867103577,false,true
10,50,-0.5,0.3500000000000001,-0.6674622502092218,false,true
11,50,-0.44999999999999996,0.3500000000000001,-0.6678156203913568,false,true
12,50,-0.3999999999999999,0.3500000000000001,-0.6745088696479797,true,false
13,50,-0.35,0.3500000000000001,-0.6776750385761261,true,false
14,50,-0.29999999999999993,0.3500000000000001,-0.6768898069858551,true,false
15,50,-0.25,0.3500000000000001,-0.7229723036289215,true,false
16,50,-0.19999999999999996,0.3500000000000001,-0.6793710291385651,true,false
17,50,-0.1499999999999999,0.3500000000000001,-0.7609796524047852,true,false
18,50,-0.09999999999999998,0.3500000000000001,-0.6841681599617004,true,false
19,50,-0.04999999999999993,0.3500000000000001,-0.6919227838516235,true,false
20,50,0.0,0.3500000000000001,-0.6938971281051636,true,false
21,50,0.050000000000000044,0.3500000000000001,-0.6969045400619507,true,false
22,50,0.10000000000000009,0.3500000000000001,-0.7016575336456299,true,false
23,50,0.15000000000000013,0.3500000000000001,-0.748458206653595,true,false
24,50,0.20000000000000018,0.3500000000000001,-0.7438002228736877,true,false
25,50,0.25,0.3500000000000001,-0.7427154183387756,true,false
26,50,0.30000000000000004,0.3500000000000001,-0.7445690333843231,true,false
27,50,0.3500000000000001,0.3500000000000001,-0.7490005493164062,true,false
28,50,0.40000000000000013,0.3500000000000001,-0.7414138317108154,true,false
29,50,0.4500000000000002,0.3500000000000001,-0.7414138317108154,false,true
30,50,0.5,0.3500000000000001,-0.7419746808736086,false,true
31,50,0.55,0.3500000000000001,-0.7430532299374157,false,true
32,50,0.6000000000000001,0.3500000000000001,-0.7447055280208588,false,true
33,50,0.6500000000000001,0.3500000000000001,-0.7338398065603272,false,true
34,50,0.7000000000000002,0.3500000000000001,-0.7254476273198709,false,true
35,50,0.75,0.3500000000000001,-0.7244128741024506,false,true
36,50,0.8,0.3500000000000001,-0.7238552272319794,false,true
37,50,0.8500000000000001,0.3500000000000001,-0.7321455623562441,false,true
38,50,0.9000000000000001,0.3500000000000001,-0.7371069263741005,false,true
39,50,0.9500000000000002,0.3500000000000001,-0.737150546892449,false,true
40,50,1.0,0.3500000000000001,-0.7371695041656493,false,true
41,50,1.0500000000000003,0.3500000000000001,-0.7380654187693657,false,true
42,50,1.1,0.3500000000000001,-0.7389608621597289,false,true
43,50,1.15,0.3500000000000001,-0.7380232108033337,false,true
44,50,1.2000000000000002,0.3500000000000001,-0.737085372209549,false,true
45,50,1.25,0.3500000000000001,-0.7361464021822204,false,true
46,50,1.3000000000000003,0.3500000000000001,-0.7352073192596436,false,true
47,50,1.35,0.3500000000000001,-0.7316778283220767,false,true
48,50,1.4000000000000004,0.3500000000000001,-0.7296080023197684,false,true
49,50,1.4500000000000002,0.3500000000000001,-0.7296061515808105,false,true
50,50,1.5,0.3500000000000001,-0.7253711597304605,false,true
51,50,1.5500000000000003,0.3500000000000001,-0.7211361527442932,false,true
52,50,1.6,0.3500000000000001,-0.7197411666823145,false,true
53,50,1.6500000000000004,0.3500000000000001,-0.7183461785316466,false,true
54,50,1.7000000000000002,0.3500000000000001,-0.7140097728684835,false,true
55,50,1.75,0.3500000000000001,-0.711469645340019,false,true
56,50,1.8000000000000003,0.3500000000000001,-0.7114697098731995,false,true
57,50,1.85,0.3500000000000001,-0.7128379345073727,false,true
58,50,1.9000000000000004,0.3500000000000001,-0.7142061591148376,false,true
59,50,1.9500000000000002,0.3500000000000001,-0.7171030640779504,false,true
60,50,2.0,0.3500000000000001,-0.7199999690055847,false,true
61,50,2.0500000000000003,0.3500000000000001,-0.7264511784346602,false,true
62,50,2.1,0.3500000000000001,-0.7302302112397345,false,true
63,50,2.1500000000000004,0.3500000000000001,-0.7302302119440107,false,true
64,50,2.2,0.3500000000000001,-0.7302302122116089,false,true
65,50,2.25,0.3500000000000001,-0.7302302105440659,false,true
66,50,2.3000000000000003,0.3500000000000001,-0.7251150915390195,false,true
67,50,2.35,0.3500000000000001,-0.7199999706267264,false,true
68,50,2.4000000000000004,0.3500000000000001,-0.7199999690055847,false,true
69,50,2.45,0.3500000000000001,-0.7183552682400276,false,true
70,50,2.5,0.3500000000000001,-0.7167105674743652,false,true
71,50,2.5500000000000003,0.3500000000000001,-0.7113530579072995,false,true
72,50,2.6,0.3500000000000001,-0.7082147006812534,false,true
73,50,2.6500000000000004,0.3500000000000001,-0.7082147003567144,false,true
74,50,2.7,0.3500000000000001,-0.7082147002220154,false,true
75,50,2.75,0.3500000000000001,-0.7042840227367994,false,true
76,50,2.8000000000000003,0.3500000000000001,-0.701981485017196,false,true
77,50,2.85,0.3500000000000001,-0.7019814848899841,false,true
78,50,2.9000000000000004,0.3500000000000001,-0.7029053568840056,false,true
79,50,2.95,0.3500000000000001,-0.7038292288780212,false,true
80,50,3.0,0.3500000000000001,-0.70773250565758,false,true
81,50,3.05,0.3500000000000001,-0.7100189923624225,false,true
82,50,3.1000000000000005,0.3500000000000001,-0.7100189924059652,false,true
83,50,3.1500000000000004,0.3500000000000001,-0.7100189924240112,false,true
84,50,3.2,0.3500000000000001,-0.7000209435253497,false,true
85,50,3.25,0.3500000000000001,-0.6941644803739682,false,true
86,50,3.3,0.3500000000000001,-0.6941646307420691,false,true
87,50,3.3500000000000005,0.3500000000000001,-0.6941646755544733,false,true
0,51,-1.0,0.40000000000000036,-0.8262744117552956,false,true
1,51,-0.95,0.40000000000000036,-0.8263138214154081,false,true
2,51,-0.9,0.40000000000000036,-0.8263274133205413,false,true
3,51,-0.85,0.40000000000000036,-0.8263274133205413,false,true
4,51,-0.8,0.40000000000000036,-0.8263274133205413,false,true
5,51,-0.75,0.40000000000000036,-0.8263274133205414,false,true
6,51,-0.7,0.40000000000000036,-0.7312254199112217,false,true
7,51,-0.6499999999999999,0.40000000000000036,-0.6758062216321632,false,true
8,51,-0.6,0.40000000000000036,-0.6724076867103577,false,true
9,51,-0.55,0.40000000000000036,-0.663145490111486,false,true
10,51,-0.5,0.40000000000000036,-0.6564521540474354,false,true
11,51,-0.44999999999999996,0.40000000000000036,-0.6523028265289443,false,true
12,51,-0.3999999999999999,0.40000000000000036,-0.6493179798126221,true,false
13,51,-0.35,0.40000000000000036,-0.6043179929256439,true,false
14,51,-0.29999999999999993,0.40000000000000036,-0.6761597990989685,true,false
15,51,-0.25,0.40000000000000036,-0.6773348450660706,true,false
16,51,-0.19999999999999996,0.40000000000000036,-0.6792019605636597,true,false
17,51,-0.1499999999999999,0.40000000000000036,-0.6816616654396057,true,false
18,51,-0.09999999999999998,0.40000000000000036,-0.6862051486968994,true,false
19,51,-0.04999999999999993,0.40000000000000036,-0.75,true,false
20,51,0.0,0.40000000000000036,-0.7515304684638977,true,false
21,51,0.050000000000000044,0.40000000000000036,-0.751707911491394,true,false
22,51,0.10000000000000009,0.40000000000000036,-0.7519014477729797,true,false
23,51,0.15000000000000013,0.40000000000000036,-0.7304133772850037,true,false
24,51,0.20000000000000018,0.40000000000000036,-0.7429826259613037,true,false
25,51,0.25,0.40000000000000036,-0.7393180131912231,true,false
26,51,0.30000000000000004,0.40000000000000036,-0.7393180131912231,true,false
27,51,0.3500000000000001,0.40000000000000036,-0.748117983341217,true,false
28,51,0.40000000000000013,0.40000000000000036,-0.7458720123707495,false,true
29,51,0.4500000000000002,0.40000000000000036,-0.7414138317108154,false,true
30,51,0.5,0.40000000000000036,-0.7414138317108154,false,true
31,51,0.55,0.40000000000000036,-0.7415781006273747,false,true
32,51,0.6000000000000001,0.40000000000000036,-0.7427655909799366,false,true
33,51,0.6500000000000001,0.40000000000000036,-0.7447055280208588,false,true
34,51,0.7000000000000002,0.40000000000000036,-0.7326119086652222,false,true
35,51,0.75,0.40000000000000036,-0.7245526153161249,false,true
36,51,0.8,0.40000000000000036,-0.7240862121287435,false,true
37,51,0.8500000000000001,0.40000000000000036,-0.7238552272319794,false,true
38,51,0.9000000000000001,0.40000000000000036,-0.732207095530733,false,true
39,51,0.9500000000000002,0.40000000000000036,-0.7371433231951912,false,true
40,51,1.0,0.40000000000000036,-0.7371616518059843,false,true
41,51,1.0500000000000003,0.40000000000000036,-0.7371695041656493,false,true
42,51,1.1,0.40000000000000036,-0.738065244704066,false,true
43,51,1.15,0.40000000000000036,-0.7389608621597289,false,true
44,51,1.2000000000000002,0.40000000000000036,-0.7380231416382048,false,true
45,51,1.25,0.40000000000000036,-0.737085372209549,false,true
46,51,1.3000000000000003,0.40000000000000036,-0.7361463604789344,false,true
47,51,1.35,0.40000000000000036,-0.7352073192596436,false,true
48,51,1.4000000000000004,0.40000000000000036,-0.7316762959818109,false,true
49,51,1.4500000000000002,0.40000000000000036,-0.7296069181819873,false,true
50,51,1.5,0.40000000000000036,-0.7296061515808105,false,true
51,51,1.5500000000000003,0.40000000000000036,-0.725371154139319,false,true
52,51,1.6,0.40000000000000036,-0.7211361527442932,false,true
53,51,1.6500000000000004,0.40000000000000036,-0.7197411659107568,false,true
54,51,1.7000000000000002,0.40000000000000036,-0.7183461785316466,false,true
55,51,1.75,0.40000000000000036,-0.7140098262822754,false,true
56,51,1.8000000000000003,0.40000000000000036,-0.7114696831426809,false,true
57,51,1.85,0.40000000000000036,-0.7114697098731995,false,true
58,51,1.9000000000000004,0.40000000000000036,-0.7128379344975068,false,true
59,51,1.9500000000000002,0.40000000000000036,-0.7142061591148376,false,true
60,51,2.0,0.40000000000000036,-0.7171030640648447,false,true
61,51,2.0500000000000003,0.40000000000000036,-0.7199999690055847,false,true
62,51,2.1,0.40000000000000036,-0.7264511794881362,false,true
63,51,2.1500000000000004,0.40000000000000036,-0.7302302118161106,false,true
64,51,2.2,0.40000000000000036,-0.7302302121007661,false,true
65,51,2.25,0.40000000000000036,-0.7302302122116089,false,true
66,51,2.3000000000000003,0.40000000000000036,-0.73023021152089,false,true
67,51,2.35,0.40000000000000036,-0.7251150909939905,false,true
68,51,2.4000000000000004,0.40000000000000036,-0.7199999696770836,false,true
69,51,2.45,0.40000000000000036,-0.7199999690055847,false,true
70,51,2.5,0.40000000000000036,-0.7183552682399887,false,true
71,51,2.5500000000000003,0.40000000000000036,-0.7167105674743652,false,true
72,51,2.6,0.40000000000000036,-0.711353057448984,false,true
73,51,2.6500000000000004,0.40000000000000036,-0.7082147004123172,false,true
74,51,2.7,0.40000000000000036,-0.7082147002778095,false,true
75,51,2.75,0.40000000000000036,-0.7082147002220154,false,true
76,51,2.8000000000000003,0.40000000000000036,-0.7042840226314138,false,true
77,51,2.85,0.40000000000000036,-0.7019814849426771,false,true
78,51,2.9000000000000004,0.40000000000000036,-0.7019814848899841,false,true
79,51,2.95,0.40000000000000036,-0.7029053568840035,false,true
80,51,3.0,0.40000000000000036,-0.7038292288780212,false,true
81,51,3.05,0.40000000000000036,-0.7077325057191345,false,true
82,51,3.1000000000000005,0.40000000000000036,-0.7100189923984974,false,true
83,51,3.1500000000000004,0.40000000000000036,-0.7100189924165363,false,true
84,51,3.2,0.40000000000000036,-0.7100189924240112,false,true
85,51,3.25,0.40000000000000036,-0.7000211038156955,false,true
86,51,3.3,0.40000000000000036,-0.6941645998255214,false,true
87,51,3.3500000000000005,0.40000000000000036,-0.6941646569925677,false,true
0,52,-1.0,0.4500000000000002,-0.826323432343697,false,true
1,52,-0.95,0.4500000000000002,-0.8263274133205413,false,true
2,52,-0.9,0.4500000000000002,-0.8263274133205413,false,true
3,52,-0.85,0.4500000000000002,-0.8263274133205413,false,true
4,52,-0.8,0.4500000000000002,-0.8263274133205414,false,true
5,52,-0.75,0.4500000000000002,-0.7300835937003338,false,true
6,52,-0.7,0.4500000000000002,-0.6738154059671682,false,true
7,52,-0.6499999999999999,0.4500000000000002,-0.6724076867103577,false,true
8,52,-0.6,0.4500000000000002,-0.6645263919347223,false,true
9,52,-0.55,0.4500000000000002,-0.6580889209723083,false,true
10,52,-0.5,0.4500000000000002,-0.655195812605561,false,true
11,52,-0.44999999999999996,0.4500000000000002,-0.650956722954892,false,true
12,52,-0.3999999999999999,0.4500000000000002,-0.6343179941177368,true,false
13,52,-0.35,0.4500000000000002,-0.6193180084228516,true,false
14,52,-0.29999999999999993,0.4500000000000002,-0.6751666069030762,true,false
15,52,-0.25,0.4500000000000002,-0.6746824979782104,true,false
16,52,-0.19999999999999996,0.4500000000000002,-0.6763200461864471,true,false
17,52,-0.1499999999999999,0.4500000000000002,-0.6820628046989441,true,false
18,52,-0.09999999999999998,0.4500000000000002,-0.7483772337436676,true,false
19,52,-0.04999999999999993,0.4500000000000002,-0.7188915014266968,true,false
20,52,0.0,0.4500000000000002,-0.7497231066226959,true,false
21,52,0.050000000000000044,0.4500000000000002,-0.7507338225841522,true,false
22,52,0.10000000000000009,0.4500000000000002,-0.6990102827548981,true,false
23,52,0.15000000000000013,0.4500000000000002,-0.7200308442115784,true,false
24,52,0.20000000000000018,0.4500000000000002,-0.746896892786026,true,false
25,52,0.25,0.4500000000000002,-0.7367096841335297,true,false
26,52,0.30000000000000004,0.4500000000000002,-0.7411099374294281,true,false
27,52,0.3500000000000001,0.4500000000000002,-0.7430365336314589,false,true
28,52,0.40000000000000013,0.4500000000000002,-0.748117983341217,false,true
29,52,0.4500000000000002,0.4500000000000002,-0.7450548263975768,false,true
30,52,0.5,0.4500000000000002,-0.7414138317108154,false,true
31,52,0.55,0.4500000000000002,-0.7414138317108154,false,true
32,52,0.6000000000000001,0.4500000000000002,-0.7414619449625375,false,true
33,52,0.6500000000000001,0.4500000000000002,-0.7426719977947515,false,true
34,52,0.7000000000000002,0.4500000000000002,-0.7447055280208588,false,true
35,52,0.75,0.4500000000000002,-0.7320278058279769,false,true
36,52,0.8,0.4500000000000002,-0.72415516454965,false,true
37,52,0.8500000000000001,0.4500000000000002,-0.7239509043089224,false,true
38,52,0.9000000000000001,0.4500000000000002,-0.7238552272319794,false,true
39,52,0.9500000000000002,0.4500000000000002,-0.732232799753419,false,true
40,52,1.0,0.4500000000000002,-0.7371585833830703,false,true
41,52,1.0500000000000003,0.4500000000000002,-0.7371662516117794,false,true
42,52,1.1,0.4500000000000002,-0.7371695041656493,false,true
43,52,1.15,0.4500000000000002,-0.7380651992375352,false,true
44,52,1.2000000000000002,0.4500000000000002,-0.7389608621597289,false,true
45,52,1.25,0.4500000000000002,-0.7380231235720051,false,true
46,52,1.3000000000000003,0.4500000000000002,-0.737085372209549,false,true
47,52,1.35,0.4500000000000002,-0.7361463495858744,false,true
48,52,1.4000000000000004,0.4500000000000002,-0.7352073192596436,false,true
49,52,1.4500000000000002,0.4500000000000002,-0.7316756610871465,false,true
50,52,1.5,0.4500000000000002,-0.7296064691174149,false,true
51,52,1.5500000000000003,0.4500000000000002,-0.7296061515808105,false,true
52,52,1.6,0.4500000000000002,-0.7253711526788912,false,true
53,52,1.6500000000000004,0.4500000000000002,-0.7211361527442932,false,true
54,52,1.7000000000000002,0.4500000000000002,-0.7197411657092229,false,true
55,52,1.75,0.4500000000000002,-0.7183461785316466,false,true
56,52,1.8000000000000003,0.4500000000000002,-0.7140098484167772,false,true
57,52,1.85,0.4500000000000002,-0.711469698801056,false,true
58,52,1.9000000000000004,0.4500000000000002,-0.7114697098731995,false,true
59,52,1.9500000000000002,0.4500000000000002,-0.7128379344949297,false,true
60,52,2.0,0.4500000000000002,-0.7142061591148376,false,true
61,52,2.0500000000000003,0.4500000000000002,-0.7171030640614215,false,true
62,52,2.1,0.4500000000000002,-0.7199999690055847,false,true
63,52,2.1500000000000004,0.4500000000000002,-0.7264511799075999,false,true
64,52,2.2,0.4500000000000002,-0.7302302120498575,false,true
65,52,2.25,0.4500000000000002,-0.7302302121656963,false,true
66,52,2.3000000000000003,0.4500000000000002,-0.7302302122116089,false,true
67,52,2.35,0.4500000000000002,-0.7302302119255037,false,true
68,52,2.4000000000000004,0.4500000000000002,-0.7251150907682321,false,true
69,52,2.45,0.4500000000000002,-0.7199999692837287,false,true
70,52,2.5,0.4500000000000002,-0.7199999690055847,false,true
71,52,2.5500000000000003,0.4500000000000002,-0.7183552682399785,false,true
72,52,2.6,0.4500000000000002,-0.7167105674743652,false,true
73,52,2.6500000000000004,0.4500000000000002,-0.7113530572589524,false,true
74,52,2.7,0.4500000000000002,-0.7082147003008641,false,true
75,52,2.75,0.4500000000000002,-0.708214700245126,false,true
76,52,2.8000000000000003,0.4500000000000002,-0.7082147002220154,false,true
77,52,2.85,0.4500000000000002,-0.7042840225877616,false,true
78,52,2.9000000000000004,0.4500000000000002,-0.7019814849118102,false,true
79,52,2.95,0.4500000000000002,-0.7019814848899841,false,true
80,52,3.0,0.4500000000000002,-0.7029053568840029,false,true
81,52,3.05,0.4500000000000002,-0.7038292288780212,false,true
82,52,3.1000000000000005,0.4500000000000002,-0.7077325057446382,false,true
83,52,3.1500000000000004,0.4500000000000002,-0.7100189924134421,false,true
84,52,3.2,0.4500000000000002,-0.710018992420915,false,true
85,52,3.25,0.4500000000000002,-0.7100189924240112,false,true
86,52,3.3,0.4500000000000002,-0.7000211774361194,false,true
87,52,3.3500000000000005,0.4500000000000002,-0.6941646333132018,false,true
0,53,-1.0,0.5000000000000004,-0.8263274133205413,false,true
1,53,-0.95,0.5000000000000004,-0.8263274133205413,false,true
2,53,-0.9,0.5000000000000004,-0.8263274133205413,false,true
3,53,-0.85,0.5000000000000004,-0.8263274133205414,false,true
4,53,-0.8,0.5000000000000004,-0.7276209246612765,false,true
5,53,-0.75,0.5000000000000004,-0.6703835357146086,false,true
6,53,-0.7,0.5000000000000004,-0.6724076867103577,false,true
7,53,-0.6499999999999999,0.5000000000000004,-0.6677707361330687,false,true
8,53,-0.6,0.5000000000000004,-0.6642152060246106,false,true
9,53,-0.55,0.5000000000000004,-0.6638654185396232,false,true
10,53,-0.5,0.5000000000000004,-0.6638171609868502,false,true
11,53,-0.44999999999999996,0.5000000000000004,-0.6640837767582691,false,true
12,53,-0.3999999999999999,0.5000000000000004,-0.6761261820793152,true,false
13,53,-0.35,0.5000000000000004,-0.6732410192489624,true,false
14,53,-0.29999999999999993,0.5000000000000004,-0.6725967824459076,true,false
15,53,-0.25,0.5000000000000004,-0.6720762848854065,true,false
16,53,-0.19999999999999996,0.5000000000000004,-0.6748218238353729,true,false
17,53,-0.1499999999999999,0.5000000000000004,-0.6800320148468018,true,false
18,53,-0.09999999999999998,0.5000000000000004,-0.7155071198940277,true,false
19,53,-0.04999999999999993,0.5000000000000004,-0.71942538022995,true,false
20,53,0.0,0.5000000000000004,-0.6930215358734131,true,false
21,53,0.050000000000000044,0.5000000000000004,-0.7523868083953857,true,false
22,53,0.10000000000000009,0.5000000000000004,-0.7238612174987793,true,false
23,53,0.15000000000000013,0.5000000000000004,-0.75,true,false
24,53,0.20000000000000018,0.5000000000000004,-0.7272866368293762,true,false
25,53,0.25,0.5000000000000004,-0.7358646094799042,true,false
26,53,0.30000000000000004,0.5000000000000004,-0.7422934174537659,true,false
27,53,0.3500000000000001,0.5000000000000004,-0.7410753084483087,false,true
28,53,0.40000000000000013,0.5000000000000004,-0.7433607839710045,false,true
29,53,0.4500000000000002,0.5000000000000004,-0.748117983341217,false,true
30,53,0.5,0.5000000000000004,-0.744841374254818,false,true
31,53,0.55,0.5000000000000004,-0.7414138317108154,false,true
32,53,0.6000000000000001,0.5000000000000004,-0.7414138317108154,false,true
33,53,0.6500000000000001,0.5000000000000004,-0.7414279237559798,false,true
34,53,0.7000000000000002,0.5000000000000004,-0.7426426494307302,false,true
35,53,0.75,0.5000000000000004,-0.7447055280208588,false,true
36,53,0.8,0.5000000000000004,-0.7317624003681279,false,true
37,53,0.8500000000000001,0.5000000000000004,-0.7239827075812721,false,true
38,53,0.9000000000000001,0.5000000000000004,-0.7238948579748574,false,true
39,53,0.9500000000000002,0.5000000000000004,-0.7238552272319794,false,true
40,53,1.0,0.5000000000000004,-0.7322435455287624,false,true
41,53,1.0500000000000003,0.5000000000000004,-0.7371649582905626,false,true
42,53,1.1,0.5000000000000004,-0.737168156913724,false,true
43,53,1.15,0.5000000000000004,-0.7371695041656493,false,true
44,53,1.2000000000000002,0.5000000000000004,-0.7380651873615012,false,true
45,53,1.25,0.5000000000000004,-0.7389608621597289,false,true
46,53,1.3000000000000003,0.5000000000000004,-0.7380231188530437,false,true
47,53,1.35,0.5000000000000004,-0.737085372209549,false,true
48,53,1.4000000000000004,0.5000000000000004,-0.7361463467405651,false,true
49,53,1.4500000000000002,0.5000000000000004,-0.7352073192596436,false,true
50,53,1.5,0.5000000000000004,-0.7316753980681882,false,true
51,53,1.5500000000000003,0.5000000000000004,-0.7296062831087786,false,true
52,53,1.6,0.5000000000000004,-0.7296061515808105,false,true
53,53,1.6500000000000004,0.5000000000000004,-0.7253711522974218,false,true
54,53,1.7000000000000002,0.5000000000000004,-0.7211361527442932,false,true
55,53,1.75,0.5000000000000004,-0.7197411656565815,false,true
56,53,1.8000000000000003,0.5000000000000004,-0.7183461785316466,false,true
57,53,1.85,0.5000000000000004,-0.7140098575872145,false,true
58,53,1.9000000000000004,0.5000000000000004,-0.7114697052869674,false,true
59,53,1.9500000000000002,0.5000000000000004,-0.7114697098731995,false,true
60,53,2.0,0.5000000000000004,-0.7128379344942565,false,true
61,53,2.0500000000000003,0.5000000000000004,-0.7142061591148376,false,true
62,53,2.1,0.5000000000000004,-0.7171030640605273,false,true
63,53,2.1500000000000004,0.5000000000000004,-0.7199999690055847,false,true
64,53,2.2,0.5000000000000004,-0.726451180076384,false,true
65,53,2.25,0.5000000000000004,-0.7302302121452154,false,true
66,53,2.3000000000000003,0.5000000000000004,-0.7302302121925912,false,true
67,53,2.35,0.5000000000000004,-0.7302302122116089,false,true
68,53,2.4000000000000004,0.5000000000000004,-0.7302302120931004,false,true
69,53,2.45,0.5000000000000004,-0.72511509067472,false,true
70,53,2.5,0.5000000000000004,-0.7199999691207957,false,true
71,53,2.5500000000000003,0.5000000000000004,-0.7199999690055847,false,true
72,53,2.6,0.5000000000000004,-0.718355268239976,false,true
73,53,2.6500000000000004,0.5000000000000004,-0.7167105674743652,false,true
74,53,2.7,0.5000000000000004,-0.7113530571801827,false,true
75,53,2.75,0.5000000000000004,-0.7082147002546824,false,true
76,53,2.8000000000000003,0.5000000000000004,-0.7082147002315881,false,true
77,53,2.85,0.5000000000000004,-0.7082147002220154,false,true
78,53,2.9000000000000004,0.5000000000000004,-0.7042840225696803,false,true
79,53,2.95,0.5000000000000004,-0.7019814848990248,false,true
80,53,3.0,0.5000000000000004,-0.7019814848899841,false,true
81,53,3.05,0.5000000000000004,-0.7029053568840028,false,true
82,53,3.1000000000000005,0.5000000000000004,-0.7038292288780212,false,true
83,53,3.1500000000000004,0.5000000000000004,-0.7077325057552043,false,true
84,53,3.2,0.5000000000000004,-0.7100189924196331,false,true
85,53,3.25,0.5000000000000004,-0.7100189924227287,false,true
86,53,3.3,0.5000000000000004,-0.7100189924240112,false,true
87,53,3.3500000000000005,0.5000000000000004,-0.7015509548700036,false,true
0,54,-1.0,0.5500000000000003,-0.8263274133205413,false,true
1,54,-0.95,0.5500000000000003,-0.8263274133205413,false,true
2,54,-0.9,0.5500000000000003,-0.8263274133205414,false,true
3,54,-0.85,0.5500000000000003,-0.725725416682219,false,true
4,54,-0.8,0.5500000000000003,-0.6669192729044785,false,true
5,54,-0.75,0.5500000000000003,-0.6665120923892616,false,true
6,54,-0.7,0.5500000000000003,-0.6640890836715698,false,true
7,54,-0.6499999999999999,0.5500000000000003,-0.6667200441168017,false,true
8,54,-0.6,0.5500000000000003,-0.6694857208377667,false,true
9,54,-0.55,0.5500000000000003,-0.6708361652821303,false,true
10,54,-0.5,0.5500000000000003,-0.6726032709593043,false,true
11,54,-0.44999999999999996,0.5500000000000003,-0.6763005473789251,false,true
12,54,-0.3999999999999999,0.5500000000000003,-0.6768190264701843,true,false
13,54,-0.35,0.5500000000000003,-0.6713694334030151,true,false
14,54,-0.29999999999999993,0.5500000000000003,-0.6738426983356476,true,false
15,54,-0.25,0.5500000000000003,-0.6732590198516846,true,false
16,54,-0.19999999999999996,0.5500000000000003,-0.6742425560951233,true,false
17,54,-0.1499999999999999,0.5500000000000003,-0.6790071725845337,true,false
18,54,-0.09999999999999998,0.5500000000000003,-0.6849291920661926,true,false
19,54,-0.04999999999999993,0.5500000000000003,-0.75,true,false
20,54,0.0,0.5500000000000003,-0.691744327545166,true,false
21,54,0.050000000000000044,0.5500000000000003,-0.7543119788169861,true,false
22,54,0.10000000000000009,0.5500000000000003,-0.7486483454704285,true,false
23,54,0.15000000000000013,0.5500000000000003,-0.7093179821968079,true,false
24,54,0.20000000000000018,0.5500000000000003,-0.7238322496414185,true,false
25,54,0.25,0.5500000000000003,-0.7309575080871582,true,false
26,54,0.30000000000000004,0.5500000000000003,-0.7393180131912231,true,false
27,54,0.3500000000000001,0.5500000000000003,-0.7401894889229507,false,true
28,54,0.40000000000000013,0.5500000000000003,-0.7376200943351295,false,true
29,54,0.4500000000000002,0.5500000000000003,-0.7396120429913838,false,true
30,54,0.5,0.5500000000000003,-0.748117983341217,false,true
31,54,0.55,0.5500000000000003,-0.7447856197280102,false,true
32,54,0.6000000000000001,0.5500000000000003,-0.7414138317108154,false,true
33,54,0.6500000000000001,0.5500000000000003,-0.7414138317108154,false,true
34,54,0.7000000000000002,0.5500000000000003,-0.7414179591752833,false,true
35,54,0.75,0.5500000000000003,-0.7426336526274104,false,true
36,54,0.8,0.5500000000000003,-0.7447055280208588,false,true
37,54,0.8500000000000001,0.5500000000000003,-0.7316453140452087,false,true
38,54,0.9000000000000001,0.5500000000000003,-0.7239089809530063,false,true
39,54,0.9500000000000002,0.5500000000000003,-0.7238716428231664,false,true
40,54,1.0,0.5500000000000003,-0.7238552272319794,false,true
41,54,1.0500000000000003,0.5500000000000003,-0.7322480328198332,false,true
42,54,1.1,0.5500000000000003,-0.7371676146596435,false,true
43,54,1.15,0.5500000000000003,-0.7371689461156298,false,true
44,54,1.2000000000000002,0.5500000000000003,-0.7371695041656493,false,true
45,54,1.25,0.5500000000000003,-0.7380651842594351,false,true
46,54,1.3000000000000003,0.5500000000000003,-0.7389608621597289,false,true
47,54,1.35,0.5500000000000003,-0.7380231176204327,false,true
48,54,1.4000000000000004,0.5500000000000003,-0.737085372209549,false,true
49,54,1.4500000000000002,0.5500000000000003,-0.7361463459973592,false,true
50,54,1.5,0.5500000000000003,-0.7352073192596436,false,true
51,54,1.5500000000000003,0.5500000000000003,-0.7316752891145101,false,true
52,54,1.6,0.5500000000000003,-0.7296062060614787,false,true
53,54,1.6500000000000004,0.5500000000000003,-0.7296061515808105,false,true
54,54,1.7000000000000002,0.5500000000000003,-0.7253711521977804,false,true
55,54,1.75,0.5500000000000003,-0.7211361527442932,false,true
56,54,1.8000000000000003,0.5500000000000003,-0.7197411656428313,false,true
57,54,1.85,0.5500000000000003,-0.7183461785316466,false,true
58,54,1.9000000000000004,0.5500000000000003,-0.7140098613861537,false,true
59,54,1.9500000000000002,0.5500000000000003,-0.7114697079735199,false,true
60,54,2.0,0.5500000000000003,-0.7114697098731995,false,true
61,54,2.0500000000000003,0.5500000000000003,-0.7128379344940806,false,true
62,54,2.1,0.5500000000000003,-0.7142061591148376,false,true
63,54,2.1500000000000004,0.5500000000000003,-0.7171030640602937,false,true
64,54,2.2,0.5500000000000003,-0.7199999690055847,false,true
65,54,2.25,0.5500000000000003,-0.7264511801448402,false,true
66,54,2.3000000000000003,0.5500000000000003,-0.7302302121842854,false,true
67,54,2.35,0.5500000000000003,-0.7302302122037315,false,true
68,54,2.4000000000000004,0.5500000000000003,-0.7302302122116089,false,true
69,54,2.45,0.5500000000000003,-0.730230212162521,false,true
70,54,2.5,0.5500000000000003,-0.7251150906359859,false,true
71,54,2.5500000000000003,0.5500000000000003,-0.7199999690533067,false,true
72,54,2.6,0.5500000000000003,-0.7199999690055847,false,true
73,54,2.6500000000000004,0.5500000000000003,-0.7183552682399753,false,true
74,54,2.7,0.5500000000000003,-0.7167105674743652,false,true
75,54,2.75,0.5500000000000003,-0.7113530571475388,false,true
76,54,2.8000000000000003,0.5500000000000003,-0.7082147002355484,false,true
77,54,2.85,0.5500000000000003,-0.7082147002259805,false,true
78,54,2.9000000000000004,0.5500000000000003,-0.7082147002220154,false,true
79,54,2.95,0.5500000000000003,-0.7042840225621907,false,true
80,54,3.0,0.5500000000000003,-0.701981484893729,false,true
81,54,3.05,0.5500000000000003,-0.7019814848899841,false,true
82,54,3.1000000000000005,0.5500000000000003,-0.7029053568840027,false,true
83,54,3.1500000000000004,0.5500000000000003,-0.7038292288780212,false,true
84,54,3.2,0.5500000000000003,-0.7077325057595816,false,true
85,54,3.25,0.5500000000000003,-0.7100189924221977,false,true
86,54,3.3,0.5500000000000003,-0.71001899242348,false,true
87,54,3.3500000000000005,0.5500000000000003,-0.7100189924240112,false,true
0,55,-1.0,0.6000000000000001,-0.8263274133205413,false,true
1,55,-0.95,0.6000000000000001,-0.8263274133205414,false,true
2,55,-0.9,0.6000000000000001,-0.7246624165466515,false,true
3,55,-0.85,0.6000000000000001,-0.6651150998724907,false,true
4,55,-0.8,0.6000000000000001,-0.6647216467367759,false,true
5,55,-0.75,0.6000000000000001,-0.6640308503013022,false,true
6,55,-0.7,0.6000000000000001,-0.6640431498584732,false,true
7,55,-0.6499999999999999,0.6000000000000001,-0.6640890836715698,false,true
8,55,-0.6,0.6000000000000001,-0.6690343646247787,false,true
9,55,-0.55,0.6000000000000001,-0.6731962062874597,false,true
10,55,-0.5,0.6000000000000001,-0.6753561047626049,false,true
11,55,-0.44999999999999996,0.6000000000000001,-0.6758940267038693,false,true
12,55,-0.3999999999999999,0.6000000000000001,-0.6757416725158691,true,false
13,55,-0.35,0.6000000000000001,-0.6745234429836273,true,false
14,55,-0.29999999999999993,0.6000000000000001,-0.6734211444854736,true,false
15,55,-0.25,0.6000000000000001,-0.6724176406860352,true,false
16,55,-0.19999999999999996,0.6000000000000001,-0.6731133460998535,true,false
17,55,-0.1499999999999999,0.6000000000000001,-0.6763702034950256,true,false
18,55,-0.09999999999999998,0.6000000000000001,-0.6825756132602692,true,false
19,55,-0.04999999999999993,0.6000000000000001,-0.7554553747177124,true,false
20,55,0.0,0.6000000000000001,-0.6909159421920776,true,false
21,55,0.050000000000000044,0.6000000000000001,-0.6917222738265991,true,false
22,55,0.10000000000000009,0.6000000000000001,-0.7229174971580505,true,false
23,55,0.15000000000000013,0.6000000000000001,-0.6972261965274811,true,false
24,55,0.20000000000000018,0.6000000000000001,-0.7093179821968079,true,false
25,55,0.25,0.6000000000000001,-0.7269342541694641,true,false
26,55,0.30000000000000004,0.6000000000000001,-0.7393180131912231,true,false
27,55,0.3500000000000001,0.6000000000000001,-0.7305312075487655,false,true
28,55,0.40000000000000013,0.6000000000000001,-0.7266511266135182,false,true
29,55,0.4500000000000002,0.6000000000000001,-0.72561789015844,false,true
30,55,0.5,0.6000000000000001,-0.7328320136044014,false,true
31,55,0.55,0.6000000000000001,-0.748117983341217,false,true
32,55,0.6000000000000001,0.6000000000000001,-0.7447710564295612,false,true
33,55,0.6500000000000001,0.6000000000000001,-0.7414138317108154,false,true
34,55,0.7000000000000002,0.6000000000000001,-0.7414138317108154,false,true
35,55,0.75,0.6000000000000001,-0.741415040617169,false,true
36,55,0.8,0.6000000000000001,-0.7426309345025535,false,true
37,55,0.8500000000000001,0.6000000000000001,-0.7447055280208588,false,true
38,55,0.9000000000000001,0.6000000000000001,-0.7315946626289415,false,true
39,55,0.9500000000000002,0.6000000000000001,-0.7238777708928582,false,true
40,55,1.0,0.6000000000000001,-0.7238620267924833,false,true
41,55,1.0500000000000003,0.6000000000000001,-0.7238552272319794,false,true
42,55,1.1,0.6000000000000001,-0.7322499036497999,false,true
43,55,1.15,0.6000000000000001,-0.7371687195902669,false,true
44,55,1.2000000000000002,0.6000000000000001,-0.7371692730137628,false,true
45,55,1.25,0.6000000000000001,-0.7371695041656493,false,true
46,55,1.3000000000000003,0.6000000000000001,-0.7380651834491634,false,true
47,55,1.35,0.6000000000000001,-0.7389608621597289,false,true
48,55,1.4000000000000004,0.6000000000000001,-0.7380231172984699,false,true
49,55,1.4500000000000002,0.6000000000000001,-0.737085372209549,false,true
50,55,1.5,0.6000000000000001,-0.7361463458032309,false,true
51,55,1.5500000000000003,0.6000000000000001,-0.7352073192596436,false,true
52,55,1.6,0.6000000000000001,-0.7316752439828329,false,true
53,55,1.6500000000000004,0.6000000000000001,-0.7296061741474422,false,true
54,55,1.7000000000000002,0.6000000000000001,-0.7296061515808105,false,true
55,55,1.75,0.6000000000000001,-0.7253711521717537,false,true
56,55,1.8000000000000003,0.6000000000000001,-0.7211361527442932,false,true
57,55,1.85,0.6000000000000001,-0.7197411656392397,false,true
58,55,1.9000000000000004,0.6000000000000001,-0.7183461785316466,false,true
59,55,1.9500000000000002,0.6000000000000001,-0.7140098629598127,false,true
60,55,2.0,0.6000000000000001,-0.7114697090863265,false,true
61,55,2.0500000000000003,0.6000000000000001,-0.7114697098731995,false,true
62,55,2.1,0.6000000000000001,-0.7128379344940348,false,true
63,55,2.1500000000000004,0.6000000000000001,-0.7142061591148376,false,true
64,55,2.2,0.6000000000000001,-0.7171030640602327,false,true
65,55,2.25,0.6000000000000001,-0.7199999690055847,false,true
66,55,2.3000000000000003,0.6000000000000001,-0.7264511801727686,false,true
67,55,2.35,0.6000000000000001,-0.7302302122003431,false,true
68,55,2.4000000000000004,0.6000000000000001,-0.730230212208346,false,true
69,55,2.45,0.6000000000000001,-0.7302302122116089,false,true
70,55,2.5,0.6000000000000001,-0.730230212191276,false,true
71,55,2.5500000000000003,0.6000000000000001,-0.7251150906199417,false,true
72,55,2.6,0.6000000000000001,-0.7199999690253519,false,true
73,55,2.6500000000000004,0.6000000000000001,-0.7199999690055847,false,true
74,55,2.7,0.6000000000000001,-0.7183552682399751,false,true
75,55,2.75,0.6000000000000001,-0.7167105674743652,false,true
76,55,2.8000000000000003,0.6000000000000001,-0.7113530571340125,false,true
77,55,2.85,0.6000000000000001,-0.7082147002276215,false,true
78,55,2.9000000000000004,0.6000000000000001,-0.7082147002236578,false,true
79,55,2.95,0.6000000000000001,-0.7082147002220154,false,true
80,55,3.0,0.6000000000000001,-0.7042840225590884,false,true
81,55,3.05,0.6000000000000001,-0.7019814848915353,false,true
82,55,3.1000000000000005,0.6000000000000001,-0.7019814848899841,false,true
83,55,3.1500000000000004,0.6000000000000001,-0.7029053568840027,false,true
84,55,3.2,0.6000000000000001,-0.7038292288780212,false,true
85,55,3.25,0.6000000000000001,-0.7077325057613949,false,true
86,55,3.3,0.6000000000000001,-0.7100189924232599,false,true
87,55,3.3500000000000005,0.6000000000000001,-0.7100189924237912,false,true
0,56,-1.0,0.6500000000000004,-0.8263274133205414,false,true
1,56,-0.95,0.6500000000000004,-0.7240762365274159,false,true
2,56,-0.9,0.6500000000000004,-0.6642063173556179,false,true
3,56,-0.85,0.6500000000000004,-0.6640360219983561,false,true
4,56,-0.8,0.6500000000000004,-0.6638673536011891,false,true
5,56,-0.75,0.6500000000000004,-0.6639081347721761,false,true
6,56,-0.7,0.6500000000000004,-0.663955222730472,false,true
7,56,-0.6499999999999999,0.6500000000000004,-0.6639781896370204,false,true
8,56,-0.6,0.6500000000000004,-0.6640890836715698,false,true
9,56,-0.55,0.6500000000000004,-0.6683405144373882,false,true
10,56,-0.5,0.6500000000000004,-0.6707345838987159,false,true
11,56,-0.44999999999999996,0.6500000000000004,-0.6736509256414505,false,true
12,56,-0.3999999999999999,0.6500000000000004,-0.6751844882965088,true,false
13,56,-0.35,0.6500000000000004,-0.6758763790130615,true,false
14,56,-0.29999999999999993,0.6500000000000004,-0.6729021072387695,true,false
15,56,-0.25,0.6500000000000004,-0.6720786392688751,true,false
16,56,-0.19999999999999996,0.6500000000000004,-0.6723661422729492,true,false
17,56,-0.1499999999999999,0.6500000000000004,-0.676818311214447,true,false
18,56,-0.09999999999999998,0.6500000000000004,-0.6793180108070374,true,false
19,56,-0.04999999999999993,0.6500000000000004,-0.6813769340515137,true,false
20,56,0.0,0.6500000000000004,-0.6860266923904419,true,false
21,56,0.050000000000000044,0.6500000000000004,-0.6883581876754761,true,false
22,56,0.10000000000000009,0.6500000000000004,-0.6891684830188751,true,false
23,56,0.15000000000000013,0.6500000000000004,-0.6948567926883698,true,false
24,56,0.20000000000000018,0.6500000000000004,-0.7034583687782288,true,false
25,56,0.25,0.6500000000000004,-0.7093179821968079,true,false
26,56,0.30000000000000004,0.6500000000000004,-0.7093179821968079,true,false
27,56,0.3500000000000001,0.6500000000000004,-0.7076255012223538,false,true
28,56,0.40000000000000013,0.6500000000000004,-0.7121544689738405,false,true
29,56,0.4500000000000002,0.6500000000000004,-0.7146366697195023,false,true
30,56,0.5,0.6500000000000004,-0.7164175823983333,false,true
31,56,0.55,0.6500000000000004,-0.728096281613134,false,true
32,56,0.6000000000000001,0.6500000000000004,-0.748117983341217,false,true
33,56,0.6500000000000001,0.6500000000000004,-0.7447672524395741,false,true
34,56,0.7000000000000002,0.6500000000000004,-0.7414138317108154,false,true
35,56,0.75,0.6500000000000004,-0.7414138317108154,false,true
36,56,0.8,0.6500000000000004,-0.7414141857912886,false,true
37,56,0.8500000000000001,0.6500000000000004,-0.74263012118776,false,true
38,56,0.9000000000000001,0.6500000000000004,-0.7447055280208588,false,true
39,56,0.9500000000000002,0.6500000000000004,-0.731573039617017,false,true
40,56,1.0,0.6500000000000004,-0.723864646587557,false,true
41,56,1.0500000000000003,0.6500000000000004,-0.7238580437021582,false,true
42,56,1.1,0.6500000000000004,-0.7238552272319794,false,true
43,56,1.15,0.6500000000000004,-0.7322506824408793,false,true
44,56,1.2000000000000002,0.6500000000000004,-0.7371691786225938,false,true
45,56,1.25,0.6500000000000004,-0.7371694084194029,false,true
46,56,1.3000000000000003,0.6500000000000004,-0.7371695041656493,false,true
47,56,1.35,0.6500000000000004,-0.7380651832375172,false,true
48,56,1.4000000000000004,0.6500000000000004,-0.7389608621597289,false,true
49,56,1.4500000000000002,0.6500000000000004,-0.7380231172143721,false,true
50,56,1.5,0.6500000000000004,-0.737085372209549,false,true
51,56,1.5500000000000003,0.6500000000000004,-0.7361463457525239,false,true
52,56,1.6,0.6500000000000004,-0.7352073192596436,false,true
53,56,1.6500000000000004,0.6500000000000004,-0.7316752252883516,false,true
54,56,1.7000000000000002,0.6500000000000004,-0.7296061609282154,false,true
55,56,1.75,0.6500000000000004,-0.7296061515808105,false,true
56,56,1.8000000000000003,0.6500000000000004,-0.7253711521649554,false,true
57,56,1.85,0.6500000000000004,-0.7211361527442932,false,true
58,56,1.9000000000000004,0.6500000000000004,-0.7197411656383016,false,true
59,56,1.9500000000000002,0.6500000000000004,-0.7183461785316466,false,true
60,56,2.0,0.6500000000000004,-0.7140098636116616,false,true
61,56,2.0500000000000003,0.6500000000000004,-0.711469709547266,false,true
62,56,2.1,0.6500000000000004,-0.7114697098731995,false,true
63,56,2.1500000000000004,0.6500000000000004,-0.7128379344940228,false,true
64,56,2.2,0.6500000000000004,-0.7142061591148376,false,true
65,56,2.25,0.6500000000000004,-0.7171030640602167,false,true
66,56,2.3000000000000003,0.6500000000000004,-0.7199999690055847,false,true
67,56,2.35,0.6500000000000004,-0.7264511801842115,false,true
68,56,2.4000000000000004,0.6500000000000004,-0.7302302122069577,false,true
69,56,2.45,0.6500000000000004,-0.7302302122102574,false,true
70,56,2.5,0.6500000000000004,-0.7302302122116089,false,true
71,56,2.5500000000000003,0.6500000000000004,-0.7302302122031867,false,true
72,56,2.6,0.6500000000000004,-0.7251150906132962,false,true
73,56,2.6500000000000004,0.6500000000000004,-0.7199999690137726,false,true
74,56,2.7,0.6500000000000004,-0.7199999690055847,false,true
75,56,2.75,0.6500000000000004,-0.718355268239975,false,true
76,56,2.8000000000000003,0.6500000000000004,-0.7167105674743652,false,true
77,56,2.85,0.6500000000000004,-0.7113530571284084,false,true
78,56,2.9000000000000004,0.6500000000000004,-0.7082147002243376,false,true
79,56,2.95,0.6500000000000004,-0.7082147002226957,false,true
80,56,3.0,0.6500000000000004,-0.7082147002220154,false,true
81,56,3.05,0.6500000000000004,-0.7042840225578034,false,true
82,56,3.1000000000000005,0.6500000000000004,-0.7019814848906266,false,true
83,56,3.1500000000000004,0.6500000000000004,-0.7019814848899841,false,true
84,56,3.2,0.6500000000000004,-0.7029053568840027,false,true
85,56,3.25,0.6500000000000004,-0.7038292288780212,false,true
86,56,3.3,0.6500000000000004,-0.707732505762146,false,true
87,56,3.3500000000000005,0.6500000000000004,-0.710018992423571,false,true
0,57,-1.0,0.7000000000000002,-0.7081422065388426,false,true
1,57,-0.95,0.7000000000000002,-0.6635990313833675,false,true
2,57,-0.9,0.7000000000000002,-0.6635539071896709,false,true
3,57,-0.85,0.7000000000000002,-0.6635383688425938,false,true
4,57,-0.8,0.7000000000000002,-0.6635889303947538,false,true
5,57,-0.75,0.7000000000000002,-0.6636461836159768,false,true
6,57,-0.7,0.7000000000000002,-0.6637065272566326,false,true
7,57,-0.6499999999999999,0.7000000000000002,-0.6637888816786478,false,true
8,57,-0.6,0.7000000000000002,-0.6638213617893742,false,true
9,57,-0.55,0.7000000000000002,-0.6640890836715698,false,true
10,57,-0.5,0.7000000000000002,-0.6639516296592091,false,true
11,57,-0.44999999999999996,0.7000000000000002,-0.6614508110484723,false,true
12,57,-0.3999999999999999,0.7000000000000002,-0.669391393661499,true,false
13,57,-0.35,0.7000000000000002,-0.5593180060386658,true,false
14,57,-0.29999999999999993,0.7000000000000002,-0.6706692576408386,true,false
15,57,-0.25,0.7000000000000002,-0.6705082058906555,true,false
16,57,-0.19999999999999996,0.7000000000000002,-0.6715697944164276,true,false
17,57,-0.1499999999999999,0.7000000000000002,-0.6729769110679626,true,false
18,57,-0.09999999999999998,0.7000000000000002,-0.6741445064544678,true,false
19,57,-0.04999999999999993,0.7000000000000002,-0.6776306629180908,true,false
20,57,0.0,0.7000000000000002,-0.6793180108070374,true,false
21,57,0.050000000000000044,0.7000000000000002,-0.6804252862930298,true,false
22,57,0.10000000000000009,0.7000000000000002,-0.6851887702941895,true,false
23,57,0.15000000000000013,0.7000000000000002,-0.6888440251350403,true,false
24,57,0.20000000000000018,0.7000000000000002,-0.7093179821968079,true,false
25,57,0.25,0.7000000000000002,-0.6493179798126221,true,false
26,57,0.30000000000000004,0.7000000000000002,-0.6735394597053528,true,false
27,57,0.3500000000000001,0.7000000000000002,-0.700182658016618,false,true
28,57,0.40000000000000013,0.7000000000000002,-0.7061325747845341,false,true
29,57,0.4500000000000002,0.7000000000000002,-0.7097358655020315,false,true
30,57,0.5,0.7000000000000002,-0.7115617623166699,false,true
31,57,0.55,0.7000000000000002,-0.7125625264756826,false,true
32,57,0.6000000000000001,0.7000000000000002,-0.7255182282292866,false,true
33,57,0.6500000000000001,0.7000000000000002,-0.748117983341217,false,true
34,57,0.7000000000000002,0.7000000000000002,-0.744766258822649,false,true
35,57,0.75,0.7000000000000002,-0.7414138317108154,false,true
36,57,0.8,0.7000000000000002,-0.7414138317108154,false,true
37,57,0.8500000000000001,0.7000000000000002,-0.7414139354185849,false,true
38,57,0.9000000000000001,0.7000000000000002,-0.742629879412284,false,true
39,57,0.9500000000000002,0.7000000000000002,-0.7447055280208588,false,true
40,57,1.0,0.7000000000000002,-0.7315638923995771,false,true
41,57,1.0500000000000003,0.7000000000000002,-0.7238591527174997,false,true
42,57,1.1,0.7000000000000002,-0.7238563938521254,false,true
43,57,1.15,0.7000000000000002,-0.7238552272319794,false,true
44,57,1.2000000000000002,0.7000000000000002,-0.7322510062246751,false,true
45,57,1.25,0.7000000000000002,-0.7371693691569021,false,true
46,57,1.3000000000000003,0.7000000000000002,-0.7371694645062555,false,true
47,57,1.35,0.7000000000000002,-0.7371695041656493,false,true
48,57,1.4000000000000004,0.7000000000000002,-0.7380651831822345,false,true
49,57,1.4500000000000002,0.7000000000000002,-0.7389608621597289,false,true
50,57,1.5,0.7000000000000002,-0.7380231171924053,false,true
51,57,1.5500000000000003,0.7000000000000002,-0.737085372209549,false,true
52,57,1.6,0.7000000000000002,-0.7361463457392791,false,true
53,57,1.6500000000000004,0.7000000000000002,-0.7352073192596436,false,true
54,57,1.7000000000000002,0.7000000000000002,-0.7316752175447758,false,true
55,57,1.75,0.7000000000000002,-0.7296061554526324,false,true
56,57,1.8000000000000003,0.7000000000000002,-0.7296061515808105,false,true
57,57,1.85,0.7000000000000002,-0.7253711521631797,false,true
58,57,1.9000000000000004,0.7000000000000002,-0.7211361527442932,false,true
59,57,1.9500000000000002,0.7000000000000002,-0.7197411656380566,false,true
60,57,2.0,0.7000000000000002,-0.7183461785316466,false,true
61,57,2.0500000000000003,0.7000000000000002,-0.7140098638816701,false,true
62,57,2.1,0.7000000000000002,-0.7114697097381935,false,true
63,57,2.1500000000000004,0.7000000000000002,-0.7114697098731995,false,true
64,57,2.2,0.7000000000000002,-0.7128379344940197,false,true
65,57,2.25,0.7000000000000002,-0.7142061591148376,false,true
66,57,2.3000000000000003,0.7000000000000002,-0.7171030640602126,false,true
67,57,2.35,0.7000000000000002,-0.7199999690055847,false,true
68,57,2.4000000000000004,0.7000000000000002,-0.7264511801889146,false,true
69,57,2.45,0.7000000000000002,-0.7302302122096868,false,true
70,57,2.5,0.7000000000000002,-0.730230212211049,false,true
71,57,2.5500000000000003,0.7000000000000002,-0.7302302122116089,false,true
72,57,2.6,0.7000000000000002,-0.7302302122081203,false,true
73,57,2.6500000000000004,0.7000000000000002,-0.7251150906105435,false,true
74,57,2.7,0.7000000000000002,-0.7199999690089762,false,true
75,57,2.75,0.7000000000000002,-0.7199999690055847,false,true
76,57,2.8000000000000003,0.7000000000000002,-0.718355268239975,false,true
77,57,2.85,0.7000000000000002,-0.7167105674743652,false,true
78,57,2.9000000000000004,0.7000000000000002,-0.7113530571260865,false,true
79,57,2.95,0.7000000000000002,-0.7082147002229773,false,true
80,57,3.0,0.7000000000000002,-0.7082147002222972,false,true
81,57,3.05,0.7000000000000002,-0.7082147002220154,false,true
82,57,3.1000000000000005,0.7000000000000002,-0.7042840225572712,false,true
83,57,3.1500000000000004,0.7000000000000002,-0.7019814848902503,false,true
84,57,3.2,0.7000000000000002,-0.7019814848899841,false,true
85,57,3.25,0.7000000000000002,-0.7029053568840027,false,true
86,57,3.3,0.7000000000000002,-0.7038292288780212,false,true
87,57,3.3500000000000005,0.7000000000000002,-0.7071352665863825,false,true
0,58,-1.0,0.7500000000000004,-0.6567347049713135,false,true
1,58,-0.95,0.7500000000000004,-0.6607638025882716,false,true
2,58,-0.9,0.7500000000000004,-0.6630555606578342,false,true
3,58,-0.85,0.7500000000000004,-0.663093766922159,false,true
4,58,-0.8,0.7500000000000004,-0.663137879251199,false,true
5,58,-0.75,0.7500000000000004,-0.6631887577353881,false,true
6,58,-0.7,0.7500000000000004,-0.6632518057064631,false,true
7,58,-0.6499999999999999,0.7500000000000004,-0.6633183981357096,false,true
8,58,-0.6,0.7500000000000004,-0.6634427458726293,false,true
9,58,-0.55,0.7500000000000004,-0.6634427458726293,false,true
10,58,-0.5,0.7500000000000004,-0.6640890836715698,false,true
11,58,-0.44999999999999996,0.7500000000000004,-0.6575946359448233,false,true
12,58,-0.3999999999999999,0.7500000000000004,-0.6364874541759491,true,false
13,58,-0.35,0.7500000000000004,-0.6197219491004944,true,false
14,58,-0.29999999999999993,0.7500000000000004,-0.6670405864715576,true,false
15,58,-0.25,0.7500000000000004,-0.6671844124794006,true,false
16,58,-0.19999999999999996,0.7500000000000004,-0.6701598465442657,true,false
17,58,-0.1499999999999999,0.7500000000000004,-0.6730944812297821,true,false
18,58,-0.09999999999999998,0.7500000000000004,-0.6739489734172821,true,false
19,58,-0.04999999999999993,0.7500000000000004,-0.6739277243614197,true,false
20,58,0.0,0.7500000000000004,-0.6749259233474731,true,false
21,58,0.050000000000000044,0.7500000000000004,-0.6772193312644958,true,false
22,58,0.10000000000000009,0.7500000000000004,-0.6793180108070374,true,false
23,58,0.15000000000000013,0.7500000000000004,-0.6793180108070374,true,false
24,58,0.20000000000000018,0.7500000000000004,-0.6793180108070374,true,false
25,58,0.25,0.7500000000000004,-0.6793180108070374,true,false
26,58,0.30000000000000004,0.7500000000000004,-0.7287265062332153,true,false
27,58,0.3500000000000001,0.7500000000000004,-0.7130541013348924,false,true
28,58,0.40000000000000013,0.7500000000000004,-0.7124130846320805,false,true
29,58,0.4500000000000002,0.7500000000000004,-0.7110690629525925,false,true
30,58,0.5,0.7500000000000004,-0.7101227647994447,false,true
31,58,0.55,0.7500000000000004,-0.7093014237898434,false,true
32,58,0.6000000000000001,0.7500000000000004,-0.7086165786688247,false,true
33,58,0.6500000000000001,0.7500000000000004,-0.7223618900653928,false,true
34,58,0.7000000000000002,0.7500000000000004,-0.748117983341217,false,true
35,58,0.75,0.7500000000000004,-0.7384263809964688,false,true
36,58,0.8,0.7500000000000004,-0.7414138317108154,false,true
37,58,0.8500000000000001,0.7500000000000004,-0.7414138317108154,false,true
38,58,0.9000000000000001,0.7500000000000004,-0.7370494828511787,false,true
39,58,0.9500000000000002,0.7500000000000004,-0.7382654178966377,false,true
40,58,1.0,0.7500000000000004,-0.7447055280208588,false,true
41,58,1.0500000000000003,0.7500000000000004,-0.7315600471364017,false,true
42,58,1.1,0.7500000000000004,-0.7238568602099555,false,true
43,58,1.15,0.7500000000000004,-0.7238557104618659,false,true
44,58,1.2000000000000002,0.7500000000000004,-0.7238552272319794,false,true
45,58,1.25,0.7500000000000004,-0.7322511407046692,false,true
46,58,1.3000000000000003,0.7500000000000004,-0.737169448195044,false,true
47,58,1.35,0.7500000000000004,-0.7371694877381906,false,true
48,58,1.4000000000000004,0.7500000000000004,-0.7371695041656493,false,true
49,58,1.4500000000000002,0.7500000000000004,-0.7380651831677943,false,true
50,58,1.5,0.7500000000000004,-0.7389608621597289,false,true
51,58,1.5500000000000003,0.7500000000000004,-0.7380231171866676,false,true
52,58,1.6,0.7500000000000004,-0.737085372209549,false,true
53,58,1.6500000000000004,0.7500000000000004,-0.7361463457358195,false,true
54,58,1.7000000000000002,0.7500000000000004,-0.7352073192596436,false,true
55,58,1.75,0.7500000000000004,-0.7316752143372677,false,true
56,58,1.8000000000000003,0.7500000000000004,-0.7296061531845718,false,true
57,58,1.85,0.7500000000000004,-0.7296061515808105,false,true
58,58,1.9000000000000004,0.7500000000000004,-0.7253711521627159,false,true
59,58,1.9500000000000002,0.7500000000000004,-0.7211361527442932,false,true
60,58,2.0,0.7500000000000004,-0.7197411656379925,false,true
61,58,2.0500000000000003,0.7500000000000004,-0.7183461785316466,false,true
62,58,2.1,0.7500000000000004,-0.7140098639935121,false,true
63,58,2.1500000000000004,0.7500000000000004,-0.7114697098172782,false,true
64,58,2.2,0.7500000000000004,-0.7114697098731995,false,true
65,58,2.25,0.7500000000000004,-0.7128379344940188,false,true
66,58,2.3000000000000003,0.7500000000000004,-0.7142061591148376,false,true
67,58,2.35,0.7500000000000004,-0.7171030640602115,false,true
68,58,2.4000000000000004,0.7500000000000004,-0.7199999690055847,false,true
69,58,2.45,0.7500000000000004,-0.7264511801908521,false,true
70,58,2.5,0.7500000000000004,-0.730230212210814,false,true
71,58,2.5500000000000003,0.7500000000000004,-0.7302302122113771,false,true
72,58,2.6,0.7500000000000004,-0.7302302122116089,false,true
73,58,2.6500000000000004,0.7500000000000004,-0.7302302122101638,false,true
74,58,2.7,0.7500000000000004,-0.7251150906094032,false,true
75,58,2.75,0.7500000000000004,-0.7199999690069895,false,true
76,58,2.8000000000000003,0.7500000000000004,-0.7199999690055847,false,true
77,58,2.85,0.7500000000000004,-0.718355268239975,false,true
78,58,2.9000000000000004,0.7500000000000004,-0.7167105674743652,false,true
79,58,2.95,0.7500000000000004,-0.7113530571251249,false,true
80,58,3.0,0.7500000000000004,-0.7082147002224138,false,true
81,58,3.05,0.7500000000000004,-0.7082147002221321,false,true
82,58,3.1000000000000005,0.7500000000000004,-0.7082147002220154,false,true
83,58,3.1500000000000004,0.7500000000000004,-0.7042840225570506,false,true
84,58,3.2,0.7500000000000004,-0.7019814848900944,false,true
85,58,3.25,0.7500000000000004,-0.7019814848899841,false,true
86,58,3.3,0.7500000000000004,-0.7029053568840027,false,true
87,58,3.3500000000000005,0.7500000000000004,-0.7038292288780212,false,true
0,59,-1.0,0.8000000000000003,-0.6567336022764989,false,true
1,59,-0.95,0.8000000000000003,-0.6567347049713135,false,true
2,59,-0.9,0.8000000000000003,-0.6604306671372459,false,true
3,59,-0.85,0.8000000000000003,-0.6625187206558991,false,true
4,59,-0.8,0.8000000000000003,-0.6625362191955683,false,true
5,59,-0.75,0.8000000000000003,-0.662557621844048,false,true
6,59,-0.7,0.8000000000000003,-0.6625818249183694,false,true
7,59,-0.6499999999999999,0.8000000000000003,-0.6626205538176865,false,true
8,59,-0.6,0.8000000000000003,-0.6626395802260426,false,true
9,59,-0.55,0.8000000000000003,-0.6627964080736887,false,true
10,59,-0.5,0.8000000000000003,-0.6625286861914931,false,true
11,59,-0.44999999999999996,0.8000000000000003,-0.6640890836715698,true,false
12,59,-0.3999999999999999,0.8000000000000003,-0.6664634048938751,true,false
13,59,-0.35,0.8000000000000003,-0.6658808588981628,true,false
14,59,-0.29999999999999993,0.8000000000000003,-0.6640132069587708,true,false
15,59,-0.25,0.8000000000000003,-0.666366696357727,true,false
16,59,-0.19999999999999996,0.8000000000000003,-0.6700325310230255,true,false
17,59,-0.1499999999999999,0.8000000000000003,-0.6727408766746521,true,false
18,59,-0.09999999999999998,0.8000000000000003,-0.6739161014556885,true,false
19,59,-0.04999999999999993,0.8000000000000003,-0.671525239944458,true,false
20,59,0.0,0.8000000000000003,-0.6731166839599609,true,false
21,59,0.050000000000000044,0.8000000000000003,-0.6743580102920532,true,false
22,59,0.10000000000000009,0.8000000000000003,-0.6768365502357483,true,false
23,59,0.15000000000000013,0.8000000000000003,-0.6767910122871399,true,false
24,59,0.20000000000000018,0.8000000000000003,-0.6793180108070374,true,false
25,59,0.25,0.8000000000000003,-0.6940968036651611,true,false
26,59,0.30000000000000004,0.8000000000000003,-0.7304046154022217,true,false
27,59,0.3500000000000001,0.8000000000000003,-0.7237369767327188,false,true
28,59,0.40000000000000013,0.8000000000000003,-0.7141048174333955,false,true
29,59,0.4500000000000002,0.8000000000000003,-0.7091713964146272,false,true
30,59,0.5,0.8000000000000003,-0.7058795336679057,false,true
31,59,0.55,0.8000000000000003,-0.7037021136036969,false,true
32,59,0.6000000000000001,0.8000000000000003,-0.7022197412731501,false,true
33,59,0.6500000000000001,0.8000000000000003,-0.7069001027139766,false,true
34,59,0.7000000000000002,0.8000000000000003,-0.7141556143760681,false,true
35,59,0.75,0.8000000000000003,-0.7241017255105746,false,true
36,59,0.8,0.8000000000000003,-0.725744670673687,false,true
37,59,0.8500000000000001,0.8000000000000003,-0.7265129089355468,false,true
38,59,0.9000000000000001,0.8000000000000003,-0.7265128571323942,false,true
39,59,0.9500000000000002,0.8000000000000003,-0.7265128222816356,false,true
40,59,1.0,0.8000000000000003,-0.7324675292534092,false,true
41,59,1.0500000000000003,0.8000000000000003,-0.7447055280208588,false,true
42,59,1.1,0.8000000000000003,-0.731558437761652,false,true
43,59,1.15,0.8000000000000003,-0.7238559056805277,false,true
44,59,1.2000000000000002,0.8000000000000003,-0.7238554273923521,false,true
45,59,1.25,0.8000000000000003,-0.7238552272319794,false,true
46,59,1.3000000000000003,0.8000000000000003,-0.732251196517615,false,true
47,59,1.35,0.8000000000000003,-0.7371694809677625,false,true
48,59,1.4000000000000004,0.8000000000000003,-0.7371694973611731,false,true
49,59,1.4500000000000002,0.8000000000000003,-0.7371695041656493,false,true
50,59,1.5,0.8000000000000003,-0.7380651831640227,false,true
51,59,1.5500000000000003,0.8000000000000003,-0.7389608621597289,false,true
52,59,1.6,0.8000000000000003,-0.7380231171851688,false,true
53,59,1.6500000000000004,0.8000000000000003,-0.737085372209549,false,true
54,59,1.7000000000000002,0.8000000000000003,-0.7361463457349158,false,true
55,59,1.75,0.8000000000000003,-0.7352073192596436,false,true
56,59,1.8000000000000003,0.8000000000000003,-0.7316752130086713,false,true
57,59,1.85,0.8000000000000003,-0.7296061522451103,false,true
58,59,1.9000000000000004,0.8000000000000003,-0.7296061515808105,false,true
59,59,1.9500000000000002,0.8000000000000003,-0.7253711521625947,false,true
60,59,2.0,0.8000000000000003,-0.7211361527442932,false,true
61,59,2.0500000000000003,0.8000000000000003,-0.7197411656379759,false,true
62,59,2.1,0.8000000000000003,-0.7183461785316466,false,true
63,59,2.1500000000000004,0.8000000000000003,-0.7140098640398387,false,true
64,59,2.2,0.8000000000000003,-0.711469709850036,false,true
65,59,2.25,0.8000000000000003,-0.7114697098731995,false,true
66,59,2.3000000000000003,0.8000000000000003,-0.7128379344940187,false,true
67,59,2.35,0.8000000000000003,-0.7142061591148376,false,true
68,59,2.4000000000000004,0.8000000000000003,-0.7171030640602113,false,true
69,59,2.45,0.8000000000000003,-0.7199999690055847,false,true
70,59,2.5,0.8000000000000003,-0.7264511801916513,false,true
71,59,2.5500000000000003,0.8000000000000003,-0.73023021221128,false,true
72,59,2.6,0.8000000000000003,-0.7302302122115129,false,true
73,59,2.6500000000000004,0.8000000000000003,-0.7302302122116089,false,true
74,59,2.7,0.8000000000000003,-0.7302302122110103,false,true
75,59,2.75,0.8000000000000003,-0.7251150906089308,false,true
76,59,2.8000000000000003,0.8000000000000003,-0.7199999690061666,false,true
77,59,2.85,0.8000000000000003,-0.7199999690055847,false,true
78,59,2.9000000000000004,0.8000000000000003,-0.718355268239975,false,true
79,59,2.95,0.8000000000000003,-0.7167105674743652,false,true
80,59,3.0,0.8000000000000003,-0.7113530571247264,false,true
81,59,3.05,0.8000000000000003,-0.7082147002221805,false,true
82,59,3.1000000000000005,0.8000000000000003,-0.7082147002220637,false,true
83,59,3.1500000000000004,0.8000000000000003,-0.7082147002220154,false,true
84,59,3.2,0.8000000000000003,-0.7042840225569593,false,true
85,59,3.25,0.8000000000000003,-0.7019814848900298,false,true
86,59,3.3,0.8000000000000003,-0.7019814848899841,false,true
87,59,3.3500000000000005,0.8000000000000003,-0.7029053568840027,false,true
0,60,-1.0,0.8500000000000001,-0.6567310233276218,false,true
1,60,-0.95,0.8500000000000001,-0.656732042830537,false,true
2,60,-0.9,0.8500000000000001,-0.6567347049713135,false,true
3,60,-0.85,0.8500000000000001,-0.6600414935683714,false,true
4,60,-0.8,0.8500000000000001,-0.6618748153884774,false,true
5,60,-0.75,0.8500000000000001,-0.6618534127399976,false,true
6,60,-0.7,0.8500000000000001,-0.6618292096656764,false,true
7,60,-0.6499999999999999,0.8500000000000001,-0.6617904807663593,false,true
8,60,-0.6,0.8500000000000001,-0.6617714543580031,false,true
9,60,-0.55,0.8500000000000001,-0.661614626510357,false,true
10,60,-0.5,0.8500000000000001,-0.6618823483925524,false,true
11,60,-0.44999999999999996,0.8500000000000001,-0.6603219509124756,true,false
12,60,-0.3999999999999999,0.8500000000000001,-0.6613264083862305,true,false
13,60,-0.35,0.8500000000000001,-0.660327672958374,true,false
14,60,-0.29999999999999993,0.8500000000000001,-0.6639605760574341,true,false
15,60,-0.25,0.8500000000000001,-0.6683570444583893,true,false
16,60,-0.19999999999999996,0.8500000000000001,-0.6716816127300262,true,false
17,60,-0.1499999999999999,0.8500000000000001,-0.6708710193634033,true,false
18,60,-0.09999999999999998,0.8500000000000001,-0.6682162284851074,true,false
19,60,-0.04999999999999993,0.8500000000000001,-0.6674638986587524,true,false
20,60,0.0,0.8500000000000001,-0.6702213883399963,true,false
21,60,0.050000000000000044,0.8500000000000001,-0.6731680631637573,true,false
22,60,0.10000000000000009,0.8500000000000001,-0.676332414150238,true,false
23,60,0.15000000000000013,0.8500000000000001,-0.6773300766944885,true,false
24,60,0.20000000000000018,0.8500000000000001,-0.6793180108070374,true,false
25,60,0.25,0.8500000000000001,-0.6892108917236328,true,false
26,60,0.30000000000000004,0.8500000000000001,-0.7093179821968079,true,false
27,60,0.3500000000000001,0.8500000000000001,-0.7015336032158577,false,true
28,60,0.40000000000000013,0.8500000000000001,-0.6989527972835355,false,true
29,60,0.4500000000000002,0.8500000000000001,-0.6960346074413343,false,true
30,60,0.5,0.8500000000000001,-0.694202125422162,false,true
31,60,0.55,0.8500000000000001,-0.693041667702111,false,true
32,60,0.6000000000000001,0.8500000000000001,-0.7015418143910678,false,true
33,60,0.6500000000000001,0.8500000000000001,-0.7141556143760681,false,true
34,60,0.7000000000000002,0.8500000000000001,-0.7141513929392213,false,true
35,60,0.75,0.8500000000000001,-0.7132135297447015,false,true
36,60,0.8,0.8500000000000001,-0.7116119861602783,false,true
37,60,0.8500000000000001,0.8500000000000001,-0.7116118092932522,false,true
38,60,0.9000000000000001,0.8500000000000001,-0.7159761124256773,false,true
39,60,0.9500000000000002,0.8500000000000001,-0.717783724136388,false,true
40,60,1.0,0.8500000000000001,-0.7189066754936557,false,true
41,60,1.0500000000000003,0.8500000000000001,-0.7282442928827961,false,true
42,60,1.1,0.8500000000000001,-0.7447055280208588,false,true
43,60,1.15,0.8500000000000001,-0.7315577662484154,false,true
44,60,1.2000000000000002,0.8500000000000001,-0.7238555088540995,false,true
45,60,1.25,0.8500000000000001,-0.7238553101411205,false,true
46,60,1.3000000000000003,0.8500000000000001,-0.7238552272319794,false,true
47,60,1.35,0.8500000000000001,-0.7322512196687466,false,true
48,60,1.4000000000000004,0.8500000000000001,-0.7371694945526392,false,true
49,60,1.4500000000000002,0.8500000000000001,-0.7371695013471429,false,true
50,60,1.5,0.8500000000000001,-0.7371695041656493,false,true
51,60,1.5500000000000003,0.8500000000000001,-0.7380651831630374,false,true
52,60,1.6,0.8500000000000001,-0.7389608621597289,false,true
53,60,1.6500000000000004,0.8500000000000001,-0.7380231171847774,false,true
54,60,1.7000000000000002,0.8500000000000001,-0.737085372209549,false,true
55,60,1.75,0.8500000000000001,-0.7361463457346797,false,true
56,60,1.8000000000000003,0.8500000000000001,-0.7352073192596436,false,true
57,60,1.85,0.8500000000000001,-0.7316752124583481,false,true
58,60,1.9000000000000004,0.8500000000000001,-0.7296061518559724,false,true
59,60,1.9500000000000002,0.8500000000000001,-0.7296061515808105,false,true
60,60,2.0,0.8500000000000001,-0.7253711521625631,false,true
61,60,2.0500000000000003,0.8500000000000001,-0.7211361527442932,false,true
62,60,2.1,0.8500000000000001,-0.7197411656379715,false,true
63,60,2.1500000000000004,0.8500000000000001,-0.7183461785316466,false,true
64,60,2.2,0.8500000000000001,-0.7140098640590278,false,true
65,60,2.25,0.8500000000000001,-0.7114697098636047,false,true
66,60,2.3000000000000003,0.8500000000000001,-0.7114697098731995,false,true
67,60,2.35,0.8500000000000001,-0.7128379344940186,false,true
68,60,2.4000000000000004,0.8500000000000001,-0.7142061591148376,false,true
69,60,2.45,0.8500000000000001,-0.7171030640602112,false,true
70,60,2.5,0.8500000000000001,-0.7199999690055847,false,true
71,60,2.5500000000000003,0.8500000000000001,-0.7264511801919815,false,true
72,60,2.6,0.8500000000000001,-0.7302302122114729,false,true
73,60,2.6500000000000004,0.8500000000000001,-0.730230212211569,false,true
74,60,2.7,0.8500000000000001,-0.7302302122116089,false,true
75,60,2.75,0.8500000000000001,-0.7302302122113609,false,true
76,60,2.8000000000000003,0.8500000000000001,-0.7251150906087351,false,true
77,60,2.85,0.8500000000000001,-0.7199999690058256,false,true
78,60,2.9000000000000004,0.8500000000000001,-0.7199999690055847,false,true
79,60,2.95,0.8500000000000001,-0.718355268239975,false,true
80,60,3.0,0.8500000000000001,-0.7167105674743652,false,true
81,60,3.05,0.8500000000000001,-0.7113530571245613,false,true
82,60,3.1000000000000005,0.8500000000000001,-0.7082147002220837,false,true
83,60,3.1500000000000004,0.8500000000000001,-0.7082147002220354,false,true
84,60,3.2,0.8500000000000001,-0.7082147002220154,false,true
85,60,3.25,0.8500000000000001,-0.7042840225569216,false,true
86,60,3.3,0.8500000000000001,-0.701981484890003,false,true
87,60,3.3500000000000005,0.8500000000000001,-0.7019814848899841,false,true
0,61,-1.0,0.9000000000000004,-0.6567208158076336,false,true
1,61,-0.95,0.9000000000000004,-0.6567258998890804,false,true
2,61,-0.9,0.9000000000000004,-0.656728277994946,false,true
3,61,-0.85,0.9000000000000004,-0.6567347049713135,false,true
4,61,-0.8,0.9000000000000004,-0.6596305646408461,false,true
5,61,-0.75,0.9000000000000004,-0.6612222768486575,false,true
6,61,-0.7,0.9000000000000004,-0.6611592288775825,false,true
7,61,-0.6499999999999999,0.9000000000000004,-0.661092636448336,false,true
8,61,-0.6,0.9000000000000004,-0.6609682887114163,false,true
9,61,-0.55,0.9000000000000004,-0.6609682887114162,false,true
10,61,-0.5,0.9000000000000004,-0.6603219509124756,false,true
11,61,-0.44999999999999996,0.9000000000000004,-0.657752871028546,false,true
12,61,-0.3999999999999999,0.9000000000000004,-0.657145768404007,true,false
13,61,-0.35,0.9000000000000004,-0.6560184359550476,true,false
14,61,-0.29999999999999993,0.9000000000000004,-0.6619063317775726,true,false
15,61,-0.25,0.9000000000000004,-0.6677157282829285,true,false
16,61,-0.19999999999999996,0.9000000000000004,-0.6701815128326416,true,false
17,61,-0.1499999999999999,0.9000000000000004,-0.6691412329673767,true,false
18,61,-0.09999999999999998,0.9000000000000004,-0.6672879457473755,true,false
19,61,-0.04999999999999993,0.9000000000000004,-0.6666935086250305,true,false
20,61,0.0,0.9000000000000004,-0.6695428490638733,true,false
21,61,0.050000000000000044,0.9000000000000004,-0.6722309589385986,true,false
22,61,0.10000000000000009,0.9000000000000004,-0.6753964722156525,true,false
23,61,0.15000000000000013,0.9000000000000004,-0.6793180108070374,true,false
24,61,0.20000000000000018,0.9000000000000004,-0.6803875863552094,true,false
25,61,0.25,0.9000000000000004,-0.682328850030899,true,false
26,61,0.30000000000000004,0.9000000000000004,-0.6616538166999817,true,false
27,61,0.3500000000000001,0.9000000000000004,-0.6705188070830098,false,true
28,61,0.40000000000000013,0.9000000000000004,-0.6738374537968528,false,true
29,61,0.4500000000000002,0.9000000000000004,-0.6766413335053785,false,true
30,61,0.5,0.9000000000000004,-0.6785626666900596,false,true
31,61,0.55,0.9000000000000004,-0.6935639308962727,false,true
32,61,0.6000000000000001,0.9000000000000004,-0.7141556143760681,false,true
33,61,0.6500000000000001,0.9000000000000004,-0.7141454229259798,false,true
34,61,0.7000000000000002,0.9000000000000004,-0.713210030921817,false,true
35,61,0.75,0.9000000000000004,-0.7116119861602783,false,true
36,61,0.8,0.9000000000000004,-0.711611559165505,false,true
37,61,0.8500000000000001,0.9000000000000004,-0.7116113725959907,false,true
38,61,0.9000000000000001,0.9000000000000004,-0.7116109401371733,false,true
39,61,0.9500000000000002,0.9000000000000004,-0.7128886217450088,false,true
40,61,1.0,0.9000000000000004,-0.7139467396784954,false,true
41,61,1.0500000000000003,0.9000000000000004,-0.7148229051968141,false,true
42,61,1.1,0.9000000000000004,-0.7258616081075507,false,true
43,61,1.15,0.9000000000000004,-0.7447055280208588,false,true
44,61,1.2000000000000002,0.9000000000000004,-0.7315574866621755,false,true
45,61,1.25,0.9000000000000004,-0.7238553440592793,false,true
46,61,1.3000000000000003,0.9000000000000004,-0.72385526157407,false,true
47,61,1.35,0.9000000000000004,-0.7238552272319794,false,true
48,61,1.4000000000000004,0.9000000000000004,-0.7322512292679425,false,true
49,61,1.4500000000000002,0.9000000000000004,-0.7371695001826004,false,true
50,61,1.5,0.9000000000000004,-0.7371695029981856,false,true
51,61,1.5500000000000003,0.9000000000000004,-0.7371695041656493,false,true
52,61,1.6,0.9000000000000004,-0.73806518316278,false,true
53,61,1.6500000000000004,0.9000000000000004,-0.7389608621597289,false,true
54,61,1.7000000000000002,0.9000000000000004,-0.7380231171846751,false,true
55,61,1.75,0.9000000000000004,-0.737085372209549,false,true
56,61,1.8000000000000003,0.9000000000000004,-0.736146345734618,false,true
57,61,1.85,0.9000000000000004,-0.7352073192596436,false,true
58,61,1.9000000000000004,0.9000000000000004,-0.7316752122303968,false,true
59,61,1.9500000000000002,0.9000000000000004,-0.7296061516947864,false,true
60,61,2.0,0.9000000000000004,-0.7296061515808105,false,true
61,61,2.0500000000000003,0.9000000000000004,-0.7253711521625549,false,true
62,61,2.1,0.9000000000000004,-0.7211361527442932,false,true
63,61,2.1500000000000004,0.9000000000000004,-0.7197411656379703,false,true
64,61,2.2,0.9000000000000004,-0.7183461785316466,false,true
65,61,2.25,0.9000000000000004,-0.7140098640669761,false,true
66,61,2.3000000000000003,0.9000000000000004,-0.7114697098692251,false,true
67,61,2.35,0.9000000000000004,-0.7114697098731995,false,true
68,61,2.4000000000000004,0.9000000000000004,-0.7128379344940186,false,true
69,61,2.45,0.9000000000000004,-0.7142061591148376,false,true
70,61,2.5,0.9000000000000004,-0.7171030640602112,false,true
71,61,2.5500000000000003,0.9000000000000004,-0.7199999690055847,false,true
72,61,2.6,0.9000000000000004,-0.7264511801921181,false,true
73,61,2.6500000000000004,0.9000000000000004,-0.7302302122115525,false,true
74,61,2.7,0.9000000000000004,-0.7302302122115925,false,true
75,61,2.75,0.9000000000000004,-0.7302302122116089,false,true
76,61,2.8000000000000003,0.9000000000000004,-0.7302302122115061,false,true
77,61,2.85,0.9000000000000004,-0.7251150906086541,false,true
78,61,2.9000000000000004,0.9000000000000004,-0.7199999690056845,false,true
79,61,2.95,0.9000000000000004,-0.7199999690055847,false,true
80,61,3.0,0.9000000000000004,-0.718355268239975,false,true
81,61,3.05,0.9000000000000004,-0.7167105674743652,false,true
82,61,3.1000000000000005,0.9000000000000004,-0.7113530571244929,false,true
83,61,3.1500000000000004,0.9000000000000004,-0.7082147002220436,false,true
84,61,3.2,0.9000000000000004,-0.7082147002220236,false,true
85,61,3.25,0.9000000000000004,-0.7082147002220154,false,true
86,61,3.3,0.9000000000000004,-0.7042840225569058,false,true
87,61,3.3500000000000005,0.9000000000000004,-0.7019814848899919,false,true
0,62,-1.0,0.9500000000000002,-0.6566892396228732,false,true
1,62,-0.95,0.9500000000000002,-0.656702398807796,false,true
2,62,-0.9,0.9500000000000002,-0.6567137316572792,false,true
3,62,-0.85,0.9500000000000002,-0.6567191888778022,false,true
4,62,-0.8,0.9500000000000002,-0.6567347049713135,false,true
5,62,-0.75,0.9500000000000002,-0.6592520595693956,false,true
6,62,-0.7,0.9500000000000002,-0.6607045073274129,false,true
7,62,-0.6499999999999999,0.9500000000000002,-0.6606221529053976,false,true
8,62,-0.6,0.9500000000000002,-0.6605896727946713,false,true
9,62,-0.55,0.9500000000000002,-0.6603219509124756,false,true
10,62,-0.5,0.9500000000000002,-0.6544441293897884,false,true
11,62,-0.44999999999999996,0.9500000000000002,-0.6516805207314409,false,true
12,62,-0.3999999999999999,0.9500000000000002,-0.6514046788215637,true,false
13,62,-0.35,0.9500000000000002,-0.6524668633937836,true,false
14,62,-0.29999999999999993,0.9500000000000002,-0.6566382050514221,true,false
15,62,-0.25,0.9500000000000002,-0.662856251001358,true,false
16,62,-0.19999999999999996,0.9500000000000002,-0.6678763031959534,true,false
17,62,-0.1499999999999999,0.9500000000000002,-0.6689735651016235,true,false
18,62,-0.09999999999999998,0.9500000000000002,-0.6674147248268127,true,false
19,62,-0.04999999999999993,0.9500000000000002,-0.6669599413871765,true,false
20,62,0.0,0.9500000000000002,-0.6678203344345093,true,false
21,62,0.050000000000000044,0.9500000000000002,-0.6708426773548126,true,false
22,62,0.10000000000000009,0.9500000000000002,-0.6753807067871094,true,false
23,62,0.15000000000000013,0.9500000000000002,-0.6787684559822083,true,false
24,62,0.20000000000000018,0.9500000000000002,-0.6793180108070374,true,false
25,62,0.25,0.9500000000000002,-0.6701282262802124,true,false
26,62,0.30000000000000004,0.9500000000000002,-0.6442566215991974,true,false
27,62,0.3500000000000001,0.9500000000000002,-0.6508345795692896,false,true
28,62,0.40000000000000013,0.9500000000000002,-0.6582951544382816,false,true
29,62,0.4500000000000002,0.9500000000000002,-0.6638079013863988,false,true
30,62,0.5,0.9500000000000002,-0.6850196896143309,false,true
31,62,0.55,0.9500000000000002,-0.7141556143760681,false,true
32,62,0.6000000000000001,0.9500000000000002,-0.7141310100390444,false,true
33,62,0.6500000000000001,0.9500000000000002,-0.7132015799841906,false,true
34,62,0.7000000000000002,0.9500000000000002,-0.7116119861602783,false,true
35,62,0.75,0.9500000000000002,-0.7116109553037057,false,true
36,62,0.8,0.9500000000000002,-0.7116104951825657,false,true
37,62,0.8500000000000001,0.9500000000000002,-0.7116094593919698,false,true
38,62,0.9000000000000001,0.9500000000000002,-0.7116080457225358,false,true
39,62,0.9500000000000002,0.9500000000000002,-0.7116061599527299,false,true
40,62,1.0,0.9500000000000002,-0.7119782200588622,false,true
41,62,1.0500000000000003,0.9500000000000002,-0.7124406795900037,false,true
42,62,1.1,0.9500000000000002,-0.7129192530917975,false,true
43,62,1.15,0.9500000000000002,-0.724691915844049,false,true
44,62,1.2000000000000002,0.9500000000000002,-0.7447055280208588,false,true
45,62,1.25,0.9500000000000002,-0.7315573704321184,false,true
46,62,1.3000000000000003,0.9500000000000002,-0.723855275674863,false,true
47,62,1.35,0.9500000000000002,-0.7238552414569391,false,true
48,62,1.4000000000000004,0.9500000000000002,-0.7238552272319794,false,true
49,62,1.4500000000000002,0.9500000000000002,-0.7322512332469207,false,true
50,62,1.5,0.9500000000000002,-0.7371695025154621,false,true
51,62,1.5500000000000003,0.9500000000000002,-0.7371695036820699,false,true
52,62,1.6,0.9500000000000002,-0.7371695041656493,false,true
53,62,1.6500000000000004,0.9500000000000002,-0.738065183162713,false,true
54,62,1.7000000000000002,0.9500000000000002,-0.7389608621597289,false,true
55,62,1.75,0.9500000000000002,-0.7380231171846484,false,true
56,62,1.8000000000000003,0.9500000000000002,-0.737085372209549,false,true
57,62,1.85,0.9500000000000002,-0.7361463457346019,false,true
58,62,1.9000000000000004,0.9500000000000002,-0.7352073192596436,false,true
59,62,1.9500000000000002,0.9500000000000002,-0.7316752121359761,false,true
60,62,2.0,0.9500000000000002,-0.7296061516280209,false,true
61,62,2.0500000000000003,0.9500000000000002,-0.7296061515808105,false,true
62,62,2.1,0.9500000000000002,-0.7253711521625527,false,true
63,62,2.1500000000000004,0.9500000000000002,-0.7211361527442932,false,true
64,62,2.2,0.9500000000000002,-0.71974116563797,false,true
65,62,2.25,0.9500000000000002,-0.7183461785316466,false,true
66,62,2.3000000000000003,0.9500000000000002,-0.7140098640702685,false,true
67,62,2.35,0.9500000000000002,-0.7114697098715532,false,true
68,62,2.4000000000000004,0.9500000000000002,-0.7114697098731995,false,true
69,62,2.45,0.9500000000000002,-0.7128379344940186,false,true
70,62,2.5,0.9500000000000002,-0.7142061591148376,false,true
71,62,2.5500000000000003,0.9500000000000002,-0.7171030640602112,false,true
72,62,2.6,0.9500000000000002,-0.7199999690055847,false,true
73,62,2.6500000000000004,0.9500000000000002,-0.7264511801921745,false,true
74,62,2.7,0.9500000000000002,-0.7302302122115856,false,true
75,62,2.75,0.9500000000000002,-0.730230212211602,false,true
76,62,2.8000000000000003,0.9500000000000002,-0.7302302122116089,false,true
77,62,2.85,0.9500000000000002,-0.7302302122115663,false,true
78,62,2.9000000000000004,0.9500000000000002,-0.7251150906086206,false,true
79,62,2.95,0.9500000000000002,-0.7199999690056261,false,true
80,62,3.0,0.9500000000000002,-0.7199999690055847,false,true
81,62,3.05,0.9500000000000002,-0.718355268239975,false,true
82,62,3.1000000000000005,0.9500000000000002,-0.7167105674743652,false,true
83,62,3.1500000000000004,0.9500000000000002,-0.7113530571244646,false,true
84,62,3.2,0.9500000000000002,-0.708214700222027,false,true
85,62,3.25,0.9500000000000002,-0.7082147002220188,false,true
86,62,3.3,0.9500000000000002,-0.7082147002220154,false,true
87,62,3.3500000000000005,0.9500000000000002,-0.7048854543177476,false,true
0,63,-1.0,1.0000000000000004,-0.6566039875955373,false,true
1,63,-0.95,1.0000000000000004,-0.6566339694588785,false,true
2,63,-0.9,1.0000000000000004,-0.6566604925512067,false,true
3,63,-0.85,1.0000000000000004,-0.6566850406679685,false,true
4,63,-0.8,1.0000000000000004,-0.6566972458079235,false,true
5,63,-0.75,1.0000000000000004,-0.6567347049713135,false,true
6,63,-0.7,1.0000000000000004,-0.6588508959570921,false,true
7,63,-0.6499999999999999,1.0000000000000004,-0.6604328449470251,false,true
8,63,-0.6,1.0000000000000004,-0.6603219509124756,false,true
9,63,-0.55,1.0000000000000004,-0.6519743724567619,false,true
10,63,-0.5,1.0000000000000004,-0.6472558526472151,false,true
11,63,-0.44999999999999996,1.0000000000000004,-0.6467312256821648,false,true
12,63,-0.3999999999999999,1.0000000000000004,-0.646605372428894,true,false
13,63,-0.35,1.0000000000000004,-0.6493179798126221,true,false
14,63,-0.29999999999999993,1.0000000000000004,-0.6548824310302734,true,false
15,63,-0.25,1.0000000000000004,-0.6610686480998993,true,false
16,63,-0.19999999999999996,1.0000000000000004,-0.6665220856666565,true,false
17,63,-0.1499999999999999,1.0000000000000004,-0.6683681309223175,true,false
18,63,-0.09999999999999998,1.0000000000000004,-0.6662051677703857,true,false
19,63,-0.04999999999999993,1.0000000000000004,-0.664950042963028,true,false
20,63,0.0,1.0000000000000004,-0.6662414968013763,true,false
21,63,0.050000000000000044,1.0000000000000004,-0.6681507229804993,true,false
22,63,0.10000000000000009,1.0000000000000004,-0.6724569499492645,true,false
23,63,0.15000000000000013,1.0000000000000004,-0.6754003763198853,true,false
24,63,0.20000000000000018,1.0000000000000004,-0.6793180108070374,true,false
25,63,0.25,1.0000000000000004,-0.6793180108070374,true,false
26,63,0.30000000000000004,1.0000000000000004,-0.6493179798126221,true,false
27,63,0.3500000000000001,1.0000000000000004,-0.6566223479563819,false,true
28,63,0.40000000000000013,1.0000000000000004,-0.6615745504759029,false,true
29,63,0.4500000000000002,1.0000000000000004,-0.6821916243670799,false,true
30,63,0.5,1.0000000000000004,-0.7141556143760681,false,true
31,63,0.55,1.0000000000000004,-0.7140962142519323,false,true
32,63,0.6000000000000001,1.0000000000000004,-0.7131811581479026,false,true
33,63,0.6500000000000001,1.0000000000000004,-0.7116119861602783,false,true
34,63,0.7000000000000002,1.0000000000000004,-0.7116094974523596,false,true
35,63,0.75,1.0000000000000004,-0.7116083534952968,false,true
36,63,0.8,1.0000000000000004,-0.7116058947893266,false,true
37,63,0.8500000000000001,1.0000000000000004,-0.7116027196185942,false,true
38,63,0.9000000000000001,1.0000000000000004,-0.7115987128870513,false,true
39,63,0.9500000000000002,1.0000000000000004,-0.711593990820826,false,true
40,63,1.0,1.0000000000000004,-0.7115886360425011,false,true
41,63,1.0500000000000003,1.0000000000000004,-0.7116924061236096,false,true
42,63,1.1,1.0000000000000004,-0.7118677611375064,false,true
43,63,1.15,1.0000000000000004,-0.7120868381241041,false,true
44,63,1.2000000000000002,1.0000000000000004,-0.7131147417782051,false,true
45,63,1.25,1.0000000000000004,-0.7138080447912217,false,true
46,63,1.3000000000000003,1.0000000000000004,-0.7157138710497178,false,true
47,63,1.35,1.0000000000000004,-0.7238552473127426,false,true
48,63,1.4000000000000004,1.0000000000000004,-0.7238552331241506,false,true
49,63,1.4500000000000002,1.0000000000000004,-0.7238552272319794,false,true
50,63,1.5,1.0000000000000004,-0.7322512348959105,false,true
51,63,1.5500000000000003,1.0000000000000004,-0.7371695034820155,false,true
52,63,1.6,1.0000000000000004,-0.7371695039653442,false,true
53,63,1.6500000000000004,1.0000000000000004,-0.7371695041656493,false,true
54,63,1.7000000000000002,1.0000000000000004,-0.7380651831626953,false,true
55,63,1.75,1.0000000000000004,-0.7389608621597289,false,true
56,63,1.8000000000000003,1.0000000000000004,-0.7380231171846414,false,true
57,63,1.85,1.0000000000000004,-0.737085372209549,false,true
58,63,1.9000000000000004,1.0000000000000004,-0.7361463457345977,false,true
59,63,1.9500000000000002,1.0000000000000004,-0.7352073192596436,false,true
60,63,2.0,1.0000000000000004,-0.7316752120968657,false,true
61,63,2.0500000000000003,1.0000000000000004,-0.7296061516003657,false,true
62,63,2.1,1.0000000000000004,-0.7296061515808105,false,true
63,63,2.1500000000000004,1.0000000000000004,-0.7253711521625521,false,true
64,63,2.2,1.0000000000000004,-0.7211361527442932,false,true
65,63,2.25,1.0000000000000004,-0.71974116563797,false,true
66,63,2.3000000000000003,1.0000000000000004,-0.7183461785316466,false,true
67,63,2.35,1.0000000000000004,-0.7140098640716321,false,true
68,63,2.4000000000000004,1.0000000000000004,-0.7114697098725176,false,true
69,63,2.45,1.0000000000000004,-0.7114697098731995,false,true
70,63,2.5,1.0000000000000004,-0.7128379344940186,false,true
71,63,2.5500000000000003,1.0000000000000004,-0.7142061591148376,false,true
72,63,2.6,1.0000000000000004,-0.7171030640602112,false,true
73,63,2.6500000000000004,1.0000000000000004,-0.7199999690055847,false,true
74,63,2.7,1.0000000000000004,-0.7264511801921978,false,true
75,63,2.75,1.0000000000000004,-0.7302302122115992,false,true
76,63,2.8000000000000003,1.0000000000000004,-0.730230212211606,false,true
77,63,2.85,1.0000000000000004,-0.7302302122116089,false,true
78,63,2.9000000000000004,1.0000000000000004,-0.7302302122115911,false,true
79,63,2.95,1.0000000000000004,-0.7251150906086067,false,true
80,63,3.0,1.0000000000000004,-0.7199999690056019,false,true
81,63,3.05,1.0000000000000004,-0.7199999690055847,false,true
82,63,3.1000000000000005,1.0000000000000004,-0.718355268239975,false,true
83,63,3.1500000000000004,1.0000000000000004,-0.7167105674743652,false,true
84,63,3.2,1.0000000000000004,-0.7113530571244528,false,true
85,63,3.25,1.0000000000000004,-0.7082147002220203,false,true
86,63,3.3,1.0000000000000004,-0.7082147002220168,false,true
87,63,3.3500000000000005,1.0000000000000004,-0.7082147002220154,false,true
0,64,-1.0,1.0500000000000003,-0.6564093043634561,false,true
1,64,-0.95,1.0500000000000003,-0.6564631756255161,false,true
2,64,-0.9,1.0500000000000003,-0.6565166979435914,false,true
3,64,-0.85,1.0500000000000003,-0.6565670799449564,false,true
4,64,-0.8,1.0500000000000003,-0.6566181156901688,false,true
5,64,-0.75,1.0500000000000003,-0.6566442705510223,false,true
6,64,-0.7,1.0500000000000003,-0.6567347049713135,false,true
7,64,-0.6499999999999999,1.0500000000000003,-0.6578351712849011,false,true
8,64,-0.6,1.0500000000000003,-0.653704422177684,false,true
9,64,-0.55,1.0500000000000003,-0.6450991765041342,false,true
10,64,-0.5,1.0500000000000003,-0.6443723515676795,false,true
11,64,-0.44999999999999996,1.0500000000000003,-0.6435731191321501,false,true
12,64,-0.3999999999999999,1.0500000000000003,-0.6422357559204102,true,false
13,64,-0.35,1.0500000000000003,-0.6493179798126221,true,false
14,64,-0.29999999999999993,1.0500000000000003,-0.6554017066955566,true,false
15,64,-0.25,1.0500000000000003,-0.6630142629146576,true,false
16,64,-0.19999999999999996,1.0500000000000003,-0.6678540706634521,true,false
17,64,-0.1499999999999999,1.0500000000000003,-0.6689925491809845,true,false
18,64,-0.09999999999999998,1.0500000000000003,-0.6657454371452332,true,false
19,64,-0.04999999999999993,1.0500000000000003,-0.6637162566184998,true,false
20,64,0.0,1.0500000000000003,-0.6647993922233582,true,false
21,64,0.050000000000000044,1.0500000000000003,-0.6673566102981567,true,false
22,64,0.10000000000000009,1.0500000000000003,-0.6707529425621033,true,false
23,64,0.15000000000000013,1.0500000000000003,-0.6728183627128601,true,false
24,64,0.20000000000000018,1.0500000000000003,-0.6793180108070374,true,false
25,64,0.25,1.0500000000000003,-0.688337504863739,true,false
26,64,0.30000000000000004,1.0500000000000003,-0.6793180108070374,true,false
27,64,0.3500000000000001,1.0500000000000003,-0.679317993349241,false,true
28,64,0.40000000000000013,1.0500000000000003,-0.69004113163096,false,true
29,64,0.4500000000000002,1.0500000000000003,-0.7141556143760681,false,true
30,64,0.5,1.0500000000000003,-0.7140122097907726,false,true
31,64,0.55,1.0500000000000003,-0.7131317614736802,false,true
32,64,0.6000000000000001,1.0500000000000003,-0.7116119861602783,false,true
33,64,0.6500000000000001,1.0500000000000003,-0.7116059778878681,false,true
34,64,0.7000000000000002,1.0500000000000003,-0.7116031030307223,false,true
35,64,0.75,1.0500000000000003,-0.7115973571396181,false,true
36,64,0.8,1.0500000000000003,-0.7115904536851102,false,true
37,64,0.8500000000000001,1.0500000000000003,-0.711582300008044,false,true
38,64,0.9000000000000001,1.0500000000000003,-0.7115732579090174,false,true
39,64,0.9500000000000002,1.0500000000000003,-0.7115635393321417,false,true
40,64,1.0,1.0500000000000003,-0.7115533452444291,false,true
41,64,1.0500000000000003,1.0500000000000003,-0.7115428321238919,false,true
42,64,1.1,1.0500000000000003,-0.7115642448020609,false,true
43,64,1.15,1.0500000000000003,-0.7010302859531199,false,true
44,64,1.2000000000000002,1.0500000000000003,-0.6829105615615845,false,true
45,64,1.25,1.0500000000000003,-0.6829105617647404,false,true
46,64,1.3000000000000003,1.0500000000000003,-0.6919602251645959,false,true
47,64,1.35,1.0500000000000003,-0.70769437819394,false,true
48,64,1.4000000000000004,1.0500000000000003,-0.7238552355541159,false,true
49,64,1.4500000000000002,1.0500000000000003,-0.7238552296725966,false,true
50,64,1.5,1.0500000000000003,-0.7238552272319794,false,true
51,64,1.5500000000000003,1.0500000000000003,-0.7322512355791925,false,true
52,64,1.6,1.0500000000000003,-0.7371695038824486,false,true
53,64,1.6500000000000004,1.0500000000000003,-0.7371695040826802,false,true
54,64,1.7000000000000002,1.0500000000000003,-0.7371695041656493,false,true
55,64,1.75,1.0500000000000003,-0.7380651831626908,false,true
56,64,1.8000000000000003,1.0500000000000003,-0.7389608621597289,false,true
57,64,1.85,1.0500000000000003,-0.7380231171846396,false,true
58,64,1.9000000000000004,1.0500000000000003,-0.737085372209549,false,true
59,64,1.9500000000000002,1.0500000000000003,-0.7361463457345967,false,true
60,64,2.0,1.0500000000000003,-0.7352073192596436,false,true
61,64,2.0500000000000003,1.0500000000000003,-0.7316752120806657,false,true
62,64,2.1,1.0500000000000003,-0.7296061515889105,false,true
63,64,2.1500000000000004,1.0500000000000003,-0.7296061515808105,false,true
64,64,2.2,1.0500000000000003,-0.7253711521625519,false,true
65,64,2.25,1.0500000000000003,-0.7211361527442932,false,true
66,64,2.3000000000000003,1.0500000000000003,-0.71974116563797,false,true
67,64,2.35,1.0500000000000003,-0.7183461785316466,false,true
68,64,2.4000000000000004,1.0500000000000003,-0.714009864072197,false,true
69,64,2.45,1.0500000000000003,-0.711469709872917,false,true
70,64,2.5,1.0500000000000003,-0.7114697098731995,false,true
71,64,2.5500000000000003,1.0500000000000003,-0.7128379344940186,false,true
72,64,2.6,1.0500000000000003,-0.7142061591148376,false,true
73,64,2.6500000000000004,1.0500000000000003,-0.7171030640602112,false,true
74,64,2.7,1.0500000000000003,-0.7199999690055847,false,true
75,64,2.75,1.0500000000000003,-0.7264511801922076,false,true
76,64,2.8000000000000003,1.0500000000000003,-0.7302302122116048,false,true
77,64,2.85,1.0500000000000003,-0.7302302122116078,false,true
78,64,2.9000000000000004,1.0500000000000003,-0.7302302122116089,false,true
79,64,2.95,1.0500000000000003,-0.7302302122116016,false,true
80,64,3.0,1.0500000000000003,-0.7251150906086008,false,true
81,64,3.05,1.0500000000000003,-0.7199999690055918,false,true
82,64,3.1000000000000005,1.0500000000000003,-0.7199999690055847,false,true
83,64,3.1500000000000004,1.0500000000000003,-0.718355268239975,false,true
84,64,3.2,1.0500000000000003,-0.7167105674743652,false,true
85,64,3.25,1.0500000000000003,-0.711353057124448,false,true
86,64,3.3,1.0500000000000003,-0.7082147002220173,false,true
87,64,3.3500000000000005,1.0500000000000003,-0.7082147002220159,false,true
0,65,-1.0,1.1,-0.6560315014757298,false,true
1,65,-0.95,1.1,-0.6561084537986065,false,true
2,65,-0.9,1.1,-0.6561901667117138,false,true
3,65,-0.85,1.1,-0.6562771043095843,false,true
4,65,-0.8,1.1,-0.6563647386389443,false,true
5,65,-0.75,1.1,-0.656464537850083,false,true
6,65,-0.7,1.1,-0.6565163769673412,false,true
7,65,-0.6499999999999999,1.1,-0.6567347049713135,false,true
8,65,-0.6,1.1,-0.656904686042937,false,true
9,65,-0.55,1.1,-0.6506893887965141,false,true
10,65,-0.5,1.1,-0.6439703860436582,false,true
11,65,-0.44999999999999996,1.1,-0.6431437628030083,false,true
12,65,-0.3999999999999999,1.1,-0.6424321830272675,true,false
13,65,-0.35,1.1,-0.6493179798126221,true,false
14,65,-0.29999999999999993,1.1,-0.6566091477870941,true,false
15,65,-0.25,1.1,-0.6610969007015228,true,false
16,65,-0.19999999999999996,1.1,-0.6639531850814819,true,false
17,65,-0.1499999999999999,1.1,-0.6651641726493835,true,false
18,65,-0.09999999999999998,1.1,-0.6643582284450531,true,false
19,65,-0.04999999999999993,1.1,-0.6628859043121338,true,false
20,65,0.0,1.1,-0.6640738546848297,true,false
21,65,0.050000000000000044,1.1,-0.6669969260692596,true,false
22,65,0.10000000000000009,1.1,-0.6702884435653687,true,false
23,65,0.15000000000000013,1.1,-0.6727775931358337,true,false
24,65,0.20000000000000018,1.1,-0.6769459843635559,true,false
25,65,0.25,1.1,-0.6945988237857819,true,false
26,65,0.30000000000000004,1.1,-0.7093179821968079,true,false
27,65,0.3500000000000001,1.1,-0.7045216943470031,false,true
28,65,0.40000000000000013,1.1,-0.7141556143760681,false,true
29,65,0.4500000000000002,1.1,-0.713809405081341,false,true
30,65,0.5,1.1,-0.7130120534802641,false,true
31,65,0.55,1.1,-0.7116119861602783,false,true
32,65,0.6000000000000001,1.1,-0.7115974809075393,false,true
33,65,0.6500000000000001,1.1,-0.7115901542392004,false,true
34,65,0.7000000000000002,1.1,-0.7115770909097493,false,true
35,65,0.75,1.1,-0.711562790915931,false,true
36,65,0.8,1.1,-0.7115471741860713,false,true
37,65,0.8500000000000001,1.1,-0.7115310087403642,false,true
38,65,0.9000000000000001,1.1,-0.7115146216340072,false,true
39,65,0.9500000000000002,1.1,-0.7114982830509333,false,true
40,65,1.0,1.1,-0.7114821604076358,false,true
41,65,1.0500000000000003,1.1,-0.7114663655803857,false,true
42,65,1.1,1.1,-0.7009207032800525,false,true
43,65,1.15,1.1,-0.6829105615615845,false,true
44,65,1.2000000000000002,1.1,-0.682910562052046,false,true
45,65,1.25,1.1,-0.6829105622529572,false,true
46,65,1.3000000000000003,1.1,-0.682910562726956,false,true
47,65,1.35,1.1,-0.6855611484534823,false,true
48,65,1.4000000000000004,1.1,-0.70476577192646,false,true
49,65,1.4500000000000002,1.1,-0.7238552306804135,false,true
50,65,1.5,1.1,-0.7238552282429161,false,true
51,65,1.5500000000000003,1.1,-0.7238552272319794,false,true
52,65,1.6,1.1,-0.73225123586229,false,true
53,65,1.6500000000000004,1.1,-0.7371695040483349,false,true
54,65,1.7000000000000002,1.1,-0.7371695041312825,false,true
55,65,1.75,1.1,-0.7371695041656493,false,true
56,65,1.8000000000000003,1.1,-0.7380651831626897,false,true
57,65,1.85,1.1,-0.7389608621597289,false,true
58,65,1.9000000000000004,1.1,-0.7380231171846391,false,true
59,65,1.9500000000000002,1.1,-0.737085372209549,false,true
60,65,2.0,1.1,-0.7361463457345964,false,true
61,65,2.0500000000000003,1.1,-0.7352073192596436,false,true
62,65,2.1,1.1,-0.7316752120739555,false,true
63,65,2.1500000000000004,1.1,-0.7296061515841656,false,true
64,65,2.2,1.1,-0.7296061515808105,false,true
65,65,2.25,1.1,-0.7253711521625519,false,true
66,65,2.3000000000000003,1.1,-0.7211361527442932,false,true
67,65,2.35,1.1,-0.71974116563797,false,true
68,65,2.4000000000000004,1.1,-0.7183461785316466,false,true
69,65,2.45,1.1,-0.714009864072431,false,true
70,65,2.5,1.1,-0.7114697098730824,false,true
71,65,2.5500000000000003,1.1,-0.7114697098731995,false,true
72,65,2.6,1.1,-0.7128379344940186,false,true
73,65,2.6500000000000004,1.1,-0.7142061591148376,false,true
74,65,2.7,1.1,-0.7171030640602112,false,true
75,65,2.75,1.1,-0.7199999690055847,false,true
76,65,2.8000000000000003,1.1,-0.7264511801922116,false,true
77,65,2.85,1.1,-0.7302302122116071,false,true
78,65,2.9000000000000004,1.1,-0.7302302122116084,false,true
79,65,2.95,1.1,-0.7302302122116089,false,true
80,65,3.0,1.1,-0.7302302122116058,false,true
81,65,3.05,1.1,-0.7251150906085985,false,true
82,65,3.1000000000000005,1.1,-0.7199999690055876,false,true
83,65,3.1500000000000004,1.1,-0.7199999690055847,false,true
84,65,3.2,1.1,-0.718355268239975,false,true
85,65,3.25,1.1,-0.7167105674743652,false,true
86,65,3.3,1.1,-0.711353057124446,false,true
87,65,3.3500000000000005,1.1,-0.7082147002220165,false,true
0,66,-1.0,1.1500000000000004,-0.6554079894284623,false,true
1,66,-0.95,1.1500000000000004,-0.6554910003072749,false,true
2,66,-0.9,1.1500000000000004,-0.6555846501436841,false,true
3,66,-0.85,1.1500000000000004,-0.6556903051484824,false,true
4,66,-0.8,1.1500000000000004,-0.6558121592718895,false,true
5,66,-0.75,1.1500000000000004,-0.6559440693289598,false,true
6,66,-0.7,1.1500000000000004,-0.6561210591461643,false,true
7,66,-0.6499999999999999,1.1500000000000004,-0.6562076145430776,false,true
8,66,-0.6,1.1500000000000004,-0.6567347049713135,false,true
9,66,-0.55,1.1500000000000004,-0.6571450755797735,false,true
10,66,-0.5,1.1500000000000004,-0.6513334948659423,false,true
11,66,-0.44999999999999996,1.1500000000000004,-0.6455366747530664,false,true
12,66,-0.3999999999999999,1.1500000000000004,-0.6450580954551697,true,false
13,66,-0.35,1.1500000000000004,-0.6495403945446014,true,false
14,66,-0.29999999999999993,1.1500000000000004,-0.656067430973053,true,false
15,66,-0.25,1.1500000000000004,-0.6575898230075836,true,false
16,66,-0.19999999999999996,1.1500000000000004,-0.6608693599700928,true,false
17,66,-0.1499999999999999,1.1500000000000004,-0.6605707108974457,true,false
18,66,-0.09999999999999998,1.1500000000000004,-0.6597837507724762,true,false
19,66,-0.04999999999999993,1.1500000000000004,-0.6593158841133118,true,false
20,66,0.0,1.1500000000000004,-0.6627760529518127,true,false
21,66,0.050000000000000044,1.1500000000000004,-0.6666883528232574,true,false
22,66,0.10000000000000009,1.1500000000000004,-0.6709615588188171,true,false
23,66,0.15000000000000013,1.1500000000000004,-0.6721183061599731,true,false
24,66,0.20000000000000018,1.1500000000000004,-0.6762875020503998,true,false
25,66,0.25,1.1500000000000004,-0.6908079981803894,true,false
26,66,0.30000000000000004,1.1500000000000004,-0.7093179821968079,true,false
27,66,0.3500000000000001,1.1500000000000004,-0.7141556143760681,true,false
28,66,0.40000000000000013,1.1500000000000004,-0.7133197912013185,false,true
29,66,0.4500000000000002,1.1500000000000004,-0.7127208613283962,false,true
30,66,0.5,1.1500000000000004,-0.7116119861602783,false,true
31,66,0.55,1.1500000000000004,-0.7115769673823898,false,true
32,66,0.6000000000000001,1.1500000000000004,-0.7115579608443908,false,true
33,66,0.6500000000000001,1.1500000000000004,-0.711529729593951,false,true
34,66,0.7000000000000002,1.1500000000000004,-0.7115022555559399,false,true
35,66,0.75,1.1500000000000004,-0.7114749058413568,false,true
36,66,0.8,1.1500000000000004,-0.7114487024030577,false,true
37,66,0.8500000000000001,1.1500000000000004,-0.7114237683919121,false,true
38,66,0.9000000000000001,1.1500000000000004,-0.7114002019470763,false,true
39,66,0.9500000000000002,1.1500000000000004,-0.711377980622317,false,true
40,66,1.0,1.1500000000000004,-0.7113570486574299,false,true
41,66,1.0500000000000003,1.1500000000000004,-0.7008549424653947,false,true
42,66,1.1,1.1500000000000004,-0.6829105615615845,false,true
43,66,1.15,1.1500000000000004,-0.6829105627456635,false,true
44,66,1.2000000000000002,1.1500000000000004,-0.6829105632284617,false,true
45,66,1.25,1.1500000000000004,-0.6829105643595071,false,true
46,66,1.3000000000000003,1.1500000000000004,-0.6829105660250547,false,true
47,66,1.35,1.1500000000000004,-0.6829105685279377,false,true
48,66,1.4000000000000004,1.1500000000000004,-0.6836869104905605,false,true
49,66,1.4500000000000002,1.1500000000000004,-0.7038085395384688,false,true
50,66,1.5,1.1500000000000004,-0.7238552286607459,false,true
51,66,1.5500000000000003,1.1500000000000004,-0.7238552276507231,false,true
52,66,1.6,1.1500000000000004,-0.7238552272319794,false,true
53,66,1.6500000000000004,1.1500000000000004,-0.7322512359795743,false,true
54,66,1.7000000000000002,1.1500000000000004,-0.7371695041170536,false,true
55,66,1.75,1.1500000000000004,-0.7371695041514141,false,true
56,66,1.8000000000000003,1.1500000000000004,-0.7371695041656493,false,true
57,66,1.85,1.1500000000000004,-0.7380651831626893,false,true
58,66,1.9000000000000004,1.1500000000000004,-0.7389608621597289,false,true
59,66,1.9500000000000002,1.1500000000000004,-0.738023117184639,false,true
60,66,2.0,1.1500000000000004,-0.737085372209549,false,true
61,66,2.0500000000000003,1.1500000000000004,-0.7361463457345963,false,true
62,66,2.1,1.1500000000000004,-0.7352073192596436,false,true
63,66,2.1500000000000004,1.1500000000000004,-0.731675212071176,false,true
64,66,2.2,1.1500000000000004,-0.7296061515822002,false,true
65,66,2.25,1.1500000000000004,-0.7296061515808105,false,true
66,66,2.3000000000000003,1.1500000000000004,-0.7253711521625519,false,true
67,66,2.35,1.1500000000000004,-0.7211361527442932,false,true
68,66,2.4000000000000004,1.1500000000000004,-0.71974116563797,false,true
69,66,2.45,1.1500000000000004,-0.7183461785316466,false,true
70,66,2.5,1.1500000000000004,-0.714009864072528,false,true
71,66,2.5500000000000003,1.1500000000000004,-0.7114697098731511,false,true
72,66,2.6,1.1500000000000004,-0.7114697098731995,false,true
73,66,2.6500000000000004,1.1500000000000004,-0.7128379344940186,false,true
74,66,2.7,1.1500000000000004,-0.7142061591148376,false,true
75,66,2.75,1.1500000000000004,-0.7171030640602112,false,true
76,66,2.8000000000000003,1.1500000000000004,-0.7199999690055847,false,true
77,66,2.85,1.1500000000000004,-0.7264511801922131,false,true
78,66,2.9000000000000004,1.1500000000000004,-0.7302302122116082,false,true
79,66,2.95,1.1500000000000004,-0.7302302122116087,false,true
80,66,3.0,1.1500000000000004,-0.7302302122116089,false,true
81,66,3.05,1.1500000000000004,-0.7302302122116076,false,true
82,66,3.1000000000000005,1.1500000000000004,-0.7251150906085975,false,true
83,66,3.1500000000000004,1.1500000000000004,-0.7199999690055859,false,true
84,66,3.2,1.1500000000000004,-0.7199999690055847,false,true
85,66,3.25,1.1500000000000004,-0.718355268239975,false,true
86,66,3.3,1.1500000000000004,-0.7167105674743652,false,true
87,66,3.3500000000000005,1.1500000000000004,-0.7121728081083791,false,true
0,67,-1.0,1.2000000000000002,-0.6545314715306061,false,true
1,67,-0.95,1.2000000000000002,-0.6545901299476767,false,true
2,67,-0.9,1.2000000000000002,-0.6546593930340722,false,true
3,67,-0.85,1.2000000000000002,-0.6547427772370656,false,true
4,67,-0.8,1.2000000000000002,-0.6548435439040667,false,true
5,67,-0.75,1.2000000000000002,-0.654973231701974,false,true
6,67,-0.7,1.2000000000000002,-0.6551214602906857,false,true
7,67,-0.6499999999999999,1.2000000000000002,-0.6553850055048036,false,true
8,67,-0.6,1.2000000000000002,-0.6554621961108695,false,true
9,67,-0.55,1.2000000000000002,-0.6567347049713135,false,true
10,67,-0.5,1.2000000000000002,-0.6577254272598569,false,true
11,67,-0.44999999999999996,1.2000000000000002,-0.6532804009645248,false,true
12,67,-0.3999999999999999,1.2000000000000002,-0.6493179798126221,true,false
13,67,-0.35,1.2000000000000002,-0.6553176641464233,true,false
14,67,-0.29999999999999993,1.2000000000000002,-0.6589105427265167,true,false
15,67,-0.25,1.2000000000000002,-0.6609978079795837,true,false
16,67,-0.19999999999999996,1.2000000000000002,-0.6617095768451691,true,false
17,67,-0.1499999999999999,1.2000000000000002,-0.6591251194477081,true,false
18,67,-0.09999999999999998,1.2000000000000002,-0.6574779152870178,true,false
19,67,-0.04999999999999993,1.2000000000000002,-0.6579785346984863,true,false
20,67,0.0,1.2000000000000002,-0.6618226170539856,true,false
21,67,0.050000000000000044,1.2000000000000002,-0.6645414233207703,true,false
22,67,0.10000000000000009,1.2000000000000002,-0.6688996851444244,true,false
23,67,0.15000000000000013,1.2000000000000002,-0.6719417870044708,true,false
24,67,0.20000000000000018,1.2000000000000002,-0.6789733469486237,true,false
25,67,0.25,1.2000000000000002,-0.6914187371730804,true,false
26,67,0.30000000000000004,1.2000000000000002,-0.7093179821968079,true,false
27,67,0.3500000000000001,1.2000000000000002,-0.712137758731842,true,false
28,67,0.40000000000000013,1.2000000000000002,-0.7120072798332576,false,true
29,67,0.4500000000000002,1.2000000000000002,-0.7116119861602783,false,true
30,67,0.5,1.2000000000000002,-0.7115274433517621,false,true
31,67,0.55,1.2000000000000002,-0.7114770562246913,false,true
32,67,0.6000000000000001,1.2000000000000002,-0.7114220532631079,false,true
33,67,0.6500000000000001,1.2000000000000002,-0.7113755027155112,false,true
34,67,0.7000000000000002,1.2000000000000002,-0.7113340424356736,false,true
35,67,0.75,1.2000000000000002,-0.7112975566323608,false,true
36,67,0.8,1.2000000000000002,-0.7112651005810264,false,true
37,67,0.8500000000000001,1.2000000000000002,-0.7112360671678846,false,true
38,67,0.9000000000000001,1.2000000000000002,-0.7112099139117788,false,true
39,67,0.9500000000000002,1.2000000000000002,-0.7111862119952962,false,true
40,67,1.0,1.2000000000000002,-0.7007526903554523,false,true
41,67,1.0500000000000003,1.2000000000000002,-0.6829105615615845,false,true
42,67,1.1,1.2000000000000002,-0.6829105644202041,false,true
43,67,1.15,1.2000000000000002,-0.6829105655781185,false,true
44,67,1.2000000000000002,1.2000000000000002,-0.6829105682665081,false,true
45,67,1.25,1.2000000000000002,-0.6829105721525924,false,true
46,67,1.3000000000000003,1.2000000000000002,-0.6829105778685307,false,true
47,67,1.35,1.2000000000000002,-0.6829105858602191,false,true
48,67,1.4000000000000004,1.2000000000000002,-0.6829105966489789,false,true
49,67,1.4500000000000002,1.2000000000000002,-0.6831379949889881,false,true
50,67,1.5,1.2000000000000002,-0.7035111332760916,false,true
51,67,1.5500000000000003,1.2000000000000002,-0.7238552278239047,false,true
52,67,1.6,1.2000000000000002,-0.7238552274054286,false,true
53,67,1.6500000000000004,1.2000000000000002,-0.7238552272319794,false,true
54,67,1.7000000000000002,1.2000000000000002,-0.7322512360281612,false,true
55,67,1.75,1.2000000000000002,-0.7371695041455195,false,true
56,67,1.8000000000000003,1.2000000000000002,-0.7371695041597528,false,true
57,67,1.85,1.2000000000000002,-0.7371695041656493,false,true
58,67,1.9000000000000004,1.2000000000000002,-0.7380651831626891,false,true
59,67,1.9500000000000002,1.2000000000000002,-0.7389608621597289,false,true
60,67,2.0,1.2000000000000002,-0.738023117184639,false,true
61,67,2.0500000000000003,1.2000000000000002,-0.737085372209549,false,true
62,67,2.1,1.2000000000000002,-0.7361463457345961,false,true
63,67,2.1500000000000004,1.2000000000000002,-0.7352073192596436,false,true
64,67,2.2,1.2000000000000002,-0.7316752120700247,false,true
65,67,2.25,1.2000000000000002,-0.7296061515813862,false,true
66,67,2.3000000000000003,1.2000000000000002,-0.7296061515808105,false,true
67,67,2.35,1.2000000000000002,-0.7253711521625519,false,true
68,67,2.4000000000000004,1.2000000000000002,-0.7211361527442932,false,true
69,67,2.45,1.2000000000000002,-0.71974116563797,false,true
70,67,2.5,1.2000000000000002,-0.7183461785316466,false,true
71,67,2.5500000000000003,1.2000000000000002,-0.7140098640725682,false,true
72,67,2.6,1.2000000000000002,-0.7114697098731795,false,true
73,67,2.6500000000000004,1.2000000000000002,-0.7114697098731995,false,true
74,67,2.7,1.2000000000000002,-0.7128379344940186,false,true
75,67,2.75,1.2000000000000002,-0.7142061591148376,false,true
76,67,2.8000000000000003,1.2000000000000002,-0.7171030640602112,false,true
77,67,2.85,1.2000000000000002,-0.7199999690055847,false,true
78,67,2.9000000000000004,1.2000000000000002,-0.7264511801922139,false,true
79,67,2.95,1.2000000000000002,-0.7302302122116087,false,true
80,67,3.0,1.2000000000000002,-0.7302302122116088,false,true
81,67,3.05,1.2000000000000002,-0.7302302122116089,false,true
82,67,3.1000000000000005,1.2000000000000002,-0.7302302122116083,false,true
83,67,3.1500000000000004,1.2000000000000002,-0.7251150906085971,false,true
84,67,3.2,1.2000000000000002,-0.7199999690055853,false,true
85,67,3.25,1.2000000000000002,-0.7199999690055847,false,true
86,67,3.3,1.2000000000000002,-0.718355268239975,false,true
87,67,3.3500000000000005,1.2000000000000002,-0.7167105674743652,false,true
0,68,-1.0,1.2500000000000004,-0.6534831957508338,false,true
1,68,-0.95,1.2500000000000004,-0.6534889872249687,false,true
2,68,-0.9,1.2500000000000004,-0.6534976569555171,false,true
3,68,-0.85,1.2500000000000004,-0.6535105578489007,false,true
4,68,-0.8,1.2500000000000004,-0.6535308896151334,false,true
5,68,-0.75,1.2500000000000004,-0.6535596122364987,false,true
6,68,-0.7,1.2500000000000004,-0.6536157773772961,false,true
7,68,-0.6499999999999999,1.2500000000000004,-0.6536625968221897,false,true
8,68,-0.6,1.2500000000000004,-0.6539261420363076,false,true
9,68,-0.55,1.2500000000000004,-0.6536625968221897,false,true
10,68,-0.5,1.2500000000000004,-0.6567347049713135,true,false
11,68,-0.44999999999999996,1.2500000000000004,-0.6591265201568604,true,false
12,68,-0.3999999999999999,1.2500000000000004,-0.6553844511508942,true,false
13,68,-0.35,1.2500000000000004,-0.6604653894901276,true,false
14,68,-0.29999999999999993,1.2500000000000004,-0.6616791486740112,true,false
15,68,-0.25,1.2500000000000004,-0.6612829566001892,true,false
16,68,-0.19999999999999996,1.2500000000000004,-0.6603111624717712,true,false
17,68,-0.1499999999999999,1.2500000000000004,-0.657666802406311,true,false
18,68,-0.09999999999999998,1.2500000000000004,-0.65619295835495,true,false
19,68,-0.04999999999999993,1.2500000000000004,-0.6563262939453125,true,false
20,68,0.0,1.2500000000000004,-0.6588967442512512,true,false
21,68,0.050000000000000044,1.2500000000000004,-0.6616948544979095,true,false
22,68,0.10000000000000009,1.2500000000000004,-0.6646263599395752,true,false
23,68,0.15000000000000013,1.2500000000000004,-0.670414000749588,true,false
24,68,0.20000000000000018,1.2500000000000004,-0.6788398325443268,true,false
25,68,0.25,1.2500000000000004,-0.6935872435569763,true,false
26,68,0.30000000000000004,1.2500000000000004,-0.7092591226100922,true,false
27,68,0.3500000000000001,1.2500000000000004,-0.7102334499359131,true,false
28,68,0.40000000000000013,1.2500000000000004,-0.7116119861602783,true,false
29,68,0.4500000000000002,1.2500000000000004,-0.7114078817653573,false,true
30,68,0.5,1.2500000000000004,-0.7112708681306316,false,true
31,68,0.55,1.2500000000000004,-0.7111893532095843,false,true
32,68,0.6000000000000001,1.2500000000000004,-0.711127212170884,false,true
33,68,0.6500000000000001,1.2500000000000004,-0.7110797215873498,false,true
34,68,0.7000000000000002,1.2500000000000004,-0.7110412589909028,false,true
35,68,0.75,1.2500000000000004,-0.711009395532718,false,true
36,68,0.8,1.2500000000000004,-0.7109823724860844,false,true
37,68,0.8500000000000001,1.2500000000000004,-0.7109590731421606,false,true
38,68,0.9000000000000001,1.2500000000000004,-0.7109387024717726,false,true
39,68,0.9500000000000002,1.2500000000000004,-0.7006047528041022,false,true
40,68,1.0,1.2500000000000004,-0.6829105615615845,false,true
41,68,1.0500000000000003,1.2500000000000004,-0.6829105684629029,false,true
42,68,1.1,1.2500000000000004,-0.6829105712321907,false,true
43,68,1.15,1.2500000000000004,-0.6829105775893097,false,true
44,68,1.2000000000000002,1.2500000000000004,-0.6829105865724763,false,true
45,68,1.25,1.2500000000000004,-0.6829105994611118,false,true
46,68,1.3000000000000003,1.2500000000000004,-0.682910616997338,false,true
47,68,1.35,1.2500000000000004,-0.6829106400276304,false,true
48,68,1.4000000000000004,1.2500000000000004,-0.6829106693039178,false,true
49,68,1.4500000000000002,1.2500000000000004,-0.6829107055056168,false,true
50,68,1.5,1.2500000000000004,-0.6829773485209273,false,true
51,68,1.5500000000000003,1.2500000000000004,-0.703421185291753,false,true
52,68,1.6,1.2500000000000004,-0.7238552274771953,false,true
53,68,1.6500000000000004,1.2500000000000004,-0.7238552273038243,false,true
54,68,1.7000000000000002,1.2500000000000004,-0.7238552272319794,false,true
55,68,1.75,1.2500000000000004,-0.7322512360482883,false,true
56,68,1.8000000000000003,1.2500000000000004,-0.7371695041573111,false,true
57,68,1.85,1.2500000000000004,-0.737169504163207,false,true
58,68,1.9000000000000004,1.2500000000000004,-0.7371695041656493,false,true
59,68,1.9500000000000002,1.2500000000000004,-0.7380651831626891,false,true
60,68,2.0,1.2500000000000004,-0.7389608621597289,false,true
61,68,2.0500000000000003,1.2500000000000004,-0.738023117184639,false,true
62,68,2.1,1.2500000000000004,-0.737085372209549,false,true
63,68,2.1500000000000004,1.2500000000000004,-0.7361463457345961,false,true
64,68,2.2,1.2500000000000004,-0.7352073192596436,false,true
65,68,2.25,1.2500000000000004,-0.7316752120695478,false,true
66,68,2.3000000000000003,1.2500000000000004,-0.729606151581049,false,true
67,68,2.35,1.2500000000000004,-0.7296061515808105,false,true
68,68,2.4000000000000004,1.2500000000000004,-0.7253711521625519,false,true
69,68,2.45,1.2500000000000004,-0.7211361527442932,false,true
70,68,2.5,1.2500000000000004,-0.71974116563797,false,true
71,68,2.5500000000000003,1.2500000000000004,-0.7183461785316466,false,true
72,68,2.6,1.2500000000000004,-0.7140098640725848,false,true
73,68,2.6500000000000004,1.2500000000000004,-0.7114697098731912,false,true
74,68,2.7,1.2500000000000004,-0.7114697098731995,false,true
75,68,2.75,1.2500000000000004,-0.7128379344940186,false,true
76,68,2.8000000000000003,1.2500000000000004,-0.7142061591148376,false,true
77,68,2.85,1.2500000000000004,-0.7171030640602112,false,true
78,68,2.9000000000000004,1.2500000000000004,-0.7199999690055847,false,true
79,68,2.95,1.2500000000000004,-0.7264511801922141,false,true
80,68,3.0,1.2500000000000004,-0.7302302122116088,false,true
81,68,3.05,1.2500000000000004,-0.7302302122116088,false,true
82,68,3.1000000000000005,1.2500000000000004,-0.7302302122116089,false,true
83,68,3.1500000000000004,1.2500000000000004,-0.7302302122116086,false,true
84,68,3.2,1.2500000000000004,-0.725115090608597,false,true
85,68,3.25,1.2500000000000004,-0.719999969005585,false,true
86,68,3.3,1.2500000000000004,-0.7199999690055847,false,true
87,68,3.3500000000000005,1.2500000000000004,-0.718355268239975,false,true
0,69,-1.0,1.3000000000000003,-0.6524214262079581,false,true
1,69,-0.95,1.3000000000000003,-0.6523680711727234,false,true
2,69,-0.9,1.3000000000000003,-0.6523063205653415,false,true
3,69,-0.85,1.3000000000000003,-0.6522342920555788,false,true
4,69,-0.8,1.3000000000000003,-0.652148818334181,false,true
5,69,-0.75,1.3000000000000003,-0.6520479276076113,false,true
6,69,-0.7,1.3000000000000003,-0.6519183346784635,false,true
7,69,-0.6499999999999999,1.3000000000000003,-0.6517803365558376,false,true
8,69,-0.6,1.3000000000000003,-0.651490288317406,false,true
9,69,-0.55,1.3000000000000003,-0.651490288317406,false,true
10,69,-0.5,1.3000000000000003,-0.6493179798126221,true,false
11,69,-0.44999999999999996,1.3000000000000003,-0.655188113451004,true,false
12,69,-0.3999999999999999,1.3000000000000003,-0.6583893299102783,true,false
13,69,-0.35,1.3000000000000003,-0.6620628535747528,true,false
14,69,-0.29999999999999993,1.3000000000000003,-0.6623545289039612,true,false
15,69,-0.25,1.3000000000000003,-0.6628060340881348,true,false
16,69,-0.19999999999999996,1.3000000000000003,-0.6616931557655334,true,false
17,69,-0.1499999999999999,1.3000000000000003,-0.6589124202728271,true,false
18,69,-0.09999999999999998,1.3000000000000003,-0.6570353806018829,true,false
19,69,-0.04999999999999993,1.3000000000000003,-0.6565091013908386,true,false
20,69,0.0,1.3000000000000003,-0.6589170694351196,true,false
21,69,0.050000000000000044,1.3000000000000003,-0.6616161465644836,true,false
22,69,0.10000000000000009,1.3000000000000003,-0.6663792729377747,true,false
23,69,0.15000000000000013,1.3000000000000003,-0.6700106263160706,true,false
24,69,0.20000000000000018,1.3000000000000003,-0.6785260438919067,true,false
25,69,0.25,1.3000000000000003,-0.6903938353061676,true,false
26,69,0.30000000000000004,1.3000000000000003,-0.706245630979538,true,false
27,69,0.3500000000000001,1.3000000000000003,-0.7086896002292633,true,false
28,69,0.40000000000000013,1.3000000000000003,-0.7111192345619202,true,false
29,69,0.4500000000000002,1.3000000000000003,-0.7107359835605257,false,true
30,69,0.5,1.3000000000000003,-0.7107359835605257,false,true
31,69,0.55,1.3000000000000003,-0.7106894874173669,false,true
32,69,0.6000000000000001,1.3000000000000003,-0.7106702280842725,false,true
33,69,0.6500000000000001,1.3000000000000003,-0.7106526209407553,false,true
34,69,0.7000000000000002,1.3000000000000003,-0.7106396868950536,false,true
35,69,0.75,1.3000000000000003,-0.7106289719807618,false,true
36,69,0.8,1.3000000000000003,-0.7106200954551231,false,true
37,69,0.8500000000000001,1.3000000000000003,-0.7106125292973232,false,true
38,69,0.9000000000000001,1.3000000000000003,-0.7004085451539168,false,true
39,69,0.9500000000000002,1.3000000000000003,-0.6829105615615845,false,true
40,69,1.0,1.3000000000000003,-0.682910578222841,false,true
41,69,1.0500000000000003,1.3000000000000003,-0.6829105848191612,false,true
42,69,1.1,1.3000000000000003,-0.6829105997487395,false,true
43,69,1.15,1.3000000000000003,-0.6829106202709498,false,true
44,69,1.2000000000000002,1.3000000000000003,-0.6829106488829989,false,true
45,69,1.25,1.3000000000000003,-0.6829106866420529,false,true
46,69,1.3000000000000003,1.3000000000000003,-0.6829107347564818,false,true
47,69,1.35,1.3000000000000003,-0.6829107941505391,false,true
48,69,1.4000000000000004,1.3000000000000003,-0.6829108655591885,false,true
49,69,1.4500000000000002,1.3000000000000003,-0.6829109495089561,false,true
50,69,1.5,1.3000000000000003,-0.6829110463389044,false,true
51,69,1.5500000000000003,1.3000000000000003,-0.6829306627028986,false,true
52,69,1.6,1.3000000000000003,-0.703394576510838,false,true
53,69,1.6500000000000004,1.3000000000000003,-0.7238552273335606,false,true
54,69,1.7000000000000002,1.3000000000000003,-0.7238552272617385,false,true
55,69,1.75,1.3000000000000003,-0.7238552272319794,false,true
56,69,1.8000000000000003,1.3000000000000003,-0.7322512360566259,false,true
57,69,1.85,1.3000000000000003,-0.7371695041621955,false,true
58,69,1.9000000000000004,1.3000000000000003,-0.7371695041646378,false,true
59,69,1.9500000000000002,1.3000000000000003,-0.7371695041656493,false,true
60,69,2.0,1.3000000000000003,-0.7380651831626891,false,true
61,69,2.0500000000000003,1.3000000000000003,-0.7389608621597289,false,true
62,69,2.1,1.3000000000000003,-0.738023117184639,false,true
63,69,2.1500000000000004,1.3000000000000003,-0.737085372209549,false,true
64,69,2.2,1.3000000000000003,-0.7361463457345961,false,true
65,69,2.25,1.3000000000000003,-0.7352073192596436,false,true
66,69,2.3000000000000003,1.3000000000000003,-0.7316752120693503,false,true
67,69,2.35,1.3000000000000003,-0.7296061515809094,false,true
68,69,2.4000000000000004,1.3000000000000003,-0.7296061515808105,false,true
69,69,2.45,1.3000000000000003,-0.7253711521625519,false,true
70,69,2.5,1.3000000000000003,-0.7211361527442932,false,true
71,69,2.5500000000000003,1.3000000000000003,-0.71974116563797,false,true
72,69,2.6,1.3000000000000003,-0.7183461785316466,false,true
73,69,2.6500000000000004,1.3000000000000003,-0.7140098640725917,false,true
74,69,2.7,1.3000000000000003,-0.711469709873196,false,true
75,69,2.75,1.3000000000000003,-0.7114697098731995,false,true
76,69,2.8000000000000003,1.3000000000000003,-0.7128379344940186,false,true
77,69,2.85,1.3000000000000003,-0.7142061591148376,false,true
78,69,2.9000000000000004,1.3000000000000003,-0.7171030640602112,false,true
79,69,2.95,1.3000000000000003,-0.7199999690055847,false,true
80,69,3.0,1.3000000000000003,-0.7264511801922141,false,true
81,69,3.05,1.3000000000000003,-0.7302302122116088,false,true
82,69,3.1000000000000005,1.3000000000000003,-0.7302302122116088,false,true
83,69,3.1500000000000004,1.3000000000000003,-0.7302302122116089,false,true
84,69,3.2,1.3000000000000003,-0.7302302122116088,false,true
85,69,3.25,1.3000000000000003,-0.725115090608597,false,true
86,69,3.3,1.3000000000000003,-0.7199999690055847,false,true
87,69,3.3500000000000005,1.3000000000000003,-0.7199999690055847,false,true
0,70,-1.0,1.35,-0.651517920756271,false,true
1,70,-0.95,1.35,-0.651429320605397,false,true
2,70,-0.9,1.35,-0.6513258139363742,false,true
3,70,-0.85,1.35,-0.6512039469771663,false,true
4,70,-0.8,1.35,-0.6510585725920514,false,true
5,70,-0.75,1.35,-0.6508807054656958,false,true
6,70,-0.7,1.35,-0.650663349915915,false,true
7,70,-0.6499999999999999,1.35,-0.6503692313513367,false,true
8,70,-0.6,1.35,-0.6500447212278996,false,true
9,70,-0.55,1.35,-0.6493179798126221,false,true
10,70,-0.5,1.35,-0.6493179798126221,true,false
11,70,-0.44999999999999996,1.35,-0.6519297659397125,true,false
12,70,-0.3999999999999999,1.35,-0.6607111692428589,true,false
13,70,-0.35,1.35,-0.6650481820106506,true,false
14,70,-0.29999999999999993,1.35,-0.6650571227073669,true,false
15,70,-0.25,1.35,-0.6643648743629456,true,false
16,70,-0.19999999999999996,1.35,-0.6633288562297821,true,false
17,70,-0.1499999999999999,1.35,-0.6602239012718201,true,false
18,70,-0.09999999999999998,1.35,-0.6570285558700562,true,false
19,70,-0.04999999999999993,1.35,-0.6566961407661438,true,false
20,70,0.0,1.35,-0.6586216688156128,true,false
21,70,0.050000000000000044,1.35,-0.6635152697563171,true,false
22,70,0.10000000000000009,1.35,-0.6676520705223083,true,false
23,70,0.15000000000000013,1.35,-0.6720941364765167,true,false
24,70,0.20000000000000018,1.35,-0.6793180108070374,true,false
25,70,0.25,1.35,-0.6922926902770996,true,false
26,70,0.30000000000000004,1.35,-0.7055518925189972,true,false
27,70,0.3500000000000001,1.35,-0.7048523426055908,true,false
28,70,0.40000000000000013,1.35,-0.7093179821968079,true,false
29,70,0.4500000000000002,1.35,-0.710064085355694,false,true
30,70,0.5,1.35,-0.7100423512278491,false,true
31,70,0.55,1.35,-0.7101238661488964,false,true
32,70,0.6000000000000001,1.35,-0.7101531294494701,false,true
33,70,0.6500000000000001,1.35,-0.7101813606999099,false,true
34,70,0.7000000000000002,1.35,-0.7102015317935092,false,true
35,70,0.75,1.35,-0.7102182420745827,false,true
36,70,0.8,1.35,-0.7102319859455862,false,true
37,70,0.8500000000000001,1.35,-0.7001732901102858,false,true
38,70,0.9000000000000001,1.35,-0.6829105615615845,false,true
39,70,0.9500000000000002,1.35,-0.6829106017854157,false,true
40,70,1.0,1.35,-0.6829106174053436,false,true
41,70,1.0500000000000003,1.35,-0.6829106521481879,false,true
42,70,1.1,1.35,-0.6829106983324976,false,true
43,70,1.15,1.35,-0.6829107606402358,false,true
44,70,1.2000000000000002,1.35,-0.6829108401109958,false,true
45,70,1.25,1.35,-0.6829109380959296,false,true
46,70,1.3000000000000003,1.35,-0.6829110552996219,false,true
47,70,1.35,1.35,-0.6829111920778268,false,true
48,70,1.4000000000000004,1.35,-0.6829113484368947,false,true
49,70,1.4500000000000002,1.35,-0.6829115241104184,false,true
50,70,1.5,1.35,-0.6829117186128747,false,true
51,70,1.5500000000000003,1.35,-0.6829119312917533,false,true
52,70,1.6,1.35,-0.6829178746884337,false,true
53,70,1.6500000000000004,1.35,-0.7033872435344309,false,true
54,70,1.7000000000000002,1.35,-0.7238552272740585,false,true
55,70,1.75,1.35,-0.723855227244306,false,true
56,70,1.8000000000000003,1.35,-0.7238552272319794,false,true
57,70,1.85,1.35,-0.7322512360600797,false,true
58,70,1.9000000000000004,1.35,-0.7371695041642187,false,true
59,70,1.9500000000000002,1.35,-0.7371695041652304,false,true
60,70,2.0,1.35,-0.7371695041656493,false,true
61,70,2.0500000000000003,1.35,-0.7380651831626891,false,true
62,70,2.1,1.35,-0.7389608621597289,false,true
63,70,2.1500000000000004,1.35,-0.738023117184639,false,true
64,70,2.2,1.35,-0.737085372209549,false,true
65,70,2.25,1.35,-0.7361463457345961,false,true
66,70,2.3000000000000003,1.35,-0.7352073192596436,false,true
67,70,2.35,1.35,-0.7316752120692686,false,true
68,70,2.4000000000000004,1.35,-0.7296061515808515,false,true
69,70,2.45,1.35,-0.7296061515808105,false,true
70,70,2.5,1.35,-0.7253711521625519,false,true
71,70,2.5500000000000003,1.35,-0.7211361527442932,false,true
72,70,2.6,1.35,-0.71974116563797,false,true
73,70,2.6500000000000004,1.35,-0.7183461785316466,false,true
74,70,2.7,1.35,-0.7140098640725946,false,true
75,70,2.75,1.35,-0.711469709873198,false,true
76,70,2.8000000000000003,1.35,-0.7114697098731995,false,true
77,70,2.85,1.35,-0.7128379344940186,false,true
78,70,2.9000000000000004,1.35,-0.7142061591148376,false,true
79,70,2.95,1.35,-0.7171030640602112,false,true
80,70,3.0,1.35,-0.7199999690055847,false,true
81,70,3.05,1.35,-0.7264511801922141,false,true
82,70,3.1000000000000005,1.35,-0.7302302122116088,false,true
83,70,3.1500000000000004,1.35,-0.7302302122116088,false,true
84,70,3.2,1.35,-0.7302302122116089,false,true
85,70,3.25,1.35,-0.7302302122116088,false,true
86,70,3.3,1.35,-0.7251150906085969,false,true
87,70,3.3500000000000005,1.35,-0.7199999690055847,false,true
0,71,-1.0,1.4000000000000004,-0.6508739675002111,false,true
1,71,-0.95,1.4000000000000004,-0.650793069874813,false,true
2,71,-0.9,1.4000000000000004,-0.6506987011805809,false,true
3,71,-0.85,1.4000000000000004,-0.6505896817236866,false,true
4,71,-0.8,1.4000000000000004,-0.6504646660472029,false,true
5,71,-0.75,1.4000000000000004,-0.6503207596788839,false,true
6,71,-0.7,1.4000000000000004,-0.650150463419285,false,true
7,71,-0.6499999999999999,1.4000000000000004,-0.649962309738965,false,true
8,71,-0.6,1.4000000000000004,-0.6497071010029599,false,true
9,71,-0.55,1.4000000000000004,-0.6496269217042168,false,true
10,71,-0.5,1.4000000000000004,-0.6493179798126221,true,false
11,71,-0.44999999999999996,1.4000000000000004,-0.6517751216888428,true,false
12,71,-0.3999999999999999,1.4000000000000004,-0.6617080569267273,true,false
13,71,-0.35,1.4000000000000004,-0.6646768152713776,true,false
14,71,-0.29999999999999993,1.4000000000000004,-0.6644718647003174,true,false
15,71,-0.25,1.4000000000000004,-0.664540022611618,true,false
16,71,-0.19999999999999996,1.4000000000000004,-0.6622858047485352,true,false
17,71,-0.1499999999999999,1.4000000000000004,-0.6602108776569366,true,false
18,71,-0.09999999999999998,1.4000000000000004,-0.6578695178031921,true,false
19,71,-0.04999999999999993,1.4000000000000004,-0.6565603017807007,true,false
20,71,0.0,1.4000000000000004,-0.6574856340885162,true,false
21,71,0.050000000000000044,1.4000000000000004,-0.6626887619495392,true,false
22,71,0.10000000000000009,1.4000000000000004,-0.6680624485015869,true,false
23,71,0.15000000000000013,1.4000000000000004,-0.672074943780899,true,false
24,71,0.20000000000000018,1.4000000000000004,-0.678036093711853,true,false
25,71,0.25,1.4000000000000004,-0.683699905872345,true,false
26,71,0.30000000000000004,1.4000000000000004,-0.703458696603775,true,false
27,71,0.3500000000000001,1.4000000000000004,-0.7093179821968079,true,false
28,71,0.40000000000000013,1.4000000000000004,-0.7030152806999277,false,true
29,71,0.4500000000000002,1.4000000000000004,-0.7093179821968079,false,true
30,71,0.5,1.4000000000000004,-0.7096270282441478,false,true
31,71,0.55,1.4000000000000004,-0.7096581560381242,false,true
32,71,0.6000000000000001,1.4000000000000004,-0.7097324183328021,false,true
33,71,0.6500000000000001,1.4000000000000004,-0.709778968880399,false,true
34,71,0.7000000000000002,1.4000000000000004,-0.7098204291602367,false,true
35,71,0.75,1.4000000000000004,-0.7098544366791834,false,true
36,71,0.8,1.4000000000000004,-0.6999145255325195,false,true
37,71,0.8500000000000001,1.4000000000000004,-0.6829105615615845,false,true
38,71,0.9000000000000001,1.4000000000000004,-0.6829106586705034,false,true
39,71,0.9500000000000002,1.4000000000000004,-0.6829106953390165,false,true
40,71,1.0,1.4000000000000004,-0.6829107752073367,false,true
41,71,1.0500000000000003,1.4000000000000004,-0.6829108771603113,false,true
42,71,1.1,1.4000000000000004,-0.6829110096481805,false,true
43,71,1.15,1.4000000000000004,-0.6829111723396684,false,true
44,71,1.2000000000000002,1.4000000000000004,-0.6829113658804828,false,true
45,71,1.25,1.4000000000000004,-0.6829115897082418,false,true
46,71,1.3000000000000003,1.4000000000000004,-0.6829118428327646,false,true
47,71,1.35,1.4000000000000004,-0.6829121238483647,false,true
48,71,1.4000000000000004,1.4000000000000004,-0.6829124311015282,false,true
49,71,1.4500000000000002,1.4000000000000004,-0.6829127627848051,false,true
50,71,1.5,1.4000000000000004,-0.6829131170179563,false,true
51,71,1.5500000000000003,1.4000000000000004,-0.6829134919061606,false,true
52,71,1.6,1.4000000000000004,-0.6829138855827809,false,true
53,71,1.6500000000000004,1.4000000000000004,-0.682915969631084,false,true
54,71,1.7000000000000002,1.4000000000000004,-0.7033861670525752,false,true
55,71,1.75,1.4000000000000004,-0.7238552272494098,false,true
56,71,1.8000000000000003,1.4000000000000004,-0.7238552272370853,false,true
57,71,1.85,1.4000000000000004,-0.7238552272319794,false,true
58,71,1.9000000000000004,1.4000000000000004,-0.7322512360615103,false,true
59,71,1.9500000000000002,1.4000000000000004,-0.7371695041650568,false,true
60,71,2.0,1.4000000000000004,-0.7371695041654758,false,true
61,71,2.0500000000000003,1.4000000000000004,-0.7371695041656493,false,true
62,71,2.1,1.4000000000000004,-0.7380651831626891,false,true
63,71,2.1500000000000004,1.4000000000000004,-0.7389608621597289,false,true
64,71,2.2,1.4000000000000004,-0.738023117184639,false,true
65,71,2.25,1.4000000000000004,-0.737085372209549,false,true
66,71,2.3000000000000003,1.4000000000000004,-0.7361463457345961,false,true
67,71,2.35,1.4000000000000004,-0.7352073192596436,false,true
68,71,2.4000000000000004,1.4000000000000004,-0.7316752120692346,false,true
69,71,2.45,1.4000000000000004,-0.7296061515808275,false,true
70,71,2.5,1.4000000000000004,-0.7296061515808105,false,true
71,71,2.5500000000000003,1.4000000000000004,-0.7253711521625519,false,true
72,71,2.6,1.4000000000000004,-0.7211361527442932,false,true
73,71,2.6500000000000004,1.4000000000000004,-0.71974116563797,false,true
74,71,2.7,1.4000000000000004,-0.7183461785316466,false,true
75,71,2.75,1.4000000000000004,-0.7140098640725957,false,true
76,71,2.8000000000000003,1.4000000000000004,-0.7114697098731989,false,true
77,71,2.85,1.4000000000000004,-0.7114697098731995,false,true
78,71,2.9000000000000004,1.4000000000000004,-0.7128379344940186,false,true
79,71,2.95,1.4000000000000004,-0.7142061591148376,false,true
80,71,3.0,1.4000000000000004,-0.7171030640602112,false,true
81,71,3.05,1.4000000000000004,-0.7199999690055847,false,true
82,71,3.1000000000000005,1.4000000000000004,-0.7264511801922141,false,true
83,71,3.1500000000000004,1.4000000000000004,-0.7302302122116088,false,true
84,71,3.2,1.4000000000000004,-0.7302302122116088,false,true
85,71,3.25,1.4000000000000004,-0.7302302122116089,false,true
86,71,3.3,1.4000000000000004,-0.7302302122116088,false,true
87,71,3.3500000000000005,1.4000000000000004,-0.7261744669791743,false,true
0,72,-1.0,1.4500000000000002,-0.650464540647914,false,true
1,72,-0.95,1.4500000000000002,-0.6504330209140268,false,true
2,72,-0.9,1.4500000000000002,-0.650393783300498,false,true
3,72,-0.85,1.4500000000000002,-0.6503476321784982,false,true
4,72,-0.8,1.4500000000000002,-0.6502975897205143,false,true
5,72,-0.75,1.4500000000000002,-0.6502521409664983,false,true
6,72,-0.7,1.4500000000000002,-0.6502190047217992,false,true
7,72,-0.6499999999999999,1.4500000000000002,-0.6501977849737519,false,true
8,72,-0.6,1.4500000000000002,-0.6502408179057249,false,true
9,72,-0.55,1.4500000000000002,-0.6502096128450018,false,true
10,72,-0.5,1.4500000000000002,-0.6503727734088898,true,false
11,72,-0.44999999999999996,1.4500000000000002,-0.6546217501163483,true,false
12,72,-0.3999999999999999,1.4500000000000002,-0.660897433757782,true,false
13,72,-0.35,1.4500000000000002,-0.6611385941505432,true,false
14,72,-0.29999999999999993,1.4500000000000002,-0.6614810824394226,true,false
15,72,-0.25,1.4500000000000002,-0.662861704826355,true,false
16,72,-0.19999999999999996,1.4500000000000002,-0.6612921953201294,true,false
17,72,-0.1499999999999999,1.4500000000000002,-0.6582738757133484,true,false
18,72,-0.09999999999999998,1.4500000000000002,-0.6573877930641174,true,false
19,72,-0.04999999999999993,1.4500000000000002,-0.6566300392150879,true,false
20,72,0.0,1.4500000000000002,-0.6575188636779785,true,false
21,72,0.050000000000000044,1.4500000000000002,-0.6608271896839142,true,false
22,72,0.10000000000000009,1.4500000000000002,-0.666242241859436,true,false
23,72,0.15000000000000013,1.4500000000000002,-0.6688500642776489,true,false
24,72,0.20000000000000018,1.4500000000000002,-0.6724243760108948,true,false
25,72,0.25,1.4500000000000002,-0.6793180108070374,true,false
26,72,0.30000000000000004,1.4500000000000002,-0.6993853449821472,true,false
27,72,0.3500000000000001,1.4500000000000002,-0.6833514869213104,true,false
28,72,0.40000000000000013,1.4500000000000002,-0.6935575939422753,false,true
29,72,0.4500000000000002,1.4500000000000002,-0.6985357569318082,false,true
30,72,0.5,1.4500000000000002,-0.7093179821968079,false,true
31,72,0.55,1.4500000000000002,-0.709445993261014,false,true
32,72,0.6000000000000001,1.4500000000000002,-0.7094706407270752,false,true
33,72,0.6500000000000001,1.4500000000000002,-0.7095181313106094,false,true
34,72,0.7000000000000002,1.4500000000000002,-0.7095554354593746,false,true
35,72,0.75,1.4500000000000002,-0.6996008882998607,false,true
36,72,0.8,1.4500000000000002,-0.6829105615615845,false,true
37,72,0.8500000000000001,1.4500000000000002,-0.6829107960032533,false,true
38,72,0.9000000000000001,1.4500000000000002,-0.6829108809735572,false,true
39,72,0.9500000000000002,1.4500000000000002,-0.682911061580119,false,true
40,72,1.0,1.4500000000000002,-0.6829112810985583,false,true
41,72,1.0500000000000003,1.4500000000000002,-0.6829115545143145,false,true
42,72,1.1,1.4500000000000002,-0.6829118764273473,false,true
43,72,1.15,1.4500000000000002,-0.6829122448287746,false,true
44,72,1.2000000000000002,1.4500000000000002,-0.6829126558457403,false,true
45,72,1.25,1.4500000000000002,-0.6829131055417326,false,true
46,72,1.3000000000000003,1.4500000000000002,-0.6829135898131805,false,true
47,72,1.35,1.4500000000000002,-0.6829141046468205,false,true
48,72,1.4000000000000004,1.4500000000000002,-0.6829146462037037,false,true
49,72,1.4500000000000002,1.4500000000000002,-0.6829152108868212,false,true
50,72,1.5,1.4500000000000002,-0.6829157953714291,false,true
51,72,1.5500000000000003,1.4500000000000002,-0.6829163966166242,false,true
52,72,1.6,1.4500000000000002,-0.6829170118631094,false,true
53,72,1.6500000000000004,1.4500000000000002,-0.6829176386226619,false,true
54,72,1.7000000000000002,1.4500000000000002,-0.6829187647877208,false,true
55,72,1.75,1.4500000000000002,-0.7033877560628978,false,true
56,72,1.8000000000000003,1.4500000000000002,-0.7238552272391996,false,true
57,72,1.85,1.4500000000000002,-0.7238552272340942,false,true
58,72,1.9000000000000004,1.4500000000000002,-0.7238552272319794,false,true
59,72,1.9500000000000002,1.4500000000000002,-0.732251236062103,false,true
60,72,2.0,1.4500000000000002,-0.7371695041654039,false,true
61,72,2.0500000000000003,1.4500000000000002,-0.7371695041655774,false,true
62,72,2.1,1.4500000000000002,-0.7371695041656493,false,true
63,72,2.1500000000000004,1.4500000000000002,-0.7380651831626891,false,true
64,72,2.2,1.4500000000000002,-0.7389608621597289,false,true
65,72,2.25,1.4500000000000002,-0.738023117184639,false,true
66,72,2.3000000000000003,1.4500000000000002,-0.737085372209549,false,true
67,72,2.35,1.4500000000000002,-0.7361463457345961,false,true
68,72,2.4000000000000004,1.4500000000000002,-0.7352073192596436,false,true
69,72,2.45,1.4500000000000002,-0.7316752120692205,false,true
70,72,2.5,1.4500000000000002,-0.7296061515808177,false,true
71,72,2.5500000000000003,1.4500000000000002,-0.7296061515808105,false,true
72,72,2.6,1.4500000000000002,-0.7253711521625519,false,true
73,72,2.6500000000000004,1.4500000000000002,-0.7211361527442932,false,true
74,72,2.7,1.4500000000000002,-0.71974116563797,false,true
75,72,2.75,1.4500000000000002,-0.7183461785316466,false,true
76,72,2.8000000000000003,1.4500000000000002,-0.7140098640725963,false,true
77,72,2.85,1.4500000000000002,-0.7114697098731992,false,true
78,72,2.9000000000000004,1.4500000000000002,-0.7114697098731995,false,true
79,72,2.95,1.4500000000000002,-0.7128379344940186,false,true
80,72,3.0,1.4500000000000002,-0.7142061591148376,false,true
81,72,3.05,1.4500000000000002,-0.7171030640602112,false,true
82,72,3.1000000000000005,1.4500000000000002,-0.7199999690055847,false,true
83,72,3.1500000000000004,1.4500000000000002,-0.7264511801922141,false,true
84,72,3.2,1.4500000000000002,-0.7302302122116088,false,true
85,72,3.25,1.4500000000000002,-0.7302302122116088,false,true
86,72,3.3,1.4500000000000002,-0.7302302122116089,false,true
87,72,3.3500000000000005,1.4500000000000002,-0.7302302122116088,false,true
0,73,-1.0,1.5000000000000004,-0.6501375349406301,false,true
1,73,-0.95,1.5000000000000004,-0.6501805870561606,false,true
2,73,-0.9,1.5000000000000004,-0.6502228310126803,false,true
3,73,-0.85,1.5000000000000004,-0.6502631524199605,false,true
4,73,-0.8,1.5000000000000004,-0.650301369032569,false,true
5,73,-0.75,1.5000000000000004,-0.6503386940064672,false,true
6,73,-0.7,1.5000000000000004,-0.6504006802403712,false,true
7,73,-0.6499999999999999,1.5000000000000004,-0.6505057089601118,false,true
8,73,-0.6,1.5000000000000004,-0.6506276111885191,false,true
9,73,-0.55,1.5000000000000004,-0.6508988447273221,false,true
10,73,-0.5,1.5000000000000004,-0.6508705019950867,true,false
11,73,-0.44999999999999996,1.5000000000000004,-0.6563395261764526,true,false
12,73,-0.3999999999999999,1.5000000000000004,-0.6603794395923615,true,false
13,73,-0.35,1.5000000000000004,-0.660584419965744,true,false
14,73,-0.29999999999999993,1.5000000000000004,-0.6574335992336273,true,false
15,73,-0.25,1.5000000000000004,-0.6585690975189209,true,false
16,73,-0.19999999999999996,1.5000000000000004,-0.6601231694221497,true,false
17,73,-0.1499999999999999,1.5000000000000004,-0.6581159830093384,true,false
18,73,-0.09999999999999998,1.5000000000000004,-0.6572604775428772,true,false
19,73,-0.04999999999999993,1.5000000000000004,-0.6575682759284973,true,false
20,73,0.0,1.5000000000000004,-0.658906489610672,true,false
21,73,0.050000000000000044,1.5000000000000004,-0.6600805521011353,true,false
22,73,0.10000000000000009,1.5000000000000004,-0.662844181060791,true,false
23,73,0.15000000000000013,1.5000000000000004,-0.6657702624797821,true,false
24,73,0.20000000000000018,1.5000000000000004,-0.6677761673927307,true,false
25,73,0.25,1.5000000000000004,-0.6793180108070374,true,false
26,73,0.30000000000000004,1.5000000000000004,-0.6989362835884094,true,false
27,73,0.3500000000000001,1.5000000000000004,-0.6922308206558228,true,false
28,73,0.40000000000000013,1.5000000000000004,-0.6858480495768658,false,true
29,73,0.4500000000000002,1.5000000000000004,-0.687301262724045,false,true
30,73,0.5,1.5000000000000004,-0.6951437288504315,false,true
31,73,0.55,1.5000000000000004,-0.7093179821968079,false,true
32,73,0.6000000000000001,1.5000000000000004,-0.7093710061157358,false,true
33,73,0.6500000000000001,1.5000000000000004,-0.7093846580714672,false,true
34,73,0.7000000000000002,1.5000000000000004,-0.6989071782729259,false,true
35,73,0.75,1.5000000000000004,-0.6829105615615845,false,true
36,73,0.8,1.5000000000000004,-0.682911127553841,false,true
37,73,0.8500000000000001,1.5000000000000004,-0.6829113205516864,false,true
38,73,0.9000000000000001,1.5000000000000004,-0.6829117199059841,false,true
39,73,0.9500000000000002,1.5000000000000004,-0.6829121773040541,false,true
40,73,1.0,1.5000000000000004,-0.6829127204895632,false,true
41,73,1.0500000000000003,1.5000000000000004,-0.6829133309481602,false,true
42,73,1.1,1.5000000000000004,-0.6829140010076631,false,true
43,73,1.15,1.5000000000000004,-0.68291472061758,false,true
44,73,1.2000000000000002,1.5000000000000004,-0.6829154811691537,false,true
45,73,1.25,1.5000000000000004,-0.6829162747813687,false,true
46,73,1.3000000000000003,1.5000000000000004,-0.6829170945455919,false,true
47,73,1.35,1.5000000000000004,-0.6829179344361317,false,true
48,73,1.4000000000000004,1.5000000000000004,-0.682918789254637,false,true
49,73,1.4500000000000002,1.5000000000000004,-0.6829196545441126,false,true
50,73,1.5,1.5000000000000004,-0.6829205265044008,false,true
51,73,1.5500000000000003,1.5000000000000004,-0.6829214019099816,false,true
52,73,1.6,1.5000000000000004,-0.6829222780344021,false,true
53,73,1.6500000000000004,1.5000000000000004,-0.6829231525822578,false,true
54,73,1.7000000000000002,1.5000000000000004,-0.6829240236290384,false,true
55,73,1.75,1.5000000000000004,-0.6829250331195026,false,true
56,73,1.8000000000000003,1.5000000000000004,-0.699346023657491,false,true
57,73,1.85,1.5000000000000004,-0.7145384147033181,false,true
58,73,1.9000000000000004,1.5000000000000004,-0.7238552272328554,false,true
59,73,1.9500000000000002,1.5000000000000004,-0.7238552272319794,false,true
60,73,2.0,1.5000000000000004,-0.7322512360623483,false,true
61,73,2.0500000000000003,1.5000000000000004,-0.7371695041655477,false,true
62,73,2.1,1.5000000000000004,-0.7371695041656195,false,true
63,73,2.1500000000000004,1.5000000000000004,-0.7371695041656493,false,true
64,73,2.2,1.5000000000000004,-0.7380651831626891,false,true
65,73,2.25,1.5000000000000004,-0.7389608621597289,false,true
66,73,2.3000000000000003,1.5000000000000004,-0.738023117184639,false,true
67,73,2.35,1.5000000000000004,-0.737085372209549,false,true
68,73,2.4000000000000004,1.5000000000000004,-0.7361463457345961,false,true
69,73,2.45,1.5000000000000004,-0.7352073192596436,false,true
70,73,2.5,1.5000000000000004,-0.7316752120692148,false,true
71,73,2.5500000000000003,1.5000000000000004,-0.7296061515808135,false,true
72,73,2.6,1.5000000000000004,-0.7296061515808105,false,true
73,73,2.6500000000000004,1.5000000000000004,-0.7253711521625519,false,true
74,73,2.7,1.5000000000000004,-0.7211361527442932,false,true
75,73,2.75,1.5000000000000004,-0.71974116563797,false,true
76,73,2.8000000000000003,1.5000000000000004,-0.7183461785316466,false,true
77,73,2.85,1.5000000000000004,-0.7140098640725964,false,true
78,73,2.9000000000000004,1.5000000000000004,-0.7114697098731992,false,true
79,73,2.95,1.5000000000000004,-0.7114697098731995,false,true
80,73,3.0,1.5000000000000004,-0.7128379344940186,false,true
81,73,3.05,1.5000000000000004,-0.7142061591148376,false,true
82,73,3.1000000000000005,1.5000000000000004,-0.7171030640602112,false,true
83,73,3.1500000000000004,1.5000000000000004,-0.7199999690055847,false,true
84,73,3.2,1.5000000000000004,-0.7264511801922141,false,true
85,73,3.25,1.5000000000000004,-0.7302302122116088,false,true
86,73,3.3,1.5000000000000004,-0.7302302122116088,false,true
87,73,3.3500000000000005,1.5000000000000004,-0.7302302122116089,false,true
0,74,-1.0,1.5500000000000003,-0.6496639738681108,false,true
1,74,-0.95,1.5500000000000003,-0.6497811640815614,false,true
2,74,-0.9,1.5500000000000003,-0.6499076488355845,false,true
3,74,-0.85,1.5500000000000003,-0.6500410067658328,false,true
4,74,-0.8,1.5500000000000003,-0.6501746686675476,false,true
5,74,-0.75,1.5500000000000003,-0.650297811614338,false,true
6,74,-0.7,1.5500000000000003,-0.6503707215184675,false,true
7,74,-0.6499999999999999,1.5500000000000003,-0.6504550424670945,false,true
8,74,-0.6,1.5500000000000003,-0.6505982042298017,false,true
9,74,-0.55,1.5500000000000003,-0.6506620273828909,false,true
10,74,-0.5,1.5500000000000003,-0.6514649987220764,true,false
11,74,-0.44999999999999996,1.5500000000000003,-0.6560814380645752,true,false
12,74,-0.3999999999999999,1.5500000000000003,-0.6597582697868347,true,false
13,74,-0.35,1.5500000000000003,-0.656976193189621,true,false
14,74,-0.29999999999999993,1.5500000000000003,-0.6541584730148315,true,false
15,74,-0.25,1.5500000000000003,-0.6552309393882751,true,false
16,74,-0.19999999999999996,1.5500000000000003,-0.6590285897254944,true,false
17,74,-0.1499999999999999,1.5500000000000003,-0.6579975783824921,true,false
18,74,-0.09999999999999998,1.5500000000000003,-0.6568881273269653,true,false
19,74,-0.04999999999999993,1.5500000000000003,-0.6574805080890656,true,false
20,74,0.0,1.5500000000000003,-0.657428652048111,true,false
21,74,0.050000000000000044,1.5500000000000003,-0.657226175069809,true,false
22,74,0.10000000000000009,1.5500000000000003,-0.6605599224567413,true,false
23,74,0.15000000000000013,1.5500000000000003,-0.6628394722938538,true,false
24,74,0.20000000000000018,1.5500000000000003,-0.6641945242881775,true,false
25,74,0.25,1.5500000000000003,-0.6793180108070374,true,false
26,74,0.30000000000000004,1.5500000000000003,-0.6695102751255035,true,false
27,74,0.3500000000000001,1.5500000000000003,-0.6793180108070374,true,false
28,74,0.40000000000000013,1.5500000000000003,-0.6831000852475742,false,true
29,74,0.4500000000000002,1.5500000000000003,-0.6827972014084841,false,true
30,74,0.5,1.5500000000000003,-0.6834218297839021,false,true
31,74,0.55,1.5500000000000003,-0.6928904709725784,false,true
32,74,0.6000000000000001,1.5500000000000003,-0.7093179821968079,false,true
33,74,0.6500000000000001,1.5500000000000003,-0.6961014635099181,false,true
34,74,0.7000000000000002,1.5500000000000003,-0.6829105615615845,false,true
35,74,0.75,1.5500000000000003,-0.6829119279877661,false,true
36,74,0.8,1.5500000000000003,-0.6829123524819584,false,true
37,74,0.8500000000000001,1.5500000000000003,-0.6829132085809789,false,true
38,74,0.9000000000000001,1.5500000000000003,-0.6829141204931047,false,true
39,74,0.9500000000000002,1.5500000000000003,-0.682915147579321,false,true
40,74,1.0,1.5500000000000003,-0.6829162441165889,false,true
41,74,1.0500000000000003,1.5500000000000003,-0.6829173951082479,false,true
42,74,1.1,1.5500000000000003,-0.6829185824899169,false,true
43,74,1.15,1.5500000000000003,-0.6829197930918829,false,true
44,74,1.2000000000000002,1.5500000000000003,-0.6829210160541552,false,true
45,74,1.25,1.5500000000000003,-0.6829222428711337,false,true
46,74,1.3000000000000003,1.5500000000000003,-0.6829234668436748,false,true
47,74,1.35,1.5500000000000003,-0.6829246827583768,false,true
48,74,1.4000000000000004,1.5500000000000003,-0.6829258865886334,false,true
49,74,1.4500000000000002,1.5500000000000003,-0.6829270752600458,false,true
50,74,1.5,1.5500000000000003,-0.6829282464589788,false,true
51,74,1.5500000000000003,1.5500000000000003,-0.6829293984792176,false,true
52,74,1.6,1.5500000000000003,-0.6829305300988445,false,true
53,74,1.6500000000000004,1.5500000000000003,-0.6829316404815856,false,true
54,74,1.7000000000000002,1.5500000000000003,-0.68293272908639,false,true
55,74,1.75,1.5500000000000003,-0.6828568919758073,false,true
56,74,1.8000000000000003,1.5500000000000003,-0.6827288269996643,false,true
57,74,1.85,1.5500000000000003,-0.6827288269991679,false,true
58,74,1.9000000000000004,1.5500000000000003,-0.7052216021702288,false,true
59,74,1.9500000000000002,1.5500000000000003,-0.7238552272323422,false,true
60,74,2.0,1.5500000000000003,-0.7238552272319794,false,true
61,74,2.0500000000000003,1.5500000000000003,-0.7322512360624499,false,true
62,74,2.1,1.5500000000000003,-0.7371695041656073,false,true
63,74,2.1500000000000004,1.5500000000000003,-0.737169504165637,false,true
64,74,2.2,1.5500000000000003,-0.7371695041656493,false,true
65,74,2.25,1.5500000000000003,-0.7380651831626891,false,true
66,74,2.3000000000000003,1.5500000000000003,-0.7389608621597289,false,true
67,74,2.35,1.5500000000000003,-0.738023117184639,false,true
68,74,2.4000000000000004,1.5500000000000003,-0.737085372209549,false,true
69,74,2.45,1.5500000000000003,-0.7361463457345961,false,true
70,74,2.5,1.5500000000000003,-0.7352073192596436,false,true
71,74,2.5500000000000003,1.5500000000000003,-0.7316752120692123,false,true
72,74,2.6,1.5500000000000003,-0.7296061515808118,false,true
73,74,2.6500000000000004,1.5500000000000003,-0.7296061515808105,false,true
74,74,2.7,1.5500000000000003,-0.7253711521625519,false,true
75,74,2.75,1.5500000000000003,-0.7211361527442932,false,true
76,74,2.8000000000000003,1.5500000000000003,-0.71974116563797,false,true
77,74,2.85,1.5500000000000003,-0.7183461785316466,false,true
78,74,2.9000000000000004,1.5500000000000003,-0.7140098640725965,false,true
79,74,2.95,1.5500000000000003,-0.7114697098731992,false,true
80,74,3.0,1.5500000000000003,-0.7114697098731995,false,true
81,74,3.05,1.5500000000000003,-0.7128379344940186,false,true
82,74,3.1000000000000005,1.5500000000000003,-0.7142061591148376,false,true
83,74,3.1500000000000004,1.5500000000000003,-0.7171030640602112,false,true
84,74,3.2,1.5500000000000003,-0.7199999690055847,false,true
85,74,3.25,1.5500000000000003,-0.7264511801922141,false,true
86,74,3.3,1.5500000000000003,-0.7302302122116088,false,true
87,74,3.3500000000000005,1.5500000000000003,-0.7302302122116088,false,true
0,75,-1.0,1.6,-0.6488242702210664,false,true
1,75,-0.95,1.6,-0.6489816286908217,false,true
2,75,-0.9,1.6,-0.6491606206958698,false,true
3,75,-0.85,1.6,-0.6493635486576014,false,true
4,75,-0.8,1.6,-0.6495916180249189,false,true
5,75,-0.75,1.6,-0.6498364929031663,false,true
6,75,-0.7,1.6,-0.6500918328130535,false,true
7,75,-0.6499999999999999,1.6,-0.6501164862476829,false,true
8,75,-0.6,1.6,-0.6500800124392359,false,true
9,75,-0.55,1.6,-0.6502073041635895,false,true
10,75,-0.5,1.6,-0.6493179798126221,true,false
11,75,-0.44999999999999996,1.6,-0.6518020927906036,true,false
12,75,-0.3999999999999999,1.6,-0.654414713382721,true,false
13,75,-0.35,1.6,-0.652947872877121,true,false
14,75,-0.29999999999999993,1.6,-0.6493179798126221,true,false
15,75,-0.25,1.6,-0.6532673239707947,true,false
16,75,-0.19999999999999996,1.6,-0.6556987762451172,true,false
17,75,-0.1499999999999999,1.6,-0.6542077362537384,true,false
18,75,-0.09999999999999998,1.6,-0.6526302397251129,true,false
19,75,-0.04999999999999993,1.6,-0.6534369587898254,true,false
20,75,0.0,1.6,-0.6534487903118134,true,false
21,75,0.050000000000000044,1.6,-0.654198408126831,true,false
22,75,0.10000000000000009,1.6,-0.6571862399578094,true,false
23,75,0.15000000000000013,1.6,-0.6598956286907196,true,false
24,75,0.20000000000000018,1.6,-0.6615783274173737,true,false
25,75,0.25,1.6,-0.6652444899082184,true,false
26,75,0.30000000000000004,1.6,-0.6509242057800293,true,false
27,75,0.3500000000000001,1.6,-0.6793180108070374,true,false
28,75,0.40000000000000013,1.6,-0.6793180108070374,false,true
29,75,0.4500000000000002,1.6,-0.6804257547637182,false,true
30,75,0.5,1.6,-0.6807958847116546,false,true
31,75,0.55,1.6,-0.6820812624768042,false,true
32,75,0.6000000000000001,1.6,-0.6827956933650108,false,true
33,75,0.6500000000000001,1.6,-0.6829105615615845,false,true
34,75,0.7000000000000002,1.6,-0.682913860406204,false,true
35,75,0.75,1.6,-0.6829147437277763,false,true
36,75,0.8,1.6,-0.6829165003149625,false,true
37,75,0.8500000000000001,1.6,-0.6829182100730191,false,true
38,75,0.9000000000000001,1.6,-0.6829200277719149,false,true
39,75,0.9500000000000002,1.6,-0.682921861667,false,true
40,75,1.0,1.6,-0.6829236974749472,false,true
41,75,1.0500000000000003,1.6,-0.6829255132429335,false,true
42,75,1.1,1.6,-0.6829272972258216,false,true
43,75,1.15,1.6,-0.6829290410205624,false,true
44,75,1.2000000000000002,1.6,-0.6829307395543229,false,true
45,75,1.25,1.6,-0.6829323898645484,false,true
46,75,1.3000000000000003,1.6,-0.6829339905342243,false,true
47,75,1.35,1.6,-0.6829355412142107,false,true
48,75,1.4000000000000004,1.6,-0.6829370423006872,false,true
49,75,1.4500000000000002,1.6,-0.6829384946992602,false,true
50,75,1.5,1.6,-0.6829398996566804,false,true
51,75,1.5500000000000003,1.6,-0.6829412586395311,false,true
52,75,1.6,1.6,-0.6829425732471008,false,true
53,75,1.6500000000000004,1.6,-0.6829438451102006,false,true
54,75,1.7000000000000002,1.6,-0.6828636216783852,false,true
55,75,1.75,1.6,-0.6827288269996643,false,true
56,75,1.8000000000000003,1.6,-0.6827288269984659,false,true
57,75,1.85,1.6,-0.6827288269979698,false,true
58,75,1.9000000000000004,1.6,-0.6827288269967728,false,true
59,75,1.9500000000000002,1.6,-0.6927926274713934,false,true
60,75,2.0,1.6,-0.7037808215478738,false,true
61,75,2.0500000000000003,1.6,-0.7238552272319794,false,true
62,75,2.1,1.6,-0.7322512360624921,false,true
63,75,2.1500000000000004,1.6,-0.737169504165632,false,true
64,75,2.2,1.6,-0.7371695041656442,false,true
65,75,2.25,1.6,-0.7371695041656493,false,true
66,75,2.3000000000000003,1.6,-0.7380651831626891,false,true
67,75,2.35,1.6,-0.7389608621597289,false,true
68,75,2.4000000000000004,1.6,-0.738023117184639,false,true
69,75,2.45,1.6,-0.737085372209549,false,true
70,75,2.5,1.6,-0.7361463457345961,false,true
71,75,2.5500000000000003,1.6,-0.7352073192596436,false,true
72,75,2.6,1.6,-0.7316752120692113,false,true
73,75,2.6500000000000004,1.6,-0.729606151580811,false,true
74,75,2.7,1.6,-0.7296061515808105,false,true
75,75,2.75,1.6,-0.7253711521625519,false,true
76,75,2.8000000000000003,1.6,-0.7211361527442932,false,true
77,75,2.85,1.6,-0.71974116563797,false,true
78,75,2.9000000000000004,1.6,-0.7183461785316466,false,true
79,75,2.95,1.6,-0.7140098640725965,false,true
80,75,3.0,1.6,-0.7114697098731992,false,true
81,75,3.05,1.6,-0.7114697098731995,false,true
82,75,3.1000000000000005,1.6,-0.7128379344940186,false,true
83,75,3.1500000000000004,1.6,-0.7142061591148376,false,true
84,75,3.2,1.6,-0.7171030640602112,false,true
85,75,3.25,1.6,-0.7199999690055847,false,true
86,75,3.3,1.6,-0.7264511801922141,false,true
87,75,3.3500000000000005,1.6,-0.7302302122116088,false,true
0,76,-1.0,1.6500000000000004,-0.6475120192685372,false,true
1,76,-0.95,1.6500000000000004,-0.6476448378784891,false,true
2,76,-0.9,1.6500000000000004,-0.6478024756249633,false,true
3,76,-0.85,1.6500000000000004,-0.6479932511502415,false,true
4,76,-0.8,1.6500000000000004,-0.6482298898552328,false,true
5,76,-0.75,1.6500000000000004,-0.6485391190615981,false,true
6,76,-0.7,1.6500000000000004,-0.6489411591242875,false,true
7,76,-0.6499999999999999,1.6500000000000004,-0.6496937579374006,false,true
8,76,-0.6,1.6500000000000004,-0.6496863500201415,false,true
9,76,-0.55,1.6500000000000004,-0.6493179798126221,false,true
10,76,-0.5,1.6500000000000004,-0.6495560131375927,false,true
11,76,-0.44999999999999996,1.6500000000000004,-0.6493179798126221,true,false
12,76,-0.3999999999999999,1.6500000000000004,-0.6525551378726959,true,false
13,76,-0.35,1.6500000000000004,-0.6514345109462738,true,false
14,76,-0.29999999999999993,1.6500000000000004,-0.6493179798126221,true,false
15,76,-0.25,1.6500000000000004,-0.6515541672706604,true,false
16,76,-0.19999999999999996,1.6500000000000004,-0.6520762145519257,true,false
17,76,-0.1499999999999999,1.6500000000000004,-0.6518515944480896,true,false
18,76,-0.09999999999999998,1.6500000000000004,-0.6508638262748718,true,false
19,76,-0.04999999999999993,1.6500000000000004,-0.6511372327804565,true,false
20,76,0.0,1.6500000000000004,-0.6526268124580383,true,false
21,76,0.050000000000000044,1.6500000000000004,-0.6541243493556976,true,false
22,76,0.10000000000000009,1.6500000000000004,-0.6571476459503174,true,false
23,76,0.15000000000000013,1.6500000000000004,-0.6585867404937744,true,false
24,76,0.20000000000000018,1.6500000000000004,-0.6586740911006927,true,false
25,76,0.25,1.6500000000000004,-0.6619609296321869,true,false
26,76,0.30000000000000004,1.6500000000000004,-0.6493179798126221,true,false
27,76,0.3500000000000001,1.6500000000000004,-0.6584374457450476,false,true
28,76,0.40000000000000013,1.6500000000000004,-0.6793180108070374,false,true
29,76,0.4500000000000002,1.6500000000000004,-0.6793180108070374,false,true
30,76,0.5,1.6500000000000004,-0.6809485732948405,false,true
31,76,0.55,1.6500000000000004,-0.6826332452035309,false,true
32,76,0.6000000000000001,1.6500000000000004,-0.6829105615615845,false,true
33,76,0.6500000000000001,1.6500000000000004,-0.6829185256770052,false,true
34,76,0.7000000000000002,1.6500000000000004,-0.682920175099315,false,true
35,76,0.75,1.6500000000000004,-0.6829235568315815,false,true
36,76,0.8,1.6500000000000004,-0.6829264856271119,false,true
37,76,0.8500000000000001,1.6500000000000004,-0.6829294175772816,false,true
38,76,0.9000000000000001,1.6500000000000004,-0.6829321963601966,false,true
39,76,0.9500000000000002,1.6500000000000004,-0.6829348435950703,false,true
40,76,1.0,1.6500000000000004,-0.6829373502529905,false,true
41,76,1.0500000000000003,1.6500000000000004,-0.6829397222761905,false,true
42,76,1.1,1.6500000000000004,-0.6829419656493808,false,true
43,76,1.15,1.6500000000000004,-0.6829440881062435,false,true
44,76,1.2000000000000002,1.6500000000000004,-0.6829460975660446,false,true
45,76,1.25,1.6500000000000004,-0.6829480018860796,false,true
46,76,1.3000000000000003,1.6500000000000004,-0.6829498085774145,false,true
47,76,1.35,1.6500000000000004,-0.6829515246998507,false,true
48,76,1.4000000000000004,1.6500000000000004,-0.682953156811647,false,true
49,76,1.4500000000000002,1.6500000000000004,-0.6829547109631533,false,true
50,76,1.5,1.6500000000000004,-0.682956192712062,false,true
51,76,1.5500000000000003,1.6500000000000004,-0.6829576071508384,false,true
52,76,1.6,1.6500000000000004,-0.6829589588076017,false,true
53,76,1.6500000000000004,1.6500000000000004,-0.6828727782726741,false,true
54,76,1.7000000000000002,1.6500000000000004,-0.6827288269996643,false,true
55,76,1.75,1.6500000000000004,-0.6827288269967713,false,true
56,76,1.8000000000000003,1.6500000000000004,-0.6827288269955734,false,true
57,76,1.85,1.6500000000000004,-0.6827288269926849,false,true
58,76,1.9000000000000004,1.6500000000000004,-0.6726029213225158,false,true
59,76,1.9500000000000002,1.6500000000000004,-0.6553169190883636,false,true
60,76,2.0,1.6500000000000004,-0.6553169190884215,false,true
61,76,2.0500000000000003,1.6500000000000004,-0.6823657616607806,false,true
62,76,2.1,1.6500000000000004,-0.6961638778448105,false,true
63,76,2.1500000000000004,1.6500000000000004,-0.7145894917762075,false,true
64,76,2.2,1.6500000000000004,-0.7371695041656421,false,true
65,76,2.25,1.6500000000000004,-0.7371695041656471,false,true
66,76,2.3000000000000003,1.6500000000000004,-0.7371695041656493,false,true
67,76,2.35,1.6500000000000004,-0.7380651831626891,false,true
68,76,2.4000000000000004,1.6500000000000004,-0.7389608621597289,false,true
69,76,2.45,1.6500000000000004,-0.738023117184639,false,true
70,76,2.5,1.6500000000000004,-0.737085372209549,false,true
71,76,2.5500000000000003,1.6500000000000004,-0.7361463457345961,false,true
72,76,2.6,1.6500000000000004,-0.7352073192596436,false,true
73,76,2.6500000000000004,1.6500000000000004,-0.7316752120692109,false,true
74,76,2.7,1.6500000000000004,-0.7296061515808108,false,true
75,76,2.75,1.6500000000000004,-0.7296061515808105,false,true
76,76,2.8000000000000003,1.6500000000000004,-0.7253711521625519,false,true
77,76,2.85,1.6500000000000004,-0.7211361527442932,false,true
78,76,2.9000000000000004,1.6500000000000004,-0.71974116563797,false,true
79,76,2.95,1.6500000000000004,-0.7183461785316466,false,true
80,76,3.0,1.6500000000000004,-0.7140098640725965,false,true
81,76,3.05,1.6500000000000004,-0.7114697098731992,false,true
82,76,3.1000000000000005,1.6500000000000004,-0.7114697098731995,false,true
83,76,3.1500000000000004,1.6500000000000004,-0.7128379344940186,false,true
84,76,3.2,1.6500000000000004,-0.7142061591148376,false,true
85,76,3.25,1.6500000000000004,-0.7171030640602112,false,true
86,76,3.3,1.6500000000000004,-0.7199999690055847,false,true
87,76,3.3500000000000005,1.6500000000000004,-0.7254640823851363,false,true
0,77,-1.0,1.7000000000000002,-0.6458124914948272,false,true
1,77,-0.95,1.7000000000000002,-0.6458545759667228,false,true
2,77,-0.9,1.7000000000000002,-0.645906121622103,false,true
3,77,-0.85,1.7000000000000002,-0.6459716052571078,false,true
4,77,-0.8,1.7000000000000002,-0.6460602266095832,false,true
5,77,-0.75,1.7000000000000002,-0.6461859706697752,false,true
6,77,-0.7,1.7000000000000002,-0.6464178348008702,false,true
7,77,-0.6499999999999999,1.7000000000000002,-0.6467014965523614,false,true
8,77,-0.6,1.7000000000000002,-0.6493179798126221,false,true
9,77,-0.55,1.7000000000000002,-0.6477890114488838,false,true
10,77,-0.5,1.7000000000000002,-0.6469407360091801,false,true
11,77,-0.44999999999999996,1.7000000000000002,-0.647983193397522,true,false
12,77,-0.3999999999999999,1.7000000000000002,-0.6527734994888306,true,false
13,77,-0.35,1.7000000000000002,-0.6526078283786774,true,false
14,77,-0.29999999999999993,1.7000000000000002,-0.6500880122184753,true,false
15,77,-0.25,1.7000000000000002,-0.6523559391498566,true,false
16,77,-0.19999999999999996,1.7000000000000002,-0.6533318161964417,true,false
17,77,-0.1499999999999999,1.7000000000000002,-0.6528618931770325,true,false
18,77,-0.09999999999999998,1.7000000000000002,-0.6556286811828613,true,false
19,77,-0.04999999999999993,1.7000000000000002,-0.6543782353401184,true,false
20,77,0.0,1.7000000000000002,-0.657495766878128,true,false
21,77,0.050000000000000044,1.7000000000000002,-0.6584758460521698,true,false
22,77,0.10000000000000009,1.7000000000000002,-0.6586410105228424,true,false
23,77,0.15000000000000013,1.7000000000000002,-0.657824844121933,true,false
24,77,0.20000000000000018,1.7000000000000002,-0.6563913822174072,true,false
25,77,0.25,1.7000000000000002,-0.6577244400978088,true,false
26,77,0.30000000000000004,1.7000000000000002,-0.6493179798126221,true,false
27,77,0.3500000000000001,1.7000000000000002,-0.6493179798126221,false,true
28,77,0.40000000000000013,1.7000000000000002,-0.6675349242637459,false,true
29,77,0.4500000000000002,1.7000000000000002,-0.679987513998454,false,true
30,77,0.5,1.7000000000000002,-0.6822410606489038,false,true
31,77,0.55,1.7000000000000002,-0.6829105615615845,false,true
32,77,0.6000000000000001,1.7000000000000002,-0.6829297886370455,false,true
33,77,0.6500000000000001,1.7000000000000002,-0.6829321212724461,false,true
34,77,0.7000000000000002,1.7000000000000002,-0.6829380357485944,false,true
35,77,0.75,1.7000000000000002,-0.6829423694688079,false,true
36,77,0.8,1.7000000000000002,-0.682946481243295,false,true
37,77,0.8500000000000001,1.7000000000000002,-0.6829501124398593,false,true
38,77,0.9000000000000001,1.7000000000000002,-0.682953403173687,false,true
39,77,0.9500000000000002,1.7000000000000002,-0.6829563837886081,false,true
40,77,1.0,1.7000000000000002,-0.6829591016248137,false,true
41,77,1.0500000000000003,1.7000000000000002,-0.6829615906646195,false,true
42,77,1.1,1.7000000000000002,-0.6829638805939461,false,true
43,77,1.15,1.7000000000000002,-0.6829659959168306,false,true
44,77,1.2000000000000002,1.7000000000000002,-0.6829679573330573,false,true
45,77,1.25,1.7000000000000002,-0.6829697823376695,false,true
46,77,1.3000000000000003,1.7000000000000002,-0.6829714858291007,false,true
47,77,1.35,1.7000000000000002,-0.6829730805637214,false,true
48,77,1.4000000000000004,1.7000000000000002,-0.6829745775277578,false,true
49,77,1.4500000000000002,1.7000000000000002,-0.6829759862342665,false,true
50,77,1.5,1.7000000000000002,-0.682977314963497,false,true
51,77,1.5500000000000003,1.7000000000000002,-0.6829785705069987,false,true
52,77,1.6,1.7000000000000002,-0.6828846834595516,false,true
53,77,1.6500000000000004,1.7000000000000002,-0.6827288269996643,false,true
54,77,1.7000000000000002,1.7000000000000002,-0.6827288269926799,false,true
55,77,1.75,1.7000000000000002,-0.6827288269897883,false,true
56,77,1.8000000000000003,1.7000000000000002,-0.682728826982819,false,true
57,77,1.85,1.7000000000000002,-0.6726029213157477,false,true
58,77,1.9000000000000004,1.7000000000000002,-0.6553169190883636,false,true
59,77,1.9500000000000002,1.7000000000000002,-0.6553169190885034,false,true
60,77,2.0,1.7000000000000002,-0.6601765757007022,false,true
61,77,2.0500000000000003,1.7000000000000002,-0.6684725284576416,false,true
62,77,2.1,1.7000000000000002,-0.6684725284576416,false,true
63,77,2.1500000000000004,1.7000000000000002,-0.6765831369129375,false,true
64,77,2.2,1.7000000000000002,-0.7068081310930007,false,true
65,77,2.25,1.7000000000000002,-0.7371695041656463,false,true
66,77,2.3000000000000003,1.7000000000000002,-0.7371695041656484,false,true
67,77,2.35,1.7000000000000002,-0.7371695041656493,false,true
68,77,2.4000000000000004,1.7000000000000002,-0.7380651831626891,false,true
69,77,2.45,1.7000000000000002,-0.7389608621597289,false,true
70,77,2.5,1.7000000000000002,-0.738023117184639,false,true
71,77,2.5500000000000003,1.7000000000000002,-0.737085372209549,false,true
72,77,2.6,1.7000000000000002,-0.7361463457345961,false,true
73,77,2.6500000000000004,1.7000000000000002,-0.7352073192596436,false,true
74,77,2.7,1.7000000000000002,-0.7316752120692107,false,true
75,77,2.75,1.7000000000000002,-0.7296061515808108,false,true
76,77,2.8000000000000003,1.7000000000000002,-0.7296061515808105,false,true
77,77,2.85,1.7000000000000002,-0.7253711521625519,false,true
78,77,2.9000000000000004,1.7000000000000002,-0.7211361527442932,false,true
79,77,2.95,1.7000000000000002,-0.71974116563797,false,true
80,77,3.0,1.7000000000000002,-0.7183461785316466,false,true
81,77,3.05,1.7000000000000002,-0.7140098640725965,false,true
82,77,3.1000000000000005,1.7000000000000002,-0.7114697098731992,false,true
83,77,3.1500000000000004,1.7000000000000002,-0.7114697098731995,false,true
84,77,3.2,1.7000000000000002,-0.7128379344940186,false,true
85,77,3.25,1.7000000000000002,-0.7142061591148376,false,true
86,77,3.3,1.7000000000000002,-0.7171030640602112,false,true
87,77,3.3500000000000005,1.7000000000000002,-0.7199999690055847,false,true
0,78,-1.0,1.7500000000000004,-0.6439926292270504,false,true
1,78,-0.95,1.7500000000000004,-0.6439206286802454,false,true
2,78,-0.9,1.7500000000000004,-0.6438337797435622,false,true
3,78,-0.85,1.7500000000000004,-0.6437263842492271,false,true
4,78,-0.8,1.7500000000000004,-0.6435879911403961,false,true
5,78,-0.75,1.7500000000000004,-0.6434035052022568,false,true
6,78,-0.7,1.7500000000000004,-0.6431028768164408,false,true
7,78,-0.6499999999999999,1.7500000000000004,-0.6427407533682545,false,true
8,78,-0.6,1.7500000000000004,-0.6400163769721985,false,true
9,78,-0.55,1.7500000000000004,-0.6434880551104994,false,true
10,78,-0.5,1.7500000000000004,-0.6450593645951936,false,true
11,78,-0.44999999999999996,1.7500000000000004,-0.643089234828949,true,false
12,78,-0.3999999999999999,1.7500000000000004,-0.6498876810073853,true,false
13,78,-0.35,1.7500000000000004,-0.6528543829917908,true,false
14,78,-0.29999999999999993,1.7500000000000004,-0.6530836224555969,true,false
15,78,-0.25,1.7500000000000004,-0.6538729071617126,true,false
16,78,-0.19999999999999996,1.7500000000000004,-0.6555059850215912,true,false
17,78,-0.1499999999999999,1.7500000000000004,-0.6581296622753143,true,false
18,78,-0.09999999999999998,1.7500000000000004,-0.6591064929962158,true,false
19,78,-0.04999999999999993,1.7500000000000004,-0.6577313542366028,true,false
20,78,0.0,1.7500000000000004,-0.6584891080856323,true,false
21,78,0.050000000000000044,1.7500000000000004,-0.6590864658355713,true,false
22,78,0.10000000000000009,1.7500000000000004,-0.6580449938774109,true,false
23,78,0.15000000000000013,1.7500000000000004,-0.655738890171051,true,false
24,78,0.20000000000000018,1.7500000000000004,-0.6498075127601624,true,false
25,78,0.25,1.7500000000000004,-0.6500213146209717,true,false
26,78,0.30000000000000004,1.7500000000000004,-0.6493179798126221,true,false
27,78,0.3500000000000001,1.7500000000000004,-0.6601617632634845,false,true
28,78,0.40000000000000013,1.7500000000000004,-0.6758859752155949,false,true
29,78,0.4500000000000002,1.7500000000000004,-0.6812942433781696,false,true
30,78,0.5,1.7500000000000004,-0.6829105615615845,false,true
31,78,0.55,1.7500000000000004,-0.6829569798279271,false,true
32,78,0.6000000000000001,1.7500000000000004,-0.6829569798279272,false,true
33,78,0.6500000000000001,1.7500000000000004,-0.6829659101525669,false,true
34,78,0.7000000000000002,1.7500000000000004,-0.6829706926442024,false,true
35,78,0.75,1.7500000000000004,-0.6829752205822536,false,true
36,78,0.8,1.7500000000000004,-0.6829788745400356,false,true
37,78,0.8500000000000001,1.7500000000000004,-0.6829820425705015,false,true
38,78,0.9000000000000001,1.7500000000000004,-0.6829847864430653,false,true
39,78,0.9500000000000002,1.7500000000000004,-0.6829872032553792,false,true
40,78,1.0,1.7500000000000004,-0.6829893511100992,false,true
41,78,1.0500000000000003,1.7500000000000004,-0.6829912773608122,false,true
42,78,1.1,1.7500000000000004,-0.6829930177025925,false,true
43,78,1.15,1.7500000000000004,-0.6829946004213003,false,true
44,78,1.2000000000000002,1.7500000000000004,-0.6829960480555682,false,true
45,78,1.25,1.7500000000000004,-0.6829973788728074,false,true
46,78,1.3000000000000003,1.7500000000000004,-0.682998607845357,false,true
47,78,1.35,1.7500000000000004,-0.6829997473825078,false,true
48,78,1.4000000000000004,1.7500000000000004,-0.683000807868736,false,true
49,78,1.4500000000000002,1.7500000000000004,-0.6830017980707389,false,true
50,78,1.5,1.7500000000000004,-0.6830027239085837,false,true
51,78,1.5500000000000003,1.7500000000000004,-0.6828993977517892,false,true
52,78,1.6,1.7500000000000004,-0.6827288269996643,false,true
53,78,1.6500000000000004,1.7500000000000004,-0.6827288269828024,false,true
54,78,1.7000000000000002,1.7500000000000004,-0.6827288269758228,false,true
55,78,1.75,1.7500000000000004,-0.6827288269590104,false,true
56,78,1.8000000000000003,1.7500000000000004,-0.6726029212994173,false,true
57,78,1.85,1.7500000000000004,-0.6553169190883636,false,true
58,78,1.9000000000000004,1.7500000000000004,-0.655316919088701,false,true
59,78,1.9500000000000002,1.7500000000000004,-0.660176575700818,false,true
60,78,2.0,1.7500000000000004,-0.6684725284576416,false,true
61,78,2.0500000000000003,1.7500000000000004,-0.6684725284576416,false,true
62,78,2.1,1.7500000000000004,-0.6684725284576416,false,true
63,78,2.1500000000000004,1.7500000000000004,-0.6684725284576416,false,true
64,78,2.2,1.7500000000000004,-0.6708480706746488,false,true
65,78,2.25,1.7500000000000004,-0.7040815002544641,false,true
66,78,2.3000000000000003,1.7500000000000004,-0.7371695041656482,false,true
67,78,2.35,1.7500000000000004,-0.737169504165649,false,true
68,78,2.4000000000000004,1.7500000000000004,-0.7371695041656493,false,true
69,78,2.45,1.7500000000000004,-0.7380651831626891,false,true
70,78,2.5,1.7500000000000004,-0.7389608621597289,false,true
71,78,2.5500000000000003,1.7500000000000004,-0.738023117184639,false,true
72,78,2.6,1.7500000000000004,-0.737085372209549,false,true
73,78,2.6500000000000004,1.7500000000000004,-0.7361463457345961,false,true
74,78,2.7,1.7500000000000004,-0.7352073192596436,false,true
75,78,2.75,1.7500000000000004,-0.7316752120692106,false,true
76,78,2.8000000000000003,1.7500000000000004,-0.7296061515808108,false,true
77,78,2.85,1.7500000000000004,-0.7296061515808105,false,true
78,78,2.9000000000000004,1.7500000000000004,-0.7253711521625519,false,true
79,78,2.95,1.7500000000000004,-0.7211361527442932,false,true
80,78,3.0,1.7500000000000004,-0.71974116563797,false,true
81,78,3.05,1.7500000000000004,-0.7183461785316466,false,true
82,78,3.1000000000000005,1.7500000000000004,-0.7140098640725965,false,true
83,78,3.1500000000000004,1.7500000000000004,-0.7114697098731992,false,true
84,78,3.2,1.7500000000000004,-0.7114697098731995,false,true
85,78,3.25,1.7500000000000004,-0.7128379344940186,false,true
86,78,3.3,1.7500000000000004,-0.7142061591148376,false,true
87,78,3.3500000000000005,1.7500000000000004,-0.7171030640602112,false,true
0,79,-1.0,1.8000000000000003,-0.6423749919860653,false,true
1,79,-0.95,1.8000000000000003,-0.642232506637168,false,true
2,79,-0.9,1.8000000000000003,-0.6420579586825226,false,true
3,79,-0.85,1.8000000000000003,-0.6418478343946431,false,true
4,79,-0.8,1.8000000000000003,-0.6415882593003189,false,true
5,79,-0.75,1.8000000000000003,-0.6412509141268011,false,true
6,79,-0.7,1.8000000000000003,-0.6408143283440987,false,true
7,79,-0.6499999999999999,1.8000000000000003,-0.6400163769721985,false,true
8,79,-0.6,1.8000000000000003,-0.6400163769721985,false,true
9,79,-0.55,1.8000000000000003,-0.6400163769721985,false,true
10,79,-0.5,1.8000000000000003,-0.6427229013352584,false,true
11,79,-0.44999999999999996,1.8000000000000003,-0.6449217200279236,true,false
12,79,-0.3999999999999999,1.8000000000000003,-0.6493179798126221,true,false
13,79,-0.35,1.8000000000000003,-0.6532082855701447,true,false
14,79,-0.29999999999999993,1.8000000000000003,-0.6557433605194092,true,false
15,79,-0.25,1.8000000000000003,-0.656722366809845,true,false
16,79,-0.19999999999999996,1.8000000000000003,-0.6584677994251251,true,false
17,79,-0.1499999999999999,1.8000000000000003,-0.6601258516311646,true,false
18,79,-0.09999999999999998,1.8000000000000003,-0.6607298851013184,true,false
19,79,-0.04999999999999993,1.8000000000000003,-0.6614047288894653,true,false
20,79,0.0,1.8000000000000003,-0.6614303290843964,true,false
21,79,0.050000000000000044,1.8000000000000003,-0.6600142419338226,true,false
22,79,0.10000000000000009,1.8000000000000003,-0.6574192941188812,true,false
23,79,0.15000000000000013,1.8000000000000003,-0.6531675457954407,true,false
24,79,0.20000000000000018,1.8000000000000003,-0.649709165096283,true,false
25,79,0.25,1.8000000000000003,-0.6497191786766052,true,false
26,79,0.30000000000000004,1.8000000000000003,-0.6614360809326172,true,false
27,79,0.3500000000000001,1.8000000000000003,-0.6644455790519714,true,false
28,79,0.40000000000000013,1.8000000000000003,-0.679008424282074,true,false
29,79,0.4500000000000002,1.8000000000000003,-0.6829105615615845,true,false
30,79,0.5,1.8000000000000003,-0.6830226251697309,false,true
31,79,0.55,1.8000000000000003,-0.6830033980942699,false,true
32,79,0.6000000000000001,1.8000000000000003,-0.6830146610543102,false,true
33,79,0.6500000000000001,1.8000000000000003,-0.6830160274804917,false,true
34,79,0.7000000000000002,1.8000000000000003,-0.6830188088873143,false,true
35,79,0.75,1.8000000000000003,-0.6830205470879147,false,true
36,79,0.8,1.8000000000000003,-0.6830220841693591,false,true
37,79,0.8500000000000001,1.8000000000000003,-0.6830233408680642,false,true
38,79,0.9000000000000001,1.8000000000000003,-0.6830244212258233,false,true
39,79,0.9500000000000002,1.8000000000000003,-0.6830253559568651,false,true
40,79,1.0,1.8000000000000003,-0.6830261772266941,false,true
41,79,1.0500000000000003,1.8000000000000003,-0.6830269059555143,false,true
42,79,1.1,1.8000000000000003,-0.6830275585509167,false,true
43,79,1.15,1.8000000000000003,-0.683028147458321,false,true
44,79,1.2000000000000002,1.8000000000000003,-0.6830286824723465,false,true
45,79,1.25,1.8000000000000003,-0.6830291713826921,false,true
46,79,1.3000000000000003,1.8000000000000003,-0.6830296204848082,false,true
47,79,1.35,1.8000000000000003,-0.683030034927757,false,true
48,79,1.4000000000000004,1.8000000000000003,-0.6830304189708221,false,true
49,79,1.4500000000000002,1.8000000000000003,-0.6830307709153378,false,true
50,79,1.5,1.8000000000000003,-0.6829165787587942,false,true
51,79,1.5500000000000003,1.8000000000000003,-0.6827288269996643,false,true
52,79,1.6,1.8000000000000003,-0.6827288269589559,false,true
53,79,1.6500000000000004,1.8000000000000003,-0.6827288269421105,false,true
54,79,1.7000000000000002,1.8000000000000003,-0.6827288269015646,false,true
55,79,1.75,1.8000000000000003,-0.6726029212600225,false,true
56,79,1.8000000000000003,1.8000000000000003,-0.6553169190883636,false,true
57,79,1.85,1.8000000000000003,-0.6553169190891782,false,true
58,79,1.9000000000000004,1.8000000000000003,-0.6601765757010974,false,true
59,79,1.9500000000000002,1.8000000000000003,-0.6684725284576416,false,true
60,79,2.0,1.8000000000000003,-0.6684725284576416,false,true
61,79,2.0500000000000003,1.8000000000000003,-0.6684725284576416,false,true
62,79,2.1,1.8000000000000003,-0.6684725284576416,false,true
63,79,2.1500000000000004,1.8000000000000003,-0.6684725284576416,false,true
64,79,2.2,1.8000000000000003,-0.6684725284576416,false,true
65,79,2.25,1.8000000000000003,-0.6691683086640081,false,true
66,79,2.3000000000000003,1.8000000000000003,-0.7032061057532826,false,true
67,79,2.35,1.8000000000000003,-0.7371695041656489,false,true
68,79,2.4000000000000004,1.8000000000000003,-0.7371695041656492,false,true
69,79,2.45,1.8000000000000003,-0.7371695041656493,false,true
70,79,2.5,1.8000000000000003,-0.7380651831626891,false,true
71,79,2.5500000000000003,1.8000000000000003,-0.7389608621597289,false,true
72,79,2.6,1.8000000000000003,-0.738023117184639,false,true
73,79,2.6500000000000004,1.8000000000000003,-0.737085372209549,false,true
74,79,2.7,1.8000000000000003,-0.7361463457345961,false,true
75,79,2.75,1.8000000000000003,-0.7352073192596436,false,true
76,79,2.8000000000000003,1.8000000000000003,-0.7316752120692106,false,true
77,79,2.85,1.8000000000000003,-0.7296061515808108,false,true
78,79,2.9000000000000004,1.8000000000000003,-0.7296061515808105,false,true
79,79,2.95,1.8000000000000003,-0.7253711521625519,false,true
80,79,3.0,1.8000000000000003,-0.7211361527442932,false,true
81,79,3.05,1.8000000000000003,-0.71974116563797,false,true
82,79,3.1000000000000005,1.8000000000000003,-0.7183461785316466,false,true
83,79,3.1500000000000004,1.8000000000000003,-0.7140098640725965,false,true
84,79,3.2,1.8000000000000003,-0.7114697098731992,false,true
85,79,3.25,1.8000000000000003,-0.7114697098731995,false,true
86,79,3.3,1.8000000000000003,-0.7128379344940186,false,true
87,79,3.3500000000000005,1.8000000000000003,-0.7142061591148376,false,true
0,80,-1.0,1.85,-0.6411513834883216,false,true
1,80,-0.95,1.85,-0.6410308600047355,false,true
2,80,-0.9,1.85,-0.6408780816155178,false,true
3,80,-0.85,1.85,-0.6406866937335214,false,true
4,80,-0.8,1.85,-0.6404747722677377,false,true
5,80,-0.75,1.85,-0.640250091517971,false,true
6,80,-0.7,1.85,-0.6400163769721985,false,true
7,80,-0.6499999999999999,1.85,-0.6400163769721985,false,true
8,80,-0.6,1.85,-0.6400163769721985,false,true
9,80,-0.55,1.85,-0.6400163769721985,false,true
10,80,-0.5,1.85,-0.6400163769721985,true,false
11,80,-0.44999999999999996,1.85,-0.6430745720863342,true,false
12,80,-0.3999999999999999,1.85,-0.649186909198761,true,false
13,80,-0.35,1.85,-0.6522492170333862,true,false
14,80,-0.29999999999999993,1.85,-0.6557506322860718,true,false
15,80,-0.25,1.85,-0.6533971428871155,true,false
16,80,-0.19999999999999996,1.85,-0.6550531387329102,true,false
17,80,-0.1499999999999999,1.85,-0.6588407754898071,true,false
18,80,-0.09999999999999998,1.85,-0.6585092842578888,true,false
19,80,-0.04999999999999993,1.85,-0.6602396368980408,true,false
20,80,0.0,1.85,-0.660023957490921,true,false
21,80,0.050000000000000044,1.85,-0.6583134233951569,true,false
22,80,0.10000000000000009,1.85,-0.6557467877864838,true,false
23,80,0.15000000000000013,1.85,-0.6516276001930237,true,false
24,80,0.20000000000000018,1.85,-0.6493179798126221,true,false
25,80,0.25,1.85,-0.6508384346961975,true,false
26,80,0.30000000000000004,1.85,-0.6666115522384644,true,false
27,80,0.3500000000000001,1.85,-0.6711602509021759,true,false
28,80,0.40000000000000013,1.85,-0.6793180108070374,true,false
29,80,0.4500000000000002,1.85,-0.68318110704422,true,false
30,80,0.5,1.85,-0.6830690434360736,false,true
31,80,0.55,1.85,-0.6830882705115345,false,true
32,80,0.6000000000000001,1.85,-0.6830770075514943,false,true
33,80,0.6500000000000001,1.85,-0.6830756411253127,false,true
34,80,0.7000000000000002,1.85,-0.6830728597184902,false,true
35,80,0.75,1.85,-0.6830711215178897,false,true
36,80,0.8,1.85,-0.6830695844364454,false,true
37,80,0.8500000000000001,1.85,-0.6830683277377402,false,true
38,80,0.9000000000000001,1.85,-0.683067247379981,false,true
39,80,0.9500000000000002,1.85,-0.6830663126489395,false,true
40,80,1.0,1.85,-0.6830654913791104,false,true
41,80,1.0500000000000003,1.85,-0.6830647626502903,false,true
42,80,1.1,1.85,-0.6830641100548877,false,true
43,80,1.15,1.85,-0.6830635211474834,false,true
44,80,1.2000000000000002,1.85,-0.6830629861334578,false,true
45,80,1.25,1.85,-0.6830624972231122,false,true
46,80,1.3000000000000003,1.85,-0.6830620481209961,false,true
47,80,1.35,1.85,-0.6830616336780474,false,true
48,80,1.4000000000000004,1.85,-0.683061231686647,false,true
49,80,1.4500000000000002,1.85,-0.6829353884344701,false,true
50,80,1.5,1.85,-0.6827288269996643,false,true
51,80,1.5500000000000003,1.85,-0.6827288269013857,false,true
52,80,1.6,1.85,-0.6827288268607337,false,true
53,80,1.6500000000000004,1.85,-0.6827288267629862,false,true
54,80,1.7000000000000002,1.85,-0.672602921165014,false,true
55,80,1.75,1.85,-0.6553169190883636,false,true
56,80,1.8000000000000003,1.85,-0.6553169190903301,false,true
57,80,1.85,1.85,-0.6601765757017722,false,true
58,80,1.9000000000000004,1.85,-0.6684725284576416,false,true
59,80,1.9500000000000002,1.85,-0.6684725284576416,false,true
60,80,2.0,1.85,-0.6684725284576416,false,true
61,80,2.0500000000000003,1.85,-0.6684725284576416,false,true
62,80,2.1,1.85,-0.6684725284576416,false,true
63,80,2.1500000000000004,1.85,-0.6684725284576416,false,true
64,80,2.2,1.85,-0.6684725284576416,false,true
65,80,2.25,1.85,-0.6684725284576416,false,true
66,80,2.3000000000000003,1.85,-0.668676317761871,false,true
67,80,2.35,1.85,-0.7029365347911828,false,true
68,80,2.4000000000000004,1.85,-0.7371695041656491,false,true
69,80,2.45,1.85,-0.7371695041656492,false,true
70,80,2.5,1.85,-0.7371695041656493,false,true
71,80,2.5500000000000003,1.85,-0.7380651831626891,false,true
72,80,2.6,1.85,-0.7389608621597289,false,true
73,80,2.6500000000000004,1.85,-0.738023117184639,false,true
74,80,2.7,1.85,-0.737085372209549,false,true
75,80,2.75,1.85,-0.7361463457345961,false,true
76,80,2.8000000000000003,1.85,-0.7352073192596436,false,true
77,80,2.85,1.85,-0.7316752120692106,false,true
78,80,2.9000000000000004,1.85,-0.7296061515808108,false,true
79,80,2.95,1.85,-0.7296061515808105,false,true
80,80,3.0,1.85,-0.7253711521625519,false,true
81,80,3.05,1.85,-0.7211361527442932,false,true
82,80,3.1000000000000005,1.85,-0.71974116563797,false,true
83,80,3.1500000000000004,1.85,-0.7183461785316466,false,true
84,80,3.2,1.85,-0.7140098640725965,false,true
85,80,3.25,1.85,-0.7114697098731992,false,true
86,80,3.3,1.85,-0.7114697098731995,false,true
87,80,3.3500000000000005,1.85,-0.7128379344940186,false,true
0,81,-1.0,1.9,-0.6367685616246759,false,true
1,81,-0.95,1.9,-0.6402407062845469,false,true
2,81,-0.9,1.9,-0.6402198225970175,false,true
3,81,-0.85,1.9,-0.6401789921747859,false,true
4,81,-0.8,1.9,-0.6400848303777933,false,true
5,81,-0.75,1.9,-0.6400163769721985,false,true
6,81,-0.7,1.9,-0.6400163769721985,false,true
7,81,-0.6499999999999999,1.9,-0.6400163769721985,false,true
8,81,-0.6,1.9,-0.6400163769721985,false,true
9,81,-0.55,1.9,-0.6400163769721985,false,true
10,81,-0.5,1.9,-0.6445055058390579,false,true
11,81,-0.44999999999999996,1.9,-0.646603524684906,true,false
12,81,-0.3999999999999999,1.9,-0.654780387878418,true,false
13,81,-0.35,1.9,-0.6547902226448059,true,false
14,81,-0.29999999999999993,1.9,-0.6525543928146362,true,false
15,81,-0.25,1.9,-0.6504181027412415,true,false
16,81,-0.19999999999999996,1.9,-0.653207540512085,true,false
17,81,-0.1499999999999999,1.9,-0.651008814573288,true,false
18,81,-0.09999999999999998,1.9,-0.6535043120384216,true,false
19,81,-0.04999999999999993,1.9,-0.6569150686264038,true,false
20,81,0.0,1.9,-0.6568291783332825,true,false
21,81,0.050000000000000044,1.9,-0.6542328894138336,true,false
22,81,0.10000000000000009,1.9,-0.6522620916366577,true,false
23,81,0.15000000000000013,1.9,-0.6511209607124329,true,false
24,81,0.20000000000000018,1.9,-0.6516281962394714,true,false
25,81,0.25,1.9,-0.653075635433197,true,false
26,81,0.30000000000000004,1.9,-0.6637771129608154,true,false
27,81,0.3500000000000001,1.9,-0.6718847751617432,true,false
28,81,0.40000000000000013,1.9,-0.6793180108070374,true,false
29,81,0.4500000000000002,1.9,-0.6802992649601387,false,true
30,81,0.5,1.9,-0.68318110704422,false,true
31,81,0.55,1.9,-0.6831346887778773,false,true
32,81,0.6000000000000001,1.9,-0.6831346887778773,false,true
33,81,0.6500000000000001,1.9,-0.6831257584532376,false,true
34,81,0.7000000000000002,1.9,-0.683120975961602,false,true
35,81,0.75,1.9,-0.6831164480235509,false,true
36,81,0.8,1.9,-0.6831127940657689,false,true
37,81,0.8500000000000001,1.9,-0.6831096260353029,false,true
38,81,0.9000000000000001,1.9,-0.6831068821627392,false,true
39,81,0.9500000000000002,1.9,-0.6831044653504252,false,true
40,81,1.0,1.9,-0.6831023174957054,false,true
41,81,1.0500000000000003,1.9,-0.6831003912449922,false,true
42,81,1.1,1.9,-0.6830986509032119,false,true
43,81,1.15,1.9,-0.683097068184504,false,true
44,81,1.2000000000000002,1.9,-0.6830956205502361,false,true
45,81,1.25,1.9,-0.6830942897329968,false,true
46,81,1.3000000000000003,1.9,-0.6830930607604472,false,true
47,81,1.35,1.9,-0.6830918599438468,false,true
48,81,1.4000000000000004,1.9,-0.6829545106467216,false,true
49,81,1.4500000000000002,1.9,-0.6827288269996643,false,true
50,81,1.5,1.9,-0.6827288267623989,false,true
51,81,1.5500000000000003,1.9,-0.6827288266643124,false,true
52,81,1.6,1.9,-0.6827288264287807,false,true
53,81,1.6500000000000004,1.9,-0.6726029209359639,false,true
54,81,1.7000000000000002,1.9,-0.6553169190883636,false,true
55,81,1.75,1.9,-0.6553169190931109,false,true
56,81,1.8000000000000003,1.9,-0.660176575703401,false,true
57,81,1.85,1.9,-0.6684725284576416,false,true
58,81,1.9000000000000004,1.9,-0.6684725284576416,false,true
59,81,1.9500000000000002,1.9,-0.6684725284576416,false,true
60,81,2.0,1.9,-0.6684725284576416,false,true
61,81,2.0500000000000003,1.9,-0.6684725284576416,false,true
62,81,2.1,1.9,-0.6684725284576416,false,true
63,81,2.1500000000000004,1.9,-0.6684725284576416,false,true
64,81,2.2,1.9,-0.6684725284576416,false,true
65,81,2.25,1.9,-0.6684725284576416,false,true
66,81,2.3000000000000003,1.9,-0.6684725284576416,false,true
67,81,2.35,1.9,-0.6685322169629172,false,true
68,81,2.4000000000000004,1.9,-0.7028553190092579,false,true
69,81,2.45,1.9,-0.7371695041656493,false,true
70,81,2.5,1.9,-0.7371695041656492,false,true
71,81,2.5500000000000003,1.9,-0.7371695041656493,false,true
72,81,2.6,1.9,-0.7380651831626891,false,true
73,81,2.6500000000000004,1.9,-0.7389608621597289,false,true
74,81,2.7,1.9,-0.738023117184639,false,true
75,81,2.75,1.9,-0.737085372209549,false,true
76,81,2.8000000000000003,1.9,-0.7361463457345961,false,true
77,81,2.85,1.9,-0.7352073192596436,false,true
78,81,2.9000000000000004,1.9,-0.7316752120692106,false,true
79,81,2.95,1.9,-0.7296061515808108,false,true
80,81,3.0,1.9,-0.7296061515808105,false,true
81,81,3.05,1.9,-0.7253711521625519,false,true
82,81,3.1000000000000005,1.9,-0.7211361527442932,false,true
83,81,3.1500000000000004,1.9,-0.71974116563797,false,true
84,81,3.2,1.9,-0.7183461785316466,false,true
85,81,3.25,1.9,-0.7140098640725965,false,true
86,81,3.3,1.9,-0.7114697098731992,false,true
87,81,3.3500000000000005,1.9,-0.7114697098731995,false,true
0,82,-1.0,1.9500000000000006,-0.6312072619268714,false,true
1,82,-0.95,1.9500000000000006,-0.6354607746331618,false,true
2,82,-0.9,1.9500000000000006,-0.6396328649477123,false,true
3,82,-0.85,1.9500000000000006,-0.6398106943973908,false,true
4,82,-0.8,1.9500000000000006,-0.6400163769721985,false,true
5,82,-0.75,1.9500000000000006,-0.6400163769721985,false,true
6,82,-0.7,1.9500000000000006,-0.6400163769721985,false,true
7,82,-0.6499999999999999,1.9500000000000006,-0.6400163769721985,false,true
8,82,-0.6,1.9500000000000006,-0.6400163769721985,false,true
9,82,-0.55,1.9500000000000006,-0.6443062461613461,false,true
10,82,-0.5,1.9500000000000006,-0.647290335336584,false,true
11,82,-0.44999999999999996,1.9500000000000006,-0.6493179798126221,true,false
12,82,-0.3999999999999999,1.9500000000000006,-0.6528592109680176,true,false
13,82,-0.35,1.9500000000000006,-0.6493179798126221,true,false
14,82,-0.29999999999999993,1.9500000000000006,-0.6523442268371582,true,false
15,82,-0.25,1.9500000000000006,-0.6493179798126221,true,false
16,82,-0.19999999999999996,1.9500000000000006,-0.6469264030456543,true,false
17,82,-0.1499999999999999,1.9500000000000006,-0.6480357944965363,true,false
18,82,-0.09999999999999998,1.9500000000000006,-0.6515727043151855,true,false
19,82,-0.04999999999999993,1.9500000000000006,-0.6554683446884155,true,false
20,82,0.0,1.9500000000000006,-0.6545534431934357,true,false
21,82,0.050000000000000044,1.9500000000000006,-0.6534338593482971,true,false
22,82,0.10000000000000009,1.9500000000000006,-0.6527872681617737,true,false
23,82,0.15000000000000013,1.9500000000000006,-0.651501476764679,true,false
24,82,0.20000000000000018,1.9500000000000006,-0.6509380340576172,true,false
25,82,0.25,1.9500000000000006,-0.6505166888237,true,false
26,82,0.30000000000000004,1.9500000000000006,-0.6618723273277283,true,false
27,82,0.3500000000000001,1.9500000000000006,-0.6734014749526978,true,false
28,82,0.40000000000000013,1.9500000000000006,-0.6785926818847656,true,false
29,82,0.4500000000000002,1.9500000000000006,-0.6778820710167174,false,true
30,82,0.5,1.9500000000000006,-0.6798555544103102,false,true
31,82,0.55,1.9500000000000006,-0.68318110704422,false,true
32,82,0.6000000000000001,1.9500000000000006,-0.683161879968759,false,true
33,82,0.6500000000000001,1.9500000000000006,-0.6831595473333584,false,true
34,82,0.7000000000000002,1.9500000000000006,-0.6831536328572101,false,true
35,82,0.75,1.9500000000000006,-0.6831492991369965,false,true
36,82,0.8,1.9500000000000006,-0.6831451873625095,false,true
37,82,0.8500000000000001,1.9500000000000006,-0.6831415561659453,false,true
38,82,0.9000000000000001,1.9500000000000006,-0.6831382654321175,false,true
39,82,0.9500000000000002,1.9500000000000006,-0.6831352848171964,false,true
40,82,1.0,1.9500000000000006,-0.6831325669809908,false,true
41,82,1.0500000000000003,1.9500000000000006,-0.683130077941185,false,true
42,82,1.1,1.9500000000000006,-0.6831277880118584,false,true
43,82,1.15,1.9500000000000006,-0.6831256726889737,false,true
44,82,1.2000000000000002,1.9500000000000006,-0.6831237112727471,false,true
45,82,1.25,1.9500000000000006,-0.683121886268135,false,true
46,82,1.3000000000000003,1.9500000000000006,-0.6831199735555752,false,true
47,82,1.35,1.9500000000000006,-0.6829723112510931,false,true
48,82,1.4000000000000004,1.9500000000000006,-0.6827288269996643,false,true
49,82,1.4500000000000002,1.9500000000000006,-0.6827288264268551,false,true
50,82,1.5,1.9500000000000006,-0.6827288261902451,false,true
51,82,1.5500000000000003,1.9500000000000006,-0.6827288256230838,false,true
52,82,1.6,1.9500000000000006,-0.6726029203840269,false,true
53,82,1.6500000000000004,1.9500000000000006,-0.6553169190883636,false,true
54,82,1.7000000000000002,1.9500000000000006,-0.6553169190998241,false,true
55,82,1.75,1.9500000000000006,-0.6601765757073338,false,true
56,82,1.8000000000000003,1.9500000000000006,-0.6684725284576416,false,true
57,82,1.85,1.9500000000000006,-0.6684725284576416,false,true
58,82,1.9000000000000004,1.9500000000000006,-0.6684725284576416,false,true
59,82,1.9500000000000002,1.9500000000000006,-0.6684725284576416,false,true
60,82,2.0,1.9500000000000006,-0.6684725284576416,false,true
61,82,2.0500000000000003,1.9500000000000006,-0.6684725284576416,false,true
62,82,2.1,1.9500000000000006,-0.6684725284576416,false,true
63,82,2.1500000000000004,1.9500000000000006,-0.6684725284576416,false,true
64,82,2.2,1.9500000000000006,-0.6684725284576416,false,true
65,82,2.25,1.9500000000000006,-0.6684725284576416,false,true
66,82,2.3000000000000003,1.9500000000000006,-0.6684725284576416,false,true
67,82,2.35,1.9500000000000006,-0.6684725284576416,false,true
68,82,2.4000000000000004,1.9500000000000006,-0.668490010816078,false,true
69,82,2.45,1.9500000000000006,-0.7028311436555672,false,true
70,82,2.5,1.9500000000000006,-0.7371695041656493,false,true
71,82,2.5500000000000003,1.9500000000000006,-0.7371695041656492,false,true
72,82,2.6,1.9500000000000006,-0.7371695041656493,false,true
73,82,2.6500000000000004,1.9500000000000006,-0.7380651831626891,false,true
74,82,2.7,1.9500000000000006,-0.7389608621597289,false,true
75,82,2.75,1.9500000000000006,-0.738023117184639,false,true
76,82,2.8000000000000003,1.9500000000000006,-0.737085372209549,false,true
77,82,2.85,1.9500000000000006,-0.7361463457345961,false,true
78,82,2.9000000000000004,1.9500000000000006,-0.7352073192596436,false,true
79,82,2.95,1.9500000000000006,-0.7316752120692106,false,true
80,82,3.0,1.9500000000000006,-0.7296061515808108,false,true
81,82,3.05,1.9500000000000006,-0.7296061515808105,false,true
82,82,3.1000000000000005,1.9500000000000006,-0.7253711521625519,false,true
83,82,3.1500000000000004,1.9500000000000006,-0.7211361527442932,false,true
84,82,3.2,1.9500000000000006,-0.71974116563797,false,true
85,82,3.25,1.9500000000000006,-0.7183461785316466,false,true
86,82,3.3,1.9500000000000006,-0.7140098640725965,false,true
87,82,3.3500000000000005,1.9500000000000006,-0.7114697098731992,false,true
0,83,-1.0,2.0000000000000004,-0.6312049925327301,false,true
1,83,-0.95,2.0000000000000004,-0.6312104713348444,false,true
2,83,-0.9,2.0000000000000004,-0.6350681186321331,false,true
3,83,-0.85,2.0000000000000004,-0.638835248901114,false,true
4,83,-0.8,2.0000000000000004,-0.6392456793301513,false,true
5,83,-0.75,2.0000000000000004,-0.6400163769721985,false,true
6,83,-0.7,2.0000000000000004,-0.6400163769721985,false,true
7,83,-0.6499999999999999,2.0000000000000004,-0.6400163769721985,false,true
8,83,-0.6,2.0000000000000004,-0.6433815579428854,false,true
9,83,-0.55,2.0000000000000004,-0.6457311934934246,false,true
10,83,-0.5,2.0000000000000004,-0.6459536382887813,false,true
11,83,-0.44999999999999996,2.0000000000000004,-0.645109623670578,true,false
12,83,-0.3999999999999999,2.0000000000000004,-0.6481395959854126,true,false
13,83,-0.35,2.0000000000000004,-0.6493179798126221,true,false
14,83,-0.29999999999999993,2.0000000000000004,-0.652099609375,true,false
15,83,-0.25,2.0000000000000004,-0.6487718224525452,true,false
16,83,-0.19999999999999996,2.0000000000000004,-0.6456114649772644,true,false
17,83,-0.1499999999999999,2.0000000000000004,-0.6501586437225342,true,false
18,83,-0.09999999999999998,2.0000000000000004,-0.6555232107639313,true,false
19,83,-0.04999999999999993,2.0000000000000004,-0.6556538641452789,true,false
20,83,0.0,2.0000000000000004,-0.6542285084724426,true,false
21,83,0.050000000000000044,2.0000000000000004,-0.6560134291648865,true,false
22,83,0.10000000000000009,2.0000000000000004,-0.6574420630931854,true,false
23,83,0.15000000000000013,2.0000000000000004,-0.6526613533496857,true,false
24,83,0.20000000000000018,2.0000000000000004,-0.6502065658569336,true,false
25,83,0.25,2.0000000000000004,-0.6493179798126221,true,false
26,83,0.30000000000000004,2.0000000000000004,-0.6629184782505035,true,false
27,83,0.3500000000000001,2.0000000000000004,-0.6726225018501282,true,false
28,83,0.40000000000000013,2.0000000000000004,-0.675441175699234,true,false
29,83,0.4500000000000002,2.0000000000000004,-0.6774997292035584,false,true
30,83,0.5,2.0000000000000004,-0.6778116970062883,false,true
31,83,0.55,2.0000000000000004,-0.6799119176623335,false,true
32,83,0.6000000000000001,2.0000000000000004,-0.68318110704422,false,true
33,83,0.6500000000000001,2.0000000000000004,-0.6831731429287993,false,true
34,83,0.7000000000000002,2.0000000000000004,-0.6831714935064895,false,true
35,83,0.75,2.0000000000000004,-0.683168111774223,false,true
36,83,0.8,2.0000000000000004,-0.6831651829786927,false,true
37,83,0.8500000000000001,2.0000000000000004,-0.6831622510285228,false,true
38,83,0.9000000000000001,2.0000000000000004,-0.6831594722456079,false,true
39,83,0.9500000000000002,2.0000000000000004,-0.6831568250107342,false,true
40,83,1.0,2.0000000000000004,-0.683154318352814,false,true
41,83,1.0500000000000003,2.0000000000000004,-0.6831519463296138,false,true
42,83,1.1,2.0000000000000004,-0.6831497029564235,false,true
43,83,1.15,2.0000000000000004,-0.6831475804995609,false,true
44,83,1.2000000000000002,2.0000000000000004,-0.6831455710397597,false,true
45,83,1.25,2.0000000000000004,-0.6831429523941107,false,true
46,83,1.3000000000000003,2.0000000000000004,-0.6829870744386842,false,true
47,83,1.35,2.0000000000000004,-0.6827288269996643,false,true
48,83,1.4000000000000004,2.0000000000000004,-0.6827288256167806,false,true
49,83,1.4500000000000002,2.0000000000000004,-0.682728825046209,false,true
50,83,1.5,2.0000000000000004,-0.6827288236816813,false,true
51,83,1.5500000000000003,2.0000000000000004,-0.6726029190548887,false,true
52,83,1.6,2.0000000000000004,-0.6553169190883636,false,true
53,83,1.6500000000000004,2.0000000000000004,-0.6553169191160317,false,true
54,83,1.7000000000000002,2.0000000000000004,-0.6601765757168279,false,true
55,83,1.75,2.0000000000000004,-0.6684725284576416,false,true
56,83,1.8000000000000003,2.0000000000000004,-0.6684725284576416,false,true
57,83,1.85,2.0000000000000004,-0.6684725284576416,false,true
58,83,1.9000000000000004,2.0000000000000004,-0.6684725284576416,false,true
59,83,1.9500000000000002,2.0000000000000004,-0.6684725284576416,false,true
60,83,2.0,2.0000000000000004,-0.6684725284576416,false,true
61,83,2.0500000000000003,2.0000000000000004,-0.6684725284576416,false,true
62,83,2.1,2.0000000000000004,-0.6684725284576416,false,true
63,83,2.1500000000000004,2.0000000000000004,-0.6684725284576416,false,true
64,83,2.2,2.0000000000000004,-0.6684725284576416,false,true
65,83,2.25,2.0000000000000004,-0.6684725284576416,false,true
66,83,2.3000000000000003,2.0000000000000004,-0.6684725284576416,false,true
67,83,2.35,2.0000000000000004,-0.6684725284576416,false,true
68,83,2.4000000000000004,2.0000000000000004,-0.6684725284576416,false,true
69,83,2.45,2.0000000000000004,-0.6684776489218764,false,true
70,83,2.5,2.0000000000000004,-0.7028239963221211,false,true
71,83,2.5500000000000003,2.0000000000000004,-0.7371695041656493,false,true
72,83,2.6,2.0000000000000004,-0.7371695041656492,false,true
73,83,2.6500000000000004,2.0000000000000004,-0.7371695041656493,false,true
74,83,2.7,2.0000000000000004,-0.7380651831626891,false,true
75,83,2.75,2.0000000000000004,-0.7389608621597289,false,true
76,83,2.8000000000000003,2.0000000000000004,-0.738023117184639,false,true
77,83,2.85,2.0000000000000004,-0.737085372209549,false,true
78,83,2.9000000000000004,2.0000000000000004,-0.7361463457345961,false,true
79,83,2.95,2.0000000000000004,-0.7352073192596436,false,true
80,83,3.0,2.0000000000000004,-0.7316752120692106,false,true
81,83,3.05,2.0000000000000004,-0.7296061515808108,false,true
82,83,3.1000000000000005,2.0000000000000004,-0.7296061515808105,false,true
83,83,3.1500000000000004,2.0000000000000004,-0.7253711521625519,false,true
84,83,3.2,2.0000000000000004,-0.7211361527442932,false,true
85,83,3.25,2.0000000000000004,-0.71974116563797,false,true
86,83,3.3,2.0000000000000004,-0.7183461785316466,false,true
87,83,3.3500000000000005,2.0000000000000004,-0.7146733621924843,false,true
0,84,-1.0,2.0500000000000003,-0.6312056707555882,false,true
1,84,-0.95,2.0500000000000003,-0.6312049925327301,false,true
2,84,-0.9,2.0500000000000003,-0.6312182195311,false,true
3,84,-0.85,2.0500000000000003,-0.6343057217711078,false,true
4,84,-0.8,2.0500000000000003,-0.6370736845508742,false,true
5,84,-0.75,2.0500000000000003,-0.6373850506302322,false,true
6,84,-0.7,2.0500000000000003,-0.6400163769721985,false,true
7,84,-0.6499999999999999,2.0500000000000003,-0.6419947405690442,false,true
8,84,-0.6,2.0500000000000003,-0.6436854514041713,false,true
9,84,-0.55,2.0500000000000003,-0.6438930678308036,false,true
10,84,-0.5,2.0500000000000003,-0.6438574672037924,false,true
11,84,-0.44999999999999996,2.0500000000000003,-0.643782913684845,true,false
12,84,-0.3999999999999999,2.0500000000000003,-0.6460136771202087,true,false
13,84,-0.35,2.0500000000000003,-0.6493515074253082,true,false
14,84,-0.29999999999999993,2.0500000000000003,-0.6503415703773499,true,false
15,84,-0.25,2.0500000000000003,-0.6491761207580566,true,false
16,84,-0.19999999999999996,2.0500000000000003,-0.6470186114311218,true,false
17,84,-0.1499999999999999,2.0500000000000003,-0.6493179798126221,true,false
18,84,-0.09999999999999998,2.0500000000000003,-0.6493179798126221,true,false
19,84,-0.04999999999999993,2.0500000000000003,-0.6532718539237976,true,false
20,84,0.0,2.0500000000000003,-0.6529355943202972,true,false
21,84,0.050000000000000044,2.0500000000000003,-0.6544060111045837,true,false
22,84,0.10000000000000009,2.0500000000000003,-0.6575309038162231,true,false
23,84,0.15000000000000013,2.0500000000000003,-0.6493179798126221,true,false
24,84,0.20000000000000018,2.0500000000000003,-0.6438414454460144,true,false
25,84,0.25,2.0500000000000003,-0.6449680328369141,true,false
26,84,0.30000000000000004,2.0500000000000003,-0.6551885902881622,true,false
27,84,0.3500000000000001,2.0500000000000003,-0.6704962253570557,true,false
28,84,0.40000000000000013,2.0500000000000003,-0.6793180108070374,true,false
29,84,0.4500000000000002,2.0500000000000003,-0.6781825120935039,false,true
30,84,0.5,2.0500000000000003,-0.6783151094882824,false,true
31,84,0.55,2.0500000000000003,-0.6783639959918787,false,true
32,84,0.6000000000000001,2.0500000000000003,-0.6802306946518367,false,true
33,84,0.6500000000000001,2.0500000000000003,-0.68318110704422,false,true
34,84,0.7000000000000002,2.0500000000000003,-0.6831778081996005,false,true
35,84,0.75,2.0500000000000003,-0.6831769248780284,false,true
36,84,0.8,2.0500000000000003,-0.6831751682908419,false,true
37,84,0.8500000000000001,2.0500000000000003,-0.6831734585327853,false,true
38,84,0.9000000000000001,2.0500000000000003,-0.6831716408338895,false,true
39,84,0.9500000000000002,2.0500000000000003,-0.6831698069388045,false,true
40,84,1.0,2.0500000000000003,-0.6831679711308573,false,true
41,84,1.0500000000000003,2.0500000000000003,-0.683166155362871,false,true
42,84,1.1,2.0500000000000003,-0.6831643713799829,false,true
43,84,1.15,2.0500000000000003,-0.6831626275852418,false,true
44,84,1.2000000000000002,2.0500000000000003,-0.6831584901912822,false,true
45,84,1.25,2.0500000000000003,-0.6829970349213039,false,true
46,84,1.3000000000000003,2.0500000000000003,-0.6827288269996643,false,true
47,84,1.35,2.0500000000000003,-0.6827288236610877,false,true
48,84,1.4000000000000004,2.0500000000000003,-0.6827288222858434,false,true
49,84,1.4500000000000002,2.0500000000000003,-0.6827288190067738,false,true
50,84,1.5,2.0500000000000003,-0.6726029158568663,false,true
51,84,1.5500000000000003,2.0500000000000003,-0.6553169190883636,false,true
52,84,1.6,2.0500000000000003,-0.6553169191551602,false,true
53,84,1.6500000000000004,2.0500000000000003,-0.6601765757397487,false,true
54,84,1.7000000000000002,2.0500000000000003,-0.6684725284576416,false,true
55,84,1.75,2.0500000000000003,-0.6684725284576416,false,true
56,84,1.8000000000000003,2.0500000000000003,-0.6684725284576416,false,true
57,84,1.85,2.0500000000000003,-0.6684725284576416,false,true
58,84,1.9000000000000004,2.0500000000000003,-0.6684725284576416,false,true
59,84,1.9500000000000002,2.0500000000000003,-0.6684725284576416,false,true
60,84,2.0,2.0500000000000003,-0.6684725284576416,false,true
61,84,2.0500000000000003,2.0500000000000003,-0.6684725284576416,false,true
62,84,2.1,2.0500000000000003,-0.6684725284576416,false,true
63,84,2.1500000000000004,2.0500000000000003,-0.6684725284576416,false,true
64,84,2.2,2.0500000000000003,-0.6684725284576416,false,true
65,84,2.25,2.0500000000000003,-0.6684725284576416,false,true
66,84,2.3000000000000003,2.0500000000000003,-0.6684725284576416,false,true
67,84,2.35,2.0500000000000003,-0.6684725284576416,false,true
68,84,2.4000000000000004,2.0500000000000003,-0.6684725284576416,false,true
69,84,2.45,2.0500000000000003,-0.6684725284576416,false,true
70,84,2.5,2.0500000000000003,-0.6684740282068932,false,true
71,84,2.5500000000000003,2.0500000000000003,-0.7028218915008,false,true
72,84,2.6,2.0500000000000003,-0.7371695041656493,false,true
73,84,2.6500000000000004,2.0500000000000003,-0.7371695041656492,false,true
74,84,2.7,2.0500000000000003,-0.7371695041656493,false,true
75,84,2.75,2.0500000000000003,-0.7380651831626891,false,true
76,84,2.8000000000000003,2.0500000000000003,-0.7389608621597289,false,true
77,84,2.85,2.0500000000000003,-0.738023117184639,false,true
78,84,2.9000000000000004,2.0500000000000003,-0.737085372209549,false,true
79,84,2.95,2.0500000000000003,-0.7361463457345961,false,true
80,84,3.0,2.0500000000000003,-0.7352073192596436,false,true
81,84,3.05,2.0500000000000003,-0.7316752120692106,false,true
82,84,3.1000000000000005,2.0500000000000003,-0.7296061515808108,false,true
83,84,3.1500000000000004,2.0500000000000003,-0.7296061515808105,false,true
84,84,3.2,2.0500000000000003,-0.7253711521625519,false,true
85,84,3.25,2.0500000000000003,-0.7211361527442932,false,true
86,84,3.3,2.0500000000000003,-0.71974116563797,false,true
87,84,3.3500000000000005,2.0500000000000003,-0.7183461785316466,false,true
0,85,-1.0,2.1,-0.6312071775836207,false,true
1,85,-0.95,2.1,-0.6312066299075524,false,true
2,85,-0.9,2.1,-0.6312049925327301,false,true
3,85,-0.85,2.1,-0.6312369253315842,false,true
4,85,-0.8,2.1,-0.6328919364920886,false,true
5,85,-0.75,2.1,-0.6336906539972588,false,true
6,85,-0.7,2.1,-0.6310324668884277,false,true
7,85,-0.6499999999999999,2.1,-0.6375075396106569,false,true
8,85,-0.6,2.1,-0.6410147256320786,false,true
9,85,-0.55,2.1,-0.6413460953486033,false,true
10,85,-0.5,2.1,-0.641882844262374,false,true
11,85,-0.44999999999999996,2.1,-0.6427107453346252,true,false
12,85,-0.3999999999999999,2.1,-0.6441114842891693,true,false
13,85,-0.35,2.1,-0.6490853428840637,true,false
14,85,-0.29999999999999993,2.1,-0.644990086555481,true,false
15,85,-0.25,2.1,-0.643240362405777,true,false
16,85,-0.19999999999999996,2.1,-0.6430556774139404,true,false
17,85,-0.1499999999999999,2.1,-0.6421529650688171,true,false
18,85,-0.09999999999999998,2.1,-0.6454626619815826,true,false
19,85,-0.04999999999999993,2.1,-0.6493179798126221,true,false
20,85,0.0,2.1,-0.6508235335350037,true,false
21,85,0.050000000000000044,2.1,-0.6502350270748138,true,false
22,85,0.10000000000000009,2.1,-0.6530146598815918,true,false
23,85,0.15000000000000013,2.1,-0.6493179798126221,true,false
24,85,0.20000000000000018,2.1,-0.6318580508232117,true,false
25,85,0.25,2.1,-0.6273555755615234,true,false
26,85,0.30000000000000004,2.1,-0.6493179798126221,true,false
27,85,0.3500000000000001,2.1,-0.668719470500946,true,false
28,85,0.40000000000000013,2.1,-0.6793180108070374,true,false
29,85,0.4500000000000002,2.1,-0.6793180108070374,false,true
30,85,0.5,2.1,-0.678985430933872,false,true
31,85,0.55,2.1,-0.6790168689832149,false,true
32,85,0.6000000000000001,2.1,-0.6790156787324768,false,true
33,85,0.6500000000000001,2.1,-0.6805972499828306,false,true
34,85,0.7000000000000002,2.1,-0.68318110704422,false,true
35,85,0.75,2.1,-0.6831797406180384,false,true
36,85,0.8,2.1,-0.6831793161238461,false,true
37,85,0.8500000000000001,2.1,-0.6831784600248255,false,true
38,85,0.9000000000000001,2.1,-0.6831775481126997,false,true
39,85,0.9500000000000002,2.1,-0.6831765210264834,false,true
40,85,1.0,2.1,-0.6831754244892154,false,true
41,85,1.0500000000000003,2.1,-0.6831742734975564,false,true
42,85,1.1,2.1,-0.6831730861158876,false,true
43,85,1.15,2.1,-0.6831635487243526,false,true
44,85,1.2000000000000002,2.1,-0.6829994698506473,false,true
45,85,1.25,2.1,-0.6827288269996643,false,true
46,85,1.3000000000000003,2.1,-0.6827288189396273,false,true
47,85,1.35,2.1,-0.6827288156271334,false,true
48,85,1.4000000000000004,2.1,-0.6827288077594625,false,true
49,85,1.4500000000000002,2.1,-0.6726029081708017,false,true
50,85,1.5,2.1,-0.6553169190883636,false,true
51,85,1.5500000000000003,2.1,-0.6553169192496249,false,true
52,85,1.6,2.1,-0.6601765757950847,false,true
53,85,1.6500000000000004,2.1,-0.6684725284576416,false,true
54,85,1.7000000000000002,2.1,-0.6684725284576416,false,true
55,85,1.75,2.1,-0.6684725284576416,false,true
56,85,1.8000000000000003,2.1,-0.6684725284576416,false,true
57,85,1.85,2.1,-0.6684725284576416,false,true
58,85,1.9000000000000004,2.1,-0.6684725284576416,false,true
59,85,1.9500000000000002,2.1,-0.6684725284576416,false,true
60,85,2.0,2.1,-0.6684725284576416,false,true
61,85,2.0500000000000003,2.1,-0.6684725284576416,false,true
62,85,2.1,2.1,-0.6684725284576416,false,true
63,85,2.1500000000000004,2.1,-0.6684725284576416,false,true
64,85,2.2,2.1,-0.6684725284576416,false,true
65,85,2.25,2.1,-0.6684725284576416,false,true
66,85,2.3000000000000003,2.1,-0.6684725284576416,false,true
67,85,2.35,2.1,-0.6684725284576416,false,true
68,85,2.4000000000000004,2.1,-0.6684725284576416,false,true
69,85,2.45,2.1,-0.6684725284576416,false,true
70,85,2.5,2.1,-0.6684725284576416,false,true
71,85,2.5500000000000003,2.1,-0.6684729677240273,false,true
72,85,2.6,2.1,-0.7028212730542629,false,true
73,85,2.6500000000000004,2.1,-0.7371695041656493,false,true
74,85,2.7,2.1,-0.7371695041656492,false,true
75,85,2.75,2.1,-0.7371695041656493,false,true
76,85,2.8000000000000003,2.1,-0.7380651831626891,false,true
77,85,2.85,2.1,-0.7389608621597289,false,true
78,85,2.9000000000000004,2.1,-0.738023117184639,false,true
79,85,2.95,2.1,-0.737085372209549,false,true
80,85,3.0,2.1,-0.7361463457345961,false,true
81,85,3.05,2.1,-0.7352073192596436,false,true
82,85,3.1000000000000005,2.1,-0.7316752120692106,false,true
83,85,3.1500000000000004,2.1,-0.7296061515808108,false,true
84,85,3.2,2.1,-0.7296061515808105,false,true
85,85,3.25,2.1,-0.7253711521625519,false,true
86,85,3.3,2.1,-0.7211361527442932,false,true
87,85,3.3500000000000005,2.1,-0.71974116563797,false,true
0,86,-1.0,2.15,-0.6347289230099774,false,true
1,86,-0.95,2.15,-0.6312101371654351,false,true
2,86,-0.9,2.15,-0.6312089455052329,false,true
3,86,-0.85,2.15,-0.6312049925327301,false,true
4,86,-0.8,2.15,-0.6312820851288081,false,true
5,86,-0.75,2.15,-0.6312328828163426,false,true
6,86,-0.7,2.15,-0.6311241752829534,false,true
7,86,-0.6499999999999999,2.15,-0.6310324668884277,false,true
8,86,-0.6,2.15,-0.6355268534410109,false,true
9,86,-0.55,2.15,-0.6376677558860845,false,true
10,86,-0.5,2.15,-0.6380756458999708,false,true
11,86,-0.44999999999999996,2.15,-0.6388119459152222,true,false
12,86,-0.3999999999999999,2.15,-0.6385765671730042,true,false
13,86,-0.35,2.15,-0.6419823467731476,true,false
14,86,-0.29999999999999993,2.15,-0.6410647928714752,true,false
15,86,-0.25,2.15,-0.6382404267787933,true,false
16,86,-0.19999999999999996,2.15,-0.638241171836853,true,false
17,86,-0.1499999999999999,2.15,-0.6386331915855408,true,false
18,86,-0.09999999999999998,2.15,-0.6423952579498291,true,false
19,86,-0.04999999999999993,2.15,-0.6463075578212738,true,false
20,86,0.0,2.15,-0.6482904553413391,true,false
21,86,0.050000000000000044,2.15,-0.6493179798126221,true,false
22,86,0.10000000000000009,2.15,-0.6493179798126221,true,false
23,86,0.15000000000000013,2.15,-0.6493179798126221,true,false
24,86,0.20000000000000018,2.15,-0.6277703940868378,true,false
25,86,0.25,2.15,-0.6251470148563385,true,false
26,86,0.30000000000000004,2.15,-0.6493179798126221,true,false
27,86,0.3500000000000001,2.15,-0.6672037243843079,true,false
28,86,0.40000000000000013,2.15,-0.6707255179591748,false,true
29,86,0.4500000000000002,2.15,-0.6793180108070374,false,true
30,86,0.5,2.15,-0.6797630885939026,false,true
31,86,0.55,2.15,-0.6796656782043387,false,true
32,86,0.6000000000000001,2.15,-0.6795463591264835,false,true
33,86,0.6500000000000001,2.15,-0.6794245539339533,false,true
34,86,0.7000000000000002,2.15,-0.680771129406879,false,true
35,86,0.75,2.15,-0.68318110704422,false,true
36,86,0.8,2.15,-0.6831805410519636,false,true
37,86,0.8500000000000001,2.15,-0.6831803480541182,false,true
38,86,0.9000000000000001,2.15,-0.6831799486998203,false,true
39,86,0.9500000000000002,2.15,-0.6831794913017504,false,true
40,86,1.0,2.15,-0.6831789481162412,false,true
41,86,1.0500000000000003,2.15,-0.6831783376576444,false,true
42,86,1.1,2.15,-0.6831492381602635,false,true
43,86,1.15,2.15,-0.6829870163379792,false,true
44,86,1.2000000000000002,2.15,-0.6827288269996643,false,true
45,86,1.25,2.15,-0.6827288075410138,false,true
46,86,1.3000000000000003,2.15,-0.6827287995700285,false,true
47,86,1.35,2.15,-0.6827287807312707,false,true
48,86,1.4000000000000004,2.15,-0.6726028897256653,false,true
49,86,1.4500000000000002,2.15,-0.6553169190883636,false,true
50,86,1.5,2.15,-0.6553169194776828,false,true
51,86,1.5500000000000003,2.15,-0.660176575928677,false,true
52,86,1.6,2.15,-0.6684725284576416,false,true
53,86,1.6500000000000004,2.15,-0.6684725284576416,false,true
54,86,1.7000000000000002,2.15,-0.6684725284576416,false,true
55,86,1.75,2.15,-0.6684725284576416,false,true
56,86,1.8000000000000003,2.15,-0.6684725284576416,false,true
57,86,1.85,2.15,-0.6684725284576416,false,true
58,86,1.9000000000000004,2.15,-0.6684725284576416,false,true
59,86,1.9500000000000002,2.15,-0.6684725284576416,false,true
60,86,2.0,2.15,-0.6684725284576416,false,true
61,86,2.0500000000000003,2.15,-0.6684725284576416,false,true
62,86,2.1,2.15,-0.6684725284576416,false,true
63,86,2.1500000000000004,2.15,-0.6684725284576416,false,true
64,86,2.2,2.15,-0.6684725284576416,false,true
65,86,2.25,2.15,-0.6684725284576416,false,true
66,86,2.3000000000000003,2.15,-0.6684725284576416,false,true
67,86,2.35,2.15,-0.6684725284576416,false,true
68,86,2.4000000000000004,2.15,-0.6684725284576416,false,true
69,86,2.45,2.15,-0.6684725284576416,false,true
70,86,2.5,2.15,-0.6684725284576416,false,true
71,86,2.5500000000000003,2.15,-0.6684725284576416,false,true
72,86,2.6,2.15,-0.6684726571157872,false,true
73,86,2.6500000000000004,2.15,-0.7028210915794154,false,true
74,86,2.7,2.15,-0.7371695041656493,false,true
75,86,2.75,2.15,-0.7371695041656492,false,true
76,86,2.8000000000000003,2.15,-0.7371695041656493,false,true
77,86,2.85,2.15,-0.7380651831626891,false,true
78,86,2.9000000000000004,2.15,-0.7389608621597289,false,true
79,86,2.95,2.15,-0.738023117184639,false,true
80,86,3.0,2.15,-0.737085372209549,false,true
81,86,3.05,2.15,-0.7361463457345961,false,true
82,86,3.1000000000000005,2.15,-0.7352073192596436,false,true
83,86,3.1500000000000004,2.15,-0.7316752120692106,false,true
84,86,3.2,2.15,-0.7296061515808108,false,true
85,86,3.25,2.15,-0.7296061515808105,false,true
86,86,3.3,2.15,-0.7253711521625519,false,true
87,86,3.3500000000000005,2.15,-0.7211361527442932,false,true
0,87,-1.0,2.2000000000000006,-0.6407350897789001,false,true
1,87,-0.95,2.2000000000000006,-0.634733528274356,false,true
2,87,-0.9,2.2000000000000006,-0.6312169670601595,false,true
3,87,-0.85,2.2000000000000006,-0.631214535852558,false,true
4,87,-0.8,2.2000000000000006,-0.6312049925327301,false,true
5,87,-0.75,2.2000000000000006,-0.6313911105237402,false,true
6,87,-0.7,2.2000000000000006,-0.6313911569261756,false,true
7,87,-0.6499999999999999,2.2000000000000006,-0.6312538705382752,false,true
8,87,-0.6,2.2000000000000006,-0.6310324668884277,false,true
9,87,-0.55,2.2000000000000006,-0.633035940677088,false,true
10,87,-0.5,2.2000000000000006,-0.6328758239202004,false,true
11,87,-0.44999999999999996,2.2000000000000006,-0.6323992609977722,true,false
12,87,-0.3999999999999999,2.2000000000000006,-0.634421706199646,true,false
13,87,-0.35,2.2000000000000006,-0.6396702527999878,true,false
14,87,-0.29999999999999993,2.2000000000000006,-0.6392818689346313,true,false
15,87,-0.25,2.2000000000000006,-0.6362163126468658,true,false
16,87,-0.19999999999999996,2.2000000000000006,-0.6377129852771759,true,false
17,87,-0.1499999999999999,2.2000000000000006,-0.6403399705886841,true,false
18,87,-0.09999999999999998,2.2000000000000006,-0.6452584564685822,true,false
19,87,-0.04999999999999993,2.2000000000000006,-0.6444516777992249,true,false
20,87,0.0,2.2000000000000006,-0.645340770483017,true,false
21,87,0.050000000000000044,2.2000000000000006,-0.6461735367774963,true,false
22,87,0.10000000000000009,2.2000000000000006,-0.6490340828895569,true,false
23,87,0.15000000000000013,2.2000000000000006,-0.6493179798126221,true,false
24,87,0.20000000000000018,2.2000000000000006,-0.47145792841911316,true,false
25,87,0.25,2.2000000000000006,-0.6193180084228516,true,false
26,87,0.30000000000000004,2.2000000000000006,-0.6193180084228516,true,false
27,87,0.3500000000000001,2.2000000000000006,-0.6655605137348175,true,false
28,87,0.40000000000000013,2.2000000000000006,-0.6701605820913394,false,true
29,87,0.4500000000000002,2.2000000000000006,-0.6808376014232635,false,true
30,87,0.5,2.2000000000000006,-0.6802081663807678,false,true
31,87,0.55,2.2000000000000006,-0.6799071066115995,false,true
32,87,0.6000000000000001,2.2000000000000006,-0.6796611705801862,false,true
33,87,0.6500000000000001,2.2000000000000006,-0.6794411310677547,false,true
34,87,0.7000000000000002,2.2000000000000006,-0.679241118166877,false,true
35,87,0.75,2.2000000000000006,-0.6805666481119425,false,true
36,87,0.8,2.2000000000000006,-0.68318110704422,false,true
37,87,0.8500000000000001,2.2000000000000006,-0.6831808726025511,false,true
38,87,0.9000000000000001,2.2000000000000006,-0.6831807876322472,false,true
39,87,0.9500000000000002,2.2000000000000006,-0.6831806070256854,false,true
40,87,1.0,2.2000000000000006,-0.6831803875072462,false,true
41,87,1.0500000000000003,2.2000000000000006,-0.6830830499191163,false,true
42,87,1.1,2.2000000000000006,-0.682936665122789,false,true
43,87,1.15,2.2000000000000006,-0.6827288269996643,false,true
44,87,1.2000000000000002,2.2000000000000006,-0.6827287800223264,false,true
45,87,1.25,2.2000000000000006,-0.6827287608677173,false,true
46,87,1.3000000000000003,2.2000000000000006,-0.6827287158808872,false,true
47,87,1.35,2.2000000000000006,-0.6726028455470131,false,true
48,87,1.4000000000000004,2.2000000000000006,-0.6553169190883636,false,true
49,87,1.4500000000000002,2.2000000000000006,-0.6553169200282633,false,true
50,87,1.5,2.2000000000000006,-0.6601765762511945,false,true
51,87,1.5500000000000003,2.2000000000000006,-0.6684725284576416,false,true
52,87,1.6,2.2000000000000006,-0.6684725284576416,false,true
53,87,1.6500000000000004,2.2000000000000006,-0.6684725284576416,false,true
54,87,1.7000000000000002,2.2000000000000006,-0.6684725284576416,false,true
55,87,1.75,2.2000000000000006,-0.6684725284576416,false,true
56,87,1.8000000000000003,2.2000000000000006,-0.6684725284576416,false,true
57,87,1.85,2.2000000000000006,-0.6684725284576416,false,true
58,87,1.9000000000000004,2.2000000000000006,-0.6684725284576416,false,true
59,87,1.9500000000000002,2.2000000000000006,-0.6684725284576416,false,true
60,87,2.0,2.2000000000000006,-0.6684725284576416,false,true
61,87,2.0500000000000003,2.2000000000000006,-0.6684725284576416,false,true
62,87,2.1,2.2000000000000006,-0.6684725284576416,false,true
63,87,2.1500000000000004,2.2000000000000006,-0.6684725284576416,false,true
64,87,2.2,2.2000000000000006,-0.6684725284576416,false,true
65,87,2.25,2.2000000000000006,-0.6684725284576416,false,true
66,87,2.3000000000000003,2.2000000000000006,-0.6684725284576416,false,true
67,87,2.35,2.2000000000000006,-0.6684725284576416,false,true
68,87,2.4000000000000004,2.2000000000000006,-0.6684725284576416,false,true
69,87,2.45,2.2000000000000006,-0.6684725284576416,false,true
70,87,2.5,2.2000000000000006,-0.6684725284576416,false,true
71,87,2.5500000000000003,2.2000000000000006,-0.6684725284576416,false,true
72,87,2.6,2.2000000000000006,-0.6684725284576416,false,true
73,87,2.6500000000000004,2.2000000000000006,-0.66847256614074,false,true
74,87,2.7,2.2000000000000006,-0.7028210383690061,false,true
75,87,2.75,2.2000000000000006,-0.7371695041656493,false,true
76,87,2.8000000000000003,2.2000000000000006,-0.7371695041656492,false,true
77,87,2.85,2.2000000000000006,-0.7371695041656493,false,true
78,87,2.9000000000000004,2.2000000000000006,-0.7380651831626891,false,true
79,87,2.95,2.2000000000000006,-0.7389608621597289,false,true
80,87,3.0,2.2000000000000006,-0.738023117184639,false,true
81,87,3.05,2.2000000000000006,-0.737085372209549,false,true
82,87,3.1000000000000005,2.2000000000000006,-0.7361463457345961,false,true
83,87,3.1500000000000004,2.2000000000000006,-0.7352073192596436,false,true
84,87,3.2,2.2000000000000006,-0.7316752120692106,false,true
85,87,3.25,2.2000000000000006,-0.7296061515808108,false,true
86,87,3.3,2.2000000000000006,-0.7296061515808105,false,true
87,87,3.3500000000000005,2.2000000000000006,-0.7253711521625519,false,true
0,88,-1.0,2.2500000000000004,-0.6411840425067584,false,true
1,88,-0.95,2.2500000000000004,-0.6407350897789001,false,true
2,88,-0.9,2.2500000000000004,-0.6347437899303685,false,true
3,88,-0.85,2.2500000000000004,-0.6312323798343518,false,true
4,88,-0.8,2.2500000000000004,-0.631228032144889,false,true
5,88,-0.75,2.2500000000000004,-0.6312049925327301,false,true
6,88,-0.7,2.2500000000000004,-0.6316543211108282,false,true
7,88,-0.6499999999999999,2.2500000000000004,-0.63175799327,false,true
8,88,-0.6,2.2500000000000004,-0.6315669825826483,false,true
9,88,-0.55,2.2500000000000004,-0.6310324668884277,false,true
10,88,-0.5,2.2500000000000004,-0.6310560145471412,false,true
11,88,-0.44999999999999996,2.2500000000000004,-0.6276136636734009,true,false
12,88,-0.3999999999999999,2.2500000000000004,-0.6318912208080292,true,false
13,88,-0.35,2.2500000000000004,-0.6377167105674744,true,false
14,88,-0.29999999999999993,2.2500000000000004,-0.6342014372348785,true,false
15,88,-0.25,2.2500000000000004,-0.6360340416431427,true,false
16,88,-0.19999999999999996,2.2500000000000004,-0.6416772902011871,true,false
17,88,-0.1499999999999999,2.2500000000000004,-0.6461572647094727,true,false
18,88,-0.09999999999999998,2.2500000000000004,-0.6443467438220978,true,false
19,88,-0.04999999999999993,2.2500000000000004,-0.6467030644416809,true,false
20,88,0.0,2.2500000000000004,-0.6430594027042389,true,false
21,88,0.050000000000000044,2.2500000000000004,-0.6403129696846008,true,false
22,88,0.10000000000000009,2.2500000000000004,-0.642292320728302,true,false
23,88,0.15000000000000013,2.2500000000000004,-0.6441891193389893,true,false
24,88,0.20000000000000018,2.2500000000000004,-0.43931806087493896,true,false
25,88,0.25,2.2500000000000004,-0.6193180084228516,true,false
26,88,0.30000000000000004,2.2500000000000004,-0.6493179798126221,true,false
27,88,0.3500000000000001,2.2500000000000004,-0.6645233333110809,true,false
28,88,0.40000000000000013,2.2500000000000004,-0.6808376014232635,true,false
29,88,0.4500000000000002,2.2500000000000004,-0.6802081663807678,false,true
30,88,0.5,2.2500000000000004,-0.6796253618206539,false,true
31,88,0.55,2.2500000000000004,-0.6793088568849327,false,true
32,88,0.6000000000000001,2.2500000000000004,-0.6790247201462872,false,true
33,88,0.6500000000000001,2.2500000000000004,-0.6787748214427298,false,true
34,88,0.7000000000000002,2.2500000000000004,-0.6785393459623543,false,true
35,88,0.75,2.2500000000000004,-0.6783194066071212,false,true
36,88,0.8,2.2500000000000004,-0.6799108077497819,false,true
37,88,0.8500000000000001,2.2500000000000004,-0.68318110704422,false,true
38,88,0.9000000000000001,2.2500000000000004,-0.6831810099353011,false,true
39,88,0.9500000000000002,2.2500000000000004,-0.683180973266788,false,true
40,88,1.0,2.2500000000000004,-0.6828494955847293,false,true
41,88,1.0500000000000003,2.2500000000000004,-0.6827819007161439,false,true
42,88,1.1,2.2500000000000004,-0.6827288269996643,false,true
43,88,1.15,2.2500000000000004,-0.6827287135863379,false,true
44,88,1.2000000000000002,2.2500000000000004,-0.6827286676470623,false,true
45,88,1.25,2.2500000000000004,-0.6827285605997753,false,true
46,88,1.3000000000000003,2.2500000000000004,-0.6726027400030079,false,true
47,88,1.35,2.2500000000000004,-0.6553169190883636,false,true
48,88,1.4000000000000004,2.2500000000000004,-0.655316921357482,false,true
49,88,1.4500000000000002,2.2500000000000004,-0.6601765770298095,false,true
50,88,1.5,2.2500000000000004,-0.6684725284576416,false,true
51,88,1.5500000000000003,2.2500000000000004,-0.6684725284576416,false,true
52,88,1.6,2.2500000000000004,-0.6684725284576416,false,true
53,88,1.6500000000000004,2.2500000000000004,-0.6684725284576416,false,true
54,88,1.7000000000000002,2.2500000000000004,-0.6684725284576416,false,true
55,88,1.75,2.2500000000000004,-0.6684725284576416,false,true
56,88,1.8000000000000003,2.2500000000000004,-0.6684725284576416,false,true
57,88,1.85,2.2500000000000004,-0.6684725284576416,false,true
58,88,1.9000000000000004,2.2500000000000004,-0.6684725284576416,false,true
59,88,1.9500000000000002,2.2500000000000004,-0.6684725284576416,false,true
60,88,2.0,2.2500000000000004,-0.6684725284576416,false,true
61,88,2.0500000000000003,2.2500000000000004,-0.6684725284576416,false,true
62,88,2.1,2.2500000000000004,-0.6684725284576416,false,true
63,88,2.1500000000000004,2.2500000000000004,-0.6684725284576416,false,true
64,88,2.2,2.2500000000000004,-0.6684725284576416,false,true
65,88,2.25,2.2500000000000004,-0.6684725284576416,false,true
66,88,2.3000000000000003,2.2500000000000004,-0.6684725284576416,false,true
67,88,2.35,2.2500000000000004,-0.6684725284576416,false,true
68,88,2.4000000000000004,2.2500000000000004,-0.6684725284576416,false,true
69,88,2.45,2.2500000000000004,-0.6684725284576416,false,true
70,88,2.5,2.2500000000000004,-0.6684725284576416,false,true
71,88,2.5500000000000003,2.2500000000000004,-0.6684725284576416,false,true
72,88,2.6,2.2500000000000004,-0.6684725284576416,false,true
73,88,2.6500000000000004,2.2500000000000004,-0.6684725284576416,false,true
74,88,2.7,2.2500000000000004,-0.6684725394947656,false,true
75,88,2.75,2.2500000000000004,-0.7028210227741456,false,true
76,88,2.8000000000000003,2.2500000000000004,-0.7371695041656493,false,true
77,88,2.85,2.2500000000000004,-0.7371695041656492,false,true
78,88,2.9000000000000004,2.2500000000000004,-0.7371695041656493,false,true
79,88,2.95,2.2500000000000004,-0.7380651831626891,false,true
80,88,3.0,2.2500000000000004,-0.7389608621597289,false,true
81,88,3.05,2.2500000000000004,-0.738023117184639,false,true
82,88,3.1000000000000005,2.2500000000000004,-0.737085372209549,false,true
83,88,3.1500000000000004,2.2500000000000004,-0.7361463457345961,false,true
84,88,3.2,2.2500000000000004,-0.7352073192596436,false,true
85,88,3.25,2.2500000000000004,-0.7316752120692106,false,true
86,88,3.3,2.2500000000000004,-0.7296061515808108,false,true
87,88,3.3500000000000005,2.2500000000000004,-0.7296061515808105,false,true
0,89,-1.0,2.3000000000000003,-0.6416334509849548,false,true
1,89,-0.95,2.3000000000000003,-0.6411833979784494,false,true
2,89,-0.9,2.3000000000000003,-0.6407350897789001,false,true
3,89,-0.85,2.3000000000000003,-0.6347659502869822,false,true
4,89,-0.8,2.3000000000000003,-0.6312659156973771,false,true
5,89,-0.75,2.3000000000000003,-0.631260615076876,false,true
6,89,-0.7,2.3000000000000003,-0.6312049925327301,false,true
7,89,-0.6499999999999999,2.3000000000000003,-0.6322897676799364,false,true
8,89,-0.6,2.3000000000000003,-0.6325546077107974,false,true
9,89,-0.55,2.3000000000000003,-0.6323229019267164,false,true
10,89,-0.5,2.3000000000000003,-0.6310324668884277,true,false
11,89,-0.44999999999999996,2.3000000000000003,-0.6346142888069153,true,false
12,89,-0.3999999999999999,2.3000000000000003,-0.6322415173053741,true,false
13,89,-0.35,2.3000000000000003,-0.6304857134819031,true,false
14,89,-0.29999999999999993,2.3000000000000003,-0.6316331624984741,true,false
15,89,-0.25,2.3000000000000003,-0.6329862475395203,true,false
16,89,-0.19999999999999996,2.3000000000000003,-0.6392863690853119,true,false
17,89,-0.1499999999999999,2.3000000000000003,-0.6381348073482513,true,false
18,89,-0.09999999999999998,2.3000000000000003,-0.6378106772899628,true,false
19,89,-0.04999999999999993,2.3000000000000003,-0.637544721364975,true,false
20,89,0.0,2.3000000000000003,-0.6362320184707642,true,false
21,89,0.050000000000000044,2.3000000000000003,-0.6355223655700684,true,false
22,89,0.10000000000000009,2.3000000000000003,-0.6364287436008453,true,false
23,89,0.15000000000000013,2.3000000000000003,-0.6401501893997192,true,false
24,89,0.20000000000000018,2.3000000000000003,-0.640333890914917,true,false
25,89,0.25,2.3000000000000003,-0.6309094130992889,true,false
26,89,0.30000000000000004,2.3000000000000003,-0.6440629959106445,true,false
27,89,0.3500000000000001,2.3000000000000003,-0.6599594354629517,true,false
28,89,0.40000000000000013,2.3000000000000003,-0.6793180108070374,true,false
29,89,0.4500000000000002,2.3000000000000003,-0.6775889121049185,false,true
30,89,0.5,2.3000000000000003,-0.6779619418164426,false,true
31,89,0.55,2.3000000000000003,-0.677740503651614,false,true
32,89,0.6000000000000001,2.3000000000000003,-0.6775350621694832,false,true
33,89,0.6500000000000001,2.3000000000000003,-0.6773045482390003,false,true
34,89,0.7000000000000002,2.3000000000000003,-0.6770866538282952,false,true
35,89,0.75,2.3000000000000003,-0.6768806468515345,false,true
36,89,0.8,2.3000000000000003,-0.6766682431128624,false,true
37,89,0.8500000000000001,2.3000000000000003,-0.6787908516822154,false,true
38,89,0.9000000000000001,2.3000000000000003,-0.68318110704422,false,true
39,89,0.9500000000000002,2.3000000000000003,-0.6820496039101817,false,true
40,89,1.0,2.3000000000000003,-0.6823628779147918,false,true
41,89,1.0500000000000003,2.3000000000000003,-0.6827288269996643,false,true
42,89,1.1,2.3000000000000003,-0.6827285531956736,false,true
43,89,1.15,2.3000000000000003,-0.6827284433265136,false,true
44,89,1.2000000000000002,2.3000000000000003,-0.682728189789499,false,true
45,89,1.25,2.3000000000000003,-0.6726024886944356,false,true
46,89,1.3000000000000003,2.3000000000000003,-0.6553169190883636,false,true
47,89,1.35,2.3000000000000003,-0.6553169245664998,false,true
48,89,1.4000000000000004,2.3000000000000003,-0.6601765789094953,false,true
49,89,1.4500000000000002,2.3000000000000003,-0.6684725284576416,false,true
50,89,1.5,2.3000000000000003,-0.6684725284576416,false,true
51,89,1.5500000000000003,2.3000000000000003,-0.6684725284576416,false,true
52,89,1.6,2.3000000000000003,-0.6684725284576416,false,true
53,89,1.6500000000000004,2.3000000000000003,-0.6684725284576416,false,true
54,89,1.7000000000000002,2.3000000000000003,-0.6684725284576416,false,true
55,89,1.75,2.3000000000000003,-0.6684725284576416,false,true
56,89,1.8000000000000003,2.3000000000000003,-0.6684725284576416,false,true
57,89,1.85,2.3000000000000003,-0.6684725284576416,false,true
58,89,1.9000000000000004,2.3000000000000003,-0.6684725284576416,false,true
59,89,1.9500000000000002,2.3000000000000003,-0.6684725284576416,false,true
60,89,2.0,2.3000000000000003,-0.6684725284576416,false,true
61,89,2.0500000000000003,2.3000000000000003,-0.6684725284576416,false,true
62,89,2.1,2.3000000000000003,-0.6684725284576416,false,true
63,89,2.1500000000000004,2.3000000000000003,-0.6684725284576416,false,true
64,89,2.2,2.3000000000000003,-0.6684725284576416,false,true
65,89,2.25,2.3000000000000003,-0.6684725284576416,false,true
66,89,2.3000000000000003,2.3000000000000003,-0.6684725284576416,false,true
67,89,2.35,2.3000000000000003,-0.6684725284576416,false,true
68,89,2.4000000000000004,2.3000000000000003,-0.6684725284576416,false,true
69,89,2.45,2.3000000000000003,-0.6684725284576416,false,true
70,89,2.5,2.3000000000000003,-0.6684725284576416,false,true
71,89,2.5500000000000003,2.3000000000000003,-0.6684725284576416,false,true
72,89,2.6,2.3000000000000003,-0.6684725284576416,false,true
73,89,2.6500000000000004,2.3000000000000003,-0.6684725284576416,false,true
74,89,2.7,2.3000000000000003,-0.6684725284576416,false,true
75,89,2.75,2.3000000000000003,-0.6684725316903404,false,true
76,89,2.8000000000000003,2.3000000000000003,-0.7028210182048195,false,true
77,89,2.85,2.3000000000000003,-0.7371695041656493,false,true
78,89,2.9000000000000004,2.3000000000000003,-0.7371695041656492,false,true
79,89,2.95,2.3000000000000003,-0.7371695041656493,false,true
80,89,3.0,2.3000000000000003,-0.7380651831626891,false,true
81,89,3.05,2.3000000000000003,-0.7389608621597289,false,true
82,89,3.1000000000000005,2.3000000000000003,-0.738023117184639,false,true
83,89,3.1500000000000004,2.3000000000000003,-0.737085372209549,false,true
84,89,3.2,2.3000000000000003,-0.7361463457345961,false,true
85,89,3.25,2.3000000000000003,-0.7352073192596436,false,true
86,89,3.3,2.3000000000000003,-0.7316752120692106,false,true
87,89,3.3500000000000005,2.3000000000000003,-0.7296061515808108,false,true
0,90,-1.0,2.35,-0.6440918371480988,false,true
1,90,-0.95,2.35,-0.6416334509849548,false,true
2,90,-0.9,2.35,-0.6411809304487879,false,true
3,90,-0.85,2.35,-0.6407350897789001,false,true
4,90,-0.8,2.35,-0.6348120267893028,false,true
5,90,-0.75,2.35,-0.6313343350714257,false,true
6,90,-0.7,2.35,-0.6313392772331808,false,true
7,90,-0.6499999999999999,2.35,-0.6312049925327301,false,true
8,90,-0.6,2.35,-0.6338238714052405,false,true
9,90,-0.55,2.35,-0.6339590352426526,false,true
10,90,-0.5,2.35,-0.6341478526592255,true,false
11,90,-0.44999999999999996,2.35,-0.6348654925823212,true,false
12,90,-0.3999999999999999,2.35,-0.631597101688385,true,false
13,90,-0.35,2.35,-0.6293535828590393,true,false
14,90,-0.29999999999999993,2.35,-0.6296578645706177,true,false
15,90,-0.25,2.35,-0.6320706009864807,true,false
16,90,-0.19999999999999996,2.35,-0.6322303712368011,true,false
17,90,-0.1499999999999999,2.35,-0.630893349647522,true,false
18,90,-0.09999999999999998,2.35,-0.6308134198188782,true,false
19,90,-0.04999999999999993,2.35,-0.6323980093002319,true,false
20,90,0.0,2.35,-0.6331849694252014,true,false
21,90,0.050000000000000044,2.35,-0.6325753331184387,true,false
22,90,0.10000000000000009,2.35,-0.6327489614486694,true,false
23,90,0.15000000000000013,2.35,-0.6336703300476074,true,false
24,90,0.20000000000000018,2.35,-0.636021077632904,true,false
25,90,0.25,2.35,-0.6342526972293854,true,false
26,90,0.30000000000000004,2.35,-0.6284814178943634,true,false
27,90,0.3500000000000001,2.35,-0.6493179798126221,true,false
28,90,0.40000000000000013,2.35,-0.671894907951355,true,false
29,90,0.4500000000000002,2.35,-0.6762432609293233,false,true
30,90,0.5,2.35,-0.6755424846266461,false,true
31,90,0.55,2.35,-0.6754707293237303,false,true
32,90,0.6000000000000001,2.35,-0.6752583804049087,false,true
33,90,0.6500000000000001,2.35,-0.6750903369830764,false,true
34,90,0.7000000000000002,2.35,-0.6749306098802363,false,true
35,90,0.75,2.35,-0.674716695370675,false,true
36,90,0.8,2.35,-0.6744639587658092,false,true
37,90,0.8500000000000001,2.35,-0.6763891812212707,false,true
38,90,0.9000000000000001,2.35,-0.6793180108070374,false,true
39,90,0.9500000000000002,2.35,-0.6814702887498891,false,true
40,90,1.0,2.35,-0.6827288269996643,false,true
41,90,1.0500000000000003,2.35,-0.6827281659783565,false,true
42,90,1.1,2.35,-0.6827279042749069,false,true
43,90,1.15,2.35,-0.6827273074371757,false,true
44,90,1.2000000000000002,2.35,-0.6726018928948853,false,true
45,90,1.25,2.35,-0.6553169190883636,false,true
46,90,1.3000000000000003,2.35,-0.6553169323137541,false,true
47,90,1.35,2.35,-0.6601765834471857,false,true
48,90,1.4000000000000004,2.35,-0.6684725284576416,false,true
49,90,1.4500000000000002,2.35,-0.6684725284576416,false,true
50,90,1.5,2.35,-0.6684725284576416,false,true
51,90,1.5500000000000003,2.35,-0.6684725284576416,false,true
52,90,1.6,2.35,-0.6684725284576416,false,true
53,90,1.6500000000000004,2.35,-0.6684725284576416,false,true
54,90,1.7000000000000002,2.35,-0.6684725284576416,false,true
55,90,1.75,2.35,-0.6684725284576416,false,true
56,90,1.8000000000000003,2.35,-0.6684725284576416,false,true
57,90,1.85,2.35,-0.6684725284576416,false,true
58,90,1.9000000000000004,2.35,-0.6684725284576416,false,true
59,90,1.9500000000000002,2.35,-0.6684725284576416,false,true
60,90,2.0,2.35,-0.6684725284576416,false,true
61,90,2.0500000000000003,2.35,-0.6684725284576416,false,true
62,90,2.1,2.35,-0.6684725284576416,false,true
63,90,2.1500000000000004,2.35,-0.6684725284576416,false,true
64,90,2.2,2.35,-0.6684725284576416,false,true
65,90,2.25,2.35,-0.6684725284576416,false,true
66,90,2.3000000000000003,2.35,-0.6684725284576416,false,true
67,90,2.35,2.35,-0.6684725284576416,false,true
68,90,2.4000000000000004,2.35,-0.6684725284576416,false,true
69,90,2.45,2.35,-0.6684725284576416,false,true
70,90,2.5,2.35,-0.6684725284576416,false,true
71,90,2.5500000000000003,2.35,-0.6684725284576416,false,true
72,90,2.6,2.35,-0.6684725284576416,false,true
73,90,2.6500000000000004,2.35,-0.6684725284576416,false,true
74,90,2.7,2.35,-0.6684725284576416,false,true
75,90,2.75,2.35,-0.6684725284576416,false,true
76,90,2.8000000000000003,2.35,-0.6684725294044772,false,true
77,90,2.85,2.35,-0.7028210168662037,false,true
78,90,2.9000000000000004,2.35,-0.7371695041656493,false,true
79,90,2.95,2.35,-0.7371695041656492,false,true
80,90,3.0,2.35,-0.7371695041656493,false,true
81,90,3.05,2.35,-0.7380651831626891,false,true
82,90,3.1000000000000005,2.35,-0.7389608621597289,false,true
83,90,3.1500000000000004,2.35,-0.738023117184639,false,true
84,90,3.2,2.35,-0.737085372209549,false,true
85,90,3.25,2.35,-0.7361463457345961,false,true
86,90,3.3,2.35,-0.7352073192596436,false,true
87,90,3.3500000000000005,2.35,-0.7322156586863151,false,true
0,91,-1.0,2.4,-0.6465513706207275,false,true
1,91,-0.95,2.4,-0.6440902146074654,false,true
2,91,-0.9,2.4,-0.6416334509849548,false,true
3,91,-0.85,2.4,-0.6411714836913013,false,true
4,91,-0.8,2.4,-0.6407350897789001,false,true
5,91,-0.75,2.4,-0.6349051612842253,false,true
6,91,-0.7,2.4,-0.6314566883379398,false,true
7,91,-0.6499999999999999,2.4,-0.6315291844777775,false,true
8,91,-0.6,2.4,-0.6312049925327301,true,false
9,91,-0.55,2.4,-0.6375275254249573,true,false
10,91,-0.5,2.4,-0.6343260109424591,true,false
11,91,-0.44999999999999996,2.4,-0.6341756582260132,true,false
12,91,-0.3999999999999999,2.4,-0.6320306658744812,true,false
13,91,-0.35,2.4,-0.6300957798957825,true,false
14,91,-0.29999999999999993,2.4,-0.6283228695392609,true,false
15,91,-0.25,2.4,-0.6302073001861572,true,false
16,91,-0.19999999999999996,2.4,-0.6308656930923462,true,false
17,91,-0.1499999999999999,2.4,-0.6298538446426392,true,false
18,91,-0.09999999999999998,2.4,-0.6275967955589294,true,false
19,91,-0.04999999999999993,2.4,-0.6285638511180878,true,false
20,91,0.0,2.4,-0.6303349733352661,true,false
21,91,0.050000000000000044,2.4,-0.6320855617523193,true,false
22,91,0.10000000000000009,2.4,-0.6330397427082062,true,false
23,91,0.15000000000000013,2.4,-0.6332696378231049,true,false
24,91,0.20000000000000018,2.4,-0.6327158212661743,true,false
25,91,0.25,2.4,-0.6332027614116669,true,false
26,91,0.30000000000000004,2.4,-0.6373290419578552,true,false
27,91,0.3500000000000001,2.4,-0.6529519557952881,true,false
28,91,0.40000000000000013,2.4,-0.6793180108070374,true,false
29,91,0.4500000000000002,2.4,-0.6725050097969382,false,true
30,91,0.5,2.4,-0.6728780395084624,false,true
31,91,0.55,2.4,-0.6724759504372507,false,true
32,91,0.6000000000000001,2.4,-0.6724079625104464,false,true
33,91,0.6500000000000001,2.4,-0.6723307832863576,false,true
34,91,0.7000000000000002,2.4,-0.6720442161124447,false,true
35,91,0.75,2.4,-0.6716898471457747,false,true
36,91,0.8,2.4,-0.674690804514707,false,true
37,91,0.8500000000000001,2.4,-0.6793180108070374,false,true
38,91,0.9000000000000001,2.4,-0.6810234092507387,false,true
39,91,0.9500000000000002,2.4,-0.6827288269996643,false,true
40,91,1.0,2.4,-0.6827272311530581,false,true
41,91,1.0500000000000003,2.4,-0.682726611445582,false,true
42,91,1.1,2.4,-0.6827252176226638,false,true
43,91,1.15,2.4,-0.6726004882753465,false,true
44,91,1.2000000000000002,2.4,-0.6553169190883636,false,true
45,91,1.25,2.4,-0.6553169510172805,false,true
46,91,1.3000000000000003,2.4,-0.6601765944008194,false,true
47,91,1.35,2.4,-0.6684725284576416,false,true
48,91,1.4000000000000004,2.4,-0.6684725284576416,false,true
49,91,1.4500000000000002,2.4,-0.6684725284576416,false,true
50,91,1.5,2.4,-0.6684725284576416,false,true
51,91,1.5500000000000003,2.4,-0.6684725284576416,false,true
52,91,1.6,2.4,-0.6684725284576416,false,true
53,91,1.6500000000000004,2.4,-0.6684725284576416,false,true
54,91,1.7000000000000002,2.4,-0.6684725284576416,false,true
55,91,1.75,2.4,-0.6684725284576416,false,true
56,91,1.8000000000000003,2.4,-0.6684725284576416,false,true
57,91,1.85,2.4,-0.6684725284576416,false,true
58,91,1.9000000000000004,2.4,-0.6684725284576416,false,true
59,91,1.9500000000000002,2.4,-0.6684725284576416,false,true
60,91,2.0,2.4,-0.6684725284576416,false,true
61,91,2.0500000000000003,2.4,-0.6684725284576416,false,true
62,91,2.1,2.4,-0.6684725284576416,false,true
63,91,2.1500000000000004,2.4,-0.6684725284576416,false,true
64,91,2.2,2.4,-0.6684725284576416,false,true
65,91,2.25,2.4,-0.6684725284576416,false,true
66,91,2.3000000000000003,2.4,-0.6684725284576416,false,true
67,91,2.35,2.4,-0.6684725284576416,false,true
68,91,2.4000000000000004,2.4,-0.6684725284576416,false,true
69,91,2.45,2.4,-0.6684725284576416,false,true
70,91,2.5,2.4,-0.6684725284576416,false,true
71,91,2.5500000000000003,2.4,-0.6684725284576416,false,true
72,91,2.6,2.4,-0.6684725284576416,false,true
73,91,2.6500000000000004,2.4,-0.6684725284576416,false,true
74,91,2.7,2.4,-0.6684725284576416,false,true
75,91,2.75,2.4,-0.6684725284576416,false,true
76,91,2.8000000000000003,2.4,-0.6684725284576416,false,true
77,91,2.85,2.4,-0.6684725287349634,false,true
78,91,2.9000000000000004,2.4,-0.7028210164740821,false,true
79,91,2.95,2.4,-0.7371695041656493,false,true
80,91,3.0,2.4,-0.7371695041656492,false,true
81,91,3.05,2.4,-0.7371695041656493,false,true
82,91,3.1000000000000005,2.4,-0.7380651831626891,false,true
83,91,3.1500000000000004,2.4,-0.7389608621597289,false,true
84,91,3.2,2.4,-0.738023117184639,false,true
85,91,3.25,2.4,-0.737085372209549,false,true
86,91,3.3,2.4,-0.7361463457345961,false,true
87,91,3.3500000000000005,2.4,-0.7352073192596436,false,true
0,92,-1.0,2.4500000000000006,-0.6465341052863406,false,true
1,92,-0.95,2.4500000000000006,-0.6465513706207275,false,true
2,92,-0.9,2.4500000000000006,-0.6440840028288932,false,true
3,92,-0.85,2.4500000000000006,-0.6416334509849548,false,true
4,92,-0.8,2.4500000000000006,-0.6411353174686982,false,true
5,92,-0.75,2.4500000000000006,-0.6407350897789001,false,true
6,92,-0.7,2.4500000000000006,-0.6351031586005483,false,true
7,92,-0.6499999999999999,2.4500000000000006,-0.6316058591189713,false,true
8,92,-0.6,2.4500000000000006,-0.6319876611232758,true,false
9,92,-0.55,2.4500000000000006,-0.631432294845581,true,false
10,92,-0.5,2.4500000000000006,-0.6337792277336121,true,false
11,92,-0.44999999999999996,2.4500000000000006,-0.632743239402771,true,false
12,92,-0.3999999999999999,2.4500000000000006,-0.629915714263916,true,false
13,92,-0.35,2.4500000000000006,-0.6278981268405914,true,false
14,92,-0.29999999999999993,2.4500000000000006,-0.6259663701057434,true,false
15,92,-0.25,2.4500000000000006,-0.6283895969390869,true,false
16,92,-0.19999999999999996,2.4500000000000006,-0.6297513842582703,true,false
17,92,-0.1499999999999999,2.4500000000000006,-0.6286694407463074,true,false
18,92,-0.09999999999999998,2.4500000000000006,-0.6263152062892914,true,false
19,92,-0.04999999999999993,2.4500000000000006,-0.6271504759788513,true,false
20,92,0.0,2.4500000000000006,-0.6297248899936676,true,false
21,92,0.050000000000000044,2.4500000000000006,-0.6321502327919006,true,false
22,92,0.10000000000000009,2.4500000000000006,-0.6316722929477692,true,false
23,92,0.15000000000000013,2.4500000000000006,-0.6321141719818115,true,false
24,92,0.20000000000000018,2.4500000000000006,-0.6323836147785187,true,false
25,92,0.25,2.4500000000000006,-0.6330326795578003,true,false
26,92,0.30000000000000004,2.4500000000000006,-0.6411431431770325,true,false
27,92,0.3500000000000001,2.4500000000000006,-0.6504672765731812,true,false
28,92,0.40000000000000013,2.4500000000000006,-0.6634800732135773,true,false
29,92,0.4500000000000002,2.4500000000000006,-0.6700403617648072,false,true
30,92,0.5,2.4500000000000006,-0.6688407764300656,false,true
31,92,0.55,2.4500000000000006,-0.6692490462489986,false,true
32,92,0.6000000000000001,2.4500000000000006,-0.669294038262367,false,true
33,92,0.6500000000000001,2.4500000000000006,-0.6685928280579343,false,true
34,92,0.7000000000000002,2.4500000000000006,-0.6679479310125643,false,true
35,92,0.75,2.4500000000000006,-0.6723650503754746,false,true
36,92,0.8,2.4500000000000006,-0.6793180108070374,false,true
37,92,0.8500000000000001,2.4500000000000006,-0.6810233819490285,false,true
38,92,0.9000000000000001,2.4500000000000006,-0.6827288269996643,false,true
39,92,0.9500000000000002,2.4500000000000006,-0.6827249742851442,false,true
40,92,1.0,2.4500000000000006,-0.6827235194927826,false,true
41,92,1.0500000000000003,2.4500000000000006,-0.6827202981036967,false,true
42,92,1.1,2.4500000000000006,-0.6725972006678977,false,true
43,92,1.15,2.4500000000000006,-0.6553169190883636,false,true
44,92,1.2000000000000002,2.4500000000000006,-0.6553169961715877,false,true
45,92,1.25,2.4500000000000006,-0.6601766208388621,false,true
46,92,1.3000000000000003,2.4500000000000006,-0.6684725284576416,false,true
47,92,1.35,2.4500000000000006,-0.6684725284576416,false,true
48,92,1.4000000000000004,2.4500000000000006,-0.6684725284576416,false,true
49,92,1.4500000000000002,2.4500000000000006,-0.6684725284576416,false,true
50,92,1.5,2.4500000000000006,-0.6684725284576416,false,true
51,92,1.5500000000000003,2.4500000000000006,-0.6684725284576416,false,true
52,92,1.6,2.4500000000000006,-0.6684725284576416,false,true
53,92,1.6500000000000004,2.4500000000000006,-0.6684725284576416,false,true
54,92,1.7000000000000002,2.4500000000000006,-0.6684725284576416,false,true
55,92,1.75,2.4500000000000006,-0.6684725284576416,false,true
56,92,1.8000000000000003,2.4500000000000006,-0.6684725284576416,false,true
57,92,1.85,2.4500000000000006,-0.6684725284576416,false,true
58,92,1.9000000000000004,2.4500000000000006,-0.6684725284576416,false,true
59,92,1.9500000000000002,2.4500000000000006,-0.6684725284576416,false,true
60,92,2.0,2.4500000000000006,-0.6684725284576416,false,true
61,92,2.0500000000000003,2.4500000000000006,-0.6684725284576416,false,true
62,92,2.1,2.4500000000000006,-0.6684725284576416,false,true
63,92,2.1500000000000004,2.4500000000000006,-0.6684725284576416,false,true
64,92,2.2,2.4500000000000006,-0.6684725284576416,false,true
65,92,2.25,2.4500000000000006,-0.6684725284576416,false,true
66,92,2.3000000000000003,2.4500000000000006,-0.6684725284576416,false,true
67,92,2.35,2.4500000000000006,-0.6684725284576416,false,true
68,92,2.4000000000000004,2.4500000000000006,-0.6684725284576416,false,true
69,92,2.45,2.4500000000000006,-0.6684725284576416,false,true
70,92,2.5,2.4500000000000006,-0.6684725284576416,false,true
71,92,2.5500000000000003,2.4500000000000006,-0.6684725284576416,false,true
72,92,2.6,2.4500000000000006,-0.6684725284576416,false,true
73,92,2.6500000000000004,2.4500000000000006,-0.6684725284576416,false,true
74,92,2.7,2.4500000000000006,-0.6684725284576416,false,true
75,92,2.75,2.4500000000000006,-0.6684725284576416,false,true
76,92,2.8000000000000003,2.4500000000000006,-0.6684725284576416,false,true
77,92,2.85,2.4500000000000006,-0.6684725284576416,false,true
78,92,2.9000000000000004,2.4500000000000006,-0.6684725285388673,false,true
79,92,2.95,2.4500000000000006,-0.7028210163592238,false,true
80,92,3.0,2.4500000000000006,-0.7371695041656493,false,true
81,92,3.05,2.4500000000000006,-0.7371695041656492,false,true
82,92,3.1000000000000005,2.4500000000000006,-0.7371695041656493,false,true
83,92,3.1500000000000004,2.4500000000000006,-0.7380651831626891,false,true
84,92,3.2,2.4500000000000006,-0.7389608621597289,false,true
85,92,3.25,2.4500000000000006,-0.738023117184639,false,true
86,92,3.3,2.4500000000000006,-0.737085372209549,false,true
87,92,3.3500000000000005,2.4500000000000006,-0.7361463457345961,false,true
0,93,-1.0,2.5000000000000004,-0.6464889888887789,false,true
1,93,-0.95,2.5000000000000004,-0.6465096884162918,false,true
2,93,-0.9,2.5000000000000004,-0.6465513706207275,false,true
3,93,-0.85,2.5000000000000004,-0.6440602214873146,false,true
4,93,-0.8,2.5000000000000004,-0.6416334509849548,false,true
5,93,-0.75,2.5000000000000004,-0.6409968577210853,false,true
6,93,-0.7,2.5000000000000004,-0.6407350897789001,false,true
7,93,-0.6499999999999999,2.5000000000000004,-0.6356583076270685,false,true
8,93,-0.6,2.5000000000000004,-0.6314667761325836,true,false
9,93,-0.55,2.5000000000000004,-0.6333635449409485,true,false
10,93,-0.5,2.5000000000000004,-0.6333790123462677,true,false
11,93,-0.44999999999999996,2.5000000000000004,-0.6309023797512054,true,false
12,93,-0.3999999999999999,2.5000000000000004,-0.6273925304412842,true,false
13,93,-0.35,2.5000000000000004,-0.6253476738929749,true,false
14,93,-0.29999999999999993,2.5000000000000004,-0.6261544823646545,true,false
15,93,-0.25,2.5000000000000004,-0.6298554241657257,true,false
16,93,-0.19999999999999996,2.5000000000000004,-0.6281769573688507,true,false
17,93,-0.1499999999999999,2.5000000000000004,-0.6269363760948181,true,false
18,93,-0.09999999999999998,2.5000000000000004,-0.6238211989402771,true,false
19,93,-0.04999999999999993,2.5000000000000004,-0.6257339119911194,true,false
20,93,0.0,2.5000000000000004,-0.6287113428115845,true,false
21,93,0.050000000000000044,2.5000000000000004,-0.6311282515525818,true,false
22,93,0.10000000000000009,2.5000000000000004,-0.6294771432876587,true,false
23,93,0.15000000000000013,2.5000000000000004,-0.6304068267345428,true,false
24,93,0.20000000000000018,2.5000000000000004,-0.6331405639648438,true,false
25,93,0.25,2.5000000000000004,-0.6338514685630798,true,false
26,93,0.30000000000000004,2.5000000000000004,-0.6377138495445251,true,false
27,93,0.3500000000000001,2.5000000000000004,-0.6496792137622833,true,false
28,93,0.40000000000000013,2.5000000000000004,-0.6538097910609331,false,true
29,93,0.4500000000000002,2.5000000000000004,-0.6634800732135773,false,true
30,93,0.5,2.5000000000000004,-0.6661974337045776,false,true
31,93,0.55,2.5000000000000004,-0.6661757544029873,false,true
32,93,0.6000000000000001,2.5000000000000004,-0.6637860326242391,false,true
33,93,0.6500000000000001,2.5000000000000004,-0.6626530565908744,false,true
34,93,0.7000000000000002,2.5000000000000004,-0.6690996638071934,false,true
35,93,0.75,2.5000000000000004,-0.6793180108070374,false,true
36,93,0.8,2.5000000000000004,-0.6810232774264204,false,true
37,93,0.8500000000000001,2.5000000000000004,-0.6827288269996643,false,true
38,93,0.9000000000000001,2.5000000000000004,-0.682719525724018,false,true
39,93,0.9500000000000002,2.5000000000000004,-0.6827161545988129,false,true
40,93,1.0,2.5000000000000004,-0.6827088093222007,false,true
41,93,1.0500000000000003,2.5000000000000004,-0.672589576774685,false,true
42,93,1.1,2.5000000000000004,-0.6553169190883636,false,true
43,93,1.15,2.5000000000000004,-0.6553171051837287,false,true
44,93,1.2000000000000002,2.5000000000000004,-0.6601766846351909,false,true
45,93,1.25,2.5000000000000004,-0.6684725284576416,false,true
46,93,1.3000000000000003,2.5000000000000004,-0.6684725284576416,false,true
47,93,1.35,2.5000000000000004,-0.6684725284576416,false,true
48,93,1.4000000000000004,2.5000000000000004,-0.6684725284576416,false,true
49,93,1.4500000000000002,2.5000000000000004,-0.6684725284576416,false,true
50,93,1.5,2.5000000000000004,-0.6684725284576416,false,true
51,93,1.5500000000000003,2.5000000000000004,-0.6684725284576416,false,true
52,93,1.6,2.5000000000000004,-0.6684725284576416,false,true
53,93,1.6500000000000004,2.5000000000000004,-0.6684725284576416,false,true
54,93,1.7000000000000002,2.5000000000000004,-0.6684725284576416,false,true
55,93,1.75,2.5000000000000004,-0.6684725284576416,false,true
56,93,1.8000000000000003,2.5000000000000004,-0.6684725284576416,false,true
57,93,1.85,2.5000000000000004,-0.6684725284576416,false,true
58,93,1.9000000000000004,2.5000000000000004,-0.6684725284576416,false,true
59,93,1.9500000000000002,2.5000000000000004,-0.6684725284576416,false,true
60,93,2.0,2.5000000000000004,-0.6684725284576416,false,true
61,93,2.0500000000000003,2.5000000000000004,-0.6684725284576416,false,true
62,93,2.1,2.5000000000000004,-0.6684725284576416,false,true
63,93,2.1500000000000004,2.5000000000000004,-0.6684725284576416,false,true
64,93,2.2,2.5000000000000004,-0.6684725284576416,false,true
65,93,2.25,2.5000000000000004,-0.6684725284576416,false,true
66,93,2.3000000000000003,2.5000000000000004,-0.6684725284576416,false,true
67,93,2.35,2.5000000000000004,-0.6684725284576416,false,true
68,93,2.4000000000000004,2.5000000000000004,-0.6684725284576416,false,true
69,93,2.45,2.5000000000000004,-0.6684725284576416,false,true
70,93,2.5,2.5000000000000004,-0.6684725284576416,false,true
71,93,2.5500000000000003,2.5000000000000004,-0.6684725284576416,false,true
72,93,2.6,2.5000000000000004,-0.6684725284576416,false,true
73,93,2.6500000000000004,2.5000000000000004,-0.6684725284576416,false,true
74,93,2.7,2.5000000000000004,-0.6684725284576416,false,true
75,93,2.75,2.5000000000000004,-0.6684725284576416,false,true
76,93,2.8000000000000003,2.5000000000000004,-0.6684725284576416,false,true
77,93,2.85,2.5000000000000004,-0.6684725284576416,false,true
78,93,2.9000000000000004,2.5000000000000004,-0.6684725284576416,false,true
79,93,2.95,2.5000000000000004,-0.668472528481432,false,true
80,93,3.0,2.5000000000000004,-0.7028210163255812,false,true
81,93,3.05,2.5000000000000004,-0.7371695041656493,false,true
82,93,3.1000000000000005,2.5000000000000004,-0.7371695041656492,false,true
83,93,3.1500000000000004,2.5000000000000004,-0.7371695041656493,false,true
84,93,3.2,2.5000000000000004,-0.7380651831626891,false,true
85,93,3.25,2.5000000000000004,-0.7389608621597289,false,true
86,93,3.3,2.5000000000000004,-0.738023117184639,false,true
87,93,3.3500000000000005,2.5000000000000004,-0.737085372209549,false,true
0,94,-1.0,2.5500000000000003,-0.6463165521758297,false,true
1,94,-0.95,2.5500000000000003,-0.646397333604287,false,true
2,94,-0.9,2.5500000000000003,-0.6464507408774688,false,true
3,94,-0.85,2.5500000000000003,-0.6465513706207275,false,true
4,94,-0.8,2.5500000000000003,-0.6439691763541522,false,true
5,94,-0.75,2.5500000000000003,-0.6416334509849548,false,true
6,94,-0.7,2.5500000000000003,-0.6404667746676383,false,true
7,94,-0.6499999999999999,2.5500000000000003,-0.6407350897789001,true,false
8,94,-0.6,2.5500000000000003,-0.6380770206451416,true,false
9,94,-0.55,2.5500000000000003,-0.6327117085456848,true,false
10,94,-0.5,2.5500000000000003,-0.6328694820404053,true,false
11,94,-0.44999999999999996,2.5500000000000003,-0.6307300925254822,true,false
12,94,-0.3999999999999999,2.5500000000000003,-0.625956654548645,true,false
13,94,-0.35,2.5500000000000003,-0.6241819858551025,true,false
14,94,-0.29999999999999993,2.5500000000000003,-0.6255828440189362,true,false
15,94,-0.25,2.5500000000000003,-0.6273004412651062,true,false
16,94,-0.19999999999999996,2.5500000000000003,-0.6267416477203369,true,false
17,94,-0.1499999999999999,2.5500000000000003,-0.625095784664154,true,false
18,94,-0.09999999999999998,2.5500000000000003,-0.6227607727050781,true,false
19,94,-0.04999999999999993,2.5500000000000003,-0.6251645088195801,true,false
20,94,0.0,2.5500000000000003,-0.6277886033058167,true,false
21,94,0.050000000000000044,2.5500000000000003,-0.629981279373169,true,false
22,94,0.10000000000000009,2.5500000000000003,-0.6271020174026489,true,false
23,94,0.15000000000000013,2.5500000000000003,-0.6287418901920319,true,false
24,94,0.20000000000000018,2.5500000000000003,-0.6311769187450409,true,false
25,94,0.25,2.5500000000000003,-0.632800281047821,true,false
26,94,0.30000000000000004,2.5500000000000003,-0.6344714760780334,true,false
27,94,0.3500000000000001,2.5500000000000003,-0.6493179798126221,true,false
28,94,0.40000000000000013,2.5500000000000003,-0.6481352053868044,false,true
29,94,0.4500000000000002,2.5500000000000003,-0.6512855591486646,false,true
30,94,0.5,2.5500000000000003,-0.6634800732135773,false,true
31,94,0.55,2.5500000000000003,-0.6549434420496751,false,true
32,94,0.6000000000000001,2.5500000000000003,-0.6544098048471536,false,true
33,94,0.6500000000000001,2.5500000000000003,-0.6642724540008496,false,true
34,94,0.7000000000000002,2.5500000000000003,-0.6793180108070374,false,true
35,94,0.75,2.5500000000000003,-0.681022877269233,false,true
36,94,0.8,2.5500000000000003,-0.6827288269996643,false,true
37,94,0.8500000000000001,2.5500000000000003,-0.6827063717338516,false,true
38,94,0.9000000000000001,2.5500000000000003,-0.6826987147069761,false,true
39,94,0.9500000000000002,2.5500000000000003,-0.6826822565694528,false,true
40,94,1.0,2.5500000000000003,-0.6725721049053069,false,true
41,94,1.0500000000000003,2.5500000000000003,-0.6553169190883636,false,true
42,94,1.1,2.5500000000000003,-0.6553173683623179,false,true
43,94,1.15,2.5500000000000003,-0.6601768385046666,false,true
44,94,1.2000000000000002,2.5500000000000003,-0.6684725284576416,false,true
45,94,1.25,2.5500000000000003,-0.6684725284576416,false,true
46,94,1.3000000000000003,2.5500000000000003,-0.6684725284576416,false,true
47,94,1.35,2.5500000000000003,-0.6684725284576416,false,true
48,94,1.4000000000000004,2.5500000000000003,-0.6684725284576416,false,true
49,94,1.4500000000000002,2.5500000000000003,-0.6684725284576416,false,true
50,94,1.5,2.5500000000000003,-0.6684725284576416,false,true
51,94,1.5500000000000003,2.5500000000000003,-0.6684725284576416,false,true
52,94,1.6,2.5500000000000003,-0.6684725284576416,false,true
53,94,1.6500000000000004,2.5500000000000003,-0.6684725284576416,false,true
54,94,1.7000000000000002,2.5500000000000003,-0.6684725284576416,false,true
55,94,1.75,2.5500000000000003,-0.6684725284576416,false,true
56,94,1.8000000000000003,2.5500000000000003,-0.6684725284576416,false,true
57,94,1.85,2.5500000000000003,-0.6684725284576416,false,true
58,94,1.9000000000000004,2.5500000000000003,-0.6684725284576416,false,true
59,94,1.9500000000000002,2.5500000000000003,-0.6684725284576416,false,true
60,94,2.0,2.5500000000000003,-0.6684725284576416,false,true
61,94,2.0500000000000003,2.5500000000000003,-0.6684725284576416,false,true
62,94,2.1,2.5500000000000003,-0.6684725284576416,false,true
63,94,2.1500000000000004,2.5500000000000003,-0.6684725284576416,false,true
64,94,2.2,2.5500000000000003,-0.6684725284576416,false,true
65,94,2.25,2.5500000000000003,-0.6684725284576416,false,true
66,94,2.3000000000000003,2.5500000000000003,-0.6684725284576416,false,true
67,94,2.35,2.5500000000000003,-0.6684725284576416,false,true
68,94,2.4000000000000004,2.5500000000000003,-0.6684725284576416,false,true
69,94,2.45,2.5500000000000003,-0.6684725284576416,false,true
70,94,2.5,2.5500000000000003,-0.6684725284576416,false,true
71,94,2.5500000000000003,2.5500000000000003,-0.6684725284576416,false,true
72,94,2.6,2.5500000000000003,-0.6684725284576416,false,true
73,94,2.6500000000000004,2.5500000000000003,-0.6684725284576416,false,true
74,94,2.7,2.5500000000000003,-0.6684725284576416,false,true
75,94,2.75,2.5500000000000003,-0.6684725284576416,false,true
76,94,2.8000000000000003,2.5500000000000003,-0.6684725284576416,false,true
77,94,2.85,2.5500000000000003,-0.6684725284576416,false,true
78,94,2.9000000000000004,2.5500000000000003,-0.6684725284576416,false,true
79,94,2.95,2.5500000000000003,-0.6684725284576416,false,true
80,94,3.0,2.5500000000000003,-0.6684725284646096,false,true
81,94,3.05,2.5500000000000003,-0.7028210163157271,false,true
82,94,3.1000000000000005,2.5500000000000003,-0.7371695041656493,false,true
83,94,3.1500000000000004,2.5500000000000003,-0.7371695041656492,false,true
84,94,3.2,2.5500000000000003,-0.7371695041656493,false,true
85,94,3.25,2.5500000000000003,-0.7380651831626891,false,true
86,94,3.3,2.5500000000000003,-0.7389608621597289,false,true
87,94,3.3500000000000005,2.5500000000000003,-0.738023117184639,false,true
0,95,-1.0,2.6,-0.645326044436347,false,true
1,95,-0.95,2.6,-0.6460091737436557,false,true
2,95,-0.9,2.6,-0.646167767297783,false,true
3,95,-0.85,2.6,-0.6463084289297742,false,true
4,95,-0.8,2.6,-0.6465513706207275,false,true
5,95,-0.75,2.6,-0.6436206166967771,false,true
6,95,-0.7,2.6,-0.6416334509849548,true,false
7,95,-0.6499999999999999,2.6,-0.6384373903274536,true,false
8,95,-0.6,2.6,-0.6349374651908875,true,false
9,95,-0.55,2.6,-0.6317770779132843,true,false
10,95,-0.5,2.6,-0.6307209730148315,true,false
11,95,-0.44999999999999996,2.6,-0.6263306736946106,true,false
12,95,-0.3999999999999999,2.6,-0.6193180084228516,true,false
13,95,-0.35,2.6,-0.6228970587253571,true,false
14,95,-0.29999999999999993,2.6,-0.62449711561203,true,false
15,95,-0.25,2.6,-0.6243104040622711,true,false
16,95,-0.19999999999999996,2.6,-0.6208294034004211,true,false
17,95,-0.1499999999999999,2.6,-0.6226579248905182,true,false
18,95,-0.09999999999999998,2.6,-0.6225207448005676,true,false
19,95,-0.04999999999999993,2.6,-0.6273229718208313,true,false
20,95,0.0,2.6,-0.6285947561264038,true,false
21,95,0.050000000000000044,2.6,-0.6313689947128296,true,false
22,95,0.10000000000000009,2.6,-0.6279147863388062,true,false
23,95,0.15000000000000013,2.6,-0.6280776858329773,true,false
24,95,0.20000000000000018,2.6,-0.6311236023902893,true,false
25,95,0.25,2.6,-0.6322365403175354,true,false
26,95,0.30000000000000004,2.6,-0.6329168081283569,true,false
27,95,0.3500000000000001,2.6,-0.6449185013771057,true,false
28,95,0.40000000000000013,2.6,-0.6359709530755427,false,true
29,95,0.4500000000000002,2.6,-0.6356084913317002,false,true
30,95,0.5,2.6,-0.6316168308258057,false,true
31,95,0.55,2.6,-0.6418891783221273,false,true
32,95,0.6000000000000001,2.6,-0.6574291370827792,false,true
33,95,0.6500000000000001,2.6,-0.6793180108070374,false,true
34,95,0.7000000000000002,2.6,-0.6810213452966026,false,true
35,95,0.75,2.6,-0.6827288269996643,false,true
36,95,0.8,2.6,-0.6826746151923926,false,true
37,95,0.8500000000000001,2.6,-0.682657773743033,false,true
38,95,0.9000000000000001,2.6,-0.682621712093591,false,true
39,95,0.9500000000000002,2.6,-0.6725326594143063,false,true
40,95,1.0,2.6,-0.6553169190883636,false,true
41,95,1.0500000000000003,2.6,-0.6553180037316373,false,true
42,95,1.1,2.6,-0.6601772092614863,false,true
43,95,1.15,2.6,-0.6684725284576416,false,true
44,95,1.2000000000000002,2.6,-0.6684725284576416,false,true
45,95,1.25,2.6,-0.6684725284576416,false,true
46,95,1.3000000000000003,2.6,-0.6684725284576416,false,true
47,95,1.35,2.6,-0.6684725284576416,false,true
48,95,1.4000000000000004,2.6,-0.6684725284576416,false,true
49,95,1.4500000000000002,2.6,-0.6684725284576416,false,true
50,95,1.5,2.6,-0.6684725284576416,false,true
51,95,1.5500000000000003,2.6,-0.6684725284576416,false,true
52,95,1.6,2.6,-0.6684725284576416,false,true
53,95,1.6500000000000004,2.6,-0.6684725284576416,false,true
54,95,1.7000000000000002,2.6,-0.6684725284576416,false,true
55,95,1.75,2.6,-0.6684725284576416,false,true
56,95,1.8000000000000003,2.6,-0.6684725284576416,false,true
57,95,1.85,2.6,-0.6684725284576416,false,true
58,95,1.9000000000000004,2.6,-0.6684725284576416,false,true
59,95,1.9500000000000002,2.6,-0.6684725284576416,false,true
60,95,2.0,2.6,-0.6684725284576416,false,true
61,95,2.0500000000000003,2.6,-0.6684725284576416,false,true
62,95,2.1,2.6,-0.6684725284576416,false,true
63,95,2.1500000000000004,2.6,-0.6684725284576416,false,true
64,95,2.2,2.6,-0.6684725284576416,false,true
65,95,2.25,2.6,-0.6684725284576416,false,true
66,95,2.3000000000000003,2.6,-0.6684725284576416,false,true
67,95,2.35,2.6,-0.6684725284576416,false,true
68,95,2.4000000000000004,2.6,-0.6684725284576416,false,true
69,95,2.45,2.6,-0.6684725284576416,false,true
70,95,2.5,2.6,-0.6684725284576416,false,true
71,95,2.5500000000000003,2.6,-0.6684725284576416,false,true
72,95,2.6,2.6,-0.6684725284576416,false,true
73,95,2.6500000000000004,2.6,-0.6684725284576416,false,true
74,95,2.7,2.6,-0.6684725284576416,false,true
75,95,2.75,2.6,-0.6684725284576416,false,true
76,95,2.8000000000000003,2.6,-0.6684725284576416,false,true
77,95,2.85,2.6,-0.6684725284576416,false,true
78,95,2.9000000000000004,2.6,-0.6684725284576416,false,true
79,95,2.95,2.6,-0.6684725284576416,false,true
80,95,3.0,2.6,-0.6684725284576416,false,true
81,95,3.05,2.6,-0.6684725284596825,false,true
82,95,3.1000000000000005,2.6,-0.7028210163128411,false,true
83,95,3.1500000000000004,2.6,-0.7371695041656493,false,true
84,95,3.2,2.6,-0.7371695041656492,false,true
85,95,3.25,2.6,-0.7371695041656493,false,true
86,95,3.3,2.6,-0.7380651831626891,false,true
87,95,3.3500000000000005,2.6,-0.7389608621597289,false,true
0,96,-1.0,2.650000000000001,-0.6441654562950134,false,true
1,96,-0.95,2.650000000000001,-0.6449299840269601,false,true
2,96,-0.9,2.650000000000001,-0.6453433214546912,false,true
3,96,-0.85,2.650000000000001,-0.6455852383871709,false,true
4,96,-0.8,2.650000000000001,-0.6459648574955621,false,true
5,96,-0.75,2.650000000000001,-0.6465513706207275,true,false
6,96,-0.7,2.650000000000001,-0.6422861814498901,true,false
7,96,-0.6499999999999999,2.650000000000001,-0.6382260918617249,true,false
8,96,-0.6,2.650000000000001,-0.6347203552722931,true,false
9,96,-0.55,2.650000000000001,-0.6299373209476471,true,false
10,96,-0.5,2.650000000000001,-0.6289570927619934,true,false
11,96,-0.44999999999999996,2.650000000000001,-0.6263404488563538,true,false
12,96,-0.3999999999999999,2.650000000000001,-0.6193180084228516,true,false
13,96,-0.35,2.650000000000001,-0.6214784681797028,true,false
14,96,-0.29999999999999993,2.650000000000001,-0.6224962472915649,true,false
15,96,-0.25,2.650000000000001,-0.6235317587852478,true,false
16,96,-0.19999999999999996,2.650000000000001,-0.6216216087341309,true,false
17,96,-0.1499999999999999,2.650000000000001,-0.6214314699172974,true,false
18,96,-0.09999999999999998,2.650000000000001,-0.6226350665092468,true,false
19,96,-0.04999999999999993,2.650000000000001,-0.6282293498516083,true,false
20,96,0.0,2.650000000000001,-0.6307264566421509,true,false
21,96,0.050000000000000044,2.650000000000001,-0.6317470073699951,true,false
22,96,0.10000000000000009,2.650000000000001,-0.629974901676178,true,false
23,96,0.15000000000000013,2.650000000000001,-0.6307719647884369,true,false
24,96,0.20000000000000018,2.650000000000001,-0.6336082220077515,true,false
25,96,0.25,2.650000000000001,-0.6334914267063141,true,false
26,96,0.30000000000000004,2.650000000000001,-0.6326367855072021,true,false
27,96,0.3500000000000001,2.650000000000001,-0.6099701821804047,true,false
28,96,0.40000000000000013,2.650000000000001,-0.6282142393864374,false,true
29,96,0.4500000000000002,2.650000000000001,-0.6316168308258057,false,true
30,96,0.5,2.650000000000001,-0.6348255765773847,false,true
31,96,0.55,2.650000000000001,-0.6509361104679976,false,true
32,96,0.6000000000000001,2.650000000000001,-0.6793180108070374,false,true
33,96,0.6500000000000001,2.650000000000001,-0.6810154802510301,false,true
34,96,0.7000000000000002,2.650000000000001,-0.6827288269996643,false,true
35,96,0.75,2.650000000000001,-0.6825979481193083,false,true
36,96,0.8,2.650000000000001,-0.6825629030803078,false,true
37,96,0.8500000000000001,2.650000000000001,-0.682486053579608,false,true
38,96,0.9000000000000001,2.650000000000001,-0.6724452624463371,false,true
39,96,0.9500000000000002,2.650000000000001,-0.6553169190883636,false,true
40,96,1.0,2.650000000000001,-0.6553195376488653,false,true
41,96,1.0500000000000003,2.650000000000001,-0.6601781008858624,false,true
42,96,1.1,2.650000000000001,-0.6684725284576416,false,true
43,96,1.15,2.650000000000001,-0.6684725284576416,false,true
44,96,1.2000000000000002,2.650000000000001,-0.6684725284576416,false,true
45,96,1.25,2.650000000000001,-0.6684725284576416,false,true
46,96,1.3000000000000003,2.650000000000001,-0.6684725284576416,false,true
47,96,1.35,2.650000000000001,-0.6684725284576416,false,true
48,96,1.4000000000000004,2.650000000000001,-0.6684725284576416,false,true
49,96,1.4500000000000002,2.650000000000001,-0.6684725284576416,false,true
50,96,1.5,2.650000000000001,-0.6684725284576416,false,true
51,96,1.5500000000000003,2.650000000000001,-0.6684725284576416,false,true
52,96,1.6,2.650000000000001,-0.6684725284576416,false,true
53,96,1.6500000000000004,2.650000000000001,-0.6684725284576416,false,true
54,96,1.7000000000000002,2.650000000000001,-0.6684725284576416,false,true
55,96,1.75,2.650000000000001,-0.6684725284576416,false,true
56,96,1.8000000000000003,2.650000000000001,-0.6684725284576416,false,true
57,96,1.85,2.650000000000001,-0.6684725284576416,false,true
58,96,1.9000000000000004,2.650000000000001,-0.6684725284576416,false,true
59,96,1.9500000000000002,2.650000000000001,-0.6684725284576416,false,true
60,96,2.0,2.650000000000001,-0.6684725284576416,false,true
61,96,2.0500000000000003,2.650000000000001,-0.6684725284576416,false,true
62,96,2.1,2.650000000000001,-0.6684725284576416,false,true
63,96,2.1500000000000004,2.650000000000001,-0.6684725284576416,false,true
64,96,2.2,2.650000000000001,-0.6684725284576416,false,true
65,96,2.25,2.650000000000001,-0.6684725284576416,false,true
66,96,2.3000000000000003,2.650000000000001,-0.6684725284576416,false,true
67,96,2.35,2.650000000000001,-0.6684725284576416,false,true
68,96,2.4000000000000004,2.650000000000001,-0.6684725284576416,false,true
69,96,2.45,2.650000000000001,-0.6684725284576416,false,true
70,96,2.5,2.650000000000001,-0.6684725284576416,false,true
71,96,2.5500000000000003,2.650000000000001,-0.6684725284576416,false,true
72,96,2.6,2.650000000000001,-0.6684725284576416,false,true
73,96,2.6500000000000004,2.650000000000001,-0.6684725284576416,false,true
74,96,2.7,2.650000000000001,-0.6684725284576416,false,true
75,96,2.75,2.650000000000001,-0.6684725284576416,false,true
76,96,2.8000000000000003,2.650000000000001,-0.6684725284576416,false,true
77,96,2.85,2.650000000000001,-0.6684725284576416,false,true
78,96,2.9000000000000004,2.650000000000001,-0.6684725284576416,false,true
79,96,2.95,2.650000000000001,-0.6684725284576416,false,true
80,96,3.0,2.650000000000001,-0.6684725284576416,false,true
81,96,3.05,2.650000000000001,-0.6684725284576416,false,true
82,96,3.1000000000000005,2.650000000000001,-0.6684725284582393,false,true
83,96,3.1500000000000004,2.650000000000001,-0.7028210163119957,false,true
84,96,3.2,2.650000000000001,-0.7371695041656493,false,true
85,96,3.25,2.650000000000001,-0.7371695041656492,false,true
86,96,3.3,2.650000000000001,-0.7371695041656493,false,true
87,96,3.3500000000000005,2.650000000000001,-0.7380651831626891,false,true
0,97,-1.0,2.7000000000000006,-0.6467236715759679,false,true
1,97,-0.95,2.7000000000000006,-0.6441654562950134,false,true
2,97,-0.9,2.7000000000000006,-0.6441888588473322,false,true
3,97,-0.85,2.7000000000000006,-0.6440360917727275,false,true
4,97,-0.8,2.7000000000000006,-0.6440822436619914,false,true
5,97,-0.75,2.7000000000000006,-0.6451354026794434,true,false
6,97,-0.7,2.7000000000000006,-0.6420537829399109,true,false
7,97,-0.6499999999999999,2.7000000000000006,-0.6366489827632904,true,false
8,97,-0.6,2.7000000000000006,-0.6326576471328735,true,false
9,97,-0.55,2.7000000000000006,-0.6297594904899597,true,false
10,97,-0.5,2.7000000000000006,-0.6268155574798584,true,false
11,97,-0.44999999999999996,2.7000000000000006,-0.621100664138794,true,false
12,97,-0.3999999999999999,2.7000000000000006,-0.6173954606056213,true,false
13,97,-0.35,2.7000000000000006,-0.6193180084228516,true,false
14,97,-0.29999999999999993,2.7000000000000006,-0.6208503544330597,true,false
15,97,-0.25,2.7000000000000006,-0.6225203573703766,true,false
16,97,-0.19999999999999996,2.7000000000000006,-0.6219766139984131,true,false
17,97,-0.1499999999999999,2.7000000000000006,-0.6228904128074646,true,false
18,97,-0.09999999999999998,2.7000000000000006,-0.6233627796173096,true,false
19,97,-0.04999999999999993,2.7000000000000006,-0.6262059211730957,true,false
20,97,0.0,2.7000000000000006,-0.6289366781711578,true,false
21,97,0.050000000000000044,2.7000000000000006,-0.6301726698875427,true,false
22,97,0.10000000000000009,2.7000000000000006,-0.6299401223659515,true,false
23,97,0.15000000000000013,2.7000000000000006,-0.6322658658027649,true,false
24,97,0.20000000000000018,2.7000000000000006,-0.6344914436340332,true,false
25,97,0.25,2.7000000000000006,-0.6332896649837494,true,false
26,97,0.30000000000000004,2.7000000000000006,-0.6316989064216614,true,false
27,97,0.3500000000000001,2.7000000000000006,-0.6324989795684814,true,false
28,97,0.40000000000000013,2.7000000000000006,-0.6316168308258057,true,false
29,97,0.4500000000000002,2.7000000000000006,-0.639363428337475,false,true
30,97,0.5,2.7000000000000006,-0.6529010572499738,false,true
31,97,0.55,2.7000000000000006,-0.6793180108070374,false,true
32,97,0.6000000000000001,2.7000000000000006,-0.6809930263514725,false,true
33,97,0.6500000000000001,2.7000000000000006,-0.6827288269996643,false,true
34,97,0.7000000000000002,2.7000000000000006,-0.6824128574316807,false,true
35,97,0.75,2.7000000000000006,-0.6823474179915027,false,true
36,97,0.8,2.7000000000000006,-0.6821888103606721,false,true
37,97,0.8500000000000001,2.7000000000000006,-0.6722560636298426,false,true
38,97,0.9000000000000001,2.7000000000000006,-0.6553169190883636,false,true
39,97,0.9500000000000002,2.7000000000000006,-0.6553232408526405,false,true
40,97,1.0,2.7000000000000006,-0.6601802367426375,false,true
41,97,1.0500000000000003,2.7000000000000006,-0.6684725284576416,false,true
42,97,1.1,2.7000000000000006,-0.6684725284576416,false,true
43,97,1.15,2.7000000000000006,-0.6684725284576416,false,true
44,97,1.2000000000000002,2.7000000000000006,-0.6684725284576416,false,true
45,97,1.25,2.7000000000000006,-0.6684725284576416,false,true
46,97,1.3000000000000003,2.7000000000000006,-0.6684725284576416,false,true
47,97,1.35,2.7000000000000006,-0.6684725284576416,false,true
48,97,1.4000000000000004,2.7000000000000006,-0.6684725284576416,false,true
49,97,1.4500000000000002,2.7000000000000006,-0.6684725284576416,false,true
50,97,1.5,2.7000000000000006,-0.6684725284576416,false,true
51,97,1.5500000000000003,2.7000000000000006,-0.6684725284576416,false,true
52,97,1.6,2.7000000000000006,-0.6684725284576416,false,true
53,97,1.6500000000000004,2.7000000000000006,-0.6684725284576416,false,true
54,97,1.7000000000000002,2.7000000000000006,-0.6684725284576416,false,true
55,97,1.75,2.7000000000000006,-0.6684725284576416,false,true
56,97,1.8000000000000003,2.7000000000000006,-0.6684725284576416,false,true
57,97,1.85,2.7000000000000006,-0.6684725284576416,false,true
58,97,1.9000000000000004,2.7000000000000006,-0.6684725284576416,false,true
59,97,1.9500000000000002,2.7000000000000006,-0.6684725284576416,false,true
60,97,2.0,2.7000000000000006,-0.6684725284576416,false,true
61,97,2.0500000000000003,2.7000000000000006,-0.6684725284576416,false,true
62,97,2.1,2.7000000000000006,-0.6684725284576416,false,true
63,97,2.1500000000000004,2.7000000000000006,-0.6684725284576416,false,true
64,97,2.2,2.7000000000000006,-0.6684725284576416,false,true
65,97,2.25,2.7000000000000006,-0.6684725284576416,false,true
66,97,2.3000000000000003,2.7000000000000006,-0.6684725284576416,false,true
67,97,2.35,2.7000000000000006,-0.6684725284576416,false,true
68,97,2.4000000000000004,2.7000000000000006,-0.6684725284576416,false,true
69,97,2.45,2.7000000000000006,-0.6684725284576416,false,true
70,97,2.5,2.7000000000000006,-0.6684725284576416,false,true
71,97,2.5500000000000003,2.7000000000000006,-0.6684725284576416,false,true
72,97,2.6,2.7000000000000006,-0.6684725284576416,false,true
73,97,2.6500000000000004,2.7000000000000006,-0.6684725284576416,false,true
74,97,2.7,2.7000000000000006,-0.6684725284576416,false,true
75,97,2.75,2.7000000000000006,-0.6684725284576416,false,true
76,97,2.8000000000000003,2.7000000000000006,-0.6684725284576416,false,true
77,97,2.85,2.7000000000000006,-0.6684725284576416,false,true
78,97,2.9000000000000004,2.7000000000000006,-0.6684725284576416,false,true
79,97,2.95,2.7000000000000006,-0.6684725284576416,false,true
80,97,3.0,2.7000000000000006,-0.6684725284576416,false,true
81,97,3.05,2.7000000000000006,-0.6684725284576416,false,true
82,97,3.1000000000000005,2.7000000000000006,-0.6684725284576416,false,true
83,97,3.1500000000000004,2.7000000000000006,-0.6684725284578167,false,true
84,97,3.2,2.7000000000000006,-0.702821016311748,false,true
85,97,3.25,2.7000000000000006,-0.7371695041656493,false,true
86,97,3.3,2.7000000000000006,-0.7371695041656492,false,true
87,97,3.3500000000000005,2.7000000000000006,-0.7371695041656493,false,true
0,98,-1.0,2.7500000000000004,-0.6493179798126221,false,true
1,98,-0.95,2.7500000000000004,-0.646672628428511,false,true
2,98,-0.9,2.7500000000000004,-0.6441654562950134,false,true
3,98,-0.85,2.7500000000000004,-0.6430416207831667,false,true
4,98,-0.8,2.7500000000000004,-0.6420420574221669,false,true
5,98,-0.75,2.7500000000000004,-0.640123724937439,true,false
6,98,-0.7,2.7500000000000004,-0.6394296884536743,true,false
7,98,-0.6499999999999999,2.7500000000000004,-0.6349309980869293,true,false
8,98,-0.6,2.7500000000000004,-0.6311047077178955,true,false
9,98,-0.55,2.7500000000000004,-0.6291043758392334,true,false
10,98,-0.5,2.7500000000000004,-0.6270111501216888,true,false
11,98,-0.44999999999999996,2.7500000000000004,-0.6193180084228516,true,false
12,98,-0.3999999999999999,2.7500000000000004,-0.6172895431518555,true,false
13,98,-0.35,2.7500000000000004,-0.6184279024600983,true,false
14,98,-0.29999999999999993,2.7500000000000004,-0.6194515824317932,true,false
15,98,-0.25,2.7500000000000004,-0.6210808157920837,true,false
16,98,-0.19999999999999996,2.7500000000000004,-0.6219968795776367,true,false
17,98,-0.1499999999999999,2.7500000000000004,-0.6228340864181519,true,false
18,98,-0.09999999999999998,2.7500000000000004,-0.6250718235969543,true,false
19,98,-0.04999999999999993,2.7500000000000004,-0.6262392401695251,true,false
20,98,0.0,2.7500000000000004,-0.626979410648346,true,false
21,98,0.050000000000000044,2.7500000000000004,-0.6287897527217865,true,false
22,98,0.10000000000000009,2.7500000000000004,-0.6300504505634308,true,false
23,98,0.15000000000000013,2.7500000000000004,-0.633527934551239,true,false
24,98,0.20000000000000018,2.7500000000000004,-0.6354207396507263,true,false
25,98,0.25,2.7500000000000004,-0.6337434947490692,true,false
26,98,0.30000000000000004,2.7500000000000004,-0.6326704621315002,true,false
27,98,0.3500000000000001,2.7500000000000004,-0.6411340832710266,true,false
28,98,0.40000000000000013,2.7500000000000004,-0.6503187716007233,true,false
29,98,0.4500000000000002,2.7500000000000004,-0.6559711680875927,false,true
30,98,0.5,2.7500000000000004,-0.6793180108070374,false,true
31,98,0.55,2.7500000000000004,-0.6809070632333494,false,true
32,98,0.6000000000000001,2.7500000000000004,-0.6827288269996643,false,true
33,98,0.6500000000000001,2.7500000000000004,-0.681966008983341,false,true
34,98,0.7000000000000002,2.7500000000000004,-0.6818734636395272,false,true
35,98,0.75,2.7500000000000004,-0.6815553675394194,false,true
36,98,0.8,2.7500000000000004,-0.6718577669865792,false,true
37,98,0.8500000000000001,2.7500000000000004,-0.6553169190883636,false,true
38,98,0.9000000000000001,2.7500000000000004,-0.6553321811774189,false,true
39,98,0.9500000000000002,2.7500000000000004,-0.6601853124504226,false,true
40,98,1.0,2.7500000000000004,-0.6684725284576416,false,true
41,98,1.0500000000000003,2.7500000000000004,-0.6684725284576416,false,true
42,98,1.1,2.7500000000000004,-0.6684725284576416,false,true
43,98,1.15,2.7500000000000004,-0.6684725284576416,false,true
44,98,1.2000000000000002,2.7500000000000004,-0.6684725284576416,false,true
45,98,1.25,2.7500000000000004,-0.6684725284576416,false,true
46,98,1.3000000000000003,2.7500000000000004,-0.6684725284576416,false,true
47,98,1.35,2.7500000000000004,-0.6684725284576416,false,true
48,98,1.4000000000000004,2.7500000000000004,-0.6684725284576416,false,true
49,98,1.4500000000000002,2.7500000000000004,-0.6684725284576416,false,true
50,98,1.5,2.7500000000000004,-0.6684725284576416,false,true
51,98,1.5500000000000003,2.7500000000000004,-0.6684725284576416,false,true
52,98,1.6,2.7500000000000004,-0.6684725284576416,false,true
53,98,1.6500000000000004,2.7500000000000004,-0.6684725284576416,false,true
54,98,1.7000000000000002,2.7500000000000004,-0.6684725284576416,false,true
55,98,1.75,2.7500000000000004,-0.6684725284576416,false,true
56,98,1.8000000000000003,2.7500000000000004,-0.6684725284576416,false,true
57,98,1.85,2.7500000000000004,-0.6684725284576416,false,true
58,98,1.9000000000000004,2.7500000000000004,-0.6684725284576416,false,true
59,98,1.9500000000000002,2.7500000000000004,-0.6684725284576416,false,true
60,98,2.0,2.7500000000000004,-0.6684725284576416,false,true
61,98,2.0500000000000003,2.7500000000000004,-0.6684725284576416,false,true
62,98,2.1,2.7500000000000004,-0.6684725284576416,false,true
63,98,2.1500000000000004,2.7500000000000004,-0.6684725284576416,false,true
64,98,2.2,2.7500000000000004,-0.6684725284576416,false,true
65,98,2.25,2.7500000000000004,-0.6684725284576416,false,true
66,98,2.3000000000000003,2.7500000000000004,-0.6684725284576416,false,true
67,98,2.35,2.7500000000000004,-0.6684725284576416,false,true
68,98,2.4000000000000004,2.7500000000000004,-0.6684725284576416,false,true
69,98,2.45,2.7500000000000004,-0.6684725284576416,false,true
70,98,2.5,2.7500000000000004,-0.6684725284576416,false,true
71,98,2.5500000000000003,2.7500000000000004,-0.6684725284576416,false,true
72,98,2.6,2.7500000000000004,-0.6684725284576416,false,true
73,98,2.6500000000000004,2.7500000000000004,-0.6684725284576416,false,true
74,98,2.7,2.7500000000000004,-0.6684725284576416,false,true
75,98,2.75,2.7500000000000004,-0.6684725284576416,false,true
76,98,2.8000000000000003,2.7500000000000004,-0.6684725284576416,false,true
77,98,2.85,2.7500000000000004,-0.6684725284576416,false,true
78,98,2.9000000000000004,2.7500000000000004,-0.6684725284576416,false,true
79,98,2.95,2.7500000000000004,-0.6684725284576416,false,true
80,98,3.0,2.7500000000000004,-0.6684725284576416,false,true
81,98,3.05,2.7500000000000004,-0.6684725284576416,false,true
82,98,3.1000000000000005,2.7500000000000004,-0.6684725284576416,false,true
83,98,3.1500000000000004,2.7500000000000004,-0.6684725284576416,false,true
84,98,3.2,2.7500000000000004,-0.6684725284576928,false,true
85,98,3.25,2.7500000000000004,-0.7028210163116756,false,true
86,98,3.3,2.7500000000000004,-0.7371695041656493,false,true
87,98,3.3500000000000005,2.7500000000000004,-0.7371695041656492,false,true
0,99,-1.0,2.8000000000000003,-0.6541341381684659,false,true
1,99,-0.95,2.8000000000000003,-0.6493179798126221,false,true
2,99,-0.9,2.8000000000000003,-0.6464772134582553,false,true
3,99,-0.85,2.8000000000000003,-0.6441654562950134,false,true
4,99,-0.8,2.8000000000000003,-0.6418252505431893,false,true
5,99,-0.75,2.8000000000000003,-0.6416616439819336,true,false
6,99,-0.7,2.8000000000000003,-0.6385867595672607,true,false
7,99,-0.6499999999999999,2.8000000000000003,-0.6351865828037262,true,false
8,99,-0.6,2.8000000000000003,-0.631743460893631,true,false
9,99,-0.55,2.8000000000000003,-0.6300139725208282,true,false
10,99,-0.5,2.8000000000000003,-0.6269602179527283,true,false
11,99,-0.44999999999999996,2.8000000000000003,-0.6193180084228516,true,false
12,99,-0.3999999999999999,2.8000000000000003,-0.6171109676361084,true,false
13,99,-0.35,2.8000000000000003,-0.6180399060249329,true,false
14,99,-0.29999999999999993,2.8000000000000003,-0.619024008512497,true,false
15,99,-0.25,2.8000000000000003,-0.6193180084228516,true,false
16,99,-0.19999999999999996,2.8000000000000003,-0.6196340918540955,true,false
17,99,-0.1499999999999999,2.8000000000000003,-0.6218314170837402,true,false
18,99,-0.09999999999999998,2.8000000000000003,-0.624557614326477,true,false
19,99,-0.04999999999999993,2.8000000000000003,-0.6258732974529266,true,false
20,99,0.0,2.8000000000000003,-0.6279729902744293,true,false
21,99,0.050000000000000044,2.8000000000000003,-0.6294473111629486,true,false
22,99,0.10000000000000009,2.8000000000000003,-0.6326485276222229,true,false
23,99,0.15000000000000013,2.8000000000000003,-0.6350190937519073,true,false
24,99,0.20000000000000018,2.8000000000000003,-0.6356509029865265,true,false
25,99,0.25,2.8000000000000003,-0.6341428160667419,true,false
26,99,0.30000000000000004,2.8000000000000003,-0.6358674168586731,true,false
27,99,0.3500000000000001,2.8000000000000003,-0.6484280526638031,true,false
28,99,0.40000000000000013,2.8000000000000003,-0.6553017795085907,true,false
29,99,0.4500000000000002,2.8000000000000003,-0.6793180108070374,true,false
30,99,0.5,2.8000000000000003,-0.6805779597001992,false,true
31,99,0.55,2.8000000000000003,-0.6827288269996643,false,true
32,99,0.6000000000000001,2.8000000000000003,-0.6808872213990342,false,true
33,99,0.6500000000000001,2.8000000000000003,-0.6808872213990341,false,true
34,99,0.7000000000000002,2.8000000000000003,-0.6802480218282478,false,true
35,99,0.75,2.8000000000000003,-0.6710459291881591,false,true
36,99,0.8,2.8000000000000003,-0.6553169190883636,false,true
37,99,0.8500000000000001,2.8000000000000003,-0.6553537650307508,false,true
38,99,0.9000000000000001,2.8000000000000003,-0.6601971766070162,false,true
39,99,0.9500000000000002,2.8000000000000003,-0.6684725284576416,false,true
40,99,1.0,2.8000000000000003,-0.6684725284576416,false,true
41,99,1.0500000000000003,2.8000000000000003,-0.6684725284576416,false,true
42,99,1.1,2.8000000000000003,-0.6684725284576416,false,true
43,99,1.15,2.8000000000000003,-0.6684725284576416,false,true
44,99,1.2000000000000002,2.8000000000000003,-0.6684725284576416,false,true
45,99,1.25,2.8000000000000003,-0.6684725284576416,false,true
46,99,1.3000000000000003,2.8000000000000003,-0.6684725284576416,false,true
47,99,1.35,2.8000000000000003,-0.6684725284576416,false,true
48,99,1.4000000000000004,2.8000000000000003,-0.6684725284576416,false,true
49,99,1.4500000000000002,2.8000000000000003,-0.6684725284576416,false,true
50,99,1.5,2.8000000000000003,-0.6684725284576416,false,true
51,99,1.5500000000000003,2.8000000000000003,-0.6684725284576416,false,true
52,99,1.6,2.8000000000000003,-0.6684725284576416,false,true
53,99,1.6500000000000004,2.8000000000000003,-0.6684725284576416,false,true
54,99,1.7000000000000002,2.8000000000000003,-0.6684725284576416,false,true
55,99,1.75,2.8000000000000003,-0.6684725284576416,false,true
56,99,1.8000000000000003,2.8000000000000003,-0.6684725284576416,false,true
57,99,1.85,2.8000000000000003,-0.6684725284576416,false,true
58,99,1.9000000000000004,2.8000000000000003,-0.6684725284576416,false,true
59,99,1.9500000000000002,2.8000000000000003,-0.6684725284576416,false,true
60,99,2.0,2.8000000000000003,-0.6684725284576416,false,true
61,99,2.0500000000000003,2.8000000000000003,-0.6684725284576416,false,true
62,99,2.1,2.8000000000000003,-0.6684725284576416,false,true
63,99,2.1500000000000004,2.8000000000000003,-0.6684725284576416,false,true
64,99,2.2,2.8000000000000003,-0.6684725284576416,false,true
65,99,2.25,2.8000000000000003,-0.6684725284576416,false,true
66,99,2.3000000000000003,2.8000000000000003,-0.6684725284576416,false,true
67,99,2.35,2.8000000000000003,-0.6684725284576416,false,true
68,99,2.4000000000000004,2.8000000000000003,-0.6684725284576416,false,true
69,99,2.45,2.8000000000000003,-0.6684725284576416,false,true
70,99,2.5,2.8000000000000003,-0.6684725284576416,false,true
71,99,2.5500000000000003,2.8000000000000003,-0.6684725284576416,false,true
72,99,2.6,2.8000000000000003,-0.6684725284576416,false,true
73,99,2.6500000000000004,2.8000000000000003,-0.6684725284576416,false,true
74,99,2.7,2.8000000000000003,-0.6684725284576416,false,true
75,99,2.75,2.8000000000000003,-0.6684725284576416,false,true
76,99,2.8000000000000003,2.8000000000000003,-0.6684725284576416,false,true
77,99,2.85,2.8000000000000003,-0.6684725284576416,false,true
78,99,2.9000000000000004,2.8000000000000003,-0.6684725284576416,false,true
79,99,2.95,2.8000000000000003,-0.6684725284576416,false,true
80,99,3.0,2.8000000000000003,-0.6684725284576416,false,true
81,99,3.05,2.8000000000000003,-0.6684725284576416,false,true
82,99,3.1000000000000005,2.8000000000000003,-0.6684725284576416,false,true
83,99,3.1500000000000004,2.8000000000000003,-0.6684725284576416,false,true
84,99,3.2,2.8000000000000003,-0.6684725284576416,false,true
85,99,3.25,2.8000000000000003,-0.6684725284576566,false,true
86,99,3.3,2.8000000000000003,-0.7028210163116543,false,true
87,99,3.3500000000000005,2.8000000000000003,-0.7371695041656492,false,true
0,100,-1.0,2.85,-0.6586263122163317,false,true
1,100,-0.95,2.85,-0.6545923211708041,false,true
2,100,-0.9,2.85,-0.6493179798126221,false,true
3,100,-0.85,2.85,-0.6457290814855461,false,true
4,100,-0.8,2.85,-0.6441654562950134,true,false
5,100,-0.75,2.85,-0.6404486000537872,true,false
6,100,-0.7,2.85,-0.6342684030532837,true,false
7,100,-0.6499999999999999,2.85,-0.6325423121452332,true,false
8,100,-0.6,2.85,-0.6304250657558441,true,false
9,100,-0.55,2.85,-0.6291755437850952,true,false
10,100,-0.5,2.85,-0.6249628365039825,true,false
11,100,-0.44999999999999996,2.85,-0.6193180084228516,true,false
12,100,-0.3999999999999999,2.85,-0.6169107556343079,true,false
13,100,-0.35,2.85,-0.6193180084228516,true,false
14,100,-0.29999999999999993,2.85,-0.6186290979385376,true,false
15,100,-0.25,2.85,-0.6193180084228516,true,false
16,100,-0.19999999999999996,2.85,-0.6200122237205505,true,false
17,100,-0.1499999999999999,2.85,-0.6215923428535461,true,false
18,100,-0.09999999999999998,2.85,-0.6244682669639587,true,false
19,100,-0.04999999999999993,2.85,-0.6258927285671234,true,false
20,100,0.0,2.85,-0.6275672912597656,true,false
21,100,0.050000000000000044,2.85,-0.6290439367294312,true,false
22,100,0.10000000000000009,2.85,-0.631659060716629,true,false
23,100,0.15000000000000013,2.85,-0.6193180084228516,true,false
24,100,0.20000000000000018,2.85,-0.6338678598403931,true,false
25,100,0.25,2.85,-0.6338334083557129,true,false
26,100,0.30000000000000004,2.85,-0.6328938007354736,true,false
27,100,0.3500000000000001,2.85,-0.6412104964256287,true,false
28,100,0.40000000000000013,2.85,-0.6493179798126221,true,false
29,100,0.4500000000000002,2.85,-0.6793180108070374,true,false
30,100,0.5,2.85,-0.6827288269996643,true,false
31,100,0.55,2.85,-0.6782827977820809,false,true
32,100,0.6000000000000001,2.85,-0.6790456157984041,false,true
33,100,0.6500000000000001,2.85,-0.6776260699710854,false,true
34,100,0.7000000000000002,2.85,-0.6694488499287978,false,true
35,100,0.75,2.85,-0.6553169190883636,false,true
36,100,0.8,2.85,-0.6554058730621931,false,true
37,100,0.8500000000000001,2.85,-0.6602239376444143,false,true
38,100,0.9000000000000001,2.85,-0.6684725284576416,false,true
39,100,0.9500000000000002,2.85,-0.6684725284576416,false,true
40,100,1.0,2.85,-0.6684725284576416,false,true
41,100,1.0500000000000003,2.85,-0.6684725284576416,false,true
42,100,1.1,2.85,-0.6684725284576416,false,true
43,100,1.15,2.85,-0.6684725284576416,false,true
44,100,1.2000000000000002,2.85,-0.6684725284576416,false,true
45,100,1.25,2.85,-0.6684725284576416,false,true
46,100,1.3000000000000003,2.85,-0.6684725284576416,false,true
47,100,1.35,2.85,-0.6684725284576416,false,true
48,100,1.4000000000000004,2.85,-0.6684725284576416,false,true
49,100,1.4500000000000002,2.85,-0.6684725284576416,false,true
50,100,1.5,2.85,-0.6684725284576416,false,true
51,100,1.5500000000000003,2.85,-0.6684725284576416,false,true
52,100,1.6,2.85,-0.6684725284576416,false,true
53,100,1.6500000000000004,2.85,-0.6684725284576416,false,true
54,100,1.7000000000000002,2.85,-0.6684725284576416,false,true
55,100,1.75,2.85,-0.6684725284576416,false,true
56,100,1.8000000000000003,2.85,-0.6684725284576416,false,true
57,100,1.85,2.85,-0.6684725284576416,false,true
58,100,1.9000000000000004,2.85,-0.6684725284576416,false,true
59,100,1.9500000000000002,2.85,-0.6684725284576416,false,true
60,100,2.0,2.85,-0.6684725284576416,false,true
61,100,2.0500000000000003,2.85,-0.6684725284576416,false,true
62,100,2.1,2.85,-0.6684725284576416,false,true
63,100,2.1500000000000004,2.85,-0.6684725284576416,false,true
64,100,2.2,2.85,-0.6684725284576416,false,true
65,100,2.25,2.85,-0.6684725284576416,false,true
66,100,2.3000000000000003,2.85,-0.6684725284576416,false,true
67,100,2.35,2.85,-0.6684725284576416,false,true
68,100,2.4000000000000004,2.85,-0.6684725284576416,false,true
69,100,2.45,2.85,-0.6684725284576416,false,true
70,100,2.5,2.85,-0.6684725284576416,false,true
71,100,2.5500000000000003,2.85,-0.6684725284576416,false,true
72,100,2.6,2.85,-0.6684725284576416,false,true
73,100,2.6500000000000004,2.85,-0.6684725284576416,false,true
74,100,2.7,2.85,-0.6684725284576416,false,true
75,100,2.75,2.85,-0.6684725284576416,false,true
76,100,2.8000000000000003,2.85,-0.6684725284576416,false,true
77,100,2.85,2.85,-0.6684725284576416,false,true
78,100,2.9000000000000004,2.85,-0.6684725284576416,false,true
79,100,2.95,2.85,-0.6684725284576416,false,true
80,100,3.0,2.85,-0.6684725284576416,false,true
81,100,3.05,2.85,-0.6684725284576416,false,true
82,100,3.1000000000000005,2.85,-0.6684725284576416,false,true
83,100,3.1500000000000004,2.85,-0.6684725284576416,false,true
84,100,3.2,2.85,-0.6684725284576416,false,true
85,100,3.25,2.85,-0.6684725284576416,false,true
86,100,3.3,2.85,-0.668472528457646,false,true
87,100,3.3500000000000005,2.85,-0.6957072115535806,false,true
0,101,-1.0,2.900000000000001,-0.6593782901763916,false,true
1,101,-0.95,2.900000000000001,-0.6575628547866095,false,true
2,101,-0.9,2.900000000000001,-0.6530644283195859,false,true
3,101,-0.85,2.900000000000001,-0.6493179798126221,true,false
4,101,-0.8,2.900000000000001,-0.6428649127483368,true,false
5,101,-0.75,2.900000000000001,-0.6379233598709106,true,false
6,101,-0.7,2.900000000000001,-0.6316235959529877,true,false
7,101,-0.6499999999999999,2.900000000000001,-0.6296330094337463,true,false
8,101,-0.6,2.900000000000001,-0.6282042562961578,true,false
9,101,-0.55,2.900000000000001,-0.6246587336063385,true,false
10,101,-0.5,2.900000000000001,-0.6214956343173981,true,false
11,101,-0.44999999999999996,2.900000000000001,-0.6193180084228516,true,false
12,101,-0.3999999999999999,2.900000000000001,-0.6160688698291779,true,false
13,101,-0.35,2.900000000000001,-0.6192004084587097,true,false
14,101,-0.29999999999999993,2.900000000000001,-0.6192004084587097,true,false
15,101,-0.25,2.900000000000001,-0.6211536526679993,true,false
16,101,-0.19999999999999996,2.900000000000001,-0.6221085488796234,true,false
17,101,-0.1499999999999999,2.900000000000001,-0.6231205463409424,true,false
18,101,-0.09999999999999998,2.900000000000001,-0.6243384182453156,true,false
19,101,-0.04999999999999993,2.900000000000001,-0.6256095170974731,true,false
20,101,0.0,2.900000000000001,-0.6276542544364929,true,false
21,101,0.050000000000000044,2.900000000000001,-0.6295498907566071,true,false
22,101,0.10000000000000009,2.900000000000001,-0.6302005648612976,true,false
23,101,0.15000000000000013,2.900000000000001,-0.46936362981796265,true,false
24,101,0.20000000000000018,2.900000000000001,-0.4693180322647095,true,false
25,101,0.25,2.900000000000001,-0.48011544346809387,true,false
26,101,0.30000000000000004,2.900000000000001,-0.6193180084228516,true,false
27,101,0.3500000000000001,2.900000000000001,-0.6113897562026978,true,false
28,101,0.40000000000000013,2.900000000000001,-0.6193180084228516,true,false
29,101,0.4500000000000002,2.900000000000001,-0.6493179798126221,true,false
30,101,0.5,2.900000000000001,-0.6719951629638672,true,false
31,101,0.55,2.900000000000001,-0.6764411921814507,false,true
32,101,0.6000000000000001,2.900000000000001,-0.6723573775817323,false,true
33,101,0.6500000000000001,2.900000000000001,-0.6664317112293099,false,true
34,101,0.7000000000000002,2.900000000000001,-0.6553169190883636,false,true
35,101,0.75,2.900000000000001,-0.6555316729784096,false,true
36,101,0.8,2.900000000000001,-0.6602794594784998,false,true
37,101,0.8500000000000001,2.900000000000001,-0.6684725284576416,false,true
38,101,0.9000000000000001,2.900000000000001,-0.6684725284576416,false,true
39,101,0.9500000000000002,2.900000000000001,-0.6684725284576416,false,true
40,101,1.0,2.900000000000001,-0.6684725284576416,false,true
41,101,1.0500000000000003,2.900000000000001,-0.6684725284576416,false,true
42,101,1.1,2.900000000000001,-0.6684725284576416,false,true
43,101,1.15,2.900000000000001,-0.6684725284576416,false,true
44,101,1.2000000000000002,2.900000000000001,-0.6684725284576416,false,true
45,101,1.25,2.900000000000001,-0.6684725284576416,false,true
46,101,1.3000000000000003,2.900000000000001,-0.6684725284576416,false,true
47,101,1.35,2.900000000000001,-0.6684725284576416,false,true
48,101,1.4000000000000004,2.900000000000001,-0.6684725284576416,false,true
49,101,1.4500000000000002,2.900000000000001,-0.6684725284576416,false,true
50,101,1.5,2.900000000000001,-0.6684725284576416,false,true
51,101,1.5500000000000003,2.900000000000001,-0.6684725284576416,false,true
52,101,1.6,2.900000000000001,-0.6684725284576416,false,true
53,101,1.6500000000000004,2.900000000000001,-0.6684725284576416,false,true
54,101,1.7000000000000002,2.900000000000001,-0.6684725284576416,false,true
55,101,1.75,2.900000000000001,-0.6684725284576416,false,true
56,101,1.8000000000000003,2.900000000000001,-0.6684725284576416,false,true
57,101,1.85,2.900000000000001,-0.6684725284576416,false,true
58,101,1.9000000000000004,2.900000000000001,-0.6684725284576416,false,true
59,101,1.9500000000000002,2.900000000000001,-0.6684725284576416,false,true
60,101,2.0,2.900000000000001,-0.6684725284576416,false,true
61,101,2.0500000000000003,2.900000000000001,-0.6684725284576416,false,true
62,101,2.1,2.900000000000001,-0.6684725284576416,false,true
63,101,2.1500000000000004,2.900000000000001,-0.6684725284576416,false,true
64,101,2.2,2.900000000000001,-0.6684725284576416,false,true
65,101,2.25,2.900000000000001,-0.6684725284576416,false,true
66,101,2.3000000000000003,2.900000000000001,-0.6684725284576416,false,true
67,101,2.35,2.900000000000001,-0.6684725284576416,false,true
68,101,2.4000000000000004,2.900000000000001,-0.6684725284576416,false,true
69,101,2.45,2.900000000000001,-0.6684725284576416,false,true
70,101,2.5,2.900000000000001,-0.6684725284576416,false,true
71,101,2.5500000000000003,2.900000000000001,-0.6684725284576416,false,true
72,101,2.6,2.900000000000001,-0.6684725284576416,false,true
73,101,2.6500000000000004,2.900000000000001,-0.6684725284576416,false,true
74,101,2.7,2.900000000000001,-0.6684725284576416,false,true
75,101,2.75,2.900000000000001,-0.6684725284576416,false,true
76,101,2.8000000000000003,2.900000000000001,-0.6684725284576416,false,true
77,101,2.85,2.900000000000001,-0.6684725284576416,false,true
78,101,2.9000000000000004,2.900000000000001,-0.6684725284576416,false,true
79,101,2.95,2.900000000000001,-0.6684725284576416,false,true
80,101,3.0,2.900000000000001,-0.6684725284576416,false,true
81,101,3.05,2.900000000000001,-0.6684725284576416,false,true
82,101,3.1000000000000005,2.900000000000001,-0.6684725284576416,false,true
83,101,3.1500000000000004,2.900000000000001,-0.6684725284576416,false,true
84,101,3.2,2.900000000000001,-0.6684725284576416,false,true
85,101,3.25,2.900000000000001,-0.6684725284576416,false,true
86,101,3.3,2.900000000000001,-0.6684725284576416,false,true
87,101,3.3500000000000005,2.900000000000001,-0.6684725284576429,false,true
0,102,-1.0,2.9500000000000006,-0.6592652883842598,false,true
1,102,-0.95,2.9500000000000006,-0.6593782901763916,true,false
2,102,-0.9,2.9500000000000006,-0.6549954414367676,true,false
3,102,-0.85,2.9500000000000006,-0.6493179798126221,true,false
4,102,-0.8,2.9500000000000006,-0.6425351500511169,true,false
5,102,-0.75,2.9500000000000006,-0.633951723575592,true,false
6,102,-0.7,2.9500000000000006,-0.6265333294868469,true,false
7,102,-0.6499999999999999,2.9500000000000006,-0.6244725584983826,true,false
8,102,-0.6,2.9500000000000006,-0.6193180084228516,true,false
9,102,-0.55,2.9500000000000006,-0.6193180084228516,true,false
10,102,-0.5,2.9500000000000006,-0.6181199550628662,true,false
11,102,-0.44999999999999996,2.9500000000000006,-0.6160120368003845,true,false
12,102,-0.3999999999999999,2.9500000000000006,-0.6135510206222534,true,false
13,102,-0.35,2.9500000000000006,-0.6160877645015717,true,false
14,102,-0.29999999999999993,2.9500000000000006,-0.6177453398704529,true,false
15,102,-0.25,2.9500000000000006,-0.6205810308456421,true,false
16,102,-0.19999999999999996,2.9500000000000006,-0.6219787299633026,true,false
17,102,-0.1499999999999999,2.9500000000000006,-0.6228731870651245,true,false
18,102,-0.09999999999999998,2.9500000000000006,-0.6148180365562439,true,false
19,102,-0.04999999999999993,2.9500000000000006,-0.6214900612831116,true,false
20,102,0.0,2.9500000000000006,-0.6267763376235962,true,false
21,102,0.050000000000000044,2.9500000000000006,-0.6301264464855194,true,false
22,102,0.10000000000000009,2.9500000000000006,-0.6303331851959229,true,false
23,102,0.15000000000000013,2.9500000000000006,-0.6193180084228516,true,false
24,102,0.20000000000000018,2.9500000000000006,-0.4543180465698242,true,false
25,102,0.25,2.9500000000000006,-0.48061156272888184,true,false
26,102,0.30000000000000004,2.9500000000000006,-0.6193180084228516,true,false
27,102,0.3500000000000001,2.9500000000000006,-0.6157298684120178,true,false
28,102,0.40000000000000013,2.9500000000000006,-0.5946319401264191,true,false
29,102,0.4500000000000002,2.9500000000000006,-0.6093776226043701,true,false
30,102,0.5,2.9500000000000006,-0.6406015104532576,false,true
31,102,0.55,2.9500000000000006,-0.6606565713882446,false,true
32,102,0.6000000000000001,2.9500000000000006,-0.661156338727206,false,true
33,102,0.6500000000000001,2.9500000000000006,-0.6553169190883636,false,true
34,102,0.7000000000000002,2.9500000000000006,-0.6558353808422849,false,true
35,102,0.75,2.9500000000000006,-0.6603696346605545,false,true
36,102,0.8,2.9500000000000006,-0.6684725284576416,false,true
37,102,0.8500000000000001,2.9500000000000006,-0.6684725284576416,false,true
38,102,0.9000000000000001,2.9500000000000006,-0.6684725284576416,false,true
39,102,0.9500000000000002,2.9500000000000006,-0.6684725284576416,false,true
40,102,1.0,2.9500000000000006,-0.6684725284576416,false,true
41,102,1.0500000000000003,2.9500000000000006,-0.6684725284576416,false,true
42,102,1.1,2.9500000000000006,-0.6684725284576416,false,true
43,102,1.15,2.9500000000000006,-0.6684725284576416,false,true
44,102,1.2000000000000002,2.9500000000000006,-0.6684725284576416,false,true
45,102,1.25,2.9500000000000006,-0.6684725284576416,false,true
46,102,1.3000000000000003,2.9500000000000006,-0.6684725284576416,false,true
47,102,1.35,2.9500000000000006,-0.6684725284576416,false,true
48,102,1.4000000000000004,2.9500000000000006,-0.6684725284576416,false,true
49,102,1.4500000000000002,2.9500000000000006,-0.6684725284576416,false,true
50,102,1.5,2.9500000000000006,-0.6684725284576416,false,true
51,102,1.5500000000000003,2.9500000000000006,-0.6684725284576416,false,true
52,102,1.6,2.9500000000000006,-0.6684725284576416,false,true
53,102,1.6500000000000004,2.9500000000000006,-0.6684725284576416,false,true
54,102,1.7000000000000002,2.9500000000000006,-0.6684725284576416,false,true
55,102,1.75,2.9500000000000006,-0.6684725284576416,false,true
56,102,1.8000000000000003,2.9500000000000006,-0.6684725284576416,false,true
57,102,1.85,2.9500000000000006,-0.6684725284576416,false,true
58,102,1.9000000000000004,2.9500000000000006,-0.6684725284576416,false,true
59,102,1.9500000000000002,2.9500000000000006,-0.6684725284576416,false,true
60,102,2.0,2.9500000000000006,-0.6684725284576416,false,true
61,102,2.0500000000000003,2.9500000000000006,-0.6684725284576416,false,true
62,102,2.1,2.9500000000000006,-0.6684725284576416,false,true
63,102,2.1500000000000004,2.9500000000000006,-0.6684725284576416,false,true
64,102,2.2,2.9500000000000006,-0.6684725284576416,false,true
65,102,2.25,2.9500000000000006,-0.6684725284576416,false,true
66,102,2.3000000000000003,2.9500000000000006,-0.6684725284576416,false,true
67,102,2.35,2.9500000000000006,-0.6684725284576416,false,true
68,102,2.4000000000000004,2.9500000000000006,-0.6684725284576416,false,true
69,102,2.45,2.9500000000000006,-0.6684725284576416,false,true
70,102,2.5,2.9500000000000006,-0.6684725284576416,false,true
71,102,2.5500000000000003,2.9500000000000006,-0.6684725284576416,false,true
72,102,2.6,2.9500000000000006,-0.6684725284576416,false,true
73,102,2.6500000000000004,2.9500000000000006,-0.6684725284576416,false,true
74,102,2.7,2.9500000000000006,-0.6684725284576416,false,true
75,102,2.75,2.9500000000000006,-0.6684725284576416,false,true
76,102,2.8000000000000003,2.9500000000000006,-0.6684725284576416,false,true
77,102,2.85,2.9500000000000006,-0.6684725284576416,false,true
78,102,2.9000000000000004,2.9500000000000006,-0.6684725284576416,false,true
79,102,2.95,2.9500000000000006,-0.6684725284576416,false,true
80,102,3.0,2.9500000000000006,-0.6684725284576416,false,true
81,102,3.05,2.9500000000000006,-0.6684725284576416,false,true
82,102,3.1000000000000005,2.9500000000000006,-0.6684725284576416,false,true
83,102,3.1500000000000004,2.9500000000000006,-0.6684725284576416,false,true
84,102,3.2,2.9500000000000006,-0.6684725284576416,false,true
85,102,3.25,2.9500000000000006,-0.6684725284576416,false,true
86,102,3.3,2.9500000000000006,-0.6684725284576416,false,true
87,102,3.3500000000000005,2.9500000000000006,-0.6684725284576416,false,true
0,103,-1.0,3.0000000000000004,-0.6591593108320362,false,true
1,103,-0.95,3.0000000000000004,-0.6591054797172546,true,false
2,103,-0.9,3.0000000000000004,-0.6554101705551147,true,false
3,103,-0.85,3.0000000000000004,-0.6493179798126221,true,false
4,103,-0.8,3.0000000000000004,-0.6348286271095276,true,false
5,103,-0.75,3.0000000000000004,-0.6299381852149963,true,false
6,103,-0.7,3.0000000000000004,-0.6193180084228516,true,false
7,103,-0.6499999999999999,3.0000000000000004,-0.6176071166992188,true,false
8,103,-0.6,3.0000000000000004,-0.6133313775062561,true,false
9,103,-0.55,3.0000000000000004,-0.6117604970932007,true,false
10,103,-0.5,3.0000000000000004,-0.6117671430110931,true,false
11,103,-0.44999999999999996,3.0000000000000004,-0.6141992807388306,true,false
12,103,-0.3999999999999999,3.0000000000000004,-0.6121136844158173,true,false
13,103,-0.35,3.0000000000000004,-0.6139882802963257,true,false
14,103,-0.29999999999999993,3.0000000000000004,-0.6160027980804443,true,false
15,103,-0.25,3.0000000000000004,-0.6193180084228516,true,false
16,103,-0.19999999999999996,3.0000000000000004,-0.6211121082305908,true,false
17,103,-0.1499999999999999,3.0000000000000004,-0.62253338098526,true,false
18,103,-0.09999999999999998,3.0000000000000004,-0.6193180084228516,true,false
19,103,-0.04999999999999993,3.0000000000000004,-0.6251729726791382,true,false
20,103,0.0,3.0000000000000004,-0.6275227069854736,true,false
21,103,0.050000000000000044,3.0000000000000004,-0.6306059062480927,true,false
22,103,0.10000000000000009,3.0000000000000004,-0.6316773295402527,true,false
23,103,0.15000000000000013,3.0000000000000004,-0.6193180084228516,true,false
24,103,0.20000000000000018,3.0000000000000004,-0.5459516942501068,true,false
25,103,0.25,3.0000000000000004,-0.4842020869255066,true,false
26,103,0.30000000000000004,3.0000000000000004,-0.6268914937973022,true,false
27,103,0.3500000000000001,3.0000000000000004,-0.6340605616569519,true,false
28,103,0.40000000000000013,3.0000000000000004,-0.6343179941177368,true,false
29,103,0.4500000000000002,3.0000000000000004,-0.6193180084228516,true,false
30,103,0.5,3.0000000000000004,-0.6493179798126221,true,false
31,103,0.55,3.0000000000000004,-0.6548364494713904,false,true
32,103,0.6000000000000001,3.0000000000000004,-0.6553169190883636,false,true
33,103,0.6500000000000001,3.0000000000000004,-0.656568596486252,false,true
34,103,0.7000000000000002,3.0000000000000004,-0.6603755311754751,false,true
35,103,0.75,3.0000000000000004,-0.6684725284576416,false,true
36,103,0.8,3.0000000000000004,-0.6684725284576416,false,true
37,103,0.8500000000000001,3.0000000000000004,-0.6684725284576416,false,true
38,103,0.9000000000000001,3.0000000000000004,-0.6684725284576416,false,true
39,103,0.9500000000000002,3.0000000000000004,-0.6684725284576416,false,true
40,103,1.0,3.0000000000000004,-0.6684725284576416,false,true
41,103,1.0500000000000003,3.0000000000000004,-0.6684725284576416,false,true
42,103,1.1,3.0000000000000004,-0.6684725284576416,false,true
43,103,1.15,3.0000000000000004,-0.6684725284576416,false,true
44,103,1.2000000000000002,3.0000000000000004,-0.6684725284576416,false,true
45,103,1.25,3.0000000000000004,-0.6684725284576416,false,true
46,103,1.3000000000000003,3.0000000000000004,-0.6684725284576416,false,true
47,103,1.35,3.0000000000000004,-0.6684725284576416,false,true
48,103,1.4000000000000004,3.0000000000000004,-0.6684725284576416,false,true
49,103,1.4500000000000002,3.0000000000000004,-0.6684725284576416,false,true
50,103,1.5,3.0000000000000004,-0.6684725284576416,false,true
51,103,1.5500000000000003,3.0000000000000004,-0.6684725284576416,false,true
52,103,1.6,3.0000000000000004,-0.6684725284576416,false,true
53,103,1.6500000000000004,3.0000000000000004,-0.6684725284576416,false,true
54,103,1.7000000000000002,3.0000000000000004,-0.6684725284576416,false,true
55,103,1.75,3.0000000000000004,-0.6684725284576416,false,true
56,103,1.8000000000000003,3.0000000000000004,-0.6684725284576416,false,true
57,103,1.85,3.0000000000000004,-0.6684725284576416,false,true
58,103,1.9000000000000004,3.0000000000000004,-0.6684725284576416,false,true
59,103,1.9500000000000002,3.0000000000000004,-0.6684725284576416,false,true
60,103,2.0,3.0000000000000004,-0.6684725284576416,false,true
61,103,2.0500000000000003,3.0000000000000004,-0.6684725284576416,false,true
62,103,2.1,3.0000000000000004,-0.6684725284576416,false,true
63,103,2.1500000000000004,3.0000000000000004,-0.6684725284576416,false,true
64,103,2.2,3.0000000000000004,-0.6684725284576416,false,true
65,103,2.25,3.0000000000000004,-0.6684725284576416,false,true
66,103,2.3000000000000003,3.0000000000000004,-0.6684725284576416,false,true
67,103,2.35,3.0000000000000004,-0.6684725284576416,false,true
68,103,2.4000000000000004,3.0000000000000004,-0.6684725284576416,false,true
69,103,2.45,3.0000000000000004,-0.6684725284576416,false,true
70,103,2.5,3.0000000000000004,-0.6684725284576416,false,true
71,103,2.5500000000000003,3.0000000000000004,-0.6684725284576416,false,true
72,103,2.6,3.0000000000000004,-0.6684725284576416,false,true
73,103,2.6500000000000004,3.0000000000000004,-0.6684725284576416,false,true
74,103,2.7,3.0000000000000004,-0.6684725284576416,false,true
75,103,2.75,3.0000000000000004,-0.6684725284576416,false,true
76,103,2.8000000000000003,3.0000000000000004,-0.6684725284576416,false,true
77,103,2.85,3.0000000000000004,-0.6684725284576416,false,true
78,103,2.9000000000000004,3.0000000000000004,-0.6684725284576416,false,true
79,103,2.95,3.0000000000000004,-0.6684725284576416,false,true
80,103,3.0,3.0000000000000004,-0.6684725284576416,false,true
81,103,3.05,3.0000000000000004,-0.6684725284576416,false,true
82,103,3.1000000000000005,3.0000000000000004,-0.6684725284576416,false,true
83,103,3.1500000000000004,3.0000000000000004,-0.6684725284576416,false,true
84,103,3.2,3.0000000000000004,-0.6684725284576416,false,true
85,103,3.25,3.0000000000000004,-0.6684725284576416,false,true
86,103,3.3,3.0000000000000004,-0.6684725284576416,false,true
87,103,3.3500000000000005,3.0000000000000004,-0.6684725284576416,false,true
0,104,-1.0,3.0500000000000003,-0.6590533332798126,false,true
1,104,-0.95,3.0500000000000003,-0.6590164601802826,true,false
2,104,-0.9,3.0500000000000003,-0.602055013179779,true,false
3,104,-0.85,3.0500000000000003,-0.6493179798126221,true,false
4,104,-0.8,3.0500000000000003,-0.5663130283355713,true,false
5,104,-0.75,3.0500000000000003,-0.5167774558067322,true,false
6,104,-0.7,3.0500000000000003,-0.49931803345680237,true,false
7,104,-0.6499999999999999,3.0500000000000003,-0.6128613948822021,true,false
8,104,-0.6,3.0500000000000003,-0.6098731458187103,true,false
9,104,-0.55,3.0500000000000003,-0.6070911586284637,true,false
10,104,-0.5,3.0500000000000003,-0.6086031198501587,true,false
11,104,-0.44999999999999996,3.0500000000000003,-0.6112489104270935,true,false
12,104,-0.3999999999999999,3.0500000000000003,-0.6109550595283508,true,false
13,104,-0.35,3.0500000000000003,-0.6131646633148193,true,false
14,104,-0.29999999999999993,3.0500000000000003,-0.615116536617279,true,false
15,104,-0.25,3.0500000000000003,-0.6195922791957855,true,false
16,104,-0.19999999999999996,3.0500000000000003,-0.621497631072998,true,false
17,104,-0.1499999999999999,3.0500000000000003,-0.6225603520870209,true,false
18,104,-0.09999999999999998,3.0500000000000003,-0.6251300275325775,true,false
19,104,-0.04999999999999993,3.0500000000000003,-0.6300056874752045,true,false
20,104,0.0,3.0500000000000003,-0.6306473314762115,true,false
21,104,0.050000000000000044,3.0500000000000003,-0.6310252547264099,true,false
22,104,0.10000000000000009,3.0500000000000003,-0.6290399432182312,true,false
23,104,0.15000000000000013,3.0500000000000003,-0.6201854944229126,true,false
24,104,0.20000000000000018,3.0500000000000003,-0.6189636290073395,true,false
25,104,0.25,3.0500000000000003,-0.6193180084228516,true,false
26,104,0.30000000000000004,3.0500000000000003,-0.6239152550697327,true,false
27,104,0.3500000000000001,3.0500000000000003,-0.6350327432155609,true,false
28,104,0.40000000000000013,3.0500000000000003,-0.6525198817253113,true,false
29,104,0.4500000000000002,3.0500000000000003,-0.6583676338195801,true,false
30,104,0.5,3.0500000000000003,-0.6619612574577332,true,false
31,104,0.55,3.0500000000000003,-0.6553169190883636,true,false
32,104,0.6000000000000001,3.0500000000000003,-0.6583387356380614,false,true
33,104,0.6500000000000001,3.0500000000000003,-0.6593670785602165,false,true
34,104,0.7000000000000002,3.0500000000000003,-0.6684725284576416,false,true
35,104,0.75,3.0500000000000003,-0.6684725284576416,false,true
36,104,0.8,3.0500000000000003,-0.6684725284576416,false,true
37,104,0.8500000000000001,3.0500000000000003,-0.6684725284576416,false,true
38,104,0.9000000000000001,3.0500000000000003,-0.6684725284576416,false,true
39,104,0.9500000000000002,3.0500000000000003,-0.6684725284576416,false,true
40,104,1.0,3.0500000000000003,-0.6684725284576416,false,true
41,104,1.0500000000000003,3.0500000000000003,-0.6684725284576416,false,true
42,104,1.1,3.0500000000000003,-0.6684725284576416,false,true
43,104,1.15,3.0500000000000003,-0.6684725284576416,false,true
44,104,1.2000000000000002,3.0500000000000003,-0.6684725284576416,false,true
45,104,1.25,3.0500000000000003,-0.6684725284576416,false,true
46,104,1.3000000000000003,3.0500000000000003,-0.6684725284576416,false,true
47,104,1.35,3.0500000000000003,-0.6684725284576416,false,true
48,104,1.4000000000000004,3.0500000000000003,-0.6684725284576416,false,true
49,104,1.4500000000000002,3.0500000000000003,-0.6684725284576416,false,true
50,104,1.5,3.0500000000000003,-0.6684725284576416,false,true
51,104,1.5500000000000003,3.0500000000000003,-0.6684725284576416,false,true
52,104,1.6,3.0500000000000003,-0.6684725284576416,false,true
53,104,1.6500000000000004,3.0500000000000003,-0.6684725284576416,false,true
54,104,1.7000000000000002,3.0500000000000003,-0.6684725284576416,false,true
55,104,1.75,3.0500000000000003,-0.6684725284576416,false,true
56,104,1.8000000000000003,3.0500000000000003,-0.6684725284576416,false,true
57,104,1.85,3.0500000000000003,-0.6684725284576416,false,true
58,104,1.9000000000000004,3.0500000000000003,-0.6684725284576416,false,true
59,104,1.9500000000000002,3.0500000000000003,-0.6684725284576416,false,true
60,104,2.0,3.0500000000000003,-0.6684725284576416,false,true
61,104,2.0500000000000003,3.0500000000000003,-0.6684725284576416,false,true
62,104,2.1,3.0500000000000003,-0.6684725284576416,false,true
63,104,2.1500000000000004,3.0500000000000003,-0.6684725284576416,false,true
64,104,2.2,3.0500000000000003,-0.6684725284576416,false,true
65,104,2.25,3.0500000000000003,-0.6684725284576416,false,true
66,104,2.3000000000000003,3.0500000000000003,-0.6684725284576416,false,true
67,104,2.35,3.0500000000000003,-0.6684725284576416,false,true
68,104,2.4000000000000004,3.0500000000000003,-0.6684725284576416,false,true
69,104,2.45,3.0500000000000003,-0.6684725284576416,false,true
70,104,2.5,3.0500000000000003,-0.6684725284576416,false,true
71,104,2.5500000000000003,3.0500000000000003,-0.6684725284576416,false,true
72,104,2.6,3.0500000000000003,-0.6684725284576416,false,true
73,104,2.6500000000000004,3.0500000000000003,-0.6684725284576416,false,true
74,104,2.7,3.0500000000000003,-0.6684725284576416,false,true
75,104,2.75,3.0500000000000003,-0.6684725284576416,false,true
76,104,2.8000000000000003,3.0500000000000003,-0.6684725284576416,false,true
77,104,2.85,3.0500000000000003,-0.6684725284576416,false,true
78,104,2.9000000000000004,3.0500000000000003,-0.6684725284576416,false,true
79,104,2.95,3.0500000000000003,-0.6684725284576416,false,true
80,104,3.0,3.0500000000000003,-0.6684725284576416,false,true
81,104,3.05,3.0500000000000003,-0.6684725284576416,false,true
82,104,3.1000000000000005,3.0500000000000003,-0.6684725284576416,false,true
83,104,3.1500000000000004,3.0500000000000003,-0.6684725284576416,false,true
84,104,3.2,3.0500000000000003,-0.6684725284576416,false,true
85,104,3.25,3.0500000000000003,-0.6684725284576416,false,true
86,104,3.3,3.0500000000000003,-0.6684725284576416,false,true
87,104,3.3500000000000005,3.0500000000000003,-0.6684725284576416,false,true
0,105,-1.0,3.1,-0.6590164601802826,false,true
1,105,-0.95,3.1,-0.6354222563002778,false,true
2,105,-0.9,3.1,-0.6325816371677946,false,true
3,105,-0.85,3.1,-0.6240473342469673,false,true
4,105,-0.8,3.1,-0.647897481918335,true,false
5,105,-0.75,3.1,-0.6363601684570312,true,false
6,105,-0.7,3.1,-0.5351485908031464,true,false
7,105,-0.6499999999999999,3.1,-0.6193180084228516,true,false
8,105,-0.6,3.1,-0.6105199456214905,true,false
9,105,-0.55,3.1,-0.6064850091934204,true,false
10,105,-0.5,3.1,-0.6040245294570923,true,false
11,105,-0.44999999999999996,3.1,-0.6078836917877197,true,false
12,105,-0.3999999999999999,3.1,-0.6096537113189697,true,false
13,105,-0.35,3.1,-0.6128730475902557,true,false
14,105,-0.29999999999999993,3.1,-0.6152860522270203,true,false
15,105,-0.25,3.1,-0.6193180084228516,true,false
16,105,-0.19999999999999996,3.1,-0.6208930015563965,true,false
17,105,-0.1499999999999999,3.1,-0.6221447885036469,true,false
18,105,-0.09999999999999998,3.1,-0.6241816282272339,true,false
19,105,-0.04999999999999993,3.1,-0.6262955069541931,true,false
20,105,0.0,3.1,-0.6256070137023926,true,false
21,105,0.050000000000000044,3.1,-0.6267079710960388,true,false
22,105,0.10000000000000009,3.1,-0.6278551816940308,true,false
23,105,0.15000000000000013,3.1,-0.6231536865234375,true,false
24,105,0.20000000000000018,3.1,-0.6193180084228516,true,false
25,105,0.25,3.1,-0.6213270723819733,true,false
26,105,0.30000000000000004,3.1,-0.6208003759384155,true,false
27,105,0.3500000000000001,3.1,-0.6312331855297089,true,false
28,105,0.40000000000000013,3.1,-0.6564622223377228,true,false
29,105,0.4500000000000002,3.1,-0.6679509580135345,true,false
30,105,0.5,3.1,-0.6673706769943237,true,false
31,105,0.55,3.1,-0.6626122295856476,true,false
32,105,0.6000000000000001,3.1,-0.6519944838029041,false,true
33,105,0.6500000000000001,3.1,-0.6684725284576416,false,true
34,105,0.7000000000000002,3.1,-0.6684725284576416,false,true
35,105,0.75,3.1,-0.6684725284576416,false,true
36,105,0.8,3.1,-0.6684725284576416,false,true
37,105,0.8500000000000001,3.1,-0.6684725284576416,false,true
38,105,0.9000000000000001,3.1,-0.6684725284576416,false,true
39,105,0.9500000000000002,3.1,-0.6684725284576416,false,true
40,105,1.0,3.1,-0.6684725284576416,false,true
41,105,1.0500000000000003,3.1,-0.6684725284576416,false,true
42,105,1.1,3.1,-0.6684725284576416,false,true
43,105,1.15,3.1,-0.6684725284576416,false,true
44,105,1.2000000000000002,3.1,-0.6684725284576416,false,true
45,105,1.25,3.1,-0.6684725284576416,false,true
46,105,1.3000000000000003,3.1,-0.6684725284576416,false,true
47,105,1.35,3.1,-0.6684725284576416,false,true
48,105,1.4000000000000004,3.1,-0.6684725284576416,false,true
49,105,1.4500000000000002,3.1,-0.6684725284576416,false,true
50,105,1.5,3.1,-0.6684725284576416,false,true
51,105,1.5500000000000003,3.1,-0.6684725284576416,false,true
52,105,1.6,3.1,-0.6684725284576416,false,true
53,105,1.6500000000000004,3.1,-0.6684725284576416,false,true
54,105,1.7000000000000002,3.1,-0.6684725284576416,false,true
55,105,1.75,3.1,-0.6684725284576416,false,true
56,105,1.8000000000000003,3.1,-0.6684725284576416,false,true
57,105,1.85,3.1,-0.6684725284576416,false,true
58,105,1.9000000000000004,3.1,-0.6684725284576416,false,true
59,105,1.9500000000000002,3.1,-0.6684725284576416,false,true
60,105,2.0,3.1,-0.6684725284576416,false,true
61,105,2.0500000000000003,3.1,-0.6684725284576416,false,true
62,105,2.1,3.1,-0.6684725284576416,false,true
63,105,2.1500000000000004,3.1,-0.6684725284576416,false,true
64,105,2.2,3.1,-0.6684725284576416,false,true
65,105,2.25,3.1,-0.6684725284576416,false,true
66,105,2.3000000000000003,3.1,-0.6684725284576416,false,true
67,105,2.35,3.1,-0.6684725284576416,false,true
68,105,2.4000000000000004,3.1,-0.6684725284576416,false,true
69,105,2.45,3.1,-0.6684725284576416,false,true
70,105,2.5,3.1,-0.6684725284576416,false,true
71,105,2.5500000000000003,3.1,-0.6684725284576416,false,true
72,105,2.6,3.1,-0.6684725284576416,false,true
73,105,2.6500000000000004,3.1,-0.6684725284576416,false,true
74,105,2.7,3.1,-0.6684725284576416,false,true
75,105,2.75,3.1,-0.6684725284576416,false,true
76,105,2.8000000000000003,3.1,-0.6684725284576416,false,true
77,105,2.85,3.1,-0.6684725284576416,false,true
78,105,2.9000000000000004,3.1,-0.6684725284576416,false,true
79,105,2.95,3.1,-0.6684725284576416,false,true
80,105,3.0,3.1,-0.6684725284576416,false,true
81,105,3.05,3.1,-0.6684725284576416,false,true
82,105,3.1000000000000005,3.1,-0.6684725284576416,false,true
83,105,3.1500000000000004,3.1,-0.6684725284576416,false,true
84,105,3.2,3.1,-0.6684725284576416,false,true
85,105,3.25,3.1,-0.6684725284576416,false,true
86,105,3.3,3.1,-0.6684725284576416,false,true
87,105,3.3500000000000005,3.1,-0.6684725284576416,false,true
0,106,-1.0,3.150000000000001,-0.6492434209397887,false,true
1,106,-0.95,3.150000000000001,-0.6415008405388971,false,true
2,106,-0.9,3.150000000000001,-0.633685232637517,false,true
3,106,-0.85,3.150000000000001,-0.6399361681722441,false,true
4,106,-0.8,3.150000000000001,-0.6343066692352295,true,false
5,106,-0.75,3.150000000000001,-0.6331166625022888,true,false
6,106,-0.7,3.150000000000001,-0.6266922950744629,true,false
7,106,-0.6499999999999999,3.150000000000001,-0.6193180084228516,true,false
8,106,-0.6,3.150000000000001,-0.6123618185520172,true,false
9,106,-0.55,3.150000000000001,-0.6089955568313599,true,false
10,106,-0.5,3.150000000000001,-0.6042928099632263,true,false
11,106,-0.44999999999999996,3.150000000000001,-0.6071158945560455,true,false
12,106,-0.3999999999999999,3.150000000000001,-0.609753429889679,true,false
13,106,-0.35,3.150000000000001,-0.6127195060253143,true,false
14,106,-0.29999999999999993,3.150000000000001,-0.6162994801998138,true,false
15,106,-0.25,3.150000000000001,-0.618636429309845,true,false
16,106,-0.19999999999999996,3.150000000000001,-0.6198412179946899,true,false
17,106,-0.1499999999999999,3.150000000000001,-0.6209632754325867,true,false
18,106,-0.09999999999999998,3.150000000000001,-0.6228266656398773,true,false
19,106,-0.04999999999999993,3.150000000000001,-0.6206508278846741,true,false
20,106,0.0,3.150000000000001,-0.6193180084228516,true,false
21,106,0.050000000000000044,3.150000000000001,-0.6193180084228516,true,false
22,106,0.10000000000000009,3.150000000000001,-0.6193180084228516,true,false
23,106,0.15000000000000013,3.150000000000001,-0.6102309226989746,true,false
24,106,0.20000000000000018,3.150000000000001,-0.5988383293151855,true,false
25,106,0.25,3.150000000000001,-0.6193180084228516,true,false
26,106,0.30000000000000004,3.150000000000001,-0.6215679943561554,true,false
27,106,0.3500000000000001,3.150000000000001,-0.6221830546855927,true,false
28,106,0.40000000000000013,3.150000000000001,-0.5973517894744873,true,false
29,106,0.4500000000000002,3.150000000000001,-0.5893179774284363,true,false
30,106,0.5,3.150000000000001,-0.5890717506408691,true,false
31,106,0.55,3.150000000000001,-0.6103528141975403,true,false
32,106,0.6000000000000001,3.150000000000001,-0.6684725284576416,true,false
33,106,0.6500000000000001,3.150000000000001,-0.6684725284576416,false,true
34,106,0.7000000000000002,3.150000000000001,-0.6684725284576416,false,true
35,106,0.75,3.150000000000001,-0.6684725284576416,false,true
36,106,0.8,3.150000000000001,-0.6684725284576416,false,true
37,106,0.8500000000000001,3.150000000000001,-0.6684725284576416,false,true
38,106,0.9000000000000001,3.150000000000001,-0.6684725284576416,false,true
39,106,0.9500000000000002,3.150000000000001,-0.6684725284576416,false,true
40,106,1.0,3.150000000000001,-0.6684725284576416,false,true
41,106,1.0500000000000003,3.150000000000001,-0.6684725284576416,false,true
42,106,1.1,3.150000000000001,-0.6684725284576416,false,true
43,106,1.15,3.150000000000001,-0.6684725284576416,false,true
44,106,1.2000000000000002,3.150000000000001,-0.6684725284576416,false,true
45,106,1.25,3.150000000000001,-0.6684725284576416,false,true
46,106,1.3000000000000003,3.150000000000001,-0.6684725284576416,false,true
47,106,1.35,3.150000000000001,-0.6684725284576416,false,true
48,106,1.4000000000000004,3.150000000000001,-0.6684725284576416,false,true
49,106,1.4500000000000002,3.150000000000001,-0.6684725284576416,false,true
50,106,1.5,3.150000000000001,-0.6684725284576416,false,true
51,106,1.5500000000000003,3.150000000000001,-0.6684725284576416,false,true
52,106,1.6,3.150000000000001,-0.6684725284576416,false,true
53,106,1.6500000000000004,3.150000000000001,-0.6684725284576416,false,true
54,106,1.7000000000000002,3.150000000000001,-0.6684725284576416,false,true
55,106,1.75,3.150000000000001,-0.6684725284576416,false,true
56,106,1.8000000000000003,3.150000000000001,-0.6684725284576416,false,true
57,106,1.85,3.150000000000001,-0.6684725284576416,false,true
58,106,1.9000000000000004,3.150000000000001,-0.6684725284576416,false,true
59,106,1.9500000000000002,3.150000000000001,-0.6684725284576416,false,true
60,106,2.0,3.150000000000001,-0.6684725284576416,false,true
61,106,2.0500000000000003,3.150000000000001,-0.6684725284576416,false,true
62,106,2.1,3.150000000000001,-0.6684725284576416,false,true
63,106,2.1500000000000004,3.150000000000001,-0.6684725284576416,false,true
64,106,2.2,3.150000000000001,-0.6684725284576416,false,true
65,106,2.25,3.150000000000001,-0.6684725284576416,false,true
66,106,2.3000000000000003,3.150000000000001,-0.6684725284576416,false,true
67,106,2.35,3.150000000000001,-0.6684725284576416,false,true
68,106,2.4000000000000004,3.150000000000001,-0.6684725284576416,false,true
69,106,2.45,3.150000000000001,-0.6684725284576416,false,true
70,106,2.5,3.150000000000001,-0.6684725284576416,false,true
71,106,2.5500000000000003,3.150000000000001,-0.6684725284576416,false,true
72,106,2.6,3.150000000000001,-0.6684725284576416,false,true
73,106,2.6500000000000004,3.150000000000001,-0.6684725284576416,false,true
74,106,2.7,3.150000000000001,-0.6684725284576416,false,true
75,106,2.75,3.150000000000001,-0.6684725284576416,false,true
76,106,2.8000000000000003,3.150000000000001,-0.6684725284576416,false,true
77,106,2.85,3.150000000000001,-0.6684725284576416,false,true
78,106,2.9000000000000004,3.150000000000001,-0.6684725284576416,false,true
79,106,2.95,3.150000000000001,-0.6684725284576416,false,true
80,106,3.0,3.150000000000001,-0.6684725284576416,false,true
81,106,3.05,3.150000000000001,-0.6684725284576416,false,true
82,106,3.1000000000000005,3.150000000000001,-0.6684725284576416,false,true
83,106,3.1500000000000004,3.150000000000001,-0.6684725284576416,false,true
84,106,3.2,3.150000000000001,-0.6684725284576416,false,true
85,106,3.25,3.150000000000001,-0.6684725284576416,false,true
86,106,3.3,3.150000000000001,-0.6684725284576416,false,true
87,106,3.3500000000000005,3.150000000000001,-0.6684725284576416,false,true
0,107,-1.0,3.2000000000000006,-0.6460363391299753,false,true
1,107,-0.95,3.2000000000000006,-0.6390741808241603,false,true
2,107,-0.9,3.2000000000000006,-0.6366384840443058,false,true
3,107,-0.85,3.2000000000000006,-0.6343066692352295,false,true
4,107,-0.8,3.2000000000000006,-0.6338137523071302,false,true
5,107,-0.75,3.2000000000000006,-0.6315835537499332,false,true
6,107,-0.7,3.2000000000000006,-0.6264140701753957,false,true
7,107,-0.6499999999999999,3.2000000000000006,-0.6176792189098281,false,true
8,107,-0.6,3.2000000000000006,-0.6134271919727325,true,false
9,107,-0.55,3.2000000000000006,-0.6094099581241608,true,false
10,107,-0.5,3.2000000000000006,-0.6090302765369415,true,false
11,107,-0.44999999999999996,3.2000000000000006,-0.6093994677066803,true,false
12,107,-0.3999999999999999,3.2000000000000006,-0.6111531853675842,true,false
13,107,-0.35,3.2000000000000006,-0.6123455762863159,true,false
14,107,-0.29999999999999993,3.2000000000000006,-0.6150716543197632,true,false
15,107,-0.25,3.2000000000000006,-0.6183201968669891,true,false
16,107,-0.19999999999999996,3.2000000000000006,-0.6193180084228516,true,false
17,107,-0.1499999999999999,3.2000000000000006,-0.6193180084228516,true,false
18,107,-0.09999999999999998,3.2000000000000006,-0.6193180084228516,true,false
19,107,-0.04999999999999993,3.2000000000000006,-0.6193180084228516,true,false
20,107,0.0,3.2000000000000006,-0.6168171167373657,true,false
21,107,0.050000000000000044,3.2000000000000006,-0.6181645691394806,true,false
22,107,0.10000000000000009,3.2000000000000006,-0.6200490891933441,true,false
23,107,0.15000000000000013,3.2000000000000006,-0.6060104966163635,true,false
24,107,0.20000000000000018,3.2000000000000006,-0.5889855623245239,true,false
25,107,0.25,3.2000000000000006,-0.5893179774284363,true,false
26,107,0.30000000000000004,3.2000000000000006,-0.6164514124393463,true,false
27,107,0.3500000000000001,3.2000000000000006,-0.5996386408805847,true,false
28,107,0.40000000000000013,3.2000000000000006,-0.5860757231712341,true,false
29,107,0.4500000000000002,3.2000000000000006,-0.5619254410266876,true,false
30,107,0.5,3.2000000000000006,-0.5855792284499284,false,true
31,107,0.55,3.2000000000000006,-0.6211426051788124,false,true
32,107,0.6000000000000001,3.2000000000000006,-0.6443985545698587,false,true
33,107,0.6500000000000001,3.2000000000000006,-0.6684725284576416,false,true
34,107,0.7000000000000002,3.2000000000000006,-0.6684725284576416,false,true
35,107,0.75,3.2000000000000006,-0.6684725284576416,false,true
36,107,0.8,3.2000000000000006,-0.6684725284576416,false,true
37,107,0.8500000000000001,3.2000000000000006,-0.6684725284576416,false,true
38,107,0.9000000000000001,3.2000000000000006,-0.6684725284576416,false,true
39,107,0.9500000000000002,3.2000000000000006,-0.6684725284576416,false,true
40,107,1.0,3.2000000000000006,-0.6684725284576416,false,true
41,107,1.0500000000000003,3.2000000000000006,-0.6684725284576416,false,true
42,107,1.1,3.2000000000000006,-0.6684725284576416,false,true
43,107,1.15,3.2000000000000006,-0.6684725284576416,false,true
44,107,1.2000000000000002,3.2000000000000006,-0.6684725284576416,false,true
45,107,1.25,3.2000000000000006,-0.6684725284576416,false,true
46,107,1.3000000000000003,3.2000000000000006,-0.6684725284576416,false,true
47,107,1.35,3.2000000000000006,-0.6684725284576416,false,true
48,107,1.4000000000000004,3.2000000000000006,-0.6684725284576416,false,true
49,107,1.4500000000000002,3.2000000000000006,-0.6684725284576416,false,true
50,107,1.5,3.2000000000000006,-0.6684725284576416,false,true
51,107,1.5500000000000003,3.2000000000000006,-0.6684725284576416,false,true
52,107,1.6,3.2000000000000006,-0.6684725284576416,false,true
53,107,1.6500000000000004,3.2000000000000006,-0.6684725284576416,false,true
54,107,1.7000000000000002,3.2000000000000006,-0.6684725284576416,false,true
55,107,1.75,3.2000000000000006,-0.6684725284576416,false,true
56,107,1.8000000000000003,3.2000000000000006,-0.6684725284576416,false,true
57,107,1.85,3.2000000000000006,-0.6684725284576416,false,true
58,107,1.9000000000000004,3.2000000000000006,-0.6684725284576416,false,true
59,107,1.9500000000000002,3.2000000000000006,-0.6684725284576416,false,true
60,107,2.0,3.2000000000000006,-0.6684725284576416,false,true
61,107,2.0500000000000003,3.2000000000000006,-0.6684725284576416,false,true
62,107,2.1,3.2000000000000006,-0.6684725284576416,false,true
63,107,2.1500000000000004,3.2000000000000006,-0.6684725284576416,false,true
64,107,2.2,3.2000000000000006,-0.6684725284576416,false,true
65,107,2.25,3.2000000000000006,-0.6684725284576416,false,true
66,107,2.3000000000000003,3.2000000000000006,-0.6684725284576416,false,true
67,107,2.35,3.2000000000000006,-0.6684725284576416,false,true
68,107,2.4000000000000004,3.2000000000000006,-0.6684725284576416,false,true
69,107,2.45,3.2000000000000006,-0.6684725284576416,false,true
70,107,2.5,3.2000000000000006,-0.6684725284576416,false,true
71,107,2.5500000000000003,3.2000000000000006,-0.6684725284576416,false,true
72,107,2.6,3.2000000000000006,-0.6684725284576416,false,true
73,107,2.6500000000000004,3.2000000000000006,-0.6684725284576416,false,true
74,107,2.7,3.2000000000000006,-0.6684725284576416,false,true
75,107,2.75,3.2000000000000006,-0.6684725284576416,false,true
76,107,2.8000000000000003,3.2000000000000006,-0.6684725284576416,false,true
77,107,2.85,3.2000000000000006,-0.6684725284576416,false,true
78,107,2.9000000000000004,3.2000000000000006,-0.6684725284576416,false,true
79,107,2.95,3.2000000000000006,-0.6684725284576416,false,true
80,107,3.0,3.2000000000000006,-0.6684725284576416,false,true
81,107,3.05,3.2000000000000006,-0.6684725284576416,false,true
82,107,3.1000000000000005,3.2000000000000006,-0.6684725284576416,false,true
83,107,3.1500000000000004,3.2000000000000006,-0.6684725284576416,false,true
84,107,3.2,3.2000000000000006,-0.6684725284576416,false,true
85,107,3.25,3.2000000000000006,-0.6684725284576416,false,true
86,107,3.3,3.2000000000000006,-0.6684725284576416,false,true
87,107,3.3500000000000005,3.2000000000000006,-0.6684725284576416,false,true
0,108,-1.0,3.2500000000000004,-0.6390124905595285,false,true
1,108,-0.95,3.2500000000000004,-0.6352725385540914,false,true
2,108,-0.9,3.2500000000000004,-0.6343066692352295,false,true
3,108,-0.85,3.2500000000000004,-0.6341024963584876,false,true
4,108,-0.8,3.2500000000000004,-0.6333049142987983,false,true
5,108,-0.75,3.2500000000000004,-0.6307226571001942,false,true
6,108,-0.7,3.2500000000000004,-0.6218718897900438,false,true
7,108,-0.6499999999999999,3.2500000000000004,-0.6134271919727325,false,true
8,108,-0.6,3.2500000000000004,-0.6117631992294299,false,true
9,108,-0.55,3.2500000000000004,-0.6104753725145904,false,true
10,108,-0.5,3.2500000000000004,-0.609825205521761,false,true
11,108,-0.44999999999999996,3.2500000000000004,-0.6109721064567566,true,false
12,108,-0.3999999999999999,3.2500000000000004,-0.6112611293792725,true,false
13,108,-0.35,3.2500000000000004,-0.6117541790008545,true,false
14,108,-0.29999999999999993,3.2500000000000004,-0.6132583320140839,true,false
15,108,-0.25,3.2500000000000004,-0.6171416938304901,true,false
16,108,-0.19999999999999996,3.2500000000000004,-0.6181470453739166,true,false
17,108,-0.1499999999999999,3.2500000000000004,-0.6204272508621216,true,false
18,108,-0.09999999999999998,3.2500000000000004,-0.6198077499866486,true,false
19,108,-0.04999999999999993,3.2500000000000004,-0.6193180084228516,true,false
20,108,0.0,3.2500000000000004,-0.6174373030662537,true,false
21,108,0.050000000000000044,3.2500000000000004,-0.6178578734397888,true,false
22,108,0.10000000000000009,3.2500000000000004,-0.6193180084228516,true,false
23,108,0.15000000000000013,3.2500000000000004,-0.6169244050979614,true,false
24,108,0.20000000000000018,3.2500000000000004,-0.5869656801223755,true,false
25,108,0.25,3.2500000000000004,-0.5893179774284363,true,false
26,108,0.30000000000000004,3.2500000000000004,-0.5893179774284363,true,false
27,108,0.3500000000000001,3.2500000000000004,-0.6155780553817749,true,false
28,108,0.40000000000000013,3.2500000000000004,-0.6071449518203735,true,false
29,108,0.4500000000000002,3.2500000000000004,-0.584937587979516,false,true
30,108,0.5,3.2500000000000004,-0.5619254410266876,false,true
31,108,0.55,3.2500000000000004,-0.6012493477006651,false,true
32,108,0.6000000000000001,3.2500000000000004,-0.6446381483977761,false,true
33,108,0.6500000000000001,3.2500000000000004,-0.6585007619731061,false,true
34,108,0.7000000000000002,3.2500000000000004,-0.6684725284576416,false,true
35,108,0.75,3.2500000000000004,-0.6684725284576416,false,true
36,108,0.8,3.2500000000000004,-0.6684725284576416,false,true
37,108,0.8500000000000001,3.2500000000000004,-0.6684725284576416,false,true
38,108,0.9000000000000001,3.2500000000000004,-0.6684725284576416,false,true
39,108,0.9500000000000002,3.2500000000000004,-0.6684725284576416,false,true
40,108,1.0,3.2500000000000004,-0.6684725284576416,false,true
41,108,1.0500000000000003,3.2500000000000004,-0.6684725284576416,false,true
42,108,1.1,3.2500000000000004,-0.6684725284576416,false,true
43,108,1.15,3.2500000000000004,-0.6684725284576416,false,true
44,108,1.2000000000000002,3.2500000000000004,-0.6684725284576416,false,true
45,108,1.25,3.2500000000000004,-0.6684725284576416,false,true
46,108,1.3000000000000003,3.2500000000000004,-0.6684725284576416,false,true
47,108,1.35,3.2500000000000004,-0.6684725284576416,false,true
48,108,1.4000000000000004,3.2500000000000004,-0.6684725284576416,false,true
49,108,1.4500000000000002,3.2500000000000004,-0.6684725284576416,false,true
50,108,1.5,3.2500000000000004,-0.6684725284576416,false,true
51,108,1.5500000000000003,3.2500000000000004,-0.6684725284576416,false,true
52,108,1.6,3.2500000000000004,-0.6684725284576416,false,true
53,108,1.6500000000000004,3.2500000000000004,-0.6684725284576416,false,true
54,108,1.7000000000000002,3.2500000000000004,-0.6684725284576416,false,true
55,108,1.75,3.2500000000000004,-0.6684725284576416,false,true
56,108,1.8000000000000003,3.2500000000000004,-0.6684725284576416,false,true
57,108,1.85,3.2500000000000004,-0.6684725284576416,false,true
58,108,1.9000000000000004,3.2500000000000004,-0.6684725284576416,false,true
59,108,1.9500000000000002,3.2500000000000004,-0.6684725284576416,false,true
60,108,2.0,3.2500000000000004,-0.6684725284576416,false,true
61,108,2.0500000000000003,3.2500000000000004,-0.6684725284576416,false,true
62,108,2.1,3.2500000000000004,-0.6684725284576416,false,true
63,108,2.1500000000000004,3.2500000000000004,-0.6684725284576416,false,true
64,108,2.2,3.2500000000000004,-0.6684725284576416,false,true
65,108,2.25,3.2500000000000004,-0.6684725284576416,false,true
66,108,2.3000000000000003,3.2500000000000004,-0.6684725284576416,false,true
67,108,2.35,3.2500000000000004,-0.6684725284576416,false,true
68,108,2.4000000000000004,3.2500000000000004,-0.6684725284576416,false,true
69,108,2.45,3.2500000000000004,-0.6684725284576416,false,true
70,108,2.5,3.2500000000000004,-0.6684725284576416,false,true
71,108,2.5500000000000003,3.2500000000000004,-0.6684725284576416,false,true
72,108,2.6,3.2500000000000004,-0.6684725284576416,false,true
73,108,2.6500000000000004,3.2500000000000004,-0.6684725284576416,false,true
74,108,2.7,3.2500000000000004,-0.6684725284576416,false,true
75,108,2.75,3.2500000000000004,-0.6684725284576416,false,true
76,108,2.8000000000000003,3.2500000000000004,-0.6684725284576416,false,true
77,108,2.85,3.2500000000000004,-0.6684725284576416,false,true
78,108,2.9000000000000004,3.2500000000000004,-0.6684725284576416,false,true
79,108,2.95,3.2500000000000004,-0.6684725284576416,false,true
80,108,3.0,3.2500000000000004,-0.6684725284576416,false,true
81,108,3.05,3.2500000000000004,-0.6684725284576416,false,true
82,108,3.1000000000000005,3.2500000000000004,-0.6684725284576416,false,true
83,108,3.1500000000000004,3.2500000000000004,-0.6684725284576416,false,true
84,108,3.2,3.2500000000000004,-0.6684725284576416,false,true
85,108,3.25,3.2500000000000004,-0.6684725284576416,false,true
86,108,3.3,3.2500000000000004,-0.6684725284576416,false,true
87,108,3.3500000000000005,3.2500000000000004,-0.6684725284576416,false,true
0,109,-1.0,3.3000000000000003,-0.6347067454065821,false,true
1,109,-0.95,3.3000000000000003,-0.6343066692352295,false,true
2,109,-0.9,3.3000000000000003,-0.6342220980606142,false,true
3,109,-0.85,3.3000000000000003,-0.6339286908328207,false,true
4,109,-0.8,3.3000000000000003,-0.6327821950528252,false,true
5,109,-0.75,3.3000000000000003,-0.6243586816960984,false,true
6,109,-0.7,3.3000000000000003,-0.6134271919727325,false,true
7,109,-0.6499999999999999,3.3000000000000003,-0.6127379436107662,false,true
8,109,-0.6,3.3000000000000003,-0.6118733757083148,false,true
9,109,-0.55,3.3000000000000003,-0.6105384105580381,false,true
10,109,-0.5,3.3000000000000003,-0.6105013220648919,false,true
11,109,-0.44999999999999996,3.3000000000000003,-0.6101684272289276,true,false
12,109,-0.3999999999999999,3.3000000000000003,-0.6104021668434143,true,false
13,109,-0.35,3.3000000000000003,-0.6092879474163055,true,false
14,109,-0.29999999999999993,3.3000000000000003,-0.6110699474811554,true,false
15,109,-0.25,3.3000000000000003,-0.6160627007484436,true,false
16,109,-0.19999999999999996,3.3000000000000003,-0.6184219717979431,true,false
17,109,-0.1499999999999999,3.3000000000000003,-0.6189175546169281,true,false
18,109,-0.09999999999999998,3.3000000000000003,-0.6188563704490662,true,false
19,109,-0.04999999999999993,3.3000000000000003,-0.6164507269859314,true,false
20,109,0.0,3.3000000000000003,-0.6158114075660706,true,false
21,109,0.050000000000000044,3.3000000000000003,-0.6174185574054718,true,false
22,109,0.10000000000000009,3.3000000000000003,-0.6182241439819336,true,false
23,109,0.15000000000000013,3.3000000000000003,-0.5638407170772552,true,false
24,109,0.20000000000000018,3.3000000000000003,-0.6091172099113464,true,false
25,109,0.25,3.3000000000000003,-0.601313441991806,true,false
26,109,0.30000000000000004,3.3000000000000003,-0.6096689105033875,true,false
27,109,0.3500000000000001,3.3000000000000003,-0.6028409600257874,true,false
28,109,0.40000000000000013,3.3000000000000003,-0.607757824918568,false,true
29,109,0.4500000000000002,3.3000000000000003,-0.6071449518203735,false,true
30,109,0.5,3.3000000000000003,-0.5846403026572067,false,true
31,109,0.55,3.3000000000000003,-0.5619254410266876,false,true
32,109,0.6000000000000001,3.3000000000000003,-0.614297083723579,false,true
33,109,0.6500000000000001,3.3000000000000003,-0.6573611592447723,false,true
34,109,0.7000000000000002,3.3000000000000003,-0.6643420875389296,false,true
35,109,0.75,3.3000000000000003,-0.6684725284576416,false,true
36,109,0.8,3.3000000000000003,-0.6684725284576416,false,true
37,109,0.8500000000000001,3.3000000000000003,-0.6684725284576416,false,true
38,109,0.9000000000000001,3.3000000000000003,-0.6684725284576416,false,true
39,109,0.9500000000000002,3.3000000000000003,-0.6684725284576416,false,true
40,109,1.0,3.3000000000000003,-0.6684725284576416,false,true
41,109,1.0500000000000003,3.3000000000000003,-0.6684725284576416,false,true
42,109,1.1,3.3000000000000003,-0.6684725284576416,false,true
43,109,1.15,3.3000000000000003,-0.6684725284576416,false,true
44,109,1.2000000000000002,3.3000000000000003,-0.6684725284576416,false,true
45,109,1.25,3.3000000000000003,-0.6684725284576416,false,true
46,109,1.3000000000000003,3.3000000000000003,-0.6684725284576416,false,true
47,109,1.35,3.3000000000000003,-0.6684725284576416,false,true
48,109,1.4000000000000004,3.3000000000000003,-0.6684725284576416,false,true
49,109,1.4500000000000002,3.3000000000000003,-0.6684725284576416,false,true
50,109,1.5,3.3000000000000003,-0.6684725284576416,false,true
51,109,1.5500000000000003,3.3000000000000003,-0.6684725284576416,false,true
52,109,1.6,3.3000000000000003,-0.6684725284576416,false,true
53,109,1.6500000000000004,3.3000000000000003,-0.6684725284576416,false,true
54,109,1.7000000000000002,3.3000000000000003,-0.6684725284576416,false,true
55,109,1.75,3.3000000000000003,-0.6684725284576416,false,true
56,109,1.8000000000000003,3.3000000000000003,-0.6684725284576416,false,true
57,109,1.85,3.3000000000000003,-0.6684725284576416,false,true
58,109,1.9000000000000004,3.3000000000000003,-0.6684725284576416,false,true
59,109,1.9500000000000002,3.3000000000000003,-0.6684725284576416,false,true
60,109,2.0,3.3000000000000003,-0.6684725284576416,false,true
61,109,2.0500000000000003,3.3000000000000003,-0.6684725284576416,false,true
62,109,2.1,3.3000000000000003,-0.6684725284576416,false,true
63,109,2.1500000000000004,3.3000000000000003,-0.6684725284576416,false,true
64,109,2.2,3.3000000000000003,-0.6684725284576416,false,true
65,109,2.25,3.3000000000000003,-0.6684725284576416,false,true
66,109,2.3000000000000003,3.3000000000000003,-0.6684725284576416,false,true
67,109,2.35,3.3000000000000003,-0.6684725284576416,false,true
68,109,2.4000000000000004,3.3000000000000003,-0.6684725284576416,false,true
69,109,2.45,3.3000000000000003,-0.6684725284576416,false,true
70,109,2.5,3.3000000000000003,-0.6684725284576416,false,true
71,109,2.5500000000000003,3.3000000000000003,-0.6684725284576416,false,true
72,109,2.6,3.3000000000000003,-0.6684725284576416,false,true
73,109,2.6500000000000004,3.3000000000000003,-0.6684725284576416,false,true
74,109,2.7,3.3000000000000003,-0.6684725284576416,false,true
75,109,2.75,3.3000000000000003,-0.6684725284576416,false,true
76,109,2.8000000000000003,3.3000000000000003,-0.6684725284576416,false,true
77,109,2.85,3.3000000000000003,-0.6684725284576416,false,true
78,109,2.9000000000000004,3.3000000000000003,-0.6684725284576416,false,true
79,109,2.95,3.3000000000000003,-0.6684725284576416,false,true
80,109,3.0,3.3000000000000003,-0.6684725284576416,false,true
81,109,3.05,3.3000000000000003,-0.6684725284576416,false,true
82,109,3.1000000000000005,3.3000000000000003,-0.6684725284576416,false,true
83,109,3.1500000000000004,3.3000000000000003,-0.6684725284576416,false,true
84,109,3.2,3.3000000000000003,-0.6684725284576416,false,true
85,109,3.25,3.3000000000000003,-0.6684725284576416,false,true
86,109,3.3,3.3000000000000003,-0.6684725284576416,false,true
87,109,3.3500000000000005,3.3000000000000003,-0.6684725284576416,false,true
0,110,-1.0,3.35,-0.6343066692352295,false,true
1,110,-0.95,3.35,-0.6342716387077181,false,true
2,110,-0.9,3.35,-0.6341609313967946,false,true
3,110,-0.85,3.35,-0.6336788269808333,false,true
4,110,-0.8,3.35,-0.6256061262135978,false,true
5,110,-0.75,3.35,-0.6134271919727325,false,true
6,110,-0.7,3.35,-0.6131416959533627,false,true
7,110,-0.6499999999999999,3.35,-0.6126865937062326,false,true
8,110,-0.6,3.35,-0.6111199131332747,false,true
9,110,-0.55,3.35,-0.610306316784828,false,true
10,110,-0.5,3.35,-0.6101684272289276,false,true
11,110,-0.44999999999999996,3.35,-0.6107403741154493,false,true
12,110,-0.3999999999999999,3.35,-0.6106851696968079,true,false
13,110,-0.35,3.35,-0.6083329916000366,true,false
14,110,-0.29999999999999993,3.35,-0.6101479828357697,true,false
15,110,-0.25,3.35,-0.6157688498497009,true,false
16,110,-0.19999999999999996,3.35,-0.6167382597923279,true,false
17,110,-0.1499999999999999,3.35,-0.6177321076393127,true,false
18,110,-0.09999999999999998,3.35,-0.6193180084228516,true,false
19,110,-0.04999999999999993,3.35,-0.617426335811615,true,false
20,110,0.0,3.35,-0.6174853146076202,true,false
21,110,0.050000000000000044,3.35,-0.6188926100730896,true,false
22,110,0.10000000000000009,3.35,-0.6203451156616211,true,false
23,110,0.15000000000000013,3.35,-0.6182322800159454,true,false
24,110,0.20000000000000018,3.35,-0.6125738024711609,true,false
25,110,0.25,3.35,-0.607958212661286,false,true
26,110,0.30000000000000004,3.35,-0.6052217900430528,false,true
27,110,0.3500000000000001,3.35,-0.605669189716821,false,true
28,110,0.40000000000000013,3.35,-0.6028409600257874,false,true
29,110,0.4500000000000002,3.35,-0.6057151504184689,false,true
30,110,0.5,3.35,-0.6071449518203735,false,true
31,110,0.55,3.35,-0.5845626505790497,false,true
32,110,0.6000000000000001,3.35,-0.5619254410266876,false,true
33,110,0.6500000000000001,3.35,-0.6219356200688322,false,true
34,110,0.7000000000000002,3.35,-0.6635071991163484,false,true
35,110,0.75,3.35,-0.6667616438105303,false,true
36,110,0.8,3.35,-0.6684725284576416,false,true
37,110,0.8500000000000001,3.35,-0.6684725284576416,false,true
38,110,0.9000000000000001,3.35,-0.6684725284576416,false,true
39,110,0.9500000000000002,3.35,-0.6684725284576416,false,true
40,110,1.0,3.35,-0.6684725284576416,false,true
41,110,1.0500000000000003,3.35,-0.6684725284576416,false,true
42,110,1.1,3.35,-0.6684725284576416,false,true
43,110,1.15,3.35,-0.6684725284576416,false,true
44,110,1.2000000000000002,3.35,-0.6684725284576416,false,true
45,110,1.25,3.35,-0.6684725284576416,false,true
46,110,1.3000000000000003,3.35,-0.6684725284576416,false,true
47,110,1.35,3.35,-0.6684725284576416,false,true
48,110,1.4000000000000004,3.35,-0.6684725284576416,false,true
49,110,1.4500000000000002,3.35,-0.6684725284576416,false,true
50,110,1.5,3.35,-0.6684725284576416,false,true
51,110,1.5500000000000003,3.35,-0.6684725284576416,false,true
52,110,1.6,3.35,-0.6684725284576416,false,true
53,110,1.6500000000000004,3.35,-0.6684725284576416,false,true
54,110,1.7000000000000002,3.35,-0.6684725284576416,false,true
55,110,1.75,3.35,-0.6684725284576416,false,true
56,110,1.8000000000000003,3.35,-0.6684725284576416,false,true
57,110,1.85,3.35,-0.6684725284576416,false,true
58,110,1.9000000000000004,3.35,-0.6684725284576416,false,true
59,110,1.9500000000000002,3.35,-0.6684725284576416,false,true
60,110,2.0,3.35,-0.6684725284576416,false,true
61,110,2.0500000000000003,3.35,-0.6684725284576416,false,true
62,110,2.1,3.35,-0.6684725284576416,false,true
63,110,2.1500000000000004,3.35,-0.6684725284576416,false,true
64,110,2.2,3.35,-0.6684725284576416,false,true
65,110,2.25,3.35,-0.6684725284576416,false,true
66,110,2.3000000000000003,3.35,-0.6684725284576416,false,true
67,110,2.35,3.35,-0.6684725284576416,false,true
68,110,2.4000000000000004,3.35,-0.6684725284576416,false,true
69,110,2.45,3.35,-0.6684725284576416,false,true
70,110,2.5,3.35,-0.6684725284576416,false,true
71,110,2.5500000000000003,3.35,-0.6684725284576416,false,true
72,110,2.6,3.35,-0.6684725284576416,false,true
73,110,2.6500000000000004,3.35,-0.6684725284576416,false,true
74,110,2.7,3.35,-0.6684725284576416,false,true
75,110,2.75,3.35,-0.6684725284576416,false,true
76,110,2.8000000000000003,3.35,-0.6684725284576416,false,true
77,110,2.85,3.35,-0.6684725284576416,false,true
78,110,2.9000000000000004,3.35,-0.6684725284576416,false,true
79,110,2.95,3.35,-0.6684725284576416,false,true
80,110,3.0,3.35,-0.6684725284576416,false,true
81,110,3.05,3.35,-0.6684725284576416,false,true
82,110,3.1000000000000005,3.35,-0.6684725284576416,false,true
83,110,3.1500000000000004,3.35,-0.6684725284576416,false,true
84,110,3.2,3.35,-0.6684725284576416,false,true
85,110,3.25,3.35,-0.6684725284576416,false,true
86,110,3.3,3.35,-0.6684725284576416,false,true
87,110,3.3500000000000005,3.35,-0.6684725284576416,false,true
0,111,-1.0,3.400000000000001,-0.6342921591156372,false,true
1,111,-0.95,3.400000000000001,-0.6342494734910351,false,true
2,111,-0.9,3.400000000000001,-0.6340521517032421,false,true
3,111,-0.85,3.400000000000001,-0.6261751964394767,false,true
4,111,-0.8,3.400000000000001,-0.6134271919727325,false,true
5,111,-0.75,3.400000000000001,-0.613308935649506,false,true
6,111,-0.7,3.400000000000001,-0.6130920194393832,false,true
7,111,-0.6499999999999999,3.400000000000001,-0.6114666769081439,false,true
8,111,-0.6,3.400000000000001,-0.6102255429530912,false,true
9,111,-0.55,3.400000000000001,-0.6101684272289276,false,true
10,111,-0.5,3.400000000000001,-0.611069715906152,false,true
11,111,-0.44999999999999996,3.400000000000001,-0.6115822038941223,false,true
12,111,-0.3999999999999999,3.400000000000001,-0.6119655072689056,true,false
13,111,-0.35,3.400000000000001,-0.6126549243927002,true,false
14,111,-0.29999999999999993,3.400000000000001,-0.6115885972976685,true,false
15,111,-0.25,3.400000000000001,-0.6166466474533081,true,false
16,111,-0.19999999999999996,3.400000000000001,-0.6179238855838776,true,false
17,111,-0.1499999999999999,3.400000000000001,-0.6193180084228516,true,false
18,111,-0.09999999999999998,3.400000000000001,-0.6195928454399109,true,false
19,111,-0.04999999999999993,3.400000000000001,-0.6193180084228516,true,false
20,111,0.0,3.400000000000001,-0.6167762279510498,true,false
21,111,0.050000000000000044,3.400000000000001,-0.6175916492938995,true,false
22,111,0.10000000000000009,3.400000000000001,-0.61940598487854,true,false
23,111,0.15000000000000013,3.400000000000001,-0.6234149932861328,true,false
24,111,0.20000000000000018,3.400000000000001,-0.6180565336146938,false,true
25,111,0.25,3.400000000000001,-0.6125738024711609,false,true
26,111,0.30000000000000004,3.400000000000001,-0.6080345358146443,false,true
27,111,0.3500000000000001,3.400000000000001,-0.6047097800885243,false,true
28,111,0.40000000000000013,3.400000000000001,-0.6040124511213197,false,true
29,111,0.4500000000000002,3.400000000000001,-0.6028409600257874,false,true
30,111,0.5,3.400000000000001,-0.6051815959237533,false,true
31,111,0.55,3.400000000000001,-0.6071449518203735,false,true
32,111,0.6000000000000001,3.400000000000001,-0.584542367555336,false,true
33,111,0.6500000000000001,3.400000000000001,-0.5619254410266876,false,true
34,111,0.7000000000000002,3.400000000000001,-0.6258188526565266,false,true
35,111,0.75,3.400000000000001,-0.666309545539912,false,true
36,111,0.8,3.400000000000001,-0.6677638568331522,false,true
37,111,0.8500000000000001,3.400000000000001,-0.6684725284576416,false,true
38,111,0.9000000000000001,3.400000000000001,-0.6684725284576416,false,true
39,111,0.9500000000000002,3.400000000000001,-0.6684725284576416,false,true
40,111,1.0,3.400000000000001,-0.6684725284576416,false,true
41,111,1.0500000000000003,3.400000000000001,-0.6684725284576416,false,true
42,111,1.1,3.400000000000001,-0.6684725284576416,false,true
43,111,1.15,3.400000000000001,-0.6684725284576416,false,true
44,111,1.2000000000000002,3.400000000000001,-0.6684725284576416,false,true
45,111,1.25,3.400000000000001,-0.6684725284576416,false,true
46,111,1.3000000000000003,3.400000000000001,-0.6684725284576416,false,true
47,111,1.35,3.400000000000001,-0.6684725284576416,false,true
48,111,1.4000000000000004,3.400000000000001,-0.6684725284576416,false,true
49,111,1.4500000000000002,3.400000000000001,-0.6684725284576416,false,true
50,111,1.5,3.400000000000001,-0.6684725284576416,false,true
51,111,1.5500000000000003,3.400000000000001,-0.6684725284576416,false,true
52,111,1.6,3.400000000000001,-0.6684725284576416,false,true
53,111,1.6500000000000004,3.400000000000001,-0.6684725284576416,false,true
54,111,1.7000000000000002,3.400000000000001,-0.6684725284576416,false,true
55,111,1.75,3.400000000000001,-0.6684725284576416,false,true
56,111,1.8000000000000003,3.400000000000001,-0.6684725284576416,false,true
57,111,1.85,3.400000000000001,-0.6684725284576416,false,true
58,111,1.9000000000000004,3.400000000000001,-0.6684725284576416,false,true
59,111,1.9500000000000002,3.400000000000001,-0.6684725284576416,false,true
60,111,2.0,3.400000000000001,-0.6684725284576416,false,true
61,111,2.0500000000000003,3.400000000000001,-0.6684725284576416,false,true
62,111,2.1,3.400000000000001,-0.6684725284576416,false,true
63,111,2.1500000000000004,3.400000000000001,-0.6684725284576416,false,true
64,111,2.2,3.400000000000001,-0.6684725284576416,false,true
65,111,2.25,3.400000000000001,-0.6684725284576416,false,true
66,111,2.3000000000000003,3.400000000000001,-0.6684725284576416,false,true
67,111,2.35,3.400000000000001,-0.6684725284576416,false,true
68,111,2.4000000000000004,3.400000000000001,-0.6684725284576416,false,true
69,111,2.45,3.400000000000001,-0.6684725284576416,false,true
70,111,2.5,3.400000000000001,-0.6684725284576416,false,true
71,111,2.5500000000000003,3.400000000000001,-0.6684725284576416,false,true
72,111,2.6,3.400000000000001,-0.6684725284576416,false,true
73,111,2.6500000000000004,3.400000000000001,-0.6684725284576416,false,true
74,111,2.7,3.400000000000001,-0.6684725284576416,false,true
75,111,2.75,3.400000000000001,-0.6684725284576416,false,true
76,111,2.8000000000000003,3.400000000000001,-0.6684725284576416,false,true
77,111,2.85,3.400000000000001,-0.6684725284576416,false,true
78,111,2.9000000000000004,3.400000000000001,-0.6684725284576416,false,true
79,111,2.95,3.400000000000001,-0.6684725284576416,false,true
80,111,3.0,3.400000000000001,-0.6684725284576416,false,true
81,111,3.05,3.400000000000001,-0.6684725284576416,false,true
82,111,3.1000000000000005,3.400000000000001,-0.6684725284576416,false,true
83,111,3.1500000000000004,3.400000000000001,-0.6684725284576416,false,true
84,111,3.2,3.400000000000001,-0.6684725284576416,false,true
85,111,3.25,3.400000000000001,-0.6684725284576416,false,true
86,111,3.3,3.400000000000001,-0.6684725284576416,false,true
87,111,3.3500000000000005,3.400000000000001,-0.6684725284576416,false,true
0,112,-1.0,3.4500000000000006,-0.6342744781510087,false,true
1,112,-0.95,3.4500000000000006,-0.6342041816074531,false,true
2,112,-0.9,3.4500000000000006,-0.6264207366899742,false,true
3,112,-0.85,3.4500000000000006,-0.6134271919727325,false,true
4,112,-0.8,3.4500000000000006,-0.6133782085998157,false,true
5,112,-0.75,3.4500000000000006,-0.6132800388376651,false,true
6,112,-0.7,3.4500000000000006,-0.6116451205609446,false,true
7,112,-0.6499999999999999,3.4500000000000006,-0.6101920853365008,false,true
8,112,-0.6,3.4500000000000006,-0.6101684272289276,false,true
9,112,-0.55,3.4500000000000006,-0.6112114397303324,false,true
10,112,-0.5,3.4500000000000006,-0.6118380622031208,false,true
11,112,-0.44999999999999996,3.4500000000000006,-0.6119489049046581,false,true
12,112,-0.3999999999999999,3.4500000000000006,-0.6119371652603149,true,false
13,112,-0.35,3.4500000000000006,-0.6145646870136261,true,false
14,112,-0.29999999999999993,3.4500000000000006,-0.6166670322418213,true,false
15,112,-0.25,3.4500000000000006,-0.6189643740653992,true,false
16,112,-0.19999999999999996,3.4500000000000006,-0.6193180084228516,true,false
17,112,-0.1499999999999999,3.4500000000000006,-0.6203510165214539,true,false
18,112,-0.09999999999999998,3.4500000000000006,-0.6209637522697449,true,false
19,112,-0.04999999999999993,3.4500000000000006,-0.6221059560775757,true,false
20,112,0.0,3.4500000000000006,-0.6175598204135895,true,false
21,112,0.050000000000000044,3.4500000000000006,-0.6188052892684937,true,false
22,112,0.10000000000000009,3.4500000000000006,-0.6248444616794586,true,false
23,112,0.15000000000000013,3.4500000000000006,-0.6228958676102327,false,true
24,112,0.20000000000000018,3.4500000000000006,-0.6234149932861328,false,true
25,112,0.25,3.4500000000000006,-0.618010627973676,false,true
26,112,0.30000000000000004,3.4500000000000006,-0.6125738024711609,false,true
27,112,0.3500000000000001,3.4500000000000006,-0.607557256815838,false,true
28,112,0.40000000000000013,3.4500000000000006,-0.6038735722493143,false,true
29,112,0.4500000000000002,3.4500000000000006,-0.6033262075257562,false,true
30,112,0.5,3.4500000000000006,-0.6028409600257874,false,true
31,112,0.55,3.4500000000000006,-0.6050422294222293,false,true
32,112,0.6000000000000001,3.4500000000000006,-0.6071449518203735,false,true
33,112,0.6500000000000001,3.4500000000000006,-0.5845370695509461,false,true
34,112,0.7000000000000002,3.4500000000000006,-0.5619254410266876,false,true
35,112,0.75,3.4500000000000006,-0.627651449835769,false,true
36,112,0.8,3.4500000000000006,-0.6675454640304967,false,true
37,112,0.8500000000000001,3.4500000000000006,-0.6681789870595091,false,true
38,112,0.9000000000000001,3.4500000000000006,-0.6684725284576416,false,true
39,112,0.9500000000000002,3.4500000000000006,-0.6684725284576416,false,true
40,112,1.0,3.4500000000000006,-0.6684725284576416,false,true
41,112,1.0500000000000003,3.4500000000000006,-0.6684725284576416,false,true
42,112,1.1,3.4500000000000006,-0.6684725284576416,false,true
43,112,1.15,3.4500000000000006,-0.6684725284576416,false,true
44,112,1.2000000000000002,3.4500000000000006,-0.6684725284576416,false,true
45,112,1.25,3.4500000000000006,-0.6684725284576416,false,true
46,112,1.3000000000000003,3.4500000000000006,-0.6684725284576416,false,true
47,112,1.35,3.4500000000000006,-0.6684725284576416,false,true
48,112,1.4000000000000004,3.4500000000000006,-0.6684725284576416,false,true
49,112,1.4500000000000002,3.4500000000000006,-0.6684725284576416,false,true
50,112,1.5,3.4500000000000006,-0.6684725284576416,false,true
51,112,1.5500000000000003,3.4500000000000006,-0.6684725284576416,false,true
52,112,1.6,3.4500000000000006,-0.6684725284576416,false,true
53,112,1.6500000000000004,3.4500000000000006,-0.6684725284576416,false,true
54,112,1.7000000000000002,3.4500000000000006,-0.6684725284576416,false,true
55,112,1.75,3.4500000000000006,-0.6684725284576416,false,true
56,112,1.8000000000000003,3.4500000000000006,-0.6684725284576416,false,true
57,112,1.85,3.4500000000000006,-0.6684725284576416,false,true
58,112,1.9000000000000004,3.4500000000000006,-0.6684725284576416,false,true
59,112,1.9500000000000002,3.4500000000000006,-0.6684725284576416,false,true
60,112,2.0,3.4500000000000006,-0.6684725284576416,false,true
61,112,2.0500000000000003,3.4500000000000006,-0.6684725284576416,false,true
62,112,2.1,3.4500000000000006,-0.6684725284576416,false,true
63,112,2.1500000000000004,3.4500000000000006,-0.6684725284576416,false,true
64,112,2.2,3.4500000000000006,-0.6684725284576416,false,true
65,112,2.25,3.4500000000000006,-0.6684725284576416,false,true
66,112,2.3000000000000003,3.4500000000000006,-0.6684725284576416,false,true
67,112,2.35,3.4500000000000006,-0.6684725284576416,false,true
68,112,2.4000000000000004,3.4500000000000006,-0.6684725284576416,false,true
69,112,2.45,3.4500000000000006,-0.6684725284576416,false,true
70,112,2.5,3.4500000000000006,-0.6684725284576416,false,true
71,112,2.5500000000000003,3.4500000000000006,-0.6684725284576416,false,true
72,112,2.6,3.4500000000000006,-0.6684725284576416,false,true
73,112,2.6500000000000004,3.4500000000000006,-0.6684725284576416,false,true
74,112,2.7,3.4500000000000006,-0.6684725284576416,false,true
75,112,2.75,3.4500000000000006,-0.6684725284576416,false,true
76,112,2.8000000000000003,3.4500000000000006,-0.6684725284576416,false,true
77,112,2.85,3.4500000000000006,-0.6684725284576416,false,true
78,112,2.9000000000000004,3.4500000000000006,-0.6684725284576416,false,true
79,112,2.95,3.4500000000000006,-0.6684725284576416,false,true
80,112,3.0,3.4500000000000006,-0.6684725284576416,false,true
81,112,3.05,3.4500000000000006,-0.6684725284576416,false,true
82,112,3.1000000000000005,3.4500000000000006,-0.6684725284576416,false,true
83,112,3.1500000000000004,3.4500000000000006,-0.6684725284576416,false,true
84,112,3.2,3.4500000000000006,-0.6684725284576416,false,true
85,112,3.25,3.4500000000000006,-0.6684725284576416,false,true
86,112,3.3,3.4500000000000006,-0.6684725284576416,false,true
87,112,3.3500000000000005,3.4500000000000006,-0.6684725284576416,false,true
0,113,-1.0,3.5000000000000004,-0.6342453603692799,false,true
1,113,-0.95,3.5000000000000004,-0.6265212969035485,false,true
2,113,-0.9,3.5000000000000004,-0.6134271919727325,false,true
3,113,-0.85,3.5000000000000004,-0.6134069023953396,false,true
4,113,-0.8,3.5000000000000004,-0.6133638022399512,false,true
5,113,-0.75,3.5000000000000004,-0.611729880506903,false,true
6,113,-0.7,3.5000000000000004,-0.6101782267379444,false,true
7,113,-0.6499999999999999,3.5000000000000004,-0.6101684272289276,false,true
8,113,-0.6,3.5000000000000004,-0.6112613166105572,false,true
9,113,-0.55,3.5000000000000004,-0.6119101528514335,false,true
10,113,-0.5,3.5000000000000004,-0.6119420279802193,false,true
11,113,-0.44999999999999996,3.5000000000000004,-0.6119371652603149,false,true
12,113,-0.3999999999999999,3.5000000000000004,-0.6154949343821327,false,true
13,113,-0.35,3.5000000000000004,-0.6170071661472321,true,false
14,113,-0.29999999999999993,3.5000000000000004,-0.6193180084228516,true,false
15,113,-0.25,3.5000000000000004,-0.6210054159164429,true,false
16,113,-0.19999999999999996,3.5000000000000004,-0.6259182691574097,true,false
17,113,-0.1499999999999999,3.5000000000000004,-0.6269575357437134,true,false
18,113,-0.09999999999999998,3.5000000000000004,-0.6244000792503357,true,false
19,113,-0.04999999999999993,3.5000000000000004,-0.6215997955196955,false,true
20,113,0.0,3.5000000000000004,-0.6192561421032219,false,true
21,113,0.050000000000000044,3.5000000000000004,-0.6202093325330659,false,true
22,113,0.10000000000000009,3.5000000000000004,-0.6223429545613275,false,true
23,113,0.15000000000000013,3.5000000000000004,-0.6248444616794586,false,true
24,113,0.20000000000000018,3.5000000000000004,-0.62380743850292,false,true
25,113,0.25,3.5000000000000004,-0.6234149932861328,false,true
26,113,0.30000000000000004,3.5000000000000004,-0.6179986372423595,false,true
27,113,0.3500000000000001,3.5000000000000004,-0.6125738024711609,false,true
28,113,0.40000000000000013,3.5000000000000004,-0.6070713637908571,false,true
29,113,0.4500000000000002,3.5000000000000004,-0.6033444012393171,false,true
30,113,0.5,3.5000000000000004,-0.603041956121382,false,true
31,113,0.55,3.5000000000000004,-0.6028409600257874,false,true
32,113,0.6000000000000001,3.5000000000000004,-0.6050058263519912,false,true
33,113,0.6500000000000001,3.5000000000000004,-0.6071449518203735,false,true
34,113,0.7000000000000002,3.5000000000000004,-0.5845356856916698,false,true
35,113,0.75,3.5000000000000004,-0.5619254410266876,false,true
36,113,0.8,3.5000000000000004,-0.6284789615686259,false,true
37,113,0.8500000000000001,3.5000000000000004,-0.6680794087453032,false,true
38,113,0.9000000000000001,3.5000000000000004,-0.6683509396294172,false,true
39,113,0.9500000000000002,3.5000000000000004,-0.6684725284576416,false,true
40,113,1.0,3.5000000000000004,-0.6684725284576416,false,true
41,113,1.0500000000000003,3.5000000000000004,-0.6684725284576416,false,true
42,113,1.1,3.5000000000000004,-0.6684725284576416,false,true
43,113,1.15,3.5000000000000004,-0.6684725284576416,false,true
44,113,1.2000000000000002,3.5000000000000004,-0.6684725284576416,false,true
45,113,1.25,3.5000000000000004,-0.6684725284576416,false,true
46,113,1.3000000000000003,3.5000000000000004,-0.6684725284576416,false,true
47,113,1.35,3.5000000000000004,-0.6684725284576416,false,true
48,113,1.4000000000000004,3.5000000000000004,-0.6684725284576416,false,true
49,113,1.4500000000000002,3.5000000000000004,-0.6684725284576416,false,true
50,113,1.5,3.5000000000000004,-0.6684725284576416,false,true
51,113,1.5500000000000003,3.5000000000000004,-0.6684725284576416,false,true
52,113,1.6,3.5000000000000004,-0.6684725284576416,false,true
53,113,1.6500000000000004,3.5000000000000004,-0.6684725284576416,false,true
54,113,1.7000000000000002,3.5000000000000004,-0.6684725284576416,false,true
55,113,1.75,3.5000000000000004,-0.6684725284576416,false,true
56,113,1.8000000000000003,3.5000000000000004,-0.6684725284576416,false,true
57,113,1.85,3.5000000000000004,-0.6684725284576416,false,true
58,113,1.9000000000000004,3.5000000000000004,-0.6684725284576416,false,true
59,113,1.9500000000000002,3.5000000000000004,-0.6684725284576416,false,true
60,113,2.0,3.5000000000000004,-0.6684725284576416,false,true
61,113,2.0500000000000003,3.5000000000000004,-0.6684725284576416,false,true
62,113,2.1,3.5000000000000004,-0.6684725284576416,false,true
63,113,2.1500000000000004,3.5000000000000004,-0.6684725284576416,false,true
64,113,2.2,3.5000000000000004,-0.6684725284576416,false,true
65,113,2.25,3.5000000000000004,-0.6684725284576416,false,true
66,113,2.3000000000000003,3.5000000000000004,-0.6684725284576416,false,true
67,113,2.35,3.5000000000000004,-0.6684725284576416,false,true
68,113,2.4000000000000004,3.5000000000000004,-0.6684725284576416,false,true
69,113,2.45,3.5000000000000004,-0.6684725284576416,false,true
70,113,2.5,3.5000000000000004,-0.6684725284576416,false,true
71,113,2.5500000000000003,3.5000000000000004,-0.6684725284576416,false,true
72,113,2.6,3.5000000000000004,-0.6684725284576416,false,true
73,113,2.6500000000000004,3.5000000000000004,-0.6684725284576416,false,true
74,113,2.7,3.5000000000000004,-0.6684725284576416,false,true
75,113,2.75,3.5000000000000004,-0.6684725284576416,false,true
76,113,2.8000000000000003,3.5000000000000004,-0.6684725284576416,false,true
77,113,2.85,3.5000000000000004,-0.6684725284576416,false,true
78,113,2.9000000000000004,3.5000000000000004,-0.6684725284576416,false,true
79,113,2.95,3.5000000000000004,-0.6684725284576416,false,true
80,113,3.0,3.5000000000000004,-0.6684725284576416,false,true
81,113,3.05,3.5000000000000004,-0.6684725284576416,false,true
82,113,3.1000000000000005,3.5000000000000004,-0.6684725284576416,false,true
83,113,3.1500000000000004,3.5000000000000004,-0.6684725284576416,false,true
84,113,3.2,3.5000000000000004,-0.6684725284576416,false,true
85,113,3.25,3.5000000000000004,-0.6684725284576416,false,true
86,113,3.3,3.5000000000000004,-0.6684725284576416,false,true
87,113,3.3500000000000005,3.5000000000000004,-0.6684725284576416,false,true
0,114,-1.0,3.5500000000000003,-0.6245376139907043,false,true
1,114,-0.95,3.5500000000000003,-0.6134271919727325,false,true
2,114,-0.9,3.5500000000000003,-0.6134187877546016,false,true
3,114,-0.85,3.5500000000000003,-0.6134002213317276,false,true
4,114,-0.8,3.5500000000000003,-0.6117682776416972,false,true
5,114,-0.75,3.5500000000000003,-0.6101724863184669,false,true
6,114,-0.7,3.5500000000000003,-0.6101684272289276,false,true
7,114,-0.6499999999999999,3.5500000000000003,-0.6112772409037316,false,true
8,114,-0.6,3.5500000000000003,-0.6119300878197652,false,true
9,114,-0.55,3.5500000000000003,-0.6119391794648493,false,true
10,114,-0.5,3.5500000000000003,-0.6119371652603149,false,true
11,114,-0.44999999999999996,3.5500000000000003,-0.6160840727738175,false,true
12,114,-0.3999999999999999,3.5500000000000003,-0.6183608262117849,false,true
13,114,-0.35,3.5500000000000003,-0.6193180084228516,true,false
14,114,-0.29999999999999993,3.5500000000000003,-0.6234232187271118,true,false
15,114,-0.25,3.5500000000000003,-0.6281010508537292,true,false
16,114,-0.19999999999999996,3.5500000000000003,-0.6257553450507174,false,true
17,114,-0.1499999999999999,3.5500000000000003,-0.6259040799437249,false,true
18,114,-0.09999999999999998,3.5500000000000003,-0.6254594124150719,false,true
19,114,-0.04999999999999993,3.5500000000000003,-0.6244000792503357,false,true
20,114,0.0,3.5500000000000003,-0.6214455651286996,false,true
21,114,0.050000000000000044,3.5500000000000003,-0.6205550729435155,false,true
22,114,0.10000000000000009,3.5500000000000003,-0.6224507056094529,false,true
23,114,0.15000000000000013,3.5500000000000003,-0.6238083035047559,false,true
24,114,0.20000000000000018,3.5500000000000003,-0.6248444616794586,false,true
25,114,0.25,3.5500000000000003,-0.624045544352394,false,true
26,114,0.30000000000000004,3.5500000000000003,-0.6234149932861328,false,true
27,114,0.3500000000000001,3.5500000000000003,-0.617995505216876,false,true
28,114,0.40000000000000013,3.5500000000000003,-0.6125738024711609,false,true
29,114,0.4500000000000002,3.5500000000000003,-0.6067568710566238,false,true
30,114,0.5,3.5500000000000003,-0.6030716698520808,false,true
31,114,0.55,3.5500000000000003,-0.6029242153345667,false,true
32,114,0.6000000000000001,3.5500000000000003,-0.6028409600257874,false,true
33,114,0.6500000000000001,3.5500000000000003,-0.6049963177289843,false,true
34,114,0.7000000000000002,3.5500000000000003,-0.6071449518203735,false,true
35,114,0.75,3.5500000000000003,-0.5845353242222644,false,true
36,114,0.8,3.5500000000000003,-0.5619254410266876,false,true
37,114,0.8500000000000001,3.5500000000000003,-0.6288423461894707,false,true
38,114,0.9000000000000001,3.5500000000000003,-0.6683070226180322,false,true
39,114,0.9500000000000002,3.5500000000000003,-0.668422164715958,false,true
40,114,1.0,3.5500000000000003,-0.6684725284576416,false,true
41,114,1.0500000000000003,3.5500000000000003,-0.6684725284576416,false,true
42,114,1.1,3.5500000000000003,-0.6684725284576416,false,true
43,114,1.15,3.5500000000000003,-0.6684725284576416,false,true
44,114,1.2000000000000002,3.5500000000000003,-0.6684725284576416,false,true
45,114,1.25,3.5500000000000003,-0.6684725284576416,false,true
46,114,1.3000000000000003,3.5500000000000003,-0.6684725284576416,false,true
47,114,1.35,3.5500000000000003,-0.6684725284576416,false,true
48,114,1.4000000000000004,3.5500000000000003,-0.6684725284576416,false,true
49,114,1.4500000000000002,3.5500000000000003,-0.6684725284576416,false,true
50,114,1.5,3.5500000000000003,-0.6684725284576416,false,true
51,114,1.5500000000000003,3.5500000000000003,-0.6684725284576416,false,true
52,114,1.6,3.5500000000000003,-0.6684725284576416,false,true
53,114,1.6500000000000004,3.5500000000000003,-0.6684725284576416,false,true
54,114,1.7000000000000002,3.5500000000000003,-0.6684725284576416,false,true
55,114,1.75,3.5500000000000003,-0.6684725284576416,false,true
56,114,1.8000000000000003,3.5500000000000003,-0.6684725284576416,false,true
57,114,1.85,3.5500000000000003,-0.6684725284576416,false,true
58,114,1.9000000000000004,3.5500000000000003,-0.6684725284576416,false,true
59,114,1.9500000000000002,3.5500000000000003,-0.6684725284576416,false,true
60,114,2.0,3.5500000000000003,-0.6684725284576416,false,true
61,114,2.0500000000000003,3.5500000000000003,-0.6684725284576416,false,true
62,114,2.1,3.5500000000000003,-0.6684725284576416,false,true
63,114,2.1500000000000004,3.5500000000000003,-0.6684725284576416,false,true
64,114,2.2,3.5500000000000003,-0.6684725284576416,false,true
65,114,2.25,3.5500000000000003,-0.6684725284576416,false,true
66,114,2.3000000000000003,3.5500000000000003,-0.6684725284576416,false,true
67,114,2.35,3.5500000000000003,-0.6684725284576416,false,true
68,114,2.4000000000000004,3.5500000000000003,-0.6684725284576416,false,true
69,114,2.45,3.5500000000000003,-0.6684725284576416,false,true
70,114,2.5,3.5500000000000003,-0.6684725284576416,false,true
71,114,2.5500000000000003,3.5500000000000003,-0.6684725284576416,false,true
72,114,2.6,3.5500000000000003,-0.6684725284576416,false,true
73,114,2.6500000000000004,3.5500000000000003,-0.6684725284576416,false,true
74,114,2.7,3.5500000000000003,-0.6684725284576416,false,true
75,114,2.75,3.5500000000000003,-0.6684725284576416,false,true
76,114,2.8000000000000003,3.5500000000000003,-0.6684725284576416,false,true
77,114,2.85,3.5500000000000003,-0.6684725284576416,false,true
78,114,2.9000000000000004,3.5500000000000003,-0.6684725284576416,false,true
79,114,2.95,3.5500000000000003,-0.6684725284576416,false,true
80,114,3.0,3.5500000000000003,-0.6684725284576416,false,true
81,114,3.05,3.5500000000000003,-0.6684725284576416,false,true
82,114,3.1000000000000005,3.5500000000000003,-0.6684725284576416,false,true
83,114,3.1500000000000004,3.5500000000000003,-0.6684725284576416,false,true
84,114,3.2,3.5500000000000003,-0.6684725284576416,false,true
85,114,3.25,3.5500000000000003,-0.6684725284576416,false,true
86,114,3.3,3.5500000000000003,-0.6684725284576416,false,true
87,114,3.3500000000000005,3.5500000000000003,-0.6684725284576416,false,true
0,115,-1.0,3.6,-0.6134271919727325,false,true
1,115,-0.95,3.6,-0.6134237108316015,false,true
2,115,-0.9,3.6,-0.6134158113137441,false,true
3,115,-0.85,3.6,-0.6121200018319133,false,true
4,115,-0.8,3.6,-0.6101701085588657,false,true
5,115,-0.75,3.6,-0.6101684272289276,false,true
6,115,-0.7,3.6,-0.6111105196774957,false,true
7,115,-0.6499999999999999,3.6,-0.6119347224164247,false,true
8,115,-0.6,3.6,-0.6119379995711506,false,true
9,115,-0.55,3.6,-0.6119371652603149,false,true
10,115,-0.5,3.6,-0.6156003645850402,false,true
11,115,-0.44999999999999996,3.6,-0.6189215305693656,false,true
12,115,-0.3999999999999999,3.6,-0.6193180084228516,false,true
13,115,-0.35,3.6,-0.62101844220727,false,true
14,115,-0.29999999999999993,3.6,-0.6235909357758248,false,true
15,115,-0.25,3.6,-0.6261634293443797,false,true
16,115,-0.19999999999999996,3.6,-0.6281010508537292,false,true
17,115,-0.1499999999999999,3.6,-0.6264246601596972,false,true
18,115,-0.09999999999999998,3.6,-0.6252793810184255,false,true
19,115,-0.04999999999999993,3.6,-0.624838869414241,false,true
20,115,0.0,3.6,-0.6244000792503357,false,true
21,115,0.050000000000000044,3.6,-0.6222582745669777,false,true
22,115,0.10000000000000009,3.6,-0.6222931188736482,false,true
23,115,0.15000000000000013,3.6,-0.6237141559903348,false,true
24,115,0.20000000000000018,3.6,-0.624415270910733,false,true
25,115,0.25,3.6,-0.6248444616794586,false,true
26,115,0.30000000000000004,3.6,-0.6241077385229282,false,true
27,115,0.3500000000000001,3.6,-0.6234149932861328,false,true
28,115,0.40000000000000013,3.6,-0.6179946871196832,false,true
29,115,0.4500000000000002,3.6,-0.6125738024711609,false,true
30,115,0.5,3.6,-0.6065874713894793,false,true
31,115,0.55,3.6,-0.6029430188474584,false,true
32,115,0.6000000000000001,3.6,-0.6028754455038234,false,true
33,115,0.6500000000000001,3.6,-0.6028409600257874,false,true
34,115,0.7000000000000002,3.6,-0.6049938340398093,false,true
35,115,0.75,3.6,-0.6071449518203735,false,true
36,115,0.8,3.6,-0.5845352298050551,false,true
37,115,0.8500000000000001,3.6,-0.5619254410266876,false,true
38,115,0.9000000000000001,3.6,-0.6289990233668699,false,true
39,115,0.9500000000000002,3.6,-0.6684031915746887,false,true
40,115,1.0,3.6,-0.6684516671127844,false,true
41,115,1.0500000000000003,3.6,-0.6684725284576416,false,true
42,115,1.1,3.6,-0.6684725284576416,false,true
43,115,1.15,3.6,-0.6684725284576416,false,true
44,115,1.2000000000000002,3.6,-0.6684725284576416,false,true
45,115,1.25,3.6,-0.6684725284576416,false,true
46,115,1.3000000000000003,3.6,-0.6684725284576416,false,true
47,115,1.35,3.6,-0.6684725284576416,false,true
48,115,1.4000000000000004,3.6,-0.6684725284576416,false,true
49,115,1.4500000000000002,3.6,-0.6684725284576416,false,true
50,115,1.5,3.6,-0.6684725284576416,false,true
51,115,1.5500000000000003,3.6,-0.6684725284576416,false,true
52,115,1.6,3.6,-0.6684725284576416,false,true
53,115,1.6500000000000004,3.6,-0.6684725284576416,false,true
54,115,1.7000000000000002,3.6,-0.6684725284576416,false,true
55,115,1.75,3.6,-0.6684725284576416,false,true
56,115,1.8000000000000003,3.6,-0.6684725284576416,false,true
57,115,1.85,3.6,-0.6684725284576416,false,true
58,115,1.9000000000000004,3.6,-0.6684725284576416,false,true
59,115,1.9500000000000002,3.6,-0.6684725284576416,false,true
60,115,2.0,3.6,-0.6684725284576416,false,true
61,115,2.0500000000000003,3.6,-0.6684725284576416,false,true
62,115,2.1,3.6,-0.6684725284576416,false,true
63,115,2.1500000000000004,3.6,-0.6684725284576416,false,true
64,115,2.2,3.6,-0.6684725284576416,false,true
65,115,2.25,3.6,-0.6684725284576416,false,true
66,115,2.3000000000000003,3.6,-0.6684725284576416,false,true
67,115,2.35,3.6,-0.6684725284576416,false,true
68,115,2.4000000000000004,3.6,-0.6684725284576416,false,true
69,115,2.45,3.6,-0.6684725284576416,false,true
70,115,2.5,3.6,-0.6684725284576416,false,true
71,115,2.5500000000000003,3.6,-0.6684725284576416,false,true
72,115,2.6,3.6,-0.6684725284576416,false,true
73,115,2.6500000000000004,3.6,-0.6684725284576416,false,true
74,115,2.7,3.6,-0.6684725284576416,false,true
75,115,2.75,3.6,-0.6684725284576416,false,true
76,115,2.8000000000000003,3.6,-0.6684725284576416,false,true
77,115,2.85,3.6,-0.6684725284576416,false,true
78,115,2.9000000000000004,3.6,-0.6684725284576416,false,true
79,115,2.95,3.6,-0.6684725284576416,false,true
80,115,3.0,3.6,-0.6684725284576416,false,true
81,115,3.05,3.6,-0.6684725284576416,false,true
82,115,3.1000000000000005,3.6,-0.6684725284576416,false,true
83,115,3.1500000000000004,3.6,-0.6684725284576416,false,true
84,115,3.2,3.6,-0.6684725284576416,false,true
85,115,3.25,3.6,-0.6684725284576416,false,true
86,115,3.3,3.6,-0.6684725284576416,false,true
87,115,3.3500000000000005,3.6,-0.6684725284576416,false,true
