grid_x,grid_y,local_x_m,local_y_m,height_m,measured,interpolated
0,0,-2.15,-3.4000000000000004,-0.7518210411071778,false,true
1,0,-2.1,-3.4000000000000004,-0.7539082800983952,false,true
2,0,-2.05,-3.4000000000000004,-0.7557214519256125,false,true
3,0,-2.0,-3.4000000000000004,-0.7557089328765869,false,true
4,0,-1.95,-3.4000000000000004,-0.7589892870982424,false,true
5,0,-1.9,-3.4000000000000004,-0.7621153698126307,false,true
6,0,-1.8499999999999999,-3.4000000000000004,-0.763107180595398,false,true
7,0,-1.7999999999999998,-3.4000000000000004,-0.7628254167866361,false,true
8,0,-1.75,-3.4000000000000004,-0.7632078385427079,false,true
9,0,-1.7,-3.4000000000000004,-0.7635220573582313,false,true
10,0,-1.65,-3.4000000000000004,-0.7637945822868182,false,true
11,0,-1.5999999999999999,-3.4000000000000004,-0.763357400894165,false,true
12,0,-1.5499999999999998,-3.4000000000000004,-0.762290606714358,false,true
13,0,-1.5,-3.4000000000000004,-0.7599651813507079,false,true
14,0,-1.4499999999999997,-3.4000000000000004,-0.759965181350708,false,true
15,0,-1.4,-3.4000000000000004,-0.7599651813507079,false,true
16,0,-1.3499999999999999,-3.4000000000000004,-0.7595884509465076,false,true
17,0,-1.2999999999999998,-3.4000000000000004,-0.7506008950275964,false,true
18,0,-1.25,-3.4000000000000004,-0.7375170802960686,false,true
19,0,-1.1999999999999997,-3.4000000000000004,-0.7288651664757156,false,true
20,0,-1.15,-3.4000000000000004,-0.7233260095108153,false,true
21,0,-1.0999999999999999,-3.4000000000000004,-0.7209997667163127,false,true
22,0,-1.0499999999999998,-3.4000000000000004,-0.7204140987769979,false,true
23,0,-0.9999999999999998,-3.4000000000000004,-0.7199999690055847,false,true
24,0,-0.9499999999999997,-3.4000000000000004,-0.7083798731267689,false,true
25,0,-0.8999999999999999,-3.4000000000000004,-0.7017458852156728,false,true
26,0,-0.8499999999999999,-3.4000000000000004,-0.7019201652952429,false,true
27,0,-0.7999999999999998,-3.4000000000000004,-0.7020755708217621,false,true
28,0,-0.7499999999999998,-3.4000000000000004,-0.6960669198539371,false,true
29,0,-0.6999999999999997,-3.4000000000000004,-0.6899999976158142,false,true
30,0,-0.6499999999999999,-3.4000000000000004,-0.7089155641163231,false,true
31,0,-0.5999999999999999,-3.4000000000000004,-0.7199999690055847,false,true
32,0,-0.5499999999999998,-3.4000000000000004,-0.7199999690055847,false,true
33,0,-0.4999999999999998,-3.4000000000000004,-0.7200069381671211,false,true
34,0,-0.44999999999999973,-3.4000000000000004,-0.7200131800316075,false,true
35,0,-0.3999999999999999,-3.4000000000000004,-0.7200212574997846,false,true
36,0,-0.34999999999999987,-3.4000000000000004,-0.7200312700582409,false,true
37,0,-0.2999999999999998,-3.4000000000000004,-0.720043225451448,false,true
38,0,-0.24999999999999978,-3.4000000000000004,-0.7335739002892738,false,true
39,0,-0.19999999999999973,-3.4000000000000004,-0.7424590889486602,false,true
40,0,-0.1499999999999999,-3.4000000000000004,-0.7424592085736798,false,true
41,0,-0.09999999999999964,-3.4000000000000004,-0.7424592298516497,false,true
42,0,-0.04999999999999982,-3.4000000000000004,-0.742459237575531,false,true
43,0,0.0,-3.4000000000000004,-0.7424592301868274,false,true
44,0,0.050000000000000266,-3.4000000000000004,-0.7424592229050523,false,true
45,0,0.10000000000000009,-3.4000000000000004,-0.7424592118977278,false,true
46,0,0.15000000000000036,-3.4000000000000004,-0.7424591955167419,false,true
47,0,0.20000000000000018,-3.4000000000000004,-0.7424591718996656,false,true
48,0,0.25000000000000044,-3.4000000000000004,-0.7424591391400073,false,true
49,0,0.30000000000000027,-3.4000000000000004,-0.7424590953405553,false,true
50,0,0.3500000000000001,-3.4000000000000004,-0.7424590386907791,false,true
51,0,0.40000000000000036,-3.4000000000000004,-0.7424589675276976,false,true
52,0,0.4500000000000002,-3.4000000000000004,-0.7424588803798738,false,true
53,0,0.5000000000000004,-3.4000000000000004,-0.7424587759970703,false,true
54,0,0.5500000000000003,-3.4000000000000004,-0.7424586533721476,false,true
55,0,0.6000000000000001,-3.4000000000000004,-0.7357319110927932,false,true
56,0,0.6500000000000004,-3.4000000000000004,-0.7280201315879823,false,true
0,1,-2.15,-3.3500000000000005,-0.7517988365905846,false,true
1,1,-2.1,-3.3500000000000005,-0.7518210411071778,false,true
2,1,-2.05,-3.3500000000000005,-0.7542958695987255,false,true
3,1,-2.0,-3.3500000000000005,-0.7557391565345323,false,true
4,1,-1.95,-3.3500000000000005,-0.7557089328765869,false,true
5,1,-1.9,-3.3500000000000005,-0.7592074599561075,false,true
6,1,-1.8499999999999999,-3.3500000000000005,-0.7607127375523334,false,true
7,1,-1.7999999999999998,-3.3500000000000005,-0.763107180595398,true,false
8,1,-1.75,-3.3500000000000005,-0.7624269425868988,true,false
9,1,-1.7,-3.3500000000000005,-0.7644128501415253,true,false
10,1,-1.65,-3.3500000000000005,-0.763357400894165,true,false
11,1,-1.5999999999999999,-3.3500000000000005,-0.7641164980188588,false,true
12,1,-1.5499999999999998,-3.3500000000000005,-0.7634454138499635,false,true
13,1,-1.5,-3.3500000000000005,-0.760611544786975,false,true
14,1,-1.4499999999999997,-3.3500000000000005,-0.759965181350708,true,false
15,1,-1.4,-3.3500000000000005,-0.7590556736995292,false,true
16,1,-1.3499999999999999,-3.3500000000000005,-0.7554557288900129,false,true
17,1,-1.2999999999999998,-3.3500000000000005,-0.7473581829073744,false,true
18,1,-1.25,-3.3500000000000005,-0.7376216251513588,false,true
19,1,-1.1999999999999997,-3.3500000000000005,-0.7275281289325349,false,true
20,1,-1.15,-3.3500000000000005,-0.7219995644270407,false,true
21,1,-1.0999999999999999,-3.3500000000000005,-0.7209997667163127,false,true
22,1,-1.0499999999999998,-3.3500000000000005,-0.7199999690055847,false,true
23,1,-0.9999999999999998,-3.3500000000000005,-0.7083831888582084,false,true
24,1,-0.9499999999999997,-3.3500000000000005,-0.7014805414104426,false,true
25,1,-0.8999999999999999,-3.3500000000000005,-0.7017003886919718,false,true
26,1,-0.8499999999999999,-3.3500000000000005,-0.7020755708217621,false,true
27,1,-0.7999999999999998,-3.3500000000000005,-0.6961493278746892,false,true
28,1,-0.7499999999999998,-3.3500000000000005,-0.6899999976158142,false,true
29,1,-0.6999999999999997,-3.3500000000000005,-0.708906094186823,false,true
30,1,-0.6499999999999999,-3.3500000000000005,-0.7199999690055847,false,true
31,1,-0.5999999999999999,-3.3500000000000005,-0.7199999690055847,false,true
32,1,-0.5499999999999998,-3.3500000000000005,-0.7200167940498843,false,true
33,1,-0.4999999999999998,-3.3500000000000005,-0.7200220073610187,false,true
34,1,-0.44999999999999973,-3.3500000000000005,-0.7200326807648301,false,true
35,1,-0.3999999999999999,-3.3500000000000005,-0.7200454299542037,false,true
36,1,-0.34999999999999987,-3.3500000000000005,-0.7200601329306653,false,true
37,1,-0.2999999999999998,-3.3500000000000005,-0.731258680985747,false,true
38,1,-0.24999999999999978,-3.3500000000000005,-0.7424588515178794,false,true
39,1,-0.19999999999999973,-3.3500000000000005,-0.7424591649279974,false,true
40,1,-0.1499999999999999,-3.3500000000000005,-0.742459218928432,false,true
41,1,-0.09999999999999964,-3.3500000000000005,-0.742459237575531,false,true
42,1,-0.04999999999999982,-3.3500000000000005,-0.7424592197376225,false,true
43,1,0.0,-3.3500000000000005,-0.7424592126070674,false,true
44,1,0.050000000000000266,-3.3500000000000005,-0.7424591963310203,false,true
45,1,0.10000000000000009,-3.3500000000000005,-0.7424591723505294,false,true
46,1,0.15000000000000036,-3.3500000000000005,-0.7424591385000759,false,true
47,1,0.20000000000000018,-3.3500000000000005,-0.7424590928108543,false,true
48,1,0.25000000000000044,-3.3500000000000005,-0.7424590333987761,false,true
49,1,0.30000000000000027,-3.3500000000000005,-0.7424589585758973,false,true
50,1,0.3500000000000001,-3.3500000000000005,-0.7424588668879024,false,true
51,1,0.40000000000000036,-3.3500000000000005,-0.7424587571342395,false,true
52,1,0.4500000000000002,-3.3500000000000005,-0.742458628377494,false,true
53,1,0.5000000000000004,-3.3500000000000005,-0.7424584799543188,false,true
54,1,0.5500000000000003,-3.3500000000000005,-0.7371249640964763,false,true
55,1,0.6000000000000001,-3.3500000000000005,-0.7280201315879823,false,true
56,1,0.6500000000000004,-3.3500000000000005,-0.7280201315858207,false,true
0,2,-2.15,-3.3000000000000003,-0.7517547065156914,false,true
1,2,-2.1,-3.3000000000000003,-0.7517674346620724,false,true
2,2,-2.05,-3.3000000000000003,-0.7518210411071778,false,true
3,2,-2.0,-3.3000000000000003,-0.7543416263791448,false,true
4,2,-1.95,-3.3000000000000003,-0.7557818992415032,false,true
5,2,-1.9,-3.3000000000000003,-0.7557089328765869,false,true
6,2,-1.8499999999999999,-3.3000000000000003,-0.7581266197692851,false,true
7,2,-1.7999999999999998,-3.3000000000000003,-0.7573264837265015,true,false
8,2,-1.75,-3.3000000000000003,-0.7603354156017303,true,false
9,2,-1.7,-3.3000000000000003,-0.7620541453361511,true,false
10,2,-1.65,-3.3000000000000003,-0.7637248039245605,true,false
11,2,-1.5999999999999999,-3.3000000000000003,-0.7655799984931946,true,false
12,2,-1.5499999999999998,-3.3000000000000003,-0.7635120153427124,true,false
13,2,-1.5,-3.3000000000000003,-0.7612166404724121,true,false
14,2,-1.4499999999999997,-3.3000000000000003,-0.7577694356441498,true,false
15,2,-1.4,-3.3000000000000003,-0.7561063944459048,false,true
16,2,-1.3499999999999999,-3.3000000000000003,-0.7516108919636121,false,true
17,2,-1.2999999999999998,-3.3000000000000003,-0.7506419406264417,false,true
18,2,-1.25,-3.3000000000000003,-0.7384615391492845,false,true
19,2,-1.1999999999999997,-3.3000000000000003,-0.7234134919091818,false,true
20,2,-1.15,-3.3000000000000003,-0.7224136941984538,false,true
21,2,-1.0999999999999999,-3.3000000000000003,-0.7199999690055847,false,true
22,2,-1.0499999999999998,-3.3000000000000003,-0.7091498041960779,false,true
23,2,-0.9999999999999998,-3.3000000000000003,-0.7013249652515139,false,true
24,2,-0.9499999999999997,-3.3000000000000003,-0.7011698010356625,false,true
25,2,-0.8999999999999999,-3.3000000000000003,-0.7020755708217621,false,true
26,2,-0.8499999999999999,-3.3000000000000003,-0.696464820976633,false,true
27,2,-0.7999999999999998,-3.3000000000000003,-0.6899999976158142,false,true
28,2,-0.7499999999999998,-3.3000000000000003,-0.7088603693223556,false,true
29,2,-0.6999999999999997,-3.3000000000000003,-0.7199999690055847,false,true
30,2,-0.6499999999999999,-3.3000000000000003,-0.7199999690055847,false,true
31,2,-0.5999999999999999,-3.3000000000000003,-0.7200405882557201,false,true
32,2,-0.5499999999999998,-3.3000000000000003,-0.7200514184517635,false,true
33,2,-0.4999999999999998,-3.3000000000000003,-0.7200735178349656,false,true
34,2,-0.44999999999999973,-3.3000000000000003,-0.7200957099533214,false,true
35,2,-0.3999999999999999,-3.3000000000000003,-0.720119801510265,false,true
36,2,-0.34999999999999987,-3.3000000000000003,-0.7312843108434938,false,true
37,2,-0.2999999999999998,-3.3000000000000003,-0.7424582252475038,false,true
38,2,-0.24999999999999978,-3.3000000000000003,-0.7424590532065146,false,true
39,2,-0.19999999999999973,-3.3000000000000003,-0.7424591925574516,false,true
40,2,-0.1499999999999999,-3.3000000000000003,-0.742459237575531,false,true
41,2,-0.09999999999999964,-3.3000000000000003,-0.7424591945110102,false,true
42,2,-0.04999999999999982,-3.3000000000000003,-0.7424591775544762,false,true
43,2,0.0,-3.3000000000000003,-0.7424591394574068,false,true
44,2,0.050000000000000266,-3.3000000000000003,-0.7424590878824707,false,true
45,2,0.10000000000000009,-3.3000000000000003,-0.7424590172306537,false,true
46,2,0.15000000000000036,-3.3000000000000003,-0.7424589254906496,false,true
47,2,0.20000000000000018,-3.3000000000000003,-0.7424588108765198,false,true
48,2,0.25000000000000044,-3.3000000000000003,-0.7424586721962576,false,true
49,2,0.30000000000000027,-3.3000000000000003,-0.7424585087688437,false,true
50,2,0.3500000000000001,-3.3000000000000003,-0.7424583203625809,false,true
51,2,0.40000000000000036,-3.3000000000000003,-0.7424581071377546,false,true
52,2,0.4500000000000002,-3.3000000000000003,-0.7424578696266966,false,true
53,2,0.5000000000000004,-3.3000000000000003,-0.7371245993512371,false,true
54,2,0.5500000000000003,-3.3000000000000003,-0.7280201315879823,false,true
55,2,0.6000000000000001,-3.3000000000000003,-0.7280201315827636,false,true
56,2,0.6500000000000004,-3.3000000000000003,-0.7280201315806014,false,true
0,3,-2.15,-3.2500000000000004,-0.7516269149969715,false,true
1,3,-2.1,-3.2500000000000004,-0.7516703716069691,false,true
2,3,-2.05,-3.2500000000000004,-0.7516916237003736,false,true
3,3,-2.0,-3.2500000000000004,-0.7518210411071778,false,true
4,3,-1.95,-3.2500000000000004,-0.754502112342971,false,true
5,3,-1.9,-3.2500000000000004,-0.7558850892643649,false,true
6,3,-1.8499999999999999,-3.2500000000000004,-0.7557089328765869,true,false
7,3,-1.7999999999999998,-3.2500000000000004,-0.7576967477798462,true,false
8,3,-1.75,-3.2500000000000004,-0.7608904242515564,true,false
9,3,-1.7,-3.2500000000000004,-0.762214720249176,true,false
10,3,-1.65,-3.2500000000000004,-0.7647146582603455,true,false
11,3,-1.5999999999999999,-3.2500000000000004,-0.7643912136554718,true,false
12,3,-1.5499999999999998,-3.2500000000000004,-0.7643197178840637,true,false
13,3,-1.5,-3.2500000000000004,-0.7632410526275635,true,false
14,3,-1.4499999999999997,-3.2500000000000004,-0.7584095597267151,true,false
15,3,-1.4,-3.2500000000000004,-0.7544040679931641,true,false
16,3,-1.3499999999999999,-3.2500000000000004,-0.75,true,false
17,3,-1.2999999999999998,-3.2500000000000004,-0.7510958611965179,true,false
18,3,-1.25,-3.2500000000000004,-0.7415890755571872,false,true
19,3,-1.1999999999999997,-3.2500000000000004,-0.7258272171020508,true,false
20,3,-1.15,-3.2500000000000004,-0.7199999690055847,true,false
21,3,-1.0999999999999999,-3.2500000000000004,-0.7123215867175379,false,true
22,3,-1.0499999999999998,-3.2500000000000004,-0.702605334591917,false,true
23,3,-0.9999999999999998,-3.2500000000000004,-0.6998888491197727,false,true
24,3,-0.9499999999999997,-3.2500000000000004,-0.7020755708217621,false,true
25,3,-0.8999999999999999,-3.2500000000000004,-0.6976726633257853,false,true
26,3,-0.8499999999999999,-3.2500000000000004,-0.6899999976158142,false,true
27,3,-0.7999999999999998,-3.2500000000000004,-0.7086395901464859,false,true
28,3,-0.7499999999999998,-3.2500000000000004,-0.7199999690055847,false,true
29,3,-0.6999999999999997,-3.2500000000000004,-0.7199999690055847,false,true
30,3,-0.6499999999999999,-3.2500000000000004,-0.7200980325501554,false,true
31,3,-0.5999999999999999,-3.2500000000000004,-0.7201181841080695,false,true
32,3,-0.5499999999999998,-3.2500000000000004,-0.7201614948674918,false,true
33,3,-0.4999999999999998,-3.2500000000000004,-0.7202007969403805,false,true
34,3,-0.44999999999999973,-3.2500000000000004,-0.7202409928622682,false,true
35,3,-0.3999999999999999,-3.2500000000000004,-0.7313377910509768,false,true
36,3,-0.34999999999999987,-3.2500000000000004,-0.7424565628005526,false,true
37,3,-0.2999999999999998,-3.2500000000000004,-0.7424587618016721,false,true
38,3,-0.24999999999999978,-3.2500000000000004,-0.7424591288922731,false,true
39,3,-0.19999999999999973,-3.2500000000000004,-0.742459237575531,false,true
40,3,-0.1499999999999999,-3.2500000000000004,-0.7424591336085806,false,true
41,3,-0.09999999999999964,-3.2500000000000004,-0.7424590935532613,false,true
42,3,-0.04999999999999982,-3.2500000000000004,-0.742459005299799,false,true
43,3,0.0,-3.2500000000000004,-0.7424588902199,false,true
44,3,0.050000000000000266,-3.2500000000000004,-0.742458738213529,false,true
45,3,0.10000000000000009,-3.2500000000000004,-0.742458548890812,false,true
46,3,0.15000000000000036,-3.2500000000000004,-0.7424583211641071,false,true
47,3,0.20000000000000018,-3.2500000000000004,-0.7424580554581531,false,true
48,3,0.25000000000000044,-3.2500000000000004,-0.7424577530176462,false,true
49,3,0.30000000000000027,-3.2500000000000004,-0.7424574157025725,false,true
50,3,0.3500000000000001,-3.2500000000000004,-0.7424570458421655,false,true
51,3,0.40000000000000036,-3.2500000000000004,-0.7424566462277941,false,true
52,3,0.4500000000000002,-3.2500000000000004,-0.7371238489586078,false,true
53,3,0.5000000000000004,-3.2500000000000004,-0.7280201315879823,false,true
54,3,0.5500000000000003,-3.2500000000000004,-0.7280201315753831,false,true
55,3,0.6000000000000001,-3.2500000000000004,-0.7280201315701627,false,true
56,3,0.6500000000000004,-3.2500000000000004,-0.7280201315575511,false,true
0,4,-2.15,-3.2,-0.750910930705549,false,true
1,4,-2.1,-3.2,-0.7514249384046371,false,true
2,4,-2.05,-3.2,-0.7514896471080392,false,true
3,4,-2.0,-3.2,-0.7515085998484639,false,true
4,4,-1.95,-3.2,-0.7518210411071778,false,true
5,4,-1.9,-3.2,-0.7551310743940179,false,true
6,4,-1.8499999999999999,-3.2,-0.7561342120170593,true,false
7,4,-1.7999999999999998,-3.2,-0.7594592273235321,true,false
8,4,-1.75,-3.2,-0.7628071904182434,true,false
9,4,-1.7,-3.2,-0.7637024521827698,true,false
10,4,-1.65,-3.2,-0.7645313143730164,true,false
11,4,-1.5999999999999999,-3.2,-0.7660440504550934,true,false
12,4,-1.5499999999999998,-3.2,-0.7664797902107239,true,false
13,4,-1.5,-3.2,-0.7671745121479034,true,false
14,4,-1.4499999999999997,-3.2,-0.7639622092247009,true,false
15,4,-1.4,-3.2,-0.7609294056892395,true,false
16,4,-1.3499999999999999,-3.2,-0.7585536241531372,true,false
17,4,-1.2999999999999998,-3.2,-0.7548510730266571,true,false
18,4,-1.25,-3.2,-0.7477038502693176,true,false
19,4,-1.1999999999999997,-3.2,-0.7285254895687103,true,false
20,4,-1.15,-3.2,-0.7183616459369659,true,false
21,4,-1.0999999999999999,-3.2,-0.7113502323627472,true,false
22,4,-1.0499999999999998,-3.2,-0.6967963576316833,true,false
23,4,-0.9999999999999998,-3.2,-0.7020755708217621,true,false
24,4,-0.9499999999999997,-3.2,-0.7022967997376967,false,true
25,4,-0.8999999999999999,-3.2,-0.6899999976158142,false,true
26,4,-0.8499999999999999,-3.2,-0.707573573985137,false,true
27,4,-0.7999999999999998,-3.2,-0.7199999690055847,false,true
28,4,-0.7499999999999998,-3.2,-0.7199999690055847,false,true
29,4,-0.6999999999999997,-3.2,-0.7202367153448614,false,true
30,4,-0.6499999999999999,-3.2,-0.7202648978170598,false,true
31,4,-0.5999999999999999,-3.2,-0.7203436521426348,false,true
32,4,-0.5499999999999998,-3.2,-0.7204057569535062,false,true
33,4,-0.4999999999999998,-3.2,-0.7204653135074565,false,true
34,4,-0.44999999999999973,-3.2,-0.7314348581757316,false,true
35,4,-0.3999999999999999,-3.2,-0.742452140177334,false,true
36,4,-0.34999999999999987,-3.2,-0.7424579842498226,false,true
37,4,-0.2999999999999998,-3.2,-0.742458975190936,false,true
38,4,-0.24999999999999978,-3.2,-0.742459237575531,false,true
39,4,-0.19999999999999973,-3.2,-0.7424589865771094,false,true
40,4,-0.1499999999999999,-3.2,-0.7424588928842157,false,true
41,4,-0.09999999999999964,-3.2,-0.7424586912793444,false,true
42,4,-0.04999999999999982,-3.2,-0.7424584401377698,false,true
43,4,0.0,-3.2,-0.7424581220001805,false,true
44,4,0.050000000000000266,-3.2,-0.7424577421563994,false,true
45,4,0.10000000000000009,-3.2,-0.7424573030433658,false,true
46,4,0.15000000000000036,-3.2,-0.7424568096606928,false,true
47,4,0.20000000000000018,-3.2,-0.742456267443306,false,true
48,4,0.25000000000000044,-3.2,-0.7424556821733356,false,true
49,4,0.30000000000000027,-3.2,-0.7424550598538835,false,true
50,4,0.3500000000000001,-3.2,-0.7424544069529433,false,true
51,4,0.40000000000000036,-3.2,-0.7371224771295417,false,true
52,4,0.4500000000000002,-3.2,-0.7280201315879823,false,true
53,4,0.5000000000000004,-3.2,-0.7280201315575653,false,true
54,4,0.5500000000000003,-3.2,-0.7280201315449603,false,true
55,4,0.6000000000000001,-3.2,-0.7280201315145035,false,true
56,4,0.6500000000000004,-3.2,-0.7280201314661469,false,true
0,5,-2.15,-3.1500000000000004,-0.75,false,true
1,5,-2.1,-3.1500000000000004,-0.750712823703084,false,true
2,5,-2.05,-3.1500000000000004,-0.7510667411829457,false,true
3,5,-2.0,-3.1500000000000004,-0.751131449886348,false,true
4,5,-1.95,-3.1500000000000004,-0.7510667411829457,false,true
5,5,-1.9,-3.1500000000000004,-0.7518210411071777,true,false
6,5,-1.8499999999999999,-3.1500000000000004,-0.7578156590461731,true,false
7,5,-1.7999999999999998,-3.1500000000000004,-0.7610489726066589,true,false
8,5,-1.75,-3.1500000000000004,-0.7635676860809326,true,false
9,5,-1.7,-3.1500000000000004,-0.7637360692024231,true,false
10,5,-1.65,-3.1500000000000004,-0.7663305401802063,true,false
11,5,-1.5999999999999999,-3.1500000000000004,-0.7676754891872406,true,false
12,5,-1.5499999999999998,-3.1500000000000004,-0.7679151892662048,true,false
13,5,-1.5,-3.1500000000000004,-0.7674856185913086,true,false
14,5,-1.4499999999999997,-3.1500000000000004,-0.7654430866241455,true,false
15,5,-1.4,-3.1500000000000004,-0.7613352537155151,true,false
16,5,-1.3499999999999999,-3.1500000000000004,-0.7594801783561707,true,false
17,5,-1.2999999999999998,-3.1500000000000004,-0.760395735502243,true,false
18,5,-1.25,-3.1500000000000004,-0.7531826198101044,true,false
19,5,-1.1999999999999997,-3.1500000000000004,-0.7351225912570953,true,false
20,5,-1.15,-3.1500000000000004,-0.7208261489868164,true,false
21,5,-1.0999999999999999,-3.1500000000000004,-0.7199999690055847,true,false
22,5,-1.0499999999999998,-3.1500000000000004,-0.7180822491645813,true,false
23,5,-0.9999999999999998,-3.1500000000000004,-0.7199999690055847,true,false
24,5,-0.9499999999999997,-3.1500000000000004,-0.6899999976158142,true,false
25,5,-0.8999999999999999,-3.1500000000000004,-0.702426392636262,false,true
26,5,-0.8499999999999999,-3.1500000000000004,-0.7199999690055847,false,true
27,5,-0.7999999999999998,-3.1500000000000004,-0.7199999690055847,false,true
28,5,-0.7499999999999998,-3.1500000000000004,-0.7205715252287088,false,true
29,5,-0.6999999999999997,-3.1500000000000004,-0.7205696826629389,false,true
30,5,-0.6499999999999999,-3.1500000000000004,-0.7207006471704378,false,true
31,5,-0.5999999999999999,-3.1500000000000004,-0.7207811592647655,false,true
32,5,-0.5499999999999998,-3.1500000000000004,-0.7208533578337459,false,true
33,5,-0.4999999999999998,-3.1500000000000004,-0.7315969821386104,false,true
34,5,-0.44999999999999973,-3.1500000000000004,-0.7424404236817473,false,true
35,5,-0.3999999999999999,-3.1500000000000004,-0.7424558542909426,false,true
36,5,-0.34999999999999987,-3.1500000000000004,-0.7424586041230828,false,true
37,5,-0.2999999999999998,-3.1500000000000004,-0.742459237575531,false,true
38,5,-0.24999999999999978,-3.1500000000000004,-0.7424586316117375,false,true
39,5,-0.19999999999999973,-3.1500000000000004,-0.7424584156911395,false,true
40,5,-0.1499999999999999,-3.1500000000000004,-0.742457963837765,false,true
41,5,-0.09999999999999964,-3.1500000000000004,-0.7424574315544574,false,true
42,5,-0.04999999999999982,-3.1500000000000004,-0.7424567887860685,false,true
43,5,0.0,-3.1500000000000004,-0.7424560569126721,false,true
44,5,0.050000000000000266,-3.1500000000000004,-0.7424552468735947,false,true
45,5,0.10000000000000009,-3.1500000000000004,-0.7424543726821058,false,true
46,5,0.15000000000000036,-3.1500000000000004,-0.7424534469113226,false,true
47,5,0.20000000000000018,-3.1500000000000004,-0.7424524811917881,false,true
48,5,0.25000000000000044,-3.1500000000000004,-0.7424514865975117,false,true
49,5,0.30000000000000027,-3.1500000000000004,-0.7424504748619498,false,true
50,5,0.3500000000000001,-3.1500000000000004,-0.7371200814613218,false,true
51,5,0.40000000000000036,-3.1500000000000004,-0.7280201315879823,false,true
52,5,0.4500000000000002,-3.1500000000000004,-0.7280201315145488,false,true
53,5,0.5000000000000004,-3.1500000000000004,-0.7280201314841119,false,true
54,5,0.5500000000000003,-3.1500000000000004,-0.7280201314105512,false,true
55,5,0.6000000000000001,-3.1500000000000004,-0.7280201312937444,false,true
56,5,0.6500000000000004,-3.1500000000000004,-0.7250574988660811,false,true
0,6,-2.15,-3.1000000000000005,-0.7477201155716762,false,true
1,6,-2.1,-3.1000000000000005,-0.75,false,true
2,6,-2.05,-3.1000000000000005,-0.7504435703466303,false,true
3,6,-2.0,-3.1000000000000005,-0.7505333705914727,false,true
4,6,-1.95,-3.1000000000000005,-0.750533370591473,false,true
5,6,-1.9,-3.1000000000000005,-0.75,true,false
6,6,-1.8499999999999999,-3.1000000000000005,-0.7554965019226074,true,false
7,6,-1.7999999999999998,-3.1000000000000005,-0.7610215842723846,true,false
8,6,-1.75,-3.1000000000000005,-0.7617028057575226,true,false
9,6,-1.7,-3.1000000000000005,-0.763637125492096,true,false
10,6,-1.65,-3.1000000000000005,-0.7663857340812683,true,false
11,6,-1.5999999999999999,-3.1000000000000005,-0.7682318389415741,true,false
12,6,-1.5499999999999998,-3.1000000000000005,-0.7692735195159912,true,false
13,6,-1.5,-3.1000000000000005,-0.7692238986492157,true,false
14,6,-1.4499999999999997,-3.1000000000000005,-0.7674463987350464,true,false
15,6,-1.4,-3.1000000000000005,-0.7638413310050964,true,false
16,6,-1.3499999999999999,-3.1000000000000005,-0.7601125836372375,true,false
17,6,-1.2999999999999998,-3.1000000000000005,-0.7606762051582336,true,false
18,6,-1.25,-3.1000000000000005,-0.7621760964393616,true,false
19,6,-1.1999999999999997,-3.1000000000000005,-0.75,true,false
20,6,-1.15,-3.1000000000000005,-0.7246218919754028,true,false
21,6,-1.0999999999999999,-3.1000000000000005,-0.7199003398418427,true,false
22,6,-1.0499999999999998,-3.1000000000000005,-0.6909849643707275,true,false
23,6,-0.9999999999999998,-3.1000000000000005,-0.6332862377166748,true,false
24,6,-0.9499999999999997,-3.1000000000000005,-0.6722102049410978,false,true
25,6,-0.8999999999999999,-3.1000000000000005,-0.6989167734453199,false,true
26,6,-0.8499999999999999,-3.1000000000000005,-0.7199999690055847,true,false
27,6,-0.7999999999999998,-3.1000000000000005,-0.7213798277911098,false,true
28,6,-0.7499999999999998,-3.1000000000000005,-0.7211367905387915,false,true
29,6,-0.6999999999999997,-3.1000000000000005,-0.7213497907787085,false,true
30,6,-0.6499999999999999,-3.1000000000000005,-0.7214112820082045,false,true
31,6,-0.5999999999999999,-3.1000000000000005,-0.7214651677202929,false,true
32,6,-0.5499999999999998,-3.1000000000000005,-0.731837472389861,false,true
33,6,-0.4999999999999998,-3.1000000000000005,-0.742409809577799,false,true
34,6,-0.44999999999999973,-3.1000000000000005,-0.742449849061344,false,true
35,6,-0.3999999999999999,-3.1000000000000005,-0.7424577082860394,false,true
36,6,-0.34999999999999987,-3.1000000000000005,-0.742459237575531,false,true
37,6,-0.2999999999999998,-3.1000000000000005,-0.7424577746495226,false,true
38,6,-0.24999999999999978,-3.1000000000000005,-0.7424572884489098,false,true
39,6,-0.19999999999999973,-3.1000000000000005,-0.7424563020812502,false,true
40,6,-0.1499999999999999,-3.1000000000000005,-0.7424552174624265,false,true
41,6,-0.09999999999999964,-3.1000000000000005,-0.7424539772810196,false,true
42,6,-0.04999999999999982,-3.1000000000000005,-0.7424526386622913,false,true
43,6,0.0,-3.1000000000000005,-0.7424512261787596,false,true
44,6,0.050000000000000266,-3.1000000000000005,-0.7424497669143528,false,true
45,6,0.10000000000000009,-3.1000000000000005,-0.7424482815416824,false,true
46,6,0.15000000000000036,-3.1000000000000005,-0.74244678698922,false,true
47,6,0.20000000000000018,-3.1000000000000005,-0.7424452991830028,false,true
48,6,0.25000000000000044,-3.1000000000000005,-0.7424438367404105,false,true
49,6,0.30000000000000027,-3.1000000000000005,-0.7371160609566003,false,true
50,6,0.3500000000000001,-3.1000000000000005,-0.7280201315879823,false,true
51,6,0.40000000000000036,-3.1000000000000005,-0.7280201314106983,false,true
52,6,0.4500000000000002,-3.1000000000000005,-0.7280201313371977,false,true
53,6,0.5000000000000004,-3.1000000000000005,-0.7280201311595067,false,true
54,6,0.5500000000000003,-3.1000000000000005,-0.7280201308773387,false,true
55,6,0.6000000000000001,-3.1000000000000005,-0.7250574985789517,false,true
56,6,0.6500000000000004,-3.1000000000000005,-0.7199999690055847,false,true
0,7,-2.15,-3.0500000000000003,-0.745418906211853,false,true
1,7,-2.1,-3.0500000000000003,-0.7477502735790194,false,true
2,7,-2.05,-3.0500000000000003,-0.75,false,true
3,7,-2.0,-3.0500000000000003,-0.7502559972828236,false,true
4,7,-1.95,-3.0500000000000003,-0.7499999999999999,false,true
5,7,-1.9,-3.0500000000000003,-0.75,true,false
6,7,-1.8499999999999999,-3.0500000000000003,-0.7545245885848999,true,false
7,7,-1.7999999999999998,-3.0500000000000003,-0.7589217722415924,true,false
8,7,-1.75,-3.0500000000000003,-0.7614184319972992,true,false
9,7,-1.7,-3.0500000000000003,-0.7648855447769165,true,false
10,7,-1.65,-3.0500000000000003,-0.7682223618030548,true,false
11,7,-1.5999999999999999,-3.0500000000000003,-0.7693477272987366,true,false
12,7,-1.5499999999999998,-3.0500000000000003,-0.7703391313552856,true,false
13,7,-1.5,-3.0500000000000003,-0.7710753381252289,true,false
14,7,-1.4499999999999997,-3.0500000000000003,-0.7698201537132263,true,false
15,7,-1.4,-3.0500000000000003,-0.7671363353729248,true,false
16,7,-1.3499999999999999,-3.0500000000000003,-0.7620063722133636,true,false
17,7,-1.2999999999999998,-3.0500000000000003,-0.7605056762695312,true,false
18,7,-1.25,-3.0500000000000003,-0.7628261744976044,true,false
19,7,-1.1999999999999997,-3.0500000000000003,-0.7574936747550964,true,false
20,7,-1.15,-3.0500000000000003,-0.7295599579811096,true,false
21,7,-1.0999999999999999,-3.0500000000000003,-0.716391384601593,true,false
22,7,-1.0499999999999998,-3.0500000000000003,-0.6899999976158142,true,false
23,7,-0.9999999999999998,-3.0500000000000003,-0.6599999666213989,true,false
24,7,-0.9499999999999997,-3.0500000000000003,-0.6449999809265137,true,false
25,7,-0.8999999999999999,-3.0500000000000003,-0.7049999833106995,true,false
26,7,-0.8499999999999999,-3.0500000000000003,-0.7233312427997589,true,false
27,7,-0.7999999999999998,-3.0500000000000003,-0.7219299054936078,false,true
28,7,-0.7499999999999998,-3.0500000000000003,-0.7224292841567875,false,true
29,7,-0.6999999999999997,-3.0500000000000003,-0.7223398430841903,false,true
30,7,-0.6499999999999999,-3.0500000000000003,-0.7223058941750015,false,true
31,7,-0.5999999999999999,-3.0500000000000003,-0.7321258349766415,false,true
32,7,-0.5499999999999998,-3.0500000000000003,-0.7423321195604435,false,true
33,7,-0.4999999999999998,-3.0500000000000003,-0.7424324045039864,false,true
34,7,-0.44999999999999973,-3.0500000000000003,-0.7424555455440995,false,true
35,7,-0.3999999999999999,-3.0500000000000003,-0.742459237575531,false,true
36,7,-0.34999999999999987,-3.0500000000000003,-0.7424557057597209,false,true
37,7,-0.2999999999999998,-3.0500000000000003,-0.7424546517307884,false,true
38,7,-0.24999999999999978,-3.0500000000000003,-0.7424525776162413,false,true
39,7,-0.19999999999999973,-3.0500000000000003,-0.742450485351063,false,true
40,7,-0.1499999999999999,-3.0500000000000003,-0.7424482368429088,false,true
41,7,-0.09999999999999964,-3.0500000000000003,-0.7424459526773645,false,true
42,7,-0.04999999999999982,-3.0500000000000003,-0.7424436660180834,false,true
43,7,0.0,-3.0500000000000003,-0.7424414132045185,false,true
44,7,0.050000000000000266,-3.0500000000000003,-0.7424392155755948,false,true
45,7,0.10000000000000009,-3.0500000000000003,-0.7424370876799721,false,true
46,7,0.15000000000000036,-3.0500000000000003,-0.7424350473789527,false,true
47,7,0.20000000000000018,-3.0500000000000003,-0.7424331240828841,false,true
48,7,0.25000000000000044,-3.0500000000000003,-0.7371096092204289,false,true
49,7,0.30000000000000027,-3.0500000000000003,-0.7280201315879823,false,true
50,7,0.3500000000000001,-3.0500000000000003,-0.728020131159981,false,true
51,7,0.40000000000000036,-3.0500000000000003,-0.7280201309824673,false,true
52,7,0.4500000000000002,-3.0500000000000003,-0.7280201305531714,false,true
53,7,0.5000000000000004,-3.0500000000000003,-0.7280201298715194,false,true
54,7,0.5500000000000003,-3.0500000000000003,-0.725057497885408,false,true
55,7,0.6000000000000001,-3.0500000000000003,-0.7199999690055847,false,true
56,7,0.6500000000000004,-3.0500000000000003,-0.7359037399291996,false,true
0,8,-2.15,-3.0000000000000004,-0.738793532707316,false,true
1,8,-2.1,-3.0000000000000004,-0.745418906211853,false,true
2,8,-2.05,-3.0000000000000004,-0.7478657313123603,false,true
3,8,-2.0,-3.0000000000000004,-0.75,false,true
4,8,-1.95,-3.0000000000000004,-0.7507026936327739,false,true
5,8,-1.9,-3.0000000000000004,-0.75,true,false
6,8,-1.8499999999999999,-3.0000000000000004,-0.7567621469497681,true,false
7,8,-1.7999999999999998,-3.0000000000000004,-0.759751707315445,true,false
8,8,-1.75,-3.0000000000000004,-0.7626896500587463,true,false
9,8,-1.7,-3.0000000000000004,-0.7667754888534546,true,false
10,8,-1.65,-3.0000000000000004,-0.7691899836063385,true,false
11,8,-1.5999999999999999,-3.0000000000000004,-0.7702678442001343,true,false
12,8,-1.5499999999999998,-3.0000000000000004,-0.7717703580856323,true,false
13,8,-1.5,-3.0000000000000004,-0.7716654241085052,true,false
14,8,-1.4499999999999997,-3.0000000000000004,-0.7714837193489075,true,false
15,8,-1.4,-3.0000000000000004,-0.7700113654136658,true,false
16,8,-1.3499999999999999,-3.0000000000000004,-0.7679304480552673,true,false
17,8,-1.2999999999999998,-3.0000000000000004,-0.7612060308456421,true,false
18,8,-1.25,-3.0000000000000004,-0.7610711753368378,true,false
19,8,-1.1999999999999997,-3.0000000000000004,-0.7630223035812378,true,false
20,8,-1.15,-3.0000000000000004,-0.7547310590744019,true,false
21,8,-1.0999999999999999,-3.0000000000000004,-0.7390861511230469,true,false
22,8,-1.0499999999999998,-3.0000000000000004,-0.7304292917251587,true,false
23,8,-0.9999999999999998,-3.0000000000000004,-0.7333080172538757,true,false
24,8,-0.9499999999999997,-3.0000000000000004,-0.7352719306945801,true,false
25,8,-0.8999999999999999,-3.0000000000000004,-0.7294789552688599,true,false
26,8,-0.8499999999999999,-3.0000000000000004,-0.7218780517578125,true,false
27,8,-0.7999999999999998,-3.0000000000000004,-0.7241849686006937,false,true
28,8,-0.7499999999999998,-3.0000000000000004,-0.7234164068516885,false,true
29,8,-0.6999999999999997,-3.0000000000000004,-0.7232139865634922,false,true
30,8,-0.6499999999999999,-3.0000000000000004,-0.7323030069440627,false,true
31,8,-0.5999999999999999,-3.0000000000000004,-0.7421458777025286,false,true
32,8,-0.5499999999999998,-3.0000000000000004,-0.7423802291225293,false,true
33,8,-0.4999999999999998,-3.0000000000000004,-0.7424503242231766,false,true
34,8,-0.44999999999999973,-3.0000000000000004,-0.742459237575531,false,true
35,8,-0.3999999999999999,-3.0000000000000004,-0.7424507110179023,false,true
36,8,-0.34999999999999987,-3.0000000000000004,-0.7424485752640343,false,true
37,8,-0.2999999999999998,-3.0000000000000004,-0.7424444473420375,false,true
38,8,-0.24999999999999978,-3.0000000000000004,-0.7424407233434249,false,true
39,8,-0.19999999999999973,-3.0000000000000004,-0.7424369917338409,false,true
40,8,-0.1499999999999999,-3.0000000000000004,-0.742433457594411,false,true
41,8,-0.09999999999999964,-3.0000000000000004,-0.7424301209305795,false,true
42,8,-0.04999999999999982,-3.0000000000000004,-0.7424270017872485,false,true
43,8,0.0,-3.0000000000000004,-0.7424240970558007,false,true
44,8,0.050000000000000266,-3.0000000000000004,-0.7424213991467423,false,true
45,8,0.10000000000000009,-3.0000000000000004,-0.7424189277948501,false,true
46,8,0.15000000000000036,-3.0000000000000004,-0.7424167412251637,false,true
47,8,0.20000000000000018,-3.0000000000000004,-0.7370997948825692,false,true
48,8,0.25000000000000044,-3.0000000000000004,-0.7280201315879823,false,true
49,8,0.30000000000000027,-3.0000000000000004,-0.7280201305546955,false,true
50,8,0.3500000000000001,-3.0000000000000004,-0.7280201301259102,false,true
51,8,0.40000000000000036,-3.0000000000000004,-0.728020129088528,false,true
52,8,0.4500000000000002,-3.0000000000000004,-0.7280201274418401,false,true
53,8,0.5000000000000004,-3.0000000000000004,-0.7250574962101696,false,true
54,8,0.5500000000000003,-3.0000000000000004,-0.7199999690055847,false,true
55,8,0.6000000000000001,-3.0000000000000004,-0.7359037399292003,false,true
56,8,0.6500000000000004,-3.0000000000000004,-0.7518075108528137,false,true
0,9,-2.15,-2.95,-0.7320321798324584,false,true
1,9,-2.1,-2.95,-0.7389858365770261,false,true
2,9,-2.05,-2.95,-0.745418906211853,false,true
3,9,-2.0,-2.95,-0.7483077528304446,false,true
4,9,-1.95,-2.95,-0.75,true,false
5,9,-1.9,-2.95,-0.753392904996872,true,false
6,9,-1.8499999999999999,-2.95,-0.7571311593055725,true,false
7,9,-1.7999999999999998,-2.95,-0.7609935700893402,true,false
8,9,-1.75,-2.95,-0.7643755674362183,true,false
9,9,-1.7,-2.95,-0.7673752307891846,true,false
10,9,-1.65,-2.95,-0.7709858417510986,true,false
11,9,-1.5999999999999999,-2.95,-0.7719328105449677,true,false
12,9,-1.5499999999999998,-2.95,-0.7721436023712158,true,false
13,9,-1.5,-2.95,-0.7720655202865601,true,false
14,9,-1.4499999999999997,-2.95,-0.7722727060317993,true,false
15,9,-1.4,-2.95,-0.7719042301177979,true,false
16,9,-1.3499999999999999,-2.95,-0.7705736756324768,true,false
17,9,-1.2999999999999998,-2.95,-0.7641379237174988,true,false
18,9,-1.25,-2.95,-0.7614787220954895,true,false
19,9,-1.1999999999999997,-2.95,-0.7611666321754456,true,false
20,9,-1.15,-2.95,-0.7619561553001404,true,false
21,9,-1.0999999999999999,-2.95,-0.75,true,false
22,9,-1.0499999999999998,-2.95,-0.7367802858352661,true,false
23,9,-0.9999999999999998,-2.95,-0.7389826774597168,true,false
24,9,-0.9499999999999997,-2.95,-0.7417965531349182,true,false
25,9,-0.8999999999999999,-2.95,-0.7406511306762695,true,false
26,9,-0.8499999999999999,-2.95,-0.7283011674880981,true,false
27,9,-0.7999999999999998,-2.95,-0.7238159977608051,false,true
28,9,-0.7499999999999998,-2.95,-0.72371242345333,false,true
29,9,-0.6999999999999997,-2.95,-0.7318439605405749,false,true
30,9,-0.6499999999999999,-2.95,-0.7417493278686398,false,true
31,9,-0.5999999999999999,-2.95,-0.7422199179322455,false,true
32,9,-0.5499999999999998,-2.95,-0.7424377188393906,false,true
33,9,-0.4999999999999998,-2.95,-0.742459237575531,false,true
34,9,-0.44999999999999973,-2.95,-0.7424386526444633,false,true
35,9,-0.3999999999999999,-2.95,-0.7424348925404517,false,true
36,9,-0.34999999999999987,-2.95,-0.7424273511610815,false,true
37,9,-0.2999999999999998,-2.95,-0.7424215284267177,false,true
38,9,-0.24999999999999978,-2.95,-0.7424161285585572,false,true
39,9,-0.19999999999999973,-2.95,-0.7424114318098458,false,true
40,9,-0.1499999999999999,-2.95,-0.7424072862630062,false,true
41,9,-0.09999999999999964,-2.95,-0.7424036397623311,false,true
42,9,-0.04999999999999982,-2.95,-0.7424004201829092,false,true
43,9,0.0,-2.95,-0.742397569669386,false,true
44,9,0.050000000000000266,-2.95,-0.7423951449947418,false,true
45,9,0.10000000000000009,-2.95,-0.7423933024938499,false,true
46,9,0.15000000000000036,-2.95,-0.7370858277310642,false,true
47,9,0.20000000000000018,-2.95,-0.7280201315879823,false,true
48,9,0.25000000000000044,-2.95,-0.7280201290934075,false,true
49,9,0.30000000000000027,-2.95,-0.728020128057444,false,true
50,9,0.3500000000000001,-2.95,-0.7280201255499948,false,true
51,9,0.40000000000000036,-2.95,-0.7280201215724446,false,true
52,9,0.4500000000000002,-2.95,-0.7250574921638239,false,true
53,9,0.5000000000000004,-2.95,-0.7199999690055847,false,true
54,9,0.5500000000000003,-2.95,-0.7359037399292037,false,true
55,9,0.6000000000000001,-2.95,-0.7518075108528137,false,true
56,9,0.6500000000000004,-2.95,-0.7506757378578185,false,true
0,10,-2.15,-2.9000000000000004,-0.7320321798324584,false,true
1,10,-2.1,-2.9000000000000004,-0.7320321798324584,false,true
2,10,-2.05,-2.9000000000000004,-0.7397220579280177,false,true
3,10,-2.0,-2.9000000000000004,-0.745418906211853,true,false
4,10,-1.95,-2.9000000000000004,-0.75,true,false
5,10,-1.9,-2.9000000000000004,-0.7525602579116821,true,false
6,10,-1.8499999999999999,-2.9000000000000004,-0.7583144307136536,true,false
7,10,-1.7999999999999998,-2.9000000000000004,-0.7624902427196503,true,false
8,10,-1.75,-2.9000000000000004,-0.7644476294517517,true,false
9,10,-1.7,-2.9000000000000004,-0.7682446539402008,true,false
10,10,-1.65,-2.9000000000000004,-0.7726130783557892,true,false
11,10,-1.5999999999999999,-2.9000000000000004,-0.7728946805000305,true,false
12,10,-1.5499999999999998,-2.9000000000000004,-0.7728975713253021,true,false
13,10,-1.5,-2.9000000000000004,-0.7729384303092957,true,false
14,10,-1.4499999999999997,-2.9000000000000004,-0.7733374238014221,true,false
15,10,-1.4,-2.9000000000000004,-0.7730335295200348,true,false
16,10,-1.3499999999999999,-2.9000000000000004,-0.770969957113266,true,false
17,10,-1.2999999999999998,-2.9000000000000004,-0.7681535184383392,true,false
18,10,-1.25,-2.9000000000000004,-0.7629919052124023,true,false
19,10,-1.1999999999999997,-2.9000000000000004,-0.761073887348175,true,false
20,10,-1.15,-2.9000000000000004,-0.7614823281764984,true,false
21,10,-1.0999999999999999,-2.9000000000000004,-0.75,true,false
22,10,-1.0499999999999998,-2.9000000000000004,-0.7395170629024506,true,false
23,10,-0.9999999999999998,-2.9000000000000004,-0.7397679686546326,true,false
24,10,-0.9499999999999997,-2.9000000000000004,-0.7427442967891693,true,false
25,10,-0.8999999999999999,-2.9000000000000004,-0.7199999690055847,true,false
26,10,-0.8499999999999999,-2.9000000000000004,-0.7194109559059143,true,false
27,10,-0.7999999999999998,-2.9000000000000004,-0.7230934021156212,false,true
28,10,-0.7499999999999998,-2.9000000000000004,-0.7287543573880693,false,true
29,10,-0.6999999999999997,-2.9000000000000004,-0.741139040858692,false,true
30,10,-0.6499999999999999,-2.9000000000000004,-0.7417156187644592,false,true
31,10,-0.5999999999999999,-2.9000000000000004,-0.7424072867508954,false,true
32,10,-0.5499999999999998,-2.9000000000000004,-0.742459237575531,false,true
33,10,-0.4999999999999998,-2.9000000000000004,-0.7424095411557671,false,true
34,10,-0.44999999999999973,-2.9000000000000004,-0.7424052299152833,false,true
35,10,-0.3999999999999999,-2.9000000000000004,-0.7423933261832765,false,true
36,10,-0.34999999999999987,-2.9000000000000004,-0.7423862469994936,false,true
37,10,-0.2999999999999998,-2.9000000000000004,-0.7423801732082892,false,true
38,10,-0.24999999999999978,-2.9000000000000004,-0.7423754980705402,false,true
39,10,-0.19999999999999973,-2.9000000000000004,-0.7423717181036075,false,true
40,10,-0.1499999999999999,-2.9000000000000004,-0.7423686649995411,false,true
41,10,-0.09999999999999964,-2.9000000000000004,-0.7423661662623551,false,true
42,10,-0.04999999999999982,-2.9000000000000004,-0.7423641063166393,false,true
43,10,0.0,-2.9000000000000004,-0.7423627639259168,false,true
44,10,0.050000000000000266,-2.9000000000000004,-0.7423626001512076,false,true
45,10,0.10000000000000009,-2.9000000000000004,-0.7370676553136938,false,true
46,10,0.15000000000000036,-2.9000000000000004,-0.7280201315879823,false,true
47,10,0.20000000000000018,-2.9000000000000004,-0.7280201255655461,false,true
48,10,0.25000000000000044,-2.9000000000000004,-0.7280201230618322,false,true
49,10,0.30000000000000027,-2.9000000000000004,-0.728020116999226,false,true
50,10,0.3500000000000001,-2.9000000000000004,-0.7280201073938732,false,true
51,10,0.40000000000000036,-2.9000000000000004,-0.7250574823915608,false,true
52,10,0.4500000000000002,-2.9000000000000004,-0.7199999690055847,false,true
53,10,0.5000000000000004,-2.9000000000000004,-0.7359037399292163,false,true
54,10,0.5500000000000003,-2.9000000000000004,-0.7518075108528137,false,true
55,10,0.6000000000000001,-2.9000000000000004,-0.7506757378578187,false,true
56,10,0.6500000000000004,-2.9000000000000004,-0.7495439648628234,false,true
0,11,-2.15,-2.8500000000000005,-0.7302701033531959,false,true
1,11,-2.1,-2.8500000000000005,-0.7320321798324585,false,true
2,11,-2.05,-2.8500000000000005,-0.7320321798324585,true,false
3,11,-2.0,-2.8500000000000005,-0.7425406277179718,true,false
4,11,-1.95,-2.8500000000000005,-0.75,true,false
5,11,-1.9,-2.8500000000000005,-0.7544201612472534,true,false
6,11,-1.8499999999999999,-2.8500000000000005,-0.7590576708316803,true,false
7,11,-1.7999999999999998,-2.8500000000000005,-0.7626959085464478,true,false
8,11,-1.75,-2.8500000000000005,-0.766939640045166,true,false
9,11,-1.7,-2.8500000000000005,-0.7718412280082703,true,false
10,11,-1.65,-2.8500000000000005,-0.7732400894165039,true,false
11,11,-1.5999999999999999,-2.8500000000000005,-0.7738704681396484,true,false
12,11,-1.5499999999999998,-2.8500000000000005,-0.7735674381256104,true,false
13,11,-1.5,-2.8500000000000005,-0.7742213904857635,true,false
14,11,-1.4499999999999997,-2.8500000000000005,-0.7742025852203369,true,false
15,11,-1.4,-2.8500000000000005,-0.7732574939727783,true,false
16,11,-1.3499999999999999,-2.8500000000000005,-0.773001492023468,true,false
17,11,-1.2999999999999998,-2.8500000000000005,-0.7699999809265137,true,false
18,11,-1.25,-2.8500000000000005,-0.7667332589626312,true,false
19,11,-1.1999999999999997,-2.8500000000000005,-0.7641169428825378,true,false
20,11,-1.15,-2.8500000000000005,-0.7618615031242371,true,false
21,11,-1.0999999999999999,-2.8500000000000005,-0.752625435590744,true,false
22,11,-1.0499999999999998,-2.8500000000000005,-0.741795003414154,true,false
23,11,-0.9999999999999998,-2.8500000000000005,-0.7285131216049194,true,false
24,11,-0.9499999999999997,-2.8500000000000005,-0.6899999976158142,true,false
25,11,-0.8999999999999999,-2.8500000000000005,-0.6299999952316284,true,false
26,11,-0.8499999999999999,-2.8500000000000005,-0.6802703669764162,false,true
27,11,-0.7999999999999998,-2.8500000000000005,-0.712447609325937,false,true
28,11,-0.7499999999999998,-2.8500000000000005,-0.7414168928923377,false,true
29,11,-0.6999999999999997,-2.8500000000000005,-0.7400977353555812,false,true
30,11,-0.6499999999999999,-2.8500000000000005,-0.7423338171901193,false,true
31,11,-0.5999999999999999,-2.8500000000000005,-0.742459237575531,false,true
32,11,-0.5499999999999998,-2.8500000000000005,-0.7423392598049355,false,true
33,11,-0.4999999999999998,-2.8500000000000005,-0.742345125240273,false,true
34,11,-0.44999999999999973,-2.8500000000000005,-0.7423311653028424,false,true
35,11,-0.3999999999999999,-2.8500000000000005,-0.7423275899808194,false,true
36,11,-0.34999999999999987,-2.8500000000000005,-0.7423244056176006,false,true
37,11,-0.2999999999999998,-2.8500000000000005,-0.7423228560711521,false,true
38,11,-0.24999999999999978,-2.8500000000000005,-0.7423219619681563,false,true
39,11,-0.19999999999999973,-2.8500000000000005,-0.7423215804480582,false,true
40,11,-0.1499999999999999,-2.8500000000000005,-0.7423215125136865,false,true
41,11,-0.09999999999999964,-2.8500000000000005,-0.7423216596677786,false,true
42,11,-0.04999999999999982,-2.8500000000000005,-0.7423232092417588,false,true
43,11,0.0,-2.8500000000000005,-0.742327399020614,false,true
44,11,0.050000000000000266,-2.8500000000000005,-0.7370471135902098,false,true
45,11,0.10000000000000009,-2.8500000000000005,-0.7280201315879823,false,true
46,11,0.15000000000000036,-2.8500000000000005,-0.7280201170485351,false,true
47,11,0.20000000000000018,-2.8500000000000005,-0.7280201109948963,false,true
48,11,0.25000000000000044,-2.8500000000000005,-0.7280200963312244,false,true
49,11,0.30000000000000027,-2.8500000000000005,-0.7280200731462826,false,true
50,11,0.3500000000000001,-2.8500000000000005,-0.7250574587969618,false,true
51,11,0.40000000000000036,-2.8500000000000005,-0.7199999690055847,false,true
52,11,0.4500000000000002,-2.8500000000000005,-0.7359037399292647,false,true
53,11,0.5000000000000004,-2.8500000000000005,-0.7518075108528137,false,true
54,11,0.5500000000000003,-2.8500000000000005,-0.750675737857819,false,true
55,11,0.6000000000000001,-2.8500000000000005,-0.7495439648628234,false,true
56,11,0.6500000000000004,-2.8500000000000005,-0.749543964864553,false,true
0,12,-2.15,-2.8000000000000003,-0.7208448892875218,false,true
1,12,-2.1,-2.8000000000000003,-0.7260160744190215,false,true
2,12,-2.05,-2.8000000000000003,-0.7302766186787585,false,true
3,12,-2.0,-2.8000000000000003,-0.7350723743438721,true,false
4,12,-1.95,-2.8000000000000003,-0.7478623986244202,true,false
5,12,-1.9,-2.8000000000000003,-0.7525200843811035,true,false
6,12,-1.8499999999999999,-2.8000000000000003,-0.7570029199123383,true,false
7,12,-1.7999999999999998,-2.8000000000000003,-0.7634196579456329,true,false
8,12,-1.75,-2.8000000000000003,-0.7679058909416199,true,false
9,12,-1.7,-2.8000000000000003,-0.7704856395721436,true,false
10,12,-1.65,-2.8000000000000003,-0.7735184133052826,true,false
11,12,-1.5999999999999999,-2.8000000000000003,-0.7731140553951263,true,false
12,12,-1.5499999999999998,-2.8000000000000003,-0.7741507887840271,true,false
13,12,-1.5,-2.8000000000000003,-0.7747304439544678,true,false
14,12,-1.4499999999999997,-2.8000000000000003,-0.7757673859596252,true,false
15,12,-1.4,-2.8000000000000003,-0.7759623825550079,true,false
16,12,-1.3499999999999999,-2.8000000000000003,-0.7756838798522949,true,false
17,12,-1.2999999999999998,-2.8000000000000003,-0.773137092590332,true,false
18,12,-1.25,-2.8000000000000003,-0.7702810764312744,true,false
19,12,-1.1999999999999997,-2.8000000000000003,-0.7673795819282532,true,false
20,12,-1.15,-2.8000000000000003,-0.7642766237258911,true,false
21,12,-1.0999999999999999,-2.8000000000000003,-0.763099193572998,true,false
22,12,-1.0499999999999998,-2.8000000000000003,-0.75,true,false
23,12,-0.9999999999999998,-2.8000000000000003,-0.740958034992218,true,false
24,12,-0.9499999999999997,-2.8000000000000003,-0.6899999976158142,true,false
25,12,-0.8999999999999999,-2.8000000000000003,-0.6576440632343292,true,false
26,12,-0.8499999999999999,-2.8000000000000003,-0.6299999952316284,true,false
27,12,-0.7999999999999998,-2.8000000000000003,-0.75,true,false
28,12,-0.7499999999999998,-2.8000000000000003,-0.7348247766494751,true,false
29,12,-0.6999999999999997,-2.8000000000000003,-0.742156445980072,true,false
30,12,-0.6499999999999999,-2.8000000000000003,-0.742459237575531,true,false
31,12,-0.5999999999999999,-2.8000000000000003,-0.7421695856145762,false,true
32,12,-0.5499999999999998,-2.8000000000000003,-0.7422393078832183,false,true
33,12,-0.4999999999999998,-2.8000000000000003,-0.7422330471170734,false,true
34,12,-0.44999999999999973,-2.8000000000000003,-0.7422448937774607,false,true
35,12,-0.3999999999999999,-2.8000000000000003,-0.7422509816822734,false,true
36,12,-0.34999999999999987,-2.8000000000000003,-0.7422572737532077,false,true
37,12,-0.2999999999999998,-2.8000000000000003,-0.7422624862754406,false,true
38,12,-0.24999999999999978,-2.8000000000000003,-0.742267123274679,false,true
39,12,-0.19999999999999973,-2.8000000000000003,-0.7422712108500558,false,true
40,12,-0.1499999999999999,-2.8000000000000003,-0.7422748624433291,false,true
41,12,-0.09999999999999964,-2.8000000000000003,-0.742282443649701,false,true
42,12,-0.04999999999999982,-2.8000000000000003,-0.7422966169666686,false,true
43,12,0.0,-2.8000000000000003,-0.7370300923604727,false,true
44,12,0.050000000000000266,-2.8000000000000003,-0.7280201315879823,false,true
45,12,0.10000000000000009,-2.8000000000000003,-0.7280200964866519,false,true
46,12,0.15000000000000036,-2.8000000000000003,-0.7280200818406721,false,true
47,12,0.20000000000000018,-2.8000000000000003,-0.7280200463593391,false,true
48,12,0.25000000000000044,-2.8000000000000003,-0.728019990442274,false,true
49,12,0.30000000000000027,-2.8000000000000003,-0.7250574018563358,false,true
50,12,0.3500000000000001,-2.8000000000000003,-0.7199999690055847,false,true
51,12,0.40000000000000036,-2.8000000000000003,-0.73590373992945,false,true
52,12,0.4500000000000002,-2.8000000000000003,-0.7518075108528137,false,true
53,12,0.5000000000000004,-2.8000000000000003,-0.7506757378578204,false,true
54,12,0.5500000000000003,-2.8000000000000003,-0.7495439648628234,false,true
55,12,0.6000000000000001,-2.8000000000000003,-0.749543964866999,false,true
56,12,0.6500000000000004,-2.8000000000000003,-0.7508571969319503,false,true
0,13,-2.15,-2.7500000000000004,-0.7126095890998841,false,true
1,13,-2.1,-2.7500000000000004,-0.7139909118116469,false,true
2,13,-2.05,-2.7500000000000004,-0.7199999690055847,true,false
3,13,-2.0,-2.7500000000000004,-0.7232810258865356,true,false
4,13,-1.95,-2.7500000000000004,-0.7381568551063538,true,false
5,13,-1.9,-2.7500000000000004,-0.75,true,false
6,13,-1.8499999999999999,-2.7500000000000004,-0.7552187144756317,true,false
7,13,-1.7999999999999998,-2.7500000000000004,-0.7618466019630432,true,false
8,13,-1.75,-2.7500000000000004,-0.7671018242835999,true,false
9,13,-1.7,-2.7500000000000004,-0.7712157368659973,true,false
10,13,-1.65,-2.7500000000000004,-0.7748532891273499,true,false
11,13,-1.5999999999999999,-2.7500000000000004,-0.7749798893928528,true,false
12,13,-1.5499999999999998,-2.7500000000000004,-0.7753464579582214,true,false
13,13,-1.5,-2.7500000000000004,-0.7755740880966187,true,false
14,13,-1.4499999999999997,-2.7500000000000004,-0.7761569023132324,true,false
15,13,-1.4,-2.7500000000000004,-0.7767298221588135,true,false
16,13,-1.3499999999999999,-2.7500000000000004,-0.7767883539199829,true,false
17,13,-1.2999999999999998,-2.7500000000000004,-0.7767230868339539,true,false
18,13,-1.25,-2.7500000000000004,-0.7744773328304291,true,false
19,13,-1.1999999999999997,-2.7500000000000004,-0.7706880569458008,true,false
20,13,-1.15,-2.7500000000000004,-0.7674131989479065,true,false
21,13,-1.0999999999999999,-2.7500000000000004,-0.7656278014183044,true,false
22,13,-1.0499999999999998,-2.7500000000000004,-0.7626864314079285,true,false
23,13,-0.9999999999999998,-2.7500000000000004,-0.75,true,false
24,13,-0.9499999999999997,-2.7500000000000004,-0.7292371690273285,true,false
25,13,-0.8999999999999999,-2.7500000000000004,-0.7031340599060059,true,false
26,13,-0.8499999999999999,-2.7500000000000004,-0.7199999690055847,true,false
27,13,-0.7999999999999998,-2.7500000000000004,-0.7433573603630066,true,false
28,13,-0.7499999999999998,-2.7500000000000004,-0.742151141166687,true,false
29,13,-0.6999999999999997,-2.7500000000000004,-0.7424242496490479,true,false
30,13,-0.6499999999999999,-2.7500000000000004,-0.7417599558830261,true,false
31,13,-0.5999999999999999,-2.7500000000000004,-0.7421179803688184,false,true
32,13,-0.5499999999999998,-2.7500000000000004,-0.7421179803688184,false,true
33,13,-0.4999999999999998,-2.7500000000000004,-0.7421614160224375,false,true
34,13,-0.44999999999999973,-2.7500000000000004,-0.742179407659257,false,true
35,13,-0.3999999999999999,-2.7500000000000004,-0.7421958558576467,false,true
36,13,-0.34999999999999987,-2.7500000000000004,-0.7422079385529162,false,true
37,13,-0.2999999999999998,-2.7500000000000004,-0.7422179481854174,false,true
38,13,-0.24999999999999978,-2.7500000000000004,-0.7422262404364902,false,true
39,13,-0.19999999999999973,-2.7500000000000004,-0.7422333085713311,false,true
40,13,-0.1499999999999999,-2.7500000000000004,-0.742254096230586,false,true
41,13,-0.09999999999999964,-2.7500000000000004,-0.7422916183626386,false,true
42,13,-0.04999999999999982,-2.7500000000000004,-0.7370309936754378,false,true
43,13,0.0,-2.7500000000000004,-0.7280201315879823,false,true
44,13,0.050000000000000266,-2.7500000000000004,-0.7280200468458743,false,true
45,13,0.10000000000000009,-2.7500000000000004,-0.7280200113808185,false,true
46,13,0.15000000000000036,-2.7500000000000004,-0.7280199254919608,false,true
47,13,0.20000000000000018,-2.7500000000000004,-0.7280197908109799,false,true
48,13,0.25000000000000044,-2.7500000000000004,-0.725057264551805,false,true
49,13,0.30000000000000027,-2.7500000000000004,-0.7199999690055847,false,true
50,13,0.3500000000000001,-2.7500000000000004,-0.7359037399301593,false,true
51,13,0.40000000000000036,-2.7500000000000004,-0.7518075108528137,false,true
52,13,0.4500000000000002,-2.7500000000000004,-0.7506757378578254,false,true
53,13,0.5000000000000004,-2.7500000000000004,-0.7495439648628234,false,true
54,13,0.5500000000000003,-2.7500000000000004,-0.749543964872904,false,true
55,13,0.6000000000000001,-2.7500000000000004,-0.7508571969354094,false,true
56,13,0.6500000000000004,-2.7500000000000004,-0.7530990242958069,false,true
0,14,-2.15,-2.7,-0.7075688253027371,false,true
1,14,-2.1,-2.7,-0.712609589099884,true,false
2,14,-2.05,-2.7,-0.7074463069438934,true,false
3,14,-2.0,-2.7,-0.7188835144042969,true,false
4,14,-1.95,-2.7,-0.7261835336685181,true,false
5,14,-1.9,-2.7,-0.75,true,false
6,14,-1.8499999999999999,-2.7,-0.7554020583629608,true,false
7,14,-1.7999999999999998,-2.7,-0.7614870071411133,true,false
8,14,-1.75,-2.7,-0.7680808901786804,true,false
9,14,-1.7,-2.7,-0.7752752900123596,true,false
10,14,-1.65,-2.7,-0.7761974036693573,true,false
11,14,-1.5999999999999999,-2.7,-0.7764890789985657,true,false
12,14,-1.5499999999999998,-2.7,-0.7757359147071838,true,false
13,14,-1.5,-2.7,-0.7762852311134338,true,false
14,14,-1.4499999999999997,-2.7,-0.7764060497283936,true,false
15,14,-1.4,-2.7,-0.7715282440185547,true,false
16,14,-1.3499999999999999,-2.7,-0.774146556854248,true,false
17,14,-1.2999999999999998,-2.7,-0.7792293429374695,true,false
18,14,-1.25,-2.7,-0.7776163816452026,true,false
19,14,-1.1999999999999997,-2.7,-0.7744230031967163,true,false
20,14,-1.15,-2.7,-0.7685623168945312,true,false
21,14,-1.0999999999999999,-2.7,-0.7669000923633575,true,false
22,14,-1.0499999999999998,-2.7,-0.765393078327179,true,false
23,14,-0.9999999999999998,-2.7,-0.75,true,false
24,14,-0.9499999999999997,-2.7,-0.7249917387962341,true,false
25,14,-0.8999999999999999,-2.7,-0.7330140471458435,true,false
26,14,-0.8499999999999999,-2.7,-0.7404860556125641,true,false
27,14,-0.7999999999999998,-2.7,-0.7447357773780823,true,false
28,14,-0.7499999999999998,-2.7,-0.744359016418457,true,false
29,14,-0.6999999999999997,-2.7,-0.7429665625095367,true,false
30,14,-0.6499999999999999,-2.7,-0.742283046245575,true,false
31,14,-0.5999999999999999,-2.7,-0.7420663751230605,false,true
32,14,-0.5499999999999998,-2.7,-0.7421449514520955,false,true
33,14,-0.4999999999999998,-2.7,-0.7421512122182402,false,true
34,14,-0.44999999999999973,-2.7,-0.7421700792030721,false,true
35,14,-0.3999999999999999,-2.7,-0.7421819829350791,false,true
36,14,-0.34999999999999987,-2.7,-0.7421927783756648,false,true
37,14,-0.2999999999999998,-2.7,-0.7422017216114697,false,true
38,14,-0.24999999999999978,-2.7,-0.7422094897201356,false,true
39,14,-0.19999999999999973,-2.7,-0.7422663798007646,false,true
40,14,-0.1499999999999999,-2.7,-0.7423614385899862,false,true
41,14,-0.09999999999999964,-2.7,-0.7370831802947333,false,true
42,14,-0.04999999999999982,-2.7,-0.7280201315879823,false,true
43,14,0.0,-2.7,-0.728019927002436,false,true
44,14,0.050000000000000266,-2.7,-0.728019841018492,false,true
45,14,0.10000000000000009,-2.7,-0.7280196330320826,false,true
46,14,0.15000000000000036,-2.7,-0.7280193093136181,false,true
47,14,0.20000000000000018,-2.7,-0.7250569338800527,false,true
48,14,0.25000000000000044,-2.7,-0.7199999690055847,false,true
49,14,0.30000000000000027,-2.7,-0.7359037399328752,false,true
50,14,0.3500000000000001,-2.7,-0.7518075108528137,false,true
51,14,0.40000000000000036,-2.7,-0.7506757378578448,false,true
52,14,0.4500000000000002,-2.7,-0.7495439648628234,false,true
53,14,0.5000000000000004,-2.7,-0.7495439648871599,false,true
54,14,0.5500000000000003,-2.7,-0.7508571969437609,false,true
55,14,0.6000000000000001,-2.7,-0.7530990242958069,false,true
56,14,0.6500000000000004,-2.7,-0.7530990243230999,false,true
0,15,-2.15,-2.6500000000000004,-0.7054808725732395,false,true
1,15,-2.1,-2.6500000000000004,-0.7004401087760925,true,false
2,15,-2.05,-2.6500000000000004,-0.7046405673027039,true,false
3,15,-2.0,-2.6500000000000004,-0.71185302734375,true,false
4,15,-1.95,-2.6500000000000004,-0.7215923964977264,true,false
5,15,-1.9,-2.6500000000000004,-0.75,true,false
6,15,-1.8499999999999999,-2.6500000000000004,-0.7536309659481049,true,false
7,15,-1.7999999999999998,-2.6500000000000004,-0.7601822912693024,true,false
8,15,-1.75,-2.6500000000000004,-0.7670992314815521,true,false
9,15,-1.7,-2.6500000000000004,-0.7732418477535248,true,false
10,15,-1.65,-2.6500000000000004,-0.7766011357307434,true,false
11,15,-1.5999999999999999,-2.6500000000000004,-0.7770957350730896,true,false
12,15,-1.5499999999999998,-2.6500000000000004,-0.7770843505859375,true,false
13,15,-1.5,-2.6500000000000004,-0.7769152224063873,true,false
14,15,-1.4499999999999997,-2.6500000000000004,-0.7776655554771423,true,false
15,15,-1.4,-2.6500000000000004,-0.7791276574134827,true,false
16,15,-1.3499999999999999,-2.6500000000000004,-0.7799999713897705,true,false
17,15,-1.2999999999999998,-2.6500000000000004,-0.7816201448440552,true,false
18,15,-1.25,-2.6500000000000004,-0.7799999713897705,true,false
19,15,-1.1999999999999997,-2.6500000000000004,-0.77754807472229,true,false
20,15,-1.15,-2.6500000000000004,-0.7712791562080383,true,false
21,15,-1.0999999999999999,-2.6500000000000004,-0.769073486328125,true,false
22,15,-1.0499999999999998,-2.6500000000000004,-0.7674258351325989,true,false
23,15,-0.9999999999999998,-2.6500000000000004,-0.7579903602600098,true,false
24,15,-0.9499999999999997,-2.6500000000000004,-0.75,true,false
25,15,-0.8999999999999999,-2.6500000000000004,-0.7199999690055847,true,false
26,15,-0.8499999999999999,-2.6500000000000004,-0.7455878257751465,true,false
27,15,-0.7999999999999998,-2.6500000000000004,-0.744900643825531,true,false
28,15,-0.7499999999999998,-2.6500000000000004,-0.7449759840965271,true,false
29,15,-0.6999999999999997,-2.6500000000000004,-0.7438024203397909,false,true
30,15,-0.6499999999999999,-2.6500000000000004,-0.7425661679522105,false,true
31,15,-0.5999999999999999,-2.6500000000000004,-0.742283046245575,false,true
32,15,-0.5499999999999998,-2.6500000000000004,-0.7421932981280548,false,true
33,15,-0.4999999999999998,-2.6500000000000004,-0.7422054243295371,false,true
34,15,-0.44999999999999973,-2.6500000000000004,-0.7422013926301481,false,true
35,15,-0.3999999999999999,-2.6500000000000004,-0.7422049679521711,false,true
36,15,-0.34999999999999987,-2.6500000000000004,-0.7422081523153898,false,true
37,15,-0.2999999999999998,-2.6500000000000004,-0.7422120170194829,false,true
38,15,-0.24999999999999978,-2.6500000000000004,-0.7423869738886291,false,true
39,15,-0.19999999999999973,-2.6500000000000004,-0.7426240020375806,false,true
40,15,-0.1499999999999999,-2.6500000000000004,-0.7372647662895611,false,true
41,15,-0.09999999999999964,-2.6500000000000004,-0.7280201315879823,false,true
42,15,-0.04999999999999982,-2.6500000000000004,-0.7280196376747817,false,true
43,15,0.0,-2.6500000000000004,-0.7280194288493423,false,true
44,15,0.050000000000000266,-2.6500000000000004,-0.7280189250810898,false,true
45,15,0.10000000000000009,-2.6500000000000004,-0.7280181494393746,false,true
46,15,0.15000000000000036,-2.6500000000000004,-0.7250561390630719,false,true
47,15,0.20000000000000018,-2.6500000000000004,-0.7199999690055847,false,true
48,15,0.25000000000000044,-2.6500000000000004,-0.735903739943272,false,true
49,15,0.30000000000000027,-2.6500000000000004,-0.7518075108528137,false,true
50,15,0.3500000000000001,-2.6500000000000004,-0.7506757378579191,false,true
51,15,0.40000000000000036,-2.6500000000000004,-0.7495439648628234,false,true
52,15,0.4500000000000002,-2.6500000000000004,-0.7495439649215772,false,true
53,15,0.5000000000000004,-2.6500000000000004,-0.7508571969639236,false,true
54,15,0.5500000000000003,-2.6500000000000004,-0.7530990242958069,false,true
55,15,0.6000000000000001,-2.6500000000000004,-0.7530990243616981,false,true
56,15,0.6500000000000004,-2.6500000000000004,-0.7530990243890767,false,true
0,16,-2.15,-2.6000000000000005,-0.7004401087760925,false,true
1,16,-2.1,-2.6000000000000005,-0.7021799956660008,false,true
2,16,-2.05,-2.6000000000000005,-0.7055227621213377,false,true
3,16,-2.0,-2.6000000000000005,-0.7147625513233001,false,true
4,16,-1.95,-2.6000000000000005,-0.7199999690055847,true,false
5,16,-1.9,-2.6000000000000005,-0.7434870302677155,true,false
6,16,-1.8499999999999999,-2.6000000000000005,-0.7533077597618103,true,false
7,16,-1.7999999999999998,-2.6000000000000005,-0.7571052312850952,true,false
8,16,-1.75,-2.6000000000000005,-0.7641549110412598,true,false
9,16,-1.7,-2.6000000000000005,-0.770597517490387,true,false
10,16,-1.65,-2.6000000000000005,-0.7759222984313965,true,false
11,16,-1.5999999999999999,-2.6000000000000005,-0.7779046893119812,true,false
12,16,-1.5499999999999998,-2.6000000000000005,-0.7787206172943115,true,false
13,16,-1.5,-2.6000000000000005,-0.7782461047172546,true,false
14,16,-1.4499999999999997,-2.6000000000000005,-0.7794364094734192,true,false
15,16,-1.4,-2.6000000000000005,-0.7801906168460846,true,false
16,16,-1.3499999999999999,-2.6000000000000005,-0.7819016575813293,true,false
17,16,-1.2999999999999998,-2.6000000000000005,-0.7828524708747864,true,false
18,16,-1.25,-2.6000000000000005,-0.7819821834564209,true,false
19,16,-1.1999999999999997,-2.6000000000000005,-0.7799889743328094,true,false
20,16,-1.15,-2.6000000000000005,-0.7751683294773102,true,false
21,16,-1.0999999999999999,-2.6000000000000005,-0.771113932132721,true,false
22,16,-1.0499999999999998,-2.6000000000000005,-0.768965482711792,true,false
23,16,-0.9999999999999998,-2.6000000000000005,-0.7649746537208557,true,false
24,16,-0.9499999999999997,-2.6000000000000005,-0.7528563439846039,true,false
25,16,-0.8999999999999999,-2.6000000000000005,-0.75,true,false
26,16,-0.8499999999999999,-2.6000000000000005,-0.7498676776885986,true,false
27,16,-0.7999999999999998,-2.6000000000000005,-0.7464148700237274,true,false
28,16,-0.7499999999999998,-2.6000000000000005,-0.7442876100540161,true,false
29,16,-0.6999999999999997,-2.6000000000000005,-0.7445727439184099,false,true
30,16,-0.6499999999999999,-2.6000000000000005,-0.7435119290658183,false,true
31,16,-0.5999999999999999,-2.6000000000000005,-0.7424003190962657,false,true
32,16,-0.5499999999999998,-2.6000000000000005,-0.742283046245575,false,true
33,16,-0.4999999999999998,-2.6000000000000005,-0.7422458713581006,false,true
34,16,-0.44999999999999973,-2.6000000000000005,-0.7422449129701646,false,true
35,16,-0.3999999999999999,-2.6000000000000005,-0.7422388250653519,false,true
36,16,-0.34999999999999987,-2.6000000000000005,-0.7422367211802444,false,true
37,16,-0.2999999999999998,-2.6000000000000005,-0.7428196525429657,false,true
38,16,-0.24999999999999978,-2.6000000000000005,-0.7433737227779373,false,true
39,16,-0.19999999999999973,-2.6000000000000005,-0.7377579366737115,false,true
40,16,-0.1499999999999999,-2.6000000000000005,-0.7280201315879823,false,true
41,16,-0.09999999999999964,-2.6000000000000005,-0.7280189391760347,false,true
42,16,-0.04999999999999982,-2.6000000000000005,-0.7280184307869341,false,true
43,16,0.0,-2.6000000000000005,-0.7280172107238485,false,true
44,16,0.050000000000000266,-2.6000000000000005,-0.7280153609372241,false,true
45,16,0.10000000000000009,-2.6000000000000005,-0.7250542341169667,false,true
46,16,0.15000000000000036,-2.6000000000000005,-0.7199999690055847,false,true
47,16,0.20000000000000018,-2.6000000000000005,-0.735903739983076,false,true
48,16,0.25000000000000044,-2.6000000000000005,-0.7518075108528137,false,true
49,16,0.30000000000000027,-2.6000000000000005,-0.7506757378582032,false,true
50,16,0.3500000000000001,-2.6000000000000005,-0.7495439648628234,false,true
51,16,0.40000000000000036,-2.6000000000000005,-0.7495439650046677,false,true
52,16,0.4500000000000002,-2.6000000000000005,-0.7508571970126052,false,true
53,16,0.5000000000000004,-2.6000000000000005,-0.7530990242958069,false,true
54,16,0.5500000000000003,-2.6000000000000005,-0.7530990244548823,false,true
55,16,0.6000000000000001,-2.6000000000000005,-0.7530990245210655,false,true
56,16,0.6500000000000004,-2.6000000000000005,-0.7608784338424701,false,true
0,17,-2.15,-2.5500000000000003,-0.7011607935228877,false,true
1,17,-2.1,-2.5500000000000003,-0.7026494682212895,false,true
2,17,-2.05,-2.5500000000000003,-0.7109843512447305,false,true
3,17,-2.0,-2.5500000000000003,-0.7199999690055847,false,true
4,17,-1.95,-2.5500000000000003,-0.732575032652148,false,true
5,17,-1.9,-2.5500000000000003,-0.7374341487884521,true,false
6,17,-1.8499999999999999,-2.5500000000000003,-0.7521349489688873,true,false
7,17,-1.7999999999999998,-2.5500000000000003,-0.7588633000850677,true,false
8,17,-1.75,-2.5500000000000003,-0.7661799788475037,true,false
9,17,-1.7,-2.5500000000000003,-0.7729378342628479,true,false
10,17,-1.65,-2.5500000000000003,-0.7761839628219604,true,false
11,17,-1.5999999999999999,-2.5500000000000003,-0.7788213491439819,true,false
12,17,-1.5499999999999998,-2.5500000000000003,-0.7799999713897705,true,false
13,17,-1.5,-2.5500000000000003,-0.7799999713897705,true,false
14,17,-1.4499999999999997,-2.5500000000000003,-0.7807643413543701,true,false
15,17,-1.4,-2.5500000000000003,-0.7817672491073608,true,false
16,17,-1.3499999999999999,-2.5500000000000003,-0.7829751372337341,true,false
17,17,-1.2999999999999998,-2.5500000000000003,-0.7837324142456055,true,false
18,17,-1.25,-2.5500000000000003,-0.7831963002681732,true,false
19,17,-1.1999999999999997,-2.5500000000000003,-0.7799999713897705,true,false
20,17,-1.15,-2.5500000000000003,-0.7766592502593994,true,false
21,17,-1.0999999999999999,-2.5500000000000003,-0.7732982337474823,true,false
22,17,-1.0499999999999998,-2.5500000000000003,-0.7704112529754639,true,false
23,17,-0.9999999999999998,-2.5500000000000003,-0.7668004035949707,true,false
24,17,-0.9499999999999997,-2.5500000000000003,-0.7620102763175964,true,false
25,17,-0.8999999999999999,-2.5500000000000003,-0.7587399482727051,true,false
26,17,-0.8499999999999999,-2.5500000000000003,-0.75,true,false
27,17,-0.7999999999999998,-2.5500000000000003,-0.7481888819319984,false,true
28,17,-0.7499999999999998,-2.5500000000000003,-0.746127653051396,false,true
29,17,-0.6999999999999997,-2.5500000000000003,-0.7442876100540161,false,true
30,17,-0.6499999999999999,-2.5500000000000003,-0.7420514191507062,false,true
31,17,-0.5999999999999999,-2.5500000000000003,-0.7420649870326927,false,true
32,17,-0.5499999999999998,-2.5500000000000003,-0.7423316222508293,false,true
33,17,-0.4999999999999998,-2.5500000000000003,-0.742283046245575,false,true
34,17,-0.44999999999999973,-2.5500000000000003,-0.7422676479030034,false,true
35,17,-0.3999999999999999,-2.5500000000000003,-0.7422654990654649,false,true
36,17,-0.34999999999999987,-2.5500000000000003,-0.7442555422096345,false,true
37,17,-0.2999999999999998,-2.5500000000000003,-0.7453190021771956,false,true
38,17,-0.24999999999999978,-2.5500000000000003,-0.7389583146067952,false,true
39,17,-0.19999999999999973,-2.5500000000000003,-0.7280201315879823,false,true
40,17,-0.1499999999999999,-2.5500000000000003,-0.7280172528508864,false,true
41,17,-0.09999999999999964,-2.5500000000000003,-0.7280160110151248,false,true
42,17,-0.04999999999999982,-2.5500000000000003,-0.7280130583431528,false,true
43,17,0.0,-2.5500000000000003,-0.7280086770317741,false,true
44,17,0.050000000000000266,-2.5500000000000003,-0.7250496877120745,false,true
45,17,0.10000000000000009,-2.5500000000000003,-0.7199999690055847,false,true
46,17,0.15000000000000036,-2.5500000000000003,-0.7359037401354627,false,true
47,17,0.20000000000000018,-2.5500000000000003,-0.7518075108528137,false,true
48,17,0.25000000000000044,-2.5500000000000003,-0.7506757378592913,false,true
49,17,0.30000000000000027,-2.5500000000000003,-0.7495439648628234,false,true
50,17,0.3500000000000001,-2.5500000000000003,-0.7495439652052656,false,true
51,17,0.40000000000000036,-2.5500000000000003,-0.7508571971301528,false,true
52,17,0.4500000000000002,-2.5500000000000003,-0.7530990242958069,false,true
53,17,0.5000000000000004,-2.5500000000000003,-0.753099024679849,false,true
54,17,0.5500000000000003,-2.5500000000000003,-0.7530990248399213,false,true
55,17,0.6000000000000001,-2.5500000000000003,-0.7608784340681412,false,true
56,17,0.6500000000000004,-2.5500000000000003,-0.7741587162017823,false,true
0,18,-2.15,-2.5000000000000004,-0.7017774227729273,false,true
1,18,-2.1,-2.5000000000000004,-0.7091492084135584,false,true
2,18,-2.05,-2.5000000000000004,-0.7199999690055847,false,true
3,18,-2.0,-2.5000000000000004,-0.7297247765913666,false,true
4,18,-1.95,-2.5000000000000004,-0.7374341487884521,false,true
5,18,-1.9,-2.5000000000000004,-0.7459158558520863,false,true
6,18,-1.8499999999999999,-2.5000000000000004,-0.75,true,false
7,18,-1.7999999999999998,-2.5000000000000004,-0.7575977444648743,true,false
8,18,-1.75,-2.5000000000000004,-0.7655864357948303,true,false
9,18,-1.7,-2.5000000000000004,-0.7716234028339386,true,false
10,18,-1.65,-2.5000000000000004,-0.7765939235687256,true,false
11,18,-1.5999999999999999,-2.5000000000000004,-0.7799999713897705,true,false
12,18,-1.5499999999999998,-2.5000000000000004,-0.7805677056312561,true,false
13,18,-1.5,-2.5000000000000004,-0.7817260026931763,true,false
14,18,-1.4499999999999997,-2.5000000000000004,-0.7825063467025757,true,false
15,18,-1.4,-2.5000000000000004,-0.7831946909427643,true,false
16,18,-1.3499999999999999,-2.5000000000000004,-0.7842746376991272,true,false
17,18,-1.2999999999999998,-2.5000000000000004,-0.78456911444664,true,false
18,18,-1.25,-2.5000000000000004,-0.784018337726593,true,false
19,18,-1.1999999999999997,-2.5000000000000004,-0.7826249003410339,true,false
20,18,-1.15,-2.5000000000000004,-0.7793059945106506,true,false
21,18,-1.0999999999999999,-2.5000000000000004,-0.775745689868927,true,false
22,18,-1.0499999999999998,-2.5000000000000004,-0.7723314166069031,true,false
23,18,-0.9999999999999998,-2.5000000000000004,-0.7692044377326965,true,false
24,18,-0.9499999999999997,-2.5000000000000004,-0.7662417888641357,true,false
25,18,-0.8999999999999999,-2.5000000000000004,-0.7640714645385742,true,false
26,18,-0.8499999999999999,-2.5000000000000004,-0.75,true,false
27,18,-0.7999999999999998,-2.5000000000000004,-0.7484426498413086,true,false
28,18,-0.7499999999999998,-2.5000000000000004,-0.744388951560844,false,true
29,18,-0.6999999999999997,-2.5000000000000004,-0.7363676428794861,false,true
30,18,-0.6499999999999999,-2.5000000000000004,-0.7399449425171994,false,true
31,18,-0.5999999999999999,-2.5000000000000004,-0.7407469419966775,false,true
32,18,-0.5499999999999998,-2.5000000000000004,-0.7474241466340875,false,true
33,18,-0.4999999999999998,-2.5000000000000004,-0.7488959716601654,false,true
34,18,-0.44999999999999973,-2.5000000000000004,-0.742283046245575,false,true
35,18,-0.3999999999999999,-2.5000000000000004,-0.7490866053581093,false,true
36,18,-0.34999999999999987,-2.5000000000000004,-0.7499052426833124,false,true
37,18,-0.2999999999999998,-2.5000000000000004,-0.741570532815471,false,true
38,18,-0.24999999999999978,-2.5000000000000004,-0.7280201315879823,false,true
39,18,-0.19999999999999973,-2.5000000000000004,-0.7280131817018429,false,true
40,18,-0.1499999999999999,-2.5000000000000004,-0.7280101342212908,false,true
41,18,-0.09999999999999964,-2.5000000000000004,-0.7280030018015227,false,true
42,18,-0.04999999999999982,-2.5000000000000004,-0.7279927271666415,false,true
43,18,0.0,-2.5000000000000004,-0.7250389025543507,false,true
44,18,0.050000000000000266,-2.5000000000000004,-0.7199999690055847,false,true
45,18,0.10000000000000009,-2.5000000000000004,-0.735903740718864,false,true
46,18,0.15000000000000036,-2.5000000000000004,-0.7518075108528137,false,true
47,18,0.20000000000000018,-2.5000000000000004,-0.7506757378634568,false,true
48,18,0.25000000000000044,-2.5000000000000004,-0.7495439648628234,false,true
49,18,0.30000000000000027,-2.5000000000000004,-0.7495439656895522,false,true
50,18,0.3500000000000001,-2.5000000000000004,-0.7508571974140343,false,true
51,18,0.40000000000000036,-2.5000000000000004,-0.7530990242958069,false,true
52,18,0.4500000000000002,-2.5000000000000004,-0.7530990252229668,false,true
53,18,0.5000000000000004,-2.5000000000000004,-0.753099025610412,false,true
54,18,0.5500000000000003,-2.5000000000000004,-0.7608784346136621,false,true
55,18,0.6000000000000001,-2.5000000000000004,-0.7741587162017823,false,true
56,18,0.6500000000000004,-2.5000000000000004,-0.7694514095783465,false,true
0,19,-2.15,-2.45,-0.710434335020153,false,true
1,19,-2.1,-2.45,-0.7199999690055847,false,true
2,19,-2.05,-2.45,-0.7289802786636518,false,true
3,19,-2.0,-2.45,-0.7374341487884521,false,true
4,19,-1.95,-2.45,-0.7442914046312177,false,true
5,19,-1.9,-2.45,-0.75,false,true
6,19,-1.8499999999999999,-2.45,-0.7527372160858088,false,true
7,19,-1.7999999999999998,-2.45,-0.7515499591827393,true,false
8,19,-1.75,-2.45,-0.7638905048370361,true,false
9,19,-1.7,-2.45,-0.7706058025360107,true,false
10,19,-1.65,-2.45,-0.7765878438949585,true,false
11,19,-1.5999999999999999,-2.45,-0.7799999713897705,true,false
12,19,-1.5499999999999998,-2.45,-0.7819913625717163,true,false
13,19,-1.5,-2.45,-0.7837886810302734,true,false
14,19,-1.4499999999999997,-2.45,-0.7843375504016876,true,false
15,19,-1.4,-2.45,-0.7846949100494385,true,false
16,19,-1.3499999999999999,-2.45,-0.7847670912742615,true,false
17,19,-1.2999999999999998,-2.45,-0.7851151525974274,true,false
18,19,-1.25,-2.45,-0.7839220762252808,true,false
19,19,-1.1999999999999997,-2.45,-0.7823452949523926,true,false
20,19,-1.15,-2.45,-0.7799999713897705,true,false
21,19,-1.0999999999999999,-2.45,-0.7771338820457458,true,false
22,19,-1.0499999999999998,-2.45,-0.7745364308357239,true,false
23,19,-0.9999999999999998,-2.45,-0.7725468575954437,true,false
24,19,-0.9499999999999997,-2.45,-0.769723117351532,true,false
25,19,-0.8999999999999999,-2.45,-0.7672733068466187,true,false
26,19,-0.8499999999999999,-2.45,-0.7669179439544678,true,false
27,19,-0.7999999999999998,-2.45,-0.75,true,false
28,19,-0.7499999999999998,-2.45,-0.7363676428794861,true,false
29,19,-0.6999999999999997,-2.45,-0.7406613406447093,false,true
30,19,-0.6499999999999999,-2.45,-0.7405766633835429,false,true
31,19,-0.5999999999999999,-2.45,-0.7499785993251404,false,true
32,19,-0.5499999999999998,-2.45,-0.7648124098777772,false,true
33,19,-0.4999999999999998,-2.45,-0.7651676850669893,false,true
34,19,-0.44999999999999973,-2.45,-0.7655272483825684,false,true
35,19,-0.3999999999999999,-2.45,-0.758702714309127,false,true
36,19,-0.34999999999999987,-2.45,-0.7462616248792727,false,true
37,19,-0.2999999999999998,-2.45,-0.7280201315879823,false,true
38,19,-0.24999999999999978,-2.45,-0.7280033530786078,false,true
39,19,-0.19999999999999973,-2.45,-0.7279958270662714,false,true
40,19,-0.1499999999999999,-2.45,-0.7279786639873901,false,true
41,19,-0.09999999999999964,-2.45,-0.7279549127901606,false,true
42,19,-0.04999999999999982,-2.45,-0.7250135361025374,false,true
43,19,0.0,-2.45,-0.7199999690055847,false,true
44,19,0.050000000000000266,-2.45,-0.7359037429523733,false,true
45,19,0.10000000000000009,-2.45,-0.7518075108528137,false,true
46,19,0.15000000000000036,-2.45,-0.750675737879404,false,true
47,19,0.20000000000000018,-2.45,-0.7495439648628234,false,true
48,19,0.25000000000000044,-2.45,-0.749543966858723,false,true
49,19,0.30000000000000027,-2.45,-0.7508571980998513,false,true
50,19,0.3500000000000001,-2.45,-0.7530990242958069,false,true
51,19,0.40000000000000036,-2.45,-0.7530990265341689,false,true
52,19,0.4500000000000002,-2.45,-0.7530990274729471,false,true
53,19,0.5000000000000004,-2.45,-0.7608784359330656,false,true
54,19,0.5500000000000003,-2.45,-0.7741587162017823,false,true
55,19,0.6000000000000001,-2.45,-0.7694514095784117,false,true
56,19,0.6500000000000004,-2.45,-0.7647441029548645,false,true
0,20,-2.15,-2.4000000000000004,-0.7199999690055847,false,true
1,20,-2.1,-2.4000000000000004,-0.7287858129200302,false,true
2,20,-2.05,-2.4000000000000004,-0.7374341487884521,false,true
3,20,-2.0,-2.4000000000000004,-0.7438670916776371,false,true
4,20,-1.95,-2.4000000000000004,-0.75,false,true
5,20,-1.9,-2.4000000000000004,-0.7520525707722328,false,true
6,20,-1.8499999999999999,-2.4000000000000004,-0.7526493464446996,false,true
7,20,-1.7999999999999998,-2.4000000000000004,-0.753426730632782,true,false
8,20,-1.75,-2.4000000000000004,-0.7595196962356567,true,false
9,20,-1.7,-2.4000000000000004,-0.7724528312683105,true,false
10,20,-1.65,-2.4000000000000004,-0.7768922448158264,true,false
11,20,-1.5999999999999999,-2.4000000000000004,-0.7799999713897705,true,false
12,20,-1.5499999999999998,-2.4000000000000004,-0.7835420072078705,true,false
13,20,-1.5,-2.4000000000000004,-0.7849111557006836,true,false
14,20,-1.4499999999999997,-2.4000000000000004,-0.7855452001094818,true,false
15,20,-1.4,-2.4000000000000004,-0.7855444848537445,true,false
16,20,-1.3499999999999999,-2.4000000000000004,-0.7858943939208984,true,false
17,20,-1.2999999999999998,-2.4000000000000004,-0.7851617634296417,true,false
18,20,-1.25,-2.4000000000000004,-0.7849456667900085,true,false
19,20,-1.1999999999999997,-2.4000000000000004,-0.7835657596588135,true,false
20,20,-1.15,-2.4000000000000004,-0.7811367511749268,true,false
21,20,-1.0999999999999999,-2.4000000000000004,-0.7799999713897705,true,false
22,20,-1.0499999999999998,-2.4000000000000004,-0.7772993445396423,true,false
23,20,-0.9999999999999998,-2.4000000000000004,-0.775528222322464,true,false
24,20,-0.9499999999999997,-2.4000000000000004,-0.7738174796104431,true,false
25,20,-0.8999999999999999,-2.4000000000000004,-0.7708764672279358,true,false
26,20,-0.8499999999999999,-2.4000000000000004,-0.7709956169128418,true,false
27,20,-0.7999999999999998,-2.4000000000000004,-0.7622188329696655,true,false
28,20,-0.7499999999999998,-2.4000000000000004,-0.746733546257019,true,false
29,20,-0.6999999999999997,-2.4000000000000004,-0.7446659321564334,false,true
30,20,-0.6499999999999999,-2.4000000000000004,-0.7523304253890404,false,true
31,20,-0.5999999999999999,-2.4000000000000004,-0.7648124098777772,false,true
32,20,-0.5499999999999998,-2.4000000000000004,-0.7651616207405237,false,true
33,20,-0.4999999999999998,-2.4000000000000004,-0.7655272483825684,false,true
34,20,-0.44999999999999973,-2.4000000000000004,-0.765471033729141,false,true
35,20,-0.3999999999999999,-2.4000000000000004,-0.7516396542085209,false,true
36,20,-0.34999999999999987,-2.4000000000000004,-0.7280201315879823,false,true
37,20,-0.2999999999999998,-2.4000000000000004,-0.7279796246830939,false,true
38,20,-0.24999999999999978,-2.4000000000000004,-0.7279608791558441,false,true
39,20,-0.19999999999999973,-2.4000000000000004,-0.727919874014011,false,true
40,20,-0.1499999999999999,-2.4000000000000004,-0.7278661020937859,false,true
41,20,-0.09999999999999964,-2.4000000000000004,-0.7249545901842455,false,true
42,20,-0.04999999999999982,-2.4000000000000004,-0.7199999690055847,false,true
43,20,0.0,-2.4000000000000004,-0.7359037515032006,false,true
44,20,0.050000000000000266,-2.4000000000000004,-0.7518075108528137,false,true
45,20,0.10000000000000009,-2.4000000000000004,-0.7506757379404567,false,true
46,20,0.15000000000000036,-2.4000000000000004,-0.7495439648628234,false,true
47,20,0.20000000000000018,-2.4000000000000004,-0.7495439696813515,false,true
48,20,0.25000000000000044,-2.4000000000000004,-0.7508571997578111,false,true
49,20,0.30000000000000027,-2.4000000000000004,-0.7530990242958069,false,true
50,20,0.3500000000000001,-2.4000000000000004,-0.7530990296996909,false,true
51,20,0.40000000000000036,-2.4000000000000004,-0.7530990319777204,false,true
52,20,0.4500000000000002,-2.4000000000000004,-0.760878439126569,false,true
53,20,0.5000000000000004,-2.4000000000000004,-0.7741587162017823,false,true
54,20,0.5500000000000003,-2.4000000000000004,-0.7694514095786614,false,true
55,20,0.6000000000000001,-2.4000000000000004,-0.7647441029548645,false,true
56,20,0.6500000000000004,-2.4000000000000004,-0.7647441037690041,false,true
0,21,-2.15,-2.3500000000000005,-0.7287350177142484,false,true
1,21,-2.1,-2.3500000000000005,-0.7374341487884521,false,true
2,21,-2.05,-2.3500000000000005,-0.7437562594899646,false,true
3,21,-2.0,-2.3500000000000005,-0.75,false,true
4,21,-1.95,-2.3500000000000005,-0.7520441541254097,false,true
5,21,-1.9,-2.3500000000000005,-0.7531047275589038,false,true
6,21,-1.8499999999999999,-2.3500000000000005,-0.7534267306327819,false,true
7,21,-1.7999999999999998,-2.3500000000000005,-0.7611194011046661,false,true
8,21,-1.75,-2.3500000000000005,-0.7631082832813263,true,false
9,21,-1.7,-2.3500000000000005,-0.7715320587158203,true,false
10,21,-1.65,-2.3500000000000005,-0.7766039371490479,true,false
11,21,-1.5999999999999999,-2.3500000000000005,-0.7799999713897705,true,false
12,21,-1.5499999999999998,-2.3500000000000005,-0.7827044427394867,true,false
13,21,-1.5,-2.3500000000000005,-0.785487174987793,true,false
14,21,-1.4499999999999997,-2.3500000000000005,-0.7865829169750214,true,false
15,21,-1.4,-2.3500000000000005,-0.7871501743793488,true,false
16,21,-1.3499999999999999,-2.3500000000000005,-0.7874243259429932,true,false
17,21,-1.2999999999999998,-2.3500000000000005,-0.7869209349155426,true,false
18,21,-1.25,-2.3500000000000005,-0.7859335541725159,true,false
19,21,-1.1999999999999997,-2.3500000000000005,-0.7853847444057465,true,false
20,21,-1.15,-2.3500000000000005,-0.7840311229228973,true,false
21,21,-1.0999999999999999,-2.3500000000000005,-0.7823195457458496,true,false
22,21,-1.0499999999999998,-2.3500000000000005,-0.7799999713897705,true,false
23,21,-0.9999999999999998,-2.3500000000000005,-0.7797999083995819,true,false
24,21,-0.9499999999999997,-2.3500000000000005,-0.7799999713897705,true,false
25,21,-0.8999999999999999,-2.3500000000000005,-0.7751676142215729,true,false
26,21,-0.8499999999999999,-2.3500000000000005,-0.7731330394744873,true,false
27,21,-0.7999999999999998,-2.3500000000000005,-0.7670313119888306,true,false
28,21,-0.7499999999999998,-2.3500000000000005,-0.7500401735305786,true,false
29,21,-0.6999999999999997,-2.3500000000000005,-0.7571865486623393,false,true
30,21,-0.6499999999999999,-2.3500000000000005,-0.7648124098777772,false,true
31,21,-0.5999999999999999,-2.3500000000000005,-0.7651384039085897,false,true
32,21,-0.5499999999999998,-2.3500000000000005,-0.7655272483825684,false,true
33,21,-0.4999999999999998,-2.3500000000000005,-0.7653915342038602,false,true
34,21,-0.44999999999999973,-2.3500000000000005,-0.7515945847568264,false,true
35,21,-0.3999999999999999,-2.3500000000000005,-0.7280201315879823,false,true
36,21,-0.34999999999999987,-2.3500000000000005,-0.7279223392688305,false,true
37,21,-0.2999999999999998,-2.3500000000000005,-0.7278751165448357,false,true
38,21,-0.24999999999999978,-2.3500000000000005,-0.7277784049217072,false,true
39,21,-0.19999999999999973,-2.3500000000000005,-0.7276603321424431,false,true
40,21,-0.1499999999999999,-2.3500000000000005,-0.7248199092189009,false,true
41,21,-0.09999999999999964,-2.3500000000000005,-0.7199999690055847,false,true
42,21,-0.04999999999999982,-2.3500000000000005,-0.7359037842394203,false,true
43,21,0.0,-2.3500000000000005,-0.7518075108528137,false,true
44,21,0.050000000000000266,-2.3500000000000005,-0.7506757381741924,false,true
45,21,0.10000000000000009,-2.3500000000000005,-0.7495439648628234,false,true
46,21,0.15000000000000036,-2.3500000000000005,-0.7495439764957793,false,true
47,21,0.20000000000000018,-2.3500000000000005,-0.7508572037713496,false,true
48,21,0.25000000000000044,-2.3500000000000005,-0.7530990242958069,false,true
49,21,0.30000000000000027,-2.3500000000000005,-0.7530990373419368,false,true
50,21,0.3500000000000001,-2.3500000000000005,-0.7530990428812542,false,true
51,21,0.40000000000000036,-2.3500000000000005,-0.7608784468642543,false,true
52,21,0.4500000000000002,-2.3500000000000005,-0.7741587162017823,false,true
53,21,0.5000000000000004,-2.3500000000000005,-0.7694514095796171,false,true
54,21,0.5500000000000003,-2.3500000000000005,-0.7647441029548645,false,true
55,21,0.6000000000000001,-2.3500000000000005,-0.7647441049203714,false,true
56,21,0.6500000000000004,-2.3500000000000005,-0.7678077104408514,false,true
0,22,-2.15,-2.3000000000000003,-0.7374341487884521,false,true
1,22,-2.1,-2.3000000000000003,-0.7437273096930739,false,true
2,22,-2.05,-2.3000000000000003,-0.75,false,true
3,22,-2.0,-2.3000000000000003,-0.7520976579740036,false,true
4,22,-1.95,-2.3000000000000003,-0.7532933525924557,false,true
5,22,-1.9,-2.3000000000000003,-0.7534267306327819,false,true
6,22,-1.8499999999999999,-2.3000000000000003,-0.7627679096724139,false,true
7,22,-1.7999999999999998,-2.3000000000000003,-0.7676054814302457,false,true
8,22,-1.75,-2.3000000000000003,-0.7707854807376862,true,false
9,22,-1.7,-2.3000000000000003,-0.7689992189407349,true,false
10,22,-1.65,-2.3000000000000003,-0.7762100100517273,true,false
11,22,-1.5999999999999999,-2.3000000000000003,-0.7799999713897705,true,false
12,22,-1.5499999999999998,-2.3000000000000003,-0.7799999713897705,true,false
13,22,-1.5,-2.3000000000000003,-0.7844905853271484,true,false
14,22,-1.4499999999999997,-2.3000000000000003,-0.7877858877182007,true,false
15,22,-1.4,-2.3000000000000003,-0.7894028425216675,true,false
16,22,-1.3499999999999999,-2.3000000000000003,-0.7888041138648987,true,false
17,22,-1.2999999999999998,-2.3000000000000003,-0.7881306409835815,true,false
18,22,-1.25,-2.3000000000000003,-0.7875950932502747,true,false
19,22,-1.1999999999999997,-2.3000000000000003,-0.7871128618717194,true,false
20,22,-1.15,-2.3000000000000003,-0.786048024892807,true,false
21,22,-1.0999999999999999,-2.3000000000000003,-0.7852440476417542,true,false
22,22,-1.0499999999999998,-2.3000000000000003,-0.784072756767273,true,false
23,22,-0.9999999999999998,-2.3000000000000003,-0.7842219769954681,true,false
24,22,-0.9499999999999997,-2.3000000000000003,-0.782348096370697,true,false
25,22,-0.8999999999999999,-2.3000000000000003,-0.7799999713897705,true,false
26,22,-0.8499999999999999,-2.3000000000000003,-0.7750360667705536,true,false
27,22,-0.7999999999999998,-2.3000000000000003,-0.7714815437793732,true,false
28,22,-0.7499999999999998,-2.3000000000000003,-0.7669614553451538,true,false
29,22,-0.6999999999999997,-2.3000000000000003,-0.7648124098777771,true,false
30,22,-0.6499999999999999,-2.3000000000000003,-0.7650495199594627,false,true
31,22,-0.5999999999999999,-2.3000000000000003,-0.7655272483825684,false,true
32,22,-0.5499999999999998,-2.3000000000000003,-0.7651996053717245,false,true
33,22,-0.4999999999999998,-2.3000000000000003,-0.7514893995006215,false,true
34,22,-0.44999999999999973,-2.3000000000000003,-0.7280201315879823,false,true
35,22,-0.3999999999999999,-2.3000000000000003,-0.7277840400447901,false,true
36,22,-0.34999999999999987,-2.3000000000000003,-0.7276633184849637,false,true
37,22,-0.2999999999999998,-2.3000000000000003,-0.7274404142712532,false,true
38,22,-0.24999999999999978,-2.3000000000000003,-0.7271928050032601,false,true
39,22,-0.19999999999999973,-2.3000000000000003,-0.7245194046219419,false,true
40,22,-0.1499999999999999,-2.3000000000000003,-0.7199999690055847,false,true
41,22,-0.09999999999999964,-2.3000000000000003,-0.7359039095676515,false,true
42,22,-0.04999999999999982,-2.3000000000000003,-0.7518075108528137,false,true
43,22,0.0,-2.3000000000000003,-0.7506757390690328,false,true
44,22,0.050000000000000266,-2.3000000000000003,-0.7495439648628234,false,true
45,22,0.10000000000000009,-2.3000000000000003,-0.7495439929472633,false,true
46,22,0.15000000000000036,-2.3000000000000003,-0.7508572135133714,false,true
47,22,0.20000000000000018,-2.3000000000000003,-0.7530990242958069,false,true
48,22,0.25000000000000044,-2.3000000000000003,-0.753099055791951,false,true
49,22,0.30000000000000027,-2.3000000000000003,-0.7530990693004795,false,true
50,22,0.3500000000000001,-2.3000000000000003,-0.760878465639656,false,true
51,22,0.40000000000000036,-2.3000000000000003,-0.7741587162017823,false,true
52,22,0.4500000000000002,-2.3000000000000003,-0.7694514095832763,false,true
53,22,0.5000000000000004,-2.3000000000000003,-0.7647441029548645,false,true
54,22,0.5500000000000003,-2.3000000000000003,-0.7647441077000181,false,true
55,22,0.6000000000000001,-2.3000000000000003,-0.7678077120691271,false,true
56,22,0.6500000000000004,-2.3000000000000003,-0.7730376124382018,false,true
0,23,-2.15,-2.25,-0.7437197478939465,false,true
1,23,-2.1,-2.25,-0.75,false,true
2,23,-2.05,-2.25,-0.7521316230377414,false,true
3,23,-2.0,-2.25,-0.753371483639556,false,true
4,23,-1.95,-2.25,-0.7534267306327819,false,true
5,23,-1.9,-2.25,-0.7636549286001213,false,true
6,23,-1.8499999999999999,-2.25,-0.7694682818962072,false,true
7,23,-1.7999999999999998,-2.25,-0.7707854807376862,false,true
8,23,-1.75,-2.25,-0.7699863778015357,false,true
9,23,-1.7,-2.25,-0.7698853015899658,true,false
10,23,-1.65,-2.25,-0.7718768119812012,true,false
11,23,-1.5999999999999999,-2.25,-0.776189386844635,true,false
12,23,-1.5499999999999998,-2.25,-0.7800779342651367,true,false
13,23,-1.5,-2.25,-0.785971999168396,true,false
14,23,-1.4499999999999997,-2.25,-0.7887584269046783,true,false
15,23,-1.4,-2.25,-0.7901540398597717,true,false
16,23,-1.3499999999999999,-2.25,-0.789987325668335,true,false
17,23,-1.2999999999999998,-2.25,-0.7892140746116638,true,false
18,23,-1.25,-2.25,-0.7882736325263977,true,false
19,23,-1.1999999999999997,-2.25,-0.7877905368804932,true,false
20,23,-1.15,-2.25,-0.7872122526168823,true,false
21,23,-1.0999999999999999,-2.25,-0.7866678833961487,true,false
22,23,-1.0499999999999998,-2.25,-0.7871951460838318,true,false
23,23,-0.9999999999999998,-2.25,-0.7870262265205383,true,false
24,23,-0.9499999999999997,-2.25,-0.7871761322021484,true,false
25,23,-0.8999999999999999,-2.25,-0.7850821614265442,true,false
26,23,-0.8499999999999999,-2.25,-0.7799999713897705,true,false
27,23,-0.7999999999999998,-2.25,-0.7779325842857361,true,false
28,23,-0.7499999999999998,-2.25,-0.7711788415908813,true,false
29,23,-0.6999999999999997,-2.25,-0.7647092342376709,true,false
30,23,-0.6499999999999999,-2.25,-0.7655272483825684,true,false
31,23,-0.5999999999999999,-2.25,-0.7647362481821722,false,true
32,23,-0.5499999999999998,-2.25,-0.7512529485138559,false,true
33,23,-0.4999999999999998,-2.25,-0.7280201315879823,false,true
34,23,-0.44999999999999973,-2.25,-0.727450156182446,false,true
35,23,-0.3999999999999999,-2.25,-0.7271357793147679,false,true
36,23,-0.34999999999999987,-2.25,-0.726643255111536,false,true
37,23,-0.2999999999999998,-2.25,-0.7261603210767194,false,true
38,23,-0.24999999999999978,-2.25,-0.7238710923881871,false,true
39,23,-0.19999999999999973,-2.25,-0.7199999690055847,false,true
40,23,-0.1499999999999999,-2.25,-0.7359043893776511,false,true
41,23,-0.09999999999999964,-2.25,-0.7518075108528137,false,true
42,23,-0.04999999999999982,-2.25,-0.7506757424948644,false,true
43,23,0.0,-2.25,-0.7495439648628234,false,true
44,23,0.050000000000000266,-2.25,-0.7495440326646591,false,true
45,23,0.10000000000000009,-2.25,-0.7508572372861027,false,true
46,23,0.15000000000000036,-2.25,-0.7530990242958069,false,true
47,23,0.20000000000000018,-2.25,-0.7530991003342254,false,true
48,23,0.25000000000000044,-2.25,-0.7530991334090966,false,true
49,23,0.30000000000000027,-2.25,-0.7608785112906423,false,true
50,23,0.3500000000000001,-2.25,-0.7741587162017823,false,true
51,23,0.40000000000000036,-2.25,-0.7694514095972855,false,true
52,23,0.4500000000000002,-2.25,-0.7647441029548645,false,true
53,23,0.5000000000000004,-2.25,-0.7647441144106788,false,true
54,23,0.5500000000000003,-2.25,-0.7678077160001234,false,true
55,23,0.6000000000000001,-2.25,-0.7730376124382018,false,true
56,23,0.6500000000000004,-2.25,-0.7730376133352053,false,true
0,24,-2.15,-2.2,-0.75,false,true
1,24,-2.1,-2.2,-0.752148136318242,false,true
2,24,-2.05,-2.2,-0.7534038465789075,false,true
3,24,-2.0,-2.2,-0.7534267306327819,false,true
4,24,-1.95,-2.2,-0.764064631827604,false,true
5,24,-1.9,-2.2,-0.7702398791132036,false,true
6,24,-1.8499999999999999,-2.2,-0.7707854807376862,false,true
7,24,-1.7999999999999998,-2.2,-0.7702442275211816,false,true
8,24,-1.75,-2.2,-0.7698853015899658,false,true
9,24,-1.7,-2.2,-0.7720293939781618,false,true
10,24,-1.65,-2.2,-0.7723020315170288,true,false
11,24,-1.5999999999999999,-2.2,-0.7799999713897705,true,false
12,24,-1.5499999999999998,-2.2,-0.7836955785751343,true,false
13,24,-1.5,-2.2,-0.7873740196228027,true,false
14,24,-1.4499999999999997,-2.2,-0.7900100648403168,true,false
15,24,-1.4,-2.2,-0.7910293638706207,true,false
16,24,-1.3499999999999999,-2.2,-0.7911636531352997,true,false
17,24,-1.2999999999999998,-2.2,-0.789726197719574,true,false
18,24,-1.25,-2.2,-0.7882523238658905,true,false
19,24,-1.1999999999999997,-2.2,-0.7876020669937134,true,false
20,24,-1.15,-2.2,-0.7877351641654968,true,false
21,24,-1.0999999999999999,-2.2,-0.7892869710922241,true,false
22,24,-1.0499999999999998,-2.2,-0.7899107933044434,true,false
23,24,-0.9999999999999998,-2.2,-0.790004551410675,true,false
24,24,-0.9499999999999997,-2.2,-0.7905044555664062,true,false
25,24,-0.8999999999999999,-2.2,-0.7891760468482971,true,false
26,24,-0.8499999999999999,-2.2,-0.7865137457847595,true,false
27,24,-0.7999999999999998,-2.2,-0.7799999713897705,true,false
28,24,-0.7499999999999998,-2.2,-0.7799999713897705,true,false
29,24,-0.6999999999999997,-2.2,-0.774192601442337,true,false
30,24,-0.6499999999999999,-2.2,-0.763617604970932,true,false
31,24,-0.5999999999999999,-2.2,-0.750766548177372,false,true
32,24,-0.5499999999999998,-2.2,-0.7280201315879823,false,true
33,24,-0.4999999999999998,-2.2,-0.7266440892337174,false,true
34,24,-0.44999999999999973,-2.2,-0.7258068310115869,false,true
35,24,-0.3999999999999999,-2.2,-0.7248059357702746,false,true
36,24,-0.34999999999999987,-2.2,-0.7239743518067058,false,true
37,24,-0.2999999999999998,-2.2,-0.7225389074357216,false,true
38,24,-0.24999999999999978,-2.2,-0.7199999690055847,false,true
39,24,-0.19999999999999973,-2.2,-0.7359062262952686,false,true
40,24,-0.1499999999999999,-2.2,-0.7518075108528137,false,true
41,24,-0.09999999999999964,-2.2,-0.7506757556104106,false,true
42,24,-0.04999999999999982,-2.2,-0.7495439648628234,false,true
43,24,0.0,-2.2,-0.7495441285509348,false,true
44,24,0.050000000000000266,-2.2,-0.7508572959021229,false,true
45,24,0.10000000000000009,-2.2,-0.7530990242958069,false,true
46,24,0.15000000000000036,-2.2,-0.7530992078687885,false,true
47,24,0.20000000000000018,-2.2,-0.7530992892973174,false,true
48,24,0.25000000000000044,-2.2,-0.7608786225998125,false,true
49,24,0.30000000000000027,-2.2,-0.7741587162017823,false,true
50,24,0.3500000000000001,-2.2,-0.7694514096509186,false,true
51,24,0.40000000000000036,-2.2,-0.7647441029548645,false,true
52,24,0.4500000000000002,-2.2,-0.7647441306116469,false,true
53,24,0.5000000000000004,-2.2,-0.7678077254903456,false,true
54,24,0.5500000000000003,-2.2,-0.7730376124382018,false,true
55,24,0.6000000000000001,-2.2,-0.7730376146037595,false,true
56,24,0.6500000000000004,-2.2,-0.7730376154983557,false,true
0,25,-2.15,-2.1500000000000004,-0.7521554826135338,false,true
1,25,-2.1,-2.1500000000000004,-0.753417251747305,false,true
2,25,-2.05,-2.1500000000000004,-0.7534267306327819,false,true
3,25,-2.0,-2.1500000000000004,-0.7642430945837453,false,true
4,25,-1.95,-2.1500000000000004,-0.7705594851451727,false,true
5,25,-1.9,-2.1500000000000004,-0.7707854807376862,false,true
6,25,-1.8499999999999999,-2.1500000000000004,-0.7703115788671115,false,true
7,25,-1.7999999999999998,-2.1500000000000004,-0.7698853015899658,false,true
8,25,-1.75,-2.1500000000000004,-0.7728584987831845,false,true
9,25,-1.7,-2.1500000000000004,-0.7745632368433962,false,true
10,25,-1.65,-2.1500000000000004,-0.7748286128044128,true,false
11,25,-1.5999999999999999,-2.1500000000000004,-0.7791377007961273,true,false
12,25,-1.5499999999999998,-2.1500000000000004,-0.7834216356277466,true,false
13,25,-1.5,-2.1500000000000004,-0.7881730198860168,true,false
14,25,-1.4499999999999997,-2.1500000000000004,-0.7910633087158203,true,false
15,25,-1.4,-2.1500000000000004,-0.7917653322219849,true,false
16,25,-1.3499999999999999,-2.1500000000000004,-0.7913016974925995,true,false
17,25,-1.2999999999999998,-2.1500000000000004,-0.7905733585357666,true,false
18,25,-1.25,-2.1500000000000004,-0.7886745929718018,true,false
19,25,-1.1999999999999997,-2.1500000000000004,-0.7880141139030457,true,false
20,25,-1.15,-2.1500000000000004,-0.7898579239845276,true,false
21,25,-1.0999999999999999,-2.1500000000000004,-0.7911155521869659,true,false
22,25,-1.0499999999999998,-2.1500000000000004,-0.7923736572265625,true,false
23,25,-0.9999999999999998,-2.1500000000000004,-0.7929901480674744,true,false
24,25,-0.9499999999999997,-2.1500000000000004,-0.7932511270046234,true,false
25,25,-0.8999999999999999,-2.1500000000000004,-0.7929244041442871,true,false
26,25,-0.8499999999999999,-2.1500000000000004,-0.791293203830719,true,false
27,25,-0.7999999999999998,-2.1500000000000004,-0.7881846725940704,true,false
28,25,-0.7499999999999998,-2.1500000000000004,-0.784334272146225,true,false
29,25,-0.6999999999999997,-2.1500000000000004,-0.7799999713897705,true,false
30,25,-0.6499999999999999,-2.1500000000000004,-0.75,true,false
31,25,-0.5999999999999999,-2.1500000000000004,-0.7280201315879822,true,false
32,25,-0.5499999999999998,-2.1500000000000004,-0.724698071473916,false,true
33,25,-0.4999999999999998,-2.1500000000000004,-0.7224094685022466,false,true
34,25,-0.44999999999999973,-2.1500000000000004,-0.720746235733325,false,true
35,25,-0.3999999999999999,-2.1500000000000004,-0.7196368869791124,false,true
36,25,-0.34999999999999987,-2.1500000000000004,-0.7199951360243592,false,true
37,25,-0.2999999999999998,-2.1500000000000004,-0.7199999690055847,false,true
38,25,-0.24999999999999978,-2.1500000000000004,-0.7359132588005013,false,true
39,25,-0.19999999999999973,-2.1500000000000004,-0.7518075108528137,false,true
40,25,-0.1499999999999999,-2.1500000000000004,-0.7506758058223233,false,true
41,25,-0.09999999999999964,-2.1500000000000004,-0.7495439648628234,false,true
42,25,-0.04999999999999982,-2.1500000000000004,-0.749544360040882,false,true
43,25,0.0,-2.1500000000000004,-0.7508574433216334,false,true
44,25,0.050000000000000266,-2.1500000000000004,-0.7530990242958069,false,true
45,25,0.10000000000000009,-2.1500000000000004,-0.7530994674801889,false,true
46,25,0.15000000000000036,-2.1500000000000004,-0.7530996694561577,false,true
47,25,0.20000000000000018,-2.1500000000000004,-0.7608788950465194,false,true
48,25,0.25000000000000044,-2.1500000000000004,-0.7741587162017823,false,true
49,25,0.30000000000000027,-2.1500000000000004,-0.7694514098562488,false,true
50,25,0.3500000000000001,-2.1500000000000004,-0.7647441029548645,false,true
51,25,0.40000000000000036,-2.1500000000000004,-0.7647441697242439,false,true
52,25,0.4500000000000002,-2.1500000000000004,-0.7678077484015627,false,true
53,25,0.5000000000000004,-2.1500000000000004,-0.7730376124382018,false,true
54,25,0.5500000000000003,-2.1500000000000004,-0.7730376176663206,false,true
55,25,0.6000000000000001,-2.1500000000000004,-0.7730376198236596,false,true
56,25,0.6500000000000004,-2.1500000000000004,-0.7756094995653752,false,true
0,26,-2.15,-2.1000000000000005,-0.7534228043498613,false,true
1,26,-2.1,-2.1000000000000005,-0.7534267306327819,false,true
2,26,-2.05,-2.1000000000000005,-0.7643188301443334,false,true
3,26,-2.0,-2.1000000000000005,-0.7706918702982305,false,true
4,26,-1.95,-2.1000000000000005,-0.7707854807376862,false,true
5,26,-1.9,-2.1000000000000005,-0.7703291712996524,false,true
6,26,-1.8499999999999999,-2.1000000000000005,-0.7698853015899658,false,true
7,26,-1.7999999999999998,-2.1000000000000005,-0.7731738214381548,false,true
8,26,-1.75,-2.1000000000000005,-0.7752071454903675,false,true
9,26,-1.7,-2.1000000000000005,-0.7754814756974213,false,true
10,26,-1.65,-2.1000000000000005,-0.7764491438865662,true,false
11,26,-1.5999999999999999,-2.1000000000000005,-0.7786198258399963,true,false
12,26,-1.5499999999999998,-2.1000000000000005,-0.7853019833564758,true,false
13,26,-1.5,-2.1000000000000005,-0.7887405753135681,true,false
14,26,-1.4499999999999997,-2.1000000000000005,-0.7913419902324677,true,false
15,26,-1.4,-2.1000000000000005,-0.7922784686088562,true,false
16,26,-1.3499999999999999,-2.1000000000000005,-0.7920158505439758,true,false
17,26,-1.2999999999999998,-2.1000000000000005,-0.7910189926624298,true,false
18,26,-1.25,-2.1000000000000005,-0.7892613410949707,true,false
19,26,-1.1999999999999997,-2.1000000000000005,-0.7892240881919861,true,false
20,26,-1.15,-2.1000000000000005,-0.7904268503189087,true,false
21,26,-1.0999999999999999,-2.1000000000000005,-0.7925662398338318,true,false
22,26,-1.0499999999999998,-2.1000000000000005,-0.7942718267440796,true,false
23,26,-0.9999999999999998,-2.1000000000000005,-0.7950054407119751,true,false
24,26,-0.9499999999999997,-2.1000000000000005,-0.7947627902030945,true,false
25,26,-0.8999999999999999,-2.1000000000000005,-0.7957079410552979,true,false
26,26,-0.8499999999999999,-2.1000000000000005,-0.7946003675460815,true,false
27,26,-0.7999999999999998,-2.1000000000000005,-0.792002260684967,true,false
28,26,-0.7499999999999998,-2.1000000000000005,-0.7891455292701721,true,false
29,26,-0.6999999999999997,-2.1000000000000005,-0.7799999713897705,true,false
30,26,-0.6499999999999999,-2.1000000000000005,-0.75,true,false
31,26,-0.5999999999999999,-2.1000000000000005,-0.7199999690055847,true,false
32,26,-0.5499999999999998,-2.1000000000000005,-0.7135622320550891,false,true
33,26,-0.4999999999999998,-2.1000000000000005,-0.7124962158937401,false,true
34,26,-0.44999999999999973,-2.1000000000000005,-0.7118980868930289,false,true
35,26,-0.3999999999999999,-2.1000000000000005,-0.7156841420693432,false,true
36,26,-0.34999999999999987,-2.1000000000000005,-0.7199999690055847,false,true
37,26,-0.2999999999999998,-2.1000000000000005,-0.7359401822342888,false,true
38,26,-0.24999999999999978,-2.1000000000000005,-0.7518075108528137,false,true
39,26,-0.19999999999999973,-2.1000000000000005,-0.7506759980549718,false,true
40,26,-0.1499999999999999,-2.1000000000000005,-0.7495439648628234,false,true
41,26,-0.09999999999999964,-2.1000000000000005,-0.749544918907052,false,true
42,26,-0.04999999999999982,-2.1000000000000005,-0.7508578277497738,false,true
43,26,0.0,-2.1000000000000005,-0.7530990242958069,false,true
44,26,0.050000000000000266,-2.1000000000000005,-0.7531000942375526,false,true
45,26,0.10000000000000009,-2.1000000000000005,-0.7531006002536628,false,true
46,26,0.15000000000000036,-2.1000000000000005,-0.7608795653752377,false,true
47,26,0.20000000000000018,-2.1000000000000005,-0.7741587162017823,false,true
48,26,0.25000000000000044,-2.1000000000000005,-0.7694514106423406,false,true
49,26,0.30000000000000027,-2.1000000000000005,-0.7647441029548645,false,true
50,26,0.3500000000000001,-2.1000000000000005,-0.7647442641504059,false,true
51,26,0.40000000000000036,-2.1000000000000005,-0.7678078037131406,false,true
52,26,0.4500000000000002,-2.1000000000000005,-0.7730376124382018,false,true
53,26,0.5000000000000004,-2.1000000000000005,-0.773037625059997,false,true
54,26,0.5500000000000003,-2.1000000000000005,-0.7730376302600556,false,true
55,26,0.6000000000000001,-2.1000000000000005,-0.7756095069392407,false,true
56,26,0.6500000000000004,-2.1000000000000005,-0.7799999713897705,false,true
0,27,-2.15,-2.0500000000000003,-0.7534267306327819,false,true
1,27,-2.1,-2.0500000000000003,-0.7643505765047595,false,true
2,27,-2.05,-2.0500000000000003,-0.7707467060240839,false,true
3,27,-2.0,-2.0500000000000003,-0.7707854807376862,false,true
4,27,-1.95,-2.0500000000000003,-0.7703337665112021,false,true
5,27,-1.9,-2.0500000000000003,-0.7698853015899658,false,true
6,27,-1.8499999999999999,-2.0500000000000003,-0.7731847598181222,false,true
7,27,-1.7999999999999998,-2.0500000000000003,-0.7751861397929573,false,true
8,27,-1.75,-2.0500000000000003,-0.7752642590112289,false,true
9,27,-1.7,-2.0500000000000003,-0.7754630926379549,false,true
10,27,-1.65,-2.0500000000000003,-0.7747658491134644,true,false
11,27,-1.5999999999999999,-2.0500000000000003,-0.7799999713897705,true,false
12,27,-1.5499999999999998,-2.0500000000000003,-0.7847002744674683,true,false
13,27,-1.5,-2.0500000000000003,-0.7894067764282227,true,false
14,27,-1.4499999999999997,-2.0500000000000003,-0.7917740941047668,true,false
15,27,-1.4,-2.0500000000000003,-0.7928825914859772,true,false
16,27,-1.3499999999999999,-2.0500000000000003,-0.7928045392036438,true,false
17,27,-1.2999999999999998,-2.0500000000000003,-0.7915289402008057,true,false
18,27,-1.25,-2.0500000000000003,-0.790251761674881,true,false
19,27,-1.1999999999999997,-2.0500000000000003,-0.7908062636852264,true,false
20,27,-1.15,-2.0500000000000003,-0.7923883497714996,true,false
21,27,-1.0999999999999999,-2.0500000000000003,-0.7941678762435913,true,false
22,27,-1.0499999999999998,-2.0500000000000003,-0.7957160770893097,true,false
23,27,-0.9999999999999998,-2.0500000000000003,-0.7981122136116028,true,false
24,27,-0.9499999999999997,-2.0500000000000003,-0.7999197244644165,true,false
25,27,-0.8999999999999999,-2.0500000000000003,-0.7987556159496307,true,false
26,27,-0.8499999999999999,-2.0500000000000003,-0.7980022430419922,true,false
27,27,-0.7999999999999998,-2.0500000000000003,-0.7956826090812683,true,false
28,27,-0.7499999999999998,-2.0500000000000003,-0.7934340238571167,true,false
29,27,-0.6999999999999997,-2.0500000000000003,-0.7888150811195374,true,false
30,27,-0.6499999999999999,-2.0500000000000003,-0.75,true,false
31,27,-0.5999999999999999,-2.0500000000000003,-0.6899999976158142,true,false
32,27,-0.5499999999999998,-2.0500000000000003,-0.6987867858004756,false,true
33,27,-0.4999999999999998,-2.0500000000000003,-0.7005408231389569,false,true
34,27,-0.44999999999999973,-2.0500000000000003,-0.7098728379975101,false,true
35,27,-0.3999999999999999,-2.0500000000000003,-0.7199999690055847,false,true
36,27,-0.34999999999999987,-2.0500000000000003,-0.7360432566384923,false,true
37,27,-0.2999999999999998,-2.0500000000000003,-0.7518075108528137,false,true
38,27,-0.24999999999999978,-2.0500000000000003,-0.7506767340036579,false,true
39,27,-0.19999999999999973,-2.0500000000000003,-0.7495439648628234,false,true
40,27,-0.1499999999999999,-2.0500000000000003,-0.7495462681293393,false,true
41,27,-0.09999999999999964,-2.0500000000000003,-0.7508588935769173,false,true
42,27,-0.04999999999999982,-2.0500000000000003,-0.7530990242958069,false,true
43,27,0.0,-2.0500000000000003,-0.7531016073636804,false,true
44,27,0.050000000000000266,-2.0500000000000003,-0.7531028918263641,false,true
45,27,0.10000000000000009,-2.0500000000000003,-0.7608812260507483,false,true
46,27,0.15000000000000036,-2.0500000000000003,-0.7741587162017823,false,true
47,27,0.20000000000000018,-2.0500000000000003,-0.7694514136518356,false,true
48,27,0.25000000000000044,-2.0500000000000003,-0.7647441029548645,false,true
49,27,0.30000000000000027,-2.0500000000000003,-0.7647444921153268,false,true
50,27,0.3500000000000001,-2.0500000000000003,-0.767807937242304,false,true
51,27,0.40000000000000036,-2.0500000000000003,-0.7730376124382018,false,true
52,27,0.4500000000000002,-2.0500000000000003,-0.7730376429099111,false,true
53,27,0.5000000000000004,-2.0500000000000003,-0.7730376554359026,false,true
54,27,0.5500000000000003,-2.0500000000000003,-0.7756095247215596,false,true
55,27,0.6000000000000001,-2.0500000000000003,-0.7799999713897705,false,true
56,27,0.6500000000000004,-2.0500000000000003,-0.7799999719634139,false,true
0,28,-2.15,-2.0,-0.7643638040803815,false,true
1,28,-2.1,-2.0,-0.7707694197254349,false,true
2,28,-2.05,-2.0,-0.7707854807376862,false,true
3,28,-2.0,-2.0,-0.7703349667982651,false,true
4,28,-1.95,-2.0,-0.7698853015899658,false,true
5,28,-1.9,-2.0,-0.7731138313527722,false,true
6,28,-1.8499999999999999,-2.0,-0.7750340064873845,false,true
7,28,-1.7999999999999998,-2.0,-0.775031458068958,false,true
8,28,-1.75,-2.0,-0.7750546568375851,false,true
9,28,-1.7,-2.0,-0.7747658491134644,false,true
10,28,-1.65,-2.0,-0.775597482204523,false,true
11,28,-1.5999999999999999,-2.0,-0.7733160853385925,true,false
12,28,-1.5499999999999998,-2.0,-0.7836954593658447,true,false
13,28,-1.5,-2.0,-0.7887268662452698,true,false
14,28,-1.4499999999999997,-2.0,-0.7920250296592712,true,false
15,28,-1.4,-2.0,-0.7930763959884644,true,false
16,28,-1.3499999999999999,-2.0,-0.7934412360191345,true,false
17,28,-1.2999999999999998,-2.0,-0.7926765084266663,true,false
18,28,-1.25,-2.0,-0.7927823662757874,true,false
19,28,-1.1999999999999997,-2.0,-0.7931765913963318,true,false
20,28,-1.15,-2.0,-0.7932719588279724,true,false
21,28,-1.0999999999999999,-2.0,-0.795190155506134,true,false
22,28,-1.0499999999999998,-2.0,-0.7976607084274292,true,false
23,28,-0.9999999999999998,-2.0,-0.8006708025932312,true,false
24,28,-0.9499999999999997,-2.0,-0.8017430901527405,true,false
25,28,-0.8999999999999999,-2.0,-0.8019955158233643,true,false
26,28,-0.8499999999999999,-2.0,-0.8003826141357422,true,false
27,28,-0.7999999999999998,-2.0,-0.8010027408599854,true,false
28,28,-0.7499999999999998,-2.0,-0.7975828945636749,true,false
29,28,-0.6999999999999997,-2.0,-0.7936428189277649,true,false
30,28,-0.6499999999999999,-2.0,-0.7717446982860565,true,false
31,28,-0.5999999999999999,-2.0,-0.6899999976158142,true,false
32,28,-0.5499999999999998,-2.0,-0.6899999976158142,false,true
33,28,-0.4999999999999998,-2.0,-0.7061249960589651,false,true
34,28,-0.44999999999999973,-2.0,-0.7199999690055847,false,true
35,28,-0.3999999999999999,-2.0,-0.7364378694834124,false,true
36,28,-0.34999999999999987,-2.0,-0.7518075108528137,false,true
37,28,-0.2999999999999998,-2.0,-0.7506795515295699,false,true
38,28,-0.24999999999999978,-2.0,-0.7495439648628234,false,true
39,28,-0.19999999999999973,-2.0,-0.7495495254400837,false,true
40,28,-0.1499999999999999,-2.0,-0.7508621317571497,false,true
41,28,-0.09999999999999964,-2.0,-0.7530990242958069,false,true
42,28,-0.04999999999999982,-2.0,-0.7531052603732994,false,true
43,28,0.0,-2.0,-0.7531085758614694,false,true
44,28,0.050000000000000266,-2.0,-0.7608853769708714,false,true
45,28,0.10000000000000009,-2.0,-0.7741587162017823,false,true
46,28,0.15000000000000036,-2.0,-0.7694514251734681,false,true
47,28,0.20000000000000018,-2.0,-0.7647441029548645,false,true
48,28,0.25000000000000044,-2.0,-0.7647450424713307,false,true
49,28,0.30000000000000027,-2.0,-0.7678082595870551,false,true
50,28,0.3500000000000001,-2.0,-0.7730376124382018,false,true
51,28,0.40000000000000036,-2.0,-0.7730376860034156,false,true
52,28,0.4500000000000002,-2.0,-0.7730377161480304,false,true
53,28,0.5000000000000004,-2.0,-0.7756095675844895,false,true
54,28,0.5500000000000003,-2.0,-0.7799999713897705,false,true
55,28,0.6000000000000001,-2.0,-0.7799999727746678,false,true
56,28,0.6500000000000004,-2.0,-0.7799999722010609,false,true
0,29,-2.15,-1.9500000000000002,-0.7707788280485862,false,true
1,29,-2.1,-1.9500000000000002,-0.7707854807376862,false,true
2,29,-2.05,-1.9500000000000002,-0.7703352803178971,false,true
3,29,-2.0,-1.9500000000000002,-0.7698853015899658,false,true
4,29,-1.95,-1.9500000000000002,-0.7730489063363024,false,true
5,29,-1.9,-1.9500000000000002,-0.7749116526119063,false,true
6,29,-1.8499999999999999,-1.9500000000000002,-0.7748931957470074,false,true
7,29,-1.7999999999999998,-1.9500000000000002,-0.7748854771897133,false,true
8,29,-1.75,-1.9500000000000002,-0.7747658491134644,false,true
9,29,-1.7,-1.9500000000000002,-0.7744475349698504,false,true
10,29,-1.65,-1.9500000000000002,-0.7733160853385924,false,true
11,29,-1.5999999999999999,-1.9500000000000002,-0.7811101025403178,false,true
12,29,-1.5499999999999998,-1.9500000000000002,-0.7870759963989258,true,false
13,29,-1.5,-1.9500000000000002,-0.7895101308822632,true,false
14,29,-1.4499999999999997,-1.9500000000000002,-0.7921311259269714,true,false
15,29,-1.4,-1.9500000000000002,-0.7929620146751404,true,false
16,29,-1.3499999999999999,-1.9500000000000002,-0.7941454946994781,true,false
17,29,-1.2999999999999998,-1.9500000000000002,-0.794834315776825,true,false
18,29,-1.25,-1.9500000000000002,-0.7947909235954285,true,false
19,29,-1.1999999999999997,-1.9500000000000002,-0.7945717573165894,true,false
20,29,-1.15,-1.9500000000000002,-0.7952725887298584,true,false
21,29,-1.0999999999999999,-1.9500000000000002,-0.7970514297485352,true,false
22,29,-1.0499999999999998,-1.9500000000000002,-0.8004262447357178,true,false
23,29,-0.9999999999999998,-1.9500000000000002,-0.8023682236671448,true,false
24,29,-0.9499999999999997,-1.9500000000000002,-0.8041352033615112,true,false
25,29,-0.8999999999999999,-1.9500000000000002,-0.8044448494911194,true,false
26,29,-0.8499999999999999,-1.9500000000000002,-0.8052260279655457,true,false
27,29,-0.7999999999999998,-1.9500000000000002,-0.8040481805801392,true,false
28,29,-0.7499999999999998,-1.9500000000000002,-0.8013154864311218,true,false
29,29,-0.6999999999999997,-1.9500000000000002,-0.797505795955658,true,false
30,29,-0.6499999999999999,-1.9500000000000002,-0.7799999713897705,true,false
31,29,-0.5999999999999999,-1.9500000000000002,-0.6899999976158142,true,false
32,29,-0.5499999999999998,-1.9500000000000002,-0.7166452228903343,false,true
33,29,-0.4999999999999998,-1.9500000000000002,-0.7199999690055847,false,true
34,29,-0.44999999999999973,-1.9500000000000002,-0.7379486160026776,false,true
35,29,-0.3999999999999999,-1.9500000000000002,-0.7518075108528137,false,true
36,29,-0.34999999999999987,-1.9500000000000002,-0.7506903382221961,false,true
37,29,-0.2999999999999998,-1.9500000000000002,-0.7495439648628234,false,true
38,29,-0.24999999999999978,-1.9500000000000002,-0.7495573892838598,false,true
39,29,-0.19999999999999973,-1.9500000000000002,-0.7508731605413873,false,true
40,29,-0.1499999999999999,-1.9500000000000002,-0.7530990242958069,false,true
41,29,-0.09999999999999964,-1.9500000000000002,-0.7531140795186653,false,true
42,29,-0.04999999999999982,-1.9500000000000002,-0.7531228162354673,false,true
43,29,0.0,-1.9500000000000002,-0.7608958678205245,false,true
44,29,0.050000000000000266,-1.9500000000000002,-0.7741587162017823,false,true
45,29,0.10000000000000009,-1.9500000000000002,-0.7694514692831981,false,true
46,29,0.15000000000000036,-1.9500000000000002,-0.7647441029548645,false,true
47,29,0.20000000000000018,-1.9500000000000002,-0.7647463711482592,false,true
48,29,0.25000000000000044,-1.9500000000000002,-0.7678090376842702,false,true
49,29,0.30000000000000027,-1.9500000000000002,-0.7730376124382018,false,true
50,29,0.3500000000000001,-1.9500000000000002,-0.7730377900403385,false,true
51,29,0.40000000000000036,-1.9500000000000002,-0.7730378624887821,false,true
52,29,0.4500000000000002,-1.9500000000000002,-0.7756096708351939,false,true
53,29,0.5000000000000004,-1.9500000000000002,-0.7799999713897705,false,true
54,29,0.5500000000000003,-1.9500000000000002,-0.779999974733208,false,true
55,29,0.6000000000000001,-1.9500000000000002,-0.7799999733484859,false,true
56,29,0.6500000000000004,-1.9500000000000002,-0.7799999713897705,false,true
0,30,-2.15,-1.9000000000000004,-0.7707854807376862,false,true
1,30,-2.1,-1.9000000000000004,-0.7703353622104399,false,true
2,30,-2.05,-1.9000000000000004,-0.7698853015899658,false,true
3,30,-2.0,-1.9000000000000004,-0.773007331655001,false,true
4,30,-1.95,-1.9000000000000004,-0.7748385170260799,false,true
5,30,-1.9,-1.9000000000000004,-0.7748236730118709,false,true
6,30,-1.8499999999999999,-1.9000000000000004,-0.7748154006850874,false,true
7,30,-1.7999999999999998,-1.9000000000000004,-0.7747658491134644,false,true
8,30,-1.75,-1.9000000000000004,-0.77414716429615,false,true
9,30,-1.7,-1.9000000000000004,-0.7733160853385924,false,true
10,30,-1.65,-1.9000000000000004,-0.7833953776564158,false,true
11,30,-1.5999999999999999,-1.9000000000000004,-0.7893177270889283,false,true
12,30,-1.5499999999999998,-1.9000000000000004,-0.7896779809467431,false,true
13,30,-1.5,-1.9000000000000004,-0.7905953824520111,true,false
14,30,-1.4499999999999997,-1.9000000000000004,-0.7918503880500793,true,false
15,30,-1.4,-1.9000000000000004,-0.7926903367042542,true,false
16,30,-1.3499999999999999,-1.9000000000000004,-0.7934097945690155,true,false
17,30,-1.2999999999999998,-1.9000000000000004,-0.795290470123291,true,false
18,30,-1.25,-1.9000000000000004,-0.7962064146995544,true,false
19,30,-1.1999999999999997,-1.9000000000000004,-0.7968586087226868,true,false
20,30,-1.15,-1.9000000000000004,-0.79682457447052,true,false
21,30,-1.0999999999999999,-1.9000000000000004,-0.7999715507030487,true,false
22,30,-1.0499999999999998,-1.9000000000000004,-0.8017617464065552,true,false
23,30,-0.9999999999999998,-1.9000000000000004,-0.8044399321079254,true,false
24,30,-0.9499999999999997,-1.9000000000000004,-0.8070334792137146,true,false
25,30,-0.8999999999999999,-1.9000000000000004,-0.8078275620937347,true,false
26,30,-0.8499999999999999,-1.9000000000000004,-0.80772465467453,true,false
27,30,-0.7999999999999998,-1.9000000000000004,-0.8065584301948547,true,false
28,30,-0.7499999999999998,-1.9000000000000004,-0.8041207790374756,true,false
29,30,-0.6999999999999997,-1.9000000000000004,-0.8024941682815552,true,false
30,30,-0.6499999999999999,-1.9000000000000004,-0.7935064136981964,true,false
31,30,-0.5999999999999999,-1.9000000000000004,-0.7762281596660614,true,false
32,30,-0.5499999999999998,-1.9000000000000004,-0.7199999690055847,true,false
33,30,-0.4999999999999998,-1.9000000000000004,-0.743732398955648,false,true
34,30,-0.44999999999999973,-1.9000000000000004,-0.7518075108528137,false,true
35,30,-0.3999999999999999,-1.9000000000000004,-0.7507316342888325,false,true
36,30,-0.34999999999999987,-1.9000000000000004,-0.7495439648628234,false,true
37,30,-0.2999999999999998,-1.9000000000000004,-0.7495763742821563,false,true
38,30,-0.24999999999999978,-1.9000000000000004,-0.7509152910678325,false,true
39,30,-0.19999999999999973,-1.9000000000000004,-0.7530990242958069,false,true
40,30,-0.1499999999999999,-1.9000000000000004,-0.7531353708190162,false,true
41,30,-0.09999999999999964,-1.9000000000000004,-0.7531589637585199,false,true
42,30,-0.04999999999999982,-1.9000000000000004,-0.7609227301838909,false,true
43,30,0.0,-1.9000000000000004,-0.7741587162017823,false,true
44,30,0.050000000000000266,-1.9000000000000004,-0.7694516381540849,false,true
45,30,0.10000000000000009,-1.9000000000000004,-0.7647441029548645,false,true
46,30,0.15000000000000036,-1.9000000000000004,-0.7647495788581198,false,true
47,30,0.20000000000000018,-1.9000000000000004,-0.7678109156370375,false,true
48,30,0.25000000000000044,-1.9000000000000004,-0.7730376124382018,false,true
49,30,0.30000000000000027,-1.9000000000000004,-0.7730380412076886,false,true
50,30,0.3500000000000001,-1.9000000000000004,-0.7730382149969339,false,true
51,30,0.40000000000000036,-1.9000000000000004,-0.7756099193231158,false,true
52,30,0.4500000000000002,-1.9000000000000004,-0.7799999713897705,false,true
53,30,0.5000000000000004,-1.9000000000000004,-0.7799999794615426,false,true
54,30,0.5500000000000003,-1.9000000000000004,-0.7799999761189503,false,true
55,30,0.6000000000000001,-1.9000000000000004,-0.7799999713897705,false,true
56,30,0.6500000000000004,-1.9000000000000004,-0.7799999713897705,false,true
0,31,-2.15,-1.8500000000000003,-0.7703353836010893,false,true
1,31,-2.1,-1.8500000000000003,-0.7698853015899658,false,true
2,31,-2.05,-1.8500000000000003,-0.7729844907409018,false,true
3,31,-2.0,-1.8500000000000003,-0.7748001598812086,false,true
4,31,-1.95,-1.8500000000000003,-0.7747912870468097,false,true
5,31,-1.9,-1.8500000000000003,-0.7747863740464676,false,true
6,31,-1.8499999999999999,-1.8500000000000003,-0.7747658491134644,false,true
7,31,-1.7999999999999998,-1.8500000000000003,-0.7740687063122539,false,true
8,31,-1.75,-1.8500000000000003,-0.7733160853385924,false,true
9,31,-1.7,-1.8500000000000003,-0.78433295125733,false,true
10,31,-1.65,-1.8500000000000003,-0.790902870061423,false,true
11,31,-1.5999999999999999,-1.8500000000000003,-0.7915594577789307,false,true
12,31,-1.5499999999999998,-1.8500000000000003,-0.7915594577789307,true,false
13,31,-1.5,-1.8500000000000003,-0.78956738114357,true,false
14,31,-1.4499999999999997,-1.8500000000000003,-0.7929574251174927,true,false
15,31,-1.4,-1.8500000000000003,-0.7943925857543945,true,false
16,31,-1.3499999999999999,-1.8500000000000003,-0.7944558262825012,true,false
17,31,-1.2999999999999998,-1.8500000000000003,-0.7964324355125427,true,false
18,31,-1.25,-1.8500000000000003,-0.7973383665084839,true,false
19,31,-1.1999999999999997,-1.8500000000000003,-0.7983542680740356,true,false
20,31,-1.15,-1.8500000000000003,-0.8010339736938477,true,false
21,31,-1.0999999999999999,-1.8500000000000003,-0.8021795451641083,true,false
22,31,-1.0499999999999998,-1.8500000000000003,-0.8031932711601257,true,false
23,31,-0.9999999999999998,-1.8500000000000003,-0.8057064414024353,true,false
24,31,-0.9499999999999997,-1.8500000000000003,-0.8098669052124023,true,false
25,31,-0.8999999999999999,-1.8500000000000003,-0.8100000023841858,true,false
26,31,-0.8499999999999999,-1.8500000000000003,-0.8100000023841858,true,false
27,31,-0.7999999999999998,-1.8500000000000003,-0.8093923926353455,true,false
28,31,-0.7499999999999998,-1.8500000000000003,-0.8086914718151093,true,false
29,31,-0.6999999999999997,-1.8500000000000003,-0.806029736995697,true,false
30,31,-0.6499999999999999,-1.8500000000000003,-0.7968943417072296,true,false
31,31,-0.5999999999999999,-1.8500000000000003,-0.78496053814888,true,false
32,31,-0.5499999999999998,-1.8500000000000003,-0.7658751904964447,true,false
33,31,-0.4999999999999998,-1.8500000000000003,-0.7518075108528137,true,false
34,31,-0.44999999999999973,-1.8500000000000003,-0.7508897332704888,false,true
35,31,-0.3999999999999999,-1.8500000000000003,-0.7495439648628234,false,true
36,31,-0.34999999999999987,-1.8500000000000003,-0.7496222081225257,false,true
37,31,-0.2999999999999998,-1.8500000000000003,-0.7510918664024279,false,true
38,31,-0.24999999999999978,-1.8500000000000003,-0.7530990242958069,false,true
39,31,-0.19999999999999973,-1.8500000000000003,-0.7531867725650838,false,true
40,31,-0.1499999999999999,-1.8500000000000003,-0.7532522686762549,false,true
41,31,-0.09999999999999964,-1.8500000000000003,-0.7609924936850906,false,true
42,31,-0.04999999999999982,-1.8500000000000003,-0.7741587162017823,false,true
43,31,0.0,-1.8500000000000003,-0.7694522846639689,false,true
44,31,0.050000000000000266,-1.8500000000000003,-0.7647441029548645,false,true
45,31,0.10000000000000009,-1.8500000000000003,-0.7647573229547698,false,true
46,31,0.15000000000000036,-1.8500000000000003,-0.7678154468083291,false,true
47,31,0.20000000000000018,-1.8500000000000003,-0.7730376124382018,false,true
48,31,0.25000000000000044,-1.8500000000000003,-0.7730386475793116,false,true
49,31,0.30000000000000027,-1.8500000000000003,-0.7730390633307734,false,true
50,31,0.3500000000000001,-1.8500000000000003,-0.7756105165702065,false,true
51,31,0.40000000000000036,-1.8500000000000003,-0.7799999713897705,false,true
52,31,0.4500000000000002,-1.8500000000000003,-0.7799999908767522,false,true
53,31,0.5000000000000004,-1.8500000000000003,-0.7799999828090611,false,true
54,31,0.5500000000000003,-1.8500000000000003,-0.7799999713897705,false,true
55,31,0.6000000000000001,-1.8500000000000003,-0.7799999713897705,false,true
56,31,0.6500000000000004,-1.8500000000000003,-0.7804345595216214,false,true
0,32,-2.15,-1.8000000000000003,-0.7698853015899658,false,true
1,32,-2.1,-1.8000000000000003,-0.7729729827492484,false,true
2,32,-2.05,-1.8000000000000003,-0.7747814747354053,false,true
3,32,-2.0,-1.8000000000000003,-0.7747768212334116,false,true
4,32,-1.95,-1.8000000000000003,-0.7747743508190811,false,true
5,32,-1.9,-1.8000000000000003,-0.7747658491134644,false,true
6,32,-1.8499999999999999,-1.8000000000000003,-0.7740482127828384,false,true
7,32,-1.7999999999999998,-1.8000000000000003,-0.7733160853385924,false,true
8,32,-1.75,-1.8000000000000003,-0.7846631128766804,false,true
9,32,-1.7,-1.8000000000000003,-0.7913671476889165,false,true
10,32,-1.65,-1.8000000000000003,-0.7915594577789307,false,true
11,32,-1.5999999999999999,-1.8000000000000003,-0.7915594577789308,false,true
12,32,-1.5499999999999998,-1.8000000000000003,-0.789471997768804,false,true
13,32,-1.5,-1.8000000000000003,-0.7882744669914246,true,false
14,32,-1.4499999999999997,-1.8000000000000003,-0.7925106585025787,true,false
15,32,-1.4,-1.8000000000000003,-0.795445442199707,true,false
16,32,-1.3499999999999999,-1.8000000000000003,-0.7963207066059113,true,false
17,32,-1.2999999999999998,-1.8000000000000003,-0.7967594861984253,true,false
18,32,-1.25,-1.8000000000000003,-0.7968867421150208,true,false
19,32,-1.1999999999999997,-1.8000000000000003,-0.8003444373607635,true,false
20,32,-1.15,-1.8000000000000003,-0.8013737201690674,true,false
21,32,-1.0999999999999999,-1.8000000000000003,-0.8033951818943024,true,false
22,32,-1.0499999999999998,-1.8000000000000003,-0.8047842681407928,true,false
23,32,-0.9999999999999998,-1.8000000000000003,-0.8076526522636414,true,false
24,32,-0.9499999999999997,-1.8000000000000003,-0.8100000023841858,true,false
25,32,-0.8999999999999999,-1.8000000000000003,-0.8119412362575531,true,false
26,32,-0.8499999999999999,-1.8000000000000003,-0.8112090826034546,true,false
27,32,-0.7999999999999998,-1.8000000000000003,-0.8106787204742432,true,false
28,32,-0.7499999999999998,-1.8000000000000003,-0.8100000023841858,true,false
29,32,-0.6999999999999997,-1.8000000000000003,-0.8075230717658997,true,false
30,32,-0.6499999999999999,-1.8000000000000003,-0.8020201325416565,true,false
31,32,-0.5999999999999999,-1.8000000000000003,-0.7919278740882874,true,false
32,32,-0.5499999999999998,-1.8000000000000003,-0.7799999713897705,true,false
33,32,-0.4999999999999998,-1.8000000000000003,-0.7514950037002563,true,false
34,32,-0.44999999999999973,-1.8000000000000003,-0.7495439648628235,true,false
35,32,-0.3999999999999999,-1.8000000000000003,-0.7497328608015607,false,true
36,32,-0.34999999999999987,-1.8000000000000003,-0.7518796286988834,false,true
37,32,-0.2999999999999998,-1.8000000000000003,-0.7530990242958069,false,true
38,32,-0.24999999999999978,-1.8000000000000003,-0.7533108673575699,false,true
39,32,-0.19999999999999973,-1.8000000000000003,-0.7534981385454037,false,true
40,32,-0.1499999999999999,-1.8000000000000003,-0.7611760972861527,false,true
41,32,-0.09999999999999964,-1.8000000000000003,-0.7741587162017823,false,true
42,32,-0.04999999999999982,-1.8000000000000003,-0.7694547597799454,false,true
43,32,0.0,-1.8000000000000003,-0.7647441029548645,false,true
44,32,0.050000000000000266,-1.8000000000000003,-0.7647760188579303,false,true
45,32,0.10000000000000009,-1.8000000000000003,-0.7678263734321895,false,true
46,32,0.15000000000000036,-1.8000000000000003,-0.7730376124382018,false,true
47,32,0.20000000000000018,-1.8000000000000003,-0.7730401114899084,false,true
48,32,0.25000000000000044,-1.8000000000000003,-0.7730411021847007,false,true
49,32,0.30000000000000027,-1.8000000000000003,-0.7756119494416874,false,true
50,32,0.3500000000000001,-1.8000000000000003,-0.7799999713897705,false,true
51,32,0.40000000000000036,-1.8000000000000003,-0.7800000184355058,false,true
52,32,0.4500000000000002,-1.8000000000000003,-0.7799999989682292,false,true
53,32,0.5000000000000004,-1.8000000000000003,-0.7799999713897705,false,true
54,32,0.5500000000000003,-1.8000000000000003,-0.7799999713897705,false,true
55,32,0.6000000000000001,-1.8000000000000003,-0.7804345595218765,false,true
56,32,0.6500000000000004,-1.8000000000000003,-0.7811764478683472,false,true
0,33,-2.15,-1.7500000000000002,-0.7729674960627269,false,true
1,33,-2.1,-1.7500000000000002,-0.7747727883233784,false,true
2,33,-2.05,-1.7500000000000002,-0.7747705214350701,false,true
3,33,-2.0,-1.7500000000000002,-0.7747693706352341,false,true
4,33,-1.95,-1.7500000000000002,-0.7747658491134644,false,true
5,33,-1.9,-1.7500000000000002,-0.7740428597935434,false,true
6,33,-1.8499999999999999,-1.7500000000000002,-0.7733160853385924,false,true
7,33,-1.7999999999999998,-1.7500000000000002,-0.7847713203106682,false,true
8,33,-1.75,-1.7500000000000002,-0.7915031314576562,false,true
9,33,-1.7,-1.7500000000000002,-0.7915594577789307,false,true
10,33,-1.65,-1.7500000000000002,-0.7915594577789308,false,true
11,33,-1.5999999999999999,-1.7500000000000002,-0.7894254087833759,false,true
12,33,-1.5499999999999998,-1.7500000000000002,-0.7881828484766285,false,true
13,33,-1.5,-1.7500000000000002,-0.7881180644035339,true,false
14,33,-1.4499999999999997,-1.7500000000000002,-0.7885854244232178,true,false
15,33,-1.4,-1.7500000000000002,-0.795490562915802,true,false
16,33,-1.3499999999999999,-1.7500000000000002,-0.7975810766220093,true,false
17,33,-1.2999999999999998,-1.7500000000000002,-0.7981128096580505,true,false
18,33,-1.25,-1.7500000000000002,-0.7995576858520508,true,false
19,33,-1.1999999999999997,-1.7500000000000002,-0.801366925239563,true,false
20,33,-1.15,-1.7500000000000002,-0.8019201755523682,true,false
21,33,-1.0999999999999999,-1.7500000000000002,-0.8043245077133179,true,false
22,33,-1.0499999999999998,-1.7500000000000002,-0.8064961433410645,true,false
23,33,-0.9999999999999998,-1.7500000000000002,-0.8081193566322327,true,false
24,33,-0.9499999999999997,-1.7500000000000002,-0.8102830052375793,true,false
25,33,-0.8999999999999999,-1.7500000000000002,-0.8123264908790588,true,false
26,33,-0.8499999999999999,-1.7500000000000002,-0.8139671683311462,true,false
27,33,-0.7999999999999998,-1.7500000000000002,-0.8130777180194855,true,false
28,33,-0.7499999999999998,-1.7500000000000002,-0.8123928308486938,true,false
29,33,-0.6999999999999997,-1.7500000000000002,-0.8103854656219482,true,false
30,33,-0.6499999999999999,-1.7500000000000002,-0.806223452091217,true,false
31,33,-0.5999999999999999,-1.7500000000000002,-0.798123300075531,true,false
32,33,-0.5499999999999998,-1.7500000000000002,-0.7908220887184143,true,false
33,33,-0.4999999999999998,-1.7500000000000002,-0.7759957015514374,true,false
34,33,-0.44999999999999973,-1.7500000000000002,-0.75,true,false
35,33,-0.3999999999999999,-1.7500000000000002,-0.7555267950195369,false,true
36,33,-0.34999999999999987,-1.7500000000000002,-0.7530990242958069,false,true
37,33,-0.2999999999999998,-1.7500000000000002,-0.7536104586886095,false,true
38,33,-0.24999999999999978,-1.7500000000000002,-0.754162094248677,false,true
39,33,-0.19999999999999973,-1.7500000000000002,-0.7616634996441249,false,true
40,33,-0.1499999999999999,-1.7500000000000002,-0.7741587162017823,false,true
41,33,-0.09999999999999964,-1.7500000000000002,-0.7694642355810866,false,true
42,33,-0.04999999999999982,-1.7500000000000002,-0.7647441029548645,false,true
43,33,0.0,-1.7500000000000002,-0.7648211547609017,false,true
44,33,0.050000000000000266,-1.7500000000000002,-0.7678526918394084,false,true
45,33,0.10000000000000009,-1.7500000000000002,-0.7730376124382018,false,true
46,33,0.15000000000000036,-1.7500000000000002,-0.7730436456827249,false,true
47,33,0.20000000000000018,-1.7500000000000002,-0.7730459929852108,false,true
48,33,0.25000000000000044,-1.7500000000000002,-0.7756153782107129,false,true
49,33,0.30000000000000027,-1.7500000000000002,-0.7799999713897705,false,true
50,33,0.3500000000000001,-1.7500000000000002,-0.7800000849682229,false,true
51,33,0.40000000000000036,-1.7500000000000002,-0.7800000380176317,false,true
52,33,0.4500000000000002,-1.7500000000000002,-0.7799999713897705,false,true
53,33,0.5000000000000004,-1.7500000000000002,-0.7799999713897705,false,true
54,33,0.5500000000000003,-1.7500000000000002,-0.7804345595231077,false,true
55,33,0.6000000000000001,-1.7500000000000002,-0.7811764478683472,false,true
56,33,0.6500000000000004,-1.7500000000000002,-0.7811764457355578,false,true
0,34,-2.15,-1.7000000000000002,-0.7747688756408855,false,true
1,34,-2.1,-1.7000000000000002,-0.7747678218023941,false,true
2,34,-2.05,-1.7000000000000002,-0.7747673077755415,false,true
3,34,-2.0,-1.7000000000000002,-0.7747658491134644,false,true
4,34,-1.95,-1.7000000000000002,-0.774041461571997,false,true
5,34,-1.9,-1.7000000000000002,-0.7733160853385924,false,true
6,34,-1.8499999999999999,-1.7000000000000002,-0.7848053963671171,false,true
7,34,-1.7999999999999998,-1.7000000000000002,-0.7915429601813887,false,true
8,34,-1.75,-1.7000000000000002,-0.7915594577789307,false,true
9,34,-1.7,-1.7000000000000002,-0.7915594577789308,false,true
10,34,-1.65,-1.7000000000000002,-0.7894046446988737,false,true
11,34,-1.5999999999999999,-1.7000000000000002,-0.7881448988452355,false,true
12,34,-1.5499999999999998,-1.7000000000000002,-0.7881180644035339,false,true
13,34,-1.5,-1.7000000000000002,-0.789849622759557,false,true
14,34,-1.4499999999999997,-1.7000000000000002,-0.7924751043319702,true,false
15,34,-1.4,-1.7000000000000002,-0.7963691353797913,true,false
16,34,-1.3499999999999999,-1.7000000000000002,-0.7979736626148224,true,false
17,34,-1.2999999999999998,-1.7000000000000002,-0.7999739348888397,true,false
18,34,-1.25,-1.7000000000000002,-0.8017263412475586,true,false
19,34,-1.1999999999999997,-1.7000000000000002,-0.802515983581543,true,false
20,34,-1.15,-1.7000000000000002,-0.803573727607727,true,false
21,34,-1.0999999999999999,-1.7000000000000002,-0.8055995106697083,true,false
22,34,-1.0499999999999998,-1.7000000000000002,-0.8074122667312622,true,false
23,34,-0.9999999999999998,-1.7000000000000002,-0.8100000023841858,true,false
24,34,-0.9499999999999997,-1.7000000000000002,-0.8114869892597198,true,false
25,34,-0.8999999999999999,-1.7000000000000002,-0.8133995532989502,true,false
26,34,-0.8499999999999999,-1.7000000000000002,-0.8146398067474365,true,false
27,34,-0.7999999999999998,-1.7000000000000002,-0.8152447938919067,true,false
28,34,-0.7499999999999998,-1.7000000000000002,-0.8149795532226562,true,false
29,34,-0.6999999999999997,-1.7000000000000002,-0.8131537437438965,true,false
30,34,-0.6499999999999999,-1.7000000000000002,-0.8100000023841858,true,false
31,34,-0.5999999999999999,-1.7000000000000002,-0.8052413761615753,true,false
32,34,-0.5499999999999998,-1.7000000000000002,-0.7991070449352264,true,false
33,34,-0.4999999999999998,-1.7000000000000002,-0.7799999713897705,true,false
34,34,-0.44999999999999973,-1.7000000000000002,-0.7727590799331665,true,false
35,34,-0.3999999999999999,-1.7000000000000002,-0.7530990242958069,true,false
36,34,-0.34999999999999987,-1.7000000000000002,-0.7543337361431753,false,true
37,34,-0.2999999999999998,-1.7000000000000002,-0.756005294692082,false,true
38,34,-0.24999999999999978,-1.7000000000000002,-0.7629538164571532,false,true
39,34,-0.19999999999999973,-1.7000000000000002,-0.7741587162017823,false,true
40,34,-0.1499999999999999,-1.7000000000000002,-0.7695005129952036,false,true
41,34,-0.09999999999999964,-1.7000000000000002,-0.7647441029548645,false,true
42,34,-0.04999999999999982,-1.7000000000000002,-0.7649301224700049,false,true
43,34,0.0,-1.7000000000000002,-0.7679159365445722,false,true
44,34,0.050000000000000266,-1.7000000000000002,-0.7730376124382018,false,true
45,34,0.10000000000000009,-1.7000000000000002,-0.7730521779789545,false,true
46,34,0.15000000000000036,-1.7000000000000002,-0.7730576931192307,false,true
47,34,0.20000000000000018,-1.7000000000000002,-0.7756235532250715,false,true
48,34,0.25000000000000044,-1.7000000000000002,-0.7799999713897705,false,true
49,34,0.30000000000000027,-1.7000000000000002,-0.7800002455924109,false,true
50,34,0.3500000000000001,-1.7000000000000002,-0.7800001324733553,false,true
51,34,0.40000000000000036,-1.7000000000000002,-0.7799999713897705,false,true
52,34,0.4500000000000002,-1.7000000000000002,-0.7799999713897705,false,true
53,34,0.5000000000000004,-1.7000000000000002,-0.7804345595290529,false,true
54,34,0.5500000000000003,-1.7000000000000002,-0.7811764478683472,false,true
55,34,0.6000000000000001,-1.7000000000000002,-0.7811764427193382,false,true
56,34,0.6500000000000004,-1.7000000000000002,-0.7823026353669591,false,true
0,35,-2.15,-1.6500000000000004,-0.7747666771675213,false,true
1,35,-2.1,-1.6500000000000004,-0.7747664533110796,false,true
2,35,-2.05,-1.6500000000000004,-0.7747658491134644,false,true
3,35,-2.0,-1.6500000000000004,-0.774041096351111,false,true
4,35,-1.95,-1.6500000000000004,-0.7733160853385924,false,true
5,35,-1.9,-1.6500000000000004,-0.7848158705138079,false,true
6,35,-1.8499999999999999,-1.6500000000000004,-0.7915546257444839,false,true
7,35,-1.7999999999999998,-1.6500000000000004,-0.7915594577789307,false,true
8,35,-1.75,-1.6500000000000004,-0.7915594577789308,false,true
9,35,-1.7,-1.6500000000000004,-0.7893957402538496,false,true
10,35,-1.65,-1.6500000000000004,-0.7881291795932255,false,true
11,35,-1.5999999999999999,-1.6500000000000004,-0.7881180644035339,false,true
12,35,-1.5499999999999998,-1.6500000000000004,-0.7901798362637316,false,true
13,35,-1.5,-1.6500000000000004,-0.7924751043319703,false,true
14,35,-1.4499999999999997,-1.6500000000000004,-0.7952093172782461,false,true
15,35,-1.4,-1.6500000000000004,-0.797534704208374,true,false
16,35,-1.3499999999999999,-1.6500000000000004,-0.7992359697818756,true,false
17,35,-1.2999999999999998,-1.6500000000000004,-0.8021099865436554,true,false
18,35,-1.25,-1.6500000000000004,-0.803389847278595,true,false
19,35,-1.1999999999999997,-1.6500000000000004,-0.8040063977241516,true,false
20,35,-1.15,-1.6500000000000004,-0.80507493019104,true,false
21,35,-1.0999999999999999,-1.6500000000000004,-0.8055013716220856,true,false
22,35,-1.0499999999999998,-1.6500000000000004,-0.8099889159202576,true,false
23,35,-0.9999999999999998,-1.6500000000000004,-0.8100321888923645,true,false
24,35,-0.9499999999999997,-1.6500000000000004,-0.8140165507793427,true,false
25,35,-0.8999999999999999,-1.6500000000000004,-0.8163704872131348,true,false
26,35,-0.8499999999999999,-1.6500000000000004,-0.8164538443088531,true,false
27,35,-0.7999999999999998,-1.6500000000000004,-0.8165448009967804,true,false
28,35,-0.7499999999999998,-1.6500000000000004,-0.8171119093894958,true,false
29,35,-0.6999999999999997,-1.6500000000000004,-0.8161494731903076,true,false
30,35,-0.6499999999999999,-1.6500000000000004,-0.8100000023841858,true,false
31,35,-0.5999999999999999,-1.6500000000000004,-0.8090639114379883,true,false
32,35,-0.5499999999999998,-1.6500000000000004,-0.8051795959472656,true,false
33,35,-0.4999999999999998,-1.6500000000000004,-0.8022592067718506,true,false
34,35,-0.44999999999999973,-1.6500000000000004,-0.7799999713897705,true,false
35,35,-0.3999999999999999,-1.6500000000000004,-0.7560798823833466,true,false
36,35,-0.34999999999999987,-1.6500000000000004,-0.7612755058585216,false,true
37,35,-0.2999999999999998,-1.6500000000000004,-0.7662777467604195,false,true
38,35,-0.24999999999999978,-1.6500000000000004,-0.7741587162017823,false,true
39,35,-0.19999999999999973,-1.6500000000000004,-0.7696393984314254,false,true
40,35,-0.1499999999999999,-1.6500000000000004,-0.7647441029548645,false,true
41,35,-0.09999999999999964,-1.6500000000000004,-0.7651931937911824,false,true
42,35,-0.04999999999999982,-1.6500000000000004,-0.7680672053824071,false,true
43,35,0.0,-1.6500000000000004,-0.7730376124382018,false,true
44,35,0.050000000000000266,-1.6500000000000004,-0.7730727767642306,false,true
45,35,0.10000000000000009,-1.6500000000000004,-0.7730855733864361,false,true
46,35,0.15000000000000036,-1.6500000000000004,-0.7756429450051168,false,true
47,35,0.20000000000000018,-1.6500000000000004,-0.7799999713897705,false,true
48,35,0.25000000000000044,-1.6500000000000004,-0.7800006333735039,false,true
49,35,0.30000000000000027,-1.6500000000000004,-0.780000361389028,false,true
50,35,0.3500000000000001,-1.6500000000000004,-0.7799999713897705,false,true
51,35,0.40000000000000036,-1.6500000000000004,-0.7799999713897705,false,true
52,35,0.4500000000000002,-1.6500000000000004,-0.7804345595577582,false,true
53,35,0.5000000000000004,-1.6500000000000004,-0.7811764478683472,false,true
54,35,0.5500000000000003,-1.6500000000000004,-0.7811764354375398,false,true
55,35,0.6000000000000001,-1.6500000000000004,-0.7823026311070261,false,true
56,35,0.6500000000000004,-1.6500000000000004,-0.7842251658439635,false,true
0,36,-2.15,-1.6000000000000003,-0.7747660993803109,false,true
1,36,-2.1,-1.6000000000000003,-0.7747658491134644,false,true
2,36,-2.05,-1.6000000000000003,-0.7740410009540003,false,true
3,36,-2.0,-1.6000000000000003,-0.7733160853385924,false,true
4,36,-1.95,-1.6000000000000003,-0.7848190405277156,false,true
5,36,-1.9,-1.6000000000000003,-0.7915580425088081,false,true
6,36,-1.8499999999999999,-1.6000000000000003,-0.7915594577789307,false,true
7,36,-1.7999999999999998,-1.6000000000000003,-0.7915594577789308,false,true
8,36,-1.75,-1.6000000000000003,-0.789391989017848,false,true
9,36,-1.7,-1.6000000000000003,-0.7881226684658524,false,true
10,36,-1.65,-1.6000000000000003,-0.7881180644035339,false,true
11,36,-1.5999999999999999,-1.6000000000000003,-0.7902660893105873,false,true
12,36,-1.5499999999999998,-1.6000000000000003,-0.7924751043319703,false,true
13,36,-1.5,-1.6000000000000003,-0.7944703422618106,false,true
14,36,-1.4499999999999997,-1.6000000000000003,-0.79583180092955,false,true
15,36,-1.4,-1.6000000000000003,-0.7946276664733887,true,false
16,36,-1.3499999999999999,-1.6000000000000003,-0.8012354969978333,true,false
17,36,-1.2999999999999998,-1.6000000000000003,-0.8031784296035767,true,false
18,36,-1.25,-1.6000000000000003,-0.8045938014984131,true,false
19,36,-1.1999999999999997,-1.6000000000000003,-0.8056354522705078,true,false
20,36,-1.15,-1.6000000000000003,-0.8056782484054565,true,false
21,36,-1.0999999999999999,-1.6000000000000003,-0.8100000023841858,true,false
22,36,-1.0499999999999998,-1.6000000000000003,-0.8100000023841858,true,false
23,36,-0.9999999999999998,-1.6000000000000003,-0.8136563897132874,true,false
24,36,-0.9499999999999997,-1.6000000000000003,-0.8164519369602203,true,false
25,36,-0.8999999999999999,-1.6000000000000003,-0.818697452545166,true,false
26,36,-0.8499999999999999,-1.6000000000000003,-0.8191316425800323,true,false
27,36,-0.7999999999999998,-1.6000000000000003,-0.8184203505516052,true,false
28,36,-0.7499999999999998,-1.6000000000000003,-0.8186011612415314,true,false
29,36,-0.6999999999999997,-1.6000000000000003,-0.8188751041889191,true,false
30,36,-0.6499999999999999,-1.6000000000000003,-0.8156375288963318,true,false
31,36,-0.5999999999999999,-1.6000000000000003,-0.8118758201599121,true,false
32,36,-0.5499999999999998,-1.6000000000000003,-0.8100000023841858,true,false
33,36,-0.4999999999999998,-1.6000000000000003,-0.8087386786937714,true,false
34,36,-0.44999999999999973,-1.6000000000000003,-0.7916209697723389,true,false
35,36,-0.3999999999999999,-1.6000000000000003,-0.7767997086048126,true,false
36,36,-0.34999999999999987,-1.6000000000000003,-0.774150620434762,false,true
37,36,-0.2999999999999998,-1.6000000000000003,-0.7741587162017823,false,true
38,36,-0.24999999999999978,-1.6000000000000003,-0.7701711112026889,false,true
39,36,-0.19999999999999973,-1.6000000000000003,-0.7647441029548645,false,true
40,36,-0.1499999999999999,-1.6000000000000003,-0.7658283041426408,false,true
41,36,-0.09999999999999964,-1.6000000000000003,-0.7684255569118571,false,true
42,36,-0.04999999999999982,-1.6000000000000003,-0.7730376124382018,false,true
43,36,0.0,-1.6000000000000003,-0.7731225066310123,false,true
44,36,0.050000000000000266,-1.6000000000000003,-0.7731516314913457,false,true
45,36,0.10000000000000009,-1.6000000000000003,-0.77568861585365,false,true
46,36,0.15000000000000036,-1.6000000000000003,-0.7799999713897705,false,true
47,36,0.20000000000000018,-1.6000000000000003,-0.7800015695598776,false,true
48,36,0.25000000000000044,-1.6000000000000003,-0.7800009182863903,false,true
49,36,0.30000000000000027,-1.6000000000000003,-0.7799999713897705,false,true
50,36,0.3500000000000001,-1.6000000000000003,-0.7799999713897705,false,true
51,36,0.40000000000000036,-1.6000000000000003,-0.7804345596963603,false,true
52,36,0.4500000000000002,-1.6000000000000003,-0.7811764478683472,false,true
53,36,0.5000000000000004,-1.6000000000000003,-0.7811764178577232,false,true
54,36,0.5500000000000003,-1.6000000000000003,-0.7823026208362681,false,true
55,36,0.6000000000000001,-1.6000000000000003,-0.7842251658439635,false,true
56,36,0.6500000000000004,-1.6000000000000003,-0.7870790362490325,false,true
0,37,-2.15,-1.5500000000000003,-0.7747658491134644,false,true
1,37,-2.1,-1.5500000000000003,-0.7740409760359053,false,true
2,37,-2.05,-1.5500000000000003,-0.7733160853385924,false,true
3,37,-2.0,-1.5500000000000003,-0.7848199901711318,false,true
4,37,-1.95,-1.5500000000000003,-0.7915590432559091,false,true
5,37,-1.9,-1.5500000000000003,-0.7915594577789307,false,true
6,37,-1.8499999999999999,-1.5500000000000003,-0.7915594577789308,false,true
7,37,-1.7999999999999998,-1.5500000000000003,-0.7893904221792243,false,true
8,37,-1.75,-1.5500000000000003,-0.7881199714685883,false,true
9,37,-1.7,-1.5500000000000003,-0.7881180644035339,false,true
10,37,-1.65,-1.5500000000000003,-0.7902886189406534,false,true
11,37,-1.5999999999999999,-1.5500000000000003,-0.7924751043319703,false,true
12,37,-1.5499999999999998,-1.5500000000000003,-0.7941106987139436,false,true
13,37,-1.5,-1.5500000000000003,-0.7951264352960513,false,true
14,37,-1.4499999999999997,-1.5500000000000003,-0.7946276664733886,false,true
15,37,-1.4,-1.5500000000000003,-0.7973614690064768,false,true
16,37,-1.3499999999999999,-1.5500000000000003,-0.7973559200763702,true,false
17,37,-1.2999999999999998,-1.5500000000000003,-0.8027679622173309,true,false
18,37,-1.25,-1.5500000000000003,-0.8055292665958405,true,false
19,37,-1.1999999999999997,-1.5500000000000003,-0.8071022629737854,true,false
20,37,-1.15,-1.5500000000000003,-0.8087273836135864,true,false
21,37,-1.0999999999999999,-1.5500000000000003,-0.8100000023841858,true,false
22,37,-1.0499999999999998,-1.5500000000000003,-0.8136662840843201,true,false
23,37,-0.9999999999999998,-1.5500000000000003,-0.815037339925766,true,false
24,37,-0.9499999999999997,-1.5500000000000003,-0.8180974721908569,true,false
25,37,-0.8999999999999999,-1.5500000000000003,-0.8192003965377808,true,false
26,37,-0.8499999999999999,-1.5500000000000003,-0.8202933669090271,true,false
27,37,-0.7999999999999998,-1.5500000000000003,-0.819904088973999,true,false
28,37,-0.7499999999999998,-1.5500000000000003,-0.8206610679626465,true,false
29,37,-0.6999999999999997,-1.5500000000000003,-0.8217942714691162,true,false
30,37,-0.6499999999999999,-1.5500000000000003,-0.8206768035888672,true,false
31,37,-0.5999999999999999,-1.5500000000000003,-0.8186334669589996,true,false
32,37,-0.5499999999999998,-1.5500000000000003,-0.8148623704910278,true,false
33,37,-0.4999999999999998,-1.5500000000000003,-0.8111465275287628,true,false
34,37,-0.44999999999999973,-1.5500000000000003,-0.8091973066329956,true,false
35,37,-0.3999999999999999,-1.5500000000000003,-0.7884635329246521,true,false
36,37,-0.34999999999999987,-1.5500000000000003,-0.7741587162017822,true,false
37,37,-0.2999999999999998,-1.5500000000000003,-0.7722067347987679,false,true
38,37,-0.24999999999999978,-1.5500000000000003,-0.7647441029548645,false,true
39,37,-0.19999999999999973,-1.5500000000000003,-0.767361596166735,false,true
40,37,-0.1499999999999999,-1.5500000000000003,-0.7692576494842123,false,true
41,37,-0.09999999999999964,-1.5500000000000003,-0.7730376124382018,false,true
42,37,-0.04999999999999982,-1.5500000000000003,-0.7732425651498516,false,true
43,37,0.0,-1.5500000000000003,-0.7733068393169751,false,true
44,37,0.050000000000000266,-1.5500000000000003,-0.7757951151643748,false,true
45,37,0.10000000000000009,-1.5500000000000003,-0.7799999713897705,false,true
46,37,0.15000000000000036,-1.5500000000000003,-0.7800038297137181,false,true
47,37,0.20000000000000018,-1.5500000000000003,-0.7800022832572532,false,true
48,37,0.25000000000000044,-1.5500000000000003,-0.7799999713897705,false,true
49,37,0.30000000000000027,-1.5500000000000003,-0.7799999713897705,false,true
50,37,0.3500000000000001,-1.5500000000000003,-0.7804345603655903,false,true
51,37,0.40000000000000036,-1.5500000000000003,-0.7811764478683472,false,true
52,37,0.4500000000000002,-1.5500000000000003,-0.7811763754162919,false,true
53,37,0.5000000000000004,-1.5500000000000003,-0.7823025961062768,false,true
54,37,0.5500000000000003,-1.5500000000000003,-0.7842251658439635,false,true
55,37,0.6000000000000001,-1.5500000000000003,-0.7870790362864333,false,true
56,37,0.6500000000000004,-1.5500000000000003,-0.789932906627655,false,true
0,38,-2.15,-1.5000000000000002,-0.7740409695272025,false,true
1,38,-2.1,-1.5000000000000002,-0.7733160853385924,false,true
2,38,-2.05,-1.5000000000000002,-0.7848202726992518,false,true
3,38,-2.0,-1.5000000000000002,-0.7915593363679486,false,true
4,38,-1.95,-1.5000000000000002,-0.7915594577789307,false,true
5,38,-1.9,-1.5000000000000002,-0.7915594577789308,false,true
6,38,-1.8499999999999999,-1.5000000000000002,-0.7893897704756857,false,true
7,38,-1.7999999999999998,-1.5000000000000002,-0.7881188543357438,false,true
8,38,-1.75,-1.5000000000000002,-0.7881180644035339,false,true
9,38,-1.7,-1.5000000000000002,-0.7902945037673282,false,true
10,38,-1.65,-1.5000000000000002,-0.7924751043319703,false,true
11,38,-1.5999999999999999,-1.5000000000000002,-0.7939506388953791,false,true
12,38,-1.5499999999999998,-1.5000000000000002,-0.7948342632842244,false,true
13,38,-1.5,-1.5000000000000002,-0.7946276664733886,false,true
14,38,-1.4499999999999997,-1.5000000000000002,-0.7963495578834163,false,true
15,38,-1.4,-1.5000000000000002,-0.7973559200763702,false,true
16,38,-1.3499999999999999,-1.5000000000000002,-0.8013556474716492,false,true
17,38,-1.2999999999999998,-1.5000000000000002,-0.8027629256248474,true,false
18,38,-1.25,-1.5000000000000002,-0.8065500259399414,true,false
19,38,-1.1999999999999997,-1.5000000000000002,-0.8079450726509094,true,false
20,38,-1.15,-1.5000000000000002,-0.8095136284828186,true,false
21,38,-1.0999999999999999,-1.5000000000000002,-0.813114583492279,true,false
22,38,-1.0499999999999998,-1.5000000000000002,-0.8151599168777466,true,false
23,38,-0.9999999999999998,-1.5000000000000002,-0.8167712092399597,true,false
24,38,-0.9499999999999997,-1.5000000000000002,-0.8180207908153534,true,false
25,38,-0.8999999999999999,-1.5000000000000002,-0.8206617832183838,true,false
26,38,-0.8499999999999999,-1.5000000000000002,-0.82269486784935,true,false
27,38,-0.7999999999999998,-1.5000000000000002,-0.8231494724750519,true,false
28,38,-0.7499999999999998,-1.5000000000000002,-0.8237709999084473,true,false
29,38,-0.6999999999999997,-1.5000000000000002,-0.8246756792068481,true,false
30,38,-0.6499999999999999,-1.5000000000000002,-0.8245633840560913,true,false
31,38,-0.5999999999999999,-1.5000000000000002,-0.8212193846702576,true,false
32,38,-0.5499999999999998,-1.5000000000000002,-0.8185285329818726,true,false
33,38,-0.4999999999999998,-1.5000000000000002,-0.8163887858390808,true,false
34,38,-0.44999999999999973,-1.5000000000000002,-0.8100000023841858,true,false
35,38,-0.3999999999999999,-1.5000000000000002,-0.8019585013389587,true,false
36,38,-0.34999999999999987,-1.5000000000000002,-0.7799999713897705,true,false
37,38,-0.2999999999999998,-1.5000000000000002,-0.7647441029548645,true,false
38,38,-0.24999999999999978,-1.5000000000000002,-0.7710632905663821,false,true
39,38,-0.19999999999999973,-1.5000000000000002,-0.7711069454553188,false,true
40,38,-0.1499999999999999,-1.5000000000000002,-0.7730376124382018,false,true
41,38,-0.09999999999999964,-1.5000000000000002,-0.7735324120543118,false,true
42,38,-0.04999999999999982,-1.5000000000000002,-0.7736669635946046,false,true
43,38,0.0,-1.5000000000000002,-0.776040112446272,false,true
44,38,0.050000000000000266,-1.5000000000000002,-0.7799999713897705,false,true
45,38,0.10000000000000009,-1.5000000000000002,-0.7800092862077724,false,true
46,38,0.15000000000000036,-1.5000000000000002,-0.7800056775793781,false,true
47,38,0.20000000000000018,-1.5000000000000002,-0.7799999713897705,false,true
48,38,0.25000000000000044,-1.5000000000000002,-0.7799999713897705,false,true
49,38,0.30000000000000027,-1.5000000000000002,-0.7804345635969189,false,true
50,38,0.3500000000000001,-1.5000000000000002,-0.7811764478683472,false,true
51,38,0.40000000000000036,-1.5000000000000002,-0.7811762729536126,false,true
52,38,0.4500000000000002,-1.5000000000000002,-0.7823025367205638,false,true
53,38,0.5000000000000004,-1.5000000000000002,-0.7842251658439635,false,true
54,38,0.5500000000000003,-1.5000000000000002,-0.7870790364296195,false,true
55,38,0.6000000000000001,-1.5000000000000002,-0.789932906627655,false,true
56,38,0.6500000000000004,-1.5000000000000002,-0.7882348596980387,false,true
0,39,-2.15,-1.4500000000000002,-0.7733160853385924,false,true
1,39,-2.1,-1.4500000000000002,-0.784820356357779,false,true
2,39,-2.05,-1.4500000000000002,-0.7915594222184773,false,true
3,39,-2.0,-1.4500000000000002,-0.7915594577789307,false,true
4,39,-1.95,-1.4500000000000002,-0.7915594577789308,false,true
5,39,-1.9,-1.4500000000000002,-0.7893894999725232,false,true
6,39,-1.8499999999999999,-1.4500000000000002,-0.7881183916041686,false,true
7,39,-1.7999999999999998,-1.4500000000000002,-0.7881180644035339,false,true
8,39,-1.75,-1.4500000000000002,-0.7902960409068591,false,true
9,39,-1.7,-1.4500000000000002,-0.7924751043319703,false,true
10,39,-1.65,-1.4500000000000002,-0.7938820430127055,false,true
11,39,-1.5999999999999999,-1.4500000000000002,-0.7947132416743797,false,true
12,39,-1.5499999999999998,-1.4500000000000002,-0.7946276664733886,false,true
13,39,-1.5,-1.4500000000000002,-0.7960852427769541,false,true
14,39,-1.4499999999999997,-1.4500000000000002,-0.7973559200763702,false,true
15,39,-1.4,-1.4500000000000002,-0.801208415515363,false,true
16,39,-1.3499999999999999,-1.4500000000000002,-0.8032589016167218,false,true
17,39,-1.2999999999999998,-1.4500000000000002,-0.8036096096038818,true,false
18,39,-1.25,-1.4500000000000002,-0.8069450855255127,true,false
19,39,-1.1999999999999997,-1.4500000000000002,-0.8087748289108276,true,false
20,39,-1.15,-1.4500000000000002,-0.8108603656291962,true,false
21,39,-1.0999999999999999,-1.4500000000000002,-0.8137426674365997,true,false
22,39,-1.0499999999999998,-1.4500000000000002,-0.8156115710735321,true,false
23,39,-0.9999999999999998,-1.4500000000000002,-0.8173156976699829,true,false
24,39,-0.9499999999999997,-1.4500000000000002,-0.8200495839118958,true,false
25,39,-0.8999999999999999,-1.4500000000000002,-0.8233811557292938,true,false
26,39,-0.8499999999999999,-1.4500000000000002,-0.8253096342086792,true,false
27,39,-0.7999999999999998,-1.4500000000000002,-0.8263842463493347,true,false
28,39,-0.7499999999999998,-1.4500000000000002,-0.8265807628631592,true,false
29,39,-0.6999999999999997,-1.4500000000000002,-0.8271374106407166,true,false
30,39,-0.6499999999999999,-1.4500000000000002,-0.826988011598587,true,false
31,39,-0.5999999999999999,-1.4500000000000002,-0.8250452280044556,true,false
32,39,-0.5499999999999998,-1.4500000000000002,-0.8217855989933014,true,false
33,39,-0.4999999999999998,-1.4500000000000002,-0.8196026682853699,true,false
34,39,-0.44999999999999973,-1.4500000000000002,-0.8147704005241394,true,false
35,39,-0.3999999999999999,-1.4500000000000002,-0.8100000023841858,true,false
36,39,-0.34999999999999987,-1.4500000000000002,-0.7984406352043152,true,false
37,39,-0.2999999999999998,-1.4500000000000002,-0.7799999713897705,true,false
38,39,-0.24999999999999978,-1.4500000000000002,-0.774801149860152,false,true
39,39,-0.19999999999999973,-1.4500000000000002,-0.7730376124382018,false,true
40,39,-0.1499999999999999,-1.4500000000000002,-0.7742321643820715,false,true
41,39,-0.09999999999999964,-1.4500000000000002,-0.7744865993641279,false,true
42,39,-0.04999999999999982,-1.4500000000000002,-0.776593712811271,false,true
43,39,0.0,-1.4500000000000002,-0.7799999713897705,false,true
44,39,0.050000000000000266,-1.4500000000000002,-0.7800224593497217,false,true
45,39,0.10000000000000009,-1.4500000000000002,-0.7800143501685017,false,true
46,39,0.15000000000000036,-1.4500000000000002,-0.7799999713897705,false,true
47,39,0.20000000000000018,-1.4500000000000002,-0.7799999713897705,false,true
48,39,0.25000000000000044,-1.4500000000000002,-0.7804345791991528,false,true
49,39,0.30000000000000027,-1.4500000000000002,-0.7811764478683472,false,true
50,39,0.3500000000000001,-1.4500000000000002,-0.7811760255868228,false,true
51,39,0.40000000000000036,-1.4500000000000002,-0.7823023948850868,false,true
52,39,0.4500000000000002,-1.4500000000000002,-0.7842251658439635,false,true
53,39,0.5000000000000004,-1.4500000000000002,-0.7870790369777976,false,true
54,39,0.5500000000000003,-1.4500000000000002,-0.789932906627655,false,true
55,39,0.6000000000000001,-1.4500000000000002,-0.7882348596784303,false,true
56,39,0.6500000000000004,-1.4500000000000002,-0.7865368127822876,false,true
0,40,-2.15,-1.4000000000000004,-0.7848203810488383,false,true
1,40,-2.1,-1.4000000000000004,-0.7915594473635151,false,true
2,40,-2.05,-1.4000000000000004,-0.7915594577789307,false,true
3,40,-2.0,-1.4000000000000004,-0.7915594577789308,false,true
4,40,-1.95,-1.4000000000000004,-0.7893893878107302,false,true
5,40,-1.9,-1.4000000000000004,-0.7881181999344745,false,true
6,40,-1.8499999999999999,-1.4000000000000004,-0.7881180644035339,false,true
7,40,-1.7999999999999998,-1.4000000000000004,-0.790296442413661,false,true
8,40,-1.75,-1.4000000000000004,-0.7924751043319703,false,true
9,40,-1.7,-1.4000000000000004,-0.7938531539569579,false,true
10,40,-1.65,-1.4000000000000004,-0.7946631128822418,false,true
11,40,-1.5999999999999999,-1.4000000000000004,-0.7946276664733886,false,true
12,40,-1.5499999999999998,-1.4000000000000004,-0.7960162026469347,false,true
13,40,-1.5,-1.4000000000000004,-0.7973559200763702,false,true
14,40,-1.4499999999999997,-1.4000000000000004,-0.8012380947565403,false,true
15,40,-1.4,-1.4000000000000004,-0.8034643415991676,false,true
16,40,-1.3499999999999999,-1.4000000000000004,-0.8036096096038818,false,true
17,40,-1.2999999999999998,-1.4000000000000004,-0.8054338360121198,false,true
18,40,-1.25,-1.4000000000000004,-0.8061894476413727,true,false
19,40,-1.1999999999999997,-1.4000000000000004,-0.8098147511482239,true,false
20,40,-1.15,-1.4000000000000004,-0.8104948401451111,true,false
21,40,-1.0999999999999999,-1.4000000000000004,-0.8152292370796204,true,false
22,40,-1.0499999999999998,-1.4000000000000004,-0.8169953227043152,true,false
23,40,-0.9999999999999998,-1.4000000000000004,-0.818386971950531,true,false
24,40,-0.9499999999999997,-1.4000000000000004,-0.821209728717804,true,false
25,40,-0.8999999999999999,-1.4000000000000004,-0.8234445452690125,true,false
26,40,-0.8499999999999999,-1.4000000000000004,-0.8256820440292358,true,false
27,40,-0.7999999999999998,-1.4000000000000004,-0.8271816968917847,true,false
28,40,-0.7499999999999998,-1.4000000000000004,-0.8279762864112854,true,false
29,40,-0.6999999999999997,-1.4000000000000004,-0.828807532787323,true,false
30,40,-0.6499999999999999,-1.4000000000000004,-0.829010009765625,true,false
31,40,-0.5999999999999999,-1.4000000000000004,-0.8287506401538849,true,false
32,40,-0.5499999999999998,-1.4000000000000004,-0.8252695202827454,true,false
33,40,-0.4999999999999998,-1.4000000000000004,-0.8220242857933044,true,false
34,40,-0.44999999999999973,-1.4000000000000004,-0.8196875154972076,true,false
35,40,-0.3999999999999999,-1.4000000000000004,-0.8106153309345245,true,false
36,40,-0.34999999999999987,-1.4000000000000004,-0.8041986227035522,true,false
37,40,-0.2999999999999998,-1.4000000000000004,-0.7799999713897705,true,false
38,40,-0.24999999999999978,-1.4000000000000004,-0.7730376124382019,true,false
39,40,-0.19999999999999973,-1.4000000000000004,-0.7759215159420514,false,true
40,40,-0.1499999999999999,-1.4000000000000004,-0.7762954116924199,false,true
41,40,-0.09999999999999964,-1.4000000000000004,-0.7778177449039748,false,true
42,40,-0.04999999999999982,-1.4000000000000004,-0.7799999713897705,false,true
43,40,0.0,-1.4000000000000004,-0.7800542621276748,false,true
44,40,0.050000000000000266,-1.4000000000000004,-0.7800375954970648,false,true
45,40,0.10000000000000009,-1.4000000000000004,-0.7799999713897705,false,true
46,40,0.15000000000000036,-1.4000000000000004,-0.7799999713897705,false,true
47,40,0.20000000000000018,-1.4000000000000004,-0.7804346545334027,false,true
48,40,0.25000000000000044,-1.4000000000000004,-0.7811764478683472,false,true
49,40,0.30000000000000027,-1.4000000000000004,-0.7811754283905638,false,true
50,40,0.3500000000000001,-1.4000000000000004,-0.7823020598722916,false,true
51,40,0.40000000000000036,-1.4000000000000004,-0.7842251658439635,false,true
52,40,0.4500000000000002,-1.4000000000000004,-0.7870790390764572,false,true
53,40,0.5000000000000004,-1.4000000000000004,-0.789932906627655,false,true
54,40,0.5500000000000003,-1.4000000000000004,-0.788234859603361,false,true
55,40,0.6000000000000001,-1.4000000000000004,-0.7865368127822876,false,true
56,40,0.6500000000000004,-1.4000000000000004,-0.7865368283425634,false,true
0,41,-2.15,-1.35,-0.7915594547283261,false,true
1,41,-2.1,-1.35,-0.7915594577789307,false,true
2,41,-2.05,-1.35,-0.7915594577789308,false,true
3,41,-2.0,-1.35,-0.7893893413278291,false,true
4,41,-1.95,-1.35,-0.7881181205422877,false,true
5,41,-1.9,-1.35,-0.7881180644035339,false,true
6,41,-1.8499999999999999,-1.35,-0.7902965472887935,false,true
7,41,-1.7999999999999998,-1.35,-0.7924751043319703,false,true
8,41,-1.75,-1.35,-0.793841089195326,false,true
9,41,-1.7,-1.35,-0.7946423488566728,false,true
10,41,-1.65,-1.35,-0.7946276664733886,false,true
11,41,-1.5999999999999999,-1.35,-0.7959981690974457,false,true
12,41,-1.5499999999999998,-1.35,-0.7973559200763702,false,true
13,41,-1.5,-1.35,-0.8012691655778998,false,true
14,41,-1.4499999999999997,-1.35,-0.8035494376261503,false,true
15,41,-1.4,-1.35,-0.8036096096038818,false,true
16,41,-1.3499999999999999,-1.35,-0.8050390917831844,false,true
17,41,-1.2999999999999998,-1.35,-0.8061894476413727,false,true
18,41,-1.25,-1.35,-0.8092427768776738,false,true
19,41,-1.1999999999999997,-1.35,-0.8101769089698792,true,false
20,41,-1.15,-1.35,-0.8136762380599976,true,false
21,41,-1.0999999999999999,-1.35,-0.8161603808403015,true,false
22,41,-1.0499999999999998,-1.35,-0.8197118937969208,true,false
23,41,-0.9999999999999998,-1.35,-0.8207978010177612,true,false
24,41,-0.9499999999999997,-1.35,-0.8221449553966522,true,false
25,41,-0.8999999999999999,-1.35,-0.8238846063613892,true,false
26,41,-0.8499999999999999,-1.35,-0.825947105884552,true,false
27,41,-0.7999999999999998,-1.35,-0.8276381194591522,true,false
28,41,-0.7499999999999998,-1.35,-0.8290868997573853,true,false
29,41,-0.6999999999999997,-1.35,-0.8298258781433105,true,false
30,41,-0.6499999999999999,-1.35,-0.830382913351059,true,false
31,41,-0.5999999999999999,-1.35,-0.8308846950531006,true,false
32,41,-0.5499999999999998,-1.35,-0.8296349048614502,true,false
33,41,-0.4999999999999998,-1.35,-0.8260007500648499,true,false
34,41,-0.44999999999999973,-1.35,-0.820410966873169,true,false
35,41,-0.3999999999999999,-1.35,-0.8131837248802185,true,false
36,41,-0.34999999999999987,-1.35,-0.8085409104824066,true,false
37,41,-0.2999999999999998,-1.35,-0.7857344150543213,true,false
38,41,-0.24999999999999978,-1.35,-0.7799999713897705,true,false
39,41,-0.19999999999999973,-1.35,-0.780081979387723,false,true
40,41,-0.1499999999999999,-1.35,-0.7804700954077282,false,true
41,41,-0.09999999999999964,-1.35,-0.7799999713897705,false,true
42,41,-0.04999999999999982,-1.35,-0.7801310408255304,false,true
43,41,0.0,-1.35,-0.7801048579521186,false,true
44,41,0.050000000000000266,-1.35,-0.7799999713897705,false,true
45,41,0.10000000000000009,-1.35,-0.7799999713897705,false,true
46,41,0.15000000000000036,-1.35,-0.7804350182793379,false,true
47,41,0.20000000000000018,-1.35,-0.7811764478683472,false,true
48,41,0.25000000000000044,-1.35,-0.7811739866312559,false,true
49,41,0.30000000000000027,-1.35,-0.7823012868504731,false,true
50,41,0.3500000000000001,-1.35,-0.7842251658439635,false,true
51,41,0.40000000000000036,-1.35,-0.7870790471110228,false,true
52,41,0.4500000000000002,-1.35,-0.789932906627655,false,true
53,41,0.5000000000000004,-1.35,-0.7882348593159639,false,true
54,41,0.5500000000000003,-1.35,-0.7865368127822876,false,true
55,41,0.6000000000000001,-1.35,-0.7865368503481166,false,true
56,41,0.6500000000000004,-1.35,-0.7865368636533869,false,true
0,42,-2.15,-1.3000000000000003,-0.7915594577789307,false,true
1,42,-2.1,-1.3000000000000003,-0.7915594577789308,false,true
2,42,-2.05,-1.3000000000000003,-0.7893893220690175,false,true
3,42,-2.0,-1.3000000000000003,-0.788118087656967,false,true
4,42,-1.95,-1.3000000000000003,-0.7881180644035339,false,true
5,42,-1.9,-1.3000000000000003,-0.7902965746825844,false,true
6,42,-1.8499999999999999,-1.3000000000000003,-0.7924751043319703,false,true
7,42,-1.7999999999999998,-1.3000000000000003,-0.793836071402663,false,true
8,42,-1.75,-1.3000000000000003,-0.7946337481156729,false,true
9,42,-1.7,-1.3000000000000003,-0.7946276664733886,false,true
10,42,-1.65,-1.3000000000000003,-0.7959934586644397,false,true
11,42,-1.5999999999999999,-1.3000000000000003,-0.7973559200763702,false,true
12,42,-1.5499999999999998,-1.3000000000000003,-0.8012859244349295,false,true
13,42,-1.5,-1.3000000000000003,-0.8035846855546306,false,true
14,42,-1.4499999999999997,-1.3000000000000003,-0.8036096096038818,false,true
15,42,-1.4,-1.3000000000000003,-0.804935983060967,false,true
16,42,-1.3499999999999999,-1.3000000000000003,-0.8061894476413727,false,true
17,42,-1.2999999999999998,-1.3000000000000003,-0.8093801135796672,false,true
18,42,-1.25,-1.3000000000000003,-0.8110502526858068,false,true
19,42,-1.1999999999999997,-1.3000000000000003,-0.811667799949646,true,false
20,42,-1.15,-1.3000000000000003,-0.8163477182388306,true,false
21,42,-1.0999999999999999,-1.3000000000000003,-0.816939651966095,true,false
22,42,-1.0499999999999998,-1.3000000000000003,-0.8200432658195496,true,false
23,42,-0.9999999999999998,-1.3000000000000003,-0.8228785395622253,true,false
24,42,-0.9499999999999997,-1.3000000000000003,-0.8231852650642395,true,false
25,42,-0.8999999999999999,-1.3000000000000003,-0.82343989610672,true,false
26,42,-0.8499999999999999,-1.3000000000000003,-0.8257268071174622,true,false
27,42,-0.7999999999999998,-1.3000000000000003,-0.826590895652771,true,false
28,42,-0.7499999999999998,-1.3000000000000003,-0.8284002542495728,true,false
29,42,-0.6999999999999997,-1.3000000000000003,-0.8300220668315887,true,false
30,42,-0.6499999999999999,-1.3000000000000003,-0.831623375415802,true,false
31,42,-0.5999999999999999,-1.3000000000000003,-0.8342619240283966,true,false
32,42,-0.5499999999999998,-1.3000000000000003,-0.8326700627803802,true,false
33,42,-0.4999999999999998,-1.3000000000000003,-0.8288037478923798,true,false
34,42,-0.44999999999999973,-1.3000000000000003,-0.8224745988845825,true,false
35,42,-0.3999999999999999,-1.3000000000000003,-0.8171098232269287,true,false
36,42,-0.34999999999999987,-1.3000000000000003,-0.8118987083435059,true,false
37,42,-0.2999999999999998,-1.3000000000000003,-0.8083063364028931,true,false
38,42,-0.24999999999999978,-1.3000000000000003,-0.7872423231601715,true,false
39,42,-0.19999999999999973,-1.3000000000000003,-0.7862324095748634,false,true
40,42,-0.1499999999999999,-1.3000000000000003,-0.7799999713897705,false,true
41,42,-0.09999999999999964,-1.3000000000000003,-0.7803164009991947,false,true
42,42,-0.04999999999999982,-1.3000000000000003,-0.7803210483387688,false,true
43,42,0.0,-1.3000000000000003,-0.7799999713897705,false,true
44,42,0.050000000000000266,-1.3000000000000003,-0.7799999713897705,false,true
45,42,0.10000000000000009,-1.3000000000000003,-0.7804367746000784,false,true
46,42,0.15000000000000036,-1.3000000000000003,-0.7811764478683472,false,true
47,42,0.20000000000000018,-1.3000000000000003,-0.7811705059163815,false,true
48,42,0.25000000000000044,-1.3000000000000003,-0.7822995933265231,false,true
49,42,0.30000000000000027,-1.3000000000000003,-0.7842251658439635,false,true
50,42,0.3500000000000001,-1.3000000000000003,-0.7870790778707715,false,true
51,42,0.40000000000000036,-1.3000000000000003,-0.789932906627655,false,true
52,42,0.4500000000000002,-1.3000000000000003,-0.7882348582156851,false,true
53,42,0.5000000000000004,-1.3000000000000003,-0.7865368127822876,false,true
54,42,0.5500000000000003,-1.3000000000000003,-0.7865369034742217,false,true
55,42,0.6000000000000001,-1.3000000000000003,-0.78653693334098,false,true
56,42,0.6500000000000004,-1.3000000000000003,-0.78412219935443,false,true
0,43,-2.15,-1.2500000000000004,-0.7915594577789308,false,true
1,43,-2.1,-1.2500000000000004,-0.7893893140907289,false,true
2,43,-2.05,-1.2500000000000004,-0.7881180740354213,false,true
3,43,-2.0,-1.2500000000000004,-0.7881180644035339,false,true
4,43,-1.95,-1.2500000000000004,-0.7902965818379488,false,true
5,43,-1.9,-1.2500000000000004,-0.7924751043319703,false,true
6,43,-1.8499999999999999,-1.2500000000000004,-0.7938339887389229,false,true
7,43,-1.7999999999999998,-1.2500000000000004,-0.7946301855721042,false,true
8,43,-1.75,-1.2500000000000004,-0.7946276664733886,false,true
9,43,-1.7,-1.2500000000000004,-0.795992228281086,false,true
10,43,-1.65,-1.2500000000000004,-0.7973559200763702,false,true
11,43,-1.5999999999999999,-1.2500000000000004,-0.8012936715986583,false,true
12,43,-1.5499999999999998,-1.2500000000000004,-0.8035992857246527,false,true
13,43,-1.5,-1.2500000000000004,-0.8036096096038818,false,true
14,43,-1.4499999999999997,-1.2500000000000004,-0.8049090506631812,false,true
15,43,-1.4,-1.2500000000000004,-0.8061894476413727,false,true
16,43,-1.3499999999999999,-1.2500000000000004,-0.8095145113016179,false,true
17,43,-1.2999999999999998,-1.2500000000000004,-0.8114120034975574,false,true
18,43,-1.25,-1.2500000000000004,-0.8116677999496461,false,true
19,43,-1.1999999999999997,-1.2500000000000004,-0.8159779473967242,false,true
20,43,-1.15,-1.2500000000000004,-0.8173866868019104,true,false
21,43,-1.0999999999999999,-1.2500000000000004,-0.8193500638008118,true,false
22,43,-1.0499999999999998,-1.2500000000000004,-0.8213281035423279,true,false
23,43,-0.9999999999999998,-1.2500000000000004,-0.8234868943691254,true,false
24,43,-0.9499999999999997,-1.2500000000000004,-0.825263500213623,true,false
25,43,-0.8999999999999999,-1.2500000000000004,-0.8255190253257751,true,false
26,43,-0.8499999999999999,-1.2500000000000004,-0.8256780803203583,true,false
27,43,-0.7999999999999998,-1.2500000000000004,-0.8263012766838074,true,false
28,43,-0.7499999999999998,-1.2500000000000004,-0.8271644711494446,true,false
29,43,-0.6999999999999997,-1.2500000000000004,-0.8292012810707092,true,false
30,43,-0.6499999999999999,-1.2500000000000004,-0.8332644104957581,true,false
31,43,-0.5999999999999999,-1.2500000000000004,-0.8352138996124268,true,false
32,43,-0.5499999999999998,-1.2500000000000004,-0.8345968127250671,true,false
33,43,-0.4999999999999998,-1.2500000000000004,-0.8301467895507812,true,false
34,43,-0.44999999999999973,-1.2500000000000004,-0.8239789009094238,true,false
35,43,-0.3999999999999999,-1.2500000000000004,-0.8215031921863556,true,false
36,43,-0.34999999999999987,-1.2500000000000004,-0.8179237842559814,true,false
37,43,-0.2999999999999998,-1.2500000000000004,-0.8100000023841858,true,false
38,43,-0.24999999999999978,-1.2500000000000004,-0.7998506128787994,true,false
39,43,-0.19999999999999973,-1.2500000000000004,-0.7799999713897705,true,false
40,43,-0.1499999999999999,-1.2500000000000004,-0.7807639000443787,false,true
41,43,-0.09999999999999964,-1.2500000000000004,-0.7811027689942607,false,true
42,43,-0.04999999999999982,-1.2500000000000004,-0.7799999713897705,false,true
43,43,0.0,-1.2500000000000004,-0.7799999713897705,false,true
44,43,0.050000000000000266,-1.2500000000000004,-0.7804452548667815,false,true
45,43,0.10000000000000009,-1.2500000000000004,-0.7811764478683472,false,true
46,43,0.15000000000000036,-1.2500000000000004,-0.7811621027273248,false,true
47,43,0.20000000000000018,-1.2500000000000004,-0.7822963387437291,false,true
48,43,0.25000000000000044,-1.2500000000000004,-0.7842251658439635,false,true
49,43,0.30000000000000027,-1.2500000000000004,-0.7870791956322278,false,true
50,43,0.3500000000000001,-1.2500000000000004,-0.789932906627655,false,true
51,43,0.40000000000000036,-1.2500000000000004,-0.7882348540033477,false,true
52,43,0.4500000000000002,-1.2500000000000004,-0.7865368127822876,false,true
53,43,0.5000000000000004,-1.2500000000000004,-0.7865370317319847,false,true
54,43,0.5500000000000003,-1.2500000000000004,-0.7865370961376469,false,true
55,43,0.6000000000000001,-1.2500000000000004,-0.7841223095022561,false,true
56,43,0.6500000000000004,-1.2500000000000004,-0.7799999713897705,false,true
0,44,-2.15,-1.2000000000000002,-0.7893893107858004,false,true
1,44,-2.1,-1.2000000000000002,-0.7881180683931923,false,true
2,44,-2.05,-1.2000000000000002,-0.7881180644035339,false,true
3,44,-2.0,-1.2000000000000002,-0.7902965837069577,false,true
4,44,-1.95,-1.2000000000000002,-0.7924751043319703,false,true
5,44,-1.9,-1.2000000000000002,-0.7938331251961297,false,true
6,44,-1.8499999999999999,-1.2000000000000002,-0.7946287099182415,false,true
7,44,-1.7999999999999998,-1.2000000000000002,-0.7946276664733886,false,true
8,44,-1.75,-1.2000000000000002,-0.7959919069001863,false,true
9,44,-1.7,-1.2000000000000002,-0.7973559200763702,false,true
10,44,-1.65,-1.2000000000000002,-0.8012970473864447,false,true
11,44,-1.5999999999999999,-1.2000000000000002,-0.8036053333130889,false,true
12,44,-1.5499999999999998,-1.2000000000000002,-0.8036096096038818,false,true
13,44,-1.5,-1.2000000000000002,-0.8049020158165174,false,true
14,44,-1.4499999999999997,-1.2000000000000002,-0.8061894476413727,false,true
15,44,-1.4,-1.2000000000000002,-0.8095862337139744,false,true
16,44,-1.3499999999999999,-1.2000000000000002,-0.811561845589984,false,true
17,44,-1.2999999999999998,-1.2000000000000002,-0.8116677999496461,false,true
18,44,-1.25,-1.2000000000000002,-0.816300220871941,false,true
19,44,-1.1999999999999997,-1.2000000000000002,-0.8187484647417262,false,true
20,44,-1.15,-1.2000000000000002,-0.8197113871574402,true,false
21,44,-1.0999999999999999,-1.2000000000000002,-0.8205046653747559,true,false
22,44,-1.0499999999999998,-1.2000000000000002,-0.8217540979385376,true,false
23,44,-0.9999999999999998,-1.2000000000000002,-0.8239827752113342,true,false
24,44,-0.9499999999999997,-1.2000000000000002,-0.8264757394790649,true,false
25,44,-0.8999999999999999,-1.2000000000000002,-0.8269878029823303,true,false
26,44,-0.8499999999999999,-1.2000000000000002,-0.8267643451690674,true,false
27,44,-0.7999999999999998,-1.2000000000000002,-0.8264565765857697,true,false
28,44,-0.7499999999999998,-1.2000000000000002,-0.8281377255916595,true,false
29,44,-0.6999999999999997,-1.2000000000000002,-0.830375462770462,true,false
30,44,-0.6499999999999999,-1.2000000000000002,-0.8331481516361237,true,false
31,44,-0.5999999999999999,-1.2000000000000002,-0.8336810767650604,true,false
32,44,-0.5499999999999998,-1.2000000000000002,-0.8334576189517975,true,false
33,44,-0.4999999999999998,-1.2000000000000002,-0.8321813941001892,true,false
34,44,-0.44999999999999973,-1.2000000000000002,-0.8294321894645691,true,false
35,44,-0.3999999999999999,-1.2000000000000002,-0.8262736797332764,true,false
36,44,-0.34999999999999987,-1.2000000000000002,-0.8231298923492432,true,false
37,44,-0.2999999999999998,-1.2000000000000002,-0.8174207806587219,true,false
38,44,-0.24999999999999978,-1.2000000000000002,-0.8079676926136017,true,false
39,44,-0.19999999999999973,-1.2000000000000002,-0.7818442583084106,true,false
40,44,-0.1499999999999999,-1.2000000000000002,-0.784244390992364,false,true
41,44,-0.09999999999999964,-1.2000000000000002,-0.7799999713897705,false,true
42,44,-0.04999999999999982,-1.2000000000000002,-0.7799999713897705,false,true
43,44,0.0,-1.2000000000000002,-0.7804862012165558,false,true
44,44,0.050000000000000266,-1.2000000000000002,-0.7811764478683472,false,true
45,44,0.10000000000000009,-1.2000000000000002,-0.7811418156343366,false,true
46,44,0.15000000000000036,-1.2000000000000002,-0.782292508131817,false,true
47,44,0.20000000000000018,-1.2000000000000002,-0.7842251658439635,false,true
48,44,0.25000000000000044,-1.2000000000000002,-0.7870796464733816,false,true
49,44,0.30000000000000027,-1.2000000000000002,-0.789932906627655,false,true
50,44,0.3500000000000001,-1.2000000000000002,-0.7882348378767206,false,true
51,44,0.40000000000000036,-1.2000000000000002,-0.7865368127822876,false,true
52,44,0.4500000000000002,-1.2000000000000002,-0.7865373413736159,false,true
53,44,0.5000000000000004,-1.2000000000000002,-0.7865374705763668,false,true
54,44,0.5500000000000003,-1.2000000000000002,-0.7841225579876482,false,true
55,44,0.6000000000000001,-1.2000000000000002,-0.7799999713897705,false,true
56,44,0.6500000000000004,-1.2000000000000002,-0.7799999713897705,false,true
0,45,-2.15,-1.1500000000000004,-0.7881180660561046,false,true
1,45,-2.1,-1.1500000000000004,-0.7881180644035339,false,true
2,45,-2.05,-1.1500000000000004,-0.79029658419515,false,true
3,45,-2.0,-1.1500000000000004,-0.7924751043319703,false,true
4,45,-1.95,-1.1500000000000004,-0.7938327673237278,false,true
5,45,-1.9,-1.1500000000000004,-0.7946280986823983,false,true
6,45,-1.8499999999999999,-1.1500000000000004,-0.7946276664733886,false,true
7,45,-1.7999999999999998,-1.1500000000000004,-0.7959918229542499,false,true
8,45,-1.75,-1.1500000000000004,-0.7973559200763702,false,true
9,45,-1.7,-1.1500000000000004,-0.8012984802304939,false,true
10,45,-1.65,-1.1500000000000004,-0.8036078383062388,false,true
11,45,-1.5999999999999999,-1.1500000000000004,-0.8036096096038818,false,true
12,45,-1.5499999999999998,-1.1500000000000004,-0.8049001782873092,false,true
13,45,-1.5,-1.1500000000000004,-0.8061894476413727,false,true
14,45,-1.4499999999999997,-1.1500000000000004,-0.8096192668060694,false,true
15,45,-1.4,-1.1500000000000004,-0.8116239122168816,false,true
16,45,-1.3499999999999999,-1.1500000000000004,-0.8116677999496461,false,true
17,45,-1.2999999999999998,-1.1500000000000004,-0.8165321772615652,false,true
18,45,-1.25,-1.1500000000000004,-0.8193125316333384,false,true
19,45,-1.1999999999999997,-1.1500000000000004,-0.8197113871574402,false,true
20,45,-1.15,-1.1500000000000004,-0.820371875779924,false,true
21,45,-1.0999999999999999,-1.1500000000000004,-0.8209384679794312,true,false
22,45,-1.0499999999999998,-1.1500000000000004,-0.8217301368713379,true,false
23,45,-0.9999999999999998,-1.1500000000000004,-0.8238109052181244,true,false
24,45,-0.9499999999999997,-1.1500000000000004,-0.825957179069519,true,false
25,45,-0.8999999999999999,-1.1500000000000004,-0.8272652626037598,true,false
26,45,-0.8499999999999999,-1.1500000000000004,-0.8278715014457703,true,false
27,45,-0.7999999999999998,-1.1500000000000004,-0.8289020657539368,true,false
28,45,-0.7499999999999998,-1.1500000000000004,-0.829176127910614,true,false
29,45,-0.6999999999999997,-1.1500000000000004,-0.8295443654060364,true,false
30,45,-0.6499999999999999,-1.1500000000000004,-0.8316143751144409,true,false
31,45,-0.5999999999999999,-1.1500000000000004,-0.8337505459785461,true,false
32,45,-0.5499999999999998,-1.1500000000000004,-0.8346737027168274,true,false
33,45,-0.4999999999999998,-1.1500000000000004,-0.835068941116333,true,false
34,45,-0.44999999999999973,-1.1500000000000004,-0.8331215083599091,true,false
35,45,-0.3999999999999999,-1.1500000000000004,-0.8299234211444855,true,false
36,45,-0.34999999999999987,-1.1500000000000004,-0.8270706534385681,true,false
37,45,-0.2999999999999998,-1.1500000000000004,-0.8216562867164612,true,false
38,45,-0.24999999999999978,-1.1500000000000004,-0.8100000023841858,true,false
39,45,-0.19999999999999973,-1.1500000000000004,-0.7978856265544891,true,false
40,45,-0.1499999999999999,-1.1500000000000004,-0.7799999713897705,true,false
41,45,-0.09999999999999964,-1.1500000000000004,-0.7799999713897705,false,true
42,45,-0.04999999999999982,-1.1500000000000004,-0.7806839076824651,false,true
43,45,0.0,-1.1500000000000004,-0.7811764478683472,false,true
44,45,0.050000000000000266,-1.1500000000000004,-0.7810928382593035,false,true
45,45,0.10000000000000009,-1.1500000000000004,-0.7823027025834021,false,true
46,45,0.15000000000000036,-1.1500000000000004,-0.7842251658439635,false,true
47,45,0.20000000000000018,-1.1500000000000004,-0.787081372485884,false,true
48,45,0.25000000000000044,-1.1500000000000004,-0.789932906627655,false,true
49,45,0.30000000000000027,-1.1500000000000004,-0.7882347761371042,false,true
50,45,0.3500000000000001,-1.1500000000000004,-0.7865368127822876,false,true
51,45,0.40000000000000036,-1.1500000000000004,-0.786538088914641,false,true
52,45,0.4500000000000002,-1.1500000000000004,-0.7865383110907287,false,true
53,45,0.5000000000000004,-1.1500000000000004,-0.7841230999871762,false,true
54,45,0.5500000000000003,-1.1500000000000004,-0.7799999713897705,false,true
55,45,0.6000000000000001,-1.1500000000000004,-0.7799999713897705,false,true
56,45,0.6500000000000004,-1.1500000000000004,-0.7799999795468326,false,true
0,46,-2.15,-1.1,-0.7881180644035339,false,true
1,46,-2.1,-1.1,-0.7902965843226677,false,true
2,46,-2.05,-1.1,-0.7924751043319703,false,true
3,46,-2.0,-1.1,-0.793832619050584,false,true
4,46,-1.95,-1.1,-0.7946278455002221,false,true
5,46,-1.9,-1.1,-0.7946276664733886,false,true
6,46,-1.8499999999999999,-1.1,-0.7959918010272459,false,true
7,46,-1.7999999999999998,-1.1,-0.7973559200763702,false,true
8,46,-1.75,-1.1,-0.8012990808888424,false,true
9,46,-1.7,-1.1,-0.8036088759083752,false,true
10,46,-1.65,-1.1,-0.8036096096038818,false,true
11,46,-1.5999999999999999,-1.1,-0.8048996983175597,false,true
12,46,-1.5499999999999998,-1.1,-0.8061894476413727,false,true
13,46,-1.5,-1.1,-0.8096336381279446,false,true
14,46,-1.4499999999999997,-1.1,-0.8116496210555132,false,true
15,46,-1.4,-1.1,-0.8116677999496461,false,true
16,46,-1.3499999999999999,-1.1,-0.8166486497918769,false,true
17,46,-1.2999999999999998,-1.1,-0.8195461757899297,false,true
18,46,-1.25,-1.1,-0.8197113871574402,false,true
19,46,-1.1999999999999997,-1.1,-0.8203371906231991,false,true
20,46,-1.15,-1.1,-0.8209384679794312,false,true
21,46,-1.0999999999999999,-1.1,-0.8219722890789254,false,true
22,46,-1.0499999999999998,-1.1,-0.8231773376464844,true,false
23,46,-0.9999999999999998,-1.1,-0.8231982290744781,true,false
24,46,-0.9499999999999997,-1.1,-0.8245562314987183,true,false
25,46,-0.8999999999999999,-1.1,-0.8269136548042297,true,false
26,46,-0.8499999999999999,-1.1,-0.828750342130661,true,false
27,46,-0.7999999999999998,-1.1,-0.8303934335708618,true,false
28,46,-0.7499999999999998,-1.1,-0.8309549689292908,true,false
29,46,-0.6999999999999997,-1.1,-0.8309299349784851,true,false
30,46,-0.6499999999999999,-1.1,-0.8311758041381836,true,false
31,46,-0.5999999999999999,-1.1,-0.8340651392936707,true,false
32,46,-0.5499999999999998,-1.1,-0.8363041877746582,true,false
33,46,-0.4999999999999998,-1.1,-0.8365726470947266,true,false
34,46,-0.44999999999999973,-1.1,-0.8363514840602875,true,false
35,46,-0.3999999999999999,-1.1,-0.833503246307373,true,false
36,46,-0.34999999999999987,-1.1,-0.8305397927761078,true,false
37,46,-0.2999999999999998,-1.1,-0.8250000476837158,true,false
38,46,-0.24999999999999978,-1.1,-0.8171058893203735,true,false
39,46,-0.19999999999999973,-1.1,-0.8091296255588531,true,false
40,46,-0.1499999999999999,-1.1,-0.7799999713897705,true,false
41,46,-0.09999999999999964,-1.1,-0.781638518945199,false,true
42,46,-0.04999999999999982,-1.1,-0.7811764478683472,false,true
43,46,0.0,-1.1,-0.7809745964162493,false,true
44,46,0.050000000000000266,-1.1,-0.7824211902179783,false,true
45,46,0.10000000000000009,-1.1,-0.7842251658439635,false,true
46,46,0.15000000000000036,-1.1,-0.7870879803989649,false,true
47,46,0.20000000000000018,-1.1,-0.789932906627655,false,true
48,46,0.25000000000000044,-1.1,-0.7882345397714822,false,true
49,46,0.30000000000000027,-1.1,-0.7865368127822876,false,true
50,46,0.3500000000000001,-1.1,-0.7865398936383227,false,true
51,46,0.40000000000000036,-1.1,-0.7865401236036063,false,true
52,46,0.4500000000000002,-1.1,-0.784124218683958,false,true
53,46,0.5000000000000004,-1.1,-0.7799999713897705,false,true
54,46,0.5500000000000003,-1.1,-0.7799999713897705,false,true
55,46,0.6000000000000001,-1.1,-0.7799999992397224,false,true
56,46,0.6500000000000004,-1.1,-0.7965754564059202,false,true
0,47,-2.15,-1.0500000000000003,-0.7902965843559758,false,true
1,47,-2.1,-1.0500000000000003,-0.7924751043319703,false,true
2,47,-2.05,-1.0500000000000003,-0.7938325576260619,false,true
3,47,-2.0,-1.0500000000000003,-0.7946277406287311,false,true
4,47,-1.95,-1.0500000000000003,-0.7946276664733886,false,true
5,47,-1.9,-1.0500000000000003,-0.7959917952998276,false,true
6,47,-1.8499999999999999,-1.0500000000000003,-0.7973559200763702,false,true
7,47,-1.7999999999999998,-1.0500000000000003,-0.8012993311715071,false,true
8,47,-1.75,-1.0500000000000003,-0.8036093056972523,false,true
9,47,-1.7,-1.0500000000000003,-0.8036096096038818,false,true
10,47,-1.65,-1.0500000000000003,-0.8048995729476012,false,true
11,47,-1.5999999999999999,-1.0500000000000003,-0.8061894476413727,false,true
12,47,-1.5499999999999998,-1.0500000000000003,-0.8096397335312949,false,true
13,47,-1.5,-1.0500000000000003,-0.8116602700051473,false,true
14,47,-1.4499999999999997,-1.0500000000000003,-0.8116677999496461,false,true
15,47,-1.4,-1.0500000000000003,-0.8167011178320748,false,true
16,47,-1.3499999999999999,-1.0500000000000003,-0.8196429543683591,false,true
17,47,-1.2999999999999998,-1.0500000000000003,-0.8197113871574402,false,true
18,47,-1.25,-1.0500000000000003,-0.8203281307258588,false,true
19,47,-1.1999999999999997,-1.0500000000000003,-0.8209384679794312,false,true
20,47,-1.15,-1.0500000000000003,-0.8220355401738785,false,true
21,47,-1.0999999999999999,-1.0500000000000003,-0.8231773376464843,false,true
22,47,-1.0499999999999998,-1.0500000000000003,-0.8234404473355867,false,true
23,47,-0.9999999999999998,-1.0500000000000003,-0.823874831199646,true,false
24,47,-0.9499999999999997,-1.0500000000000003,-0.8249947428703308,true,false
25,47,-0.8999999999999999,-1.0500000000000003,-0.8271017074584961,true,false
26,47,-0.8499999999999999,-1.0500000000000003,-0.828888475894928,true,false
27,47,-0.7999999999999998,-1.0500000000000003,-0.8310463428497314,true,false
28,47,-0.7499999999999998,-1.0500000000000003,-0.8322845101356506,true,false
29,47,-0.6999999999999997,-1.0500000000000003,-0.8309912085533142,true,false
30,47,-0.6499999999999999,-1.0500000000000003,-0.8312045931816101,true,false
31,47,-0.5999999999999999,-1.0500000000000003,-0.8340178728103638,true,false
32,47,-0.5499999999999998,-1.0500000000000003,-0.836678683757782,true,false
33,47,-0.4999999999999998,-1.0500000000000003,-0.8381502628326416,true,false
34,47,-0.44999999999999973,-1.0500000000000003,-0.8385812938213348,true,false
35,47,-0.3999999999999999,-1.0500000000000003,-0.8365246653556824,true,false
36,47,-0.34999999999999987,-1.0500000000000003,-0.8339516520500183,true,false
37,47,-0.2999999999999998,-1.0500000000000003,-0.8289007842540741,true,false
38,47,-0.24999999999999978,-1.0500000000000003,-0.8218321204185486,true,false
39,47,-0.19999999999999973,-1.0500000000000003,-0.8100000023841858,true,false
40,47,-0.1499999999999999,-1.0500000000000003,-0.7862477898597717,true,false
41,47,-0.09999999999999964,-1.0500000000000003,-0.7811764478683472,true,false
42,47,-0.04999999999999982,-1.0500000000000003,-0.7806891353551078,false,true
43,47,0.0,-1.0500000000000003,-0.7831605183448003,false,true
44,47,0.050000000000000266,-1.0500000000000003,-0.7842251658439635,false,true
45,47,0.10000000000000009,-1.0500000000000003,-0.7871132783126424,false,true
46,47,0.15000000000000036,-1.0500000000000003,-0.789932906627655,false,true
47,47,0.20000000000000018,-1.0500000000000003,-0.7882336348629235,false,true
48,47,0.25000000000000044,-1.0500000000000003,-0.7865368127822876,false,true
49,47,0.30000000000000027,-1.0500000000000003,-0.7865442506267109,false,true
50,47,0.3500000000000001,-1.0500000000000003,-0.7865437596449478,false,true
51,47,0.40000000000000036,-1.0500000000000003,-0.7841263094085249,false,true
52,47,0.4500000000000002,-1.0500000000000003,-0.7799999713897705,false,true
53,47,0.5000000000000004,-1.0500000000000003,-0.7799999713897705,false,true
54,47,0.5500000000000003,-1.0500000000000003,-0.7800000664754538,false,true
55,47,0.6000000000000001,-1.0500000000000003,-0.8009049531033766,false,true
56,47,0.6500000000000004,-1.0500000000000003,-0.8218101349545972,false,true
0,48,-2.15,-1.0,-0.7924751043319703,false,true
1,48,-2.1,-1.0,-0.7938325321815816,false,true
2,48,-2.05,-1.0,-0.7946276971895372,false,true
3,48,-2.0,-1.0,-0.7946276664733886,false,true
4,48,-1.95,-1.0,-0.7959917938038038,false,true
5,48,-1.9,-1.0,-0.7973559200763702,false,true
6,48,-1.8499999999999999,-1.0,-0.8012994351488785,false,true
7,48,-1.7999999999999998,-1.0,-0.8036094837216342,false,true
8,48,-1.75,-1.0,-0.8036096096038818,false,true
9,48,-1.7,-1.0,-0.8048995402004823,false,true
10,48,-1.65,-1.0,-0.8061894476413727,false,true
11,48,-1.5999999999999999,-1.0,-0.809642287864891,false,true
12,48,-1.5499999999999998,-1.0,-0.8116646809445108,false,true
13,48,-1.5,-1.0,-0.8116677999496461,false,true
14,48,-1.4499999999999997,-1.0,-0.8167237255293797,false,true
15,48,-1.4,-1.0,-0.8196830413680919,false,true
16,48,-1.3499999999999999,-1.0,-0.8197113871574402,false,true
17,48,-1.2999999999999998,-1.0,-0.8203257642455667,false,true
18,48,-1.25,-1.0,-0.8209384679794312,false,true
19,48,-1.1999999999999997,-1.0,-0.8220520616049759,false,true
20,48,-1.15,-1.0,-0.8231773376464843,false,true
21,48,-1.0999999999999999,-1.0,-0.8235037156839752,false,true
22,48,-1.0499999999999998,-1.0,-0.8238748311996459,false,true
23,48,-0.9999999999999998,-1.0,-0.8263130642351602,false,true
24,48,-0.9499999999999997,-1.0,-0.8256751894950867,true,false
25,48,-0.8999999999999999,-1.0,-0.8281263709068298,true,false
26,48,-0.8499999999999999,-1.0,-0.8307511806488037,true,false
27,48,-0.7999999999999998,-1.0,-0.8319553732872009,true,false
28,48,-0.7499999999999998,-1.0,-0.8329465985298157,true,false
29,48,-0.6999999999999997,-1.0,-0.8314077854156494,true,false
30,48,-0.6499999999999999,-1.0,-0.8314825296401978,true,false
31,48,-0.5999999999999999,-1.0,-0.8334804773330688,true,false
32,48,-0.5499999999999998,-1.0,-0.8365403115749359,true,false
33,48,-0.4999999999999998,-1.0,-0.8389462828636169,true,false
34,48,-0.44999999999999973,-1.0,-0.8394006490707397,true,false
35,48,-0.3999999999999999,-1.0,-0.8383054435253143,true,false
36,48,-0.34999999999999987,-1.0,-0.836158812046051,true,false
37,48,-0.2999999999999998,-1.0,-0.8319874703884125,true,false
38,48,-0.24999999999999978,-1.0,-0.8257039785385132,true,false
39,48,-0.19999999999999973,-1.0,-0.8206128478050232,true,false
40,48,-0.1499999999999999,-1.0,-0.8100000023841858,true,false
41,48,-0.09999999999999964,-1.0,-0.7799999713897705,true,false
42,48,-0.04999999999999982,-1.0,-0.7871340132306311,false,true
43,48,0.0,-1.0,-0.7842251658439635,false,true
44,48,0.050000000000000266,-1.0,-0.7872101295315652,false,true
45,48,0.10000000000000009,-1.0,-0.789932906627655,false,true
46,48,0.15000000000000036,-1.0,-0.7882301704864523,false,true
47,48,0.20000000000000018,-1.0,-0.7865368127822876,false,true
48,48,0.25000000000000044,-1.0,-0.7865547693271688,false,true
49,48,0.30000000000000027,-1.0,-0.7865500121545403,false,true
50,48,0.3500000000000001,-1.0,-0.7841294574570741,false,true
51,48,0.40000000000000036,-1.0,-0.7799999713897705,false,true
52,48,0.4500000000000002,-1.0,-0.7799999713897705,false,true
53,48,0.5000000000000004,-1.0,-0.7800002960326001,false,true
54,48,0.5500000000000003,-1.0,-0.8009045068310123,false,true
55,48,0.6000000000000001,-1.0,-0.8218098925951022,false,true
56,48,0.6500000000000004,-1.0,-0.8218103063286396,false,true
0,49,-2.15,-0.9500000000000002,-0.7938325216417992,false,true
1,49,-2.1,-0.9500000000000002,-0.794627679196434,false,true
2,49,-2.05,-0.9500000000000002,-0.7946276664733886,false,true
3,49,-2.0,-0.9500000000000002,-0.7959917934130365,false,true
4,49,-1.95,-0.9500000000000002,-0.7973559200763702,false,true
5,49,-1.9,-0.9500000000000002,-0.8012994782812762,false,true
6,49,-1.8499999999999999,-0.9500000000000002,-0.8036095574617477,false,true
7,49,-1.7999999999999998,-0.9500000000000002,-0.8036096096038818,false,true
8,49,-1.75,-0.9500000000000002,-0.8048995316468077,false,true
9,49,-1.7,-0.9500000000000002,-0.8061894476413727,false,true
10,49,-1.65,-0.9500000000000002,-0.8096433520213792,false,true
11,49,-1.5999999999999999,-0.9500000000000002,-0.8116665080154181,false,true
12,49,-1.5499999999999998,-0.9500000000000002,-0.8116677999496461,false,true
13,49,-1.5,-0.9500000000000002,-0.8167332711053783,false,true
14,49,-1.4499999999999997,-0.9500000000000002,-0.8196996459470559,false,true
15,49,-1.4,-0.9500000000000002,-0.8197113871574402,false,true
16,49,-1.3499999999999999,-0.9500000000000002,-0.8203251461117443,false,true
17,49,-1.2999999999999998,-0.9500000000000002,-0.8209384679794312,false,true
18,49,-1.25,-0.9500000000000002,-0.8220563770667985,false,true
19,49,-1.1999999999999997,-0.9500000000000002,-0.8231773376464843,false,true
20,49,-1.15,-0.9500000000000002,-0.8235202416217368,false,true
21,49,-1.0999999999999999,-0.9500000000000002,-0.8238748311996459,false,true
22,49,-1.0499999999999998,-0.9500000000000002,-0.8297951590899652,false,true
23,49,-0.9999999999999998,-0.9500000000000002,-0.8324830468442632,false,true
24,49,-0.9499999999999997,-0.9500000000000002,-0.8319816589355469,true,false
25,49,-0.8999999999999999,-0.9500000000000002,-0.8296758234500885,true,false
26,49,-0.8499999999999999,-0.9500000000000002,-0.8320245146751404,true,false
27,49,-0.7999999999999998,-0.9500000000000002,-0.8350655734539032,true,false
28,49,-0.7499999999999998,-0.9500000000000002,-0.8346924781799316,true,false
29,49,-0.6999999999999997,-0.9500000000000002,-0.8337599337100983,true,false
30,49,-0.6499999999999999,-0.9500000000000002,-0.8319396078586578,true,false
31,49,-0.5999999999999999,-0.9500000000000002,-0.8330777287483215,true,false
32,49,-0.5499999999999998,-0.9500000000000002,-0.8353786468505859,true,false
33,49,-0.4999999999999998,-0.9500000000000002,-0.839607447385788,true,false
34,49,-0.44999999999999973,-0.9500000000000002,-0.8402001261711121,true,false
35,49,-0.3999999999999999,-0.9500000000000002,-0.839562326669693,true,false
36,49,-0.34999999999999987,-0.9500000000000002,-0.8378354907035828,true,false
37,49,-0.2999999999999998,-0.9500000000000002,-0.8350518941879272,true,false
38,49,-0.24999999999999978,-0.9500000000000002,-0.8302453756332397,true,false
39,49,-0.19999999999999973,-0.9500000000000002,-0.825165331363678,true,false
40,49,-0.1499999999999999,-0.9500000000000002,-0.8106324076652527,true,false
41,49,-0.09999999999999964,-0.9500000000000002,-0.8072943687438965,true,false
42,49,-0.04999999999999982,-0.9500000000000002,-0.7842251658439636,true,false
43,49,0.0,-0.9500000000000002,-0.7875809173651536,false,true
44,49,0.050000000000000266,-0.9500000000000002,-0.789932906627655,false,true
45,49,0.10000000000000009,-0.9500000000000002,-0.7882169073735992,false,true
46,49,0.15000000000000036,-0.9500000000000002,-0.7865368127822876,false,true
47,49,0.20000000000000018,-0.9500000000000002,-0.7865801637164731,false,true
48,49,0.25000000000000044,-0.9500000000000002,-0.7865564838687433,false,true
49,49,0.30000000000000027,-0.9500000000000002,-0.7841314582078263,false,true
50,49,0.3500000000000001,-0.9500000000000002,-0.7799999713897705,false,true
51,49,0.40000000000000036,-0.9500000000000002,-0.7799999713897705,false,true
52,49,0.4500000000000002,-0.9500000000000002,-0.7800010797897226,false,true
53,49,0.5000000000000004,-0.9500000000000002,-0.8009029936968846,false,true
54,49,0.5500000000000003,-0.9500000000000002,-0.8218088937539851,false,true
55,49,0.6000000000000001,-0.9500000000000002,-0.8218103063286396,false,true
56,49,0.6500000000000004,-0.9500000000000002,-0.8218103063286396,false,true
0,50,-2.15,-0.9000000000000004,-0.7946276717434466,false,true
1,50,-2.1,-0.9000000000000004,-0.7946276664733886,false,true
2,50,-2.05,-0.9000000000000004,-0.7959917933109666,false,true
3,50,-2.0,-0.9000000000000004,-0.7973559200763702,false,true
4,50,-1.95,-0.9000000000000004,-0.8012994961604645,false,true
5,50,-1.9,-0.9000000000000004,-0.8036095880059028,false,true
6,50,-1.8499999999999999,-0.9000000000000004,-0.8036096096038818,false,true
7,50,-1.7999999999999998,-0.9000000000000004,-0.8048995294125549,false,true
8,50,-1.75,-0.9000000000000004,-0.8061894476413727,false,true
9,50,-1.7,-0.9000000000000004,-0.8096437940762742,false,true
10,50,-1.65,-0.9000000000000004,-0.8116672648129671,false,true
11,50,-1.5999999999999999,-0.9000000000000004,-0.8116677999496461,false,true
12,50,-1.5499999999999998,-0.9000000000000004,-0.8167372625321225,false,true
13,50,-1.5,-0.9000000000000004,-0.8197065237888603,false,true
14,50,-1.4499999999999997,-0.9000000000000004,-0.8197113871574402,false,true
15,50,-1.4,-0.9000000000000004,-0.8203249846527947,false,true
16,50,-1.3499999999999999,-0.9000000000000004,-0.8209384679794312,false,true
17,50,-1.2999999999999998,-0.9000000000000004,-0.8220575042821486,false,true
18,50,-1.25,-0.9000000000000004,-0.8231773376464843,false,true
19,50,-1.1999999999999997,-0.9000000000000004,-0.8235245582607175,false,true
20,50,-1.15,-0.9000000000000004,-0.8238748311996459,false,true
21,50,-1.0999999999999999,-0.9000000000000004,-0.8322356694879876,false,true
22,50,-1.0499999999999998,-0.9000000000000004,-0.8370226830321827,false,true
23,50,-0.9999999999999998,-0.9000000000000004,-0.83784861462469,false,true
24,50,-0.9499999999999997,-0.9000000000000004,-0.8399999737739563,true,false
25,50,-0.8999999999999999,-0.9000000000000004,-0.8317804634571075,true,false
26,50,-0.8499999999999999,-0.9000000000000004,-0.8358080983161926,true,false
27,50,-0.7999999999999998,-0.9000000000000004,-0.8360973596572876,true,false
28,50,-0.7499999999999998,-0.9000000000000004,-0.8354524374008179,true,false
29,50,-0.6999999999999997,-0.9000000000000004,-0.8341463208198547,true,false
30,50,-0.6499999999999999,-0.9000000000000004,-0.8329529762268066,true,false
31,50,-0.5999999999999999,-0.9000000000000004,-0.8341514766216278,true,false
32,50,-0.5499999999999998,-0.9000000000000004,-0.8365973234176636,true,false
33,50,-0.4999999999999998,-0.9000000000000004,-0.8399999737739563,true,false
34,50,-0.44999999999999973,-0.9000000000000004,-0.8403782248497009,true,false
35,50,-0.3999999999999999,-0.9000000000000004,-0.8399890065193176,true,false
36,50,-0.34999999999999987,-0.9000000000000004,-0.8383369445800781,true,false
37,50,-0.2999999999999998,-0.9000000000000004,-0.8357582986354828,true,false
38,50,-0.24999999999999978,-0.9000000000000004,-0.8332369923591614,true,false
39,50,-0.19999999999999973,-0.9000000000000004,-0.8291689157485962,true,false
40,50,-0.1499999999999999,-0.9000000000000004,-0.8227284252643585,true,false
41,50,-0.09999999999999964,-0.9000000000000004,-0.8100000023841858,true,false
42,50,-0.04999999999999982,-0.9000000000000004,-0.7890004515647888,true,false
43,50,0.0,-0.9000000000000004,-0.789932906627655,true,false
44,50,0.050000000000000266,-0.9000000000000004,-0.7881661305125935,false,true
45,50,0.10000000000000009,-0.9000000000000004,-0.7865368127822876,false,true
46,50,0.15000000000000036,-0.9000000000000004,-0.7866414711955396,false,true
47,50,0.20000000000000018,-0.9000000000000004,-0.7865426665933845,false,true
48,50,0.25000000000000044,-0.9000000000000004,-0.7841214476005721,false,true
49,50,0.30000000000000027,-0.9000000000000004,-0.7799999713897705,false,true
50,50,0.3500000000000001,-0.9000000000000004,-0.7799999713897705,false,true
51,50,0.40000000000000036,-0.9000000000000004,-0.7800037557039194,false,true
52,50,0.4500000000000002,-0.9000000000000004,-0.8008978889364823,false,true
53,50,0.5000000000000004,-0.9000000000000004,-0.8218054834970961,false,true
54,50,0.5500000000000003,-0.9000000000000004,-0.8218103063286396,false,true
55,50,0.6000000000000001,-0.9000000000000004,-0.8218103063286396,false,true
56,50,0.6500000000000004,-0.9000000000000004,-0.8196142288448099,false,true
0,51,-2.15,-0.8500000000000001,-0.7946276664733886,false,true
1,51,-2.1,-0.8500000000000001,-0.7959917932843056,false,true
2,51,-2.05,-0.8500000000000001,-0.7973559200763702,false,true
3,51,-2.0,-0.8500000000000001,-0.8012995035689928,false,true
4,51,-1.95,-0.8500000000000001,-0.803609600657706,false,true
5,51,-1.9,-0.8500000000000001,-0.8036096096038818,false,true
6,51,-1.8499999999999999,-0.8500000000000001,-0.8048995288289594,false,true
7,51,-1.7999999999999998,-0.8500000000000001,-0.8061894476413727,false,true
8,51,-1.75,-0.8500000000000001,-0.8096439774437794,false,true
9,51,-1.7,-0.8500000000000001,-0.811667578288776,false,true
10,51,-1.65,-0.8500000000000001,-0.8116677999496461,false,true
11,51,-1.5999999999999999,-0.8500000000000001,-0.8167389236057985,false,true
12,51,-1.5499999999999998,-0.8500000000000001,-0.8197093726842156,false,true
13,51,-1.5,-0.8500000000000001,-0.8197113871574402,false,true
14,51,-1.4499999999999997,-0.8500000000000001,-0.8203249424790914,false,true
15,51,-1.4,-0.8500000000000001,-0.8209384679794312,false,true
16,51,-1.3499999999999999,-0.8500000000000001,-0.822057798715166,false,true
17,51,-1.2999999999999998,-0.8500000000000001,-0.8231773376464843,false,true
18,51,-1.25,-0.8500000000000001,-0.823525685783546,false,true
19,51,-1.1999999999999997,-0.8500000000000001,-0.8238748311996459,false,true
20,51,-1.15,-0.8500000000000001,-0.8335010128947181,false,true
21,51,-1.0999999999999999,-0.8500000000000001,-0.8391795810867719,false,true
22,51,-1.0499999999999998,-0.8500000000000001,-0.8397303313087261,false,true
23,51,-0.9999999999999998,-0.8500000000000001,-0.8403942755603862,false,true
24,51,-0.9499999999999997,-0.8500000000000001,-0.8406730890274048,true,false
25,51,-0.8999999999999999,-0.8500000000000001,-0.8398975133895874,true,false
26,51,-0.8499999999999999,-0.8500000000000001,-0.8356212973594666,true,false
27,51,-0.7999999999999998,-0.8500000000000001,-0.8358777761459351,true,false
28,51,-0.7499999999999998,-0.8500000000000001,-0.8361925482749939,true,false
29,51,-0.6999999999999997,-0.8500000000000001,-0.835629940032959,true,false
30,51,-0.6499999999999999,-0.8500000000000001,-0.8349204063415527,true,false
31,51,-0.5999999999999999,-0.8500000000000001,-0.835512638092041,true,false
32,51,-0.5499999999999998,-0.8500000000000001,-0.8369477093219757,true,false
33,51,-0.4999999999999998,-0.8500000000000001,-0.8390548229217529,true,false
34,51,-0.44999999999999973,-0.8500000000000001,-0.8404965400695801,true,false
35,51,-0.3999999999999999,-0.8500000000000001,-0.8399999737739563,true,false
36,51,-0.34999999999999987,-0.8500000000000001,-0.8399999737739563,true,false
37,51,-0.2999999999999998,-0.8500000000000001,-0.8399999737739563,true,false
38,51,-0.24999999999999978,-0.8500000000000001,-0.8399999737739563,true,false
39,51,-0.19999999999999973,-0.8500000000000001,-0.8359817564487457,true,false
40,51,-0.1499999999999999,-0.8500000000000001,-0.8298423886299133,true,false
41,51,-0.09999999999999964,-0.8500000000000001,-0.8194697499275208,true,false
42,51,-0.04999999999999982,-0.8500000000000001,-0.8064814805984497,true,false
43,51,0.0,-0.8500000000000001,-0.7879717350006104,true,false
44,51,0.050000000000000266,-0.8500000000000001,-0.7865368127822876,true,false
45,51,0.10000000000000009,-0.8500000000000001,-0.7867894805429771,false,true
46,51,0.15000000000000036,-0.8500000000000001,-0.7864087895960886,false,true
47,51,0.20000000000000018,-0.8500000000000001,-0.7840672583018741,false,true
48,51,0.25000000000000044,-0.8500000000000001,-0.7799999713897705,false,true
49,51,0.30000000000000027,-0.8500000000000001,-0.7799999713897705,false,true
50,51,0.3500000000000001,-0.8500000000000001,-0.7800128918464622,false,true
51,51,0.40000000000000036,-0.8500000000000001,-0.800880818075204,false,true
52,51,0.4500000000000002,-0.8500000000000001,-0.8217938401517748,false,true
53,51,0.5000000000000004,-0.8500000000000001,-0.8218103063286396,false,true
54,51,0.5500000000000003,-0.8500000000000001,-0.8218103063286396,false,true
55,51,0.6000000000000001,-0.8500000000000001,-0.8192475824392117,false,true
56,51,0.6500000000000004,-0.8500000000000001,-0.8176774095206766,false,true
0,52,-2.15,-0.8000000000000003,-0.7959917932773415,false,true
1,52,-2.1,-0.8000000000000003,-0.7973559200763702,false,true
2,52,-2.05,-0.8000000000000003,-0.8012995066382703,false,true
3,52,-2.0,-0.8000000000000003,-0.8036096058982545,false,true
4,52,-1.95,-0.8000000000000003,-0.8036096096038818,false,true
5,52,-1.9,-0.8000000000000003,-0.8048995286765219,false,true
6,52,-1.8499999999999999,-0.8000000000000003,-0.8061894476413727,false,true
7,52,-1.7999999999999998,-0.8000000000000003,-0.8096440534514259,false,true
8,52,-1.75,-0.8000000000000003,-0.8116677081347075,false,true
9,52,-1.7,-0.8000000000000003,-0.8116677999496461,false,true
10,52,-1.65,-0.8000000000000003,-0.8167396132543842,false,true
11,52,-1.5999999999999999,-0.8000000000000003,-0.8197105527353096,false,true
12,52,-1.5499999999999998,-0.8000000000000003,-0.8197113871574402,false,true
13,52,-1.5,-0.8000000000000003,-0.8203249314631567,false,true
14,52,-1.4499999999999997,-0.8000000000000003,-0.8209384679794312,false,true
15,52,-1.4,-0.8000000000000003,-0.8220578756222112,false,true
16,52,-1.3499999999999999,-0.8000000000000003,-0.8231773376464843,false,true
17,52,-1.2999999999999998,-0.8000000000000003,-0.823525980296878,false,true
18,52,-1.25,-0.8000000000000003,-0.8238748311996459,false,true
19,52,-1.1999999999999997,-0.8000000000000003,-0.834072322224771,false,true
20,52,-1.15,-0.8000000000000003,-0.8400874492434179,false,true
21,52,-1.0999999999999999,-0.8000000000000003,-0.8403491248564239,false,true
22,52,-1.0499999999999998,-0.8000000000000003,-0.8405576007079935,false,true
23,52,-0.9999999999999998,-0.8000000000000003,-0.8406730890274048,false,true
24,52,-0.9499999999999997,-0.8000000000000003,-0.8405265630358211,false,true
25,52,-0.8999999999999999,-0.8000000000000003,-0.8399999737739563,true,false
26,52,-0.8499999999999999,-0.8000000000000003,-0.8363518118858337,true,false
27,52,-0.7999999999999998,-0.8000000000000003,-0.8357916474342346,true,false
28,52,-0.7499999999999998,-0.8000000000000003,-0.8361770808696747,true,false
29,52,-0.6999999999999997,-0.8000000000000003,-0.8366461396217346,true,false
30,52,-0.6499999999999999,-0.8000000000000003,-0.8364190459251404,true,false
31,52,-0.5999999999999999,-0.8000000000000003,-0.8366461396217346,true,false
32,52,-0.5499999999999998,-0.8000000000000003,-0.8369882106781006,true,false
33,52,-0.4999999999999998,-0.8000000000000003,-0.8399999737739563,true,false
34,52,-0.44999999999999973,-0.8000000000000003,-0.8425740599632263,true,false
35,52,-0.3999999999999999,-0.8000000000000003,-0.8449852466583252,true,false
36,52,-0.34999999999999987,-0.8000000000000003,-0.844510555267334,true,false
37,52,-0.2999999999999998,-0.8000000000000003,-0.844757080078125,true,false
38,52,-0.24999999999999978,-0.8000000000000003,-0.8436333537101746,true,false
39,52,-0.19999999999999973,-0.8000000000000003,-0.8405696749687195,true,false
40,52,-0.1499999999999999,-0.8000000000000003,-0.8375113606452942,true,false
41,52,-0.09999999999999964,-0.8000000000000003,-0.829056441783905,true,false
42,52,-0.04999999999999982,-0.8000000000000003,-0.8154559135437012,true,false
43,52,0.0,-0.8000000000000003,-0.7982697784900665,true,false
44,52,0.050000000000000266,-0.8000000000000003,-0.787146806716919,true,false
45,52,0.10000000000000009,-0.8000000000000003,-0.7857423881097272,false,true
46,52,0.15000000000000036,-0.8000000000000003,-0.7839336324083683,false,true
47,52,0.20000000000000018,-0.8000000000000003,-0.7799999713897705,false,true
48,52,0.25000000000000044,-0.8000000000000003,-0.7799999713897705,false,true
49,52,0.30000000000000027,-0.8000000000000003,-0.7800440845882394,false,true
50,52,0.3500000000000001,-0.8000000000000003,-0.8008246203919667,false,true
51,52,0.40000000000000036,-0.8000000000000003,-0.8217540872842672,false,true
52,52,0.4500000000000002,-0.8000000000000003,-0.8218103063286396,false,true
53,52,0.5000000000000004,-0.8000000000000003,-0.8218103063286396,false,true
54,52,0.5500000000000003,-0.8000000000000003,-0.8193734786060736,false,true
55,52,0.6000000000000001,-0.8000000000000003,-0.8177348233489279,false,true
56,52,0.6500000000000004,-0.8000000000000003,-0.8176368118133862,false,true
0,53,-2.15,-0.75,-0.7973559200763702,false,true
1,53,-2.1,-0.75,-0.8012995079097238,false,true
2,53,-2.05,-0.75,-0.8036096080689608,false,true
3,53,-2.0,-0.75,-0.8036096096038818,false,true
4,53,-1.95,-0.75,-0.8048995286367048,false,true
5,53,-1.9,-0.75,-0.8061894476413727,false,true
6,53,-1.8499999999999999,-0.75,-0.809644084946078,false,true
7,53,-1.7999999999999998,-0.75,-0.8116677619186533,false,true
8,53,-1.75,-0.75,-0.8116677999496461,false,true
9,53,-1.7,-0.75,-0.816739899249487,false,true
10,53,-1.65,-0.75,-0.819711041528477,false,true
11,53,-1.5999999999999999,-0.75,-0.8197113871574402,false,true
12,53,-1.5499999999999998,-0.75,-0.8203249285857519,false,true
13,53,-1.5,-0.75,-0.8209384679794312,false,true
14,53,-1.4499999999999997,-0.75,-0.8220578957106294,false,true
15,53,-1.4,-0.75,-0.8231773376464843,false,true
16,53,-1.3499999999999999,-0.75,-0.8235260572249016,false,true
17,53,-1.2999999999999998,-0.75,-0.8238748311996459,false,true
18,53,-1.25,-0.75,-0.834311416595257,false,true
19,53,-1.1999999999999997,-0.75,-0.8404482445788951,false,true
20,53,-1.15,-0.75,-0.8405583874555663,false,true
21,53,-1.0999999999999999,-0.75,-0.8406252521992089,false,true
22,53,-1.0499999999999998,-0.75,-0.8406730890274048,false,true
23,53,-0.9999999999999998,-0.75,-0.8409473385865265,false,true
24,53,-0.9499999999999997,-0.75,-0.8409917860953349,false,true
25,53,-0.8999999999999999,-0.75,-0.841693103313446,true,false
26,53,-0.8499999999999999,-0.75,-0.8399999737739563,true,false
27,53,-0.7999999999999998,-0.75,-0.8360674381256104,true,false
28,53,-0.7499999999999998,-0.75,-0.8371174037456512,true,false
29,53,-0.6999999999999997,-0.75,-0.8376013040542603,true,false
30,53,-0.6499999999999999,-0.75,-0.8371033668518066,true,false
31,53,-0.5999999999999999,-0.75,-0.8373080492019653,true,false
32,53,-0.5499999999999998,-0.75,-0.8376484513282776,true,false
33,53,-0.4999999999999998,-0.75,-0.8406198620796204,true,false
34,53,-0.44999999999999973,-0.75,-0.8450009524822235,true,false
35,53,-0.3999999999999999,-0.75,-0.8492931127548218,true,false
36,53,-0.34999999999999987,-0.75,-0.849850594997406,true,false
37,53,-0.2999999999999998,-0.75,-0.8483092486858368,true,false
38,53,-0.24999999999999978,-0.75,-0.8472333550453186,true,false
39,53,-0.19999999999999973,-0.75,-0.8444580435752869,true,false
40,53,-0.1499999999999999,-0.75,-0.8399999737739563,true,false
41,53,-0.09999999999999964,-0.75,-0.8317993879318237,true,false
42,53,-0.04999999999999982,-0.75,-0.8225314617156982,true,false
43,53,0.0,-0.75,-0.809872031211853,true,false
44,53,0.050000000000000266,-0.75,-0.7829618155956268,true,false
45,53,0.10000000000000009,-0.75,-0.7840828541921572,false,true
46,53,0.15000000000000036,-0.75,-0.7799999713897705,false,true
47,53,0.20000000000000018,-0.75,-0.7799999713897705,false,true
48,53,0.25000000000000044,-0.75,-0.7801505832702624,false,true
49,53,0.30000000000000027,-0.75,-0.8006449069159295,false,true
50,53,0.3500000000000001,-0.75,-0.8216183625048801,false,true
51,53,0.40000000000000036,-0.75,-0.8218103063286396,false,true
52,53,0.4500000000000002,-0.75,-0.8218103063286396,false,true
53,53,0.5000000000000004,-0.75,-0.8196467267591349,false,true
54,53,0.5500000000000003,-0.75,-0.817924870187813,false,true
55,53,0.6000000000000001,-0.75,-0.8177026773102644,false,true
56,53,0.6500000000000004,-0.75,-0.8175902378738973,false,true
0,54,-2.15,-0.7000000000000002,-0.8012995084364012,false,true
1,54,-2.1,-0.7000000000000002,-0.8036096089680967,false,true
2,54,-2.05,-0.7000000000000002,-0.8036096096038818,false,true
3,54,-2.0,-0.7000000000000002,-0.8048995286263043,false,true
4,54,-1.95,-0.7000000000000002,-0.8061894476413727,false,true
5,54,-1.9,-0.7000000000000002,-0.8096440979939208,false,true
6,54,-1.8499999999999999,-0.7000000000000002,-0.811667784196693,false,true
7,54,-1.7999999999999998,-0.7000000000000002,-0.8116677999496461,false,true
8,54,-1.75,-0.7000000000000002,-0.8167400177815672,false,true
9,54,-1.7,-0.7000000000000002,-0.819711243993236,false,true
10,54,-1.65,-0.7000000000000002,-0.8197113871574402,false,true
11,54,-1.5999999999999999,-0.7000000000000002,-0.8203249278341627,false,true
12,54,-1.5499999999999998,-0.7000000000000002,-0.8209384679794312,false,true
13,54,-1.5,-0.7000000000000002,-0.8220579009578021,false,true
14,54,-1.4499999999999997,-0.7000000000000002,-0.8231773376464843,false,true
15,54,-1.4,-0.7000000000000002,-0.8235260773187993,false,true
16,54,-1.3499999999999999,-0.7000000000000002,-0.8238748311996459,false,true
17,54,-1.2999999999999998,-0.7000000000000002,-0.8344071436346192,false,true
18,54,-1.25,-0.7000000000000002,-0.8405875143986148,false,true
19,54,-1.1999999999999997,-0.7000000000000002,-0.8406312862126695,false,true
20,54,-1.15,-0.7000000000000002,-0.8406532743643851,false,true
21,54,-1.0999999999999999,-0.7000000000000002,-0.8406730890274048,false,true
22,54,-1.0499999999999998,-0.7000000000000002,-0.8411548110680114,false,true
23,54,-0.9999999999999998,-0.7000000000000002,-0.8414026082101785,false,true
24,54,-0.9499999999999997,-0.7000000000000002,-0.841693103313446,false,true
25,54,-0.8999999999999999,-0.7000000000000002,-0.8406697402405646,false,true
26,54,-0.8499999999999999,-0.7000000000000002,-0.8399999737739563,true,false
27,54,-0.7999999999999998,-0.7000000000000002,-0.8369656205177307,true,false
28,54,-0.7499999999999998,-0.7000000000000002,-0.8369295597076416,true,false
29,54,-0.6999999999999997,-0.7000000000000002,-0.8349277377128601,true,false
30,54,-0.6499999999999999,-0.7000000000000002,-0.8352619409561157,true,false
31,54,-0.5999999999999999,-0.7000000000000002,-0.8399554193019867,true,false
32,54,-0.5499999999999998,-0.7000000000000002,-0.8410086035728455,true,false
33,54,-0.4999999999999998,-0.7000000000000002,-0.8451436161994934,true,false
34,54,-0.44999999999999973,-0.7000000000000002,-0.8479738235473633,true,false
35,54,-0.3999999999999999,-0.7000000000000002,-0.8512130975723267,true,false
36,54,-0.34999999999999987,-0.7000000000000002,-0.8520896434783936,true,false
37,54,-0.2999999999999998,-0.7000000000000002,-0.8516889214515686,true,false
38,54,-0.24999999999999978,-0.7000000000000002,-0.8497738838195801,true,false
39,54,-0.19999999999999973,-0.7000000000000002,-0.8472937047481537,true,false
40,54,-0.1499999999999999,-0.7000000000000002,-0.8442695140838623,true,false
41,54,-0.09999999999999964,-0.7000000000000002,-0.8399999737739563,true,false
42,54,-0.04999999999999982,-0.7000000000000002,-0.8299914598464966,true,false
43,54,0.0,-0.7000000000000002,-0.8148097395896912,true,false
44,54,0.050000000000000266,-0.7000000000000002,-0.7883783578872681,true,false
45,54,0.10000000000000009,-0.7000000000000002,-0.7799999713897705,true,false
46,54,0.15000000000000036,-0.7000000000000002,-0.7799999713897705,false,true
47,54,0.20000000000000018,-0.7000000000000002,-0.7805141925148003,false,true
48,54,0.25000000000000044,-0.7000000000000002,-0.8001021853433136,false,true
49,54,0.30000000000000027,-0.7000000000000002,-0.8211549691223461,false,true
50,54,0.3500000000000001,-0.7000000000000002,-0.8218103063286396,false,true
51,54,0.40000000000000036,-0.7000000000000002,-0.8218103063286396,false,true
52,54,0.4500000000000002,-0.7000000000000002,-0.820207471617173,false,true
53,54,0.5000000000000004,-0.7000000000000002,-0.8183488518098869,false,true
54,54,0.5500000000000003,-0.7000000000000002,-0.8178616906861205,false,true
55,54,0.6000000000000001,-0.7000000000000002,-0.8175902378738973,false,true
56,54,0.6500000000000004,-0.7000000000000002,-0.8129992233125451,false,true
0,55,-2.15,-0.6500000000000004,-0.803609609340531,false,true
1,55,-2.1,-0.6500000000000004,-0.8036096096038818,false,true
2,55,-2.05,-0.6500000000000004,-0.8048995286235877,false,true
3,55,-2.0,-0.6500000000000004,-0.8061894476413727,false,true
4,55,-1.95,-0.6500000000000004,-0.809644103398997,false,true
5,55,-1.9,-0.6500000000000004,-0.8116677934245593,false,true
6,55,-1.8499999999999999,-0.6500000000000004,-0.8116677999496461,false,true
7,55,-1.7999999999999998,-0.6500000000000004,-0.8167400668934589,false,true
8,55,-1.75,-0.6500000000000004,-0.819711327856885,false,true
9,55,-1.7,-0.6500000000000004,-0.8197113871574402,false,true
10,55,-1.65,-0.6500000000000004,-0.8203249276378446,false,true
11,55,-1.5999999999999999,-0.6500000000000004,-0.8209384679794312,false,true
12,55,-1.5499999999999998,-0.6500000000000004,-0.8220579023283839,false,true
13,55,-1.5,-0.6500000000000004,-0.8231773376464843,false,true
14,55,-1.4499999999999997,-0.6500000000000004,-0.8235260825674033,false,true
15,55,-1.4,-0.6500000000000004,-0.8238748311996459,false,true
16,55,-1.3499999999999999,-0.6500000000000004,-0.8344445022110363,false,true
17,55,-1.2999999999999998,-0.6500000000000004,-0.8406405493453591,false,true
18,55,-1.25,-0.6500000000000004,-0.840657445607735,false,true
19,55,-1.1999999999999997,-0.6500000000000004,-0.8406648815252482,false,true
20,55,-1.15,-0.6500000000000004,-0.8406730890274048,false,true
21,55,-1.0999999999999999,-0.6500000000000004,-0.8412476211059514,false,true
22,55,-1.0499999999999998,-0.6500000000000004,-0.8415727763018697,false,true
23,55,-0.9999999999999998,-0.6500000000000004,-0.841693103313446,false,true
24,55,-0.9499999999999997,-0.6500000000000004,-0.8409524840109508,false,true
25,55,-0.8999999999999999,-0.6500000000000004,-0.8404917249791346,false,true
26,55,-0.8499999999999999,-0.6500000000000004,-0.8408394455909729,true,false
27,55,-0.7999999999999998,-0.6500000000000004,-0.8400980532169342,true,false
28,55,-0.7499999999999998,-0.6500000000000004,-0.8355913758277893,true,false
29,55,-0.6999999999999997,-0.6500000000000004,-0.8371651768684387,true,false
30,55,-0.6499999999999999,-0.6500000000000004,-0.8399999737739563,true,false
31,55,-0.5999999999999999,-0.6500000000000004,-0.8418413698673248,true,false
32,55,-0.5499999999999998,-0.6500000000000004,-0.8461276888847351,true,false
33,55,-0.4999999999999998,-0.6500000000000004,-0.8482070863246918,true,false
34,55,-0.44999999999999973,-0.6500000000000004,-0.8497084379196167,true,false
35,55,-0.3999999999999999,-0.6500000000000004,-0.8512609601020813,true,false
36,55,-0.34999999999999987,-0.6500000000000004,-0.8529601097106934,true,false
37,55,-0.2999999999999998,-0.6500000000000004,-0.8531951904296875,true,false
38,55,-0.24999999999999978,-0.6500000000000004,-0.8531118631362915,true,false
39,55,-0.19999999999999973,-0.6500000000000004,-0.8507680892944336,true,false
40,55,-0.1499999999999999,-0.6500000000000004,-0.8459935188293457,true,false
41,55,-0.09999999999999964,-0.6500000000000004,-0.8399999737739563,true,false
42,55,-0.04999999999999982,-0.6500000000000004,-0.8343799710273743,true,false
43,55,0.0,-0.6500000000000004,-0.8263570070266724,true,false
44,55,0.050000000000000266,-0.6500000000000004,-0.8100000023841858,true,false
45,55,0.10000000000000009,-0.6500000000000004,-0.7799999713897705,true,false
46,55,0.15000000000000036,-0.6500000000000004,-0.7817556321289059,false,true
47,55,0.20000000000000018,-0.6500000000000004,-0.798662212260919,false,true
48,55,0.25000000000000044,-0.6500000000000004,-0.8195728451509848,false,true
49,55,0.30000000000000027,-0.6500000000000004,-0.8218103063286396,false,true
50,55,0.3500000000000001,-0.6500000000000004,-0.8218103063286396,false,true
51,55,0.40000000000000036,-0.6500000000000004,-0.821251715183962,false,true
52,55,0.4500000000000002,-0.6500000000000004,-0.8192535099897219,false,true
53,55,0.5000000000000004,-0.6500000000000004,-0.8182455829347107,false,true
54,55,0.5500000000000003,-0.6500000000000004,-0.8175902378738973,false,true
55,55,0.6000000000000001,-0.6500000000000004,-0.813002941852291,false,true
56,55,0.6500000000000004,-0.6500000000000004,-0.8084055793465228,false,true
0,56,-2.15,-0.6000000000000001,-0.8036096096038818,false,true
1,56,-2.1,-0.6000000000000001,-0.8048995286228782,false,true
2,56,-2.05,-0.6000000000000001,-0.8061894476413727,false,true
3,56,-2.0,-0.6000000000000001,-0.8096441056379529,false,true
4,56,-1.95,-0.6000000000000001,-0.8116677972468666,false,true
5,56,-1.9,-0.6000000000000001,-0.8116677999496461,false,true
6,56,-1.8499999999999999,-0.6000000000000001,-0.8167400872392314,false,true
7,56,-1.7999999999999998,-0.6000000000000001,-0.8197113625943461,false,true
8,56,-1.75,-0.6000000000000001,-0.8197113871574402,false,true
9,56,-1.7,-0.6000000000000001,-0.8203249275865655,false,true
10,56,-1.65,-0.6000000000000001,-0.8209384679794312,false,true
11,56,-1.5999999999999999,-0.6000000000000001,-0.8220579026863851,false,true
12,56,-1.5499999999999998,-0.6000000000000001,-0.8231773376464843,false,true
13,56,-1.5,-0.6000000000000001,-0.823526083938359,false,true
14,56,-1.4499999999999997,-0.6000000000000001,-0.8238748311996459,false,true
15,56,-1.4,-0.6000000000000001,-0.8344588875152958,false,true
16,56,-1.3499999999999999,-0.6000000000000001,-0.840660664773161,false,true
17,56,-1.2999999999999998,-0.6000000000000001,-0.8406670989911208,false,true
18,56,-1.25,-0.6000000000000001,-0.8406696893686983,false,true
19,56,-1.1999999999999997,-0.6000000000000001,-0.8406730890274048,false,true
20,56,-1.15,-0.6000000000000001,-0.8412874875455177,false,true
21,56,-1.0999999999999999,-0.6000000000000001,-0.8416432622333313,false,true
22,56,-1.0499999999999998,-0.6000000000000001,-0.841693103313446,false,true
23,56,-0.9999999999999998,-0.6000000000000001,-0.841070701588294,false,true
24,56,-0.9499999999999997,-0.6000000000000001,-0.8406954149976328,false,true
25,56,-0.8999999999999999,-0.6000000000000001,-0.8408394455909729,false,true
26,56,-0.8499999999999999,-0.6000000000000001,-0.8401038070867088,false,true
27,56,-0.7999999999999998,-0.6000000000000001,-0.8399999737739563,true,false
28,56,-0.7499999999999998,-0.6000000000000001,-0.8370021879673004,true,false
29,56,-0.6999999999999997,-0.6000000000000001,-0.8385425806045532,true,false
30,56,-0.6499999999999999,-0.6000000000000001,-0.8427883982658386,true,false
31,56,-0.5999999999999999,-0.6000000000000001,-0.8453003466129303,true,false
32,56,-0.5499999999999998,-0.6000000000000001,-0.8476336896419525,true,false
33,56,-0.4999999999999998,-0.6000000000000001,-0.8491827547550201,true,false
34,56,-0.44999999999999973,-0.6000000000000001,-0.8484922647476196,true,false
35,56,-0.3999999999999999,-0.6000000000000001,-0.8518386483192444,true,false
36,56,-0.34999999999999987,-0.6000000000000001,-0.8541742563247681,true,false
37,56,-0.2999999999999998,-0.6000000000000001,-0.8546730577945709,true,false
38,56,-0.24999999999999978,-0.6000000000000001,-0.8542441725730896,true,false
39,56,-0.19999999999999973,-0.6000000000000001,-0.8504021167755127,true,false
40,56,-0.1499999999999999,-0.6000000000000001,-0.8453758358955383,true,false
41,56,-0.09999999999999964,-0.6000000000000001,-0.8399999737739563,true,false
42,56,-0.04999999999999982,-0.6000000000000001,-0.8341831862926483,true,false
43,56,0.0,-0.6000000000000001,-0.829023540019989,true,false
44,56,0.050000000000000266,-0.6000000000000001,-0.8147763013839722,true,false
45,56,0.10000000000000009,-0.6000000000000001,-0.7859941720962524,true,false
46,56,0.15000000000000036,-0.6000000000000001,-0.7961529436474839,false,true
47,56,0.20000000000000018,-0.6000000000000001,-0.8141711360306071,false,true
48,56,0.25000000000000044,-0.6000000000000001,-0.8218103063286396,false,true
49,56,0.30000000000000027,-0.6000000000000001,-0.8218103063286396,false,true
50,56,0.3500000000000001,-0.6000000000000001,-0.8228524909255854,false,true
51,56,0.40000000000000036,-0.6000000000000001,-0.8210315160949989,false,true
52,56,0.4500000000000002,-0.6000000000000001,-0.8191723808077475,false,true
53,56,0.5000000000000004,-0.6000000000000001,-0.8175902378738973,false,true
54,56,0.5500000000000003,-0.6000000000000001,-0.8130171780107186,false,true
55,56,0.6000000000000001,-0.6000000000000001,-0.8084055793465228,false,true
56,56,0.6500000000000004,-0.6000000000000001,-0.7966570159850686,false,true
0,57,-2.15,-0.5500000000000003,-0.8048995286226928,false,true
1,57,-2.1,-0.5500000000000003,-0.8061894476413727,false,true
2,57,-2.05,-0.5500000000000003,-0.8096441065653793,false,true
3,57,-2.0,-0.5500000000000003,-0.8116677988301182,false,true
4,57,-1.95,-0.5500000000000003,-0.8116677999496461,false,true
5,57,-1.9,-0.5500000000000003,-0.8167400956673396,false,true
6,57,-1.8499999999999999,-0.5500000000000003,-0.8197113769830735,false,true
7,57,-1.7999999999999998,-0.5500000000000003,-0.8197113871574402,false,true
8,57,-1.75,-0.5500000000000003,-0.8203249275731713,false,true
9,57,-1.7,-0.5500000000000003,-0.8209384679794312,false,true
10,57,-1.65,-0.5500000000000003,-0.8220579027798964,false,true
11,57,-1.5999999999999999,-0.5500000000000003,-0.8231773376464843,false,true
12,57,-1.5499999999999998,-0.5500000000000003,-0.823526084296458,false,true
13,57,-1.5,-0.5500000000000003,-0.8238748311996459,false,true
14,57,-1.4499999999999997,-0.5500000000000003,-0.8344643986184851,false,true
15,57,-1.4,-0.5500000000000003,-0.8406683108865658,false,true
16,57,-1.3499999999999999,-0.5500000000000003,-0.8406707512971776,false,true
17,57,-1.2999999999999998,-0.5500000000000003,-0.8406716808426611,false,true
18,57,-1.25,-0.5500000000000003,-0.8406730890274048,false,true
19,57,-1.1999999999999997,-0.5500000000000003,-0.8413042955329147,false,true
20,57,-1.15,-0.5500000000000003,-0.8416724584620993,false,true
21,57,-1.0999999999999999,-0.5500000000000003,-0.841693103313446,false,true
22,57,-1.0499999999999998,-0.5500000000000003,-0.8411198969932411,false,true
23,57,-0.9999999999999998,-0.5500000000000003,-0.8407797861658147,false,true
24,57,-0.9499999999999997,-0.5500000000000003,-0.8408394455909729,false,true
25,57,-0.8999999999999999,-0.5500000000000003,-0.8399704992943605,false,true
26,57,-0.8499999999999999,-0.5500000000000003,-0.839540763901015,false,true
27,57,-0.7999999999999998,-0.5500000000000003,-0.8392160534858704,true,false
28,57,-0.7499999999999998,-0.5500000000000003,-0.8392696678638458,true,false
29,57,-0.6999999999999997,-0.5500000000000003,-0.8399999737739563,true,false
30,57,-0.6499999999999999,-0.5500000000000003,-0.8448997735977173,true,false
31,57,-0.5999999999999999,-0.5500000000000003,-0.8462952971458435,true,false
32,57,-0.5499999999999998,-0.5500000000000003,-0.8463455438613892,true,false
33,57,-0.4999999999999998,-0.5500000000000003,-0.8508815467357635,true,false
34,57,-0.44999999999999973,-0.5500000000000003,-0.8512596487998962,true,false
35,57,-0.3999999999999999,-0.5500000000000003,-0.8526906073093414,true,false
36,57,-0.34999999999999987,-0.5500000000000003,-0.8541477024555206,true,false
37,57,-0.2999999999999998,-0.5500000000000003,-0.8548814654350281,true,false
38,57,-0.24999999999999978,-0.5500000000000003,-0.8538411855697632,true,false
39,57,-0.19999999999999973,-0.5500000000000003,-0.8508732318878174,true,false
40,57,-0.1499999999999999,-0.5500000000000003,-0.8459669947624207,true,false
41,57,-0.09999999999999964,-0.5500000000000003,-0.8399999737739563,true,false
42,57,-0.04999999999999982,-0.5500000000000003,-0.8073062312782856,true,false
43,57,0.0,-0.5500000000000003,-0.8075622332275959,true,false
44,57,0.050000000000000266,-0.5500000000000003,-0.8225378394126892,true,false
45,57,0.10000000000000009,-0.5500000000000003,-0.811994434613094,true,false
46,57,0.15000000000000036,-0.5500000000000003,-0.8065319657325745,true,false
47,57,0.20000000000000018,-0.5500000000000003,-0.8153070098300659,false,true
48,57,0.25000000000000044,-0.5500000000000003,-0.8218103063286396,true,false
49,57,0.30000000000000027,-0.5500000000000003,-0.8242342350250559,false,true
50,57,0.3500000000000001,-0.5500000000000003,-0.8239377227859178,false,true
51,57,0.40000000000000036,-0.5500000000000003,-0.8214098688024112,false,true
52,57,0.4500000000000002,-0.5500000000000003,-0.8175902378738973,false,true
53,57,0.5000000000000004,-0.5500000000000003,-0.8130716801057943,false,true
54,57,0.5500000000000003,-0.5500000000000003,-0.8084055793465228,false,true
55,57,0.6000000000000001,-0.5500000000000003,-0.7949957479319762,false,true
56,57,0.6500000000000004,-0.5500000000000003,-0.7860831465293244,false,true
0,58,-2.15,-0.5,-0.8061894476413727,false,true
1,58,-2.1,-0.5,-0.8096441069495363,false,true
2,58,-2.05,-0.5,-0.8116677994859224,false,true
3,58,-2.0,-0.5,-0.8116677999496461,false,true
4,58,-1.95,-0.5,-0.8167400991585033,false,true
5,58,-1.9,-0.5,-0.8197113829430795,false,true
6,58,-1.8499999999999999,-0.5,-0.8197113871574402,false,true
7,58,-1.7999999999999998,-0.5,-0.8203249275696726,false,true
8,58,-1.75,-0.5,-0.8209384679794312,false,true
9,58,-1.7,-0.5,-0.822057902804322,false,true
10,58,-1.65,-0.5,-0.8231773376464843,false,true
11,58,-1.5999999999999999,-0.5,-0.8235260843899949,false,true
12,58,-1.5499999999999998,-0.5,-0.8238748311996459,false,true
13,58,-1.5,-0.5,-0.8344665114123606,false,true
14,58,-1.4499999999999997,-0.5,-0.8406712350866634,false,true
15,58,-1.4,-0.5,-0.8406721627157686,false,true
16,58,-1.3499999999999999,-0.5,-0.8406725057381857,false,true
17,58,-1.2999999999999998,-0.5,-0.8406730890274048,false,true
18,58,-1.25,-0.5,-0.8413113186775876,false,true
19,58,-1.1999999999999997,-0.5,-0.8416845519360251,false,true
20,58,-1.15,-0.5,-0.841693103313446,false,true
21,58,-1.0999999999999999,-0.5,-0.8411403216343193,false,true
22,58,-1.0499999999999998,-0.5,-0.840814733847949,false,true
23,58,-0.9999999999999998,-0.5,-0.8408394455909729,false,true
24,58,-0.9499999999999997,-0.5,-0.8398871788470291,false,true
25,58,-0.8999999999999999,-0.5,-0.8393505529436671,false,true
26,58,-0.8499999999999999,-0.5,-0.8392160534858703,false,true
27,58,-0.7999999999999998,-0.5,-0.8391850092679034,false,true
28,58,-0.7499999999999998,-0.5,-0.8390941023826599,true,false
29,58,-0.6999999999999997,-0.5,-0.8397979736328125,true,false
30,58,-0.6499999999999999,-0.5,-0.8430556356906891,true,false
31,58,-0.5999999999999999,-0.5,-0.8459842801094055,true,false
32,58,-0.5499999999999998,-0.5,-0.8495064973831177,true,false
33,58,-0.4999999999999998,-0.5,-0.8520809710025787,true,false
34,58,-0.44999999999999973,-0.5,-0.8530496954917908,true,false
35,58,-0.3999999999999999,-0.5,-0.8539430499076843,true,false
36,58,-0.34999999999999987,-0.5,-0.8548693060874939,true,false
37,58,-0.2999999999999998,-0.5,-0.8546702265739441,true,false
38,58,-0.24999999999999978,-0.5,-0.8540197014808655,true,false
39,58,-0.19999999999999973,-0.5,-0.8517853021621704,true,false
40,58,-0.1499999999999999,-0.5,-0.8459407389163971,true,false
41,58,-0.09999999999999964,-0.5,-0.8399999737739563,true,false
42,58,-0.04999999999999982,-0.5,-0.8369683623313904,true,false
43,58,0.0,-0.5,-0.8076646936119648,true,false
44,58,0.050000000000000266,-0.5,-0.808659107703075,true,false
45,58,0.10000000000000009,-0.5,-0.8096030366600605,true,false
46,58,0.15000000000000036,-0.5,-0.8121975970448109,true,false
47,58,0.20000000000000018,-0.5,-0.8148501527489277,true,false
48,58,0.25000000000000044,-0.5,-0.82227525236021,true,false
49,58,0.30000000000000027,-0.5,-0.8262208712280842,true,false
50,58,0.3500000000000001,-0.5,-0.8268116426647755,true,false
51,58,0.40000000000000036,-0.5,-0.8175902378738972,true,false
52,58,0.4500000000000002,-0.5,-0.8132803374049384,false,true
53,58,0.5000000000000004,-0.5,-0.8084055793465228,false,true
54,58,0.5500000000000003,-0.5,-0.7969288859636844,false,true
55,58,0.6000000000000001,-0.5,-0.7869591382628093,false,true
56,58,0.6500000000000004,-0.5,-0.785463726834314,false,true
0,59,-2.15,-0.4500000000000002,-0.8096441071086602,false,true
1,59,-2.1,-0.4500000000000002,-0.8116677997575654,false,true
2,59,-2.05,-0.4500000000000002,-0.8116677999496461,false,true
3,59,-2.0,-0.4500000000000002,-0.816740100604617,false,true
4,59,-1.95,-0.4500000000000002,-0.8197113854117948,false,true
5,59,-1.9,-0.4500000000000002,-0.8197113871574402,false,true
6,59,-1.8499999999999999,-0.4500000000000002,-0.8203249275687589,false,true
7,59,-1.7999999999999998,-0.4500000000000002,-0.8209384679794312,false,true
8,59,-1.75,-0.4500000000000002,-0.8220579028107021,false,true
9,59,-1.7,-0.4500000000000002,-0.8231773376464843,false,true
10,59,-1.65,-0.4500000000000002,-0.8235260844144271,false,true
11,59,-1.5999999999999999,-0.4500000000000002,-0.8238748311996459,false,true
12,59,-1.5499999999999998,-0.4500000000000002,-0.8344673251111361,false,true
13,59,-1.5,-0.4500000000000002,-0.8406723628754391,false,true
14,59,-1.4499999999999997,-0.4500000000000002,-0.8406727176403997,false,true
15,59,-1.4,-0.4500000000000002,-0.8406728474210995,false,true
16,59,-1.3499999999999999,-0.4500000000000002,-0.8406730890274048,false,true
17,59,-1.2999999999999998,-0.4500000000000002,-0.841314240402886,false,true
18,59,-1.25,-0.4500000000000002,-0.8416895612169414,false,true
19,59,-1.1999999999999997,-0.4500000000000002,-0.841693103313446,false,true
20,59,-1.15,-0.4500000000000002,-0.8411487915807929,false,true
21,59,-1.0999999999999999,-0.4500000000000002,-0.8408292096518626,false,true
22,59,-1.0499999999999998,-0.4500000000000002,-0.8408394455909729,false,true
23,59,-0.9999999999999998,-0.4500000000000002,-0.839846846158681,false,true
24,59,-0.9499999999999997,-0.4500000000000002,-0.8392717649854216,false,true
25,59,-0.8999999999999999,-0.4500000000000002,-0.8392160534858703,false,true
26,59,-0.8499999999999999,-0.4500000000000002,-0.8391628961145943,false,true
27,59,-0.7999999999999998,-0.4500000000000002,-0.8390941023826598,false,true
28,59,-0.7499999999999998,-0.4500000000000002,-0.8385178959163296,false,true
29,59,-0.6999999999999997,-0.4500000000000002,-0.838525116443634,true,false
30,59,-0.6499999999999999,-0.4500000000000002,-0.8412495255470276,true,false
31,59,-0.5999999999999999,-0.4500000000000002,-0.8448306322097778,true,false
32,59,-0.5499999999999998,-0.4500000000000002,-0.8504384160041809,true,false
33,59,-0.4999999999999998,-0.4500000000000002,-0.8533047437667847,true,false
34,59,-0.44999999999999973,-0.4500000000000002,-0.8545264601707458,true,false
35,59,-0.3999999999999999,-0.4500000000000002,-0.8537446856498718,true,false
36,59,-0.34999999999999987,-0.4500000000000002,-0.8552097082138062,true,false
37,59,-0.2999999999999998,-0.4500000000000002,-0.8552453517913818,true,false
38,59,-0.24999999999999978,-0.4500000000000002,-0.8546693623065948,true,false
39,59,-0.19999999999999973,-0.4500000000000002,-0.8524625301361084,true,false
40,59,-0.1499999999999999,-0.4500000000000002,-0.8495801091194153,true,false
41,59,-0.09999999999999964,-0.4500000000000002,-0.7987358284176441,true,false
42,59,-0.04999999999999982,-0.4500000000000002,-0.8191419845909402,true,false
43,59,0.0,-0.4500000000000002,-0.817931175836973,true,false
44,59,0.050000000000000266,-0.4500000000000002,-0.804683209675655,true,false
45,59,0.10000000000000009,-0.4500000000000002,-0.8172682827801034,true,false
46,59,0.15000000000000036,-0.4500000000000002,-0.8084055793465229,true,false
47,59,0.20000000000000018,-0.4500000000000002,-0.8121572447002979,true,false
48,59,0.25000000000000044,-0.4500000000000002,-0.8228356850327107,true,false
49,59,0.30000000000000027,-0.4500000000000002,-0.8279447269619556,true,false
50,59,0.3500000000000001,-0.4500000000000002,-0.8251356494606586,true,false
51,59,0.40000000000000036,-0.4500000000000002,-0.814079166668758,true,false
52,59,0.4500000000000002,-0.4500000000000002,-0.8084055793465229,true,false
53,59,0.5000000000000004,-0.4500000000000002,-0.8011572480913661,false,true
54,59,0.5500000000000003,-0.4500000000000002,-0.7900520968409661,false,true
55,59,0.6000000000000001,-0.4500000000000002,-0.7861952768457229,false,true
56,59,0.6500000000000004,-0.4500000000000002,-0.7849464428604694,false,true
0,60,-2.15,-0.40000000000000036,-0.8116677998700836,false,true
1,60,-2.1,-0.40000000000000036,-0.8116677999496461,false,true
2,60,-2.05,-0.40000000000000036,-0.8167401012036223,false,true
3,60,-2.0,-0.40000000000000036,-0.8197113864343701,false,true
4,60,-1.95,-0.40000000000000036,-0.8197113871574402,false,true
5,60,-1.9,-0.40000000000000036,-0.8203249275685199,false,true
6,60,-1.8499999999999999,-0.40000000000000036,-0.8209384679794312,false,true
7,60,-1.7999999999999998,-0.40000000000000036,-0.8220579028123687,false,true
8,60,-1.75,-0.40000000000000036,-0.8231773376464843,false,true
9,60,-1.7,-0.40000000000000036,-0.8235260844208088,false,true
10,60,-1.65,-0.40000000000000036,-0.8238748311996459,false,true
11,60,-1.5999999999999999,-0.40000000000000036,-0.8344676406871555,false,true
12,60,-1.5499999999999998,-0.40000000000000036,-0.840672801973859,false,true
13,60,-1.5,-0.40000000000000036,-0.8406729387975809,false,true
14,60,-1.4499999999999997,-0.40000000000000036,-0.8406729889507963,false,true
15,60,-1.4,-0.40000000000000036,-0.8406730890274048,false,true
16,60,-1.3499999999999999,-0.40000000000000036,-0.8413154532396899,false,true
17,60,-1.2999999999999998,-0.40000000000000036,-0.8416916361290346,false,true
18,60,-1.25,-0.40000000000000036,-0.841693103313446,false,true
19,60,-1.1999999999999997,-0.40000000000000036,-0.841152301973648,false,true
20,60,-1.15,-0.40000000000000036,-0.8408352057261698,false,true
21,60,-1.0999999999999999,-0.40000000000000036,-0.8408394455909729,false,true
22,60,-1.0499999999999998,-0.40000000000000036,-0.8398289344032579,false,true
23,60,-0.9999999999999998,-0.40000000000000036,-0.8392391299445646,false,true
24,60,-0.9499999999999997,-0.40000000000000036,-0.8392160534858703,false,true
25,60,-0.8999999999999999,-0.40000000000000036,-0.8391571200732622,false,true
26,60,-0.8499999999999999,-0.40000000000000036,-0.8390941023826598,false,true
27,60,-0.7999999999999998,-0.40000000000000036,-0.837890354553185,false,true
28,60,-0.7499999999999998,-0.40000000000000036,-0.8372877078444065,false,true
29,60,-0.6999999999999997,-0.40000000000000036,-0.8364127278327942,true,false
30,60,-0.6499999999999999,-0.40000000000000036,-0.838355302810669,true,false
31,60,-0.5999999999999999,-0.40000000000000036,-0.844033420085907,true,false
32,60,-0.5499999999999998,-0.40000000000000036,-0.8508292436599731,true,false
33,60,-0.4999999999999998,-0.40000000000000036,-0.8535254895687103,true,false
34,60,-0.44999999999999973,-0.40000000000000036,-0.8541404008865356,true,false
35,60,-0.3999999999999999,-0.40000000000000036,-0.8555061221122742,true,false
36,60,-0.34999999999999987,-0.40000000000000036,-0.8564638197422028,true,false
37,60,-0.2999999999999998,-0.40000000000000036,-0.8567149341106415,true,false
38,60,-0.24999999999999978,-0.40000000000000036,-0.855455219745636,true,false
39,60,-0.19999999999999973,-0.40000000000000036,-0.8537344038486481,true,false
40,60,-0.1499999999999999,-0.40000000000000036,-0.849218338727951,true,false
41,60,-0.09999999999999964,-0.40000000000000036,-0.8439081907272339,true,false
42,60,-0.04999999999999982,-0.40000000000000036,-0.8397669792175293,true,false
43,60,0.0,-0.40000000000000036,-0.7989370835007282,true,false
44,60,0.050000000000000266,-0.40000000000000036,-0.816239953646116,true,false
45,60,0.10000000000000009,-0.40000000000000036,-0.8051680934609028,true,false
46,60,0.15000000000000036,-0.40000000000000036,-0.8084055793465229,true,false
47,60,0.20000000000000018,-0.40000000000000036,-0.8100000023841858,true,false
48,60,0.25000000000000044,-0.40000000000000036,-0.8177445542992207,true,false
49,60,0.30000000000000027,-0.40000000000000036,-0.8212499034584614,true,false
50,60,0.3500000000000001,-0.40000000000000036,-0.8213768017471882,true,false
51,60,0.40000000000000036,-0.40000000000000036,-0.8156715047539326,true,false
52,60,0.4500000000000002,-0.40000000000000036,-0.8084055793465229,true,false
53,60,0.5000000000000004,-0.40000000000000036,-0.7981144499958607,true,false
54,60,0.5500000000000003,-0.40000000000000036,-0.7879613948048206,true,false
55,60,0.6000000000000001,-0.40000000000000036,-0.7849464428604694,true,false
56,60,0.6500000000000004,-0.40000000000000036,-0.7825860213314003,false,true
0,61,-2.15,-0.3500000000000001,-0.8116677999496461,false,true
1,61,-2.1,-0.3500000000000001,-0.8167401014517396,false,true
2,61,-2.05,-0.3500000000000001,-0.8197113868579348,false,true
3,61,-2.0,-0.3500000000000001,-0.8197113871574402,false,true
4,61,-1.95,-0.3500000000000001,-0.8203249275684577,false,true
5,61,-1.9,-0.3500000000000001,-0.8209384679794312,false,true
6,61,-1.8499999999999999,-0.3500000000000001,-0.8220579028128039,false,true
7,61,-1.7999999999999998,-0.3500000000000001,-0.8231773376464843,false,true
8,61,-1.75,-0.3500000000000001,-0.8235260844224758,false,true
9,61,-1.7,-0.3500000000000001,-0.8238748311996459,false,true
10,61,-1.65,-0.3500000000000001,-0.8344677640868619,false,true
11,61,-1.5999999999999999,-0.3500000000000001,-0.8406729745841054,false,true
12,61,-1.5499999999999998,-0.3500000000000001,-0.8406730278556767,false,true
13,61,-1.5,-0.3500000000000001,-0.8406730475743162,false,true
14,61,-1.4499999999999997,-0.3500000000000001,-0.8406730890274048,false,true
15,61,-1.4,-0.3500000000000001,-0.8413159561554644,false,true
16,61,-1.3499999999999999,-0.3500000000000001,-0.8416924955857643,false,true
17,61,-1.2999999999999998,-0.3500000000000001,-0.841693103313446,false,true
18,61,-1.25,-0.3500000000000001,-0.8411537564456079,false,true
19,61,-1.1999999999999997,-0.3500000000000001,-0.8408376893814687,false,true
20,61,-1.15,-0.3500000000000001,-0.8408394455909729,false,true
21,61,-1.0999999999999999,-0.3500000000000001,-0.8398212654628779,false,true
22,61,-1.0499999999999998,-0.3500000000000001,-0.839225612068033,false,true
23,61,-0.9999999999999998,-0.3500000000000001,-0.8392160534858703,false,true
24,61,-0.9499999999999997,-0.3500000000000001,-0.8391556113488844,false,true
25,61,-0.8999999999999999,-0.3500000000000001,-0.8390941023826598,false,true
26,61,-0.8499999999999999,-0.3500000000000001,-0.8376102636450208,false,true
27,61,-0.7999999999999998,-0.3500000000000001,-0.8367751564204094,false,true
28,61,-0.7499999999999998,-0.3500000000000001,-0.8364127278327942,false,true
29,61,-0.6999999999999997,-0.3500000000000001,-0.8359316119775234,false,true
30,61,-0.6499999999999999,-0.3500000000000001,-0.8337366878986359,true,false
31,61,-0.5999999999999999,-0.3500000000000001,-0.8399999737739563,true,false
32,61,-0.5499999999999998,-0.3500000000000001,-0.8484117388725281,true,false
33,61,-0.4999999999999998,-0.3500000000000001,-0.8523388206958771,true,false
34,61,-0.44999999999999973,-0.3500000000000001,-0.8543566167354584,true,false
35,61,-0.3999999999999999,-0.3500000000000001,-0.8567242622375488,true,false
36,61,-0.34999999999999987,-0.3500000000000001,-0.857488214969635,true,false
37,61,-0.2999999999999998,-0.3500000000000001,-0.8574931919574738,true,false
38,61,-0.24999999999999978,-0.3500000000000001,-0.856944739818573,true,false
39,61,-0.19999999999999973,-0.3500000000000001,-0.8548685312271118,true,false
40,61,-0.1499999999999999,-0.3500000000000001,-0.8205874568313882,true,false
41,61,-0.09999999999999964,-0.3500000000000001,-0.7922930133522602,true,false
42,61,-0.04999999999999982,-0.3500000000000001,-0.8399999737739563,true,false
43,61,0.0,-0.3500000000000001,-0.7985445869148823,true,false
44,61,0.050000000000000266,-0.3500000000000001,-0.8162915116638467,true,false
45,61,0.10000000000000009,-0.3500000000000001,-0.8299885988235474,true,false
46,61,0.15000000000000036,-0.3500000000000001,-0.8075002145947071,true,false
47,61,0.20000000000000018,-0.3500000000000001,-0.809376539009914,true,false
48,61,0.25000000000000044,-0.3500000000000001,-0.7853060072750375,true,false
49,61,0.30000000000000027,-0.3500000000000001,-0.817077578324184,true,false
50,61,0.3500000000000001,-0.3500000000000001,-0.8152781439007374,true,false
51,61,0.40000000000000036,-0.3500000000000001,-0.8103268158615681,true,false
52,61,0.4500000000000002,-0.3500000000000001,-0.8077407193363758,true,false
53,61,0.5000000000000004,-0.3500000000000001,-0.7982092809856983,true,false
54,61,0.5500000000000003,-0.3500000000000001,-0.7875522983254047,true,false
55,61,0.6000000000000001,-0.3500000000000001,-0.7792478811920734,true,false
56,61,0.6500000000000004,-0.3500000000000001,-0.7797175308271809,false,true
0,62,-2.15,-0.30000000000000027,-0.8167401015545134,false,true
1,62,-2.1,-0.30000000000000027,-0.819711387033381,false,true
2,62,-2.05,-0.30000000000000027,-0.8197113871574402,false,true
3,62,-2.0,-0.30000000000000027,-0.8203249275684414,false,true
4,62,-1.95,-0.30000000000000027,-0.8209384679794312,false,true
5,62,-1.9,-0.30000000000000027,-0.8220579028129176,false,true
6,62,-1.8499999999999999,-0.30000000000000027,-0.8231773376464843,false,true
7,62,-1.7999999999999998,-0.30000000000000027,-0.8235260844229112,false,true
8,62,-1.75,-0.30000000000000027,-0.8238748311996459,false,true
9,62,-1.7,-0.30000000000000027,-0.8344678127543815,false,true
10,62,-1.65,-0.30000000000000027,-0.8406730430572604,false,true
11,62,-1.5999999999999999,-0.30000000000000027,-0.8406730639983948,false,true
12,62,-1.5499999999999998,-0.30000000000000027,-0.8406730718569733,false,true
13,62,-1.5,-0.30000000000000027,-0.8406730890274048,false,true
14,62,-1.4499999999999997,-0.30000000000000027,-0.8413161645823174,false,true
15,62,-1.4,-0.30000000000000027,-0.8416928515843981,false,true
16,62,-1.3499999999999999,-0.30000000000000027,-0.841693103313446,false,true
17,62,-1.2999999999999998,-0.30000000000000027,-0.8411543589945281,false,true
18,62,-1.25,-0.30000000000000027,-0.8408387181451779,false,true
19,62,-1.1999999999999997,-0.30000000000000027,-0.8408394455909729,false,true
20,62,-1.15,-0.30000000000000027,-0.8398180371798957,false,true
21,62,-1.0999999999999999,-0.30000000000000027,-0.839220012780239,false,true
22,62,-1.0499999999999998,-0.30000000000000027,-0.8392160534858703,false,true
23,62,-0.9999999999999998,-0.30000000000000027,-0.8391552172642305,false,true
24,62,-0.9499999999999997,-0.30000000000000027,-0.8390941023826598,false,true
25,62,-0.8999999999999999,-0.30000000000000027,-0.83749007200374,false,true
26,62,-0.8499999999999999,-0.30000000000000027,-0.8365628506691762,false,true
27,62,-0.7999999999999998,-0.30000000000000027,-0.8364127278327942,false,true
28,62,-0.7499999999999998,-0.30000000000000027,-0.8357505359120161,false,true
29,62,-0.6999999999999997,-0.30000000000000027,-0.8348333686590194,false,true
30,62,-0.6499999999999999,-0.30000000000000027,-0.8374222927611402,false,true
31,62,-0.5999999999999999,-0.30000000000000027,-0.8390887975692749,true,false
32,62,-0.5499999999999998,-0.30000000000000027,-0.8459349870681763,true,false
33,62,-0.4999999999999998,-0.30000000000000027,-0.8513474762439728,true,false
34,62,-0.44999999999999973,-0.30000000000000027,-0.855506956577301,true,false
35,62,-0.3999999999999999,-0.30000000000000027,-0.8576758503913879,true,false
36,62,-0.34999999999999987,-0.30000000000000027,-0.8580086827278137,true,false
37,62,-0.2999999999999998,-0.30000000000000027,-0.8578886389732361,true,false
38,62,-0.24999999999999978,-0.30000000000000027,-0.8565663695335388,true,false
39,62,-0.19999999999999973,-0.30000000000000027,-0.8553590476512909,true,false
40,62,-0.1499999999999999,-0.30000000000000027,-0.8500000238418579,true,false
41,62,-0.09999999999999964,-0.30000000000000027,-0.7923593533218952,true,false
42,62,-0.04999999999999982,-0.30000000000000027,-0.8399999737739563,true,false
43,62,0.0,-0.30000000000000027,-0.7986404907883259,true,false
44,62,0.050000000000000266,-0.30000000000000027,-0.8170237547249124,true,false
45,62,0.10000000000000009,-0.30000000000000027,-0.8325504064559937,true,false
46,62,0.15000000000000036,-0.30000000000000027,-0.8074598324478718,true,false
47,62,0.20000000000000018,-0.30000000000000027,-0.8092671942890736,true,false
48,62,0.25000000000000044,-0.30000000000000027,-0.8112015736282917,true,false
49,62,0.30000000000000027,-0.30000000000000027,-0.8138149392784687,true,false
50,62,0.3500000000000001,-0.30000000000000027,-0.8130286944092365,true,false
51,62,0.40000000000000036,-0.30000000000000027,-0.8084055793465229,true,false
52,62,0.4500000000000002,-0.30000000000000027,-0.8031677019775959,true,false
53,62,0.5000000000000004,-0.30000000000000027,-0.8008096826256367,true,false
54,62,0.5500000000000003,-0.30000000000000027,-0.7784056079567524,true,false
55,62,0.6000000000000001,-0.30000000000000027,-0.775152803677425,true,false
56,62,0.6500000000000004,-0.30000000000000027,-0.7733799470089691,false,true
0,63,-2.15,-0.25,-0.8197113871060532,false,true
1,63,-2.1,-0.25,-0.8197113871574402,false,true
2,63,-2.05,-0.25,-0.8203249275684371,false,true
3,63,-2.0,-0.25,-0.8209384679794312,false,true
4,63,-1.95,-0.25,-0.8220579028129472,false,true
5,63,-1.9,-0.25,-0.8231773376464843,false,true
6,63,-1.8499999999999999,-0.25,-0.8235260844230249,false,true
7,63,-1.7999999999999998,-0.25,-0.8238748311996459,false,true
8,63,-1.75,-0.25,-0.8344678321072511,false,true
9,63,-1.7,-0.25,-0.8406730704434104,false,true
10,63,-1.65,-0.25,-0.8406730787505972,false,true
11,63,-1.5999999999999999,-0.25,-0.8406730819151792,false,true
12,63,-1.5499999999999998,-0.25,-0.8406730890274048,false,true
13,63,-1.5,-0.25,-0.8413162509388086,false,true
14,63,-1.4499999999999997,-0.25,-0.8416929990438603,false,true
15,63,-1.4,-0.25,-0.841693103313446,false,true
16,63,-1.3499999999999999,-0.25,-0.8411546085964621,false,true
17,63,-1.2999999999999998,-0.25,-0.8408391442730587,false,true
18,63,-1.25,-0.25,-0.8408394455909729,false,true
19,63,-1.1999999999999997,-0.25,-0.8398166892730796,false,true
20,63,-1.15,-0.25,-0.8392176934792952,false,true
21,63,-1.0999999999999999,-0.25,-0.8392160534858703,false,true
22,63,-1.0499999999999998,-0.25,-0.8391551143277919,false,true
23,63,-0.9999999999999998,-0.25,-0.8390941023826598,false,true
24,63,-0.9499999999999997,-0.25,-0.8374394224931094,false,true
25,63,-0.8999999999999999,-0.25,-0.8364749107476455,false,true
26,63,-0.8499999999999999,-0.25,-0.8364127278327942,false,true
27,63,-0.7999999999999998,-0.25,-0.8359401638532112,false,true
28,63,-0.7499999999999998,-0.25,-0.8356088390614835,false,true
29,63,-0.6999999999999997,-0.25,-0.8359300494194031,false,true
30,63,-0.6499999999999999,-0.25,-0.8359300494194031,true,false
31,63,-0.5999999999999999,-0.25,-0.8398104012012482,true,false
32,63,-0.5499999999999998,-0.25,-0.8475984930992126,true,false
33,63,-0.4999999999999998,-0.25,-0.8525313436985016,true,false
34,63,-0.44999999999999973,-0.25,-0.8560296297073364,true,false
35,63,-0.3999999999999999,-0.25,-0.8580150604248047,true,false
36,63,-0.34999999999999987,-0.25,-0.8585332334041595,true,false
37,63,-0.2999999999999998,-0.25,-0.8582926988601685,true,false
38,63,-0.24999999999999978,-0.25,-0.8572068214416504,true,false
39,63,-0.19999999999999973,-0.25,-0.8549399971961975,true,false
40,63,-0.1499999999999999,-0.25,-0.7883392584503742,true,false
41,63,-0.09999999999999964,-0.25,-0.8482275605201721,true,false
42,63,-0.04999999999999982,-0.25,-0.8198692208618448,true,false
43,63,0.0,-0.25,-0.7988789093674274,true,false
44,63,0.050000000000000266,-0.25,-0.8394256830215454,true,false
45,63,0.10000000000000009,-0.25,-0.8039945972145649,true,false
46,63,0.15000000000000036,-0.25,-0.8202324813694284,true,false
47,63,0.20000000000000018,-0.25,-0.8189968168735504,true,false
48,63,0.25000000000000044,-0.25,-0.8106033814133259,true,false
49,63,0.30000000000000027,-0.25,-0.8116700065315815,true,false
50,63,0.3500000000000001,-0.25,-0.8110136103809925,true,false
51,63,0.40000000000000036,-0.25,-0.8086475444019886,true,false
52,63,0.4500000000000002,-0.25,-0.8014862251461597,true,false
53,63,0.5000000000000004,-0.25,-0.7958445859135242,true,false
54,63,0.5500000000000003,-0.25,-0.7784056079567524,true,false
55,63,0.6000000000000001,-0.25,-0.7650048148811909,true,false
56,63,0.6500000000000004,-0.25,-0.7692082494714013,false,true
0,64,-2.15,-0.20000000000000018,-0.8197113871574402,false,true
1,64,-2.1,-0.20000000000000018,-0.820324927568436,false,true
2,64,-2.05,-0.20000000000000018,-0.8209384679794312,false,true
3,64,-2.0,-0.20000000000000018,-0.8220579028129549,false,true
4,64,-1.95,-0.20000000000000018,-0.8231773376464843,false,true
5,64,-1.9,-0.20000000000000018,-0.8235260844230545,false,true
6,64,-1.8499999999999999,-0.20000000000000018,-0.8238748311996459,false,true
7,64,-1.7999999999999998,-0.20000000000000018,-0.8344678398611595,false,true
8,64,-1.75,-0.20000000000000018,-0.8406730814746354,false,true
9,64,-1.7,-0.20000000000000018,-0.8406730847971324,false,true
10,64,-1.65,-0.20000000000000018,-0.8406730860814245,false,true
11,64,-1.5999999999999999,-0.20000000000000018,-0.8406730890274048,false,true
12,64,-1.5499999999999998,-0.20000000000000018,-0.8413162867136561,false,true
13,64,-1.5,-0.20000000000000018,-0.8416930601235695,false,true
14,64,-1.4499999999999997,-0.20000000000000018,-0.841693103313446,false,true
15,64,-1.4,-0.20000000000000018,-0.8411547119886961,false,true
16,64,-1.3499999999999999,-0.20000000000000018,-0.8408393207810063,false,true
17,64,-1.2999999999999998,-0.20000000000000018,-0.8408394455909729,false,true
18,64,-1.25,-0.20000000000000018,-0.8398161287340502,false,true
19,64,-1.1999999999999997,-0.20000000000000018,-0.839216732793389,false,true
20,64,-1.15,-0.20000000000000018,-0.8392160534858703,false,true
21,64,-1.0999999999999999,-0.20000000000000018,-0.8391550874403952,false,true
22,64,-1.0499999999999998,-0.20000000000000018,-0.8390941023826598,false,true
23,64,-0.9999999999999998,-0.20000000000000018,-0.8374182637345013,false,true
24,64,-0.9499999999999997,-0.20000000000000018,-0.8364384848394734,false,true
25,64,-0.8999999999999999,-0.20000000000000018,-0.8364127278327942,false,true
26,64,-0.8499999999999999,-0.20000000000000018,-0.8360459619290478,false,true
27,64,-0.7999999999999998,-0.20000000000000018,-0.8358359690837558,false,true
28,64,-0.7499999999999998,-0.20000000000000018,-0.8359300494194031,false,true
29,64,-0.6999999999999997,-0.20000000000000018,-0.835930049419403,false,true
30,64,-0.6499999999999999,-0.20000000000000018,-0.8375373437542218,false,true
31,64,-0.5999999999999999,-0.20000000000000018,-0.8406662215152617,false,true
32,64,-0.5499999999999998,-0.20000000000000018,-0.8404402732849121,true,false
33,64,-0.4999999999999998,-0.20000000000000018,-0.8517810702323914,true,false
34,64,-0.44999999999999973,-0.20000000000000018,-0.8547140657901764,true,false
35,64,-0.3999999999999999,-0.20000000000000018,-0.8573407828807831,true,false
36,64,-0.34999999999999987,-0.20000000000000018,-0.8581310510635376,true,false
37,64,-0.2999999999999998,-0.20000000000000018,-0.8584334850311279,true,false
38,64,-0.24999999999999978,-0.20000000000000018,-0.857682079076767,true,false
39,64,-0.19999999999999973,-0.20000000000000018,-0.8199629491657541,true,false
40,64,-0.1499999999999999,-0.20000000000000018,-0.8543176651000977,true,false
41,64,-0.09999999999999964,-0.20000000000000018,-0.8214817053169534,true,false
42,64,-0.04999999999999982,-0.20000000000000018,-0.7962177407921406,true,false
43,64,0.0,-0.20000000000000018,-0.8480156660079956,true,false
44,64,0.050000000000000266,-0.20000000000000018,-0.8022099149407002,true,false
45,64,0.10000000000000009,-0.20000000000000018,-0.8386279940605164,true,false
46,64,0.15000000000000036,-0.20000000000000018,-0.8351245522499084,true,false
47,64,0.20000000000000018,-0.20000000000000018,-0.8084055793465229,true,false
48,64,0.25000000000000044,-0.20000000000000018,-0.8246541619300842,true,false
49,64,0.30000000000000027,-0.20000000000000018,-0.8158036470413208,true,false
50,64,0.3500000000000001,-0.20000000000000018,-0.8101383459747883,true,false
51,64,0.40000000000000036,-0.20000000000000018,-0.8084055793465229,true,false
52,64,0.4500000000000002,-0.20000000000000018,-0.8003174972714039,true,false
53,64,0.5000000000000004,-0.20000000000000018,-0.799184204357967,true,false
54,64,0.5500000000000003,-0.20000000000000018,-0.7758941364468189,true,false
55,64,0.6000000000000001,-0.20000000000000018,-0.7725997254635634,false,true
56,64,0.6500000000000004,-0.20000000000000018,-0.7650048148811909,false,true
0,65,-2.15,-0.15000000000000036,-0.8203249275684357,false,true
1,65,-2.1,-0.15000000000000036,-0.8209384679794312,false,true
2,65,-2.05,-0.15000000000000036,-0.8220579028129571,false,true
3,65,-2.0,-0.15000000000000036,-0.8231773376464843,false,true
4,65,-1.95,-0.15000000000000036,-0.8235260844230624,false,true
5,65,-1.9,-0.15000000000000036,-0.8238748311996459,false,true
6,65,-1.8499999999999999,-0.15000000000000036,-0.8344678429883866,false,true
7,65,-1.7999999999999998,-0.15000000000000036,-0.8406730859446244,false,true
8,65,-1.75,-0.15000000000000036,-0.8406730872829364,false,true
9,65,-1.7,-0.15000000000000036,-0.8406730878071399,false,true
10,65,-1.65,-0.15000000000000036,-0.8406730890274048,false,true
11,65,-1.5999999999999999,-0.15000000000000036,-0.8413163015330809,false,true
12,65,-1.5499999999999998,-0.15000000000000036,-0.8416930854236134,false,true
13,65,-1.5,-0.15000000000000036,-0.841693103313446,false,true
14,65,-1.4499999999999997,-0.15000000000000036,-0.8411547548159337,false,true
15,65,-1.4,-0.15000000000000036,-0.840839393892992,false,true
16,65,-1.3499999999999999,-0.15000000000000036,-0.8408394455909729,false,true
17,65,-1.2999999999999998,-0.15000000000000036,-0.8398158960918719,false,true
18,65,-1.25,-0.15000000000000036,-0.8392163348642576,false,true
19,65,-1.1999999999999997,-0.15000000000000036,-0.8392160534858703,false,true
20,65,-1.15,-0.15000000000000036,-0.8391550804173031,false,true
21,65,-1.0999999999999999,-0.15000000000000036,-0.8390941023826598,false,true
22,65,-1.0499999999999998,-0.15000000000000036,-0.8374094624084182,false,true
23,65,-0.9999999999999998,-0.15000000000000036,-0.8364233967342868,false,true
24,65,-0.9499999999999997,-0.15000000000000036,-0.8364127278327942,false,true
25,65,-0.8999999999999999,-0.15000000000000036,-0.8360873581034789,false,true
26,65,-0.8499999999999999,-0.15000000000000036,-0.8359024939270684,false,true
27,65,-0.7999999999999998,-0.15000000000000036,-0.8359300494194031,false,true
28,65,-0.7499999999999998,-0.15000000000000036,-0.835930049419403,false,true
29,65,-0.6999999999999997,-0.15000000000000036,-0.8365958125316104,false,true
30,65,-0.6499999999999999,-0.15000000000000036,-0.838827386161825,false,true
31,65,-0.5999999999999999,-0.15000000000000036,-0.8400371588799996,false,true
32,65,-0.5499999999999998,-0.15000000000000036,-0.8399999737739563,true,false
33,65,-0.4999999999999998,-0.15000000000000036,-0.8500936031341553,true,false
34,65,-0.44999999999999973,-0.15000000000000036,-0.8539151549339294,true,false
35,65,-0.3999999999999999,-0.15000000000000036,-0.8569693565368652,true,false
36,65,-0.34999999999999987,-0.15000000000000036,-0.8584223985671997,true,false
37,65,-0.2999999999999998,-0.15000000000000036,-0.8585560321807861,true,false
38,65,-0.24999999999999978,-0.15000000000000036,-0.8579541444778442,true,false
39,65,-0.19999999999999973,-0.15000000000000036,-0.8216052657455728,true,false
40,65,-0.1499999999999999,-0.15000000000000036,-0.8559398055076599,true,false
41,65,-0.09999999999999964,-0.15000000000000036,-0.7934283030212971,true,false
42,65,-0.04999999999999982,-0.15000000000000036,-0.7965652358711811,true,false
43,65,0.0,-0.15000000000000036,-0.8487398326396942,true,false
44,65,0.050000000000000266,-0.15000000000000036,-0.8003546011627766,true,false
45,65,0.10000000000000009,-0.15000000000000036,-0.8401819467544556,true,false
46,65,0.15000000000000036,-0.15000000000000036,-0.8349912464618683,true,false
47,65,0.20000000000000018,-0.15000000000000036,-0.808550180214748,true,false
48,65,0.25000000000000044,-0.15000000000000036,-0.8104844105423542,true,false
49,65,0.30000000000000027,-0.15000000000000036,-0.8128715461582467,true,false
50,65,0.3500000000000001,-0.15000000000000036,-0.8104270708740803,true,false
51,65,0.40000000000000036,-0.15000000000000036,-0.8082578194321247,true,false
52,65,0.4500000000000002,-0.15000000000000036,-0.7995371830643269,true,false
53,65,0.5000000000000004,-0.15000000000000036,-0.7947121274651142,true,false
54,65,0.5500000000000003,-0.15000000000000036,-0.772875667828426,true,false
55,65,0.6000000000000001,-0.15000000000000036,-0.77453646290266,false,true
56,65,0.6500000000000004,-0.15000000000000036,-0.771562573517343,false,true
0,66,-2.15,-0.10000000000000009,-0.8209384679794312,false,true
1,66,-2.1,-0.10000000000000009,-0.8220579028129575,false,true
2,66,-2.05,-0.10000000000000009,-0.8231773376464843,false,true
3,66,-2.0,-0.10000000000000009,-0.8235260844230644,false,true
4,66,-1.95,-0.10000000000000009,-0.8238748311996459,false,true
5,66,-1.9,-0.10000000000000009,-0.8344678442566987,false,true
6,66,-1.8499999999999999,-0.10000000000000009,-0.8406730877647969,false,true
7,66,-1.7999999999999998,-0.10000000000000009,-0.8406730883070975,false,true
8,66,-1.75,-0.10000000000000009,-0.8406730885219545,false,true
9,66,-1.7,-0.10000000000000009,-0.8406730890274048,false,true
10,66,-1.65,-0.10000000000000009,-0.8413163076716943,false,true
11,66,-1.5999999999999999,-0.10000000000000009,-0.8416930959032348,false,true
12,66,-1.5499999999999998,-0.10000000000000009,-0.841693103313446,false,true
13,66,-1.5,-0.10000000000000009,-0.8411547725557162,false,true
14,66,-1.4499999999999997,-0.10000000000000009,-0.840839424176968,false,true
15,66,-1.4,-0.10000000000000009,-0.8408394455909729,false,true
16,66,-1.3499999999999999,-0.10000000000000009,-0.8398157996332004,false,true
17,66,-1.2999999999999998,-0.10000000000000009,-0.8392161700366145,false,true
18,66,-1.25,-0.10000000000000009,-0.8392160534858703,false,true
19,66,-1.1999999999999997,-0.10000000000000009,-0.8391550785828441,false,true
20,66,-1.15,-0.10000000000000009,-0.8390941023826598,false,true
21,66,-1.0999999999999999,-0.10000000000000009,-0.8374058090999981,false,true
22,66,-1.0499999999999998,-0.10000000000000009,-0.836417147036488,false,true
23,66,-0.9999999999999998,-0.10000000000000009,-0.8364127278327942,false,true
24,66,-0.9499999999999997,-0.10000000000000009,-0.8361016384612401,false,true
25,66,-0.8999999999999999,-0.10000000000000009,-0.8359219786025572,false,true
26,66,-0.8499999999999999,-0.10000000000000009,-0.8359300494194031,false,true
27,66,-0.7999999999999998,-0.10000000000000009,-0.835930049419403,false,true
28,66,-0.7499999999999998,-0.10000000000000009,-0.836205817529807,false,true
29,66,-0.6999999999999997,-0.10000000000000009,-0.8383175275067565,false,true
30,66,-0.6499999999999999,-0.10000000000000009,-0.8400483120123445,false,true
31,66,-0.5999999999999999,-0.10000000000000009,-0.8399994060342467,false,true
32,66,-0.5499999999999998,-0.10000000000000009,-0.8396866321563721,true,false
33,66,-0.4999999999999998,-0.10000000000000009,-0.8400137424468994,true,false
34,66,-0.44999999999999973,-0.10000000000000009,-0.8533480763435364,true,false
35,66,-0.3999999999999999,-0.10000000000000009,-0.8560913503170013,true,false
36,66,-0.34999999999999987,-0.10000000000000009,-0.8585048913955688,true,false
37,66,-0.2999999999999998,-0.10000000000000009,-0.859279453754425,true,false
38,66,-0.24999999999999978,-0.10000000000000009,-0.8200042551845834,true,false
39,66,-0.19999999999999973,-0.10000000000000009,-0.8223399227947519,true,false
40,66,-0.1499999999999999,-0.10000000000000009,-0.823269755253248,true,false
41,66,-0.09999999999999964,-0.10000000000000009,-0.8561716079711914,true,false
42,66,-0.04999999999999982,-0.10000000000000009,-0.8547776341438293,true,false
43,66,0.0,-0.10000000000000009,-0.8001217258156391,true,false
44,66,0.050000000000000266,-0.10000000000000009,-0.8039528143585774,true,false
45,66,0.10000000000000009,-0.10000000000000009,-0.8088892710388752,true,false
46,66,0.15000000000000036,-0.10000000000000009,-0.8381461501121521,true,false
47,66,0.20000000000000018,-0.10000000000000009,-0.8325176239013672,true,false
48,66,0.25000000000000044,-0.10000000000000009,-0.8285062909126282,true,false
49,66,0.30000000000000027,-0.10000000000000009,-0.8126952958286854,true,false
50,66,0.3500000000000001,-0.10000000000000009,-0.8120735001743885,true,false
51,66,0.40000000000000036,-0.10000000000000009,-0.8079758894623371,true,false
52,66,0.4500000000000002,-0.10000000000000009,-0.8003628266037556,true,false
53,66,0.5000000000000004,-0.10000000000000009,-0.7820780885399433,true,false
54,66,0.5500000000000003,-0.10000000000000009,-0.7755275082768055,true,false
55,66,0.6000000000000001,-0.10000000000000009,-0.7755937780714256,false,true
56,66,0.6500000000000004,-0.10000000000000009,-0.775860761615537,false,true
0,67,-2.15,-0.050000000000000266,-0.8220579028129578,false,true
1,67,-2.1,-0.050000000000000266,-0.8231773376464843,false,true
2,67,-2.05,-0.050000000000000266,-0.8235260844230649,false,true
3,67,-2.0,-0.050000000000000266,-0.8238748311996459,false,true
4,67,-1.95,-0.050000000000000266,-0.8344678447734702,false,true
5,67,-1.9,-0.050000000000000266,-0.8406730885088862,false,true
6,67,-1.8499999999999999,-0.050000000000000266,-0.8406730887297101,false,true
7,67,-1.7999999999999998,-0.050000000000000266,-0.8406730888180404,false,true
8,67,-1.75,-0.050000000000000266,-0.8406730890274048,false,true
9,67,-1.7,-0.050000000000000266,-0.8413163102144341,false,true
10,67,-1.65,-0.050000000000000266,-0.841693100244036,false,true
11,67,-1.5999999999999999,-0.050000000000000266,-0.841693103313446,false,true
12,67,-1.5499999999999998,-0.050000000000000266,-0.8411547799038078,false,true
13,67,-1.5,-0.050000000000000266,-0.8408394367210016,false,true
14,67,-1.4499999999999997,-0.050000000000000266,-0.8408394455909729,false,true
15,67,-1.4,-0.050000000000000266,-0.8398157596590091,false,true
16,67,-1.3499999999999999,-0.050000000000000266,-0.8392161017627693,false,true
17,67,-1.2999999999999998,-0.050000000000000266,-0.8392160534858703,false,true
18,67,-1.25,-0.050000000000000266,-0.8391550781036764,false,true
19,67,-1.1999999999999997,-0.050000000000000266,-0.8390941023826598,false,true
20,67,-1.15,-0.050000000000000266,-0.8374042942595664,false,true
21,67,-1.0999999999999999,-0.050000000000000266,-0.836414558326899,false,true
22,67,-1.0499999999999998,-0.050000000000000266,-0.8364127278327942,false,true
23,67,-0.9999999999999998,-0.050000000000000266,-0.8361062675410688,false,true
24,67,-0.9499999999999997,-0.050000000000000266,-0.8359276855318787,false,true
25,67,-0.8999999999999999,-0.050000000000000266,-0.8359300494194031,false,true
26,67,-0.8499999999999999,-0.050000000000000266,-0.835930049419403,false,true
27,67,-0.7999999999999998,-0.050000000000000266,-0.8360442763108022,false,true
28,67,-0.7499999999999998,-0.050000000000000266,-0.8381898116613014,false,true
29,67,-0.6999999999999997,-0.050000000000000266,-0.8401809675842379,false,true
30,67,-0.6499999999999999,-0.050000000000000266,-0.8401823206860857,false,true
31,67,-0.5999999999999999,-0.050000000000000266,-0.8401286286421966,false,true
32,67,-0.5499999999999998,-0.050000000000000266,-0.8404411673545837,true,false
33,67,-0.4999999999999998,-0.050000000000000266,-0.8464779853820801,true,false
34,67,-0.44999999999999973,-0.050000000000000266,-0.8513500988483429,true,false
35,67,-0.3999999999999999,-0.050000000000000266,-0.8556900024414062,true,false
36,67,-0.34999999999999987,-0.050000000000000266,-0.8584093451499939,true,false
37,67,-0.2999999999999998,-0.050000000000000266,-0.8605243265628815,true,false
38,67,-0.24999999999999978,-0.050000000000000266,-0.8608396053314209,true,false
39,67,-0.19999999999999973,-0.050000000000000266,-0.8592818379402161,true,false
40,67,-0.1499999999999999,-0.050000000000000266,-0.790668339747295,true,false
41,67,-0.09999999999999964,-0.050000000000000266,-0.7958099258125874,true,false
42,67,-0.04999999999999982,-0.050000000000000266,-0.8552241921424866,true,false
43,67,0.0,-0.050000000000000266,-0.8269619649738595,true,false
44,67,0.050000000000000266,-0.050000000000000266,-0.8463892340660095,true,false
45,67,0.10000000000000009,-0.050000000000000266,-0.8084055793465229,true,false
46,67,0.15000000000000036,-0.050000000000000266,-0.8117092859924885,true,false
47,67,0.20000000000000018,-0.050000000000000266,-0.8102197659195515,true,false
48,67,0.25000000000000044,-0.050000000000000266,-0.8112891924561115,true,false
49,67,0.30000000000000027,-0.050000000000000266,-0.813053787964687,true,false
50,67,0.3500000000000001,-0.050000000000000266,-0.8164319104046152,true,false
51,67,0.40000000000000036,-0.050000000000000266,-0.8084055793465229,true,false
52,67,0.4500000000000002,-0.050000000000000266,-0.8003586542786213,true,false
53,67,0.5000000000000004,-0.050000000000000266,-0.7967277777374836,true,false
54,67,0.5500000000000003,-0.050000000000000266,-0.7784056079567524,true,false
55,67,0.6000000000000001,-0.050000000000000266,-0.7775626320774268,false,true
56,67,0.6500000000000004,-0.050000000000000266,-0.7772328700089132,false,true
0,68,-2.15,0.0,-0.8231773376464843,false,true
1,68,-2.1,0.0,-0.8235260844230651,false,true
2,68,-2.05,0.0,-0.8238748311996459,false,true
3,68,-2.0,0.0,-0.8344678449848162,false,true
4,68,-1.95,0.0,-0.8406730888140177,false,true
5,68,-1.9,0.0,-0.8406730889042908,false,true
6,68,-1.8499999999999999,0.0,-0.8406730889406833,false,true
7,68,-1.7999999999999998,0.0,-0.8406730890274048,false,true
8,68,-1.75,0.0,-0.8413163112676801,false,true
9,68,-1.7,0.0,-0.8416931020420548,false,true
10,68,-1.65,0.0,-0.841693103313446,false,true
11,68,-1.5999999999999999,0.0,-0.841154782947494,false,true
12,68,-1.5499999999999998,0.0,-0.8408394419169105,false,true
13,68,-1.5,0.0,-0.8408394455909729,false,true
14,68,-1.4499999999999997,0.0,-0.8398157430970765,false,true
15,68,-1.4,0.0,-0.8392160734828167,false,true
16,68,-1.3499999999999999,0.0,-0.8392160534858703,false,true
17,68,-1.2999999999999998,0.0,-0.8391550779785159,false,true
18,68,-1.25,0.0,-0.8390941023826598,false,true
19,68,-1.1999999999999997,0.0,-0.8374036664627038,false,true
20,68,-1.15,0.0,-0.8364134860482781,false,true
21,68,-1.0999999999999999,0.0,-0.8364127278327942,false,true
22,68,-1.0499999999999998,0.0,-0.8361077158320283,false,true
23,68,-0.9999999999999998,0.0,-0.835929357052777,false,true
24,68,-0.9499999999999997,0.0,-0.8359300494194031,false,true
25,68,-0.8999999999999999,0.0,-0.835930049419403,false,true
26,68,-0.8499999999999999,0.0,-0.8359773637470083,false,true
27,68,-0.7999999999999998,0.0,-0.8381684183546627,false,true
28,68,-0.7499999999999998,0.0,-0.8402956359355986,false,true
29,68,-0.6999999999999997,0.0,-0.8403117297551558,false,true
30,68,-0.6499999999999999,0.0,-0.8403117095811464,false,true
31,68,-0.5999999999999999,0.0,-0.8404411673545837,false,true
32,68,-0.5499999999999998,0.0,-0.842788751741255,false,true
33,68,-0.4999999999999998,0.0,-0.8444996178150177,true,false
34,68,-0.44999999999999973,0.0,-0.8512400984764099,true,false
35,68,-0.3999999999999999,0.0,-0.8555223941802979,true,false
36,68,-0.34999999999999987,0.0,-0.8582882583141327,true,false
37,68,-0.2999999999999998,0.0,-0.860246866941452,true,false
38,68,-0.24999999999999978,0.0,-0.8610563576221466,true,false
39,68,-0.19999999999999973,0.0,-0.785680056828365,true,false
40,68,-0.1499999999999999,0.0,-0.8246936208099649,true,false
41,68,-0.09999999999999964,0.0,-0.7950659406365009,true,false
42,68,-0.04999999999999982,0.0,-0.7994589817703815,true,false
43,68,0.0,0.0,-0.8517101407051086,true,false
44,68,0.050000000000000266,0.0,-0.8069974196137043,true,false
45,68,0.10000000000000009,0.0,-0.810692251938686,true,false
46,68,0.15000000000000036,0.0,-0.8387143909931183,true,false
47,68,0.20000000000000018,0.0,-0.8233202701896951,true,false
48,68,0.25000000000000044,0.0,-0.8133209061802479,true,false
49,68,0.30000000000000027,0.0,-0.820970327267103,true,false
50,68,0.3500000000000001,0.0,-0.8215771317481995,true,false
51,68,0.40000000000000036,0.0,-0.8068621468723866,true,false
52,68,0.4500000000000002,0.0,-0.7993813467205616,true,false
53,68,0.5000000000000004,0.0,-0.7922969770611378,true,false
54,68,0.5500000000000003,0.0,-0.7784056079567524,true,false
55,68,0.6000000000000001,0.0,-0.7784056079567524,false,true
56,68,0.6500000000000004,0.0,-0.7781587060380746,false,true
0,69,-2.15,0.04999999999999982,-0.8235260844230651,false,true
1,69,-2.1,0.04999999999999982,-0.8238748311996459,false,true
2,69,-2.05,0.04999999999999982,-0.8344678450715083,false,true
3,69,-2.0,0.04999999999999982,-0.8406730889394478,false,true
4,69,-1.95,0.04999999999999982,-0.8406730889764664,false,true
5,69,-1.9,0.04999999999999982,-0.8406730889914835,false,true
6,69,-1.8499999999999999,0.04999999999999982,-0.8406730890274048,false,true
7,69,-1.7999999999999998,0.04999999999999982,-0.8413163117039508,false,true
8,69,-1.75,0.04999999999999982,-0.8416931027868186,false,true
9,69,-1.7,0.04999999999999982,-0.841693103313446,false,true
10,69,-1.65,0.04999999999999982,-0.8411547842082314,false,true
11,69,-1.5999999999999999,0.04999999999999982,-0.8408394440691265,false,true
12,69,-1.5499999999999998,0.04999999999999982,-0.8408394455909729,false,true
13,69,-1.5,0.04999999999999982,-0.8398157362360544,false,true
14,69,-1.4499999999999997,0.04999999999999982,-0.8392160617688766,false,true
15,69,-1.4,0.04999999999999982,-0.8392160534858703,false,true
16,69,-1.3499999999999999,0.04999999999999982,-0.8391550779458236,false,true
17,69,-1.2999999999999998,0.04999999999999982,-0.8390941023826598,false,true
18,69,-1.25,0.04999999999999982,-0.8374034063525057,false,true
19,69,-1.1999999999999997,0.04999999999999982,-0.8364130418959308,false,true
20,69,-1.15,0.04999999999999982,-0.8364127278327942,false,true
21,69,-1.0999999999999999,0.04999999999999982,-0.8361081591767304,false,true
22,69,-1.0499999999999998,0.04999999999999982,-0.8359298466299134,false,true
23,69,-0.9999999999999998,0.04999999999999982,-0.8359300494194031,false,true
24,69,-0.9499999999999997,0.04999999999999982,-0.835930049419403,false,true
25,69,-0.8999999999999999,0.04999999999999982,-0.8359496476555917,false,true
26,69,-0.8499999999999999,0.04999999999999982,-0.8381715758135577,false,true
27,69,-0.7999999999999998,0.04999999999999982,-0.8403671329132567,false,true
28,69,-0.7499999999999998,0.04999999999999982,-0.8403810445170392,false,true
29,69,-0.6999999999999997,0.04999999999999982,-0.8403875441890715,false,true
30,69,-0.6499999999999999,0.04999999999999982,-0.8404411673545837,false,true
31,69,-0.5999999999999999,0.04999999999999982,-0.841252669571115,false,true
32,69,-0.5499999999999998,0.04999999999999982,-0.8418637873616153,false,true
33,69,-0.4999999999999998,0.04999999999999982,-0.8399999737739563,true,false
34,69,-0.44999999999999973,0.04999999999999982,-0.8508995473384857,true,false
35,69,-0.3999999999999999,0.04999999999999982,-0.8529894649982452,true,false
36,69,-0.34999999999999987,0.04999999999999982,-0.8573803305625916,true,false
37,69,-0.2999999999999998,0.04999999999999982,-0.8592629432678223,true,false
38,69,-0.24999999999999978,0.04999999999999982,-0.8211812681049631,true,false
39,69,-0.19999999999999973,0.04999999999999982,-0.7870135915459248,true,false
40,69,-0.1499999999999999,0.04999999999999982,-0.824832916864805,true,false
41,69,-0.09999999999999964,0.04999999999999982,-0.8566877245903015,true,false
42,69,-0.04999999999999982,0.04999999999999982,-0.8517797589302063,true,false
43,69,0.0,0.04999999999999982,-0.8058027041138264,true,false
44,69,0.050000000000000266,0.04999999999999982,-0.8088762176216694,true,false
45,69,0.10000000000000009,0.04999999999999982,-0.8109468829811665,true,false
46,69,0.15000000000000036,0.04999999999999982,-0.8399999737739563,true,false
47,69,0.20000000000000018,0.04999999999999982,-0.8362276554107666,true,false
48,69,0.25000000000000044,0.04999999999999982,-0.8329178690910339,true,false
49,69,0.30000000000000027,0.04999999999999982,-0.8226185745090768,true,false
50,69,0.3500000000000001,0.04999999999999982,-0.8136830938042255,true,false
51,69,0.40000000000000036,0.04999999999999982,-0.8084055793465229,true,false
52,69,0.4500000000000002,0.04999999999999982,-0.7996504318894001,true,false
53,69,0.5000000000000004,0.04999999999999982,-0.7909126293839069,true,false
54,69,0.5500000000000003,0.04999999999999982,-0.7784056079567524,true,false
55,69,0.6000000000000001,0.04999999999999982,-0.7784056079567524,false,true
56,69,0.6500000000000004,0.04999999999999982,-0.7784056079567524,false,true
0,70,-2.15,0.09999999999999964,-0.8238748311996459,false,true
1,70,-2.1,0.09999999999999964,-0.8344678451071516,false,true
2,70,-2.05,0.09999999999999964,-0.8406730889911049,false,true
3,70,-2.0,0.09999999999999964,-0.8406730890063222,false,true
4,70,-1.95,0.09999999999999964,-0.8406730890125258,false,true
5,70,-1.9,0.09999999999999964,-0.8406730890274048,false,true
6,70,-1.8499999999999999,0.09999999999999964,-0.8413163118846604,false,true
7,70,-1.7999999999999998,0.09999999999999964,-0.8416931030953099,false,true
8,70,-1.75,0.09999999999999964,-0.841693103313446,false,true
9,70,-1.7,0.09999999999999964,-0.8411547847304462,false,true
10,70,-1.65,0.09999999999999964,-0.8408394449606035,false,true
11,70,-1.5999999999999999,0.09999999999999964,-0.8408394455909729,false,true
12,70,-1.5499999999999998,0.09999999999999964,-0.839815733393951,false,true
13,70,-1.5,0.09999999999999964,-0.8392160569168038,false,true
14,70,-1.4499999999999997,0.09999999999999964,-0.8392160534858703,false,true
15,70,-1.4,0.09999999999999964,-0.8391550779372842,false,true
16,70,-1.3499999999999999,0.09999999999999964,-0.8390941023826598,false,true
17,70,-1.2999999999999998,0.09999999999999964,-0.8374032985972046,false,true
18,70,-1.25,0.09999999999999964,-0.8364128579220049,false,true
19,70,-1.1999999999999997,0.09999999999999964,-0.8364127278327942,false,true
20,70,-1.15,0.09999999999999964,-0.8361082929955032,false,true
21,70,-1.0999999999999999,0.09999999999999964,-0.8359299900237368,false,true
22,70,-1.0499999999999998,0.09999999999999964,-0.8359300494194031,false,true
23,70,-0.9999999999999998,0.09999999999999964,-0.835930049419403,false,true
24,70,-0.9499999999999997,0.09999999999999964,-0.835938167274631,false,true
25,70,-0.8999999999999999,0.09999999999999964,-0.8381773451653082,false,true
26,70,-0.8499999999999999,0.09999999999999964,-0.8404056834645909,false,true
27,70,-0.7999999999999998,0.09999999999999964,-0.840414357502484,false,true
28,70,-0.7499999999999998,0.09999999999999964,-0.8404189559121712,false,true
29,70,-0.6999999999999997,0.09999999999999964,-0.8404411673545837,false,true
30,70,-0.6499999999999999,0.09999999999999964,-0.8406147566810473,false,true
31,70,-0.5999999999999999,0.09999999999999964,-0.8407719906396999,false,true
32,70,-0.5499999999999998,0.09999999999999964,-0.8399999737739563,false,true
33,70,-0.4999999999999998,0.09999999999999964,-0.8444130555117482,false,true
34,70,-0.44999999999999973,0.09999999999999964,-0.8473600149154663,true,false
35,70,-0.3999999999999999,0.09999999999999964,-0.8494182229042053,true,false
36,70,-0.34999999999999987,0.09999999999999964,-0.8541548252105713,true,false
37,70,-0.2999999999999998,0.09999999999999964,-0.8574034869670868,true,false
38,70,-0.24999999999999978,0.09999999999999964,-0.8595452904701233,true,false
39,70,-0.19999999999999973,0.09999999999999964,-0.8237105614036844,true,false
40,70,-0.1499999999999999,0.09999999999999964,-0.856115996837616,true,false
41,70,-0.09999999999999964,0.09999999999999964,-0.8257405167907998,true,false
42,70,-0.04999999999999982,0.09999999999999964,-0.8275437951087952,true,false
43,70,0.0,0.09999999999999964,-0.849958062171936,true,false
44,70,0.050000000000000266,0.09999999999999964,-0.8271338945717142,true,false
45,70,0.10000000000000009,0.09999999999999964,-0.8273320204109476,true,false
46,70,0.15000000000000036,0.09999999999999964,-0.841091513633728,true,false
47,70,0.20000000000000018,0.09999999999999964,-0.8385055065155029,true,false
48,70,0.25000000000000044,0.09999999999999964,-0.8148170125664326,true,false
49,70,0.30000000000000027,0.09999999999999964,-0.8328754007816315,true,false
50,70,0.3500000000000001,0.09999999999999964,-0.8135960412205311,true,false
51,70,0.40000000000000036,0.09999999999999964,-0.8084055793465229,true,false
52,70,0.4500000000000002,0.09999999999999964,-0.8003527534187885,true,false
53,70,0.5000000000000004,0.09999999999999964,-0.7973307383240315,true,false
54,70,0.5500000000000003,0.09999999999999964,-0.7784056079567524,true,false
55,70,0.6000000000000001,0.09999999999999964,-0.7784056079567524,false,true
56,70,0.6500000000000004,0.09999999999999964,-0.7808063429967591,false,true
0,71,-2.15,0.1499999999999999,-0.8344678451218328,false,true
1,71,-2.1,0.1499999999999999,-0.8406730890124099,false,true
2,71,-2.05,0.1499999999999999,-0.8406730890186771,false,true
3,71,-2.0,0.1499999999999999,-0.8406730890212418,false,true
4,71,-1.95,0.1499999999999999,-0.8406730890274048,false,true
5,71,-1.9,0.1499999999999999,-0.8413163119595128,false,true
6,71,-1.8499999999999999,0.1499999999999999,-0.8416931032230911,false,true
7,71,-1.7999999999999998,0.1499999999999999,-0.841693103313446,false,true
8,71,-1.75,0.1499999999999999,-0.8411547849467548,false,true
9,71,-1.7,0.1499999999999999,-0.8408394453298652,false,true
10,71,-1.65,0.1499999999999999,-0.8408394455909729,false,true
11,71,-1.5999999999999999,0.1499999999999999,-0.839815732216677,false,true
12,71,-1.5499999999999998,0.1499999999999999,-0.8392160549070095,false,true
13,71,-1.5,0.1499999999999999,-0.8392160534858703,false,true
14,71,-1.4499999999999997,0.1499999999999999,-0.8391550779350536,false,true
15,71,-1.4,0.1499999999999999,-0.8390941023826598,false,true
16,71,-1.3499999999999999,0.1499999999999999,-0.837403253960571,false,true
17,71,-1.2999999999999998,0.1499999999999999,-0.8364127817175095,false,true
18,71,-1.25,0.1499999999999999,-0.8364127278327942,false,true
19,71,-1.1999999999999997,0.1499999999999999,-0.8361083330115235,false,true
20,71,-1.15,0.1499999999999999,-0.8359300320228151,false,true
21,71,-1.0999999999999999,0.1499999999999999,-0.8359300494194031,false,true
22,71,-1.0499999999999998,0.1499999999999999,-0.835930049419403,false,true
23,71,-0.9999999999999998,0.1499999999999999,-0.8359334119451358,false,true
24,71,-0.9499999999999997,0.1499999999999999,-0.8381813386080891,false,true
25,71,-0.8999999999999999,0.1499999999999999,-0.8404248270835356,false,true
26,71,-0.8499999999999999,0.1499999999999999,-0.8404295040496681,false,true
27,71,-0.7999999999999998,0.1499999999999999,-0.8404319670738966,false,true
28,71,-0.7499999999999998,0.1499999999999999,-0.8404411673545837,false,true
29,71,-0.6999999999999997,0.1499999999999999,-0.840350183442308,false,true
30,71,-0.6499999999999999,0.1499999999999999,-0.8403197536301281,false,true
31,71,-0.5999999999999999,0.1499999999999999,-0.8399999737739563,false,true
32,71,-0.5499999999999998,0.1499999999999999,-0.8410106538336009,false,true
33,71,-0.4999999999999998,0.1499999999999999,-0.8413995129270923,false,true
34,71,-0.44999999999999973,0.1499999999999999,-0.8399999737739563,true,false
35,71,-0.3999999999999999,0.1499999999999999,-0.8450501263141632,true,false
36,71,-0.34999999999999987,0.1499999999999999,-0.8471315205097198,true,false
37,71,-0.2999999999999998,0.1499999999999999,-0.854286789894104,true,false
38,71,-0.24999999999999978,0.1499999999999999,-0.7839192462147327,true,false
39,71,-0.19999999999999973,0.1499999999999999,-0.8582044839859009,true,false
40,71,-0.1499999999999999,0.1499999999999999,-0.8571896255016327,true,false
41,71,-0.09999999999999964,0.1499999999999999,-0.8257743424267099,true,false
42,71,-0.04999999999999982,0.1499999999999999,-0.8272413319439218,true,false
43,71,0.0,0.1499999999999999,-0.828763843187742,true,false
44,71,0.050000000000000266,0.1499999999999999,-0.8095497501076313,true,false
45,71,0.10000000000000009,0.1499999999999999,-0.8476086854934692,true,false
46,71,0.15000000000000036,0.1499999999999999,-0.8451852202415466,true,false
47,71,0.20000000000000018,0.1499999999999999,-0.8146596563042255,true,false
48,71,0.25000000000000044,0.1499999999999999,-0.8397727012634277,true,false
49,71,0.30000000000000027,0.1499999999999999,-0.8151888859451862,true,false
50,71,0.3500000000000001,0.1499999999999999,-0.82998126745224,true,false
51,71,0.40000000000000036,0.1499999999999999,-0.8085405242622944,true,false
52,71,0.4500000000000002,0.1499999999999999,-0.8020845663727375,true,false
53,71,0.5000000000000004,0.1499999999999999,-0.7950667452992054,true,false
54,71,0.5500000000000003,0.1499999999999999,-0.7924725407046563,false,true
55,71,0.6000000000000001,0.1499999999999999,-0.7866022300900074,false,true
56,71,0.6500000000000004,0.1499999999999999,-0.7866022300900074,false,true
0,72,-2.15,0.19999999999999973,-0.8406730890212063,false,true
1,72,-2.1,0.19999999999999973,-0.8406730890237911,false,true
2,72,-2.05,0.19999999999999973,-0.840673089024852,false,true
3,72,-2.0,0.19999999999999973,-0.8406730890274048,false,true
4,72,-1.95,0.19999999999999973,-0.8413163119905178,false,true
5,72,-1.9,0.19999999999999973,-0.8416931032760199,false,true
6,72,-1.8499999999999999,0.19999999999999973,-0.841693103313446,false,true
7,72,-1.7999999999999998,0.19999999999999973,-0.8411547850363528,false,true
8,72,-1.75,0.19999999999999973,-0.8408394454828185,false,true
9,72,-1.7,0.19999999999999973,-0.8408394455909729,false,true
10,72,-1.65,0.19999999999999973,-0.8398157317290267,false,true
11,72,-1.5999999999999999,0.19999999999999973,-0.8392160540745254,false,true
12,72,-1.5499999999999998,0.19999999999999973,-0.8392160534858703,false,true
13,72,-1.5,0.19999999999999973,-0.8391550779344711,false,true
14,72,-1.4499999999999997,0.19999999999999973,-0.8390941023826598,false,true
15,72,-1.4,0.19999999999999973,-0.837403235470866,false,true
16,72,-1.3499999999999999,0.19999999999999973,-0.8364127501525741,false,true
17,72,-1.2999999999999998,0.19999999999999973,-0.8364127278327942,false,true
18,72,-1.25,0.19999999999999973,-0.8361083449020641,false,true
19,72,-1.1999999999999997,0.19999999999999973,-0.8359300443240604,false,true
20,72,-1.15,0.19999999999999973,-0.8359300494194031,false,true
21,72,-1.0999999999999999,0.19999999999999973,-0.835930049419403,false,true
22,72,-1.0499999999999998,0.19999999999999973,-0.8359314422231653,false,true
23,72,-0.9999999999999998,0.19999999999999973,-0.8381835530861383,false,true
24,72,-0.9499999999999997,0.19999999999999973,-0.840433850222627,false,true
25,72,-0.8999999999999999,0.19999999999999973,-0.8404361727330544,false,true
26,72,-0.8499999999999999,0.19999999999999973,-0.8404373564735453,false,true
27,72,-0.7999999999999998,0.19999999999999973,-0.8404411673545837,false,true
28,72,-0.7499999999999998,0.19999999999999973,-0.840240522981073,false,true
29,72,-0.6999999999999997,0.19999999999999973,-0.8401324309273563,false,true
30,72,-0.6499999999999999,0.19999999999999973,-0.8399999737739563,false,true
31,72,-0.5999999999999999,0.19999999999999973,-0.8394814485200853,false,true
32,72,-0.5499999999999998,0.19999999999999973,-0.8390272930707731,false,true
33,72,-0.4999999999999998,0.19999999999999973,-0.8384876397991554,false,true
34,72,-0.44999999999999973,0.19999999999999973,-0.837418258190155,true,false
35,72,-0.3999999999999999,0.19999999999999973,-0.8399999737739563,true,false
36,72,-0.34999999999999987,0.19999999999999973,-0.8450982570648193,true,false
37,72,-0.2999999999999998,0.19999999999999973,-0.851463258266449,true,false
38,72,-0.24999999999999978,0.19999999999999973,-0.8194230204910562,true,false
39,72,-0.19999999999999973,0.19999999999999973,-0.8569779992103577,true,false
40,72,-0.1499999999999999,0.19999999999999973,-0.7920243752182575,true,false
41,72,-0.09999999999999964,0.19999999999999973,-0.8257102078289316,true,false
42,72,-0.04999999999999982,0.19999999999999973,-0.8549072742462158,true,false
43,72,0.0,0.19999999999999973,-0.8060351026238056,true,false
44,72,0.050000000000000266,0.19999999999999973,-0.8093073976219746,true,false
45,72,0.10000000000000009,0.19999999999999973,-0.8478917479515076,true,false
46,72,0.15000000000000036,0.19999999999999973,-0.845604419708252,true,false
47,72,0.20000000000000018,0.19999999999999973,-0.8421371579170227,true,false
48,72,0.25000000000000044,0.19999999999999973,-0.8395208418369293,true,false
49,72,0.30000000000000027,0.19999999999999973,-0.8146527421654316,true,false
50,72,0.3500000000000001,0.19999999999999973,-0.8235612219661996,true,false
51,72,0.40000000000000036,0.19999999999999973,-0.8084055793465229,true,false
52,72,0.4500000000000002,0.19999999999999973,-0.8025076103390308,true,false
53,72,0.5000000000000004,0.19999999999999973,-0.8005493295372578,true,false
54,72,0.5500000000000003,0.19999999999999973,-0.7947988522232624,true,false
55,72,0.6000000000000001,0.19999999999999973,-0.7947988522232624,false,true
56,72,0.6500000000000004,0.19999999999999973,-0.7923981171832557,false,true
0,73,-2.15,0.25,-0.8406730890259084,false,true
1,73,-2.1,0.25,-0.8406730890263473,false,true
2,73,-2.05,0.25,-0.8406730890274048,false,true
3,73,-2.0,0.25,-0.8413163120033605,false,true
4,73,-1.95,0.25,-0.8416931032979437,false,true
5,73,-1.9,0.25,-0.841693103313446,false,true
6,73,-1.8499999999999999,0.25,-0.8411547850734655,false,true
7,73,-1.7999999999999998,0.25,-0.8408394455461738,false,true
8,73,-1.75,0.25,-0.8408394455909729,false,true
9,73,-1.7,0.25,-0.8398157315270337,false,true
10,73,-1.65,0.25,-0.8392160537296992,false,true
11,73,-1.5999999999999999,0.25,-0.8392160534858703,false,true
12,73,-1.5499999999999998,0.25,-0.8391550779343189,false,true
13,73,-1.5,0.25,-0.8390941023826598,false,true
14,73,-1.4499999999999997,0.25,-0.8374032278120538,false,true
15,73,-1.4,0.25,-0.8364127370779497,false,true
16,73,-1.3499999999999999,0.25,-0.8364127278327942,false,true
17,73,-1.2999999999999998,0.25,-0.8361083484199556,false,true
18,73,-1.25,0.25,-0.8359300479270118,false,true
19,73,-1.1999999999999997,0.25,-0.8359300494194031,false,true
20,73,-1.15,0.25,-0.835930049419403,false,true
21,73,-1.0999999999999999,0.25,-0.8359306263376112,false,true
22,73,-1.0499999999999998,0.25,-0.8381846616431055,false,true
23,73,-0.9999999999999998,0.25,-0.8404379559296558,false,true
24,73,-0.9499999999999997,0.25,-0.8404390506199902,false,true
25,73,-0.8999999999999999,0.25,-0.840439588835973,false,true
26,73,-0.8499999999999999,0.25,-0.8404411673545837,false,true
27,73,-0.7999999999999998,0.25,-0.8401950855012664,false,true
28,73,-0.7499999999999998,0.25,-0.8400548393233279,false,true
29,73,-0.6999999999999997,0.25,-0.8399999737739563,false,true
30,73,-0.6499999999999999,0.25,-0.8388314976948882,false,true
31,73,-0.5999999999999999,0.25,-0.8380730104729222,false,true
32,73,-0.5499999999999998,0.25,-0.8378612105559553,false,true
33,73,-0.4999999999999998,0.25,-0.837418258190155,false,true
34,73,-0.44999999999999973,0.25,-0.8341821924681296,false,true
35,73,-0.3999999999999999,0.25,-0.8314970135688782,true,false
36,73,-0.34999999999999987,0.25,-0.8417952656745911,true,false
37,73,-0.2999999999999998,0.25,-0.8134522742122934,true,false
38,73,-0.24999999999999978,0.25,-0.8527481257915497,true,false
39,73,-0.19999999999999973,0.25,-0.855851411819458,true,false
40,73,-0.1499999999999999,0.25,-0.7916975331486317,true,false
41,73,-0.09999999999999964,0.25,-0.8266442722172067,true,false
42,73,-0.04999999999999982,0.25,-0.8284483260006235,true,false
43,73,0.0,0.25,-0.8057103169144245,true,false
44,73,0.050000000000000266,0.25,-0.8084055793465229,true,false
45,73,0.10000000000000009,0.25,-0.8116209817112537,true,false
46,73,0.15000000000000036,0.25,-0.8132369530380817,true,false
47,73,0.20000000000000018,0.25,-0.84482342004776,true,false
48,73,0.25000000000000044,0.25,-0.8280504649967477,true,false
49,73,0.30000000000000027,0.25,-0.8399999737739563,true,false
50,73,0.3500000000000001,0.25,-0.8399999737739563,true,false
51,73,0.40000000000000036,0.25,-0.8084055793465229,true,false
52,73,0.4500000000000002,0.25,-0.8021670592011066,true,false
53,73,0.5000000000000004,0.25,-0.8002539289177509,true,false
54,73,0.5500000000000003,0.25,-0.7987355986269046,false,true
55,73,0.6000000000000001,0.25,-0.7947988522232624,false,true
56,73,0.6500000000000004,0.25,-0.7947988522232624,false,true
0,74,-2.15,0.2999999999999998,-0.8406730890269667,false,true
1,74,-2.1,0.2999999999999998,-0.8406730890274048,false,true
2,74,-2.05,0.2999999999999998,-0.8413163120086802,false,true
3,74,-2.0,0.2999999999999998,-0.8416931033070247,false,true
4,74,-1.95,0.2999999999999998,-0.841693103313446,false,true
5,74,-1.9,0.2999999999999998,-0.8411547850888381,false,true
6,74,-1.8499999999999999,0.2999999999999998,-0.8408394455724164,false,true
7,74,-1.7999999999999998,0.2999999999999998,-0.8408394455909729,false,true
8,74,-1.75,0.2999999999999998,-0.8398157314433651,false,true
9,74,-1.7,0.2999999999999998,-0.8392160535868676,false,true
10,74,-1.65,0.2999999999999998,-0.8392160534858703,false,true
11,74,-1.5999999999999999,0.2999999999999998,-0.8391550779342791,false,true
12,74,-1.5499999999999998,0.2999999999999998,-0.8390941023826598,false,true
13,74,-1.5,0.2999999999999998,-0.837403224639644,false,true
14,74,-1.4499999999999997,0.2999999999999998,-0.8364127316622629,false,true
15,74,-1.4,0.2999999999999998,-0.8364127278327942,false,true
16,74,-1.3499999999999999,0.2999999999999998,-0.8361083494576192,false,true
17,74,-1.2999999999999998,0.2999999999999998,-0.8359300489822918,false,true
18,74,-1.25,0.2999999999999998,-0.8359300494194031,false,true
19,74,-1.1999999999999997,0.2999999999999998,-0.835930049419403,false,true
20,74,-1.15,0.2999999999999998,-0.8359302883867492,false,true
21,74,-1.0999999999999999,0.2999999999999998,-0.838185184915481,false,true
22,74,-1.0499999999999998,0.2999999999999998,-0.8404397784406114,false,true
23,74,-0.9999999999999998,0.2999999999999998,-0.8404402765463986,false,true
24,74,-0.9499999999999997,0.2999999999999998,-0.8404405135107668,false,true
25,74,-0.8999999999999999,0.2999999999999998,-0.8404411673545837,false,true
26,74,-0.8499999999999999,0.2999999999999998,-0.8401762616510204,false,true
27,74,-0.7999999999999998,0.2999999999999998,-0.8400226998286131,false,true
28,74,-0.7499999999999998,0.2999999999999998,-0.8399999737739563,false,true
29,74,-0.6999999999999997,0.2999999999999998,-0.8385612848337937,false,true
30,74,-0.6499999999999999,0.2999999999999998,-0.8376860293047812,false,true
31,74,-0.5999999999999999,0.2999999999999998,-0.8376017350675548,false,true
32,74,-0.5499999999999998,0.2999999999999998,-0.837418258190155,false,true
33,74,-0.4999999999999998,0.2999999999999998,-0.8295706827347485,false,true
34,74,-0.44999999999999973,0.2999999999999998,-0.8250590742221571,false,true
35,74,-0.3999999999999999,0.2999999999999998,-0.8275853395462036,true,false
36,74,-0.34999999999999987,0.2999999999999998,-0.8399999737739563,true,false
37,74,-0.2999999999999998,0.2999999999999998,-0.7785274398506733,true,false
38,74,-0.24999999999999978,0.2999999999999998,-0.8163221186489389,true,false
39,74,-0.19999999999999973,0.2999999999999998,-0.7869516623200031,true,false
40,74,-0.1499999999999999,0.2999999999999998,-0.8568475246429443,true,false
41,74,-0.09999999999999964,0.2999999999999998,-0.8579466640949249,true,false
42,74,-0.04999999999999982,0.2999999999999998,-0.7999986422241779,true,false
43,74,0.0,0.2999999999999998,-0.8558182120323181,true,false
44,74,0.050000000000000266,0.2999999999999998,-0.8084931087673756,true,false
45,74,0.10000000000000009,0.2999999999999998,-0.8084055793465229,true,false
46,74,0.15000000000000036,0.2999999999999998,-0.8480014801025391,true,false
47,74,0.20000000000000018,0.2999999999999998,-0.8460042476654053,true,false
48,74,0.25000000000000044,0.2999999999999998,-0.8137183201492878,true,false
49,74,0.30000000000000027,0.2999999999999998,-0.8281552797645853,true,false
50,74,0.3500000000000001,0.2999999999999998,-0.8256469673008249,true,false
51,74,0.40000000000000036,0.2999999999999998,-0.8242027765602395,true,false
52,74,0.4500000000000002,0.2999999999999998,-0.8021946561516377,true,false
53,74,0.5000000000000004,0.2999999999999998,-0.800342024582729,true,false
54,74,0.5500000000000003,0.2999999999999998,-0.8000630664562186,false,true
55,74,0.6000000000000001,0.2999999999999998,-0.7980060023870573,false,true
56,74,0.6500000000000004,0.2999999999999998,-0.7947988522232624,false,true
0,75,-2.15,0.34999999999999964,-0.8406730890274048,false,true
1,75,-2.1,0.34999999999999964,-0.8413163120108836,false,true
2,75,-2.05,0.34999999999999964,-0.8416931033107862,false,true
3,75,-2.0,0.34999999999999964,-0.841693103313446,false,true
4,75,-1.95,0.34999999999999964,-0.8411547850952056,false,true
5,75,-1.9,0.34999999999999964,-0.8408394455832866,false,true
6,75,-1.8499999999999999,0.34999999999999964,-0.8408394455909729,false,true
7,75,-1.7999999999999998,0.34999999999999964,-0.8398157314087085,false,true
8,75,-1.75,0.34999999999999964,-0.8392160535277047,false,true
9,75,-1.7,0.34999999999999964,-0.8392160534858703,false,true
10,75,-1.65,0.34999999999999964,-0.8391550779342687,false,true
11,75,-1.5999999999999999,0.34999999999999964,-0.8390941023826598,false,true
12,75,-1.5499999999999998,0.34999999999999964,-0.8374032233255834,false,true
13,75,-1.5,0.34999999999999964,-0.836412729419012,false,true
14,75,-1.4499999999999997,0.34999999999999964,-0.8364127278327942,false,true
15,75,-1.4,0.34999999999999964,-0.8361083497630551,false,true
16,75,-1.3499999999999999,0.34999999999999964,-0.8359300492913762,false,true
17,75,-1.2999999999999998,0.34999999999999964,-0.8359300494194031,false,true
18,75,-1.25,0.34999999999999964,-0.835930049419403,false,true
19,75,-1.1999999999999997,0.34999999999999964,-0.8359301484029188,false,true
20,75,-1.15,0.34999999999999964,-0.8381854228151687,false,true
21,75,-1.0999999999999999,0.34999999999999964,-0.8404405731533883,false,true
22,75,-1.0499999999999998,0.34999999999999964,-0.8404407942610435,false,true
23,75,-0.9999999999999998,0.34999999999999964,-0.8404408965236071,false,true
24,75,-0.9499999999999997,0.34999999999999964,-0.8404411673545837,false,true
25,75,-0.8999999999999999,0.34999999999999964,-0.8401684639294458,false,true
26,75,-0.8499999999999999,0.34999999999999964,-0.8400093872140144,false,true
27,75,-0.7999999999999998,0.34999999999999964,-0.8399999737739563,false,true
28,75,-0.7499999999999998,0.34999999999999964,-0.838449864704252,false,true
29,75,-0.6999999999999997,0.34999999999999964,-0.8375281661892212,false,true
30,75,-0.6499999999999999,0.34999999999999964,-0.8374942568011559,false,true
31,75,-0.5999999999999999,0.34999999999999964,-0.837418258190155,false,true
32,75,-0.5499999999999998,0.34999999999999964,-0.8265423409195471,false,true
33,75,-0.4999999999999998,0.34999999999999964,-0.8201314874529759,false,true
34,75,-0.44999999999999973,0.34999999999999964,-0.8202414033072103,false,true
35,75,-0.3999999999999999,0.34999999999999964,-0.8150484561920166,true,false
36,75,-0.34999999999999987,0.34999999999999964,-0.8238110840320587,true,false
37,75,-0.2999999999999998,0.34999999999999964,-0.8464658260345459,true,false
38,75,-0.24999999999999978,0.34999999999999964,-0.7810938966454121,true,false
39,75,-0.19999999999999973,0.34999999999999964,-0.7855745566071125,true,false
40,75,-0.1499999999999999,0.34999999999999964,-0.8570941686630249,true,false
41,75,-0.09999999999999964,0.34999999999999964,-0.7935022127808186,true,false
42,75,-0.04999999999999982,0.34999999999999964,-0.8596309423446655,true,false
43,75,0.0,0.34999999999999964,-0.8306396907657907,true,false
44,75,0.050000000000000266,0.34999999999999964,-0.8071122181595417,true,false
45,75,0.10000000000000009,0.34999999999999964,-0.8084055793465229,true,false
46,75,0.15000000000000036,0.34999999999999964,-0.8308574563354776,true,false
47,75,0.20000000000000018,0.34999999999999964,-0.8482234477996826,true,false
48,75,0.25000000000000044,0.34999999999999964,-0.8459630012512207,true,false
49,75,0.30000000000000027,0.34999999999999964,-0.8277617698997781,true,false
50,75,0.3500000000000001,0.34999999999999964,-0.8093334448517414,true,false
51,75,0.40000000000000036,0.34999999999999964,-0.8243910080284402,true,false
52,75,0.4500000000000002,0.34999999999999964,-0.801598013657436,true,false
53,75,0.5000000000000004,0.34999999999999964,-0.799477697628841,true,false
54,75,0.5500000000000003,0.34999999999999964,-0.7989028735001381,false,true
55,75,0.6000000000000001,0.34999999999999964,-0.7989260289995439,false,true
56,75,0.6500000000000004,0.34999999999999964,-0.7972925094996016,false,true
0,76,-2.15,0.3999999999999999,-0.8413163120117962,false,true
1,76,-2.1,0.3999999999999999,-0.8416931033123443,false,true
2,76,-2.05,0.3999999999999999,-0.841693103313446,false,true
3,76,-2.0,0.3999999999999999,-0.8411547850978431,false,true
4,76,-1.95,0.3999999999999999,-0.8408394455877891,false,true
5,76,-1.9,0.3999999999999999,-0.8408394455909729,false,true
6,76,-1.8499999999999999,0.3999999999999999,-0.8398157313943532,false,true
7,76,-1.7999999999999998,0.3999999999999999,-0.8392160535031986,false,true
8,76,-1.75,0.3999999999999999,-0.8392160534858703,false,true
9,76,-1.7,0.3999999999999999,-0.839155077934266,false,true
10,76,-1.65,0.3999999999999999,-0.8390941023826598,false,true
11,76,-1.5999999999999999,0.3999999999999999,-0.8374032227812805,false,true
12,76,-1.5499999999999998,0.3999999999999999,-0.8364127284898271,false,true
13,76,-1.5,0.3999999999999999,-0.8364127278327942,false,true
14,76,-1.4499999999999997,0.3999999999999999,-0.8361083498528282,false,true
15,76,-1.4,0.3999999999999999,-0.835930049381905,false,true
16,76,-1.3499999999999999,0.3999999999999999,-0.8359300494194031,false,true
17,76,-1.2999999999999998,0.3999999999999999,-0.835930049419403,false,true
18,76,-1.25,0.3999999999999999,-0.8359300904197177,false,true
19,76,-1.1999999999999997,0.3999999999999999,-0.8381855282525367,false,true
20,76,-1.15,0.3999999999999999,-0.8404409151959394,false,true
21,76,-1.0999999999999999,0.3999999999999999,-0.8404410116107665,false,true
22,76,-1.0499999999999998,0.3999999999999999,-0.8404410551727202,false,true
23,76,-0.9999999999999998,0.3999999999999999,-0.8404411673545837,false,true
24,76,-0.9499999999999997,0.3999999999999999,-0.840165233877453,false,true
25,76,-0.8999999999999999,0.3999999999999999,-0.840003872948497,false,true
26,76,-0.8499999999999999,0.3999999999999999,-0.8399999737739563,false,true
27,76,-0.7999999999999998,0.3999999999999999,-0.83840402614795,false,true
28,76,-0.7499999999999998,0.3999999999999999,-0.8374634887979795,false,true
29,76,-0.6999999999999997,0.3999999999999999,-0.8374497378455531,false,true
30,76,-0.6499999999999999,0.3999999999999999,-0.837418258190155,false,true
31,76,-0.5999999999999999,0.3999999999999999,-0.8248624205507403,false,true
32,76,-0.5499999999999998,0.3999999999999999,-0.8174282104469631,false,true
33,76,-0.4999999999999998,0.3999999999999999,-0.8171994453158161,false,true
34,76,-0.44999999999999973,0.3999999999999999,-0.8150484561920166,false,true
35,76,-0.3999999999999999,0.3999999999999999,-0.8144888050702408,false,true
36,76,-0.34999999999999987,0.3999999999999999,-0.8100000023841858,true,false
37,76,-0.2999999999999998,0.3999999999999999,-0.8399999737739563,true,false
38,76,-0.24999999999999978,0.3999999999999999,-0.7784760010422321,true,false
39,76,-0.19999999999999973,0.3999999999999999,-0.8504065275192261,true,false
40,76,-0.1499999999999999,0.3999999999999999,-0.8228944546074197,true,false
41,76,-0.09999999999999964,0.3999999999999999,-0.7945623111904713,true,false
42,76,-0.04999999999999982,0.3999999999999999,-0.8619517683982849,true,false
43,76,0.0,0.3999999999999999,-0.8326185351700113,true,false
44,76,0.050000000000000266,0.3999999999999999,-0.8336798852772043,true,false
45,76,0.10000000000000009,0.3999999999999999,-0.8092850458801838,true,false
46,76,0.15000000000000036,0.3999999999999999,-0.8108524096191975,true,false
47,76,0.20000000000000018,0.3999999999999999,-0.8114286673248859,true,false
48,76,0.25000000000000044,0.3999999999999999,-0.8479259610176086,true,false
49,76,0.30000000000000027,0.3999999999999999,-0.8463670313358307,true,false
50,76,0.3500000000000001,0.3999999999999999,-0.8089424979866596,true,false
51,76,0.40000000000000036,0.3999999999999999,-0.8449521064758301,true,false
52,76,0.4500000000000002,0.3999999999999999,-0.8012711417854878,true,false
53,76,0.5000000000000004,0.3999999999999999,-0.7966507983387562,true,false
54,76,0.5500000000000003,0.3999999999999999,-0.7978217383641721,false,true
55,76,0.6000000000000001,0.3999999999999999,-0.7977954351210359,false,true
56,76,0.6500000000000004,0.3999999999999999,-0.79793338089592,false,true
0,77,-2.15,0.44999999999999973,-0.8416931033129897,false,true
1,77,-2.1,0.44999999999999973,-0.841693103313446,false,true
2,77,-2.05,0.44999999999999973,-0.8411547850989356,false,true
3,77,-2.0,0.44999999999999973,-0.8408394455896542,false,true
4,77,-1.95,0.44999999999999973,-0.8408394455909729,false,true
5,77,-1.9,0.44999999999999973,-0.839815731388407,false,true
6,77,-1.8499999999999999,0.44999999999999973,-0.839216053493048,false,true
7,77,-1.7999999999999998,0.44999999999999973,-0.8392160534858703,false,true
8,77,-1.75,0.44999999999999973,-0.8391550779342654,false,true
9,77,-1.7,0.44999999999999973,-0.8390941023826598,false,true
10,77,-1.65,0.44999999999999973,-0.8374032225558228,false,true
11,77,-1.5999999999999999,0.44999999999999973,-0.836412728104946,false,true
12,77,-1.5499999999999998,0.44999999999999973,-0.8364127278327942,false,true
13,77,-1.5,0.44999999999999973,-0.8361083498791869,false,true
14,77,-1.4499999999999997,0.44999999999999973,-0.8359300494084201,false,true
15,77,-1.4,0.44999999999999973,-0.8359300494194031,false,true
16,77,-1.3499999999999999,0.44999999999999973,-0.835930049419403,false,true
17,77,-1.2999999999999998,0.44999999999999973,-0.8359300664022894,false,true
18,77,-1.25,0.44999999999999973,-0.8381855741516483,false,true
19,77,-1.1999999999999997,0.44999999999999973,-0.8404410609941912,false,true
20,77,-1.15,0.44999999999999973,-0.840441102490911,false,true
21,77,-1.0999999999999999,0.44999999999999973,-0.8404411208873344,false,true
22,77,-1.0499999999999998,0.44999999999999973,-0.8404411673545837,false,true
23,77,-0.9999999999999998,0.44999999999999973,-0.8401638959191947,false,true
24,77,-0.9499999999999997,0.44999999999999973,-0.8400015888649331,false,true
25,77,-0.8999999999999999,0.44999999999999973,-0.8399999737739563,false,true
26,77,-0.8499999999999999,0.44999999999999973,-0.8383851651065024,false,true
27,77,-0.7999999999999998,0.44999999999999973,-0.8374369069834583,false,true
28,77,-0.7499999999999998,0.44999999999999973,-0.8374312974903596,false,true
29,77,-0.6999999999999997,0.44999999999999973,-0.837418258190155,false,true
30,77,-0.6499999999999999,0.44999999999999973,-0.8188584394131518,false,true
31,77,-0.5999999999999999,0.44999999999999973,-0.8161145214643428,false,true
32,77,-0.5499999999999998,0.44999999999999973,-0.8159394250596114,false,true
33,77,-0.4999999999999998,0.44999999999999973,-0.8150484561920166,false,true
34,77,-0.44999999999999973,0.44999999999999973,-0.8080240980923317,false,true
35,77,-0.3999999999999999,0.44999999999999973,-0.8102995546550914,false,true
36,77,-0.34999999999999987,0.44999999999999973,-0.8107231855392456,true,false
37,77,-0.2999999999999998,0.44999999999999973,-0.7720455539406391,true,false
38,77,-0.24999999999999978,0.44999999999999973,-0.7815976453007313,true,false
39,77,-0.19999999999999973,0.44999999999999973,-0.8165710574478433,true,false
40,77,-0.1499999999999999,0.44999999999999973,-0.8221686190456674,true,false
41,77,-0.09999999999999964,0.44999999999999973,-0.828291625389509,true,false
42,77,-0.04999999999999982,0.44999999999999973,-0.8681043982505798,true,false
43,77,0.0,0.44999999999999973,-0.8351480072826669,true,false
44,77,0.050000000000000266,0.44999999999999973,-0.8084055793465229,true,false
45,77,0.10000000000000009,0.44999999999999973,-0.8095552337349506,true,false
46,77,0.15000000000000036,0.44999999999999973,-0.8550113439559937,true,false
47,77,0.20000000000000018,0.44999999999999973,-0.8309690958351419,true,false
48,77,0.25000000000000044,0.44999999999999973,-0.8113194120110127,true,false
49,77,0.30000000000000027,0.44999999999999973,-0.8111121070564838,true,false
50,77,0.3500000000000001,0.44999999999999973,-0.8085370671928974,true,false
51,77,0.40000000000000036,0.44999999999999973,-0.8452696800231934,true,false
52,77,0.4500000000000002,0.44999999999999973,-0.7991728198708149,true,false
53,77,0.5000000000000004,0.44999999999999973,-0.7982489689745254,false,true
54,77,0.5500000000000003,0.44999999999999973,-0.7966507983387563,false,true
55,77,0.6000000000000001,0.44999999999999973,-0.7971358175780091,false,true
56,77,0.6500000000000004,0.44999999999999973,-0.7971869562372009,false,true
0,78,-2.15,0.5,-0.841693103313446,false,true
1,78,-2.1,0.5,-0.8411547850993881,false,true
2,78,-2.05,0.5,-0.8408394455904267,false,true
3,78,-2.0,0.5,-0.8408394455909729,false,true
4,78,-1.95,0.5,-0.839815731385944,false,true
5,78,-1.9,0.5,-0.8392160534888433,false,true
6,78,-1.8499999999999999,0.5,-0.8392160534858703,false,true
7,78,-1.7999999999999998,0.5,-0.839155077934265,false,true
8,78,-1.75,0.5,-0.8390941023826598,false,true
9,78,-1.7,0.5,-0.8374032224624349,false,true
10,78,-1.65,0.5,-0.8364127279455231,false,true
11,78,-1.5999999999999999,0.5,-0.8364127278327942,false,true
12,78,-1.5499999999999998,0.5,-0.8361083498869206,false,true
13,78,-1.5,0.5,-0.8359300494161862,false,true
14,78,-1.4499999999999997,0.5,-0.8359300494194031,false,true
15,78,-1.4,0.5,-0.835930049419403,false,true
16,78,-1.3499999999999999,0.5,-0.8359300564539448,false,true
17,78,-1.2999999999999998,0.5,-0.8381855938758664,false,true
18,78,-1.25,0.5,-0.8404411226956403,false,true
19,78,-1.1999999999999997,0.5,-0.8404411403839342,false,true
20,78,-1.15,0.5,-0.8404411481072189,false,true
21,78,-1.0999999999999999,0.5,-0.8404411673545837,false,true
22,78,-1.0499999999999998,0.5,-0.8401633417131638,false,true
23,78,-0.9999999999999998,0.5,-0.8400006427665434,false,true
24,78,-0.9499999999999997,0.5,-0.8399999737739563,false,true
25,78,-0.8999999999999999,0.5,-0.8383773965653643,false,true
26,78,-0.8499999999999999,0.5,-0.8374259574854799,false,true
27,78,-0.7999999999999998,0.5,-0.8374236592451436,false,true
28,78,-0.7499999999999998,0.5,-0.837418258190155,false,true
29,78,-0.6999999999999997,0.5,-0.8025963115188753,false,true
30,78,-0.6499999999999999,0.5,-0.787640742954163,false,true
31,78,-0.5999999999999999,0.5,-0.7904873968231838,false,true
32,78,-0.5499999999999998,0.5,-0.8150484561920166,false,true
33,78,-0.4999999999999998,0.5,-0.7939164151668006,false,true
34,78,-0.44999999999999973,0.5,-0.7860784966792745,false,true
35,78,-0.3999999999999999,0.5,-0.7884074670912372,false,true
36,78,-0.34999999999999987,0.5,-0.8100000023841858,true,false
37,78,-0.2999999999999998,0.5,-0.8164094090461731,true,false
38,78,-0.24999999999999978,0.5,-0.7807620179833027,true,false
39,78,-0.19999999999999973,0.5,-0.7842565787018391,true,false
40,78,-0.1499999999999999,0.5,-0.8215281671375558,true,false
41,78,-0.09999999999999964,0.5,-0.8693718910217285,true,false
42,78,-0.04999999999999982,0.5,-0.8700000047683716,true,false
43,78,0.0,0.5,-0.8700000047683716,true,false
44,78,0.050000000000000266,0.5,-0.8627731800079346,true,false
45,78,0.10000000000000009,0.5,-0.8095381272019001,true,false
46,78,0.15000000000000036,0.5,-0.811134876030788,true,false
47,78,0.20000000000000018,0.5,-0.8556711673736572,true,false
48,78,0.25000000000000044,0.5,-0.8325943356842325,true,false
49,78,0.30000000000000027,0.5,-0.8084112417877766,true,false
50,78,0.3500000000000001,0.5,-0.8278811878055856,true,false
51,78,0.40000000000000036,0.5,-0.8018957388580891,true,false
52,78,0.4500000000000002,0.5,-0.7961804282845112,true,false
53,78,0.5000000000000004,0.5,-0.7963146263643963,false,true
54,78,0.5500000000000003,0.5,-0.7961888727653514,false,true
55,78,0.6000000000000001,0.5,-0.7966507983387563,false,true
56,78,0.6500000000000004,0.5,-0.7968516998856667,false,true
0,79,-2.15,0.5499999999999998,-0.8411547850995755,false,true
1,79,-2.1,0.5499999999999998,-0.8408394455907466,false,true
2,79,-2.05,0.5499999999999998,-0.8408394455909729,false,true
3,79,-2.0,0.5499999999999998,-0.8398157313849238,false,true
4,79,-1.95,0.5499999999999998,-0.8392160534871017,false,true
5,79,-1.9,0.5499999999999998,-0.8392160534858703,false,true
6,79,-1.8499999999999999,0.5499999999999998,-0.839155077934265,false,true
7,79,-1.7999999999999998,0.5499999999999998,-0.8390941023826598,false,true
8,79,-1.75,0.5499999999999998,-0.8374032224237524,false,true
9,79,-1.7,0.5499999999999998,-0.8364127278794881,false,true
10,79,-1.65,0.5499999999999998,-0.8364127278327942,false,true
11,79,-1.5999999999999999,0.5499999999999998,-0.8361083498891886,false,true
12,79,-1.5499999999999998,0.5499999999999998,-0.8359300494184608,false,true
13,79,-1.5,0.5499999999999998,-0.8359300494194031,false,true
14,79,-1.4499999999999997,0.5499999999999998,-0.835930049419403,false,true
15,79,-1.4,0.5499999999999998,-0.8359300523332056,false,true
16,79,-1.3499999999999999,0.5499999999999998,-0.838185602272189,false,true
17,79,-1.2999999999999998,0.5499999999999998,-0.8404411486670967,false,true
18,79,-1.25,0.5499999999999998,-0.8404411561527377,false,true
19,79,-1.1999999999999997,0.5499999999999998,-0.8404411593820643,false,true
20,79,-1.15,0.5499999999999998,-0.8404411673545837,false,true
21,79,-1.0999999999999999,0.5499999999999998,-0.840163112152355,false,true
22,79,-1.0499999999999998,0.5499999999999998,-0.8400002508797589,false,true
23,79,-0.9999999999999998,0.5499999999999998,-0.8399999737739563,false,true
24,79,-0.9499999999999997,0.5499999999999998,-0.8209453032105725,false,true
25,79,-0.8999999999999999,0.5499999999999998,-0.8199924404837328,false,true
26,79,-0.8499999999999999,0.5499999999999998,-0.8374204953803824,false,true
27,79,-0.7999999999999998,0.5499999999999998,-0.837418258190155,false,true
28,79,-0.7499999999999998,0.5499999999999998,-0.7879251235669957,false,true
29,79,-0.6999999999999997,0.5499999999999998,-0.760822618189195,false,true
30,79,-0.6499999999999999,0.5499999999999998,-0.7582388822710596,false,true
31,79,-0.5999999999999999,0.5499999999999998,-0.7551411879350315,false,true
32,79,-0.5499999999999998,0.5499999999999998,-0.7303007853211018,false,true
33,79,-0.4999999999999998,0.5499999999999998,-0.7526505861798185,false,true
34,79,-0.44999999999999973,0.5499999999999998,-0.7610080038486188,false,true
35,79,-0.3999999999999999,0.5499999999999998,-0.7585637771604944,false,true
36,79,-0.34999999999999987,0.5499999999999998,-0.7355552923859211,true,false
37,79,-0.2999999999999998,0.5499999999999998,-0.7604401123703571,true,false
38,79,-0.24999999999999978,0.5499999999999998,-0.8399999737739563,true,false
39,79,-0.19999999999999973,0.5499999999999998,-0.8526972830295563,true,false
40,79,-0.1499999999999999,0.5499999999999998,-0.7909941983402821,true,false
41,79,-0.09999999999999964,0.5499999999999998,-0.8689112663269043,true,false
42,79,-0.04999999999999982,0.5499999999999998,-0.799658031481609,true,false
43,79,0.0,0.5499999999999998,-0.8026477110565754,true,false
44,79,0.050000000000000266,0.5499999999999998,-0.8700000047683716,true,false
45,79,0.10000000000000009,0.5499999999999998,-0.8084055793465229,true,false
46,79,0.15000000000000036,0.5499999999999998,-0.8084055793465229,true,false
47,79,0.20000000000000018,0.5499999999999998,-0.8080572498024555,true,false
48,79,0.25000000000000044,0.5499999999999998,-0.8084055793465229,true,false
49,79,0.30000000000000027,0.5499999999999998,-0.8071833265007587,true,false
50,79,0.3500000000000001,0.5499999999999998,-0.8046611559570881,true,false
51,79,0.40000000000000036,0.5499999999999998,-0.7999614489258381,true,false
52,79,0.4500000000000002,0.5499999999999998,-0.7936462176025959,true,false
53,79,0.5000000000000004,0.5499999999999998,-0.7932976727001751,false,true
54,79,0.5500000000000003,0.5499999999999998,-0.7936917638132663,false,true
55,79,0.6000000000000001,0.5499999999999998,-0.7947243923692614,false,true
56,79,0.6500000000000004,0.5499999999999998,-0.7966507983387563,false,true
0,80,-2.15,0.5999999999999996,-0.8408394455908792,false,true
1,80,-2.1,0.5999999999999996,-0.8408394455909729,false,true
2,80,-2.05,0.5999999999999996,-0.8398157313845013,false,true
3,80,-2.0,0.5999999999999996,-0.8392160534863804,false,true
4,80,-1.95,0.5999999999999996,-0.8392160534858703,false,true
5,80,-1.9,0.5999999999999996,-0.839155077934265,false,true
6,80,-1.8499999999999999,0.5999999999999996,-0.8390941023826598,false,true
7,80,-1.7999999999999998,0.5999999999999996,-0.8374032224077297,false,true
8,80,-1.75,0.5999999999999996,-0.8364127278521354,false,true
9,80,-1.7,0.5999999999999996,-0.8364127278327942,false,true
10,80,-1.65,0.5999999999999996,-0.8361083498898535,false,true
11,80,-1.5999999999999999,0.5999999999999996,-0.8359300494191271,false,true
12,80,-1.5499999999999998,0.5999999999999996,-0.8359300494194031,false,true
13,80,-1.5,0.5999999999999996,-0.835930049419403,false,true
14,80,-1.4499999999999997,0.5999999999999996,-0.8359300506263395,false,true
15,80,-1.4,0.5999999999999996,-0.8381856058215206,false,true
16,80,-1.3499999999999999,0.5999999999999996,-0.840441159554905,false,true
17,80,-1.2999999999999998,0.5999999999999996,-0.840441162705771,false,true
18,80,-1.25,0.5999999999999996,-0.8404411640522581,false,true
19,80,-1.1999999999999997,0.5999999999999996,-0.8404411673545837,false,true
20,80,-1.15,0.5999999999999996,-0.8401630170649153,false,true
21,80,-1.0999999999999999,0.5999999999999996,-0.8400000885549379,false,true
22,80,-1.0499999999999998,0.5999999999999996,-0.8399999737739563,false,true
23,80,-0.9999999999999998,0.5999999999999996,-0.7977922873454912,false,true
24,80,-0.9499999999999997,0.5999999999999996,-0.777914563658577,false,true
25,80,-0.8999999999999999,0.5999999999999996,-0.777913387709869,false,true
26,80,-0.8499999999999999,0.5999999999999996,-0.7779119318813609,false,true
27,80,-0.7999999999999998,0.5999999999999996,-0.7641205274092648,false,true
28,80,-0.7499999999999998,0.5999999999999996,-0.7445876205905544,false,true
29,80,-0.6999999999999997,0.5999999999999996,-0.7415888040662625,false,true
30,80,-0.6499999999999999,0.5999999999999996,-0.7376584478012448,false,true
31,80,-0.5999999999999999,0.5999999999999996,-0.7303711690610328,false,true
32,80,-0.5499999999999998,0.5999999999999996,-0.7303635539494739,false,true
33,80,-0.4999999999999998,0.5999999999999996,-0.7303007853211018,false,true
34,80,-0.44999999999999973,0.5999999999999996,-0.7390108937574639,false,true
35,80,-0.3999999999999999,0.5999999999999996,-0.7370651991378602,false,true
36,80,-0.34999999999999987,0.5999999999999996,-0.7396664631546589,true,false
37,80,-0.2999999999999998,0.5999999999999996,-0.7574654233635517,true,false
38,80,-0.24999999999999978,0.5999999999999996,-0.7784056079567524,true,false
39,80,-0.19999999999999973,0.5999999999999996,-0.7844224882305714,true,false
40,80,-0.1499999999999999,0.5999999999999996,-0.790173293370113,true,false
41,80,-0.09999999999999964,0.5999999999999996,-0.7942414891899677,true,false
42,80,-0.04999999999999982,0.5999999999999996,-0.8004423690022083,true,false
43,80,0.0,0.5999999999999996,-0.8028635692776295,true,false
44,80,0.050000000000000266,0.5999999999999996,-0.8047854018391224,true,false
45,80,0.10000000000000009,0.5999999999999996,-0.8053888690651508,true,false
46,80,0.15000000000000036,0.5999999999999996,-0.8053181779564472,true,false
47,80,0.20000000000000018,0.5999999999999996,-0.8052814614952656,true,false
48,80,0.25000000000000044,0.5999999999999996,-0.8057647657574268,true,false
49,80,0.30000000000000027,0.5999999999999996,-0.8047268998802753,true,false
50,80,0.3500000000000001,0.5999999999999996,-0.8028626752079578,true,false
51,80,0.40000000000000036,0.5999999999999996,-0.7978644085110279,true,false
52,80,0.4500000000000002,0.5999999999999996,-0.78992200018774,true,false
53,80,0.5000000000000004,0.5999999999999996,-0.7916262302590802,false,true
54,80,0.5500000000000003,0.5999999999999996,-0.7919959198332571,false,true
55,80,0.6000000000000001,0.5999999999999996,-0.792336254923618,false,true
56,80,0.6500000000000004,0.5999999999999996,-0.7939446829593595,false,true
0,81,-2.15,0.6499999999999995,-0.8408394455909729,false,true
1,81,-2.1,0.6499999999999995,-0.8398157313843262,false,true
2,81,-2.05,0.6499999999999995,-0.8392160534860815,false,true
3,81,-2.0,0.6499999999999995,-0.8392160534858703,false,true
4,81,-1.95,0.6499999999999995,-0.839155077934265,false,true
5,81,-1.9,0.6499999999999995,-0.8390941023826598,false,true
6,81,-1.8499999999999999,0.6499999999999995,-0.8374032224010929,false,true
7,81,-1.7999999999999998,0.6499999999999995,-0.8364127278408056,false,true
8,81,-1.75,0.6499999999999995,-0.8364127278327942,false,true
9,81,-1.7,0.6499999999999995,-0.8361083498900483,false,true
10,81,-1.65,0.6499999999999995,-0.8359300494193223,false,true
11,81,-1.5999999999999999,0.6499999999999995,-0.8359300494194031,false,true
12,81,-1.5499999999999998,0.6499999999999995,-0.835930049419403,false,true
13,81,-1.5,0.6499999999999995,-0.8359300499193325,false,true
14,81,-1.4499999999999997,0.6499999999999995,-0.8381856073141511,false,true
15,81,-1.4,0.6499999999999995,-0.840441164105476,false,true
16,81,-1.3499999999999999,0.6499999999999995,-0.8404411654263884,false,true
17,81,-1.2999999999999998,0.6499999999999995,-0.8404411659867156,false,true
18,81,-1.25,0.6499999999999995,-0.8404411673545837,false,true
19,81,-1.1999999999999997,0.6499999999999995,-0.8401629776783588,false,true
20,81,-1.15,0.6499999999999995,-0.8400000213177956,false,true
21,81,-1.0999999999999999,0.6499999999999995,-0.8399999737739563,false,true
22,81,-1.0499999999999998,0.6499999999999995,-0.780935506500376,false,true
23,81,-0.9999999999999998,0.6499999999999995,-0.7475483707663386,false,true
24,81,-0.9499999999999997,0.6499999999999995,-0.7430599353240227,false,true
25,81,-0.8999999999999999,0.6499999999999995,-0.7358383498760331,false,true
26,81,-0.8499999999999999,0.6499999999999995,-0.718408338891776,false,true
27,81,-0.7999999999999998,0.6499999999999995,-0.7184056055725665,false,true
28,81,-0.7499999999999998,0.6499999999999995,-0.7289316504899022,false,true
29,81,-0.6999999999999997,0.6499999999999995,-0.7325935899916357,false,true
30,81,-0.6499999999999999,0.6499999999999995,-0.730497088996412,false,true
31,81,-0.5999999999999999,0.6499999999999995,-0.7304814760946593,false,true
32,81,-0.5499999999999998,0.6499999999999995,-0.7304523221950092,false,true
33,81,-0.4999999999999998,0.6499999999999995,-0.7304523221950092,false,true
34,81,-0.44999999999999973,0.6499999999999995,-0.7303007853211018,false,true
35,81,-0.3999999999999999,0.6499999999999995,-0.7345275915541571,false,true
36,81,-0.34999999999999987,0.6499999999999995,-0.7348963630379292,true,false
37,81,-0.2999999999999998,0.6499999999999995,-0.7535121154965015,true,false
38,81,-0.24999999999999978,0.6499999999999995,-0.7784056079567524,true,false
39,81,-0.19999999999999973,0.6499999999999995,-0.7845642578781696,true,false
40,81,-0.1499999999999999,0.6499999999999995,-0.7917765987099262,true,false
41,81,-0.09999999999999964,0.6499999999999995,-0.7964575004757496,true,false
42,81,-0.04999999999999982,0.6499999999999995,-0.8014729929150196,true,false
43,81,0.0,0.6499999999999995,-0.8037036669434162,true,false
44,81,0.050000000000000266,0.6499999999999995,-0.8045991969288441,true,false
45,81,0.10000000000000009,0.6499999999999995,-0.8047273171127888,true,false
46,81,0.15000000000000036,0.6499999999999995,-0.8044461023987385,true,false
47,81,0.20000000000000018,0.6499999999999995,-0.8040234458626362,true,false
48,81,0.25000000000000044,0.6499999999999995,-0.8045442116440388,true,false
49,81,0.30000000000000027,0.6499999999999995,-0.8032296312035175,true,false
50,81,0.3500000000000001,0.6499999999999995,-0.8004048776806446,true,false
51,81,0.40000000000000036,0.6499999999999995,-0.7979397189797016,true,false
52,81,0.4500000000000002,0.6499999999999995,-0.7920163881958576,true,false
53,81,0.5000000000000004,0.6499999999999995,-0.7912169869760082,false,true
54,81,0.5500000000000003,0.6499999999999995,-0.7914620525345096,false,true
55,81,0.6000000000000001,0.6499999999999995,-0.7916126092208146,false,true
56,81,0.6500000000000004,0.6499999999999995,-0.7917804875581002,false,true
0,82,-2.15,0.7000000000000002,-0.8398157313842537,false,true
1,82,-2.1,0.7000000000000002,-0.8392160534859577,false,true
2,82,-2.05,0.7000000000000002,-0.8392160534858703,false,true
3,82,-2.0,0.7000000000000002,-0.839155077934265,false,true
4,82,-1.95,0.7000000000000002,-0.8390941023826598,false,true
5,82,-1.9,0.7000000000000002,-0.8374032223983437,false,true
6,82,-1.8499999999999999,0.7000000000000002,-0.8364127278361126,false,true
7,82,-1.7999999999999998,0.7000000000000002,-0.8364127278327942,false,true
8,82,-1.75,0.7000000000000002,-0.8361083498901054,false,true
9,82,-1.7,0.7000000000000002,-0.8359300494193795,false,true
10,82,-1.65,0.7000000000000002,-0.8359300494194031,false,true
11,82,-1.5999999999999999,0.7000000000000002,-0.835930049419403,false,true
12,82,-1.5499999999999998,0.7000000000000002,-0.8359300496264805,false,true
13,82,-1.5,0.7000000000000002,-0.8381856079394392,false,true
14,82,-1.4499999999999997,0.7000000000000002,-0.8404411660030626,false,true
15,82,-1.4,0.7000000000000002,-0.8404411665551393,false,true
16,82,-1.3499999999999999,0.7000000000000002,-0.8404411667879942,false,true
17,82,-1.2999999999999998,0.7000000000000002,-0.8404411673545837,false,true
18,82,-1.25,0.7000000000000002,-0.8401629613639026,false,true
19,82,-1.1999999999999997,0.7000000000000002,-0.8399999934672593,false,true
20,82,-1.15,0.7000000000000002,-0.8399999737739563,false,true
21,82,-1.0999999999999999,0.7000000000000002,-0.771451755741027,false,true
22,82,-1.0499999999999998,0.7000000000000002,-0.7312765551067634,false,true
23,82,-0.9999999999999998,0.7000000000000002,-0.7277654951464889,false,true
24,82,-0.9499999999999997,0.7000000000000002,-0.7235297841504593,false,true
25,82,-0.8999999999999999,0.7000000000000002,-0.7184193470205597,false,true
26,82,-0.8499999999999999,0.7000000000000002,-0.7184145257969538,false,true
27,82,-0.7999999999999998,0.7000000000000002,-0.7184122043888723,false,true
28,82,-0.7499999999999998,0.7000000000000002,-0.7184056055725665,false,true
29,82,-0.6999999999999997,0.7000000000000002,-0.7259818078858449,false,true
30,82,-0.6499999999999999,0.7000000000000002,-0.7304936323230007,false,true
31,82,-0.5999999999999999,0.7000000000000002,-0.7306450889091978,false,true
32,82,-0.5499999999999998,0.7000000000000002,-0.7306406280801256,false,true
33,82,-0.4999999999999998,0.7000000000000002,-0.7306038590689168,false,true
34,82,-0.44999999999999973,0.7000000000000002,-0.730666627697289,false,true
35,82,-0.3999999999999999,0.7000000000000002,-0.7303007853211018,true,false
36,82,-0.34999999999999987,0.7000000000000002,-0.7348448050201984,true,false
37,82,-0.2999999999999998,0.7000000000000002,-0.7484055769623371,true,false
38,82,-0.24999999999999978,0.7000000000000002,-0.7743513894260975,true,false
39,82,-0.19999999999999973,0.7000000000000002,-0.7854375851334187,true,false
40,82,-0.1499999999999999,0.7000000000000002,-0.7924994838417622,true,false
41,82,-0.09999999999999964,0.7000000000000002,-0.7968350362957569,true,false
42,82,-0.04999999999999982,0.7000000000000002,-0.8000115168274494,true,false
43,82,0.0,0.7000000000000002,-0.8024838280857655,true,false
44,82,0.050000000000000266,0.7000000000000002,-0.8038555395783039,true,false
45,82,0.10000000000000009,0.7000000000000002,-0.8039329660118671,true,false
46,82,0.15000000000000036,0.7000000000000002,-0.8029070508659931,true,false
47,82,0.20000000000000018,0.7000000000000002,-0.8021237862289997,true,false
48,82,0.25000000000000044,0.7000000000000002,-0.8024383497418018,true,false
49,82,0.30000000000000027,0.7000000000000002,-0.8018659961403461,true,false
50,82,0.3500000000000001,0.7000000000000002,-0.8006531012238117,true,false
51,82,0.40000000000000036,0.7000000000000002,-0.7983358514488789,true,false
52,82,0.4500000000000002,0.7000000000000002,-0.7913814497173878,true,false
53,82,0.5000000000000004,0.7000000000000002,-0.7916444498464424,false,true
54,82,0.5500000000000003,0.7000000000000002,-0.7914422179160505,false,true
55,82,0.6000000000000001,0.7000000000000002,-0.7914621360140003,false,true
56,82,0.6500000000000004,0.7000000000000002,-0.7915010056363655,false,true
0,83,-2.15,0.75,-0.8392160534859064,false,true
1,83,-2.1,0.75,-0.8392160534858703,false,true
2,83,-2.05,0.75,-0.839155077934265,false,true
3,83,-2.0,0.75,-0.8390941023826598,false,true
4,83,-1.95,0.75,-0.837403222397205,false,true
5,83,-1.9,0.75,-0.8364127278341688,false,true
6,83,-1.8499999999999999,0.75,-0.8364127278327942,false,true
7,83,-1.7999999999999998,0.75,-0.8361083498901221,false,true
8,83,-1.75,0.75,-0.8359300494193961,false,true
9,83,-1.7,0.75,-0.8359300494194031,false,true
10,83,-1.65,0.75,-0.835930049419403,false,true
11,83,-1.5999999999999999,0.75,-0.8359300495051772,false,true
12,83,-1.5499999999999998,0.75,-0.8381856082006284,false,true
13,83,-1.5,0.75,-0.8404411667930046,false,true
14,83,-1.4499999999999997,0.75,-0.8404411670232206,false,true
15,83,-1.4,0.75,-0.8404411671198947,false,true
16,83,-1.3499999999999999,0.75,-0.8404411673545837,false,true
17,83,-1.2999999999999998,0.75,-0.8401629546062315,false,true
18,83,-1.25,0.75,-0.8399999819311894,false,true
19,83,-1.1999999999999997,0.75,-0.8399999737739563,false,true
20,83,-1.15,0.75,-0.7668643497482097,false,true
21,83,-1.0999999999999999,0.75,-0.7237813693598436,false,true
22,83,-1.0499999999999998,0.75,-0.7218424989710375,false,true
23,83,-0.9999999999999998,0.75,-0.7199701280613137,false,true
24,83,-0.9499999999999997,0.75,-0.7184612549058329,false,true
25,83,-0.8999999999999999,0.75,-0.7184484679236449,false,true
26,83,-0.8499999999999999,0.75,-0.7184371733891541,false,true
27,83,-0.7999999999999998,0.75,-0.7184267289881335,false,true
28,83,-0.7499999999999998,0.75,-0.7184215365243876,false,true
29,83,-0.6999999999999997,0.75,-0.7184056055725665,false,true
30,83,-0.6499999999999999,0.75,-0.7258002115279265,false,true
31,83,-0.5999999999999999,0.75,-0.7302915965930314,false,true
32,83,-0.5499999999999998,0.75,-0.7308441641883597,false,true
33,83,-0.4999999999999998,0.75,-0.7308809331995685,false,true
34,83,-0.44999999999999973,0.75,-0.7308181645711963,false,true
35,83,-0.3999999999999999,0.75,-0.7311840069473835,true,false
36,83,-0.34999999999999987,0.75,-0.735907734650478,true,false
37,83,-0.2999999999999998,0.75,-0.7484055769623371,true,false
38,83,-0.24999999999999978,0.75,-0.7784056079567524,true,false
39,83,-0.19999999999999973,0.75,-0.7856867921532246,true,false
40,83,-0.1499999999999999,0.75,-0.7909400475205036,true,false
41,83,-0.09999999999999964,0.75,-0.7963361752213093,true,false
42,83,-0.04999999999999982,0.75,-0.7987700712860676,true,false
43,83,0.0,0.75,-0.8000983607948872,true,false
44,83,0.050000000000000266,0.75,-0.8022208821953388,true,false
45,83,0.10000000000000009,0.75,-0.800502837914333,true,false
46,83,0.15000000000000036,0.75,-0.799447180050716,true,false
47,83,0.20000000000000018,0.75,-0.7984932375134083,true,false
48,83,0.25000000000000044,0.75,-0.7996523094357105,true,false
49,83,0.30000000000000027,0.75,-0.8007213783444019,true,false
50,83,0.3500000000000001,0.75,-0.8005814862431141,true,false
51,83,0.40000000000000036,0.75,-0.7976657164276691,true,false
52,83,0.4500000000000002,0.75,-0.7955288595573711,false,true
53,83,0.5000000000000004,0.75,-0.7913814497173878,false,true
54,83,0.5500000000000003,0.75,-0.7914903879377481,false,true
55,83,0.6000000000000001,0.75,-0.7914443719990297,false,true
56,83,0.6500000000000004,0.75,-0.7914443618712692,false,true
0,84,-2.15,0.7999999999999998,-0.8392160534858703,false,true
1,84,-2.1,0.7999999999999998,-0.839155077934265,false,true
2,84,-2.05,0.7999999999999998,-0.8390941023826598,false,true
3,84,-2.0,0.7999999999999998,-0.8374032223967334,false,true
4,84,-1.95,0.7999999999999998,-0.8364127278333635,false,true
5,84,-1.9,0.7999999999999998,-0.8364127278327942,false,true
6,84,-1.8499999999999999,0.7999999999999998,-0.836108349890127,false,true
7,84,-1.7999999999999998,0.7999999999999998,-0.835930049419401,false,true
8,84,-1.75,0.7999999999999998,-0.8359300494194031,false,true
9,84,-1.7,0.7999999999999998,-0.835930049419403,false,true
10,84,-1.65,0.7999999999999998,-0.8359300494549319,false,true
11,84,-1.5999999999999999,0.7999999999999998,-0.8381856083094951,false,true
12,84,-1.5499999999999998,0.7999999999999998,-0.8404411671214274,false,true
13,84,-1.5,0.7999999999999998,-0.8404411672172635,false,true
14,84,-1.4499999999999997,0.7999999999999998,-0.8404411672573723,false,true
15,84,-1.4,0.7999999999999998,-0.8404411673545837,false,true
16,84,-1.3499999999999999,0.7999999999999998,-0.8401629518071119,false,true
17,84,-1.2999999999999998,0.7999999999999998,-0.8399999771527928,false,true
18,84,-1.25,0.7999999999999998,-0.8399999737739563,false,true
19,84,-1.1999999999999997,0.7999999999999998,-0.7648955134661135,false,true
20,84,-1.15,0.7999999999999998,-0.7206995136346376,false,true
21,84,-1.0999999999999999,0.7999999999999998,-0.7197760875382437,false,true
22,84,-1.0499999999999998,0.7999999999999998,-0.7190281604124572,false,true
23,84,-0.9999999999999998,0.7999999999999998,-0.7185674351299104,false,true
24,84,-0.9499999999999997,0.7999999999999998,-0.7185443408525497,false,true
25,84,-0.8999999999999999,0.7999999999999998,-0.7185212463147383,false,true
26,84,-0.8499999999999999,0.7999999999999998,-0.7184983829341938,false,true
27,84,-0.7999999999999998,0.7999999999999998,-0.71847691300301,false,true
28,84,-0.7499999999999998,0.7999999999999998,-0.7184551956563521,false,true
29,84,-0.6999999999999997,0.7999999999999998,-0.7184440662925147,false,true
30,84,-0.6499999999999999,0.7999999999999998,-0.7184056055725665,false,true
31,84,-0.5999999999999999,0.7999999999999998,-0.7250611085042195,false,true
32,84,-0.5499999999999998,0.7999999999999998,-0.7291611165184958,false,true
33,84,-0.4999999999999998,0.7999999999999998,-0.7310324700734762,false,true
34,84,-0.44999999999999973,0.7999999999999998,-0.7311840069473836,false,true
35,84,-0.3999999999999999,0.7999999999999998,-0.7339836233103779,false,true
36,84,-0.34999999999999987,0.7999999999999998,-0.7344910216511341,true,false
37,84,-0.2999999999999998,0.7999999999999998,-0.7532551300705524,true,false
38,84,-0.24999999999999978,0.7999999999999998,-0.7772341084660145,true,false
39,84,-0.19999999999999973,0.7999999999999998,-0.784795970934734,true,false
40,84,-0.1499999999999999,0.7999999999999998,-0.7926173520268055,true,false
41,84,-0.09999999999999964,0.7999999999999998,-0.7960650634945484,true,false
42,84,-0.04999999999999982,0.7999999999999998,-0.7976337683380695,true,false
43,84,0.0,0.7999999999999998,-0.8004554224194141,true,false
44,84,0.050000000000000266,0.7999999999999998,-0.8016960334957691,true,false
45,84,0.10000000000000009,0.7999999999999998,-0.7998214674175831,true,false
46,84,0.15000000000000036,0.7999999999999998,-0.7981944096268269,true,false
47,84,0.20000000000000018,0.7999999999999998,-0.7977195990265461,true,false
48,84,0.25000000000000044,0.7999999999999998,-0.797459305542812,true,false
49,84,0.30000000000000027,0.7999999999999998,-0.7984455835999104,true,false
50,84,0.3500000000000001,0.7999999999999998,-0.7978314769447895,true,false
51,84,0.40000000000000036,0.7999999999999998,-0.795565218943462,true,false
52,84,0.4500000000000002,0.7999999999999998,-0.7964108222211255,false,true
53,84,0.5000000000000004,0.7999999999999998,-0.7946735608723197,false,true
54,84,0.5500000000000003,0.7999999999999998,-0.7913814497173878,false,true
55,84,0.6000000000000001,0.7999999999999998,-0.7914265734057219,false,true
56,84,0.6500000000000004,0.7999999999999998,-0.7914185700706853,false,true
0,85,-2.15,0.8499999999999996,-0.839155077934265,false,true
1,85,-2.1,0.8499999999999996,-0.8390941023826598,false,true
2,85,-2.05,0.8499999999999996,-0.837403222396538,false,true
3,85,-2.0,0.8499999999999996,-0.8364127278330301,false,true
4,85,-1.95,0.8499999999999996,-0.8364127278327942,false,true
5,85,-1.9,0.8499999999999996,-0.8361083498901285,false,true
6,85,-1.8499999999999999,0.8499999999999996,-0.8359300494194025,false,true
7,85,-1.7999999999999998,0.8499999999999996,-0.8359300494194031,false,true
8,85,-1.75,0.8499999999999996,-0.835930049419403,false,true
9,85,-1.7,0.8499999999999996,-0.8359300494341195,false,true
10,85,-1.65,0.8499999999999996,-0.838185608354799,false,true
11,85,-1.5999999999999999,0.8499999999999996,-0.8404411672578402,false,true
12,85,-1.5499999999999998,0.8499999999999996,-0.8404411672976847,false,true
13,85,-1.5,0.8499999999999996,-0.8404411673143175,false,true
14,85,-1.4499999999999997,0.8499999999999996,-0.8404411673545837,false,true
15,85,-1.4,0.8499999999999996,-0.8401629506476787,false,true
16,85,-1.3499999999999999,0.8499999999999996,-0.8399999751735162,false,true
17,85,-1.2999999999999998,0.8499999999999996,-0.8399999737739563,false,true
18,85,-1.25,0.8499999999999996,-0.7641798932013126,false,true
19,85,-1.1999999999999997,0.8499999999999996,-0.7196254168966402,false,true
20,85,-1.15,0.8499999999999996,-0.7192155131862669,false,true
21,85,-1.0999999999999999,0.8499999999999996,-0.7189235796188009,false,true
22,85,-1.0499999999999998,0.8499999999999996,-0.7187674047904039,false,true
23,85,-0.9999999999999998,0.8499999999999996,-0.7187377567067064,false,true
24,85,-0.9499999999999997,0.8499999999999996,-0.7187062755942448,false,true
25,85,-0.8999999999999999,0.8499999999999996,-0.7186728743900442,false,true
26,85,-0.8499999999999999,0.8499999999999996,-0.7186376529431705,false,true
27,85,-0.7999999999999998,0.8499999999999996,-0.7186003999481172,false,true
28,85,-0.7499999999999998,0.8499999999999996,-0.7185630024478146,false,true
29,85,-0.6999999999999997,0.8499999999999996,-0.718520525037417,false,true
30,85,-0.6499999999999999,0.8499999999999996,-0.7184984579642841,false,true
31,85,-0.5999999999999999,0.8499999999999996,-0.7184056055725665,false,true
32,85,-0.5499999999999998,0.8499999999999996,-0.7228920683908088,false,true
33,85,-0.4999999999999998,0.8499999999999996,-0.724794806259975,false,true
34,85,-0.44999999999999973,0.8499999999999996,-0.7293427286405008,false,true
35,85,-0.3999999999999999,0.8499999999999996,-0.7352563137910476,false,true
36,85,-0.34999999999999987,0.8499999999999996,-0.7353011977852436,true,false
37,85,-0.2999999999999998,0.8499999999999996,-0.7549498689354511,true,false
38,85,-0.24999999999999978,0.8499999999999996,-0.7767336976708027,true,false
39,85,-0.19999999999999973,0.8499999999999996,-0.7850635361851307,true,false
40,85,-0.1499999999999999,0.8499999999999996,-0.7910033476532551,true,false
41,85,-0.09999999999999964,0.8499999999999996,-0.7941830468357655,true,false
42,85,-0.04999999999999982,0.8499999999999996,-0.7966563117683979,true,false
43,85,0.0,0.8499999999999996,-0.7992968571365925,true,false
44,85,0.050000000000000266,0.8499999999999996,-0.8003525150002094,true,false
45,85,0.10000000000000009,0.8499999999999996,-0.7982761275948139,true,false
46,85,0.15000000000000036,0.8499999999999996,-0.7967752230347248,true,false
47,85,0.20000000000000018,0.8499999999999996,-0.7967077505768391,true,false
48,85,0.25000000000000044,0.8499999999999996,-0.7964952302158924,true,false
49,85,0.30000000000000027,0.8499999999999996,-0.796128453034267,true,false
50,85,0.3500000000000001,0.8499999999999996,-0.7968164098442646,true,false
51,85,0.40000000000000036,0.8499999999999996,-0.7963517916382404,true,false
52,85,0.4500000000000002,0.8499999999999996,-0.7960171518705444,false,true
53,85,0.5000000000000004,0.8499999999999996,-0.7959765685987693,false,true
54,85,0.5500000000000003,0.8499999999999996,-0.7942134080916013,false,true
55,85,0.6000000000000001,0.8499999999999996,-0.7913814497173878,false,true
56,85,0.6500000000000004,0.8499999999999996,-0.7914001405610801,false,true
0,86,-2.15,0.8999999999999995,-0.8390941023826598,false,true
1,86,-2.1,0.8999999999999995,-0.8374032223964571,false,true
2,86,-2.05,0.8999999999999995,-0.8364127278328919,false,true
3,86,-2.0,0.8999999999999995,-0.8364127278327942,false,true
4,86,-1.95,0.8999999999999995,-0.8361083498901288,false,true
5,86,-1.9,0.8999999999999995,-0.8359300494194029,false,true
6,86,-1.8499999999999999,0.8999999999999995,-0.8359300494194031,false,true
7,86,-1.7999999999999998,0.8999999999999995,-0.835930049419403,false,true
8,86,-1.75,0.8999999999999995,-0.8359300494254986,false,true
9,86,-1.7,0.8999999999999995,-0.8381856083736295,false,true
10,86,-1.65,0.8999999999999995,-0.8404411673144602,false,true
11,86,-1.5999999999999999,0.8999999999999995,-0.8404411673310097,false,true
12,86,-1.5499999999999998,0.8999999999999995,-0.8404411673379049,false,true
13,86,-1.5,0.8999999999999995,-0.8404411673545837,false,true
14,86,-1.4499999999999997,0.8999999999999995,-0.8401629501674256,false,true
15,86,-1.4,0.8999999999999995,-0.839999974353673,false,true
16,86,-1.3499999999999999,0.8999999999999995,-0.8399999737739563,false,true
17,86,-1.2999999999999998,0.8999999999999995,-0.764029321158989,false,true
18,86,-1.25,0.8999999999999995,-0.7194246255002669,false,true
19,86,-1.1999999999999997,0.8999999999999995,-0.7192480313449572,false,true
20,86,-1.15,0.8999999999999995,-0.7191310115451194,false,true
21,86,-1.0999999999999999,0.8999999999999995,-0.7190677952447121,false,true
22,86,-1.0499999999999998,0.8999999999999995,-0.719039863385565,false,true
23,86,-0.9999999999999998,0.8999999999999995,-0.7190093031729606,false,true
24,86,-0.9499999999999997,0.8999999999999995,-0.7189756935770646,false,true
25,86,-0.8999999999999999,0.8999999999999995,-0.7189385413097317,false,true
26,86,-0.8499999999999999,0.8999999999999995,-0.7188971764937498,false,true
27,86,-0.7999999999999998,0.8999999999999995,-0.7188510765741745,false,true
28,86,-0.7499999999999998,0.8999999999999995,-0.7187984922920092,false,true
29,86,-0.6999999999999997,0.8999999999999995,-0.7187420107329933,false,true
30,86,-0.6499999999999999,0.8999999999999995,-0.718666652056374,false,true
31,86,-0.5999999999999999,0.8999999999999995,-0.71862977107595,false,true
32,86,-0.5499999999999998,0.8999999999999995,-0.7184056055725665,false,true
33,86,-0.4999999999999998,0.8999999999999995,-0.7184056055725665,false,true
34,86,-0.44999999999999973,0.8999999999999995,-0.7184056055725665,false,true
35,86,-0.3999999999999999,0.8999999999999995,-0.7292022286707913,false,true
36,86,-0.34999999999999987,0.8999999999999995,-0.7359581303776356,true,false
37,86,-0.2999999999999998,0.8999999999999995,-0.7579788577736469,true,false
38,86,-0.24999999999999978,0.8999999999999995,-0.7784056079567524,true,false
39,86,-0.19999999999999973,0.8999999999999995,-0.7848285150707813,true,false
40,86,-0.1499999999999999,0.8999999999999995,-0.7902564418495747,true,false
41,86,-0.09999999999999964,0.8999999999999995,-0.793470264691219,true,false
42,86,-0.04999999999999982,0.8999999999999995,-0.7953975212753864,true,false
43,86,0.0,0.8999999999999995,-0.7974885714233967,true,false
44,86,0.050000000000000266,0.8999999999999995,-0.7992703926743122,true,false
45,86,0.10000000000000009,0.8999999999999995,-0.7981424343765827,true,false
46,86,0.15000000000000036,0.8999999999999995,-0.7967873227776142,true,false
47,86,0.20000000000000018,0.8999999999999995,-0.7958699476898762,true,false
48,86,0.25000000000000044,0.8999999999999995,-0.795131744164333,true,false
49,86,0.30000000000000027,0.8999999999999995,-0.7945231807411762,true,false
50,86,0.3500000000000001,0.8999999999999995,-0.7952514898956867,true,false
51,86,0.40000000000000036,0.8999999999999995,-0.7959958326996418,true,false
52,86,0.4500000000000002,0.8999999999999995,-0.7954849215630632,false,true
53,86,0.5000000000000004,0.8999999999999995,-0.7952647637498942,false,true
54,86,0.5500000000000003,0.8999999999999995,-0.7951957393242053,false,true
55,86,0.6000000000000001,0.8999999999999995,-0.7936921723787443,false,true
56,86,0.6500000000000004,0.8999999999999995,-0.7913814497173878,false,true
0,87,-2.15,0.9500000000000002,-0.8374032223964235,false,true
1,87,-2.1,0.9500000000000002,-0.8364127278328347,false,true
2,87,-2.05,0.9500000000000002,-0.8364127278327942,false,true
3,87,-2.0,0.9500000000000002,-0.836108349890129,false,true
4,87,-1.95,0.9500000000000002,-0.8359300494194031,false,true
5,87,-1.9,0.9500000000000002,-0.8359300494194031,false,true
6,87,-1.8499999999999999,0.9500000000000002,-0.835930049419403,false,true
7,87,-1.7999999999999998,0.9500000000000002,-0.8359300494219278,false,true
8,87,-1.75,0.9500000000000002,-0.8381856083814491,false,true
9,87,-1.7,0.9500000000000002,-0.8404411673379485,false,true
10,87,-1.65,0.9500000000000002,-0.8404411673448174,false,true
11,87,-1.5999999999999999,0.9500000000000002,-0.8404411673476752,false,true
12,87,-1.5499999999999998,0.9500000000000002,-0.8404411673545837,false,true
13,87,-1.5,0.9500000000000002,-0.8401629499684983,false,true
14,87,-1.4499999999999997,0.9500000000000002,-0.8399999740140829,false,true
15,87,-1.4,0.9500000000000002,-0.8399999737739563,false,true
16,87,-1.3499999999999999,0.9500000000000002,-0.764122448381552,false,true
17,87,-1.2999999999999998,0.9500000000000002,-0.7195939315202043,false,true
18,87,-1.25,0.9500000000000002,-0.7195205873923328,false,true
19,87,-1.1999999999999997,0.9500000000000002,-0.7194735759533682,false,true
20,87,-1.15,0.9500000000000002,-0.7194460404916444,false,true
21,87,-1.0999999999999999,0.9500000000000002,-0.719427844820837,false,true
22,87,-1.0499999999999998,0.9500000000000002,-0.7194076873130483,false,true
23,87,-0.9999999999999998,0.9500000000000002,-0.7193851887315577,false,true
24,87,-0.9499999999999997,0.9500000000000002,-0.7193598618980186,false,true
25,87,-0.8999999999999999,0.9500000000000002,-0.71933105400442,false,true
26,87,-0.8499999999999999,0.9500000000000002,-0.7192979283600595,false,true
27,87,-0.7999999999999998,0.9500000000000002,-0.7192591481708703,false,true
28,87,-0.7499999999999998,0.9500000000000002,-0.7192135161055403,false,true
29,87,-0.6999999999999997,0.9500000000000002,-0.719156336533386,false,true
30,87,-0.6499999999999999,0.9500000000000002,-0.7190921367642199,false,true
31,87,-0.5999999999999999,0.9500000000000002,-0.7189798561228907,false,true
32,87,-0.5499999999999998,0.9500000000000002,-0.7189467889710515,false,true
33,87,-0.4999999999999998,0.9500000000000002,-0.7184056055725665,false,true
34,87,-0.44999999999999973,0.9500000000000002,-0.7184056055725666,false,true
35,87,-0.3999999999999999,0.9500000000000002,-0.7184056055725666,true,false
36,87,-0.34999999999999987,0.9500000000000002,-0.7288177025498005,true,false
37,87,-0.2999999999999998,0.9500000000000002,-0.7484055769623371,true,false
38,87,-0.24999999999999978,0.9500000000000002,-0.7697167110622974,true,false
39,87,-0.19999999999999973,0.9500000000000002,-0.779347391146526,true,false
40,87,-0.1499999999999999,0.9500000000000002,-0.7869717490852924,true,false
41,87,-0.09999999999999964,0.9500000000000002,-0.792728157061443,true,false
42,87,-0.04999999999999982,0.9500000000000002,-0.7949137103737446,true,false
43,87,0.0,0.9500000000000002,-0.7964360428036305,true,false
44,87,0.050000000000000266,0.9500000000000002,-0.7970757794560047,true,false
45,87,0.10000000000000009,0.9500000000000002,-0.7962189924896809,true,false
46,87,0.15000000000000036,0.9500000000000002,-0.7952012431801411,true,false
47,87,0.20000000000000018,0.9500000000000002,-0.7936335814179035,true,false
48,87,0.25000000000000044,0.9500000000000002,-0.7935680163086506,true,false
49,87,0.30000000000000027,0.9500000000000002,-0.7938122165382954,true,false
50,87,0.3500000000000001,0.9500000000000002,-0.7938995373428913,true,false
51,87,0.40000000000000036,0.9500000000000002,-0.793895514029369,true,false
52,87,0.4500000000000002,0.9500000000000002,-0.7942010254639977,false,true
53,87,0.5000000000000004,0.9500000000000002,-0.794317294770697,false,true
54,87,0.5500000000000003,0.9500000000000002,-0.7943124272262538,false,true
55,87,0.6000000000000001,0.9500000000000002,-0.7943009464076282,false,true
56,87,0.6500000000000004,0.9500000000000002,-0.7931301404959362,false,true
0,88,-2.15,1.0,-0.8364127278328111,false,true
1,88,-2.1,1.0,-0.8364127278327942,false,true
2,88,-2.05,1.0,-0.836108349890129,false,true
3,88,-2.0,1.0,-0.8359300494194031,false,true
4,88,-1.95,1.0,-0.8359300494194031,false,true
5,88,-1.9,1.0,-0.835930049419403,false,true
6,88,-1.8499999999999999,1.0,-0.8359300494204488,false,true
7,88,-1.7999999999999998,1.0,-0.8381856083846941,false,true
8,88,-1.75,1.0,-0.8404411673476885,false,true
9,88,-1.7,1.0,-0.840441167350538,false,true
10,88,-1.65,1.0,-0.8404411673517223,false,true
11,88,-1.5999999999999999,1.0,-0.8404411673545837,false,true
12,88,-1.5499999999999998,1.0,-0.8401629498861,false,true
13,88,-1.5,1.0,-0.83999997387342,false,true
14,88,-1.4499999999999997,1.0,-0.8399999737739563,false,true
15,88,-1.4,1.0,-0.7643103031278037,false,true
16,88,-1.3499999999999999,1.0,-0.7199069239658581,false,true
17,88,-1.2999999999999998,1.0,-0.7198813825725446,false,true
18,88,-1.25,1.0,-0.7198669618004978,false,true
19,88,-1.1999999999999997,1.0,-0.719859627654279,false,true
20,88,-1.15,1.0,-0.7198550813850334,false,true
21,88,-1.0999999999999999,1.0,-0.7198500183030088,false,true
22,88,-1.0499999999999998,1.0,-0.7198443332770075,false,true
23,88,-0.9999999999999998,1.0,-0.7198378892522141,false,true
24,88,-0.9499999999999997,1.0,-0.7198305014375336,false,true
25,88,-0.8999999999999999,1.0,-0.7198219230001366,false,true
26,88,-0.8499999999999999,1.0,-0.7198117782506074,false,true
27,88,-0.7999999999999998,1.0,-0.719799623615447,false,true
28,88,-0.7499999999999998,1.0,-0.7197843375354004,false,true
29,88,-0.6999999999999997,1.0,-0.7197658856045185,false,true
30,88,-0.6499999999999999,1.0,-0.7197368131946537,false,true
31,88,-0.5999999999999999,1.0,-0.719713291258249,false,true
32,88,-0.5499999999999998,1.0,-0.7196008706878155,false,true
33,88,-0.4999999999999998,1.0,-0.7197121378729198,false,true
34,88,-0.44999999999999973,1.0,-0.7184056055725666,true,false
35,88,-0.3999999999999999,1.0,-0.7184056055725666,true,false
36,88,-0.34999999999999987,1.0,-0.7305609595955463,true,false
37,88,-0.2999999999999998,1.0,-0.7484055769623371,true,false
38,88,-0.24999999999999978,1.0,-0.7715000522316547,true,false
39,88,-0.19999999999999973,1.0,-0.7798694086254688,true,false
40,88,-0.1499999999999999,1.0,-0.788372219818935,true,false
41,88,-0.09999999999999964,1.0,-0.7909608495415302,true,false
42,88,-0.04999999999999982,1.0,-0.7938594830216023,true,false
43,88,0.0,1.0,-0.7956360888660999,true,false
44,88,0.050000000000000266,1.0,-0.7959438574493977,true,false
45,88,0.10000000000000009,1.0,-0.7949532878578754,true,false
46,88,0.15000000000000036,1.0,-0.7918146860779377,true,false
47,88,0.20000000000000018,1.0,-0.7918332231224628,true,false
48,88,0.25000000000000044,1.0,-0.7912781846703144,true,false
49,88,0.30000000000000027,1.0,-0.7922863376320454,true,false
50,88,0.3500000000000001,1.0,-0.7930732381523701,true,false
51,88,0.40000000000000036,1.0,-0.7928382766426655,true,false
52,88,0.4500000000000002,1.0,-0.7933140976087525,false,true
53,88,0.5000000000000004,1.0,-0.7933532069552465,false,true
54,88,0.5500000000000003,1.0,-0.7933899171616432,false,true
55,88,0.6000000000000001,1.0,-0.793385361229327,false,true
56,88,0.6500000000000004,1.0,-0.7881364648854681,false,true
0,89,-2.15,1.0499999999999998,-0.8364127278327942,false,true
1,89,-2.1,1.0499999999999998,-0.836108349890129,false,true
2,89,-2.05,1.0499999999999998,-0.8359300494194031,false,true
3,89,-2.0,1.0499999999999998,-0.8359300494194031,false,true
4,89,-1.95,1.0499999999999998,-0.835930049419403,false,true
5,89,-1.9,1.0499999999999998,-0.8359300494198362,false,true
6,89,-1.8499999999999999,1.0499999999999998,-0.8381856083860404,false,true
7,89,-1.7999999999999998,1.0499999999999998,-0.8404411673517264,false,true
8,89,-1.75,1.0499999999999998,-0.8404411673529079,false,true
9,89,-1.7,1.0499999999999998,-0.8404411673533986,false,true
10,89,-1.65,1.0499999999999998,-0.8404411673545837,false,true
11,89,-1.5999999999999999,1.0499999999999998,-0.8401629498519694,false,true
12,89,-1.5499999999999998,1.0499999999999998,-0.8399999738151555,false,true
13,89,-1.5,1.0499999999999998,-0.8399999737739563,false,true
14,89,-1.4499999999999997,1.0499999999999998,-0.7645209658445432,false,true
15,89,-1.4,1.0499999999999998,-0.7202542907299322,false,true
16,89,-1.3499999999999999,1.0499999999999998,-0.7202526601407315,false,true
17,89,-1.2999999999999998,1.0499999999999998,-0.7202560373963378,false,true
18,89,-1.25,1.0499999999999998,-0.7202625718041652,false,true
19,89,-1.1999999999999997,1.0499999999999998,-0.7202707196966783,false,true
20,89,-1.15,1.0499999999999998,-0.7202796442125392,false,true
21,89,-1.0999999999999999,1.0499999999999998,-0.7202894782284966,false,true
22,89,-1.0499999999999998,1.0499999999999998,-0.7203003891338425,false,true
23,89,-0.9999999999999998,1.0499999999999998,-0.7203125910497162,false,true
24,89,-0.9499999999999997,1.0499999999999998,-0.7203263645541272,false,true
25,89,-0.8999999999999999,1.0499999999999998,-0.720342080613158,false,true
26,89,-0.8499999999999999,1.0499999999999998,-0.7203602644825846,false,true
27,89,-0.7999999999999998,1.0499999999999998,-0.7203815975802342,false,true
28,89,-0.7499999999999998,1.0499999999999998,-0.7204073489070709,false,true
29,89,-0.6999999999999997,1.0499999999999998,-0.7204384335083199,false,true
30,89,-0.6499999999999999,1.0499999999999998,-0.7204807490411383,false,true
31,89,-0.5999999999999999,1.0499999999999998,-0.7205270353078929,false,true
32,89,-0.5499999999999998,1.0499999999999998,-0.720638780240843,false,true
33,89,-0.4999999999999998,1.0499999999999998,-0.720638780240843,false,true
34,89,-0.44999999999999973,1.0499999999999998,-0.7215598535717579,true,false
35,89,-0.3999999999999999,1.0499999999999998,-0.7236785900772663,true,false
36,89,-0.34999999999999987,1.0499999999999998,-0.7308292401016804,true,false
37,89,-0.2999999999999998,1.0499999999999998,-0.7485810530365559,true,false
38,89,-0.24999999999999978,1.0499999999999998,-0.7711060953320118,true,false
39,89,-0.19999999999999973,1.0499999999999998,-0.7784056079567524,true,false
40,89,-0.1499999999999999,1.0499999999999998,-0.7855958354652973,true,false
41,89,-0.09999999999999964,1.0499999999999998,-0.789560021180019,true,false
42,89,-0.04999999999999982,1.0499999999999998,-0.7920909536064716,true,false
43,89,0.0,1.0499999999999998,-0.7941277933300587,true,false
44,89,0.050000000000000266,1.0499999999999998,-0.7948074054897877,true,false
45,89,0.10000000000000009,1.0499999999999998,-0.7933280182064625,true,false
46,89,0.15000000000000036,1.0499999999999998,-0.7897331130684467,true,false
47,89,0.20000000000000018,1.0499999999999998,-0.789385141152248,true,false
48,89,0.25000000000000044,1.0499999999999998,-0.7902011585415455,true,false
49,89,0.30000000000000027,1.0499999999999998,-0.7919968080700489,true,false
50,89,0.3500000000000001,1.0499999999999998,-0.7933247101486774,true,false
51,89,0.40000000000000036,1.0499999999999998,-0.7934055936516377,true,false
52,89,0.4500000000000002,1.0499999999999998,-0.7925606974147229,false,true
53,89,0.5000000000000004,1.0499999999999998,-0.792514455624353,false,true
54,89,0.5500000000000003,1.0499999999999998,-0.7924518521711295,false,true
55,89,0.6000000000000001,1.0499999999999998,-0.7875439080745665,false,true
56,89,0.6500000000000004,1.0499999999999998,-0.7789476227940174,false,true
0,90,-2.15,1.0999999999999996,-0.836108349890129,false,true
1,90,-2.1,1.0999999999999996,-0.8359300494194031,false,true
2,90,-2.05,1.0999999999999996,-0.8359300494194031,false,true
3,90,-2.0,1.0999999999999996,-0.835930049419403,false,true
4,90,-1.95,1.0999999999999996,-0.8359300494195824,false,true
5,90,-1.9,1.0999999999999996,-0.8381856083865984,false,true
6,90,-1.8499999999999999,1.0999999999999996,-0.8404411673533997,false,true
7,90,-1.7999999999999998,1.0999999999999996,-0.8404411673538895,false,true
8,90,-1.75,1.0999999999999996,-0.8404411673540929,false,true
9,90,-1.7,1.0999999999999996,-0.8404411673545837,false,true
10,90,-1.65,1.0999999999999996,-0.8401629498378321,false,true
11,90,-1.5999999999999999,1.0999999999999996,-0.8399999737910215,false,true
12,90,-1.5499999999999998,1.0999999999999996,-0.8399999737739563,false,true
13,90,-1.5,1.0999999999999996,-0.7647185997199362,false,true
14,90,-1.4499999999999997,1.0999999999999996,-0.7205801530757238,false,true
15,90,-1.4,1.0999999999999996,-0.7205907241812871,false,true
16,90,-1.3499999999999999,1.0999999999999996,-0.7206039634953685,false,true
17,90,-1.2999999999999998,1.0999999999999996,-0.7206191615482364,false,true
18,90,-1.25,1.0999999999999996,-0.720635871944006,false,true
19,90,-1.1999999999999997,1.0999999999999996,-0.7206539930939548,false,true
20,90,-1.15,1.0999999999999996,-0.7206737368369555,false,true
21,90,-1.0999999999999999,1.0999999999999996,-0.72069536272333,false,true
22,90,-1.0499999999999998,1.0999999999999996,-0.7207191928296681,false,true
23,90,-0.9999999999999998,1.0999999999999996,-0.7207456329005556,false,true
24,90,-0.9499999999999997,1.0999999999999996,-0.7207752019851594,false,true
25,90,-0.8999999999999999,1.0999999999999996,-0.72080858024429,false,true
26,90,-0.8499999999999999,1.0999999999999996,-0.720846667100949,false,true
27,90,-0.7999999999999998,1.0999999999999996,-0.7208907357936986,false,true
28,90,-0.7499999999999998,1.0999999999999996,-0.7209424397494065,false,true
29,90,-0.6999999999999997,1.0999999999999996,-0.7210048519449559,false,true
30,90,-0.6499999999999999,1.0999999999999996,-0.7210802106215751,false,true
31,90,-0.5999999999999999,1.0999999999999996,-0.721182748157832,false,true
32,90,-0.5499999999999998,1.0999999999999996,-0.7212951687282654,false,true
33,90,-0.4999999999999998,1.0999999999999996,-0.7215654226087662,false,true
34,90,-0.44999999999999973,1.0999999999999996,-0.7215693605125996,true,false
35,90,-0.3999999999999999,1.0999999999999996,-0.7261868131340595,true,false
36,90,-0.34999999999999987,1.0999999999999996,-0.7352798295200916,true,false
37,90,-0.2999999999999998,1.0999999999999996,-0.7533825648010822,true,false
38,90,-0.24999999999999978,1.0999999999999996,-0.7725166690529438,true,false
39,90,-0.19999999999999973,1.0999999999999996,-0.7784056079567524,true,false
40,90,-0.1499999999999999,1.0999999999999996,-0.785535694378719,true,false
41,90,-0.09999999999999964,1.0999999999999996,-0.7897867572487446,true,false
42,90,-0.04999999999999982,1.0999999999999996,-0.7923662078560444,true,false
43,90,0.0,1.0999999999999996,-0.793218137043819,true,false
44,90,0.050000000000000266,1.0999999999999996,-0.7932556879700275,true,false
45,90,0.10000000000000009,1.0999999999999996,-0.7910507035435291,true,false
46,90,0.15000000000000036,1.0999999999999996,-0.7883505833328815,true,false
47,90,0.20000000000000018,1.0999999999999996,-0.7872127604664417,true,false
48,90,0.25000000000000044,1.0999999999999996,-0.7895416033447834,true,false
49,90,0.30000000000000027,1.0999999999999996,-0.7918169510544392,true,false
50,90,0.3500000000000001,1.0999999999999996,-0.7934041035355183,true,false
51,90,0.40000000000000036,1.0999999999999996,-0.7910882544697376,true,false
52,90,0.4500000000000002,1.0999999999999996,-0.7916494178728637,false,true
53,90,0.5000000000000004,1.0999999999999996,-0.7914619627344126,false,true
54,90,0.5500000000000003,1.0999999999999996,-0.7869140011125421,false,true
55,90,0.6000000000000001,1.0999999999999996,-0.7789476227940174,false,true
56,90,0.6500000000000004,1.0999999999999996,-0.7790374081503185,false,true
0,91,-2.15,1.1499999999999995,-0.8359300494194031,false,true
1,91,-2.1,1.1499999999999995,-0.8359300494194031,false,true
2,91,-2.05,1.1499999999999995,-0.835930049419403,false,true
3,91,-2.0,1.1499999999999995,-0.8359300494194772,false,true
4,91,-1.95,1.1499999999999995,-0.8381856083868297,false,true
5,91,-1.9,1.1499999999999995,-0.8404411673540931,false,true
6,91,-1.8499999999999999,1.1499999999999995,-0.8404411673542962,false,true
7,91,-1.7999999999999998,1.1499999999999995,-0.8404411673543805,false,true
8,91,-1.75,1.1499999999999995,-0.8404411673545837,false,true
9,91,-1.7,1.1499999999999995,-0.8401629498319763,false,true
10,91,-1.65,1.1499999999999995,-0.839999973781025,false,true
11,91,-1.5999999999999999,1.1499999999999995,-0.8399999737739563,false,true
12,91,-1.5499999999999998,1.1499999999999995,-0.7648865313856469,false,true
13,91,-1.5,1.1499999999999995,-0.7208575483177738,false,true
14,91,-1.4499999999999997,1.1499999999999995,-0.7208734832803784,false,true
15,91,-1.4,1.1499999999999995,-0.7208910656206583,false,true
16,91,-1.3499999999999999,1.1499999999999995,-0.720910065004312,false,true
17,91,-1.2999999999999998,1.1499999999999995,-0.7209303963019116,false,true
18,91,-1.25,1.1499999999999995,-0.7209521192239776,false,true
19,91,-1.1999999999999997,1.1499999999999995,-0.7209753970153107,false,true
20,91,-1.15,1.1499999999999995,-0.7210004201062471,false,true
21,91,-1.0999999999999999,1.1499999999999995,-0.7210274118236053,false,true
22,91,-1.0499999999999998,1.1499999999999995,-0.7210566354532412,false,true
23,91,-0.9999999999999998,1.1499999999999995,-0.7210884027027809,false,true
24,91,-0.9499999999999997,1.1499999999999995,-0.7211230842465103,false,true
25,91,-0.8999999999999999,1.1499999999999995,-0.7211611193704104,false,true
26,91,-0.8499999999999999,1.1499999999999995,-0.7212030330567598,false,true
27,91,-0.7999999999999998,1.1499999999999995,-0.7212494140787017,false,true
28,91,-0.7499999999999998,1.1499999999999995,-0.7213010022449357,false,true
29,91,-0.6999999999999997,1.1499999999999995,-0.72135818181709,false,true
30,91,-0.6499999999999999,1.1499999999999995,-0.7214223815862562,false,true
31,91,-0.5999999999999999,1.1499999999999995,-0.7214883759608306,false,true
32,91,-0.5499999999999998,1.1499999999999995,-0.7215677293794244,false,true
33,91,-0.4999999999999998,1.1499999999999995,-0.7215693605125996,false,true
34,91,-0.44999999999999973,1.1499999999999995,-0.7159649324224263,false,true
35,91,-0.3999999999999999,1.1499999999999995,-0.7226199519814106,true,false
36,91,-0.34999999999999987,1.1499999999999995,-0.7382460844696613,true,false
37,91,-0.2999999999999998,1.1499999999999995,-0.7528341126621815,true,false
38,91,-0.24999999999999978,1.1499999999999995,-0.7709936809719654,true,false
39,91,-0.19999999999999973,1.1499999999999995,-0.7793783557594868,true,false
40,91,-0.1499999999999999,1.1499999999999995,-0.7859609139145466,true,false
41,91,-0.09999999999999964,1.1499999999999995,-0.7894924295128437,true,false
42,91,-0.04999999999999982,1.1499999999999995,-0.7926116597832294,true,false
43,91,0.0,1.1499999999999995,-0.7936567974270435,true,false
44,91,0.050000000000000266,1.1499999999999995,-0.7929188621224018,true,false
45,91,0.10000000000000009,1.1499999999999995,-0.7897677135647388,true,false
46,91,0.15000000000000036,1.1499999999999995,-0.7875817728222462,true,false
47,91,0.20000000000000018,1.1499999999999995,-0.7874531758011433,true,false
48,91,0.25000000000000044,1.1499999999999995,-0.7898489248932453,true,false
49,91,0.30000000000000027,1.1499999999999995,-0.7921392929733845,true,false
50,91,0.3500000000000001,1.1499999999999995,-0.7934936297119709,true,false
51,91,0.40000000000000036,1.1499999999999995,-0.7906868469894978,true,false
52,91,0.4500000000000002,1.1499999999999995,-0.7900981264549682,false,true
53,91,0.5000000000000004,1.1499999999999995,-0.786147917854982,false,true
54,91,0.5500000000000003,1.1499999999999995,-0.7789476227940174,false,true
55,91,0.6000000000000001,1.1499999999999995,-0.7791643838189022,false,true
56,91,0.6500000000000004,1.1499999999999995,-0.7791973729039064,false,true
0,92,-2.15,1.2000000000000002,-0.8359300494194031,false,true
1,92,-2.1,1.2000000000000002,-0.835930049419403,false,true
2,92,-2.05,1.2000000000000002,-0.8359300494194337,false,true
3,92,-2.0,1.2000000000000002,-0.8381856083869255,false,true
4,92,-1.95,1.2000000000000002,-0.8404411673543805,false,true
5,92,-1.9,1.2000000000000002,-0.8404411673544646,false,true
6,92,-1.8499999999999999,1.2000000000000002,-0.8404411673544995,false,true
7,92,-1.7999999999999998,1.2000000000000002,-0.8404411673545837,false,true
8,92,-1.75,1.2000000000000002,-0.8401629498295506,false,true
9,92,-1.7,1.2000000000000002,-0.8399999737768843,false,true
10,92,-1.65,1.2000000000000002,-0.8399999737739563,false,true
11,92,-1.5999999999999999,1.2000000000000002,-0.7650194396034866,false,true
12,92,-1.5499999999999998,1.2000000000000002,-0.7210774217459224,false,true
13,92,-1.5,1.2000000000000002,-0.721094399101362,false,true
14,92,-1.4499999999999997,1.2000000000000002,-0.7211124081195928,false,true
15,92,-1.4,1.2000000000000002,-0.7211313771953877,false,true
16,92,-1.3499999999999999,1.2000000000000002,-0.7211512985599084,false,true
17,92,-1.2999999999999998,1.2000000000000002,-0.7211722156635819,false,true
18,92,-1.25,1.2000000000000002,-0.721194199808817,false,true
19,92,-1.1999999999999997,1.2000000000000002,-0.7212173255857955,false,true
20,92,-1.15,1.2000000000000002,-0.721241669199091,false,true
21,92,-1.0999999999999999,1.2000000000000002,-0.7212673054364047,false,true
22,92,-1.0499999999999998,1.2000000000000002,-0.7212943023641696,false,true
23,92,-0.9999999999999998,1.2000000000000002,-0.7213227123307886,false,true
24,92,-0.9499999999999997,1.2000000000000002,-0.7213525563108963,false,true
25,92,-0.8999999999999999,1.2000000000000002,-0.7213837984606646,false,true
26,92,-0.8499999999999999,1.2000000000000002,-0.7214162967361875,false,true
27,92,-0.7999999999999998,1.2000000000000002,-0.7214497376495544,false,true
28,92,-0.7499999999999998,1.2000000000000002,-0.7214834317236508,false,true
29,92,-0.6999999999999997,1.2000000000000002,-0.7215162884184843,false,true
30,92,-0.6499999999999999,1.2000000000000002,-0.721545360828349,false,true
31,92,-0.5999999999999999,1.2000000000000002,-0.7215686848751164,false,true
32,92,-0.5499999999999998,1.2000000000000002,-0.7215693605125996,false,true
33,92,-0.4999999999999998,1.2000000000000002,-0.7076717855530369,false,true
34,92,-0.44999999999999973,1.2000000000000002,-0.6984267337054901,false,true
35,92,-0.3999999999999999,1.2000000000000002,-0.6884055745781513,true,false
36,92,-0.34999999999999987,1.2000000000000002,-0.7269239437759968,true,false
37,92,-0.2999999999999998,1.2000000000000002,-0.7484574926079365,true,false
38,92,-0.24999999999999978,1.2000000000000002,-0.7728061092079731,true,false
39,92,-0.19999999999999973,1.2000000000000002,-0.7789933693588825,true,false
40,92,-0.1499999999999999,1.2000000000000002,-0.7858125579537006,true,false
41,92,-0.09999999999999964,1.2000000000000002,-0.788933606165752,true,false
42,92,-0.04999999999999982,1.2000000000000002,-0.7913648498238178,true,false
43,92,0.0,1.2000000000000002,-0.7922632706345173,true,false
44,92,0.050000000000000266,1.2000000000000002,-0.791499228495464,true,false
45,92,0.10000000000000009,1.2000000000000002,-0.7894775283516499,true,false
46,92,0.15000000000000036,1.2000000000000002,-0.7878038299263569,true,false
47,92,0.20000000000000018,1.2000000000000002,-0.7868707788170429,true,false
48,92,0.25000000000000044,1.2000000000000002,-0.7895843696774097,true,false
49,92,0.30000000000000027,1.2000000000000002,-0.7910937082947346,true,false
50,92,0.3500000000000001,1.2000000000000002,-0.7926248920143696,true,false
51,92,0.40000000000000036,1.2000000000000002,-0.7882754218758198,true,false
52,92,0.4500000000000002,1.2000000000000002,-0.7852427341891012,false,true
53,92,0.5000000000000004,1.2000000000000002,-0.7789476227940174,false,true
54,92,0.5500000000000003,1.2000000000000002,-0.7794709302000881,false,true
55,92,0.6000000000000001,1.2000000000000002,-0.7794937766252189,false,true
56,92,0.6500000000000004,1.2000000000000002,-0.779589325977285,false,true
0,93,-2.15,1.25,-0.835930049419403,false,true
1,93,-2.1,1.25,-0.8359300494194158,false,true
2,93,-2.05,1.25,-0.8381856083869653,false,true
3,93,-2.0,1.25,-0.8404411673544995,false,true
4,93,-1.95,1.25,-0.8404411673545344,false,true
5,93,-1.9,1.25,-0.8404411673545489,false,true
6,93,-1.8499999999999999,1.25,-0.8404411673545837,false,true
7,93,-1.7999999999999998,1.25,-0.8401629498285459,false,true
8,93,-1.75,1.25,-0.8399999737751691,false,true
9,93,-1.7,1.25,-0.8399999737739563,false,true
10,93,-1.65,1.25,-0.7651187424174428,false,true
11,93,-1.5999999999999999,1.25,-0.7212417976132176,false,true
12,93,-1.5499999999999998,1.25,-0.7212572570956767,false,true
13,93,-1.5,1.25,-0.7212732855677548,false,true
14,93,-1.4499999999999997,1.25,-0.7212898463245185,false,true
15,93,-1.4,1.25,-0.7213069242942725,false,true
16,93,-1.3499999999999999,1.25,-0.7213245163225772,false,true
17,93,-1.2999999999999998,1.25,-0.7213426195662046,false,true
18,93,-1.25,1.25,-0.7213612218268379,false,true
19,93,-1.1999999999999997,1.25,-0.7213802978148803,false,true
20,93,-1.15,1.25,-0.7213998039972644,false,true
21,93,-1.0999999999999999,1.25,-0.7214196714600799,false,true
22,93,-1.0499999999999998,1.25,-0.7214397959981806,false,true
23,93,-0.9999999999999998,1.25,-0.7214600242654591,false,true
24,93,-0.9499999999999997,1.25,-0.7214801346536436,false,true
25,93,-0.8999999999999999,1.25,-0.7214998101794624,false,true
26,93,-0.8499999999999999,1.25,-0.7215186043625711,false,true
27,93,-0.7999999999999998,1.25,-0.7215358868004512,false,true
28,93,-0.7499999999999998,1.25,-0.7215508224376148,false,true
29,93,-0.6999999999999997,1.25,-0.7215622152467633,false,true
30,93,-0.6499999999999999,1.25,-0.7215690806543908,false,true
31,93,-0.5999999999999999,1.25,-0.7215693605125996,false,true
32,93,-0.5499999999999998,1.25,-0.7056809978311736,false,true
33,93,-0.4999999999999998,1.25,-0.6949803181982417,false,true
34,93,-0.44999999999999973,1.25,-0.6927989773993801,false,true
35,93,-0.3999999999999999,1.25,-0.6884055745781513,true,false
36,93,-0.34999999999999987,1.25,-0.7389270973385426,true,false
37,93,-0.2999999999999998,1.25,-0.7533993733109089,true,false
38,93,-0.24999999999999978,1.25,-0.7733808469952198,true,false
39,93,-0.19999999999999973,1.25,-0.7787355196655842,true,false
40,93,-0.1499999999999999,1.25,-0.7834463131607624,true,false
41,93,-0.09999999999999964,1.25,-0.7882929158390614,true,false
42,93,-0.04999999999999982,1.25,-0.7907409382046314,true,false
43,93,0.0,1.25,-0.7909363222302052,true,false
44,93,0.050000000000000266,1.25,-0.7900444281281086,true,false
45,93,0.10000000000000009,1.25,-0.7876096379936787,true,false
46,93,0.15000000000000036,1.25,-0.7858083260239216,true,false
47,93,0.20000000000000018,1.25,-0.7867048394859882,true,false
48,93,0.25000000000000044,1.25,-0.7868750703514668,true,false
49,93,0.30000000000000027,1.25,-0.787758411187038,true,false
50,93,0.3500000000000001,1.25,-0.7881300461472126,true,false
51,93,0.40000000000000036,1.25,-0.7844123852432819,true,false
52,93,0.4500000000000002,1.25,-0.7789476227940174,true,false
53,93,0.5000000000000004,1.25,-0.7802109986310438,false,true
54,93,0.5500000000000003,1.25,-0.7800722401806921,false,true
55,93,0.6000000000000001,1.25,-0.7801493953252361,false,true
56,93,0.6500000000000004,1.25,-0.7801257901958657,false,true
0,94,-2.15,1.2999999999999998,-0.8359300494194083,false,true
1,94,-2.1,1.2999999999999998,-0.8346259914431686,false,true
2,94,-2.05,1.2999999999999998,-0.8404411673545488,false,true
3,94,-2.0,1.2999999999999998,-0.8404411673545633,false,true
4,94,-1.95,1.2999999999999998,-0.8404411673545693,false,true
5,94,-1.9,1.2999999999999998,-0.8404411673545837,false,true
6,94,-1.8499999999999999,1.2999999999999998,-0.8401629498281297,false,true
7,94,-1.7999999999999998,1.2999999999999998,-0.8399999737744586,false,true
8,94,-1.75,1.2999999999999998,-0.8399999737739563,false,true
9,94,-1.7,1.2999999999999998,-0.7651893572569931,false,true
10,94,-1.65,1.2999999999999998,-0.7213586390586546,false,true
11,94,-1.5999999999999999,1.2999999999999998,-0.7213713626974513,false,true
12,94,-1.5499999999999998,1.2999999999999998,-0.7213843104707521,false,true
13,94,-1.5,1.2999999999999998,-0.7213974474073942,false,true
14,94,-1.4499999999999997,1.2999999999999998,-0.7214107425690984,false,true
15,94,-1.4,1.2999999999999998,-0.7214241635572061,false,true
16,94,-1.3499999999999999,1.2999999999999998,-0.7214376711436181,false,true
17,94,-1.2999999999999998,1.2999999999999998,-0.7214512151289115,false,true
18,94,-1.25,1.2999999999999998,-0.7214647317543137,false,true
19,94,-1.1999999999999997,1.2999999999999998,-0.7214781405468751,false,true
20,94,-1.15,1.2999999999999998,-0.7214913405229917,false,true
21,94,-1.0999999999999999,1.2999999999999998,-0.7215042057227606,false,true
22,94,-1.0499999999999998,1.2999999999999998,-0.7215165801612714,false,true
23,94,-0.9999999999999998,1.2999999999999998,-0.7215282725756442,false,true
24,94,-0.9499999999999997,1.2999999999999998,-0.7215390518363068,false,true
25,94,-0.8999999999999999,1.2999999999999998,-0.7215486454511626,false,true
26,94,-0.8499999999999999,1.2999999999999998,-0.7215567446340911,false,true
27,94,-0.7999999999999998,1.2999999999999998,-0.7215630300175466,false,true
28,94,-0.7499999999999998,1.2999999999999998,-0.721567219696612,false,true
29,94,-0.6999999999999997,1.2999999999999998,-0.7215692445915339,false,true
30,94,-0.6499999999999999,1.2999999999999998,-0.7215693605125996,false,true
31,94,-0.5999999999999999,1.2999999999999998,-0.7078776175797723,false,true
32,94,-0.5499999999999998,1.2999999999999998,-0.69802982121219,false,true
33,94,-0.4999999999999998,1.2999999999999998,-0.6963537183848368,false,true
34,94,-0.44999999999999973,1.2999999999999998,-0.6946187844329013,false,true
35,94,-0.3999999999999999,1.2999999999999998,-0.703405590075359,true,false
36,94,-0.34999999999999987,1.2999999999999998,-0.7356746506870838,true,false
37,94,-0.2999999999999998,1.2999999999999998,-0.7600159359158131,true,false
38,94,-0.24999999999999978,1.2999999999999998,-0.7720829260529133,true,false
39,94,-0.19999999999999973,1.2999999999999998,-0.7784056079567524,true,false
40,94,-0.1499999999999999,1.2999999999999998,-0.7825768602074238,true,false
41,94,-0.09999999999999964,1.2999999999999998,-0.786330462712154,true,false
42,94,-0.04999999999999982,1.2999999999999998,-0.7890051019371601,true,false
43,94,0.0,1.2999999999999998,-0.7903044533909412,true,false
44,94,0.050000000000000266,1.2999999999999998,-0.78936469675909,true,false
45,94,0.10000000000000009,1.2999999999999998,-0.786989779490337,true,false
46,94,0.15000000000000036,1.2999999999999998,-0.7852204752148243,true,false
47,94,0.20000000000000018,1.2999999999999998,-0.7860873353661152,true,false
48,94,0.25000000000000044,1.2999999999999998,-0.7869782161892506,true,false
49,94,0.30000000000000027,1.2999999999999998,-0.7873362910927387,true,false
50,94,0.3500000000000001,1.2999999999999998,-0.7872961175621601,true,false
51,94,0.40000000000000036,1.2999999999999998,-0.7811806214035603,true,false
52,94,0.4500000000000002,1.2999999999999998,-0.7819976818741413,true,false
53,94,0.5000000000000004,1.2999999999999998,-0.7810006234849853,false,true
54,94,0.5500000000000003,1.2999999999999998,-0.780936974302205,false,true
55,94,0.6000000000000001,1.2999999999999998,-0.7807244210724151,false,true
56,94,0.6500000000000004,1.2999999999999998,-0.7805895936999231,false,true
0,95,-2.15,1.3499999999999996,-0.8146515319086282,false,true
1,95,-2.1,1.3499999999999996,-0.8111005239029363,false,true
2,95,-2.05,1.3499999999999996,-0.8196941994055488,false,true
3,95,-2.0,1.3499999999999996,-0.8404411673545777,false,true
4,95,-1.95,1.3499999999999996,-0.8404411673545837,false,true
5,95,-1.9,1.3499999999999996,-0.8076359850264943,false,true
6,95,-1.8499999999999999,1.3499999999999996,-0.7989768397257112,false,true
7,95,-1.7999999999999998,1.3499999999999996,-0.8399999737739563,false,true
8,95,-1.75,1.3499999999999996,-0.7652374256268439,false,true
9,95,-1.7,1.3499999999999996,-0.7214380709971856,false,true
10,95,-1.65,1.3499999999999996,-0.7214477797334053,false,true
11,95,-1.5999999999999999,1.3499999999999996,-0.7214574865615424,false,true
12,95,-1.5499999999999998,1.3499999999999996,-0.7214671573826215,false,true
13,95,-1.5,1.3499999999999996,-0.721476756939782,false,true
14,95,-1.4499999999999997,1.3499999999999996,-0.7214862462922739,false,true
15,95,-1.4,1.3499999999999996,-0.7214955807005221,false,true
16,95,-1.3499999999999999,1.3499999999999996,-0.721504708179936,false,true
17,95,-1.2999999999999998,1.3499999999999996,-0.7215135686333412,false,true
18,95,-1.25,1.3499999999999996,-0.7215220930360238,false,true
19,95,-1.1999999999999997,1.3499999999999996,-0.7215302027974518,false,true
20,95,-1.15,1.3499999999999996,-0.7215378095112385,false,true
21,95,-1.0999999999999999,1.3499999999999996,-0.7215448154459074,false,true
22,95,-1.0499999999999998,1.3499999999999996,-0.7215511153485722,false,true
23,95,-0.9999999999999998,1.3499999999999996,-0.7215566004861007,false,true
24,95,-0.9499999999999997,1.3499999999999996,-0.7215611663210235,false,true
25,95,-0.8999999999999999,1.3499999999999996,-0.7215647260729102,false,true
26,95,-0.8499999999999999,1.3499999999999996,-0.7215672325654122,false,true
27,95,-0.7999999999999998,1.3499999999999996,-0.7215687135932035,false,true
28,95,-0.7499999999999998,1.3499999999999996,-0.721569312496522,false,true
29,95,-0.6999999999999997,1.3499999999999996,-0.7215693605125996,false,true
30,95,-0.6499999999999999,1.3499999999999996,-0.7124859151156258,false,true
31,95,-0.5999999999999999,1.3499999999999996,-0.7055333396441679,false,true
32,95,-0.5499999999999998,1.3499999999999996,-0.7046380759627644,false,true
33,95,-0.4999999999999998,1.3499999999999996,-0.7034496915765129,false,true
34,95,-0.44999999999999973,1.3499999999999996,-0.7023620264949424,false,true
35,95,-0.3999999999999999,1.3499999999999996,-0.6884055745781513,true,false
36,95,-0.34999999999999987,1.3499999999999996,-0.7455668461502644,true,false
37,95,-0.2999999999999998,1.3499999999999996,-0.7618098867119404,true,false
38,95,-0.24999999999999978,1.3499999999999996,-0.7714894426048847,true,false
39,95,-0.19999999999999973,1.3499999999999996,-0.7784056079567524,true,false
40,95,-0.1499999999999999,1.3499999999999996,-0.782290459889278,true,false
41,95,-0.09999999999999964,1.3499999999999996,-0.7862553012550922,true,false
42,95,-0.04999999999999982,1.3499999999999996,-0.7892340731800648,true,false
43,95,0.0,1.3499999999999996,-0.7898263347328754,true,false
44,95,0.050000000000000266,1.3499999999999996,-0.7882791173637959,true,false
45,95,0.10000000000000009,1.3499999999999996,-0.7851330948055836,true,false
46,95,0.15000000000000036,1.3499999999999996,-0.7838878047646137,true,false
47,95,0.20000000000000018,1.3499999999999996,-0.7851460588158222,true,false
48,95,0.25000000000000044,1.3499999999999996,-0.7863391649902912,true,false
49,95,0.30000000000000027,1.3499999999999996,-0.7869084787548634,true,false
50,95,0.3500000000000001,1.3499999999999996,-0.7863806498230549,true,false
51,95,0.40000000000000036,1.3499999999999996,-0.782415450829372,true,false
52,95,0.4500000000000002,1.3499999999999996,-0.7816435706795307,true,false
53,95,0.5000000000000004,1.3499999999999996,-0.7815729364358445,false,true
54,95,0.5500000000000003,1.3499999999999996,-0.7810760063038433,false,true
55,95,0.6000000000000001,1.3499999999999996,-0.7808391173758522,false,true
56,95,0.6500000000000004,1.3499999999999996,-0.7806434051463488,false,true
0,96,-2.15,1.4000000000000004,-0.7696065880048918,false,true
1,96,-2.1,1.4000000000000004,-0.7696065880048941,false,true
2,96,-2.05,1.4000000000000004,-0.7696065880048957,false,true
3,96,-2.0,1.4000000000000004,-0.7696065880048973,false,true
4,96,-1.95,1.4000000000000004,-0.7604685332543066,false,true
5,96,-1.9,1.4000000000000004,-0.7459383078999658,false,true
6,96,-1.8499999999999999,1.4000000000000004,-0.7409613671832785,false,true
7,96,-1.7999999999999998,1.4000000000000004,-0.6999382331348862,false,true
8,96,-1.75,1.4000000000000004,-0.7135251911578392,false,true
9,96,-1.7,1.4000000000000004,-0.7214969257899285,false,true
10,96,-1.65,1.4000000000000004,-0.7215037727092807,false,true
11,96,-1.5999999999999999,1.4000000000000004,-0.7215104692413604,false,true
12,96,-1.5499999999999998,1.4000000000000004,-0.7215169860460033,false,true
13,96,-1.5,1.4000000000000004,-0.7215232915339194,false,true
14,96,-1.4499999999999997,1.4000000000000004,-0.7215293513394732,false,true
15,96,-1.4,1.4000000000000004,-0.7215351281806001,false,true
16,96,-1.3499999999999999,1.4000000000000004,-0.7215405820522487,false,true
17,96,-1.2999999999999998,1.4000000000000004,-0.7215456706575862,false,true
18,96,-1.25,1.4000000000000004,-0.7215503501864834,false,true
19,96,-1.1999999999999997,1.4000000000000004,-0.7215545765905731,false,true
20,96,-1.15,1.4000000000000004,-0.7215583075541099,false,true
21,96,-1.0999999999999999,1.4000000000000004,-0.7215615054118903,false,true
22,96,-1.0499999999999998,1.4000000000000004,-0.7215641413227531,false,true
23,96,-0.9999999999999998,1.4000000000000004,-0.7215662009656156,false,true
24,96,-0.9499999999999997,1.4000000000000004,-0.7215676920702232,false,true
25,96,-0.8999999999999999,1.4000000000000004,-0.721568652941488,false,true
26,96,-0.8499999999999999,1.4000000000000004,-0.7215691627960389,false,true
27,96,-0.7999999999999998,1.4000000000000004,-0.721569340623689,false,true
28,96,-0.7499999999999998,1.4000000000000004,-0.7215693605125996,false,true
29,96,-0.6999999999999997,1.4000000000000004,-0.7173213110201311,false,true
30,96,-0.6499999999999999,1.4000000000000004,-0.7138906050285495,false,true
31,96,-0.5999999999999999,1.4000000000000004,-0.714080707503162,false,true
32,96,-0.5499999999999998,1.4000000000000004,-0.7143029521162867,false,true
33,96,-0.4999999999999998,1.4000000000000004,-0.7146030628570414,false,true
34,96,-0.44999999999999973,1.4000000000000004,-0.7138187894298013,false,true
35,96,-0.3999999999999999,1.4000000000000004,-0.7210558664978596,true,false
36,96,-0.34999999999999987,1.4000000000000004,-0.7484055769623371,true,false
37,96,-0.2999999999999998,1.4000000000000004,-0.7616564941586109,true,false
38,96,-0.24999999999999978,1.4000000000000004,-0.7709050786675068,true,false
39,96,-0.19999999999999973,1.4000000000000004,-0.7784056079567524,true,false
40,96,-0.1499999999999999,1.4000000000000004,-0.7814495873631092,true,false
41,96,-0.09999999999999964,1.4000000000000004,-0.7854042363346668,true,false
42,96,-0.04999999999999982,1.4000000000000004,-0.78849297882925,true,false
43,96,0.0,1.4000000000000004,-0.7886626732529255,true,false
44,96,0.050000000000000266,1.4000000000000004,-0.7869244826019856,true,false
45,96,0.10000000000000009,1.4000000000000004,-0.7840506148518177,true,false
46,96,0.15000000000000036,1.4000000000000004,-0.7827683699310871,true,false
47,96,0.20000000000000018,1.4000000000000004,-0.7844722879112812,true,false
48,96,0.25000000000000044,1.4000000000000004,-0.7859743547619434,true,false
49,96,0.30000000000000027,1.4000000000000004,-0.7859662187279316,true,false
50,96,0.3500000000000001,1.4000000000000004,-0.7863766861141773,true,false
51,96,0.40000000000000036,1.4000000000000004,-0.7810687136829945,true,false
52,96,0.4500000000000002,1.4000000000000004,-0.7810482990921589,true,false
53,96,0.5000000000000004,1.4000000000000004,-0.7804486237904735,false,true
54,96,0.5500000000000003,1.4000000000000004,-0.7804062489147582,false,true
55,96,0.6000000000000001,1.4000000000000004,-0.7802856103309962,false,true
56,96,0.6500000000000004,1.4000000000000004,-0.7801687044886133,false,true
0,97,-2.15,1.4500000000000002,-0.7334520775225627,false,true
1,97,-2.1,1.4500000000000002,-0.7281126521068437,false,true
2,97,-2.05,1.4500000000000002,-0.7195189766042375,false,true
3,97,-2.0,1.4500000000000002,-0.6987720086552109,false,true
4,97,-1.95,1.4500000000000002,-0.6987720086552109,false,true
5,97,-1.9,1.4500000000000002,-0.7080036013185798,false,true
6,97,-1.8499999999999999,1.4500000000000002,-0.6999382331348862,false,true
7,97,-1.7999999999999998,1.4500000000000002,-0.6999382331348863,false,true
8,97,-1.75,1.4500000000000002,-0.6999382331348862,false,true
9,97,-1.7,1.4500000000000002,-0.7135534363936071,false,true
10,97,-1.65,1.4500000000000002,-0.7215363888402434,false,true
11,97,-1.5999999999999999,1.4500000000000002,-0.7215405885305308,false,true
12,97,-1.5499999999999998,1.4500000000000002,-0.7215445649465903,false,true
13,97,-1.5,1.4500000000000002,-0.7215482978456966,false,true
14,97,-1.4499999999999997,1.4500000000000002,-0.7215517669163651,false,true
15,97,-1.4,1.4500000000000002,-0.7215549522913551,false,true
16,97,-1.3499999999999999,1.4500000000000002,-0.7215578352420112,false,true
17,97,-1.2999999999999998,1.4500000000000002,-0.7215603990964744,false,true
18,97,-1.25,1.4500000000000002,-0.721562630425917,false,true
19,97,-1.1999999999999997,1.4500000000000002,-0.7215645205375311,false,true
20,97,-1.15,1.4500000000000002,-0.7215660672906734,false,true
21,97,-1.0999999999999999,1.4500000000000002,-0.7215672772084687,false,true
22,97,-1.0499999999999998,1.4500000000000002,-0.721568167734317,false,true
23,97,-0.9999999999999998,1.4500000000000002,-0.7215687693845357,false,true
24,97,-0.9499999999999997,1.4500000000000002,-0.7215691268698485,false,true
25,97,-0.8999999999999999,1.4500000000000002,-0.7215692991903622,false,true
26,97,-0.8499999999999999,1.4500000000000002,-0.721569352274343,false,true
27,97,-0.7999999999999998,1.4500000000000002,-0.7215693605125996,false,true
28,97,-0.7499999999999998,1.4500000000000002,-0.7208553120617797,false,true
29,97,-0.6999999999999997,1.4500000000000002,-0.7201916932301355,false,true
30,97,-0.6499999999999999,1.4500000000000002,-0.7210008086605648,false,true
31,97,-0.5999999999999999,1.4500000000000002,-0.7219790249150937,false,true
32,97,-0.5499999999999998,1.4500000000000002,-0.7232090376975144,false,true
33,97,-0.4999999999999998,1.4500000000000002,-0.724731791976271,false,true
34,97,-0.44999999999999973,1.4500000000000002,-0.7279532293365526,false,true
35,97,-0.3999999999999999,1.4500000000000002,-0.728997231739864,true,false
36,97,-0.34999999999999987,1.4500000000000002,-0.7484055769623371,true,false
37,97,-0.2999999999999998,1.4500000000000002,-0.7626730215729328,true,false
38,97,-0.24999999999999978,1.4500000000000002,-0.7694598746479603,true,false
39,97,-0.19999999999999973,1.4500000000000002,-0.7753582608879658,true,false
40,97,-0.1499999999999999,1.4500000000000002,-0.7784056079567524,true,false
41,97,-0.09999999999999964,1.4500000000000002,-0.7820943010033222,true,false
42,97,-0.04999999999999982,1.4500000000000002,-0.7864812624634357,true,false
43,97,0.0,1.4500000000000002,-0.7849292171181294,true,false
44,97,0.050000000000000266,1.4500000000000002,-0.784396709221706,true,false
45,97,0.10000000000000009,1.4500000000000002,-0.781986356991634,true,false
46,97,0.15000000000000036,1.4500000000000002,-0.7809486997307392,true,false
47,97,0.20000000000000018,1.4500000000000002,-0.7816542101086231,true,false
48,97,0.25000000000000044,1.4500000000000002,-0.7830494952381702,true,false
49,97,0.30000000000000027,1.4500000000000002,-0.7843549859703632,true,false
50,97,0.3500000000000001,1.4500000000000002,-0.7846861195744129,true,false
51,97,0.40000000000000036,1.4500000000000002,-0.7784056079567524,true,false
52,97,0.4500000000000002,1.4500000000000002,-0.7784056079567524,true,false
53,97,0.5000000000000004,1.4500000000000002,-0.7791796342697314,false,true
54,97,0.5500000000000003,1.4500000000000002,-0.7793246056368474,false,true
55,97,0.6000000000000001,1.4500000000000002,-0.7793329617735559,false,true
56,97,0.6500000000000004,1.4500000000000002,-0.7792711365713495,false,true
0,98,-2.15,1.5,-0.7098827134372133,false,true
1,98,-2.1,1.5,-0.7048486548784206,false,true
2,98,-2.05,1.5,-0.6987720086552109,false,true
3,98,-2.0,1.5,-0.6987720086552109,false,true
4,98,-1.95,1.5,-0.6987720086552109,false,true
5,98,-1.9,1.5,-0.6987720086552109,false,true
6,98,-1.8499999999999999,1.5,-0.699507432071633,false,true
7,98,-1.7999999999999998,1.5,-0.6999382331348862,false,true
8,98,-1.75,1.5,-0.6999382331348863,false,true
9,98,-1.7,1.5,-0.6999382331348862,false,true
10,98,-1.65,1.5,-0.7135683055630705,false,true
11,98,-1.5999999999999999,1.5,-0.7215563691801641,false,true
12,98,-1.5499999999999998,1.5,-0.7215585675135374,false,true
13,98,-1.5,1.5,-0.7215605592427178,false,true
14,98,-1.4499999999999997,1.5,-0.721562338345132,false,true
15,98,-1.4,1.5,-0.7215639008516179,false,true
16,98,-1.3499999999999999,1.5,-0.7215652454225441,false,true
17,98,-1.2999999999999998,1.5,-0.7215663739886827,false,true
18,98,-1.25,1.5,-0.7215672924301055,false,true
19,98,-1.1999999999999997,1.5,-0.7215680112397818,false,true
20,98,-1.15,1.5,-0.7215685460816805,false,true
21,98,-1.0999999999999999,1.5,-0.721568918087301,false,true
22,98,-1.0499999999999998,1.5,-0.7215691537004523,false,true
23,98,-0.9999999999999998,1.5,-0.7215692836411192,false,true
24,98,-0.9499999999999997,1.5,-0.7215693411382706,false,true
25,98,-0.8999999999999999,1.5,-0.721569357100202,false,true
26,98,-0.8499999999999999,1.5,-0.7215693605125996,false,true
27,98,-0.7999999999999998,1.5,-0.722589581308546,false,true
28,98,-0.7499999999999998,1.5,-0.7234149600666839,false,true
29,98,-0.6999999999999997,1.5,-0.7243179948520445,false,true
30,98,-0.6499999999999999,1.5,-0.7253485194164833,false,true
31,98,-0.5999999999999999,1.5,-0.7265375031238793,false,true
32,98,-0.5499999999999998,1.5,-0.7279155969551091,false,true
33,98,-0.4999999999999998,1.5,-0.7296615127848084,false,true
34,98,-0.44999999999999973,1.5,-0.7310889941174953,false,true
35,98,-0.3999999999999999,1.5,-0.7333741498173328,true,false
36,98,-0.34999999999999987,1.5,-0.7403438699425312,true,false
37,98,-0.2999999999999998,1.5,-0.7486970436752888,true,false
38,98,-0.24999999999999978,1.5,-0.7669033420265766,true,false
39,98,-0.19999999999999973,1.5,-0.771660120505199,true,false
40,98,-0.1499999999999999,1.5,-0.7753494692028614,true,false
41,98,-0.09999999999999964,1.5,-0.7787680041969868,true,false
42,98,-0.04999999999999982,1.5,-0.7834130537689777,true,false
43,98,0.0,1.5,-0.7836573136032673,true,false
44,98,0.050000000000000266,1.5,-0.782566190976009,true,false
45,98,0.10000000000000009,1.5,-0.7810227585018726,true,false
46,98,0.15000000000000036,1.5,-0.7797834885300251,true,false
47,98,0.20000000000000018,1.5,-0.7796666634262653,true,false
48,98,0.25000000000000044,1.5,-0.780310810822353,true,false
49,98,0.30000000000000027,1.5,-0.7822230768383595,true,false
50,98,0.3500000000000001,1.5,-0.783688963669643,true,false
51,98,0.40000000000000036,1.5,-0.7796513450325581,true,false
52,98,0.4500000000000002,1.5,-0.7784056079567524,true,false
53,98,0.5000000000000004,1.5,-0.7784056079567524,false,true
54,98,0.5500000000000003,1.5,-0.7782714919942163,false,true
55,98,0.6000000000000001,1.5,-0.7781692287722457,false,true
56,98,0.6500000000000004,1.5,-0.7780672658775475,false,true
0,99,-2.15,1.5499999999999998,-0.7005518171271056,false,true
1,99,-2.1,1.5499999999999998,-0.6987720086552077,false,true
2,99,-2.05,1.5499999999999998,-0.6987720086552103,false,true
3,99,-2.0,1.5499999999999998,-0.6987720086552108,false,true
4,99,-1.95,1.5499999999999998,-0.6987720086552109,false,true
5,99,-1.9,1.5499999999999998,-0.6987720086552109,false,true
6,99,-1.8499999999999999,1.5499999999999998,-0.6987720086552109,false,true
7,99,-1.7999999999999998,1.5499999999999998,-0.699507432071633,false,true
8,99,-1.75,1.5499999999999998,-0.6999382331348862,false,true
9,99,-1.7,1.5499999999999998,-0.6999382331348863,false,true
10,99,-1.65,1.5499999999999998,-0.6999382331348862,false,true
11,99,-1.5999999999999999,1.5499999999999998,-0.7135750279752833,false,true
12,99,-1.5499999999999998,1.5499999999999998,-0.7215650645008668,false,true
13,99,-1.5,1.5499999999999998,-0.7215660204509586,false,true
14,99,-1.4499999999999997,1.5499999999999998,-0.7215668355383076,false,true
15,99,-1.4,1.5499999999999998,-0.7215675146810451,false,true
16,99,-1.3499999999999999,1.5499999999999998,-0.7215680649507854,false,true
17,99,-1.2999999999999998,1.5499999999999998,-0.7215684957150744,false,true
18,99,-1.25,1.5499999999999998,-0.7215688186791323,false,true
19,99,-1.1999999999999997,1.5499999999999998,-0.7215690477722874,false,true
20,99,-1.15,1.5499999999999998,-0.7215691988082232,false,true
21,99,-1.0999999999999999,1.5499999999999998,-0.7215692888594987,false,true
22,99,-1.0499999999999998,1.5499999999999998,-0.7215693352329708,false,true
23,99,-0.9999999999999998,1.5499999999999998,-0.7215693542525152,false,true
24,99,-0.9499999999999997,1.5499999999999998,-0.7215693590991382,false,true
25,99,-0.8999999999999999,1.5499999999999998,-0.7215693605125996,false,true
26,99,-0.8499999999999999,1.5499999999999998,-0.7227476250657169,false,true
27,99,-0.7999999999999998,1.5499999999999998,-0.7238942962605578,false,true
28,99,-0.7499999999999998,1.5499999999999998,-0.7245993988077016,false,true
29,99,-0.6999999999999997,1.5499999999999998,-0.7253611428624809,false,true
30,99,-0.6499999999999999,1.5499999999999998,-0.7261777992281364,false,true
31,99,-0.5999999999999999,1.5499999999999998,-0.7270365370334325,false,true
32,99,-0.5499999999999998,1.5499999999999998,-0.7279170495638961,false,true
33,99,-0.4999999999999998,1.5499999999999998,-0.7286303040888246,false,true
34,99,-0.44999999999999973,1.5499999999999998,-0.7293510327723438,false,true
35,99,-0.3999999999999999,1.5499999999999998,-0.7299490583122822,true,false
36,99,-0.34999999999999987,1.5499999999999998,-0.7337451589287373,true,false
37,99,-0.2999999999999998,1.5499999999999998,-0.7484055769623371,true,false
38,99,-0.24999999999999978,1.5499999999999998,-0.7653153550804707,true,false
39,99,-0.19999999999999973,1.5499999999999998,-0.7725058210075947,true,false
40,99,-0.1499999999999999,1.5499999999999998,-0.7767494929016682,true,false
41,99,-0.09999999999999964,1.5499999999999998,-0.7797186386765095,true,false
42,99,-0.04999999999999982,1.5499999999999998,-0.783095212000713,true,false
43,99,0.0,1.5499999999999998,-0.7842826855362507,true,false
44,99,0.050000000000000266,1.5499999999999998,-0.7842479956329914,true,false
45,99,0.10000000000000009,1.5499999999999998,-0.7824664426029774,true,false
46,99,0.15000000000000036,1.5499999999999998,-0.7813184571446034,true,false
47,99,0.20000000000000018,1.5499999999999998,-0.7803938102902027,true,false
48,99,0.25000000000000044,1.5499999999999998,-0.7796618950546833,true,false
49,99,0.30000000000000027,1.5499999999999998,-0.7807519447983357,true,false
50,99,0.3500000000000001,1.5499999999999998,-0.7797663223923298,true,false
51,99,0.40000000000000036,1.5499999999999998,-0.7762948286713215,true,false
52,99,0.4500000000000002,1.5499999999999998,-0.7784056079567524,true,false
53,99,0.5000000000000004,1.5499999999999998,-0.7771736811055521,false,true
54,99,0.5500000000000003,1.5499999999999998,-0.776869229872201,false,true
55,99,0.6000000000000001,1.5499999999999998,-0.7766573726729981,false,true
56,99,0.6500000000000004,1.5499999999999998,-0.7765021682791249,false,true
0,100,-2.15,1.5999999999999996,-0.6987720086551011,false,true
1,100,-2.1,1.5999999999999996,-0.698772008655175,false,true
2,100,-2.05,1.5999999999999996,-0.698772008655201,false,true
3,100,-2.0,1.5999999999999996,-0.6987720086552088,false,true
4,100,-1.95,1.5999999999999996,-0.6987720086552106,false,true
5,100,-1.9,1.5999999999999996,-0.6987720086552109,false,true
6,100,-1.8499999999999999,1.5999999999999996,-0.6987720086552109,false,true
7,100,-1.7999999999999998,1.5999999999999996,-0.6987720086552109,false,true
8,100,-1.75,1.5999999999999996,-0.699507432071633,false,true
9,100,-1.7,1.5999999999999996,-0.6999382331348862,false,true
10,100,-1.65,1.5999999999999996,-0.6999382331348863,false,true
11,100,-1.5999999999999999,1.5999999999999996,-0.6999382331348862,false,true
12,100,-1.5499999999999998,1.5999999999999996,-0.7135772106292815,false,true
13,100,-1.5,1.5999999999999996,-0.7215682178414312,false,true
14,100,-1.4499999999999997,1.5999999999999996,-0.7215685498492019,false,true
15,100,-1.4,1.5999999999999996,-0.721568809772127,false,true
16,100,-1.3499999999999999,1.5999999999999996,-0.7215690057406163,false,true
17,100,-1.2999999999999998,1.5999999999999996,-0.7215691467201886,false,true
18,100,-1.25,1.5999999999999996,-0.7215692422598924,false,true
19,100,-1.1999999999999997,1.5999999999999996,-0.7215693021318358,false,true
20,100,-1.15,1.5999999999999996,-0.7215693358658255,false,true
21,100,-1.0999999999999999,1.5999999999999996,-0.7215693521774105,false,true
22,100,-1.0499999999999998,1.5999999999999996,-0.7215693584365517,false,true
23,100,-0.9999999999999998,1.5999999999999996,-0.7215693599271247,false,true
24,100,-0.9499999999999997,1.5999999999999996,-0.7215693605125996,false,true
25,100,-0.8999999999999999,1.5999999999999996,-0.7218614691476191,false,true
26,100,-0.8499999999999999,1.5999999999999996,-0.7225326477987335,false,true
27,100,-0.7999999999999998,1.5999999999999996,-0.7229503485786428,false,true
28,100,-0.7499999999999998,1.5999999999999996,-0.723376466869397,false,true
29,100,-0.6999999999999997,1.5999999999999996,-0.7238035339900329,false,true
30,100,-0.6499999999999999,1.5999999999999996,-0.7242188398003702,false,true
31,100,-0.5999999999999999,1.5999999999999996,-0.7246036566816211,false,true
32,100,-0.5499999999999998,1.5999999999999996,-0.7249122443493348,false,true
33,100,-0.4999999999999998,1.5999999999999996,-0.7251638921204059,false,true
34,100,-0.44999999999999973,1.5999999999999996,-0.7251523497811296,false,true
35,100,-0.3999999999999999,1.5999999999999996,-0.7244821798981281,true,false
36,100,-0.34999999999999987,1.5999999999999996,-0.7184056055725666,true,false
37,100,-0.2999999999999998,1.5999999999999996,-0.7464047384441944,true,false
38,100,-0.24999999999999978,1.5999999999999996,-0.76481595756422,true,false
39,100,-0.19999999999999973,1.5999999999999996,-0.7692796003998371,true,false
40,100,-0.1499999999999999,1.5999999999999996,-0.7755017292679401,true,false
41,100,-0.09999999999999964,1.5999999999999996,-0.7785273504437061,true,false
42,100,-0.04999999999999982,1.5999999999999996,-0.7812331628979298,true,false
43,100,0.0,1.5999999999999996,-0.7824677539051624,true,false
44,100,0.050000000000000266,1.5999999999999996,-0.7828484189690205,true,false
45,100,0.10000000000000009,1.5999999999999996,-0.7825386536301228,true,false
46,100,0.15000000000000036,1.5999999999999996,-0.7815198910416218,true,false
47,100,0.20000000000000018,1.5999999999999996,-0.7801355135620686,true,false
48,100,0.25000000000000044,1.5999999999999996,-0.7784597289742085,true,false
49,100,0.30000000000000027,1.5999999999999996,-0.779890180844173,true,false
50,100,0.3500000000000001,1.5999999999999996,-0.779844821709499,true,false
51,100,0.40000000000000036,1.5999999999999996,-0.7750839603127094,true,false
52,100,0.4500000000000002,1.5999999999999996,-0.7741995465935322,true,false
53,100,0.5000000000000004,1.5999999999999996,-0.7749022927243632,false,true
54,100,0.5500000000000003,1.5999999999999996,-0.7747436420273808,false,true
55,100,0.6000000000000001,1.5999999999999996,-0.7746156156272485,false,true
56,100,0.6500000000000004,1.5999999999999996,-0.774491668068975,false,true
0,101,-2.15,1.6500000000000004,-0.6987720086543738,false,true
1,101,-2.1,1.6500000000000004,-0.6987720086548903,false,true
2,101,-2.05,1.6500000000000004,-0.6987720086551027,false,true
3,101,-2.0,1.6500000000000004,-0.6987720086551799,false,true
4,101,-1.95,1.6500000000000004,-0.6987720086552038,false,true
5,101,-1.9,1.6500000000000004,-0.6987720086552098,false,true
6,101,-1.8499999999999999,1.6500000000000004,-0.6987720086552108,false,true
7,101,-1.7999999999999998,1.6500000000000004,-0.6987720086552109,false,true
8,101,-1.75,1.6500000000000004,-0.6987720086552109,false,true
9,101,-1.7,1.6500000000000004,-0.699507432071633,false,true
10,101,-1.65,1.6500000000000004,-0.6999382331348862,false,true
11,101,-1.5999999999999999,1.6500000000000004,-0.6999382331348863,false,true
12,101,-1.5499999999999998,1.6500000000000004,-0.6999382331348862,false,true
13,101,-1.5,1.6500000000000004,-0.7135758369806364,false,true
14,101,-1.4499999999999997,1.6500000000000004,-0.7215691306146624,false,true
15,101,-1.4,1.6500000000000004,-0.721569217430833,false,true
16,101,-1.3499999999999999,1.6500000000000004,-0.7215692774521733,false,true
17,101,-1.2999999999999998,1.6500000000000004,-0.7215693163909355,false,true
18,101,-1.25,1.6500000000000004,-0.7215693396477,false,true
19,101,-1.1999999999999997,1.6500000000000004,-0.7215693520757829,false,true
20,101,-1.15,1.6500000000000004,-0.7215693577483824,false,true
21,101,-1.0999999999999999,1.6500000000000004,-0.7215693598040877,false,true
22,101,-1.0499999999999998,1.6500000000000004,-0.7215693602700879,false,true
23,101,-0.9999999999999998,1.6500000000000004,-0.7215693605125996,false,true
24,101,-0.9499999999999997,1.6500000000000004,-0.7204834215366256,false,true
25,101,-0.8999999999999999,1.6500000000000004,-0.7202813701300009,false,true
26,101,-0.8499999999999999,1.6500000000000004,-0.7204392272716708,false,true
27,101,-0.7999999999999998,1.6500000000000004,-0.7205802812289476,false,true
28,101,-0.7499999999999998,1.6500000000000004,-0.7206986760836241,false,true
29,101,-0.6999999999999997,1.6500000000000004,-0.7207878267622663,false,true
30,101,-0.6499999999999999,1.6500000000000004,-0.7208419376424182,false,true
31,101,-0.5999999999999999,1.6500000000000004,-0.7208569293148125,false,true
32,101,-0.5499999999999998,1.6500000000000004,-0.7208538549344844,false,true
33,101,-0.4999999999999998,1.6500000000000004,-0.720838300919055,false,true
34,101,-0.44999999999999973,1.6500000000000004,-0.7209930748012141,false,true
35,101,-0.3999999999999999,1.6500000000000004,-0.7213034045876118,true,false
36,101,-0.34999999999999987,1.6500000000000004,-0.7184056055725666,true,false
37,101,-0.2999999999999998,1.6500000000000004,-0.7184056055725666,true,false
38,101,-0.24999999999999978,1.6500000000000004,-0.7531383049667927,true,false
39,101,-0.19999999999999973,1.6500000000000004,-0.7689522814930531,true,false
40,101,-0.1499999999999999,1.6500000000000004,-0.7733109307468983,true,false
41,101,-0.09999999999999964,1.6500000000000004,-0.7781209361733051,true,false
42,101,-0.04999999999999982,1.6500000000000004,-0.7799555671394917,true,false
43,101,0.0,1.6500000000000004,-0.7796820712269398,true,false
44,101,0.050000000000000266,1.6500000000000004,-0.781470329779491,true,false
45,101,0.10000000000000009,1.6500000000000004,-0.7821149540127369,true,false
46,101,0.15000000000000036,1.6500000000000004,-0.781480015534267,true,false
47,101,0.20000000000000018,1.6500000000000004,-0.7785872531117054,true,false
48,101,0.25000000000000044,1.6500000000000004,-0.7774731528938862,true,false
49,101,0.30000000000000027,1.6500000000000004,-0.7784001839340778,true,false
50,101,0.3500000000000001,1.6500000000000004,-0.7784056079567524,true,false
51,101,0.40000000000000036,1.6500000000000004,-0.7733215701759907,true,false
52,101,0.4500000000000002,1.6500000000000004,-0.7723928106011005,true,false
53,101,0.5000000000000004,1.6500000000000004,-0.7720892369818573,false,true
54,101,0.5500000000000003,1.6500000000000004,-0.772180944710887,false,true
55,101,0.6000000000000001,1.6500000000000004,-0.7721506751470184,false,true
56,101,0.6500000000000004,1.6500000000000004,-0.7721085393760181,false,true
0,102,-2.15,1.7000000000000002,-0.6987720086497593,false,true
1,102,-2.1,1.7000000000000002,-0.6987720086528421,false,true
2,102,-2.05,1.7000000000000002,-0.6987720086542792,false,true
3,102,-2.0,1.7000000000000002,-0.6987720086548875,false,true
4,102,-1.95,1.7000000000000002,-0.6987720086551156,false,true
5,102,-1.9,1.7000000000000002,-0.6987720086551884,false,true
6,102,-1.8499999999999999,1.7000000000000002,-0.6987720086552072,false,true
7,102,-1.7999999999999998,1.7000000000000002,-0.6987720086552105,false,true
8,102,-1.75,1.7000000000000002,-0.6987720086552109,false,true
9,102,-1.7,1.7000000000000002,-0.6987720086552109,false,true
10,102,-1.65,1.7000000000000002,-0.699507432071633,false,true
11,102,-1.5999999999999999,1.7000000000000002,-0.6999382331348862,false,true
12,102,-1.5499999999999998,1.7000000000000002,-0.6999382331348863,false,true
13,102,-1.5,1.7000000000000002,-0.6999382331348862,false,true
14,102,-1.4499999999999997,1.7000000000000002,-0.7135653841637325,false,true
15,102,-1.4,1.7000000000000002,-0.7215693286805923,false,true
16,102,-1.3499999999999999,1.7000000000000002,-0.7215693442380564,false,true
17,102,-1.2999999999999998,1.7000000000000002,-0.721569353116432,false,true
18,102,-1.25,1.7000000000000002,-0.7215693576319465,false,true
19,102,-1.1999999999999997,1.7000000000000002,-0.7215693595876006,false,true
20,102,-1.15,1.7000000000000002,-0.7215693602634728,false,true
21,102,-1.0999999999999999,1.7000000000000002,-0.7215693604121479,false,true
22,102,-1.0499999999999998,1.7000000000000002,-0.7215693605125996,false,true
23,102,-0.9999999999999998,1.7000000000000002,-0.7190372260008071,false,true
24,102,-0.9499999999999997,1.7000000000000002,-0.7178782900743944,false,true
25,102,-0.8999999999999999,1.7000000000000002,-0.7178553681374452,false,true
26,102,-0.8499999999999999,1.7000000000000002,-0.7178068487506016,false,true
27,102,-0.7999999999999998,1.7000000000000002,-0.7177286255452916,false,true
28,102,-0.7499999999999998,1.7000000000000002,-0.7176166599792992,false,true
29,102,-0.6999999999999997,1.7000000000000002,-0.7174677400783848,false,true
30,102,-0.6499999999999999,1.7000000000000002,-0.7172802893835792,false,true
31,102,-0.5999999999999999,1.7000000000000002,-0.7170590171767928,false,true
32,102,-0.5499999999999998,1.7000000000000002,-0.7168059621106463,false,true
33,102,-0.4999999999999998,1.7000000000000002,-0.7165658144481324,false,true
34,102,-0.44999999999999973,1.7000000000000002,-0.7163053687337297,false,true
35,102,-0.3999999999999999,1.7000000000000002,-0.7170650971115681,true,false
36,102,-0.34999999999999987,1.7000000000000002,-0.7101168942631336,true,false
37,102,-0.2999999999999998,1.7000000000000002,-0.7471377861679646,true,false
38,102,-0.24999999999999978,1.7000000000000002,-0.7572447669685932,true,false
39,102,-0.19999999999999973,1.7000000000000002,-0.7675962162197681,true,false
40,102,-0.1499999999999999,1.7000000000000002,-0.7713146817864033,true,false
41,102,-0.09999999999999964,1.7000000000000002,-0.7756737780750843,true,false
42,102,-0.04999999999999982,1.7000000000000002,-0.7784056079567524,true,false
43,102,0.0,1.7000000000000002,-0.7778410327614399,true,false
44,102,0.050000000000000266,1.7000000000000002,-0.7784441125572773,true,false
45,102,0.10000000000000009,1.7000000000000002,-0.781492234486446,true,false
46,102,0.15000000000000036,1.7000000000000002,-0.7806596768082233,true,false
47,102,0.20000000000000018,1.7000000000000002,-0.7784056079567524,true,false
48,102,0.25000000000000044,1.7000000000000002,-0.776429624575481,true,false
49,102,0.30000000000000027,1.7000000000000002,-0.7755549264134022,true,false
50,102,0.3500000000000001,1.7000000000000002,-0.7747727942646595,true,false
51,102,0.40000000000000036,1.7000000000000002,-0.7711973500431629,true,false
52,102,0.4500000000000002,1.7000000000000002,-0.7695496094406696,true,false
53,102,0.5000000000000004,1.7000000000000002,-0.7695892910115788,false,true
54,102,0.5500000000000003,1.7000000000000002,-0.7695149006389058,false,true
55,102,0.6000000000000001,1.7000000000000002,-0.7695418741459782,false,true
56,102,0.6500000000000004,1.7000000000000002,-0.7695996208196219,false,true
0,103,-2.15,1.75,-0.6987720086242805,false,true
1,103,-2.1,1.75,-0.6987720086402686,false,true
2,103,-2.05,1.75,-0.6987720086485489,false,true
3,103,-2.0,1.75,-0.6987720086525183,false,true
4,103,-1.95,1.75,-0.6987720086542487,false,true
5,103,-1.9,1.75,-0.6987720086549182,false,true
6,103,-1.8499999999999999,1.75,-0.6987720086551396,false,true
7,103,-1.7999999999999998,1.75,-0.6987720086551985,false,true
8,103,-1.75,1.75,-0.6987720086552097,false,true
9,103,-1.7,1.75,-0.6987720086552109,false,true
10,103,-1.65,1.75,-0.6987720086552109,false,true
11,103,-1.5999999999999999,1.75,-0.699507432071633,false,true
12,103,-1.5499999999999998,1.75,-0.6999382331348862,false,true
13,103,-1.5,1.75,-0.6999382331348863,false,true
14,103,-1.4499999999999997,1.75,-0.6999382331348862,false,true
15,103,-1.4,1.75,-0.713513965809908,false,true
16,103,-1.3499999999999999,1.75,-0.7215693579074351,false,true
17,103,-1.2999999999999998,1.75,-0.7215693595292583,false,true
18,103,-1.25,1.75,-0.7215693601992627,false,true
19,103,-1.1999999999999997,1.75,-0.7215693604223973,false,true
20,103,-1.15,1.75,-0.7215693604709912,false,true
21,103,-1.0999999999999999,1.75,-0.7215693605125996,false,true
22,103,-1.0499999999999998,1.75,-0.7177744086523371,false,true
23,103,-0.9999999999999998,1.75,-0.7157668226806466,false,true
24,103,-0.9499999999999997,1.75,-0.7156490344017128,false,true
25,103,-0.8999999999999999,1.75,-0.715507626532897,false,true
26,103,-0.8499999999999999,1.75,-0.7153401257781321,false,true
27,103,-0.7999999999999998,1.75,-0.7151440405900974,false,true
28,103,-0.7499999999999998,1.75,-0.7149169182289042,false,true
29,103,-0.6999999999999997,1.75,-0.7146560977399125,false,true
30,103,-0.6499999999999999,1.75,-0.7143586378292216,false,true
31,103,-0.5999999999999999,1.75,-0.7140165756081592,false,true
32,103,-0.5499999999999998,1.75,-0.7136220533256729,false,true
33,103,-0.4999999999999998,1.75,-0.7131132433835372,false,true
34,103,-0.44999999999999973,1.75,-0.7125068799566209,false,true
35,103,-0.3999999999999999,1.75,-0.7102329147041889,true,false
36,103,-0.34999999999999987,1.75,-0.7154925179661366,true,false
37,103,-0.2999999999999998,1.75,-0.7170998764217945,true,false
38,103,-0.24999999999999978,1.75,-0.7484055769623371,true,false
39,103,-0.19999999999999973,1.75,-0.7647936952293964,true,false
40,103,-0.1499999999999999,1.75,-0.7693592620075794,true,false
41,103,-0.09999999999999964,1.75,-0.7740328920067402,true,false
42,103,-0.04999999999999982,1.75,-0.7755944442928883,true,false
43,103,0.0,1.75,-0.7755796921433064,true,false
44,103,0.050000000000000266,1.75,-0.7781551492394062,true,false
45,103,0.10000000000000009,1.75,-0.7784056079567524,true,false
46,103,0.15000000000000036,1.75,-0.7783021640957447,true,false
47,103,0.20000000000000018,1.75,-0.7755152297199818,true,false
48,103,0.25000000000000044,1.75,-0.7741674196899982,true,false
49,103,0.30000000000000027,1.75,-0.7734647405327412,true,false
50,103,0.3500000000000001,1.75,-0.7720255267799946,true,false
51,103,0.40000000000000036,1.75,-0.7697596562088581,true,false
52,103,0.4500000000000002,1.75,-0.7668418896378132,true,false
53,103,0.5000000000000004,1.75,-0.7668353604220103,false,true
54,103,0.5500000000000003,1.75,-0.7669409498805956,false,true
55,103,0.6000000000000001,1.75,-0.7671302326212737,false,true
56,103,0.6500000000000004,1.75,-0.7673335821026834,false,true
0,104,-2.15,1.7999999999999998,-0.6987720084999649,false,true
1,104,-2.1,1.7999999999999998,-0.6987720085731082,false,true
2,104,-2.05,1.7999999999999998,-0.6987720086145478,false,true
3,104,-2.0,1.7999999999999998,-0.6987720086365967,false,true
4,104,-1.95,1.7999999999999998,-0.6987720086474737,false,true
5,104,-1.9,1.7999999999999998,-0.6987720086523626,false,true
6,104,-1.8499999999999999,1.7999999999999998,-0.6987720086543161,false,true
7,104,-1.7999999999999998,1.7999999999999998,-0.6987720086549851,false,true
8,104,-1.75,1.7999999999999998,-0.69877200865517,false,true
9,104,-1.7,1.7999999999999998,-0.6987720086552069,false,true
10,104,-1.65,1.7999999999999998,-0.6987720086552109,false,true
11,104,-1.5999999999999999,1.7999999999999998,-0.6987720086552109,false,true
12,104,-1.5499999999999998,1.7999999999999998,-0.699507432071633,false,true
13,104,-1.5,1.7999999999999998,-0.6999382331348862,false,true
14,104,-1.4499999999999997,1.7999999999999998,-0.6999382331348863,false,true
15,104,-1.4,1.7999999999999998,-0.6999382331348862,false,true
16,104,-1.3499999999999999,1.7999999999999998,-0.7132655278953709,false,true
17,104,-1.2999999999999998,1.7999999999999998,-0.721569360404834,false,true
18,104,-1.25,1.7999999999999998,-0.7215693604790411,false,true
19,104,-1.1999999999999997,1.7999999999999998,-0.7215693604953649,false,true
20,104,-1.15,1.7999999999999998,-0.7215693605125996,false,true
21,104,-1.0999999999999999,1.7999999999999998,-0.7167940857865223,false,true
22,104,-1.0499999999999998,1.7999999999999998,-0.7141293981317136,false,true
23,104,-0.9999999999999998,1.7999999999999998,-0.7139838742233259,false,true
24,104,-0.9499999999999997,1.7999999999999998,-0.713821933068456,false,true
25,104,-0.8999999999999999,1.7999999999999998,-0.7136426815918864,false,true
26,104,-0.8499999999999999,1.7999999999999998,-0.7134452861542885,false,true
27,104,-0.7999999999999998,1.7999999999999998,-0.7132289323432719,false,true
28,104,-0.7499999999999998,1.7999999999999998,-0.7129926207244132,false,true
29,104,-0.6999999999999997,1.7999999999999998,-0.7127349522523009,false,true
30,104,-0.6499999999999999,1.7999999999999998,-0.7124525779362072,false,true
31,104,-0.5999999999999999,1.7999999999999998,-0.7121420075138523,false,true
32,104,-0.5499999999999998,1.7999999999999998,-0.7117851278682227,false,true
33,104,-0.4999999999999998,1.7999999999999998,-0.7113978581240519,false,true
34,104,-0.44999999999999973,1.7999999999999998,-0.710778645415417,false,true
35,104,-0.3999999999999999,1.7999999999999998,-0.7111645353020283,true,false
36,104,-0.34999999999999987,1.7999999999999998,-0.7175484907806965,true,false
37,104,-0.2999999999999998,1.7999999999999998,-0.7203703832806202,true,false
38,104,-0.24999999999999978,1.7999999999999998,-0.7321786892593952,true,false
39,104,-0.19999999999999973,1.7999999999999998,-0.7484055769623371,true,false
40,104,-0.1499999999999999,1.7999999999999998,-0.7691183400333973,true,false
41,104,-0.09999999999999964,1.7999999999999998,-0.7724443984211536,true,false
42,104,-0.04999999999999982,1.7999999999999998,-0.7735874366940113,true,false
43,104,0.0,1.7999999999999998,-0.7737293255508991,true,false
44,104,0.050000000000000266,1.7999999999999998,-0.7752082061947437,true,false
45,104,0.10000000000000009,1.7999999999999998,-0.7766169023693653,true,false
46,104,0.15000000000000036,1.7999999999999998,-0.7755332005203815,true,false
47,104,0.20000000000000018,1.7999999999999998,-0.7733465445221516,true,false
48,104,0.25000000000000044,1.7999999999999998,-0.7720422756851765,true,false
49,104,0.30000000000000027,1.7999999999999998,-0.7705250990570637,true,false
50,104,0.3500000000000001,1.7999999999999998,-0.7699044060886951,true,false
51,104,0.40000000000000036,1.7999999999999998,-0.7684843850315662,true,false
52,104,0.4500000000000002,1.7999999999999998,-0.7641118776978107,true,false
53,104,0.5000000000000004,1.7999999999999998,-0.7644419347939874,false,true
54,104,0.5500000000000003,1.7999999999999998,-0.7650132508226313,false,true
55,104,0.6000000000000001,1.7999999999999998,-0.7654128696539,false,true
56,104,0.6500000000000004,1.7999999999999998,-0.7657204342853045,false,true
0,105,-2.15,1.8499999999999996,-0.6987720079576047,false,true
1,105,-2.1,1.8499999999999996,-0.6987720082562211,false,true
2,105,-2.05,1.8499999999999996,-0.6987720084390628,false,true
3,105,-2.0,1.8499999999999996,-0.6987720085453951,false,true
4,105,-1.95,1.8499999999999996,-0.6987720086035624,false,true
5,105,-1.9,1.8499999999999996,-0.6987720086331152,false,true
6,105,-1.8499999999999999,1.8499999999999996,-0.6987720086468227,false,true
7,105,-1.7999999999999998,1.8499999999999996,-0.6987720086524875,false,true
8,105,-1.75,1.8499999999999996,-0.6987720086544988,false,true
9,105,-1.7,1.8499999999999996,-0.6987720086550769,false,true
10,105,-1.65,1.8499999999999996,-0.6987720086551972,false,true
11,105,-1.5999999999999999,1.8499999999999996,-0.6987720086552109,false,true
12,105,-1.5499999999999998,1.8499999999999996,-0.6987720086552109,false,true
13,105,-1.5,1.8499999999999996,-0.6995074320716328,false,true
14,105,-1.4499999999999997,1.8499999999999996,-0.6999382331348862,false,true
15,105,-1.4,1.8499999999999996,-0.6999382331348863,false,true
16,105,-1.3499999999999999,1.8499999999999996,-0.6999382331348862,false,true
17,105,-1.2999999999999998,1.8499999999999996,-0.7120659447069474,false,true
18,105,-1.25,1.8499999999999996,-0.7215693605054607,false,true
19,105,-1.1999999999999997,1.8499999999999996,-0.7215693605125996,false,true
20,105,-1.15,1.8499999999999996,-0.7160475578115143,false,true
21,105,-1.0999999999999999,1.8499999999999996,-0.7129359116446758,false,true
22,105,-1.0499999999999998,1.8499999999999996,-0.7128289420599502,false,true
23,105,-0.9999999999999998,1.8499999999999996,-0.7126977754676725,false,true
24,105,-0.9499999999999997,1.8499999999999996,-0.712547733422462,false,true
25,105,-0.8999999999999999,1.8499999999999996,-0.712389739473255,false,true
26,105,-0.8499999999999999,1.8499999999999996,-0.7122243967106424,false,true
27,105,-0.7999999999999998,1.8499999999999996,-0.7120525022122902,false,true
28,105,-0.7499999999999998,1.8499999999999996,-0.7118751415539757,false,true
29,105,-0.6999999999999997,1.8499999999999996,-0.7116935419567713,false,true
30,105,-0.6499999999999999,1.8499999999999996,-0.7115106042628659,false,true
31,105,-0.5999999999999999,1.8499999999999996,-0.7113277931676212,false,true
32,105,-0.5499999999999998,1.8499999999999996,-0.7111666657370163,false,true
33,105,-0.4999999999999998,1.8499999999999996,-0.7110046944774113,false,true
34,105,-0.44999999999999973,1.8499999999999996,-0.7111645353020284,false,true
35,105,-0.3999999999999999,1.8499999999999996,-0.7161072309077225,false,true
36,105,-0.34999999999999987,1.8499999999999996,-0.7184056055725666,true,false
37,105,-0.2999999999999998,1.8499999999999996,-0.7310610425652119,true,false
38,105,-0.24999999999999978,1.8499999999999996,-0.739394963997707,true,false
39,105,-0.19999999999999973,1.8499999999999996,-0.7584325683296772,true,false
40,105,-0.1499999999999999,1.8499999999999996,-0.767520637530193,true,false
41,105,-0.09999999999999964,1.8499999999999996,-0.7697759580792042,true,false
42,105,-0.04999999999999982,1.8499999999999996,-0.7716118705452534,true,false
43,105,0.0,1.8499999999999996,-0.7723048341454121,true,false
44,105,0.050000000000000266,1.8499999999999996,-0.7735868704498859,true,false
45,105,0.10000000000000009,1.8499999999999996,-0.7733738732517811,true,false
46,105,0.15000000000000036,1.8499999999999996,-0.7731088411987873,true,false
47,105,0.20000000000000018,1.8499999999999996,-0.7714349043549152,true,false
48,105,0.25000000000000044,1.8499999999999996,-0.7701337051571461,true,false
49,105,0.30000000000000027,1.8499999999999996,-0.7689404797733875,true,false
50,105,0.3500000000000001,1.8499999999999996,-0.768813909310207,true,false
51,105,0.40000000000000036,1.8499999999999996,-0.7675628376186939,true,false
52,105,0.4500000000000002,1.8499999999999996,-0.7625087511719318,true,false
53,105,0.5000000000000004,1.8499999999999996,-0.763999104099362,false,true
54,105,0.5500000000000003,1.8499999999999996,-0.7644499357981644,false,true
55,105,0.6000000000000001,1.8499999999999996,-0.7647455980223736,false,true
56,105,0.6500000000000004,1.8499999999999996,-0.7649600614850475,false,true
0,106,-2.15,1.9000000000000004,-0.6987720058217299,false,true
1,106,-2.1,1.9000000000000004,-0.698772006919794,false,true
2,106,-2.05,1.9000000000000004,-0.6987720076393172,false,true
3,106,-2.0,1.9000000000000004,-0.6987720080911526,false,true
4,106,-1.95,1.9000000000000004,-0.6987720083610558,false,true
5,106,-1.9,1.9000000000000004,-0.6987720085129681,false,true
6,106,-1.8499999999999999,1.9000000000000004,-0.6987720085925291,false,true
7,106,-1.7999999999999998,1.9000000000000004,-0.6987720086306489,false,true
8,106,-1.75,1.9000000000000004,-0.6987720086469605,false,true
9,106,-1.7,1.9000000000000004,-0.6987720086529731,false,true
10,106,-1.65,1.9000000000000004,-0.6987720086547728,false,true
11,106,-1.5999999999999999,1.9000000000000004,-0.6987720086551642,false,true
12,106,-1.5499999999999998,1.9000000000000004,-0.6987720086552109,false,true
13,106,-1.5,1.9000000000000004,-0.6987720086552109,false,true
14,106,-1.4499999999999997,1.9000000000000004,-0.6995074320716315,false,true
15,106,-1.4,1.9000000000000004,-0.6999382331348862,false,true
16,106,-1.3499999999999999,1.9000000000000004,-0.6999382331348863,false,true
17,106,-1.2999999999999998,1.9000000000000004,-0.6999382331348862,false,true
18,106,-1.25,1.9000000000000004,-0.7062738436094835,false,true
19,106,-1.1999999999999997,1.9000000000000004,-0.709473240300744,false,true
20,106,-1.15,1.9000000000000004,-0.7118626807228421,false,true
21,106,-1.0999999999999999,1.9000000000000004,-0.7118925537783323,false,true
22,106,-1.0499999999999998,1.9000000000000004,-0.7118937029951186,false,true
23,106,-0.9999999999999998,1.9000000000000004,-0.7118595074703037,false,true
24,106,-0.9499999999999997,1.9000000000000004,-0.7117858093621517,false,true
25,106,-0.8999999999999999,1.9000000000000004,-0.7116762224387791,false,true
26,106,-0.8499999999999999,1.9000000000000004,-0.7115680227695487,false,true
27,106,-0.7999999999999998,1.9000000000000004,-0.7114629566088799,false,true
28,106,-0.7499999999999998,1.9000000000000004,-0.7113632095485873,false,true
29,106,-0.6999999999999997,1.9000000000000004,-0.7112721514689384,false,true
30,106,-0.6499999999999999,1.9000000000000004,-0.7111932189451258,false,true
31,106,-0.5999999999999999,1.9000000000000004,-0.711137734942127,false,true
32,106,-0.5499999999999998,1.9000000000000004,-0.7110983270646511,false,true
33,106,-0.4999999999999998,1.9000000000000004,-0.7111645353020284,false,true
34,106,-0.44999999999999973,1.9000000000000004,-0.7169191339677927,false,true
35,106,-0.3999999999999999,1.9000000000000004,-0.7201707537830349,false,true
36,106,-0.34999999999999987,1.9000000000000004,-0.7184056055725666,true,false
37,106,-0.2999999999999998,1.9000000000000004,-0.7410802853287312,true,false
38,106,-0.24999999999999978,1.9000000000000004,-0.7484055769623371,true,false
39,106,-0.19999999999999973,1.9000000000000004,-0.7610335064114185,true,false
40,106,-0.1499999999999999,1.9000000000000004,-0.7644758236588093,true,false
41,106,-0.09999999999999964,1.9000000000000004,-0.7663806688965412,true,false
42,106,-0.04999999999999982,1.9000000000000004,-0.7691165220917316,true,false
43,106,0.0,1.9000000000000004,-0.7702279102982136,true,false
44,106,0.050000000000000266,1.9000000000000004,-0.7713766706169697,true,false
45,106,0.10000000000000009,1.9000000000000004,-0.7726146562178164,true,false
46,106,0.15000000000000036,1.9000000000000004,-0.7714852972109347,true,false
47,106,0.20000000000000018,1.9000000000000004,-0.7700433387733903,true,false
48,106,0.25000000000000044,1.9000000000000004,-0.769564028022429,true,false
49,106,0.30000000000000027,1.9000000000000004,-0.7694700911022629,true,false
50,106,0.3500000000000001,1.9000000000000004,-0.7699368252731766,true,false
51,106,0.40000000000000036,1.9000000000000004,-0.7694362058617081,true,false
52,106,0.4500000000000002,1.9000000000000004,-0.7659940078236069,true,false
53,106,0.5000000000000004,1.9000000000000004,-0.7650955091051358,false,true
54,106,0.5500000000000003,1.9000000000000004,-0.7648960747494742,false,true
55,106,0.6000000000000001,1.9000000000000004,-0.764810550453742,false,true
56,106,0.6500000000000004,1.9000000000000004,-0.7647679328227288,false,true
0,107,-2.15,1.9500000000000002,-0.6987719981703016,false,true
1,107,-2.1,1.9500000000000002,-0.6987720018343416,false,true
2,107,-2.05,1.9500000000000002,-0.6987720043829656,false,true
3,107,-2.0,1.9500000000000002,-0.6987720060942474,false,true
4,107,-1.95,1.9500000000000002,-0.6987720071970421,false,true
5,107,-1.9,1.9500000000000002,-0.6987720078741599,false,true
6,107,-1.8499999999999999,1.9500000000000002,-0.6987720082665974,false,true
7,107,-1.7999999999999998,1.9500000000000002,-0.698772008478661,false,true
8,107,-1.75,1.9500000000000002,-0.6987720085837308,false,true
9,107,-1.7,1.9500000000000002,-0.6987720086303412,false,true
10,107,-1.65,1.9500000000000002,-0.698772008648204,false,true
11,107,-1.5999999999999999,1.9500000000000002,-0.6987720086537813,false,true
12,107,-1.5499999999999998,1.9500000000000002,-0.6987720086550513,false,true
13,107,-1.5,1.9500000000000002,-0.6987720086552109,false,true
14,107,-1.4499999999999997,1.9500000000000002,-0.6987720086552109,false,true
15,107,-1.4,1.9500000000000002,-0.6995074320716255,false,true
16,107,-1.3499999999999999,1.9500000000000002,-0.6999382331348862,false,true
17,107,-1.2999999999999998,1.9500000000000002,-0.6999382331348863,false,true
18,107,-1.25,1.9500000000000002,-0.6999382331348862,false,true
19,107,-1.1999999999999997,1.9500000000000002,-0.6999382329654561,false,true
20,107,-1.15,1.9500000000000002,-0.7054327903396072,false,true
21,107,-1.0999999999999999,1.9500000000000002,-0.7107472029207846,false,true
22,107,-1.0499999999999998,1.9500000000000002,-0.7109545402587489,false,true
23,107,-0.9999999999999998,1.9500000000000002,-0.71113799029753,false,true
24,107,-0.9499999999999997,1.9500000000000002,-0.7112755063822146,false,true
25,107,-0.8999999999999999,1.9500000000000002,-0.7113368585643408,false,true
26,107,-0.8499999999999999,1.9500000000000002,-0.7112810656065862,false,true
27,107,-0.7999999999999998,1.9500000000000002,-0.7112321293161713,false,true
28,107,-0.7499999999999998,1.9500000000000002,-0.7111918353092569,false,true
29,107,-0.6999999999999997,1.9500000000000002,-0.7111616527116067,false,true
30,107,-0.6499999999999999,1.9500000000000002,-0.7111453261206993,false,true
31,107,-0.5999999999999999,1.9500000000000002,-0.7111371109521659,false,true
32,107,-0.5499999999999998,1.9500000000000002,-0.7111645353020284,false,true
33,107,-0.4999999999999998,1.9500000000000002,-0.7173025859559305,false,true
34,107,-0.44999999999999973,1.9500000000000002,-0.7211604570901754,false,true
35,107,-0.3999999999999999,1.9500000000000002,-0.7212707836646043,false,true
36,107,-0.34999999999999987,1.9500000000000002,-0.7244321985323459,true,false
37,107,-0.2999999999999998,1.9500000000000002,-0.7485721094687015,true,false
38,107,-0.24999999999999978,1.9500000000000002,-0.7555914533318134,true,false
39,107,-0.19999999999999973,1.9500000000000002,-0.7622388555981126,true,false
40,107,-0.1499999999999999,1.9500000000000002,-0.766804690597197,true,false
41,107,-0.09999999999999964,1.9500000000000002,-0.7689003899074998,true,false
42,107,-0.04999999999999982,1.9500000000000002,-0.7709740951038804,true,false
43,107,0.0,1.9500000000000002,-0.7727228953815903,true,false
44,107,0.050000000000000266,1.9500000000000002,-0.7730220212913956,true,false
45,107,0.10000000000000009,1.9500000000000002,-0.7726732447124924,true,false
46,107,0.15000000000000036,1.9500000000000002,-0.7708520843960252,true,false
47,107,0.20000000000000018,1.9500000000000002,-0.7684296324230637,true,false
48,107,0.25000000000000044,1.9500000000000002,-0.767768795726439,true,false
49,107,0.30000000000000027,1.9500000000000002,-0.7664522483326401,true,false
50,107,0.3500000000000001,1.9500000000000002,-0.7678662493206467,true,false
51,107,0.40000000000000036,1.9500000000000002,-0.7681695177532639,true,false
52,107,0.4500000000000002,1.9500000000000002,-0.7664115979649033,true,false
53,107,0.5000000000000004,1.9500000000000002,-0.7655110026290067,false,true
54,107,0.5500000000000003,1.9500000000000002,-0.765050215490383,false,true
55,107,0.6000000000000001,1.9500000000000002,-0.7647299971913089,false,true
56,107,0.6500000000000004,1.9500000000000002,-0.7644854973104122,false,true
0,108,-2.15,2.0,-0.6987719730764245,false,true
1,108,-2.1,2.0,-0.6987719842390739,false,true
2,108,-2.05,2.0,-0.6987719924250676,false,true
3,108,-2.0,2.0,-0.6987719982546607,false,true
4,108,-1.95,2.0,-0.6987720022678519,false,true
5,108,-1.9,2.0,-0.6987720049235272,false,true
6,108,-1.8499999999999999,2.0,-0.6987720066008003,false,true
7,108,-1.7999999999999998,2.0,-0.6987720076026424,false,true
8,108,-1.75,2.0,-0.6987720081617704,false,true
9,108,-1.7,2.0,-0.6987720084485716,false,true
10,108,-1.65,2.0,-0.6987720085806476,false,true
11,108,-1.5999999999999999,2.0,-0.6987720086333562,false,true
12,108,-1.5499999999999998,2.0,-0.6987720086505557,false,true
13,108,-1.5,2.0,-0.6987720086546662,false,true
14,108,-1.4499999999999997,2.0,-0.6987720086552109,false,true
15,108,-1.4,2.0,-0.6987720086552109,false,true
16,108,-1.3499999999999999,2.0,-0.6995074320715965,false,true
17,108,-1.2999999999999998,2.0,-0.6999382331348862,false,true
18,108,-1.25,2.0,-0.6999382331348863,false,true
19,108,-1.1999999999999997,2.0,-0.6999382331348862,false,true
20,108,-1.15,2.0,-0.6999382327258455,false,true
21,108,-1.0999999999999999,2.0,-0.7047223476538769,false,true
22,108,-1.0499999999999998,2.0,-0.7093074835711154,false,true
23,108,-0.9999999999999998,2.0,-0.709790135514332,false,true
24,108,-0.9499999999999997,2.0,-0.7102956941209028,false,true
25,108,-0.8999999999999999,2.0,-0.710788025237606,false,true
26,108,-0.8499999999999999,2.0,-0.7111845975166744,false,true
27,108,-0.7999999999999998,2.0,-0.7111683809698897,false,true
28,108,-0.7499999999999998,2.0,-0.7111580334148158,false,true
29,108,-0.6999999999999997,2.0,-0.7111542037885202,false,true
30,108,-0.6499999999999999,2.0,-0.7111531757643761,false,true
31,108,-0.5999999999999999,2.0,-0.7111645353020284,false,true
32,108,-0.5499999999999998,2.0,-0.7167608117025528,false,true
33,108,-0.4999999999999998,2.0,-0.7204733745779326,false,true
34,108,-0.44999999999999973,2.0,-0.7209106987454127,false,true
35,108,-0.3999999999999999,2.0,-0.7219941350594683,false,true
36,108,-0.34999999999999987,2.0,-0.7196650459743943,true,false
37,108,-0.2999999999999998,2.0,-0.7421578719593491,true,false
38,108,-0.24999999999999978,2.0,-0.7546377732731309,true,false
39,108,-0.19999999999999973,2.0,-0.7635889604069199,true,false
40,108,-0.1499999999999999,2.0,-0.7662541820980515,true,false
41,108,-0.09999999999999964,2.0,-0.7685665740944352,true,false
42,108,-0.04999999999999982,2.0,-0.7702889099098649,true,false
43,108,0.0,2.0,-0.7706613495327439,true,false
44,108,0.050000000000000266,2.0,-0.7703110530353989,true,false
45,108,0.10000000000000009,2.0,-0.7683473184086289,true,false
46,108,0.15000000000000036,2.0,-0.7668595864750352,true,false
47,108,0.20000000000000018,2.0,-0.7657008721806016,true,false
48,108,0.25000000000000044,2.0,-0.764502878425261,true,false
49,108,0.30000000000000027,2.0,-0.7642951562382188,true,false
50,108,0.3500000000000001,2.0,-0.7658727719761338,true,false
51,108,0.40000000000000036,2.0,-0.7651000573612656,true,false
52,108,0.4500000000000002,2.0,-0.7637543632961716,true,false
53,108,0.5000000000000004,2.0,-0.7643532704548215,false,true
54,108,0.5500000000000003,2.0,-0.7641110625716733,false,true
55,108,0.6000000000000001,2.0,-0.7638146691195193,false,true
56,108,0.6500000000000004,2.0,-0.7635318630743113,false,true
0,109,-2.15,2.05,-0.6987718973259439,false,true
1,109,-2.1,2.05,-0.6987719285321373,false,true
2,109,-2.05,2.05,-0.6987719525184393,false,true
3,109,-2.0,2.05,-0.698771970511598,false,true
4,109,-1.95,2.05,-0.6987719836367702,false,true
5,109,-1.9,2.05,-0.6987719929058513,false,true
6,109,-1.8499999999999999,2.05,-0.6987719992084349,false,true
7,109,-1.7999999999999998,2.05,-0.6987720033061209,false,true
8,109,-1.75,2.05,-0.6987720058308274,false,true
9,109,-1.7,2.05,-0.6987720072876017,false,true
10,109,-1.65,2.05,-0.6987720080621554,false,true
11,109,-1.5999999999999999,2.05,-0.6987720084329725,false,true
12,109,-1.5499999999999998,2.05,-0.6987720085873376,false,true
13,109,-1.5,2.05,-0.698772008640087,false,true
14,109,-1.4499999999999997,2.05,-0.6987720086533508,false,true
15,109,-1.4,2.05,-0.6987720086552109,false,true
16,109,-1.3499999999999999,2.05,-0.6987720086552109,false,true
17,109,-1.2999999999999998,2.05,-0.6995074320714566,false,true
18,109,-1.25,2.05,-0.6999382331348862,false,true
19,109,-1.1999999999999997,2.05,-0.6999382331348863,false,true
20,109,-1.15,2.05,-0.6999382331348862,false,true
21,109,-1.0999999999999999,2.05,-0.6999382321473746,false,true
22,109,-1.0499999999999998,2.05,-0.7035556692017669,false,true
23,109,-0.9999999999999998,2.05,-0.7067944039206979,false,true
24,109,-0.9499999999999997,2.05,-0.7075897968084625,false,true
25,109,-0.8999999999999999,2.05,-0.7085582683350449,false,true
26,109,-0.8499999999999999,2.05,-0.7097341469731058,false,true
27,109,-0.7999999999999998,2.05,-0.7111599993775753,false,true
28,109,-0.7499999999999998,2.05,-0.7111595602832452,false,true
29,109,-0.6999999999999997,2.05,-0.7111598300274705,false,true
30,109,-0.6499999999999999,2.05,-0.7111645353020284,false,true
31,109,-0.5999999999999999,2.05,-0.7158799190334387,false,true
32,109,-0.5499999999999998,2.05,-0.7188013575171633,false,true
33,109,-0.4999999999999998,2.05,-0.7188830106640598,false,true
34,109,-0.44999999999999973,2.05,-0.7191678222968862,false,true
35,109,-0.3999999999999999,2.05,-0.7190184034969163,false,true
36,109,-0.34999999999999987,2.05,-0.7228499009586777,true,false
37,109,-0.2999999999999998,2.05,-0.740637059447905,true,false
38,109,-0.24999999999999978,2.05,-0.7554612114407029,true,false
39,109,-0.19999999999999973,2.05,-0.76146995568051,true,false
40,109,-0.1499999999999999,2.05,-0.7649058654285874,true,false
41,109,-0.09999999999999964,2.05,-0.7671938195206132,true,false
42,109,-0.04999999999999982,2.05,-0.7676674678303208,true,false
43,109,0.0,2.05,-0.7686510040737595,true,false
44,109,0.050000000000000266,2.05,-0.7682800247646775,true,false
45,109,0.10000000000000009,2.05,-0.7658655300117936,true,false
46,109,0.15000000000000036,2.05,-0.7647747948147263,true,false
47,109,0.20000000000000018,2.05,-0.7632397367931809,true,false
48,109,0.25000000000000044,2.05,-0.7623535945393052,true,false
49,109,0.30000000000000027,2.05,-0.7631059839703049,true,false
50,109,0.3500000000000001,2.05,-0.7637023880459275,true,false
51,109,0.40000000000000036,2.05,-0.7630319550014939,true,false
52,109,0.4500000000000002,2.05,-0.7631419255711045,true,false
53,109,0.5000000000000004,2.05,-0.7623685888410779,false,true
54,109,0.5500000000000003,2.05,-0.7621599591088213,false,true
55,109,0.6000000000000001,2.05,-0.7619337808126591,false,true
56,109,0.6500000000000004,2.05,-0.7617289869344882,false,true
0,110,-2.15,2.0999999999999996,-0.6987716858917095,false,true
1,110,-2.1,2.0999999999999996,-0.698771766280592,false,true
2,110,-2.05,2.0999999999999996,-0.6987718307174537,false,true
3,110,-2.0,2.0999999999999996,-0.6987718813360486,false,true
4,110,-1.95,2.0999999999999996,-0.6987719201935477,false,true
5,110,-1.9,2.0999999999999996,-0.6987719492415528,false,true
6,110,-1.8499999999999999,2.0999999999999996,-0.6987719702977034,false,true
7,110,-1.7999999999999998,2.0999999999999996,-0.6987719850192247,false,true
8,110,-1.75,2.0999999999999996,-0.698771994879997,false,true
9,110,-1.7,2.0999999999999996,-0.6987720011528933,false,true
10,110,-1.65,2.0999999999999996,-0.6987720048991712,false,true
11,110,-1.5999999999999999,2.0999999999999996,-0.6987720069665403,false,true
12,110,-1.5499999999999998,2.0999999999999996,-0.6987720079970842,false,true
13,110,-1.5,2.0999999999999996,-0.6987720084454101,false,true
14,110,-1.4499999999999997,2.0999999999999996,-0.6987720086062051,false,true
15,110,-1.4,2.0999999999999996,-0.6987720086488602,false,true
16,110,-1.3499999999999999,2.0999999999999996,-0.6987720086552109,false,true
17,110,-1.2999999999999998,2.0999999999999996,-0.6987720086552109,false,true
18,110,-1.25,2.0999999999999996,-0.6995074320707813,false,true
19,110,-1.1999999999999997,2.0999999999999996,-0.6999382331348862,false,true
20,110,-1.15,2.0999999999999996,-0.6999382331348863,false,true
21,110,-1.0999999999999999,2.0999999999999996,-0.6999382331348862,false,true
22,110,-1.0499999999999998,2.0999999999999996,-0.6999382307508221,false,true
23,110,-0.9999999999999998,2.0999999999999996,-0.7014742069100179,false,true
24,110,-0.9499999999999997,2.0999999999999996,-0.702168258311201,false,true
25,110,-0.8999999999999999,2.0999999999999996,-0.7030219428116539,false,true
26,110,-0.8499999999999999,2.0999999999999996,-0.7042689956357645,false,true
27,110,-0.7999999999999998,2.0999999999999996,-0.7062834531679786,false,true
28,110,-0.7499999999999998,2.0999999999999996,-0.7111625863134919,false,true
29,110,-0.6999999999999997,2.0999999999999996,-0.7111645353020284,false,true
30,110,-0.6499999999999999,2.0999999999999996,-0.715687290160522,false,true
31,110,-0.5999999999999999,2.0999999999999996,-0.718006603001568,false,true
32,110,-0.5499999999999998,2.0999999999999996,-0.7175360480637563,false,true
33,110,-0.4999999999999998,2.0999999999999996,-0.717013865468643,false,true
34,110,-0.44999999999999973,2.0999999999999996,-0.7164525381088421,false,true
35,110,-0.3999999999999999,2.0999999999999996,-0.716552819627695,false,true
36,110,-0.34999999999999987,2.0999999999999996,-0.7129532053448167,true,false
37,110,-0.2999999999999998,2.0999999999999996,-0.7228499009586777,true,false
38,110,-0.24999999999999978,2.0999999999999996,-0.7558252170063462,true,false
39,110,-0.19999999999999973,2.0999999999999996,-0.7594624712444749,true,false
40,110,-0.1499999999999999,2.0999999999999996,-0.7628841652847733,true,false
41,110,-0.09999999999999964,2.0999999999999996,-0.7648944809414353,true,false
42,110,-0.04999999999999982,2.0999999999999996,-0.7658426120258774,true,false
43,110,0.0,2.0999999999999996,-0.765947277782103,true,false
44,110,0.050000000000000266,2.0999999999999996,-0.7644452705360856,true,false
45,110,0.10000000000000009,2.0999999999999996,-0.7634693934895005,true,false
46,110,0.15000000000000036,2.0999999999999996,-0.7629108681656327,true,false
47,110,0.20000000000000018,2.0999999999999996,-0.7620487167812791,true,false
48,110,0.25000000000000044,2.0999999999999996,-0.7610588624454941,true,false
49,110,0.30000000000000027,2.0999999999999996,-0.7609462692715134,true,false
50,110,0.3500000000000001,2.0999999999999996,-0.7602656438328232,true,false
51,110,0.40000000000000036,2.0999999999999996,-0.7607883765675034,true,false
52,110,0.4500000000000002,2.0999999999999996,-0.7598891510940995,true,false
53,110,0.5000000000000004,2.0999999999999996,-0.7596716007659495,false,true
54,110,0.5500000000000003,2.0999999999999996,-0.7594366346396981,false,true
55,110,0.6000000000000001,2.0999999999999996,-0.7593536824694566,false,true
56,110,0.6500000000000004,2.0999999999999996,-0.7593056391206358,false,true
0,111,-2.15,2.1500000000000004,-0.6987711380797647,false,true
1,111,-2.1,2.1500000000000004,-0.6987713295642338,false,true
2,111,-2.05,2.1500000000000004,-0.698771488915261,false,true
3,111,-2.0,2.1500000000000004,-0.6987716193378062,false,true
4,111,-1.95,2.1500000000000004,-0.698771724082525,false,true
5,111,-1.9,2.1500000000000004,-0.6987718064011615,false,true
6,111,-1.8499999999999999,2.1500000000000004,-0.6987718694967772,false,true
7,111,-1.7999999999999998,2.1500000000000004,-0.6987719164699112,false,true
8,111,-1.75,2.1500000000000004,-0.6987719502623844,false,true
9,111,-1.7,2.1500000000000004,-0.6987719736011772,false,true
10,111,-1.65,2.1500000000000004,-0.6987719889455941,false,true
11,111,-1.5999999999999999,2.1500000000000004,-0.6987719984416685,false,true
12,111,-1.5499999999999998,2.1500000000000004,-0.6987720038883337,false,true
13,111,-1.5,2.1500000000000004,-0.6987720067200527,false,true
14,111,-1.4499999999999997,2.1500000000000004,-0.6987720080100708,false,true
15,111,-1.4,2.1500000000000004,-0.6987720084968759,false,true
16,111,-1.3499999999999999,2.1500000000000004,-0.6987720086335283,false,true
17,111,-1.2999999999999998,2.1500000000000004,-0.6987720086552109,false,true
18,111,-1.25,2.1500000000000004,-0.6987720086552109,false,true
19,111,-1.1999999999999997,2.1500000000000004,-0.6995074320675205,false,true
20,111,-1.15,2.1500000000000004,-0.6999382331348862,false,true
21,111,-1.0999999999999999,2.1500000000000004,-0.6999382331348863,false,true
22,111,-1.0499999999999998,2.1500000000000004,-0.6999382331348862,false,true
23,111,-0.9999999999999998,2.1500000000000004,-0.6999382273792463,false,true
24,111,-0.9499999999999997,2.1500000000000004,-0.698085256966113,false,true
25,111,-0.8999999999999999,2.1500000000000004,-0.6945709560888289,false,true
26,111,-0.8499999999999999,2.1500000000000004,-0.6945461396333489,false,true
27,111,-0.7999999999999998,2.1500000000000004,-0.6945291187310719,false,true
28,111,-0.7499999999999998,2.1500000000000004,-0.6945072097857028,false,true
29,111,-0.6999999999999997,2.1500000000000004,-0.7051633840142977,false,true
30,111,-0.6499999999999999,2.1500000000000004,-0.7191609359792219,false,true
31,111,-0.5999999999999999,2.1500000000000004,-0.718610798872582,false,true
32,111,-0.5499999999999998,2.1500000000000004,-0.7178773136608674,false,true
33,111,-0.4999999999999998,2.1500000000000004,-0.7169275631714971,false,true
34,111,-0.44999999999999973,2.1500000000000004,-0.7156537454055611,false,true
35,111,-0.3999999999999999,2.1500000000000004,-0.713744853236751,false,true
36,111,-0.34999999999999987,2.1500000000000004,-0.715346361634871,true,false
37,111,-0.2999999999999998,2.1500000000000004,-0.7184625818706956,true,false
38,111,-0.24999999999999978,2.1500000000000004,-0.7528498723484482,true,false
39,111,-0.19999999999999973,2.1500000000000004,-0.7583810045696702,true,false
40,111,-0.1499999999999999,2.1500000000000004,-0.7600633158661332,true,false
41,111,-0.09999999999999964,2.1500000000000004,-0.7621664657570328,true,false
42,111,-0.04999999999999982,2.1500000000000004,-0.7641614332176652,true,false
43,111,0.0,2.1500000000000004,-0.7646319522835221,true,false
44,111,0.050000000000000266,2.1500000000000004,-0.762879069087645,true,false
45,111,0.10000000000000009,2.1500000000000004,-0.7615022613979783,true,false
46,111,0.15000000000000036,2.1500000000000004,-0.7604008271671738,true,false
47,111,0.20000000000000018,2.1500000000000004,-0.7601289405800309,true,false
48,111,0.25000000000000044,2.1500000000000004,-0.7596022739387955,true,false
49,111,0.30000000000000027,2.1500000000000004,-0.7591252281643357,true,false
50,111,0.3500000000000001,2.1500000000000004,-0.7587574377037491,true,false
51,111,0.40000000000000036,2.1500000000000004,-0.7569030179954972,true,false
52,111,0.4500000000000002,2.1500000000000004,-0.755893613336226,true,false
53,111,0.5000000000000004,2.1500000000000004,-0.7561723881558755,false,true
54,111,0.5500000000000003,2.1500000000000004,-0.756430093745908,false,true
55,111,0.6000000000000001,2.1500000000000004,-0.7566095538731282,false,true
56,111,0.6500000000000004,2.1500000000000004,-0.7567666458090505,false,true
0,112,-2.15,2.2,-0.6987698161347747,false,true
1,112,-2.1,2.2,-0.6987702390790042,false,true
2,112,-2.05,2.2,-0.6987706030546302,false,true
3,112,-2.0,2.2,-0.6987709120491412,false,true
4,112,-1.95,2.2,-0.6987711703506625,false,true
5,112,-1.9,2.2,-0.6987713825073649,false,true
6,112,-1.8499999999999999,2.2,-0.6987715532739441,false,true
7,112,-1.7999999999999998,2.2,-0.6987716875442863,false,true
8,112,-1.75,2.2,-0.698771790270052,false,true
9,112,-1.7,2.2,-0.6987718663658385,false,true
10,112,-1.65,2.2,-0.6987719206029007,false,true
11,112,-1.5999999999999999,2.2,-0.6987719574951705,false,true
12,112,-1.5499999999999998,2.2,-0.6987719811835051,false,true
13,112,-1.5,2.2,-0.6987719953266021,false,true
14,112,-1.4499999999999997,2.2,-0.6987720030095391,false,true
15,112,-1.4,2.2,-0.6987720066828349,false,true
16,112,-1.3499999999999999,2.2,-0.6987720081452853,false,true
17,112,-1.2999999999999998,2.2,-0.698772008581182,false,true
18,112,-1.25,2.2,-0.6987720086552109,false,true
19,112,-1.1999999999999997,2.2,-0.6987720086552109,false,true
20,112,-1.15,2.2,-0.6995074320517761,false,true
21,112,-1.0999999999999999,2.2,-0.6999382331348862,false,true
22,112,-1.0499999999999998,2.2,-0.6999382331348863,false,true
23,112,-0.9999999999999998,2.2,-0.6999382331348862,false,true
24,112,-0.9499999999999997,2.2,-0.699938219239542,false,true
25,112,-0.8999999999999999,2.2,-0.6936450825370644,false,true
26,112,-0.8499999999999999,2.2,-0.6849080123098031,false,true
27,112,-0.7999999999999998,2.2,-0.6828328972895634,false,true
28,112,-0.7499999999999998,2.2,-0.6779266350763303,false,true
29,112,-0.6999999999999997,2.2,-0.6778498842693772,false,true
30,112,-0.6499999999999999,2.2,-0.7049841622734344,false,true
31,112,-0.5999999999999999,2.2,-0.7210932803142508,false,true
32,112,-0.5499999999999998,2.2,-0.7207228544156146,false,true
33,112,-0.4999999999999998,2.2,-0.7200839118760302,false,true
34,112,-0.44999999999999973,2.2,-0.7192040385947305,false,true
35,112,-0.3999999999999999,2.2,-0.7174542523776661,false,true
36,112,-0.34999999999999987,2.2,-0.7122716262318101,true,false
37,112,-0.2999999999999998,2.2,-0.7164115264393296,true,false
38,112,-0.24999999999999978,2.2,-0.7256767108417954,true,false
39,112,-0.19999999999999973,2.2,-0.7568582847095933,true,false
40,112,-0.1499999999999999,2.2,-0.7580736830212083,true,false
41,112,-0.09999999999999964,2.2,-0.7600682630516495,true,false
42,112,-0.04999999999999982,2.2,-0.7619502201057877,true,false
43,112,0.0,2.2,-0.762012894389769,true,false
44,112,0.050000000000000266,2.2,-0.7602958037830796,true,false
45,112,0.10000000000000009,2.2,-0.7590099527813401,true,false
46,112,0.15000000000000036,2.2,-0.7585943295933213,true,false
47,112,0.20000000000000018,2.2,-0.7578389599300828,true,false
48,112,0.25000000000000044,2.2,-0.7574569537617173,true,false
49,112,0.30000000000000027,2.2,-0.7564394428707566,true,false
50,112,0.3500000000000001,2.2,-0.7563790931679215,true,false
51,112,0.40000000000000036,2.2,-0.7544490053631272,true,false
52,112,0.4500000000000002,2.2,-0.7528498723484482,true,false
53,112,0.5000000000000004,2.2,-0.7535530374663896,false,true
54,112,0.5500000000000003,2.2,-0.7540362680523783,false,true
55,112,0.6000000000000001,2.2,-0.7544017706949652,false,true
56,112,0.6500000000000004,2.2,-0.750873079074252,false,true
0,113,-2.15,2.25,-0.69876683634744,false,true
1,113,-2.1,2.25,-0.6987677045718503,false,true
2,113,-2.05,2.25,-0.6987684745034803,false,true
3,113,-2.0,2.25,-0.6987691497872262,false,true
4,113,-1.95,2.25,-0.6987697347222431,false,true
5,113,-1.9,2.25,-0.6987702342652773,false,true
6,113,-1.8499999999999999,2.25,-0.6987706540175402,false,true
7,113,-1.7999999999999998,2.25,-0.6987710001910381,false,true
8,113,-1.75,2.25,-0.698771279550017,false,true
9,113,-1.7,2.25,-0.6987714993232335,false,true
10,113,-1.65,2.25,-0.6987716670832941,false,true
11,113,-1.5999999999999999,2.25,-0.6987717905905847,false,true
12,113,-1.5499999999999998,2.25,-0.6987718776016433,false,true
13,113,-1.5,2.25,-0.6987719356455981,false,true
14,113,-1.4499999999999997,2.25,-0.6987719717778198,false,true
15,113,-1.4,2.25,-0.6987719923273777,false,true
16,113,-1.3499999999999999,2.25,-0.6987720026639246,false,true
17,113,-1.2999999999999998,2.25,-0.6987720070189084,false,true
18,113,-1.25,2.25,-0.6987720084024605,false,true
19,113,-1.1999999999999997,2.25,-0.6987720086552109,false,true
20,113,-1.15,2.25,-0.6987720086552109,false,true
21,113,-1.0999999999999999,2.25,-0.6995074319757553,false,true
22,113,-1.0499999999999998,2.25,-0.6999382331348862,false,true
23,113,-0.9999999999999998,2.25,-0.6999382331348863,false,true
24,113,-0.9499999999999997,2.25,-0.6999382331348862,false,true
25,113,-0.8999999999999999,2.25,-0.6999381995885579,false,true
26,113,-0.8499999999999999,2.25,-0.6899071465699335,false,true
27,113,-0.7999999999999998,2.25,-0.6782215616936413,false,true
28,113,-0.7499999999999998,2.25,-0.6780970873559372,false,true
29,113,-0.6999999999999997,2.25,-0.6780351771084465,false,true
30,113,-0.6499999999999999,2.25,-0.6778498842693772,false,true
31,113,-0.5999999999999999,2.25,-0.706949456421635,false,true
32,113,-0.5499999999999998,2.25,-0.7248331082973398,false,true
33,113,-0.4999999999999998,2.25,-0.725421746864789,false,true
34,113,-0.44999999999999973,2.25,-0.725758407074083,false,true
35,113,-0.3999999999999999,2.25,-0.7271377953521361,false,true
36,113,-0.34999999999999987,2.25,-0.7268914833046403,true,false
37,113,-0.2999999999999998,2.25,-0.7228499009586777,true,false
38,113,-0.24999999999999978,2.25,-0.750394995448729,true,false
39,113,-0.19999999999999973,2.25,-0.7528498723484482,true,false
40,113,-0.1499999999999999,2.25,-0.7549778773762192,true,false
41,113,-0.09999999999999964,2.25,-0.7570438637711014,true,false
42,113,-0.04999999999999982,2.25,-0.7582161381222214,true,false
43,113,0.0,2.25,-0.7595599844433274,true,false
44,113,0.050000000000000266,2.25,-0.7563740863777604,true,false
45,113,0.10000000000000009,2.25,-0.7559566750503983,true,false
46,113,0.15000000000000036,2.25,-0.7555027558781113,true,false
47,113,0.20000000000000018,2.25,-0.7547708704449143,true,false
48,113,0.25000000000000044,2.25,-0.7546101167179551,true,false
49,113,0.30000000000000027,2.25,-0.7542017354942765,true,false
50,113,0.3500000000000001,2.25,-0.7528498723484482,true,false
51,113,0.40000000000000036,2.25,-0.7528498723484482,true,false
52,113,0.4500000000000002,2.25,-0.7522068872429337,true,false
53,113,0.5000000000000004,2.25,-0.7525835391973402,false,true
54,113,0.5500000000000003,2.25,-0.7528903464382516,false,true
55,113,0.6000000000000001,2.25,-0.749848983620672,false,true
56,113,0.6500000000000004,2.25,-0.7440122320629564,false,true
0,114,-2.15,2.3,-0.6987605463983533,false,true
1,114,-2.1,2.3,-0.6987622057611398,false,true
2,114,-2.05,2.3,-0.6987637172413169,false,true
3,114,-2.0,2.3,-0.6987650819623877,false,true
4,114,-1.95,2.3,-0.6987663020007557,false,true
5,114,-1.9,2.3,-0.6987673804765874,false,true
6,114,-1.8499999999999999,2.3,-0.6987683216372673,false,true
7,114,-1.7999999999999998,2.3,-0.6987691309275385,false,true
8,114,-1.75,2.3,-0.6987698150387676,false,true
9,114,-1.7,2.3,-0.6987703819279326,false,true
10,114,-1.65,2.3,-0.6987708407950134,false,true
11,114,-1.5999999999999999,2.3,-0.6987712020057322,false,true
12,114,-1.5499999999999998,2.3,-0.6987714769454454,false,true
13,114,-1.5,2.3,-0.6987716777901365,false,true
14,114,-1.4499999999999997,2.3,-0.6987718171829795,false,true
15,114,-1.4,2.3,-0.6987719078113412,false,true
16,114,-1.3499999999999999,2.3,-0.6987719618913855,false,true
17,114,-1.2999999999999998,2.3,-0.6987719905877898,false,true
18,114,-1.25,2.3,-0.6987720034259676,false,true
19,114,-1.1999999999999997,2.3,-0.698772007792267,false,true
20,114,-1.15,2.3,-0.6987720086552109,false,true
21,114,-1.0999999999999999,2.3,-0.6987720086552109,false,true
22,114,-1.0499999999999998,2.3,-0.6995074316086946,false,true
23,114,-0.9999999999999998,2.3,-0.6999382331348862,false,true
24,114,-0.9499999999999997,2.3,-0.6999382331348863,false,true
25,114,-0.8999999999999999,2.3,-0.6999382331348862,false,true
26,114,-0.8499999999999999,2.3,-0.6999381521468852,false,true
27,114,-0.7999999999999998,2.3,-0.6892902377704989,false,true
28,114,-0.7499999999999998,2.3,-0.6786925216075007,false,true
29,114,-0.6999999999999997,2.3,-0.6784318447541485,false,true
30,114,-0.6499999999999999,2.3,-0.6782972207544691,false,true
31,114,-0.5999999999999999,2.3,-0.6778498842693772,false,true
32,114,-0.5499999999999998,2.3,-0.709037764997252,false,true
33,114,-0.4999999999999998,2.3,-0.7287498440732268,false,true
34,114,-0.44999999999999973,2.3,-0.7311633457009524,false,true
35,114,-0.3999999999999999,2.3,-0.7321118121598986,false,true
36,114,-0.34999999999999987,2.3,-0.7423523023106064,true,false
37,114,-0.2999999999999998,2.3,-0.7398593380428757,true,false
38,114,-0.24999999999999978,2.3,-0.7469235613323655,true,false
39,114,-0.19999999999999973,2.3,-0.7510664417721238,true,false
40,114,-0.1499999999999999,2.3,-0.7527352526165452,true,false
41,114,-0.09999999999999964,2.3,-0.7533602371193375,true,false
42,114,-0.04999999999999982,2.3,-0.7528498723484482,true,false
43,114,0.0,2.3,-0.7530760719753709,true,false
44,114,0.050000000000000266,2.3,-0.7528498723484482,true,false
45,114,0.10000000000000009,2.3,-0.752479489085814,true,false
46,114,0.15000000000000036,2.3,-0.7528498723484482,true,false
47,114,0.20000000000000018,2.3,-0.7528498723484482,true,false
48,114,0.25000000000000044,2.3,-0.753508324859282,true,false
49,114,0.30000000000000027,2.3,-0.754215533969542,true,false
50,114,0.3500000000000001,2.3,-0.7537897779919114,true,false
51,114,0.40000000000000036,2.3,-0.7531998112179246,true,false
52,114,0.4500000000000002,2.3,-0.7528498723484482,true,false
53,114,0.5000000000000004,2.3,-0.7526615463712449,false,true
54,114,0.5500000000000003,2.3,-0.7496149758573704,false,true
55,114,0.6000000000000001,2.3,-0.7440122320629564,false,true
56,114,0.6500000000000004,2.3,-0.7436506092785176,false,true
0,115,-2.15,2.3499999999999996,-0.6987480852248579,false,true
1,115,-2.1,2.3499999999999996,-0.6987510415314987,false,true
2,115,-2.05,2.3499999999999996,-0.6987537994630337,false,true
3,115,-2.0,2.3499999999999996,-0.6987563546883605,false,true
4,115,-1.95,2.3499999999999996,-0.6987587038077256,false,true
5,115,-1.9,2.3499999999999996,-0.6987608445410861,false,true
6,115,-1.8499999999999999,2.3499999999999996,-0.6987627759334367,false,true
7,115,-1.7999999999999998,2.3499999999999996,-0.6987644985742195,false,true
8,115,-1.75,2.3499999999999996,-0.6987660148256813,false,true
9,115,-1.7,2.3499999999999996,-0.6987673290519562,false,true
10,115,-1.65,2.3499999999999996,-0.6987684478365221,false,true
11,115,-1.5999999999999999,2.3499999999999996,-0.6987693801703444,false,true
12,115,-1.5499999999999998,2.3499999999999996,-0.69877013758635,false,true
13,115,-1.5,2.3499999999999996,-0.6987707342080064,false,true
14,115,-1.4499999999999997,2.3499999999999996,-0.6987711866712044,false,true
15,115,-1.4,2.3499999999999996,-0.6987715138707233,false,true
16,115,-1.3499999999999999,2.3499999999999996,-0.6987717364780256,false,true
17,115,-1.2999999999999998,2.3499999999999996,-0.6987718761810182,false,true
18,115,-1.25,2.3499999999999996,-0.6987719546171942,false,true
19,115,-1.1999999999999997,2.3499999999999996,-0.6987719920218445,false,true
20,115,-1.15,2.3499999999999996,-0.698772005708936,false,true
21,115,-1.0999999999999999,2.3499999999999996,-0.6987720086552109,false,true
22,115,-1.0499999999999998,2.3499999999999996,-0.6987720086552109,false,true
23,115,-0.9999999999999998,2.3499999999999996,-0.6995074298363683,false,true
24,115,-0.9499999999999997,2.3499999999999996,-0.6999382331348862,false,true
25,115,-0.8999999999999999,2.3499999999999996,-0.6999382331348863,false,true
26,115,-0.8499999999999999,2.3499999999999996,-0.6999382331348862,false,true
27,115,-0.7999999999999998,2.3499999999999996,-0.6999380376125558,false,true
28,115,-0.7499999999999998,2.3499999999999996,-0.6897645638024945,false,true
29,115,-0.6999999999999997,2.3499999999999996,-0.6797185188479624,false,true
30,115,-0.6499999999999999,2.3499999999999996,-0.6792041923250876,false,true
31,115,-0.5999999999999999,2.3499999999999996,-0.6789298500786303,false,true
32,115,-0.5499999999999998,2.3499999999999996,-0.6778498842693772,false,true
33,115,-0.4999999999999998,2.3499999999999996,-0.7088830174649352,false,true
34,115,-0.44999999999999973,2.3499999999999996,-0.728328074337632,false,true
35,115,-0.3999999999999999,2.3499999999999996,-0.7338475619200713,false,true
36,115,-0.34999999999999987,2.3499999999999996,-0.7228499009586777,true,false
37,115,-0.2999999999999998,2.3499999999999996,-0.7396372213341202,true,false
38,115,-0.24999999999999978,2.3499999999999996,-0.7437148048855271,true,false
39,115,-0.19999999999999973,2.3499999999999996,-0.7469050838924851,true,false
40,115,-0.1499999999999999,2.3499999999999996,-0.7497128798939194,true,false
41,115,-0.09999999999999964,2.3499999999999996,-0.7507843925930466,true,false
42,115,-0.04999999999999982,2.3499999999999996,-0.7510518982387986,true,false
43,115,0.0,2.3499999999999996,-0.7501768126465287,true,false
44,115,0.050000000000000266,2.3499999999999996,-0.749620373485228,true,false
45,115,0.10000000000000009,2.3499999999999996,-0.7493429138637986,true,false
46,115,0.15000000000000036,2.3499999999999996,-0.7491827859856095,true,false
47,115,0.20000000000000018,2.3499999999999996,-0.7500168635822739,true,false
48,115,0.25000000000000044,2.3499999999999996,-0.7528498723484482,true,false
49,115,0.30000000000000027,2.3499999999999996,-0.7545675590015855,true,false
50,115,0.3500000000000001,2.3499999999999996,-0.7537639691807236,true,false
51,115,0.40000000000000036,2.3499999999999996,-0.7528498723484482,true,false
52,115,0.4500000000000002,2.3499999999999996,-0.7528498723484482,true,false
53,115,0.5000000000000004,2.3499999999999996,-0.750261387438515,false,true
54,115,0.5500000000000003,2.3499999999999996,-0.7440122320629564,false,true
55,115,0.6000000000000001,2.3499999999999996,-0.7431391974323012,false,true
56,115,0.6500000000000004,2.3499999999999996,-0.7429739285703183,false,true
0,116,-2.15,2.4000000000000004,-0.6987248706804965,false,true
1,116,-2.1,2.4000000000000004,-0.69872978383963,false,true
2,116,-2.05,2.4000000000000004,-0.6987344655174994,false,true
3,116,-2.0,2.4000000000000004,-0.6987389033293677,false,true
4,116,-1.95,2.4000000000000004,-0.6987430852194996,false,true
5,116,-1.9,2.4000000000000004,-0.6987469996847119,false,true
6,116,-1.8499999999999999,2.4000000000000004,-0.6987506360436483,false,true
7,116,-1.7999999999999998,2.4000000000000004,-0.6987539847573772,false,true
8,116,-1.75,2.4000000000000004,-0.6987570378062903,false,true
9,116,-1.7,2.4000000000000004,-0.6987597891268084,false,true
10,116,-1.65,2.4000000000000004,-0.6987622351085924,false,true
11,116,-1.5999999999999999,2.4000000000000004,-0.698764375148176,false,true
12,116,-1.5499999999999998,2.4000000000000004,-0.6987662122472561,false,true
13,116,-1.5,2.4000000000000004,-0.6987677536321253,false,true
14,116,-1.4499999999999997,2.4000000000000004,-0.6987690113534422,false,true
15,116,-1.4,2.4000000000000004,-0.6987700028010702,false,true
16,116,-1.3499999999999999,2.4000000000000004,-0.6987707510357952,false,true
17,116,-1.2999999999999998,2.4000000000000004,-0.6987712847983947,false,true
18,116,-1.25,2.4000000000000004,-0.6987716380105652,false,true
19,116,-1.1999999999999997,2.4000000000000004,-0.6987718485439578,false,true
20,116,-1.15,2.4000000000000004,-0.6987719560320076,false,true
21,116,-1.0999999999999999,2.4000000000000004,-0.6987719985959993,false,true
22,116,-1.0499999999999998,2.4000000000000004,-0.6987720086552109,false,true
23,116,-0.9999999999999998,2.4000000000000004,-0.6987720086552109,false,true
24,116,-0.9499999999999997,2.4000000000000004,-0.69950742127882,false,true
25,116,-0.8999999999999999,2.4000000000000004,-0.6999382331348862,false,true
26,116,-0.8499999999999999,2.4000000000000004,-0.6999382331348863,false,true
27,116,-0.7999999999999998,2.4000000000000004,-0.6999382331348862,false,true
28,116,-0.7499999999999998,2.4000000000000004,-0.6999377611022243,false,true
29,116,-0.6999999999999997,2.4000000000000004,-0.6907437929473829,false,true
30,116,-0.6499999999999999,2.4000000000000004,-0.6818671844855937,false,true
31,116,-0.5999999999999999,2.4000000000000004,-0.6809464789064696,false,true
32,116,-0.5499999999999998,2.4000000000000004,-0.6804571523729753,false,true
33,116,-0.4999999999999998,2.4000000000000004,-0.6778498842693772,false,true
34,116,-0.44999999999999973,2.4000000000000004,-0.7029907039265229,false,true
35,116,-0.3999999999999999,2.4000000000000004,-0.71673860231893,false,true
36,116,-0.34999999999999987,2.4000000000000004,-0.7408958628155198,true,false
37,116,-0.2999999999999998,2.4000000000000004,-0.7332358314968552,true,false
38,116,-0.24999999999999978,2.4000000000000004,-0.7417684748150315,true,false
39,116,-0.19999999999999973,2.4000000000000004,-0.7445399417854752,true,false
40,116,-0.1499999999999999,2.4000000000000004,-0.7476702287174668,true,false
41,116,-0.09999999999999964,2.4000000000000004,-0.7474813415981736,true,false
42,116,-0.04999999999999982,2.4000000000000004,-0.7486202671505418,true,false
43,116,0.0,2.4000000000000004,-0.7475288465000596,true,false
44,116,0.050000000000000266,2.4000000000000004,-0.7475888683773484,true,false
45,116,0.10000000000000009,2.4000000000000004,-0.7460223391033616,true,false
46,116,0.15000000000000036,2.4000000000000004,-0.7469361975170579,true,false
47,116,0.20000000000000018,2.4000000000000004,-0.7471859409786668,true,false
48,116,0.25000000000000044,2.4000000000000004,-0.7503027274586167,true,false
49,116,0.30000000000000027,2.4000000000000004,-0.7526353552319016,true,false
50,116,0.3500000000000001,2.4000000000000004,-0.7528498723484482,true,false
51,116,0.40000000000000036,2.4000000000000004,-0.75201150321736,true,false
52,116,0.4500000000000002,2.4000000000000004,-0.7528498723484482,true,false
53,116,0.5000000000000004,2.4000000000000004,-0.7440122320629563,true,false
54,116,0.5500000000000003,2.4000000000000004,-0.7419045400172074,false,true
55,116,0.6000000000000001,2.4000000000000004,-0.7417018996116258,false,true
56,116,0.6500000000000004,2.4000000000000004,-0.7412998842382316,false,true
0,117,-2.15,2.45,-0.6986841340160379,false,true
1,117,-2.1,2.45,-0.6986917515732134,false,true
2,117,-2.05,2.45,-0.6986991473238888,false,true
3,117,-2.0,2.45,-0.698706300332907,false,true
4,117,-1.95,2.45,-0.6987131887652689,false,true
5,117,-1.9,2.45,-0.6987197900081206,false,true
6,117,-1.8499999999999999,2.45,-0.6987260808478615,false,true
7,117,-1.7999999999999998,2.45,-0.6987320377167051,false,true
8,117,-1.75,2.45,-0.6987376370258933,false,true
9,117,-1.7,2.45,-0.6987428556058336,false,true
10,117,-1.65,2.45,-0.6987476712764823,false,true
11,117,-1.5999999999999999,2.45,-0.6987520635738368,false,true
12,117,-1.5499999999999998,2.45,-0.6987560146595678,false,true
13,117,-1.5,2.45,-0.698759510439119,false,true
14,117,-1.4499999999999997,2.45,-0.6987625419065022,false,true
15,117,-1.4,2.45,-0.6987651067174792,false,true
16,117,-1.3499999999999999,2.45,-0.6987672109604187,false,true
17,117,-1.2999999999999998,2.45,-0.6987688710362648,false,true
18,117,-1.25,2.45,-0.6987701154621533,false,true
19,117,-1.1999999999999997,2.45,-0.6987709862601066,false,true
20,117,-1.15,2.45,-0.6987715393679217,false,true
21,117,-1.0999999999999999,2.45,-0.6987718432142299,false,true
22,117,-1.0499999999999998,2.45,-0.6987719743109138,false,true
23,117,-0.9999999999999998,2.45,-0.6987720086552109,false,true
24,117,-0.9499999999999997,2.45,-0.6987720086552109,false,true
25,117,-0.8999999999999999,2.45,-0.6995073799593221,false,true
26,117,-0.8499999999999999,2.45,-0.6999382331348862,false,true
27,117,-0.7999999999999998,2.45,-0.6999382331348863,false,true
28,117,-0.7499999999999998,2.45,-0.6999382331348862,false,true
29,117,-0.6999999999999997,2.45,-0.6999370935472318,false,true
30,117,-0.6499999999999999,2.45,-0.6926410830654337,false,true
31,117,-0.5999999999999999,2.45,-0.686106593209507,false,true
32,117,-0.5499999999999998,2.45,-0.6847350857636587,false,true
33,117,-0.4999999999999998,2.45,-0.6841443862858267,false,true
34,117,-0.44999999999999973,2.45,-0.6778498842693772,false,true
35,117,-0.3999999999999999,2.45,-0.6882458697006162,false,true
36,117,-0.34999999999999987,2.45,-0.6764637782551255,true,false
37,117,-0.2999999999999998,2.45,-0.6478498830772843,true,false
38,117,-0.24999999999999978,2.45,-0.7378640725590195,true,false
39,117,-0.19999999999999973,2.45,-0.7427976384140458,true,false
40,117,-0.1499999999999999,2.45,-0.7447423293568101,true,false
41,117,-0.09999999999999964,2.45,-0.745641167400023,true,false
42,117,-0.04999999999999982,2.45,-0.7465265943981614,true,false
43,117,0.0,2.45,-0.7467285945393052,true,false
44,117,0.050000000000000266,2.45,-0.7472745730854478,true,false
45,117,0.10000000000000009,2.45,-0.7466330482937302,true,false
46,117,0.15000000000000036,2.45,-0.7473359062649216,true,false
47,117,0.20000000000000018,2.45,-0.7492571129776444,true,false
48,117,0.25000000000000044,2.45,-0.7500968232132401,true,false
49,117,0.30000000000000027,2.45,-0.7509973599888291,true,false
50,117,0.3500000000000001,2.45,-0.7510907604671921,true,false
51,117,0.40000000000000036,2.45,-0.7502765610195603,true,false
52,117,0.4500000000000002,2.45,-0.7485660269237961,true,false
53,117,0.5000000000000004,2.45,-0.7389238133408036,true,false
54,117,0.5500000000000003,2.45,-0.7391049903504366,false,true
55,117,0.6000000000000001,2.45,-0.7388920354508254,false,true
56,117,0.6500000000000004,2.45,-0.7388569543760604,false,true
0,118,-2.15,2.5,-0.6986167002260621,false,true
1,118,-2.1,2.5,-0.6986277113397763,false,true
2,118,-2.05,2.5,-0.6986385784580185,false,true
3,118,-2.0,2.5,-0.6986492754360448,false,true
4,118,-1.95,2.5,-0.698659773731845,false,true
5,118,-1.9,2.5,-0.6986700422786563,false,true
6,118,-1.8499999999999999,2.5,-0.6986800473817125,false,true
7,118,-1.7999999999999998,2.5,-0.6986897526536376,false,true
8,118,-1.75,2.5,-0.6986991190081258,false,true
9,118,-1.7,2.5,-0.6987081047384504,false,true
10,118,-1.65,2.5,-0.6987166657163315,false,true
11,118,-1.5999999999999999,2.5,-0.6987247557583,false,true
12,118,-1.5499999999999998,2.5,-0.6987323272213903,false,true
13,118,-1.5,2.5,-0.6987393319081584,false,true
14,118,-1.4499999999999997,2.5,-0.6987457223825086,false,true
15,118,-1.4,2.5,-0.6987514538214659,false,true
16,118,-1.3499999999999999,2.5,-0.6987564865502593,false,true
17,118,-1.2999999999999998,2.5,-0.6987607894206666,false,true
18,118,-1.25,2.5,-0.6987643441779958,false,true
19,118,-1.1999999999999997,2.5,-0.6987671508860732,false,true
20,118,-1.15,2.5,-0.6987692342756318,false,true
21,118,-1.0999999999999999,2.5,-0.6987706504362742,false,true
22,118,-1.0499999999999998,2.5,-0.6987714923745406,false,true
23,118,-0.9999999999999998,2.5,-0.6987718913964457,false,true
24,118,-0.9499999999999997,2.5,-0.6987720086552109,false,true
25,118,-0.8999999999999999,2.5,-0.6987720086552109,false,true
26,118,-0.8499999999999999,2.5,-0.6995071804511378,false,true
27,118,-0.7999999999999998,2.5,-0.6999382331348862,false,true
28,118,-0.7499999999999998,2.5,-0.6999382331348863,false,true
29,118,-0.6999999999999997,2.5,-0.6999382331348862,false,true
30,118,-0.6499999999999999,2.5,-0.6999354819269153,false,true
31,118,-0.5999999999999999,2.5,-0.6959638635331191,false,true
32,118,-0.5499999999999998,2.5,-0.6936956384768531,false,true
33,118,-0.4999999999999998,2.5,-0.692455662470777,false,true
34,118,-0.44999999999999973,2.5,-0.6930461564058743,false,true
35,118,-0.3999999999999999,2.5,-0.6778498842693772,true,false
36,118,-0.34999999999999987,2.5,-0.6669604136921372,true,false
37,118,-0.2999999999999998,2.5,-0.7216969087101426,true,false
38,118,-0.24999999999999978,2.5,-0.73117330217137,true,false
39,118,-0.19999999999999973,2.5,-0.7411832168079819,true,false
40,118,-0.1499999999999999,2.5,-0.7433134272076096,true,false
41,118,-0.09999999999999964,2.5,-0.7442631080128159,true,false
42,118,-0.04999999999999982,2.5,-0.7451071395851578,true,false
43,118,0.0,2.5,-0.7458443000294175,true,false
44,118,0.050000000000000266,2.5,-0.7460385515667405,true,false
45,118,0.10000000000000009,2.5,-0.7465944840885606,true,false
46,118,0.15000000000000036,2.5,-0.7478292837120499,true,false
47,118,0.20000000000000018,2.5,-0.7497224166370835,true,false
48,118,0.25000000000000044,2.5,-0.7502412154652085,true,false
49,118,0.30000000000000027,2.5,-0.7503757431484666,true,false
50,118,0.3500000000000001,2.5,-0.7503706469513383,true,false
51,118,0.40000000000000036,2.5,-0.7495785906292405,true,false
52,118,0.4500000000000002,2.5,-0.74406033301129,true,false
53,118,0.5000000000000004,2.5,-0.7344539716221299,true,false
54,118,0.5500000000000003,2.5,-0.7355783671772392,false,true
55,118,0.6000000000000001,2.5,-0.7359623970087795,false,true
56,118,0.6500000000000004,2.5,-0.7357167565281718,false,true
0,119,-2.15,2.55,-0.6985112620722603,false,true
1,119,-2.1,2.55,-0.6985260768125595,false,true
2,119,-2.05,2.55,-0.6985409069296619,false,true
3,119,-2.0,2.55,-0.6985557287717287,false,true
4,119,-1.95,2.55,-0.6985705152745185,false,true
5,119,-1.9,2.55,-0.698585235537403,false,true
6,119,-1.8499999999999999,2.55,-0.6985998543570157,false,true
7,119,-1.7999999999999998,2.55,-0.698614331719537,false,true
8,119,-1.75,2.55,-0.6986286222558347,false,true
9,119,-1.7,2.55,-0.6986426746687252,false,true
10,119,-1.65,2.55,-0.6986564311493917,false,true
11,119,-1.5999999999999999,2.55,-0.6986698268117545,false,true
12,119,-1.5499999999999998,2.55,-0.6986827891912423,false,true
13,119,-1.5,2.55,-0.6986952378806338,false,true
14,119,-1.4499999999999997,2.55,-0.6987070844143185,false,true
15,119,-1.4,2.55,-0.698718232568833,false,true
16,119,-1.3499999999999999,2.55,-0.6987285793291975,false,true
17,119,-1.2999999999999998,2.55,-0.6987380168865669,false,true
18,119,-1.25,2.55,-0.6987464361931538,false,true
19,119,-1.1999999999999997,2.55,-0.6987537328112566,false,true
20,119,-1.15,2.55,-0.6987598160464553,false,true
21,119,-1.0999999999999999,2.55,-0.698764622583447,false,true
22,119,-1.0499999999999998,2.55,-0.6987681358811194,false,true
23,119,-0.9999999999999998,2.55,-0.6987704117916802,false,true
24,119,-0.9499999999999997,2.55,-0.6987716083087443,false,true
25,119,-0.8999999999999999,2.55,-0.6987720086552109,false,true
26,119,-0.8499999999999999,2.55,-0.6987720086552109,false,true
27,119,-0.7999999999999998,2.55,-0.6995062171404091,false,true
28,119,-0.7499999999999998,2.55,-0.6999382331348862,false,true
29,119,-0.6999999999999997,2.55,-0.6999382331348863,false,true
30,119,-0.6499999999999999,2.55,-0.6999382331348862,false,true
31,119,-0.5999999999999999,2.55,-0.69993159113129,false,true
32,119,-0.5499999999999998,2.55,-0.700814812156763,false,true
33,119,-0.4999999999999998,2.55,-0.7050004815526898,false,true
34,119,-0.44999999999999973,2.55,-0.7062263561406628,false,true
35,119,-0.3999999999999999,2.55,-0.7145369305588212,true,false
36,119,-0.34999999999999987,2.55,-0.662849898574492,true,false
37,119,-0.2999999999999998,2.55,-0.7267562701679673,true,false
38,119,-0.24999999999999978,2.55,-0.7303394927956071,true,false
39,119,-0.19999999999999973,2.55,-0.7370049908138718,true,false
40,119,-0.1499999999999999,2.55,-0.739852364299437,true,false
41,119,-0.09999999999999964,2.55,-0.7426055028416123,true,false
42,119,-0.04999999999999982,2.55,-0.7440671875454392,true,false
43,119,0.0,2.55,-0.7454932286716904,true,false
44,119,0.050000000000000266,2.55,-0.746462221381804,true,false
45,119,0.10000000000000009,2.55,-0.7468062593914475,true,false
46,119,0.15000000000000036,2.55,-0.7479756429172959,true,false
47,119,0.20000000000000018,2.55,-0.7495679213978257,true,false
48,119,0.25000000000000044,2.55,-0.7497320129848923,true,false
49,119,0.30000000000000027,2.55,-0.7496492817379441,true,false
50,119,0.3500000000000001,2.55,-0.749653036830565,true,false
51,119,0.40000000000000036,2.55,-0.7479240252949204,true,false
52,119,0.4500000000000002,2.55,-0.7407414271809067,true,false
53,119,0.5000000000000004,2.55,-0.7338230564571824,true,false
54,119,0.5500000000000003,2.55,-0.7333629038632428,false,true
55,119,0.6000000000000001,2.55,-0.7340206087556728,false,true
56,119,0.6500000000000004,2.55,-0.7344252123810256,false,true
0,120,-2.15,2.5999999999999996,-0.698355366138934,false,true
1,120,-2.1,2.5999999999999996,-0.6983738615980902,false,true
2,120,-2.05,2.5999999999999996,-0.6983926022143627,false,true
3,120,-2.0,2.5999999999999996,-0.6984115771732088,false,true
4,120,-1.95,2.5999999999999996,-0.6984307725388271,false,true
5,120,-1.9,2.5999999999999996,-0.6984501706749681,false,true
6,120,-1.8499999999999999,2.5999999999999996,-0.6984697495601313,false,true
7,120,-1.7999999999999998,2.5999999999999996,-0.6984894819779683,false,true
8,120,-1.75,2.5999999999999996,-0.6985093345607025,false,true
9,120,-1.7,2.5999999999999996,-0.6985292666603251,false,true
10,120,-1.65,2.5999999999999996,-0.6985492290195897,false,true
11,120,-1.5999999999999999,2.5999999999999996,-0.6985691622130927,false,true
12,120,-1.5499999999999998,2.5999999999999996,-0.6985889948292464,false,true
13,120,-1.5,2.5999999999999996,-0.6986086413689546,false,true
14,120,-1.4499999999999997,2.5999999999999996,-0.698627999850155,false,true
15,120,-1.4,2.5999999999999996,-0.6986469491358615,false,true
16,120,-1.3499999999999999,2.5999999999999996,-0.6986653460585724,false,true
17,120,-1.2999999999999998,2.5999999999999996,-0.6986830225161013,false,true
18,120,-1.25,2.5999999999999996,-0.6986997828975767,false,true
19,120,-1.1999999999999997,2.5999999999999996,-0.6987154025239538,false,true
20,120,-1.15,2.5999999999999996,-0.6987296283531605,false,true
21,120,-1.0999999999999999,2.5999999999999996,-0.6987421841868345,false,true
22,120,-1.0499999999999998,2.5999999999999996,-0.6987527842391363,false,true
23,120,-0.9999999999999998,2.5999999999999996,-0.6987611617422111,false,true
24,120,-0.9499999999999997,2.5999999999999996,-0.69876712279749,false,true
25,120,-0.8999999999999999,2.5999999999999996,-0.698770641786875,false,true
26,120,-0.8499999999999999,2.5999999999999996,-0.6987720086552109,false,true
27,120,-0.7999999999999998,2.5999999999999996,-0.6987720086552109,false,true
28,120,-0.7499999999999998,2.5999999999999996,-0.6995015658647569,false,true
29,120,-0.6999999999999997,2.5999999999999996,-0.6999382331348862,false,true
30,120,-0.6499999999999999,2.5999999999999996,-0.6999382331348863,false,true
31,120,-0.5999999999999999,2.5999999999999996,-0.6999382331348862,false,true
32,120,-0.5499999999999998,2.5999999999999996,-0.6999221979197231,false,true
33,120,-0.4999999999999998,2.5999999999999996,-0.7053934575972847,false,true
34,120,-0.44999999999999973,2.5999999999999996,-0.7152211582314254,false,true
35,120,-0.3999999999999999,2.5999999999999996,-0.7228499009586777,true,false
36,120,-0.34999999999999987,2.5999999999999996,-0.7240518286205735,true,false
37,120,-0.2999999999999998,2.5999999999999996,-0.7228499009586777,true,false
38,120,-0.24999999999999978,2.5999999999999996,-0.7296360089756455,true,false
39,120,-0.19999999999999973,2.5999999999999996,-0.733125354287764,true,false
40,120,-0.1499999999999999,2.5999999999999996,-0.7370967819668259,true,false
41,120,-0.09999999999999964,2.5999999999999996,-0.7401003196217026,true,false
42,120,-0.04999999999999982,2.5999999999999996,-0.7427777006603684,true,false
43,120,0.0,2.5999999999999996,-0.7449819698311295,true,false
44,120,0.050000000000000266,2.5999999999999996,-0.7456437900043931,true,false
45,120,0.10000000000000009,2.5999999999999996,-0.7463595821835007,true,false
46,120,0.15000000000000036,2.5999999999999996,-0.7479470326878037,true,false
47,120,0.20000000000000018,2.5999999999999996,-0.7491730704285111,true,false
48,120,0.25000000000000044,2.5999999999999996,-0.7490559174992051,true,false
49,120,0.30000000000000027,2.5999999999999996,-0.7485504701115098,true,false
50,120,0.3500000000000001,2.5999999999999996,-0.748163755176207,true,false
51,120,0.40000000000000036,2.5999999999999996,-0.7448198749996628,true,false
52,120,0.4500000000000002,2.5999999999999996,-0.7375275447346177,true,false
53,120,0.5000000000000004,2.5999999999999996,-0.7316210820652451,true,false
54,120,0.5500000000000003,2.5999999999999996,-0.7328207895786608,false,true
55,120,0.6000000000000001,2.5999999999999996,-0.7344252123810256,false,true
56,120,0.6500000000000004,2.5999999999999996,-0.7340630445701877,false,true
0,121,-2.15,2.6500000000000004,-0.6981371877163071,false,true
1,121,-2.1,2.6500000000000004,-0.6981584989361277,false,true
2,121,-2.05,2.6500000000000004,-0.6981803130328187,false,true
3,121,-2.0,2.6500000000000004,-0.6982026410128513,false,true
4,121,-1.95,2.6500000000000004,-0.6982254927255067,false,true
5,121,-1.9,2.6500000000000004,-0.6982488764330359,false,true
6,121,-1.8499999999999999,2.6500000000000004,-0.6982727982679865,false,true
7,121,-1.7999999999999998,2.6500000000000004,-0.6982972615478017,false,true
8,121,-1.75,2.6500000000000004,-0.698322265908351,false,true
9,121,-1.7,2.6500000000000004,-0.6983478062070672,false,true
10,121,-1.65,2.6500000000000004,-0.6983738711320496,false,true
11,121,-1.5999999999999999,2.6500000000000004,-0.6984004414348318,false,true
12,121,-1.5499999999999998,2.6500000000000004,-0.6984274876802012,false,true
13,121,-1.5,2.6500000000000004,-0.6984549673749498,false,true
14,121,-1.4499999999999997,2.6500000000000004,-0.6984828212969302,false,true
15,121,-1.4,2.6500000000000004,-0.6985109687946336,false,true
16,121,-1.3499999999999999,2.6500000000000004,-0.6985393017649218,false,true
17,121,-1.2999999999999998,2.6500000000000004,-0.6985676769446064,false,true
18,121,-1.25,2.6500000000000004,-0.6985959060802556,false,true
19,121,-1.1999999999999997,2.6500000000000004,-0.698623743496435,false,true
20,121,-1.15,2.6500000000000004,-0.6986508706408519,false,true
21,121,-1.0999999999999999,2.6500000000000004,-0.6986768774926054,false,true
22,121,-1.0499999999999998,2.6500000000000004,-0.6987012417548224,false,true
23,121,-0.9999999999999998,2.6500000000000004,-0.6987233091081254,false,true
24,121,-0.9499999999999997,2.6500000000000004,-0.6987422849704568,false,true
25,121,-0.8999999999999999,2.6500000000000004,-0.6987572603372549,false,true
26,121,-0.8499999999999999,2.6500000000000004,-0.6987673418748005,false,true
27,121,-0.7999999999999998,2.6500000000000004,-0.6987720086552109,false,true
28,121,-0.7499999999999998,2.6500000000000004,-0.6987720086552109,false,true
29,121,-0.6999999999999997,2.6500000000000004,-0.6994791075192331,false,true
30,121,-0.6499999999999999,2.6500000000000004,-0.6999382331348862,false,true
31,121,-0.5999999999999999,2.6500000000000004,-0.6999382331348863,false,true
32,121,-0.5499999999999998,2.6500000000000004,-0.6999382331348862,false,true
33,121,-0.4999999999999998,2.6500000000000004,-0.699899520700964,false,true
34,121,-0.44999999999999973,2.6500000000000004,-0.703886916062159,false,true
35,121,-0.3999999999999999,2.6500000000000004,-0.7051167144752946,true,false
36,121,-0.34999999999999987,2.6500000000000004,-0.7228499009586777,true,false
37,121,-0.2999999999999998,2.6500000000000004,-0.7244180991627183,true,false
38,121,-0.24999999999999978,2.6500000000000004,-0.7271499588467087,true,false
39,121,-0.19999999999999973,2.6500000000000004,-0.7308932497478928,true,false
40,121,-0.1499999999999999,2.6500000000000004,-0.734768147704741,true,false
41,121,-0.09999999999999964,2.6500000000000004,-0.7387030675388779,true,false
42,121,-0.04999999999999982,2.6500000000000004,-0.741580720183989,true,false
43,121,0.0,2.6500000000000004,-0.7432223513103928,true,false
44,121,0.050000000000000266,2.6500000000000004,-0.7440398290134873,true,false
45,121,0.10000000000000009,2.6500000000000004,-0.7456439092136826,true,false
46,121,0.15000000000000036,2.6500000000000004,-0.7465927555538621,true,false
47,121,0.20000000000000018,2.6500000000000004,-0.7474682583786454,true,false
48,121,0.25000000000000044,2.6500000000000004,-0.7469414129234757,true,false
49,121,0.30000000000000027,2.6500000000000004,-0.746858413455626,true,false
50,121,0.3500000000000001,2.6500000000000004,-0.7455221369244065,true,false
51,121,0.40000000000000036,2.6500000000000004,-0.7433379247166123,true,false
52,121,0.4500000000000002,2.6500000000000004,-0.7355679228283372,true,false
53,121,0.5000000000000004,2.6500000000000004,-0.7312461688496079,true,false
54,121,0.5500000000000003,2.6500000000000004,-0.7344252123810258,true,false
55,121,0.6000000000000001,2.6500000000000004,-0.7335508619402457,false,true
56,121,0.6500000000000004,2.6500000000000004,-0.7335313173149799,false,true
0,122,-2.15,2.7,-0.6978479247998293,false,true
1,122,-2.1,2.7,-0.6978703752184229,false,true
2,122,-2.05,2.7,-0.6978935458665014,false,true
3,122,-2.0,2.7,-0.6979174723602464,false,true
4,122,-1.95,2.7,-0.6979421922849146,false,true
5,122,-1.9,2.7,-0.697967745219719,false,true
6,122,-1.8499999999999999,2.7,-0.6979941727225167,false,true
7,122,-1.7999999999999998,2.7,-0.6980215182559099,false,true
8,122,-1.75,2.7,-0.6980498270290935,false,true
9,122,-1.7,2.7,-0.6980791457195458,false,true
10,122,-1.65,2.7,-0.6981095220241321,false,true
11,122,-1.5999999999999999,2.7,-0.6981410039684555,false,true
12,122,-1.5499999999999998,2.7,-0.6981736388734042,false,true
13,122,-1.5,2.7,-0.6982074718344446,false,true
14,122,-1.4499999999999997,2.7,-0.6982425435055148,false,true
15,122,-1.4,2.7,-0.698278886885,false,true
16,122,-1.3499999999999999,2.7,-0.6983165226598511,false,true
17,122,-1.2999999999999998,2.7,-0.6983554524497977,false,true
18,122,-1.25,2.7,-0.6983956489651467,false,true
19,122,-1.1999999999999997,2.7,-0.698437041585055,false,true
20,122,-1.15,2.7,-0.6984794950641667,false,true
21,122,-1.0999999999999999,2.7,-0.6985227778524046,false,true
22,122,-1.0499999999999998,2.7,-0.6985665144760103,false,true
23,122,-0.9999999999999998,2.7,-0.6986101138171069,false,true
24,122,-0.9499999999999997,2.7,-0.6986526594968939,false,true
25,122,-0.8999999999999999,2.7,-0.6986927497872109,false,true
26,122,-0.8499999999999999,2.7,-0.6987282545721725,false,true
27,122,-0.7999999999999998,2.7,-0.6987560752702411,false,true
28,122,-0.7499999999999998,2.7,-0.6987720086552109,false,true
29,122,-0.6999999999999997,2.7,-0.6987720086552109,false,true
30,122,-0.6499999999999999,2.7,-0.6993706690345294,false,true
31,122,-0.5999999999999999,2.7,-0.6999382331348862,false,true
32,122,-0.5499999999999998,2.7,-0.6999382331348862,false,true
33,122,-0.4999999999999998,2.7,-0.6999382331348862,true,false
34,122,-0.44999999999999973,2.7,-0.6998447730518784,true,false
35,122,-0.3999999999999999,2.7,-0.6928498699642625,true,false
36,122,-0.34999999999999987,2.7,-0.711521054742476,true,false
37,122,-0.2999999999999998,2.7,-0.7171091093994584,true,false
38,122,-0.24999999999999978,2.7,-0.7228499009586777,true,false
39,122,-0.19999999999999973,2.7,-0.7298915936924424,true,false
40,122,-0.1499999999999999,2.7,-0.7327619149662461,true,false
41,122,-0.09999999999999964,2.7,-0.7367272331692185,true,false
42,122,-0.04999999999999982,2.7,-0.740590627429625,true,false
43,122,0.0,2.7,-0.7423285200573411,true,false
44,122,0.050000000000000266,2.7,-0.7436838104702439,true,false
45,122,0.10000000000000009,2.7,-0.7446963145710435,true,false
46,122,0.15000000000000036,2.7,-0.7457787051178422,true,false
47,122,0.20000000000000018,2.7,-0.74634983682408,true,false
48,122,0.25000000000000044,2.7,-0.7452429487682786,true,false
49,122,0.30000000000000027,2.7,-0.7443155004955735,true,false
50,122,0.3500000000000001,2.7,-0.7426498784996476,true,false
51,122,0.40000000000000036,2.7,-0.7392738714195695,true,false
52,122,0.4500000000000002,2.7,-0.7312609209991898,true,false
53,122,0.5000000000000004,2.7,-0.7288219585396256,true,false
54,122,0.5500000000000003,2.7,-0.7323143436886277,true,false
55,122,0.6000000000000001,2.7,-0.7326097819748117,false,true
56,122,0.6500000000000004,2.7,-0.7328748440298721,false,true
0,123,-2.15,2.75,-0.6974843553214727,false,true
1,123,-2.1,2.75,-0.6975056009770748,false,true
2,123,-2.05,2.75,-0.6975276691592656,false,true
3,123,-2.0,2.75,-0.6975506135481975,false,true
4,123,-1.95,2.75,-0.6975744927422594,false,true
5,123,-1.9,2.75,-0.6975993708298345,false,true
6,123,-1.8499999999999999,2.75,-0.6976253180385753,false,true
7,123,-1.7999999999999998,2.75,-0.6976524114730369,false,true
8,123,-1.75,2.75,-0.6976807359524981,false,true
9,123,-1.7,2.75,-0.6977103849614512,false,true
10,123,-1.65,2.75,-0.6977414617251209,false,true
11,123,-1.5999999999999999,2.75,-0.6977740804208004,false,true
12,123,-1.5499999999999998,2.75,-0.6978083675315243,false,true
13,123,-1.5,2.75,-0.6978444633395001,false,true
14,123,-1.4499999999999997,2.75,-0.6978825235390769,false,true
15,123,-1.4,2.75,-0.6979227209162258,false,true
16,123,-1.3499999999999999,2.75,-0.6979652469818532,false,true
17,123,-1.2999999999999998,2.75,-0.6980103133381732,false,true
18,123,-1.25,2.75,-0.698058152362173,false,true
19,123,-1.1999999999999997,2.75,-0.6981090164294019,false,true
20,123,-1.15,2.75,-0.6981631742433282,false,true
21,123,-1.0999999999999999,2.75,-0.6982209015295848,false,true
22,123,-1.0499999999999998,2.75,-0.6982824610237112,false,true
23,123,-0.9999999999999998,2.75,-0.6983480610644058,false,true
24,123,-0.9499999999999997,2.75,-0.6984177739863819,false,true
25,123,-0.8999999999999999,2.75,-0.6984913624242475,false,true
26,123,-0.8499999999999999,2.75,-0.6985679463511992,false,true
27,123,-0.7999999999999998,2.75,-0.6986451560806106,false,true
28,123,-0.7499999999999998,2.75,-0.6987176086761523,false,true
29,123,-0.6999999999999997,2.75,-0.6987720086552109,false,true
30,123,-0.6499999999999999,2.75,-0.6987720086552109,false,true
31,123,-0.5999999999999999,2.75,-0.6988470817136196,false,true
32,123,-0.5499999999999998,2.75,-0.6999382331348862,false,true
33,123,-0.4999999999999998,2.75,-0.6529676241137942,false,true
34,123,-0.44999999999999973,2.75,-0.5728498651958909,true,false
35,123,-0.3999999999999999,2.75,-0.6328498675800767,true,false
36,123,-0.34999999999999987,2.75,-0.6928498699642625,true,false
37,123,-0.2999999999999998,2.75,-0.7158415868259873,true,false
38,123,-0.24999999999999978,2.75,-0.7228499009586777,true,false
39,123,-0.19999999999999973,2.75,-0.7291124417759385,true,false
40,123,-0.1499999999999999,2.75,-0.7327343180157151,true,false
41,123,-0.09999999999999964,2.75,-0.7368526115395035,true,false
42,123,-0.04999999999999982,2.75,-0.7402397348858323,true,false
43,123,0.0,2.75,-0.741936857936522,true,false
44,123,0.050000000000000266,2.75,-0.7428790881611314,true,false
45,123,0.10000000000000009,2.75,-0.7438098146892991,true,false
46,123,0.15000000000000036,2.75,-0.7440397694088425,true,false
47,123,0.20000000000000018,2.75,-0.7441980197407212,true,false
48,123,0.25000000000000044,2.75,-0.7440863504387345,true,false
49,123,0.30000000000000027,2.75,-0.7429806246735062,true,false
50,123,0.3500000000000001,2.75,-0.7400708749271836,true,false
51,123,0.40000000000000036,2.75,-0.7379493370033707,true,false
52,123,0.4500000000000002,2.75,-0.7320893361546006,true,false
53,123,0.5000000000000004,2.75,-0.7228499009586777,true,false
54,123,0.5500000000000003,2.75,-0.7312121643997636,true,false
55,123,0.6000000000000001,2.75,-0.7325736804726354,false,true
56,123,0.6500000000000004,2.75,-0.7318983483944369,false,true
0,124,-2.15,2.8,-0.6970508887148422,false,true
1,124,-2.1,2.8,-0.6970682895302286,false,true
2,124,-2.05,2.8,-0.6970864469650974,false,true
3,124,-2.0,2.8,-0.697105417692277,false,true
4,124,-1.95,2.8,-0.6971252645313791,false,true
5,124,-1.9,2.8,-0.6971460573359451,false,true
6,124,-1.8499999999999999,2.8,-0.6971678740426449,false,true
7,124,-1.7999999999999998,2.8,-0.6971908019187738,false,true
8,124,-1.75,2.8,-0.697214939053979,false,true
9,124,-1.7,2.8,-0.6972403961548784,false,true
10,124,-1.65,2.8,-0.6972672987181143,false,true
11,124,-1.5999999999999999,2.8,-0.6972957896799691,false,true
12,124,-1.5499999999999998,2.8,-0.697326032671196,false,true
13,124,-1.5,2.8,-0.6973582160474197,false,true
14,124,-1.4499999999999997,2.8,-0.6973925579230575,false,true
15,124,-1.4,2.8,-0.697429312517218,false,true
16,124,-1.3499999999999999,2.8,-0.6974687782338352,false,true
17,124,-1.2999999999999998,2.8,-0.6975113080615941,false,true
18,124,-1.25,2.8,-0.6975573231146484,false,true
19,124,-1.1999999999999997,2.8,-0.697607330485578,false,true
20,124,-1.15,2.8,-0.6976619470796739,false,true
21,124,-1.0999999999999999,2.8,-0.6977219319231086,false,true
22,124,-1.0499999999999998,2.8,-0.6977882303116731,false,true
23,124,-0.9999999999999998,2.8,-0.6978620357630728,false,true
24,124,-0.9499999999999997,2.8,-0.6979448736721868,false,true
25,124,-0.8999999999999999,2.8,-0.69803872841869,false,true
26,124,-0.8499999999999999,2.8,-0.6981461642481673,false,true
27,124,-0.7999999999999998,2.8,-0.6982706263856769,false,true
28,124,-0.7499999999999998,2.8,-0.6984158400627659,false,true
29,124,-0.6999999999999997,2.8,-0.698586275508916,false,true
30,124,-0.6499999999999999,2.8,-0.6987720086552109,false,true
31,124,-0.5999999999999999,2.8,-0.6987720086552109,false,true
32,124,-0.5499999999999998,2.8,-0.6963189784911656,false,true
33,124,-0.4999999999999998,2.8,-0.6602103441616782,false,true
34,124,-0.44999999999999973,2.8,-0.6186166082955273,false,true
35,124,-0.3999999999999999,2.8,-0.5578498795010056,true,false
36,124,-0.34999999999999987,2.8,-0.6328498675800767,true,false
37,124,-0.2999999999999998,2.8,-0.7227086379505601,true,false
38,124,-0.24999999999999978,2.8,-0.7260120167709794,true,false
39,124,-0.19999999999999973,2.8,-0.7288916661716904,true,false
40,124,-0.1499999999999999,2.8,-0.732077147004744,true,false
41,124,-0.09999999999999964,2.8,-0.7371844603992905,true,false
42,124,-0.04999999999999982,2.8,-0.7402316286541428,true,false
43,124,0.0,2.8,-0.7419133141018357,true,false
44,124,0.050000000000000266,2.8,-0.7423804953075852,true,false
45,124,0.10000000000000009,2.8,-0.7425120725609269,true,false
46,124,0.15000000000000036,2.8,-0.7422971084095444,true,false
47,124,0.20000000000000018,2.8,-0.7428215696789231,true,false
48,124,0.25000000000000044,2.8,-0.7425832703091111,true,false
49,124,0.30000000000000027,2.8,-0.7413077607132401,true,false
50,124,0.3500000000000001,2.8,-0.7387133195377793,true,false
51,124,0.40000000000000036,2.8,-0.7378553106762376,true,false
52,124,0.4500000000000002,2.8,-0.7297833814598527,true,false
53,124,0.5000000000000004,2.8,-0.7228499009586777,true,false
54,124,0.5500000000000003,2.8,-0.7347584917522874,true,false
55,124,0.6000000000000001,2.8,-0.7302318510299679,false,true
56,124,0.6500000000000004,2.8,-0.7287062013367515,false,true
0,125,-2.15,2.8499999999999996,-0.6965604201881509,false,true
1,125,-2.1,2.8499999999999996,-0.6965715679834942,false,true
2,125,-2.05,2.8499999999999996,-0.6965832314105426,false,true
3,125,-2.0,2.8499999999999996,-0.696595451722332,false,true
4,125,-1.95,2.8499999999999996,-0.6966082749732657,false,true
5,125,-1.9,2.8499999999999996,-0.6966217527667068,false,true
6,125,-1.8499999999999999,2.8499999999999996,-0.696635943150814,false,true
7,125,-1.7999999999999998,2.8499999999999996,-0.696650911698875,false,true
8,125,-1.75,2.8499999999999996,-0.6966667328210854,false,true
9,125,-1.7,2.8499999999999996,-0.6966834913691563,false,true
10,125,-1.65,2.8499999999999996,-0.6967012846148453,false,true
11,125,-1.5999999999999999,2.8499999999999996,-0.6967202247107682,false,true
12,125,-1.5499999999999998,2.8499999999999996,-0.6967404417800541,false,true
13,125,-1.5,2.8499999999999996,-0.6967620878357532,false,true
14,125,-1.4499999999999997,2.8499999999999996,-0.696785341809478,false,true
15,125,-1.4,2.8499999999999996,-0.696810416084348,false,true
16,125,-1.3499999999999999,2.8499999999999996,-0.6968375651008933,false,true
17,125,-1.2999999999999998,2.8499999999999996,-0.6968670968702748,false,true
18,125,-1.25,2.8499999999999996,-0.6968993886489128,false,true
19,125,-1.1999999999999997,2.8499999999999996,-0.6969349086977072,false,true
20,125,-1.15,2.8499999999999996,-0.6969742471997266,false,true
21,125,-1.0999999999999999,2.8499999999999996,-0.6970181612506404,false,true
22,125,-1.0499999999999998,2.8499999999999996,-0.6970676427422344,false,true
23,125,-0.9999999999999998,2.8499999999999996,-0.6971240228885944,false,true
24,125,-0.9499999999999997,2.8499999999999996,-0.697189147045216,false,true
25,125,-0.8999999999999999,2.8499999999999996,-0.6972656542647285,false,true
26,125,-0.8499999999999999,2.8499999999999996,-0.6973575732790491,false,true
27,125,-0.7999999999999998,2.8499999999999996,-0.6974711563728561,false,true
28,125,-0.7499999999999998,2.8499999999999996,-0.6976182809436206,false,true
29,125,-0.6999999999999997,2.8499999999999996,-0.6978186393508663,false,true
30,125,-0.6499999999999999,2.8499999999999996,-0.6981378760281485,false,true
31,125,-0.5999999999999999,2.8499999999999996,-0.6987720086552109,false,true
32,125,-0.5499999999999998,2.8499999999999996,-0.6987720086552109,true,false
33,125,-0.4999999999999998,2.8499999999999996,-0.6928498699642625,true,false
34,125,-0.44999999999999973,2.8499999999999996,-0.662849898574492,true,false
35,125,-0.3999999999999999,2.8499999999999996,-0.6182558491207566,true,false
36,125,-0.34999999999999987,2.8499999999999996,-0.5536904289699998,true,false
37,125,-0.2999999999999998,2.8499999999999996,-0.5128498628117051,true,false
38,125,-0.24999999999999978,2.8499999999999996,-0.7232733919598069,true,false
39,125,-0.19999999999999973,2.8499999999999996,-0.7281013085819688,true,false
40,125,-0.1499999999999999,2.8499999999999996,-0.7319980516411271,true,false
41,125,-0.09999999999999964,2.8499999999999996,-0.7362531974293198,true,false
42,125,-0.04999999999999982,2.8499999999999996,-0.7395513608433213,true,false
43,125,0.0,2.8499999999999996,-0.7408811702705826,true,false
44,125,0.050000000000000266,2.8499999999999996,-0.7411495401836838,true,false
45,125,0.10000000000000009,2.8499999999999996,-0.7406741633392777,true,false
46,125,0.15000000000000036,2.8499999999999996,-0.740980203387877,true,false
47,125,0.20000000000000018,2.8499999999999996,-0.7418194665886368,true,false
48,125,0.25000000000000044,2.8499999999999996,-0.7417869522549119,true,false
49,125,0.30000000000000027,2.8499999999999996,-0.739763732192656,true,false
50,125,0.3500000000000001,2.8499999999999996,-0.7378608241058793,true,false
51,125,0.40000000000000036,2.8499999999999996,-0.7356944634891953,true,false
52,125,0.4500000000000002,2.8499999999999996,-0.7243326261021104,true,false
53,125,0.5000000000000004,2.8499999999999996,-0.7211692883945908,true,false
54,125,0.5500000000000003,2.8499999999999996,-0.7228499009586777,true,false
55,125,0.6000000000000001,2.8499999999999996,-0.7226811277132906,false,true
56,125,0.6500000000000004,2.8499999999999996,-0.7217316399296497,false,true
0,126,-2.15,2.9000000000000004,-0.6960335245876447,false,true
1,126,-2.1,2.9000000000000004,-0.6960367854827084,false,true
2,126,-2.05,2.9000000000000004,-0.6960401944251753,false,true
3,126,-2.0,2.9000000000000004,-0.6960437629981395,false,true
4,126,-1.95,2.9000000000000004,-0.6960475040979007,false,true
5,126,-1.9,2.9000000000000004,-0.6960514321323108,false,true
6,126,-1.8499999999999999,2.9000000000000004,-0.696055563257109,false,true
7,126,-1.7999999999999998,2.9000000000000004,-0.6960599156591775,false,true
8,126,-1.75,2.9000000000000004,-0.696064509898169,false,true
9,126,-1.7,2.9000000000000004,-0.6960693693213248,false,true
10,126,-1.65,2.9000000000000004,-0.6960745205708261,false,true
11,126,-1.5999999999999999,2.9000000000000004,-0.6960799942091944,false,true
12,126,-1.5499999999999998,2.9000000000000004,-0.6960858254967648,false,true
13,126,-1.5,2.9000000000000004,-0.6960920553671474,false,true
14,126,-1.4499999999999997,2.9000000000000004,-0.6960987316634283,false,true
15,126,-1.4,2.9000000000000004,-0.6961059107221504,false,true
16,126,-1.3499999999999999,2.9000000000000004,-0.6961136594274575,false,true
17,126,-1.2999999999999998,2.9000000000000004,-0.6961220579114126,false,true
18,126,-1.25,2.9000000000000004,-0.6961312031545984,false,true
19,126,-1.1999999999999997,2.9000000000000004,-0.6961412138775062,false,true
20,126,-1.15,2.9000000000000004,-0.6961522372726616,false,true
21,126,-1.0999999999999999,2.9000000000000004,-0.6961644586299636,false,true
22,126,-1.0499999999999998,2.9000000000000004,-0.696178114793109,false,true
23,126,-0.9999999999999998,2.9000000000000004,-0.6961935161537653,false,true
24,126,-0.9499999999999997,2.9000000000000004,-0.6962110726394698,false,true
25,126,-0.8999999999999999,2.9000000000000004,-0.6962313681242874,false,true
26,126,-0.8499999999999999,2.9000000000000004,-0.6962551511645977,false,true
27,126,-0.7999999999999998,2.9000000000000004,-0.6962838894207034,false,true
28,126,-0.7499999999999998,2.9000000000000004,-0.696318407119613,false,true
29,126,-0.6999999999999997,2.9000000000000004,-0.6963669368014627,false,true
30,126,-0.6499999999999999,2.9000000000000004,-0.6964138012079023,false,true
31,126,-0.5999999999999999,2.9000000000000004,-0.6966069444395508,false,true
32,126,-0.5499999999999998,2.9000000000000004,-0.6963649830693751,false,true
33,126,-0.4999999999999998,2.9000000000000004,-0.7008521809555497,true,false
34,126,-0.44999999999999973,2.9000000000000004,-0.6928498699642625,true,false
35,126,-0.3999999999999999,2.9000000000000004,-0.6928498699642625,true,false
36,126,-0.34999999999999987,2.9000000000000004,-0.6928498699642625,true,false
37,126,-0.2999999999999998,2.9000000000000004,-0.7153246357418503,true,false
38,126,-0.24999999999999978,2.9000000000000004,-0.7228499009586777,true,false
39,126,-0.19999999999999973,2.9000000000000004,-0.7272355511166062,true,false
40,126,-0.1499999999999999,2.9000000000000004,-0.7334800615288224,true,false
41,126,-0.09999999999999964,2.9000000000000004,-0.7376809968925919,true,false
42,126,-0.04999999999999982,2.9000000000000004,-0.7393072500206437,true,false
43,126,0.0,2.9000000000000004,-0.7405294730640855,true,false
44,126,0.050000000000000266,2.9000000000000004,-0.7400083496548142,true,false
45,126,0.10000000000000009,2.9000000000000004,-0.7393532648064103,true,false
46,126,0.15000000000000036,2.9000000000000004,-0.739839370486876,true,false
47,126,0.20000000000000018,2.9000000000000004,-0.739820535419127,true,false
48,126,0.25000000000000044,2.9000000000000004,-0.740016634700438,true,false
49,126,0.30000000000000027,2.9000000000000004,-0.7396605863548722,true,false
50,126,0.3500000000000001,2.9000000000000004,-0.7364640190578904,true,false
51,126,0.40000000000000036,2.9000000000000004,-0.7328666999317612,true,false
52,126,0.4500000000000002,2.9000000000000004,-0.7228499009586777,true,false
53,126,0.5000000000000004,2.9000000000000004,-0.718406732318541,true,false
54,126,0.5500000000000003,2.9000000000000004,-0.710365082261702,true,false
55,126,0.6000000000000001,2.9000000000000004,-0.711888650328399,false,true
56,126,0.6500000000000004,2.9000000000000004,-0.713353880282905,false,true
0,127,-2.15,2.95,-0.6954959654253616,false,true
1,127,-2.1,2.95,-0.6954908695897705,false,true
2,127,-2.05,2.95,-0.6954855185822043,false,true
3,127,-2.0,2.95,-0.6954798904037343,false,true
4,127,-1.95,2.95,-0.695473960308993,false,true
5,127,-1.9,2.95,-0.6954677003495585,false,true
6,127,-1.8499999999999999,2.95,-0.69546107882109,false,true
7,127,-1.7999999999999998,2.95,-0.6954540595893093,false,true
8,127,-1.75,2.95,-0.6954466012621793,false,true
9,127,-1.7,2.95,-0.6954386561650494,false,true
10,127,-1.65,2.95,-0.6954301690608963,false,true
11,127,-1.5999999999999999,2.95,-0.6954210755372681,false,true
12,127,-1.5499999999999998,2.95,-0.6954112999523665,false,true
13,127,-1.5,2.95,-0.6954007527905892,false,true
14,127,-1.4499999999999997,2.95,-0.6953893272160696,false,true
15,127,-1.4,2.95,-0.6953768945202987,false,true
16,127,-1.3499999999999999,2.95,-0.695363298019271,false,true
17,127,-1.2999999999999998,2.95,-0.6953483447347276,false,true
18,127,-1.25,2.95,-0.6953317938469676,false,true
19,127,-1.1999999999999997,2.95,-0.6953133403113845,false,true
20,127,-1.15,2.95,-0.6952925911203534,false,true
21,127,-1.0999999999999999,2.95,-0.6952690296854355,false,true
22,127,-1.0499999999999998,2.95,-0.6952419617865623,false,true
23,127,-0.9999999999999998,2.95,-0.6952104258845043,false,true
24,127,-0.9499999999999997,2.95,-0.6951730566421239,false,true
25,127,-0.8999999999999999,2.95,-0.695127788864327,false,true
26,127,-0.8499999999999999,2.95,-0.6950715286713646,false,true
27,127,-0.7999999999999998,2.95,-0.6949985039247959,false,true
28,127,-0.7499999999999998,2.95,-0.6949006824998464,false,true
29,127,-0.6999999999999997,2.95,-0.6947495435541102,false,true
30,127,-0.6499999999999999,2.95,-0.6945297212955973,false,true
31,127,-0.5999999999999999,2.95,-0.6937824479829157,false,true
32,127,-0.5499999999999998,2.95,-0.6944418802238908,true,false
33,127,-0.4999999999999998,2.95,-0.6928498699642625,true,false
34,127,-0.44999999999999973,2.95,-0.6973455800987687,true,false
35,127,-0.3999999999999999,2.95,-0.7011769964672532,true,false
36,127,-0.34999999999999987,2.95,-0.7075898601986375,true,false
37,127,-0.2999999999999998,2.95,-0.7134689643360581,true,false
38,127,-0.24999999999999978,2.95,-0.7207846894241776,true,false
39,127,-0.19999999999999973,2.95,-0.7273541643597092,true,false
40,127,-0.1499999999999999,2.95,-0.7320302381493058,true,false
41,127,-0.09999999999999964,2.95,-0.7351935460545029,true,false
42,127,-0.04999999999999982,2.95,-0.7389098658539262,true,false
43,127,0.0,2.95,-0.7390261545158829,true,false
44,127,0.050000000000000266,2.95,-0.7386164321876969,true,false
45,127,0.10000000000000009,2.95,-0.7387663080669846,true,false
46,127,0.15000000000000036,2.95,-0.7386382176853623,true,false
47,127,0.20000000000000018,2.95,-0.7389835073925461,true,false
48,127,0.25000000000000044,2.95,-0.7378844573475327,true,false
49,127,0.30000000000000027,2.95,-0.7371050670124497,true,false
50,127,0.3500000000000001,2.95,-0.734915430781981,true,false
51,127,0.40000000000000036,2.95,-0.7313368871189561,true,false
52,127,0.4500000000000002,2.95,-0.7228499009586777,true,false
53,127,0.5000000000000004,2.95,-0.7144638254620042,true,false
54,127,0.5500000000000003,2.95,-0.7030820503212418,true,false
55,127,0.6000000000000001,2.95,-0.706098780926177,false,true
56,127,0.6500000000000004,2.95,-0.711171113928133,false,true
0,128,-2.15,3.0,-0.6949750003504398,false,true
1,128,-2.1,3.0,-0.6949623519678193,false,true
2,128,-2.05,3.0,-0.6949491122218382,false,true
3,128,-2.0,3.0,-0.6949352336125931,false,true
4,128,-1.95,3.0,-0.6949206631299769,false,true
5,128,-1.9,3.0,-0.6949053414052074,false,true
6,128,-1.8499999999999999,3.0,-0.6948892016973719,false,true
7,128,-1.7999999999999998,3.0,-0.6948721686757842,false,true
8,128,-1.75,3.0,-0.6948541569478294,false,true
9,128,-1.7,3.0,-0.6948350692671493,false,true
10,128,-1.65,3.0,-0.6948147943370713,false,true
11,128,-1.5999999999999999,3.0,-0.6947932040970427,false,true
12,128,-1.5499999999999998,3.0,-0.6947701503425192,false,true
13,128,-1.5,3.0,-0.6947454604768155,false,true
14,128,-1.4499999999999997,3.0,-0.6947189321201936,false,true
15,128,-1.4,3.0,-0.6946903261969647,false,true
16,128,-1.3499999999999999,3.0,-0.694659357969294,false,true
17,128,-1.2999999999999998,3.0,-0.6946256852649326,false,true
18,128,-1.25,3.0,-0.6945888928047963,false,true
19,128,-1.1999999999999997,3.0,-0.6945484710567245,false,true
20,128,-1.15,3.0,-0.6945037871374719,false,true
21,128,-1.0999999999999999,3.0,-0.6944540445115526,false,true
22,128,-1.0499999999999998,3.0,-0.6943982243674535,false,true
23,128,-0.9999999999999998,3.0,-0.6943350059197512,false,true
24,128,-0.9499999999999997,3.0,-0.6942626272189291,false,true
25,128,-0.8999999999999999,3.0,-0.6941787634652593,false,true
26,128,-0.8499999999999999,3.0,-0.6940799904919657,false,true
27,128,-0.7999999999999998,3.0,-0.6939624405090121,false,true
28,128,-0.7499999999999998,3.0,-0.693816941115833,false,true
29,128,-0.6999999999999997,3.0,-0.693648170945093,false,true
30,128,-0.6499999999999999,3.0,-0.6933961615196186,false,true
31,128,-0.5999999999999999,3.0,-0.6935093022052377,false,true
32,128,-0.5499999999999998,3.0,-0.6928498699642625,true,false
33,128,-0.4999999999999998,3.0,-0.6478498830772843,true,false
34,128,-0.44999999999999973,3.0,-0.6328498675800767,true,false
35,128,-0.3999999999999999,3.0,-0.6950886800266709,true,false
36,128,-0.34999999999999987,3.0,-0.713110740420958,true,false
37,128,-0.2999999999999998,3.0,-0.7178741052128281,true,false
38,128,-0.24999999999999978,3.0,-0.7215520098186936,true,false
39,128,-0.19999999999999973,3.0,-0.7266344680763688,true,false
40,128,-0.1499999999999999,3.0,-0.731945927379271,true,false
41,128,-0.09999999999999964,3.0,-0.7355251564957108,true,false
42,128,-0.04999999999999982,3.0,-0.7374810531116929,true,false
43,128,0.0,3.0,-0.7301880671955552,true,false
44,128,0.050000000000000266,3.0,-0.7364287927128281,true,false
45,128,0.10000000000000009,3.0,-0.7365483596302476,true,false
46,128,0.15000000000000036,3.0,-0.7366657807804551,true,false
47,128,0.20000000000000018,3.0,-0.7376273825146165,true,false
48,128,0.25000000000000044,3.0,-0.7371834471203293,true,false
49,128,0.30000000000000027,3.0,-0.7361051394916978,true,false
50,128,0.3500000000000001,3.0,-0.7320443346477952,true,false
51,128,0.40000000000000036,3.0,-0.7279040172077622,true,false
52,128,0.4500000000000002,3.0,-0.7228499009586777,true,false
53,128,0.5000000000000004,3.0,-0.7154283478237595,true,false
54,128,0.5500000000000003,3.0,-0.7170715520784607,false,true
55,128,0.6000000000000001,3.0,-0.7176269396521059,false,true
56,128,0.6500000000000004,3.0,-0.7185105195892784,false,true
0,129,-2.15,3.05,-0.6944953463146583,false,true
1,129,-2.1,3.05,-0.6944770186253529,false,true
2,129,-2.05,3.05,-0.6944579091817632,false,true
3,129,-2.0,3.05,-0.6944379613573632,false,true
4,129,-1.95,3.05,-0.6944171126903194,false,true
5,129,-1.9,3.05,-0.6943952941013632,false,true
6,129,-1.8499999999999999,3.05,-0.6943724289830384,false,true
7,129,-1.7999999999999998,3.05,-0.6943484321355722,false,true
8,129,-1.75,3.05,-0.6943232085193447,false,true
9,129,-1.7,3.05,-0.6942966517875011,false,true
10,129,-1.65,3.05,-0.6942686425544947,false,true
11,129,-1.5999999999999999,3.05,-0.6942390463471375,false,true
12,129,-1.5499999999999998,3.05,-0.6942077111740296,false,true
13,129,-1.5,3.05,-0.6941744646373804,false,true
14,129,-1.4499999999999997,3.05,-0.6941391104992837,false,true
15,129,-1.4,3.05,-0.6941014246046826,false,true
16,129,-1.3499999999999999,3.05,-0.6940611500622326,false,true
17,129,-1.2999999999999998,3.05,-0.6940179915990502,false,true
18,129,-1.25,3.05,-0.6939716090790158,false,true
19,129,-1.1999999999999997,3.05,-0.6939216102825464,false,true
20,129,-1.15,3.05,-0.6938675435977226,false,true
21,129,-1.0999999999999999,3.05,-0.6938088912857111,false,true
22,129,-1.0499999999999998,3.05,-0.6937450688413817,false,true
23,129,-0.9999999999999998,3.05,-0.6936754272365353,false,true
24,129,-0.9499999999999997,3.05,-0.6935993141377081,false,true
25,129,-0.8999999999999999,3.05,-0.6935160668313624,false,true
26,129,-0.8499999999999999,3.05,-0.6934256843375819,false,true
27,129,-0.7999999999999998,3.05,-0.6933277178392853,false,true
28,129,-0.7499999999999998,3.05,-0.6932299657333288,false,true
29,129,-0.6999999999999997,3.05,-0.6931230157419405,false,true
30,129,-0.6499999999999999,3.05,-0.6931230157419405,false,true
31,129,-0.5999999999999999,3.05,-0.6928498699642625,false,true
32,129,-0.5499999999999998,3.05,-0.625685998445483,false,true
33,129,-0.4999999999999998,3.05,-0.5428498938061204,true,false
34,129,-0.44999999999999973,3.05,-0.5578498795010056,true,false
35,129,-0.3999999999999999,3.05,-0.662849898574492,true,false
36,129,-0.34999999999999987,3.05,-0.6928498699642625,true,false
37,129,-0.2999999999999998,3.05,-0.7209172203518357,true,false
38,129,-0.24999999999999978,3.05,-0.7218651726223435,true,false
39,129,-0.19999999999999973,3.05,-0.7246394112087693,true,false
40,129,-0.1499999999999999,3.05,-0.729728902814528,true,false
41,129,-0.09999999999999964,3.05,-0.7346423819042649,true,false
42,129,-0.04999999999999982,3.05,-0.7353326036907639,true,false
43,129,0.0,3.05,-0.724974240300795,true,false
44,129,0.050000000000000266,3.05,-0.7341515376545396,true,false
45,129,0.10000000000000009,3.05,-0.7345942213512864,true,false
46,129,0.15000000000000036,3.05,-0.7352349712826218,true,false
47,129,0.20000000000000018,3.05,-0.735854174134871,true,false
48,129,0.25000000000000044,3.05,-0.7356673731781449,true,false
49,129,0.30000000000000027,3.05,-0.7343993141628709,true,false
50,129,0.3500000000000001,3.05,-0.7292585029579606,true,false
51,129,0.40000000000000036,3.05,-0.7228499009586777,true,false
52,129,0.4500000000000002,3.05,-0.7190574958301987,true,false
53,129,0.5000000000000004,3.05,-0.7204322471596207,true,false
54,129,0.5500000000000003,3.05,-0.7321718289829697,true,false
55,129,0.6000000000000001,3.05,-0.7321718289829697,false,true
56,129,0.6500000000000004,3.05,-0.7222268120340385,false,true
0,130,-2.15,3.0999999999999996,-0.6940757735611707,false,true
1,130,-2.1,3.0999999999999996,-0.6940542599282801,false,true
2,130,-2.05,3.0999999999999996,-0.6940319498631614,false,true
3,130,-2.0,3.0999999999999996,-0.6940087952347395,false,true
4,130,-1.95,3.0999999999999996,-0.6939847440524405,false,true
5,130,-1.9,3.0999999999999996,-0.693959740119845,false,true
6,130,-1.8499999999999999,3.0999999999999996,-0.6939337226657951,false,true
7,130,-1.7999999999999998,3.0999999999999996,-0.6939066259574338,false,true
8,130,-1.75,3.0999999999999996,-0.6938783789034757,false,true
9,130,-1.7,3.0999999999999996,-0.6938489046618858,false,true
10,130,-1.65,3.0999999999999996,-0.6938181202751201,false,true
11,130,-1.5999999999999999,3.0999999999999996,-0.6937859363697862,false,true
12,130,-1.5499999999999998,3.0999999999999996,-0.6937522569785446,false,true
13,130,-1.5,3.0999999999999996,-0.6937169795742747,false,true
14,130,-1.4499999999999997,3.0999999999999996,-0.6936799954561496,false,true
15,130,-1.4,3.0999999999999996,-0.6936411907048579,false,true
16,130,-1.3499999999999999,3.0999999999999996,-0.6936004480442226,false,true
17,130,-1.2999999999999998,3.0999999999999996,-0.6935576501434966,false,true
18,130,-1.25,3.0999999999999996,-0.6935126851821938,false,true
19,130,-1.1999999999999997,3.0999999999999996,-0.6934654560773764,false,true
20,130,-1.15,3.0999999999999996,-0.6934158952665715,false,true
21,130,-1.0999999999999999,3.0999999999999996,-0.6933639895790037,false,true
22,130,-1.0499999999999998,3.0999999999999996,-0.6933098167703229,false,true
23,130,-0.9999999999999998,3.0999999999999996,-0.693253619865091,false,true
24,130,-0.9499999999999997,3.0999999999999996,-0.6931958674307773,false,true
25,130,-0.8999999999999999,3.0999999999999996,-0.6931375942798226,false,true
26,130,-0.8499999999999999,3.0999999999999996,-0.6930799633192645,false,true
27,130,-0.7999999999999998,3.0999999999999996,-0.6930274737167011,false,true
28,130,-0.7499999999999998,3.0999999999999996,-0.6929767369167316,false,true
29,130,-0.6999999999999997,3.0999999999999996,-0.6929630106498817,false,true
30,130,-0.6499999999999999,3.0999999999999996,-0.6928498699642625,false,true
31,130,-0.5999999999999999,3.0999999999999996,-0.6198967058954071,false,true
32,130,-0.5499999999999998,3.0999999999999996,-0.5428498938061204,false,true
33,130,-0.4999999999999998,3.0999999999999996,-0.5997302156004866,false,true
34,130,-0.44999999999999973,3.0999999999999996,-0.6328498675800767,true,false
35,130,-0.3999999999999999,3.0999999999999996,-0.658301170108458,true,false
36,130,-0.34999999999999987,3.0999999999999996,-0.676676060197493,true,false
37,130,-0.2999999999999998,3.0999999999999996,-0.7089868738628831,true,false
38,130,-0.24999999999999978,3.0999999999999996,-0.7211683943249192,true,false
39,130,-0.19999999999999973,3.0999999999999996,-0.7228499009586777,true,false
40,130,-0.1499999999999999,3.0999999999999996,-0.729214872357985,true,false
41,130,-0.09999999999999964,3.0999999999999996,-0.732970382211348,true,false
42,130,-0.04999999999999982,3.0999999999999996,-0.7340210928894486,true,false
43,130,0.0,3.0999999999999996,-0.734344597098967,true,false
44,130,0.050000000000000266,3.0999999999999996,-0.7336626603580918,true,false
45,130,0.10000000000000009,3.0999999999999996,-0.7341135098911729,true,false
46,130,0.15000000000000036,3.0999999999999996,-0.7345355703808274,true,false
47,130,0.20000000000000018,3.0999999999999996,-0.7349150731541123,true,false
48,130,0.25000000000000044,3.0999999999999996,-0.734760697124144,true,false
49,130,0.30000000000000027,3.0999999999999996,-0.7324253871418442,true,false
50,130,0.3500000000000001,3.0999999999999996,-0.728591914413115,true,false
51,130,0.40000000000000036,3.0999999999999996,-0.7224550201870408,true,false
52,130,0.4500000000000002,3.0999999999999996,-0.7168400838352647,true,false
53,130,0.5000000000000004,3.0999999999999996,-0.7190436675526108,true,false
54,130,0.5500000000000003,3.0999999999999996,-0.7158618608852768,false,true
55,130,0.6000000000000001,3.0999999999999996,-0.7127623065687622,false,true
56,130,0.6500000000000004,3.0999999999999996,-0.7111356536137736,false,true
0,131,-2.15,3.1500000000000004,-0.6937270860064629,false,true
1,131,-2.1,3.1500000000000004,-0.6937049533683979,false,true
2,131,-2.05,3.1500000000000004,-0.6936821618714655,false,true
3,131,-2.0,3.1500000000000004,-0.6936586839585058,false,true
4,131,-1.95,3.1500000000000004,-0.693634491287358,false,true
5,131,-1.9,3.1500000000000004,-0.6936095549041073,false,true
6,131,-1.8499999999999999,3.1500000000000004,-0.6935838454930272,false,true
7,131,-1.7999999999999998,3.1500000000000004,-0.6935573337284784,false,true
8,131,-1.75,3.1500000000000004,-0.6935299907623277,false,true
9,131,-1.7,3.1500000000000004,-0.6935017888916473,false,true
10,131,-1.65,3.1500000000000004,-0.6934727024665501,false,true
11,131,-1.5999999999999999,3.1500000000000004,-0.693442709118516,false,true
12,131,-1.5499999999999998,3.1500000000000004,-0.6934117914174094,false,true
13,131,-1.5,3.1500000000000004,-0.6933799391032724,false,true
14,131,-1.4499999999999997,3.1500000000000004,-0.6933471520907107,false,true
15,131,-1.4,3.1500000000000004,-0.6933134445131778,false,true
16,131,-1.3499999999999999,3.1500000000000004,-0.6932788501707207,false,true
17,131,-1.2999999999999998,3.1500000000000004,-0.6932434298610428,false,true
18,131,-1.25,3.1500000000000004,-0.6932072812660833,false,true
19,131,-1.1999999999999997,3.1500000000000004,-0.6931705521224126,false,true
20,131,-1.15,3.1500000000000004,-0.6931334581278324,false,true
21,131,-1.0999999999999999,3.1500000000000004,-0.6930963049747548,false,true
22,131,-1.0499999999999998,3.1500000000000004,-0.6930595222373742,false,true
23,131,-0.9999999999999998,3.1500000000000004,-0.6930236807296529,false,true
24,131,-0.9499999999999997,3.1500000000000004,-0.6929895998683402,false,true
25,131,-0.8999999999999999,3.1500000000000004,-0.6929580787105947,false,true
26,131,-0.8499999999999999,3.1500000000000004,-0.6929310067080974,false,true
27,131,-0.7999999999999998,3.1500000000000004,-0.692906440307072,false,true
28,131,-0.7499999999999998,3.1500000000000004,-0.6928967343707022,false,true
29,131,-0.6999999999999997,3.1500000000000004,-0.6928498699642625,false,true
30,131,-0.6499999999999999,3.1500000000000004,-0.6183845202480286,false,true
31,131,-0.5999999999999999,3.1500000000000004,-0.5428498938061204,false,true
32,131,-0.5499999999999998,3.1500000000000004,-0.6178790650077273,false,true
33,131,-0.4999999999999998,3.1500000000000004,-0.6637034452460767,false,true
34,131,-0.44999999999999973,3.1500000000000004,-0.675213213203093,true,false
35,131,-0.3999999999999999,3.1500000000000004,-0.6921388461567368,true,false
36,131,-0.34999999999999987,3.1500000000000004,-0.6940381481625046,true,false
37,131,-0.2999999999999998,3.1500000000000004,-0.7141506924606766,true,false
38,131,-0.24999999999999978,3.1500000000000004,-0.7189742281414475,true,false
39,131,-0.19999999999999973,3.1500000000000004,-0.7228499009586777,true,false
40,131,-0.1499999999999999,3.1500000000000004,-0.7278774931408372,true,false
41,131,-0.09999999999999964,3.1500000000000004,-0.7306526854015793,true,false
42,131,-0.04999999999999982,3.1500000000000004,-0.7325071349121537,true,false
43,131,0.0,3.1500000000000004,-0.7335482790447678,true,false
44,131,0.050000000000000266,3.1500000000000004,-0.7334746673084702,true,false
45,131,0.10000000000000009,3.1500000000000004,-0.7337843432404008,true,false
46,131,0.15000000000000036,3.1500000000000004,-0.7343607201553788,true,false
47,131,0.20000000000000018,3.1500000000000004,-0.7342365338779893,true,false
48,131,0.25000000000000044,3.1500000000000004,-0.7339199736095872,true,false
49,131,0.30000000000000027,3.1500000000000004,-0.7307410790897813,true,false
50,131,0.3500000000000001,3.1500000000000004,-0.7233934059120621,true,false
51,131,0.40000000000000036,3.1500000000000004,-0.7181167557217087,true,false
52,131,0.4500000000000002,3.1500000000000004,-0.7157794191814866,true,false
53,131,0.5000000000000004,3.1500000000000004,-0.7155585839725938,true,false
54,131,0.5500000000000003,3.1500000000000004,-0.6933527841545548,true,false
55,131,0.6000000000000001,3.1500000000000004,-0.6877990435743583,false,true
56,131,0.6500000000000004,3.1500000000000004,-0.6933991232528963,false,true
0,132,-2.15,3.2,-0.6934518055310602,false,true
1,132,-2.1,3.2,-0.6934312123615685,false,true
2,132,-2.05,3.2,-0.6934101889177028,false,true
3,132,-2.0,3.2,-0.6933887312911154,false,true
4,132,-1.95,3.2,-0.6933668374682186,false,true
5,132,-1.9,3.2,-0.6933445078262608,false,true
6,132,-1.8499999999999999,3.2,-0.6933217457402491,false,true
7,132,-1.7999999999999998,3.2,-0.6932985583256083,false,true
8,132,-1.75,3.2,-0.6932749573470467,false,true
9,132,-1.7,3.2,-0.6932509603307703,false,true
10,132,-1.65,3.2,-0.6932265919250279,false,true
11,132,-1.5999999999999999,3.2,-0.6932018855628849,false,true
12,132,-1.5499999999999998,3.2,-0.6931768854907101,false,true
13,132,-1.5,3.2,-0.6931516492351892,false,true
14,132,-1.4499999999999997,3.2,-0.6931262505882297,false,true
15,132,-1.4,3.2,-0.6931007831898657,false,true
16,132,-1.3499999999999999,3.2,-0.6930753647704172,false,true
17,132,-1.2999999999999998,3.2,-0.6930501420802744,false,true
18,132,-1.25,3.2,-0.6930252963731439,false,true
19,132,-1.1999999999999997,3.2,-0.6930010493079038,false,true
20,132,-1.15,3.2,-0.6929776678084715,false,true
21,132,-1.0999999999999999,3.2,-0.6929554691696286,false,true
22,132,-1.0499999999999998,3.2,-0.6929348118252515,false,true
23,132,-0.9999999999999998,3.2,-0.6929161121559728,false,true
24,132,-0.9499999999999997,3.2,-0.6928996916448142,false,true
25,132,-0.8999999999999999,3.2,-0.6928861831056432,false,true
26,132,-0.8499999999999999,3.2,-0.6928744796950173,false,true
27,132,-0.7999999999999998,3.2,-0.6928692818370024,false,true
28,132,-0.7499999999999998,3.2,-0.6928498699642625,false,true
29,132,-0.6999999999999997,3.2,-0.6179895314972688,false,true
30,132,-0.6499999999999999,3.2,-0.5428498938061204,false,true
31,132,-0.5999999999999999,3.2,-0.6245548960207419,false,true
32,132,-0.5499999999999998,3.2,-0.6735139972243886,false,true
33,132,-0.4999999999999998,3.2,-0.6773297258814778,false,true
34,132,-0.44999999999999973,3.2,-0.6782797529674973,true,false
35,132,-0.3999999999999999,3.2,-0.6871818854786362,true,false
36,132,-0.34999999999999987,3.2,-0.7147583320118394,true,false
37,132,-0.2999999999999998,3.2,-0.7174391105152573,true,false
38,132,-0.24999999999999978,3.2,-0.7177659227825608,true,false
39,132,-0.19999999999999973,3.2,-0.7226098730541672,true,false
40,132,-0.1499999999999999,3.2,-0.7259564354397263,true,false
41,132,-0.09999999999999964,3.2,-0.7283672645069565,true,false
42,132,-0.04999999999999982,3.2,-0.7307985081650223,true,false
43,132,0.0,3.2,-0.7325274302936997,true,false
44,132,0.050000000000000266,3.2,-0.7330742433048691,true,false
45,132,0.10000000000000009,3.2,-0.7330439641453232,true,false
46,132,0.15000000000000036,3.2,-0.7335751607395615,true,false
47,132,0.20000000000000018,3.2,-0.7333057477451768,true,false
48,132,0.25000000000000044,3.2,-0.7324117376781907,true,false
49,132,0.30000000000000027,3.2,-0.7302663578964677,true,false
50,132,0.3500000000000001,3.2,-0.7228499009586777,true,false
51,132,0.40000000000000036,3.2,-0.7156929924465623,true,false
52,132,0.4500000000000002,3.2,-0.7129425063110795,true,false
53,132,0.5000000000000004,3.2,-0.6939227535702195,true,false
54,132,0.5500000000000003,3.2,-0.6799448683239426,true,false
55,132,0.6000000000000001,3.2,-0.6819556485687892,false,true
56,132,0.6500000000000004,3.2,-0.6810566390662145,false,true
0,133,-2.15,3.25,-0.693245383914151,false,true
1,133,-2.1,3.25,-0.6932277808333104,false,true
2,133,-2.05,3.25,-0.693209994491114,false,true
3,133,-2.0,3.25,-0.6931920395434361,false,true
4,133,-1.95,3.25,-0.693173933836146,false,true
5,133,-1.9,3.25,-0.6931556989148296,false,true
6,133,-1.8499999999999999,3.25,-0.6931373606102401,false,true
7,133,-1.7999999999999998,3.25,-0.6931189497082811,false,true
8,133,-1.75,3.25,-0.6931005027128558,false,true
9,133,-1.7,3.25,-0.6930820627083206,false,true
10,133,-1.65,3.25,-0.6930636803248846,false,true
11,133,-1.5999999999999999,3.25,-0.6930454148039593,false,true
12,133,-1.5499999999999998,3.25,-0.6930273351494902,false,true
13,133,-1.5,3.25,-0.6930095213329689,false,true
14,133,-1.4499999999999997,3.25,-0.6929920654906636,false,true
15,133,-1.4,3.25,-0.6929750730034466,false,true
16,133,-1.3499999999999999,3.25,-0.692958663282529,false,true
17,133,-1.2999999999999998,3.25,-0.692942969950271,false,true
18,133,-1.25,3.25,-0.6929281400304561,false,true
19,133,-1.1999999999999997,3.25,-0.6929143311523853,false,true
20,133,-1.15,3.25,-0.692901706921581,false,true
21,133,-1.0999999999999999,3.25,-0.6928904242583058,false,true
22,133,-1.0499999999999998,3.25,-0.6928806299984633,false,true
23,133,-0.9999999999999998,3.25,-0.6928723882467561,false,true
24,133,-0.9499999999999997,3.25,-0.6928658465531867,false,true
25,133,-0.8999999999999999,3.25,-0.6928604085383374,false,true
26,133,-0.8499999999999999,3.25,-0.6928579106252224,false,true
27,133,-0.7999999999999998,3.25,-0.6928498699642625,false,true
28,133,-0.7499999999999998,3.25,-0.6178863589050032,false,true
29,133,-0.6999999999999997,3.25,-0.5428498938061204,false,true
30,133,-0.6499999999999999,3.25,-0.6267415826359741,false,true
31,133,-0.5999999999999999,3.25,-0.6763175647416161,false,true
32,133,-0.5499999999999998,3.25,-0.6775404243556036,false,true
33,133,-0.4999999999999998,3.25,-0.6779282939855097,false,true
34,133,-0.44999999999999973,3.25,-0.678102697370192,true,false
35,133,-0.3999999999999999,3.25,-0.6928498699642625,true,false
36,133,-0.34999999999999987,3.25,-0.7054271652676072,true,false
37,133,-0.2999999999999998,3.25,-0.7185389950252976,true,false
38,133,-0.24999999999999978,3.25,-0.7176214411236252,true,false
39,133,-0.19999999999999973,3.25,-0.7198396577812638,true,false
40,133,-0.1499999999999999,3.25,-0.7236785247303452,true,false
41,133,-0.09999999999999964,3.25,-0.7272486641384568,true,false
42,133,-0.04999999999999982,3.25,-0.7290914907432999,true,false
43,133,0.0,3.25,-0.7300623609997239,true,false
44,133,0.050000000000000266,3.25,-0.7313054158665147,true,false
45,133,0.10000000000000009,3.25,-0.7324099495388474,true,false
46,133,0.15000000000000036,3.25,-0.7318009688831772,true,false
47,133,0.20000000000000018,3.25,-0.7318556561447587,true,false
48,133,0.25000000000000044,3.25,-0.7305811300255265,true,false
49,133,0.30000000000000027,3.25,-0.728139991996428,true,false
50,133,0.3500000000000001,3.25,-0.7228499009586777,true,false
51,133,0.40000000000000036,3.25,-0.7165478422619309,true,false
52,133,0.4500000000000002,3.25,-0.7145522787548508,true,false
53,133,0.5000000000000004,3.25,-0.6902380242325272,true,false
54,133,0.5500000000000003,3.25,-0.6734021856762376,true,false
55,133,0.6000000000000001,3.25,-0.6730428431268273,false,true
56,133,0.6500000000000004,3.25,-0.6691390407080774,false,true
0,134,-2.15,3.3,-0.6930983966229491,false,true
1,134,-2.1,3.3,-0.6930844499823978,false,true
2,134,-2.05,3.3,-0.693070526435277,false,true
3,134,-2.0,3.3,-0.6930566498216302,false,true
4,134,-1.95,3.3,-0.6930428469554598,false,true
5,134,-1.9,3.3,-0.6930291479190652,false,true
6,134,-1.8499999999999999,3.3,-0.6930155863684718,false,true
7,134,-1.7999999999999998,3.3,-0.6930021998421175,false,true
8,134,-1.75,3.3,-0.6929890300606308,false,true
9,134,-1.7,3.3,-0.6929761231994456,false,true
10,134,-1.65,3.3,-0.6929635301075772,false,true
11,134,-1.5999999999999999,3.3,-0.6929513064343009,false,true
12,134,-1.5499999999999998,3.3,-0.692939512609762,false,true
13,134,-1.5,3.3,-0.6929282136047134,false,true
14,134,-1.4499999999999997,3.3,-0.6929174783666389,false,true
15,134,-1.4,3.3,-0.6929073787973425,false,true
16,134,-1.3499999999999999,3.3,-0.6928979880863526,false,true
17,134,-1.2999999999999998,3.3,-0.6928893782081017,false,true
18,134,-1.25,3.3,-0.6928816162011292,false,true
19,134,-1.1999999999999997,3.3,-0.6928747594556571,false,true
20,134,-1.15,3.3,-0.6928688478547169,false,true
21,134,-1.0999999999999999,3.3,-0.6928639007689569,false,true
22,134,-1.0499999999999998,3.3,-0.6928598878664629,false,true
23,134,-0.9999999999999998,3.3,-0.6928568034379957,false,true
24,134,-0.9499999999999997,3.3,-0.6928543362004649,false,true
25,134,-0.8999999999999999,3.3,-0.6928532005150825,false,true
26,134,-0.8499999999999999,3.3,-0.6928498699642625,false,true
27,134,-0.7999999999999998,3.3,-0.6178594098241134,false,true
28,134,-0.7499999999999998,3.3,-0.5428498938061204,false,true
29,134,-0.6999999999999997,3.3,-0.6275207083382515,false,true
30,134,-0.6499999999999999,3.3,-0.6771877199184246,false,true
31,134,-0.5999999999999999,3.3,-0.6774580071030039,false,true
32,134,-0.5499999999999998,3.3,-0.6773917476078641,false,true
33,134,-0.4999999999999998,3.3,-0.6772025923386834,false,true
34,134,-0.44999999999999973,3.3,-0.6773301913715806,true,false
35,134,-0.3999999999999999,3.3,-0.6928498699642625,true,false
36,134,-0.34999999999999987,3.3,-0.7074930622555222,true,false
37,134,-0.2999999999999998,3.3,-0.7210380985714402,true,false
38,134,-0.24999999999999978,3.3,-0.7192835464455094,true,false
39,134,-0.19999999999999973,3.3,-0.7212971701599564,true,false
40,134,-0.1499999999999999,3.3,-0.7232365562893357,true,false
41,134,-0.09999999999999964,3.3,-0.7264669790245499,true,false
42,134,-0.04999999999999982,3.3,-0.7274262263752427,true,false
43,134,0.0,3.3,-0.727878327605864,true,false
44,134,0.050000000000000266,3.3,-0.7291171505428757,true,false
45,134,0.10000000000000009,3.3,-0.7294099583603348,true,false
46,134,0.15000000000000036,3.3,-0.7297535493351426,true,false
47,134,0.20000000000000018,3.3,-0.7299104883648362,true,false
48,134,0.25000000000000044,3.3,-0.729256148574492,true,false
49,134,0.30000000000000027,3.3,-0.7262178316093888,true,false
50,134,0.3500000000000001,3.3,-0.7221223666645493,true,false
51,134,0.40000000000000036,3.3,-0.7170802309490647,true,false
52,134,0.4500000000000002,3.3,-0.7149216487385239,true,false
53,134,0.5000000000000004,3.3,-0.6928498699642625,true,false
54,134,0.5500000000000003,3.3,-0.6656326308227982,true,false
55,134,0.6000000000000001,3.3,-0.6655330247011669,false,true
56,134,0.6500000000000004,3.3,-0.6587223663307633,false,true
0,135,-2.15,3.3499999999999996,-0.6929990327949139,false,true
1,135,-2.1,3.3499999999999996,-0.6929887359408051,false,true
2,135,-2.05,3.3499999999999996,-0.6929785963428564,false,true
3,135,-2.0,3.3499999999999996,-0.6929686378223371,false,true
4,135,-1.95,3.3499999999999996,-0.6929588860076521,false,true
5,135,-1.9,3.3499999999999996,-0.6929493683591503,false,true
6,135,-1.8499999999999999,3.3499999999999996,-0.6929401141566666,false,true
7,135,-1.7999999999999998,3.3499999999999996,-0.6929311544357855,false,true
8,135,-1.75,3.3499999999999996,-0.6929225218549715,false,true
9,135,-1.7,3.3499999999999996,-0.692914250471077,false,true
10,135,-1.65,3.3499999999999996,-0.692906375395319,false,true
11,135,-1.5999999999999999,3.3499999999999996,-0.6928989322957245,false,true
12,135,-1.5499999999999998,3.3499999999999996,-0.6928919567057267,false,true
13,135,-1.5,3.3499999999999996,-0.6928854830927363,false,true
14,135,-1.4499999999999997,3.3499999999999996,-0.6928795436380434,false,true
15,135,-1.4,3.3499999999999996,-0.6928741666777041,false,true
16,135,-1.3499999999999999,3.3499999999999996,-0.6928693747829985,false,true
17,135,-1.2999999999999998,3.3499999999999996,-0.6928651824290271,false,true
18,135,-1.25,3.3499999999999996,-0.6928615935212791,false,true
19,135,-1.1999999999999997,3.3499999999999996,-0.6928585981523131,false,true
20,135,-1.15,3.3499999999999996,-0.6928561722559583,false,true
21,135,-1.0999999999999999,3.3499999999999996,-0.6928542676869038,false,true
22,135,-1.0499999999999998,3.3499999999999996,-0.692852846640582,false,true
23,135,-0.9999999999999998,3.3499999999999996,-0.6928517495267402,false,true
24,135,-0.9499999999999997,3.3499999999999996,-0.6928512495235822,false,true
25,135,-0.8999999999999999,3.3499999999999996,-0.6928498699642625,false,true
26,135,-0.8499999999999999,3.3499999999999996,-0.6178523706197583,false,true
27,135,-0.7999999999999998,3.3499999999999996,-0.5428498938061204,false,true
28,135,-0.7499999999999998,3.3499999999999996,-0.6279868785254078,false,true
29,135,-0.6999999999999997,3.3499999999999996,-0.6777912922769288,false,true
30,135,-0.6499999999999999,3.3499999999999996,-0.6778026869098229,false,true
31,135,-0.5999999999999999,3.3499999999999996,-0.6776756312930656,false,true
32,135,-0.5499999999999998,3.3499999999999996,-0.6774692949270668,false,true
33,135,-0.4999999999999998,3.3499999999999996,-0.6771227071772886,false,true
34,135,-0.44999999999999973,3.3499999999999996,-0.6761220350243058,true,false
35,135,-0.3999999999999999,3.3499999999999996,-0.6927761092163529,true,false
36,135,-0.34999999999999987,3.3499999999999996,-0.7076514317966904,true,false
37,135,-0.2999999999999998,3.3499999999999996,-0.7185112490631547,true,false
38,135,-0.24999999999999978,3.3499999999999996,-0.7185250475384202,true,false
39,135,-0.19999999999999973,3.3499999999999996,-0.7201073422409501,true,false
40,135,-0.1499999999999999,3.3499999999999996,-0.7239299371220078,true,false
41,135,-0.09999999999999964,3.3499999999999996,-0.7294003024078812,true,false
42,135,-0.04999999999999982,3.3499999999999996,-0.7295741989590134,true,false
43,135,0.0,3.3499999999999996,-0.7290425553299393,true,false
44,135,0.050000000000000266,3.3499999999999996,-0.7276112391926255,true,false
45,135,0.10000000000000009,3.3499999999999996,-0.7269760324932542,true,false
46,135,0.15000000000000036,3.3499999999999996,-0.7274312927700486,true,false
47,135,0.20000000000000018,3.3499999999999996,-0.726592744825026,true,false
48,135,0.25000000000000044,3.3499999999999996,-0.7245523288227524,true,false
49,135,0.30000000000000027,3.3499999999999996,-0.7228499009586777,true,false
50,135,0.3500000000000001,3.3499999999999996,-0.7212772622086014,true,false
51,135,0.40000000000000036,3.3499999999999996,-0.7168196692444291,true,false
52,135,0.4500000000000002,3.3499999999999996,-0.7102689101673569,true,false
53,135,0.5000000000000004,3.3499999999999996,-0.6928498699642625,true,false
54,135,0.5500000000000003,3.3499999999999996,-0.667154724834105,true,false
55,135,0.6000000000000001,3.3499999999999996,-0.6587223663307633,true,false
56,135,0.6500000000000004,3.3499999999999996,-0.6578212776464004,false,true
0,136,-2.15,3.4000000000000004,-0.6929352861962258,false,true
1,136,-2.1,3.4000000000000004,-0.6929281775581603,false,true
2,136,-2.05,3.4000000000000004,-0.6929212850032691,false,true
3,136,-2.0,3.4000000000000004,-0.6929146263388624,false,true
4,136,-1.95,3.4000000000000004,-0.6929082198377994,false,true
5,136,-1.9,3.4000000000000004,-0.6929020840838319,false,true
6,136,-1.8499999999999999,3.4000000000000004,-0.6928962377684905,false,true
7,136,-1.7999999999999998,3.4000000000000004,-0.6928906994300007,false,true
8,136,-1.75,3.4000000000000004,-0.6928854871238054,false,true
9,136,-1.7,3.4000000000000004,-0.6928806180137804,false,true
10,136,-1.65,3.4000000000000004,-0.6928761078735186,false,true
11,136,-1.5999999999999999,3.4000000000000004,-0.6928719704887296,false,true
12,136,-1.5499999999999998,3.4000000000000004,-0.6928682169556672,false,true
13,136,-1.5,3.4000000000000004,-0.6928648548780287,false,true
14,136,-1.4499999999999997,3.4000000000000004,-0.692861887476214,false,true
15,136,-1.4,3.4000000000000004,-0.6928593126489805,false,true
16,136,-1.3499999999999999,3.4000000000000004,-0.6928571220315376,false,true
17,136,-1.2999999999999998,3.4000000000000004,-0.6928553002417399,false,true
18,136,-1.25,3.4000000000000004,-0.6928538241389363,false,true
19,136,-1.1999999999999997,3.4000000000000004,-0.6928526636783172,false,true
20,136,-1.15,3.4000000000000004,-0.6928517791854351,false,true
21,136,-1.0999999999999999,3.4000000000000004,-0.6928511372103472,false,true
22,136,-1.0499999999999998,3.4000000000000004,-0.6928506571703257,false,true
23,136,-0.9999999999999998,3.4000000000000004,-0.6928504413964428,false,true
24,136,-0.9499999999999997,3.4000000000000004,-0.6928498699642625,false,true
25,136,-0.8999999999999999,3.4000000000000004,-0.617850531952304,false,true
26,136,-0.8499999999999999,3.4000000000000004,-0.5428498938061204,false,true
27,136,-0.7999999999999998,3.4000000000000004,-0.6283951513954951,false,true
28,136,-0.7499999999999998,3.4000000000000004,-0.6784231342076511,false,true
29,136,-0.6999999999999997,3.4000000000000004,-0.6784208497686891,false,true
30,136,-0.6499999999999999,3.4000000000000004,-0.6783787501910556,false,true
31,136,-0.5999999999999999,3.4000000000000004,-0.678327050493036,false,true
32,136,-0.5499999999999998,3.4000000000000004,-0.6782513186654734,false,true
33,136,-0.4999999999999998,3.4000000000000004,-0.6782261466117387,false,true
34,136,-0.44999999999999973,3.4000000000000004,-0.678330387113234,true,false
35,136,-0.3999999999999999,3.4000000000000004,-0.6894827737785783,true,false
36,136,-0.34999999999999987,3.4000000000000004,-0.6956012799717393,true,false
37,136,-0.2999999999999998,3.4000000000000004,-0.721067215440413,true,false
38,136,-0.24999999999999978,3.4000000000000004,-0.7180420412994828,true,false
39,136,-0.19999999999999973,3.4000000000000004,-0.7212971999622788,true,false
40,136,-0.1499999999999999,3.4000000000000004,-0.7248190000034775,true,false
41,136,-0.09999999999999964,3.4000000000000004,-0.7280977323032822,true,false
42,136,-0.04999999999999982,3.4000000000000004,-0.7288624300934281,true,false
43,136,0.0,3.4000000000000004,-0.729080732104918,true,false
44,136,0.050000000000000266,3.4000000000000004,-0.7279305710770096,true,false
45,136,0.10000000000000009,3.4000000000000004,-0.7276302530743088,true,false
46,136,0.15000000000000036,3.4000000000000004,-0.7265961422897782,true,false
47,136,0.20000000000000018,3.4000000000000004,-0.725164110896727,true,false
48,136,0.25000000000000044,3.4000000000000004,-0.7226391985393967,true,false
49,136,0.30000000000000027,3.4000000000000004,-0.7196364357449021,true,false
50,136,0.3500000000000001,3.4000000000000004,-0.7168783202148881,true,false
51,136,0.40000000000000036,3.4000000000000004,-0.7141401722408738,true,false
52,136,0.4500000000000002,3.4000000000000004,-0.709237928626677,true,false
53,136,0.5000000000000004,3.4000000000000004,-0.6900482728458848,true,false
54,136,0.5500000000000003,3.4000000000000004,-0.6630777075268235,true,false
55,136,0.6000000000000001,3.4000000000000004,-0.6565469458080735,true,false
56,136,0.6500000000000004,3.4000000000000004,-0.6574480344924364,false,true
0,137,-2.15,3.45,-0.6928964889430149,false,true
1,137,-2.1,3.45,-0.6928918895840088,false,true
2,137,-2.05,3.45,-0.6928875063180704,false,true
3,137,-2.0,3.45,-0.6928833489577123,false,true
4,137,-1.95,3.45,-0.6928794268307635,false,true
5,137,-1.9,3.45,-0.6928757485829247,false,true
6,137,-1.8499999999999999,3.45,-0.6928723219494428,false,true
7,137,-1.7999999999999998,3.45,-0.6928691534946011,false,true
8,137,-1.75,3.45,-0.6928662483191425,false,true
9,137,-1.7,3.45,-0.6928636097379675,false,true
10,137,-1.65,3.45,-0.6928612389337684,false,true
11,137,-1.5999999999999999,3.45,-0.692859134596994,false,true
12,137,-1.5499999999999998,3.45,-0.6928572925690961,false,true
13,137,-1.5,3.45,-0.6928557055143924,false,true
14,137,-1.4499999999999997,3.45,-0.6928543626579056,false,true
15,137,-1.4,3.45,-0.6928532496303186,false,true
16,137,-1.3499999999999999,3.45,-0.6928523485158602,false,true
17,137,-1.2999999999999998,3.45,-0.6928516380338878,false,true
18,137,-1.25,3.45,-0.6928510944868048,false,true
19,137,-1.1999999999999997,3.45,-0.6928506912647051,false,true
20,137,-1.15,3.45,-0.6928504059625058,false,true
21,137,-1.0999999999999999,3.45,-0.6928501985738424,false,true
22,137,-1.0499999999999998,3.45,-0.6928501066592215,false,true
23,137,-0.9999999999999998,3.45,-0.6928498699642625,false,true
24,137,-0.9499999999999997,3.45,-0.6178500516852402,false,true
25,137,-0.8999999999999999,3.45,-0.5428498938061204,false,true
26,137,-0.8499999999999999,3.45,-0.6287465722286414,false,true
27,137,-0.7999999999999998,3.45,-0.679004638641388,false,true
28,137,-0.7499999999999998,3.45,-0.6790324359540568,false,true
29,137,-0.6999999999999997,3.45,-0.6790582068229358,false,true
30,137,-0.6499999999999999,3.45,-0.6790985504212146,false,true
31,137,-0.5999999999999999,3.45,-0.6791549835031556,false,true
32,137,-0.5499999999999998,3.45,-0.6792919070366475,false,true
33,137,-0.4999999999999998,3.45,-0.6794155288134426,false,true
34,137,-0.44999999999999973,3.45,-0.6801828398682084,true,false
35,137,-0.3999999999999999,3.45,-0.6928498699642625,true,false
36,137,-0.34999999999999987,3.45,-0.7057803823925461,true,false
37,137,-0.2999999999999998,3.45,-0.7216495826221909,true,false
38,137,-0.24999999999999978,3.45,-0.7223787262417283,true,false
39,137,-0.19999999999999973,3.45,-0.7228499009586777,true,false
40,137,-0.1499999999999999,3.45,-0.7254792406536545,true,false
41,137,-0.09999999999999964,3.45,-0.7277911856152024,true,false
42,137,-0.04999999999999982,3.45,-0.7287274255730118,true,false
43,137,0.0,3.45,-0.7282241835571732,true,false
44,137,0.050000000000000266,3.45,-0.7279499425865616,true,false
45,137,0.10000000000000009,3.45,-0.726354296443602,true,false
46,137,0.15000000000000036,3.45,-0.7228499009586777,true,false
47,137,0.20000000000000018,3.45,-0.7228499009586777,true,false
48,137,0.25000000000000044,3.45,-0.7228499009586777,true,false
49,137,0.30000000000000027,3.45,-0.7194485619045701,true,false
50,137,0.3500000000000001,3.45,-0.7156837537266221,true,false
51,137,0.40000000000000036,3.45,-0.7106795265652146,true,false
52,137,0.4500000000000002,3.45,-0.7042137637115922,true,false
53,137,0.5000000000000004,3.45,-0.6928498699642625,true,false
54,137,0.5500000000000003,3.45,-0.664393152234694,true,false
55,137,0.6000000000000001,3.45,-0.6611511795275867,false,true
56,137,0.6500000000000004,3.45,-0.6565469458080735,false,true
0,138,-2.15,3.5,-0.6928740980907653,false,true
1,138,-2.1,3.5,-0.692871304803754,false,true
2,138,-2.05,3.5,-0.6928686930388862,false,true
3,138,-2.0,3.5,-0.6928662656926807,false,true
4,138,-1.95,3.5,-0.6928640248027497,false,true
5,138,-1.9,3.5,-0.6928619714056746,false,true
6,138,-1.8499999999999999,3.5,-0.6928601053889022,false,true
7,138,-1.7999999999999998,3.5,-0.6928584253406936,false,true
8,138,-1.75,3.5,-0.6928569284039314,false,true
9,138,-1.7,3.5,-0.6928556101417875,false,true
10,138,-1.65,3.5,-0.6928544644258684,false,true
11,138,-1.5999999999999999,3.5,-0.6928534833604134,false,true
12,138,-1.5499999999999998,3.5,-0.6928526572591563,false,true
13,138,-1.5,3.5,-0.69285197469445,false,true
14,138,-1.4499999999999997,3.5,-0.6928514226384266,false,true
15,138,-1.4,3.5,-0.6928509867255394,false,true
16,138,-1.3499999999999999,3.5,-0.6928506515973879,false,true
17,138,-1.2999999999999998,3.5,-0.6928504015632218,false,true
18,138,-1.25,3.5,-0.6928502206204961,false,true
19,138,-1.1999999999999997,3.5,-0.6928500955374541,false,true
20,138,-1.15,3.5,-0.6928500068222148,false,true
21,138,-1.0999999999999999,3.5,-0.6928499680065247,false,true
22,138,-1.0499999999999998,3.5,-0.6928498699642625,false,true
23,138,-0.9999999999999998,3.5,-0.6178499262376221,false,true
24,138,-0.9499999999999997,3.5,-0.5428498938061204,false,true
25,138,-0.8999999999999999,3.5,-0.6290147200994591,false,true
26,138,-0.8499999999999999,3.5,-0.6794560432091326,false,true
27,138,-0.7999999999999998,3.5,-0.6794986015101631,false,true
28,138,-0.7499999999999998,3.5,-0.679546831738551,false,true
29,138,-0.6999999999999997,3.5,-0.6796075766271416,false,true
30,138,-0.6499999999999999,3.5,-0.6796806089909754,false,true
31,138,-0.5999999999999999,3.5,-0.6797902419195457,false,true
32,138,-0.5499999999999998,3.5,-0.6798650092227656,false,true
33,138,-0.4999999999999998,3.5,-0.6801828398682084,false,true
34,138,-0.44999999999999973,3.5,-0.6854296955289821,false,true
35,138,-0.3999999999999999,3.5,-0.6929270421526497,false,true
36,138,-0.34999999999999987,3.5,-0.7127463658204922,false,true
37,138,-0.2999999999999998,3.5,-0.7274857714153733,true,false
38,138,-0.24999999999999978,3.5,-0.7228499009586777,true,false
39,138,-0.19999999999999973,3.5,-0.7233942999817338,true,false
40,138,-0.1499999999999999,3.5,-0.7254064633823838,true,false
41,138,-0.09999999999999964,3.5,-0.7266213848568406,true,false
42,138,-0.04999999999999982,3.5,-0.7273037686325516,true,false
43,138,0.0,3.5,-0.7277594759441819,true,false
44,138,0.050000000000000266,3.5,-0.726753945586821,true,false
45,138,0.10000000000000009,3.5,-0.7257032945133652,true,false
46,138,0.15000000000000036,3.5,-0.7228499009586777,true,false
47,138,0.20000000000000018,3.5,-0.7208748414494004,true,false
48,138,0.25000000000000044,3.5,-0.7181505515552964,true,false
49,138,0.30000000000000027,3.5,-0.716607268092772,true,false
50,138,0.3500000000000001,3.5,-0.7119552447773423,true,false
51,138,0.40000000000000036,3.5,-0.7017408564068284,true,false
52,138,0.4500000000000002,3.5,-0.6928498699642625,true,false
53,138,0.5000000000000004,3.5,-0.6891927673794236,true,false
54,138,0.5500000000000003,3.5,-0.680987086960065,false,true
55,138,0.6000000000000001,3.5,-0.664393152234694,false,true
56,138,0.6500000000000004,3.5,-0.6606479629489599,false,true
0,139,-2.15,3.55,-0.6928618515062662,false,true
1,139,-2.1,3.55,-0.6928602569018969,false,true
2,139,-2.05,3.55,-0.6928587968827353,false,true
3,139,-2.0,3.55,-0.6928574699059846,false,true
4,139,-1.95,3.55,-0.6928562736515301,false,true
5,139,-1.9,3.55,-0.6928552049645671,false,true
6,139,-1.8499999999999999,3.55,-0.6928542598081334,false,true
7,139,-1.7999999999999998,3.55,-0.6928534332301653,false,true
8,139,-1.75,3.55,-0.692852719350516,false,true
9,139,-1.7,3.55,-0.692852111374098,false,true
10,139,-1.65,3.55,-0.6928516016367979,false,true
11,139,-1.5999999999999999,3.55,-0.6928511816908149,false,true
12,139,-1.5499999999999998,3.55,-0.6928508424353323,false,true
13,139,-1.5,3.55,-0.6928505742961854,false,true
14,139,-1.4499999999999997,3.55,-0.6928503674561098,false,true
15,139,-1.4,3.55,-0.6928502121204516,false,true
16,139,-1.3499999999999999,3.55,-0.6928500988779953,false,true
17,139,-1.2999999999999998,3.55,-0.6928500187625969,false,true
18,139,-1.25,3.55,-0.6928499645312954,false,true
19,139,-1.1999999999999997,3.55,-0.6928499268704215,false,true
20,139,-1.15,3.55,-0.6928499105746971,false,true
21,139,-1.0999999999999999,3.55,-0.6928498699642625,false,true
22,139,-1.0499999999999998,3.55,-0.6178498934702181,false,true
23,139,-0.9999999999999998,3.55,-0.5428498938061204,false,true
24,139,-0.9499999999999997,3.55,-0.6291976431411178,false,true
25,139,-0.8999999999999999,3.55,-0.6797635818600574,false,true
26,139,-0.8499999999999999,3.55,-0.6798035306680946,false,true
27,139,-0.7999999999999998,3.55,-0.6798472612503682,false,true
28,139,-0.7499999999999998,3.55,-0.6798965592231665,false,true
29,139,-0.6999999999999997,3.55,-0.6799495504088766,false,true
30,139,-0.6499999999999999,3.55,-0.6800133194736426,false,true
31,139,-0.5999999999999999,3.55,-0.6800511901043281,false,true
32,139,-0.5499999999999998,3.55,-0.6801828398682084,false,true
33,139,-0.4999999999999998,3.55,-0.6823561586427149,false,true
34,139,-0.44999999999999973,3.55,-0.6860888490710148,false,true
35,139,-0.3999999999999999,3.55,-0.705601024607985,false,true
36,139,-0.34999999999999987,3.55,-0.7274857714153733,false,true
37,139,-0.2999999999999998,3.55,-0.7255655309988052,false,true
38,139,-0.24999999999999978,3.55,-0.7243671667609234,false,true
39,139,-0.19999999999999973,3.55,-0.7256723010184841,false,true
40,139,-0.1499999999999999,3.55,-0.7281414821125474,true,false
41,139,-0.09999999999999964,3.55,-0.724916125772139,true,false
42,139,-0.04999999999999982,3.55,-0.7259101822353806,true,false
43,139,0.0,3.55,-0.7260949566341843,true,false
44,139,0.050000000000000266,3.55,-0.7247174038864579,true,false
45,139,0.10000000000000009,3.55,-0.7230524375416245,true,false
46,139,0.15000000000000036,3.55,-0.7224003627277817,true,false
47,139,0.20000000000000018,3.55,-0.719011779067656,true,false
48,139,0.25000000000000044,3.55,-0.7167383983112778,true,false
49,139,0.30000000000000027,3.55,-0.7115859045959916,true,false
50,139,0.3500000000000001,3.55,-0.7031944646812882,true,false
51,139,0.40000000000000036,3.55,-0.7010241105534043,true,false
52,139,0.4500000000000002,3.55,-0.6933693840481248,true,false
53,139,0.5000000000000004,3.55,-0.6916908508510226,false,true
54,139,0.5500000000000003,3.55,-0.6891927673794236,false,true
55,139,0.6000000000000001,3.55,-0.6778884820715146,false,true
56,139,0.6500000000000004,3.55,-0.664393152234694,false,true
0,140,-2.15,3.5999999999999996,-0.6928555115744846,false,true
1,140,-2.1,3.5999999999999996,-0.6928546533199039,false,true
2,140,-2.05,3.5999999999999996,-0.6928538855438071,false,true
3,140,-2.0,3.5999999999999996,-0.6928532047013076,false,true
4,140,-1.95,3.5999999999999996,-0.6928526067684931,false,true
5,140,-1.9,3.5999999999999996,-0.6928520872489827,false,true
6,140,-1.8499999999999999,3.5999999999999996,-0.6928516411932792,false,true
7,140,-1.7999999999999998,3.5999999999999996,-0.6928512632333459,false,true
8,140,-1.75,3.5999999999999996,-0.692850947634681,false,true
9,140,-1.7,3.5999999999999996,-0.6928506883677401,false,true
10,140,-1.65,3.5999999999999996,-0.6928504791997306,false,true
11,140,-1.5999999999999999,3.5999999999999996,-0.692850313806487,false,true
12,140,-1.5499999999999998,3.5999999999999996,-0.6928501859021781,false,true
13,140,-1.5,3.5999999999999996,-0.6928500893822331,false,true
14,140,-1.4499999999999997,3.5999999999999996,-0.6928500184699841,false,true
15,140,-1.4,3.5999999999999996,-0.6928499678644746,false,true
16,140,-1.3499999999999999,3.5999999999999996,-0.6928499327925329,false,true
17,140,-1.2999999999999998,3.5999999999999996,-0.6928499094930518,false,true
18,140,-1.25,3.5999999999999996,-0.6928498935993397,false,true
19,140,-1.1999999999999997,3.5999999999999996,-0.6928498867856553,false,true
20,140,-1.15,3.5999999999999996,-0.6928498699642625,false,true
21,140,-1.0999999999999999,3.5999999999999996,-0.6178498849112453,false,true
22,140,-1.0499999999999998,3.5999999999999996,-0.5428498938061204,false,true
23,140,-0.9999999999999998,3.5999999999999996,-0.6293116977506845,false,true
24,140,-0.9499999999999997,3.5999999999999996,-0.6799537969468793,false,true
25,140,-0.8999999999999999,3.5999999999999996,-0.6799836880422714,false,true
26,140,-0.8499999999999999,3.5999999999999996,-0.6800146243648554,false,true
27,140,-0.7999999999999998,3.5999999999999996,-0.6800466154434842,false,true
28,140,-0.7499999999999998,3.5999999999999996,-0.6800779729004568,false,true
29,140,-0.6999999999999997,3.5999999999999996,-0.6801106009656741,false,true
30,140,-0.6499999999999999,3.5999999999999996,-0.680128308750526,false,true
31,140,-0.5999999999999999,3.5999999999999996,-0.6801828398682084,false,true
32,140,-0.5499999999999998,3.5999999999999996,-0.681083057979969,false,true
33,140,-0.4999999999999998,3.5999999999999996,-0.6828128880257209,false,true
34,140,-0.44999999999999973,3.5999999999999996,-0.7014817652750623,false,true
35,140,-0.3999999999999999,3.5999999999999996,-0.7274857714153733,false,true
36,140,-0.34999999999999987,3.5999999999999996,-0.7266903817918138,false,true
37,140,-0.2999999999999998,3.5999999999999996,-0.7257769636363655,false,true
38,140,-0.24999999999999978,3.5999999999999996,-0.7264694579326191,false,true
39,140,-0.19999999999999973,3.5999999999999996,-0.728345738328842,false,true
40,140,-0.1499999999999999,3.5999999999999996,-0.7284901692844834,true,false
41,140,-0.09999999999999964,3.5999999999999996,-0.7258802010990586,true,false
42,140,-0.04999999999999982,3.5999999999999996,-0.725491191384932,true,false
43,140,0.0,3.5999999999999996,-0.7228499009586777,true,false
44,140,0.050000000000000266,3.5999999999999996,-0.7228499009586777,true,false
45,140,0.10000000000000009,3.5999999999999996,-0.7228499009586777,true,false
46,140,0.15000000000000036,3.5999999999999996,-0.7223380758739915,true,false
47,140,0.20000000000000018,3.5999999999999996,-0.7190971329189744,true,false
48,140,0.25000000000000044,3.5999999999999996,-0.7160419478393998,true,false
49,140,0.30000000000000027,3.5999999999999996,-0.7122202417229275,false,true
50,140,0.3500000000000001,3.5999999999999996,-0.7050165785219045,false,true
51,140,0.40000000000000036,3.5999999999999996,-0.6994177750746173,false,true
52,140,0.4500000000000002,3.5999999999999996,-0.6965400755828683,false,true
53,140,0.5000000000000004,3.5999999999999996,-0.6933693840481248,false,true
54,140,0.5500000000000003,3.5999999999999996,-0.6913881105674873,false,true
55,140,0.6000000000000001,3.5999999999999996,-0.6891927673794236,false,true
56,140,0.6500000000000004,3.5999999999999996,-0.6770791144676438,false,true
0,141,-2.15,3.6500000000000004,-0.6928524213006597,false,true
1,141,-2.1,3.6500000000000004,-0.69285198000234,false,true
2,141,-2.05,3.6500000000000004,-0.6928515955564417,false,true
3,141,-2.0,3.6500000000000004,-0.692851264038326,false,true
4,141,-1.95,3.6500000000000004,-0.6928509813557807,false,true
5,141,-1.9,3.6500000000000004,-0.692850743283957,false,true
6,141,-1.8499999999999999,3.6500000000000004,-0.6928505455078572,false,true
7,141,-1.7999999999999998,3.6500000000000004,-0.6928503836724568,false,true
8,141,-1.75,3.6500000000000004,-0.692850253440088,false,true
9,141,-1.7,3.6500000000000004,-0.692850150554088,false,true
10,141,-1.65,3.6500000000000004,-0.6928500709069181,false,true
11,141,-1.5999999999999999,3.6500000000000004,-0.6928500106100145,false,true
12,141,-1.5499999999999998,3.6500000000000004,-0.69284996606165,false,true
13,141,-1.5,3.6500000000000004,-0.6928499340079859,false,true
14,141,-1.4499999999999997,3.6500000000000004,-0.6928499115934205,false,true
15,141,-1.4,3.6500000000000004,-0.6928498963865143,false,true
16,141,-1.3499999999999999,3.6500000000000004,-0.6928498864501696,false,true
17,141,-1.2999999999999998,3.6500000000000004,-0.6928498797729111,false,true
18,141,-1.25,3.6500000000000004,-0.6928498769319116,false,true
19,141,-1.1999999999999997,3.6500000000000004,-0.6928498699642625,false,true
20,141,-1.15,3.6500000000000004,-0.6178498826756084,false,true
21,141,-1.0999999999999999,3.6500000000000004,-0.5428498938061204,false,true
22,141,-1.0499999999999998,3.6500000000000004,-0.6293773367594677,false,true
23,141,-0.9999999999999998,3.6500000000000004,-0.6800626301933942,false,true
24,141,-0.9499999999999997,3.6500000000000004,-0.6800824646155947,false,true
25,141,-0.8999999999999999,3.6500000000000004,-0.6801017396412035,false,true
26,141,-0.8499999999999999,3.6500000000000004,-0.6801200948494797,false,true
27,141,-0.7999999999999998,3.6500000000000004,-0.6801367452620706,false,true
28,141,-0.7499999999999998,3.6500000000000004,-0.68015232552287,false,true
29,141,-0.6999999999999997,3.6500000000000004,-0.6801602523396929,false,true
30,141,-0.6499999999999999,3.6500000000000004,-0.6801828398682084,false,true
31,141,-0.5999999999999999,3.6500000000000004,-0.6805557224191936,false,true
32,141,-0.5499999999999998,3.6500000000000004,-0.6813260456896818,false,true
33,141,-0.4999999999999998,3.6500000000000004,-0.6994054641780967,false,true
34,141,-0.44999999999999973,3.6500000000000004,-0.7274857714153733,false,true
35,141,-0.3999999999999999,3.6500000000000004,-0.727156310245924,false,true
36,141,-0.34999999999999987,3.6500000000000004,-0.726655812035197,false,true
37,141,-0.2999999999999998,3.6500000000000004,-0.7271618251877157,false,true
38,141,-0.24999999999999978,3.6500000000000004,-0.7284303440238302,false,true
39,141,-0.19999999999999973,3.6500000000000004,-0.7284901692844834,false,true
40,141,-0.1499999999999999,3.6500000000000004,-0.728436191754918,false,true
41,141,-0.09999999999999964,3.6500000000000004,-0.7280083849407639,true,false
42,141,-0.04999999999999982,3.6500000000000004,-0.725607033012053,true,false
43,141,0.0,3.6500000000000004,-0.7228499009586777,true,false
44,141,0.050000000000000266,3.6500000000000004,-0.7228499009586777,true,false
45,141,0.10000000000000009,3.6500000000000004,-0.7255466535068955,true,false
46,141,0.15000000000000036,3.6500000000000004,-0.7238036944843735,true,false
47,141,0.20000000000000018,3.6500000000000004,-0.7205141246010708,false,true
48,141,0.25000000000000044,3.6500000000000004,-0.7173074469349195,false,true
49,141,0.30000000000000027,3.6500000000000004,-0.7160419478393998,false,true
50,141,0.3500000000000001,3.6500000000000004,-0.7085782117677649,false,true
51,141,0.40000000000000036,3.6500000000000004,-0.7002147679708809,false,true
52,141,0.4500000000000002,3.6500000000000004,-0.696454260200309,false,true
53,141,0.5000000000000004,3.6500000000000004,-0.6946827274839171,false,true
54,141,0.5500000000000003,3.6500000000000004,-0.6933693840481248,false,true
55,141,0.6000000000000001,3.6500000000000004,-0.6913090336323202,false,true
56,141,0.6500000000000004,3.6500000000000004,-0.6891927673794236,false,true
0,142,-2.15,3.7,-0.6928510445524299,false,true
1,142,-2.1,3.7,-0.6928508133714844,false,true
2,142,-2.05,3.7,-0.6928506181494763,false,true
3,142,-2.0,3.7,-0.6928504552489911,false,true
4,142,-1.95,3.7,-0.6928503210816479,false,true
5,142,-1.9,3.7,-0.6928502121469805,false,true
6,142,-1.8499999999999999,3.7,-0.6928501250722776,false,true
7,142,-1.7999999999999998,3.7,-0.6928500566521868,false,true
8,142,-1.75,3.7,-0.6928500038866146,false,true
9,142,-1.7,3.7,-0.6928499640152123,false,true
10,142,-1.65,3.7,-0.6928499345465531,false,true
11,142,-1.5999999999999999,3.7,-0.6928499132800476,false,true
12,142,-1.5499999999999998,3.7,-0.6928498983187522,false,true
13,142,-1.5,3.7,-0.6928498880717935,false,true
14,142,-1.4499999999999997,3.7,-0.6928498812449698,false,true
15,142,-1.4,3.7,-0.6928498768281791,false,true
16,142,-1.3499999999999999,3.7,-0.6928498740326088,false,true
17,142,-1.2999999999999998,3.7,-0.6928498728503572,false,true
18,142,-1.25,3.7,-0.6928498699642625,false,true
19,142,-1.1999999999999997,3.7,-0.6178498820916514,false,true
20,142,-1.15,3.7,-0.5428498938061204,false,true
21,142,-1.0999999999999999,3.7,-0.6294100923251219,false,true
22,142,-1.0499999999999998,3.7,-0.6801182260363622,false,true
23,142,-0.9999999999999998,3.7,-0.68013142972322,false,true
24,142,-0.9499999999999997,3.7,-0.6801434133310312,false,true
25,142,-0.8999999999999999,3.7,-0.6801539821862871,false,true
26,142,-0.8499999999999999,3.7,-0.6801628967330671,false,true
27,142,-0.7999999999999998,3.7,-0.6801700270161699,false,true
28,142,-0.7499999999999998,3.7,-0.6801734838075567,false,true
29,142,-0.6999999999999997,3.7,-0.6801828398682084,false,true
30,142,-0.6499999999999999,3.7,-0.6803372928779987,false,true
31,142,-0.5999999999999999,3.7,-0.6806721301108164,false,true
32,142,-0.5499999999999998,3.7,-0.698430747332862,false,true
33,142,-0.4999999999999998,3.7,-0.7274857714153733,false,true
34,142,-0.44999999999999973,3.7,-0.727349304130712,false,true
35,142,-0.3999999999999999,3.7,-0.7271062146563678,false,true
36,142,-0.34999999999999987,3.7,-0.7275823049930422,false,true
37,142,-0.2999999999999998,3.7,-0.7284653888501482,false,true
38,142,-0.24999999999999978,3.7,-0.7284901692844834,false,true
39,142,-0.19999999999999973,3.7,-0.7295681996579794,false,true
40,142,-0.1499999999999999,3.7,-0.7300659433507012,false,true
41,142,-0.09999999999999964,3.7,-0.7315208568550553,true,false
42,142,-0.04999999999999982,3.7,-0.7296103491760697,true,false
43,142,0.0,3.7,-0.7279233887173142,true,false
44,142,0.050000000000000266,3.7,-0.7282859041668381,true,false
45,142,0.10000000000000009,3.7,-0.7254294670770104,false,true
46,142,0.15000000000000036,3.7,-0.7245256517501627,false,true
47,142,0.20000000000000018,3.7,-0.7238036944843735,false,true
48,142,0.25000000000000044,3.7,-0.71961218503536,false,true
49,142,0.30000000000000027,3.7,-0.7165661347279351,false,true
50,142,0.3500000000000001,3.7,-0.7160419478393998,false,true
51,142,0.40000000000000036,3.7,-0.705803740891728,false,true
52,142,0.4500000000000002,3.7,-0.6970368175060675,false,true
53,142,0.5000000000000004,3.7,-0.6948169280171378,false,true
54,142,0.5500000000000003,3.7,-0.6939133887112837,false,true
55,142,0.6000000000000001,3.7,-0.6933693840481248,false,true
56,142,0.6500000000000004,3.7,-0.6912883784304343,false,true
0,143,-2.15,3.75,-0.6928505923368423,false,true
1,143,-2.1,3.75,-0.692850436041748,false,true
2,143,-2.05,3.75,-0.6928503072721384,false,true
3,143,-2.0,3.75,-0.6928502026367023,false,true
4,143,-1.95,3.75,-0.692850118883478,false,true
5,143,-1.9,3.75,-0.6928500529362229,false,true
6,143,-1.8499999999999999,3.75,-0.6928500019283296,false,true
7,143,-1.7999999999999998,3.75,-0.6928499632327189,false,true
8,143,-1.75,3.75,-0.6928499344860733,false,true
9,143,-1.7,3.75,-0.692849913605819,false,true
10,143,-1.65,3.75,-0.692849898798484,false,true
11,143,-1.5999999999999999,3.75,-0.6928498885584723,false,true
12,143,-1.5499999999999998,3.75,-0.6928498816569123,false,true
13,143,-1.5,3.75,-0.6928498771209064,false,true
14,143,-1.4499999999999997,3.75,-0.6928498742047531,false,true
15,143,-1.4,3.75,-0.6928498723497107,false,true
16,143,-1.3499999999999999,3.75,-0.6928498711597221,false,true
17,143,-1.2999999999999998,3.75,-0.6928498699642625,false,true
18,143,-1.25,3.75,-0.6178498819391195,false,true
19,143,-1.1999999999999997,3.75,-0.5428498938061204,false,true
20,143,-1.15,3.75,-0.6161722727713453,false,true
21,143,-1.0999999999999999,3.75,-0.6801340997619708,false,true
22,143,-1.0499999999999998,3.75,-0.6801453241809914,false,true
23,143,-0.9999999999999998,3.75,-0.6801551490463024,false,true
24,143,-0.9499999999999997,3.75,-0.6801634474501526,false,true
25,143,-0.8999999999999999,3.75,-0.6801701404024176,false,true
26,143,-0.8499999999999999,3.75,-0.6801752624501362,false,true
27,143,-0.7999999999999998,3.75,-0.680178964460996,false,true
28,143,-0.7499999999999998,3.75,-0.6801828398682084,false,true
29,143,-0.6999999999999997,3.75,-0.6802468163996129,false,true
30,143,-0.6499999999999999,3.75,-0.6803901261937044,false,true
31,143,-0.5999999999999999,3.75,-0.6979921111865581,false,true
32,143,-0.5499999999999998,3.75,-0.7274857714153733,false,true
33,143,-0.4999999999999998,3.75,-0.7274292448152463,false,true
34,143,-0.44999999999999973,3.75,-0.7273180752143787,false,true
35,143,-0.3999999999999999,3.75,-0.7276575062270357,false,true
36,143,-0.34999999999999987,3.75,-0.7284799048925004,false,true
37,143,-0.2999999999999998,3.75,-0.7284901692844834,false,true
38,143,-0.24999999999999978,3.75,-0.7296686692515274,false,true
39,143,-0.19999999999999973,3.75,-0.7309182119494722,false,true
40,143,-0.1499999999999999,3.75,-0.7315208568550553,false,true
41,143,-0.09999999999999964,3.75,-0.7307294986634014,false,true
42,143,-0.04999999999999982,3.75,-0.7296758246409597,false,true
43,143,0.0,3.75,-0.7285236663129707,false,true
44,143,0.050000000000000266,3.75,-0.7281357453510756,false,true
45,143,0.10000000000000009,3.75,-0.7282859041668382,false,true
46,143,0.15000000000000036,3.75,-0.7256646682216925,false,true
47,143,0.20000000000000018,3.75,-0.7241027389753172,false,true
48,143,0.25000000000000044,3.75,-0.7238036944843735,false,true
49,143,0.30000000000000027,3.75,-0.7192082619166313,false,true
50,143,0.3500000000000001,3.75,-0.7162590731578492,false,true
51,143,0.40000000000000036,3.75,-0.7160419478393998,false,true
52,143,0.4500000000000002,3.75,-0.7039592264200375,false,true
53,143,0.5000000000000004,3.75,-0.6952024780593445,false,true
54,143,0.5500000000000003,3.75,-0.6940186939700577,false,true
55,143,0.6000000000000001,3.75,-0.6935947181575994,false,true
56,143,0.6500000000000004,3.75,-0.6933693840481248,false,true
