grid_x,grid_y,local_x_m,local_y_m,dh_dx,dh_dy
0,0,-1.1,-0.75,-0.06132717822592476,0.02978055084622594
1,0,-1.05,-0.75,-0.0694769292083533,0.04022480314475718
2,0,-1.0,-0.75,-0.07764121728926751,0.04682447940273421
3,0,-0.9500000000000001,-0.75,-0.06952266336167932,0.044631786951497
4,0,-0.9000000000000001,-0.75,-0.05268858989757076,0.03483493021863002
5,0,-0.8500000000000001,-0.75,-0.041224856208115085,0.024589578815546465
6,0,-0.8,-0.75,-0.04293217185218287,0.020135849664038724
7,0,-0.75,-0.75,-0.05585698062279834,0.02326429590972859
8,0,-0.7000000000000001,-0.75,-0.07052779727130996,0.031319695048384055
9,0,-0.6500000000000001,-0.75,-0.07733019237794347,0.03856451245559653
10,0,-0.6000000000000001,-0.75,-0.07552855056895728,0.04066991904471254
11,0,-0.55,-0.75,-0.07248383991920127,0.03798534739206938
12,0,-0.5,-0.75,-0.0759100380782008,0.032989773458771826
13,0,-0.45000000000000007,-0.75,-0.0897337322543432,0.02732176197577728
14,0,-0.4,-0.75,-0.11318526495988447,0.022483965411418533
15,0,-0.3500000000000001,-0.75,-0.1408462776261509,0.02013236999693503
16,0,-0.30000000000000004,-0.75,-0.16550803340701742,0.02018277598667774
17,0,-0.25,-0.75,-0.1809435431199269,0.02095076026417976
18,0,-0.20000000000000007,-0.75,-0.18175140703704573,0.022002143166627332
19,0,-0.15000000000000002,-0.75,-0.16619045730981052,0.025040958876800246
20,0,-0.10000000000000009,-0.75,-0.1429818164631628,0.031735405539598874
21,0,-0.050000000000000044,-0.75,-0.1260129522805646,0.04279603788166331
22,0,0.0,-0.75,-0.11451250924005694,0.058155622134251767
23,0,0.050000000000000044,-0.75,-0.09097810269960108,0.0741828106427947
24,0,0.10000000000000009,-0.75,-0.048691117468199624,0.08298278771812287
25,0,0.1499999999999999,-0.75,-0.004477041722431158,0.08020170262092424
26,0,0.19999999999999996,-0.75,0.02605456090777343,0.0702081286472879
27,0,0.25,-0.75,0.04568016641771269,0.059449571992483824
28,0,0.30000000000000004,-0.75,0.060677832907389956,0.04968300403102144
29,0,0.3500000000000001,-0.75,0.06811840769192903,0.03977274439329173
30,0,0.3999999999999999,-0.75,0.06298798717282644,0.029481652000211828
31,0,0.44999999999999996,-0.75,0.047176365000269546,0.02001099058257058
32,0,0.5,-0.75,0.028928754826602378,0.01299195659587915
33,0,0.55,-0.75,0.016237004648575575,0.00928376703424584
34,0,0.6000000000000001,-0.75,0.010983904014915703,0.00792754412279828
35,0,0.6499999999999999,-0.75,0.009450863386098567,0.007078467485259823
36,0,0.7,-0.75,0.007878473294979337,0.005868703668400893
37,0,0.75,-0.75,0.006808344090004706,0.004560413066908922
0,1,-1.1,-0.7,-0.05088292592739352,0.030244085949032856
1,1,-1.05,-0.7,-0.060954964930099165,0.04260318059750204
2,1,-1.0,-0.7,-0.0754377253858976,0.052412247546176766
3,1,-0.9500000000000001,-0.7,-0.07551743795373142,0.053473817279457714
4,1,-0.9000000000000001,-0.7,-0.06270969396554603,0.04488364973515603
5,1,-0.8500000000000001,-0.7,-0.04857439648541073,0.03319102640212415
6,1,-0.8,-0.7,-0.04359481330509181,0.02613051493129924
7,1,-0.75,-0.7,-0.050265057930625676,0.027377956178769314
8,1,-0.7000000000000001,-0.7,-0.062877688998376,0.03531319079583685
9,1,-0.6500000000000001,-0.7,-0.07265508037977923,0.04412148884317811
10,1,-0.6000000000000001,-0.7,-0.07581813310072086,0.048278659546171845
11,1,-0.55,-0.7,-0.07632391271217162,0.046673186804092257
12,1,-0.5,-0.7,-0.08124183078634685,0.04133149533764452
13,1,-0.45000000000000007,-0.7,-0.09498663627801984,0.03458299950307796
14,1,-0.4,-0.7,-0.1167799609493056,0.029025439415268847
15,1,-0.3500000000000001,-0.7,-0.1419968723385213,0.027021080466942647
16,1,-0.30000000000000004,-0.7,-0.16509883827339508,0.028105992264843768
17,1,-0.25,-0.7,-0.18003385952995207,0.0293275935260093
18,1,-0.20000000000000007,-0.7,-0.17970630773073545,0.029519916850729376
19,1,-0.15000000000000002,-0.7,-0.16132382612332472,0.03127065495832951
20,1,-0.10000000000000009,-0.7,-0.13410427696073127,0.03777501597107928
21,1,-0.050000000000000044,-0.7,-0.11280284398323816,0.05016736528942377
22,1,0.0,-0.7,-0.09881912285949125,0.0675960167935731
23,1,0.050000000000000044,-0.7,-0.07856451990766553,0.08553544802453392
24,1,0.10000000000000009,-0.7,-0.04568167147913485,0.0958146081861376
25,1,0.1499999999999999,-0.7,-0.010864371257848643,0.09411528251202478
26,1,0.19999999999999996,-0.7,0.01567849559355322,0.08442709055246904
27,1,0.25,-0.7,0.03541760410957946,0.07261467876696147
28,1,0.30000000000000004,-0.7,0.05083941910779391,0.06055417814412087
29,1,0.3500000000000001,-0.7,0.05801773167652423,0.04805663253307828
30,1,0.3999999999999999,-0.7,0.05310711026746587,0.035794740999418595
31,1,0.44999999999999996,-0.7,0.03893151729810321,0.025173225611968206
32,1,0.5,-0.7,0.023565143052440007,0.01745570922737312
33,1,0.55,-0.7,0.01370479841203514,0.01302450380960038
34,1,0.6000000000000001,-0.7,0.009881254240422695,0.01074553822298728
35,1,0.6499999999999999,-0.7,0.008421443158899873,0.00902416523023298
36,1,0.7,-0.7,0.006619446085803886,0.007289430919990812
37,1,0.75,-0.7,0.005500053488512735,0.005801039924175841
0,2,-1.1,-0.65,-0.0366089889289864,0.027612301765560926
1,2,-1.05,-0.65,-0.04730876761120939,0.04218298972604964
2,2,-1.0,-0.65,-0.06677058060731184,0.05764874224969602
3,2,-0.9500000000000001,-0.65,-0.07705126117270006,0.06662889949004533
4,2,-0.9000000000000001,-0.65,-0.07297138077490432,0.06374499790054847
5,2,-0.8500000000000001,-0.65,-0.059977991011971876,0.05205092091112189
6,2,-0.8,-0.65,-0.04874524207553771,0.040379898824676325
7,2,-0.75,-0.65,-0.04667430475826073,0.03628194555486797
8,2,-0.7000000000000001,-0.65,-0.053784264606901167,0.04159258112607665
9,2,-0.6500000000000001,-0.65,-0.06436472362760848,0.05190440910169965
10,2,-0.6000000000000001,-0.65,-0.07297685260804314,0.06019948155248235
11,2,-0.55,-0.65,-0.07943100412772859,0.061956964331647754
12,2,-0.5,-0.65,-0.0880002253792151,0.056992476683930676
13,2,-0.45000000000000007,-0.65,-0.10203978817671887,0.04838414372604818
14,2,-0.4,-0.65,-0.12074718399601977,0.04122854429879207
15,2,-0.3500000000000001,-0.65,-0.14176572477657598,0.03973573942276008
16,2,-0.30000000000000004,-0.65,-0.1632015203479508,0.04290037931091641
17,2,-0.25,-0.65,-0.17952961853404129,0.04518116241047927
18,2,-0.20000000000000007,-0.65,-0.1798083456047255,0.04358941208670782
19,2,-0.15000000000000002,-0.65,-0.1579353581894606,0.04211531054553239
20,2,-0.10000000000000009,-0.65,-0.12408510613206855,0.04695284773163746
21,2,-0.050000000000000044,-0.65,-0.09619195145807079,0.060320262730274334
22,2,0.0,-0.65,-0.0791444265049468,0.08015747863122004
23,2,0.050000000000000044,-0.65,-0.06275951130703658,0.10065243493067665
24,2,0.10000000000000009,-0.65,-0.04011128298070876,0.11359684410878958
25,2,0.1499999999999999,-0.65,-0.01586455935609972,0.11474778959053855
26,2,0.19999999999999996,-0.65,0.0045539571627101205,0.10687415352313462
27,2,0.25,-0.65,0.02180725400936452,0.09436215014085883
28,2,0.30000000000000004,-0.65,0.036119786673506765,0.07926827286740143
29,2,0.3500000000000001,-0.65,0.04335897054722676,0.0632237016930598
30,2,0.3999999999999999,-0.65,0.04010458025171637,0.04861414977278423
31,2,0.44999999999999996,-0.65,0.02883733322822407,0.037136294037493946
32,2,0.5,-0.65,0.01678003302423455,0.029005987664535784
33,2,0.55,-0.65,0.009526833644189735,0.023277792861180306
34,2,0.6000000000000001,-0.65,0.006983565435548303,0.01862759848724027
35,2,0.6499999999999999,-0.65,0.0059947560831020985,0.014615514992556075
36,2,0.7,-0.65,0.004655347988922198,0.011657343868061582
37,2,0.75,-0.65,0.0038315620983747634,0.009906138004157523
0,3,-1.1,-0.6,-0.021741550006416088,0.020126661850093236
1,3,-1.05,-0.6,-0.030918524445964074,0.033150530373945164
2,3,-1.0,-0.6,-0.050991815621901915,0.050718817890714335
3,3,-0.9500000000000001,-0.6,-0.06942118230287897,0.06735999986139662
4,3,-0.9000000000000001,-0.6,-0.07728767254446947,0.07489031539950466
5,3,-0.8500000000000001,-0.6,-0.07193949556128287,0.06999993626470462
6,3,-0.8,-0.6,-0.05936378866134573,0.05779287622268224
7,3,-0.75,-0.6,-0.04905237562922535,0.04755973204000702
8,3,-0.7000000000000001,-0.6,-0.047255225451544314,0.0460173964964157
9,3,-0.6500000000000001,-0.6,-0.054048179953373535,0.05327585254400892
10,3,-0.6000000000000001,-0.6,-0.06576557787077275,0.06357390318031488
11,3,-0.55,-0.6,-0.0795309175807233,0.06945463064313012
12,3,-0.5,-0.6,-0.09481465139194643,0.06662899564018908
13,3,-0.45000000000000007,-0.6,-0.11075056866315845,0.05712737214378573
14,3,-0.4,-0.6,-0.12542836525259368,0.04824612462373586
15,3,-0.3500000000000001,-0.6,-0.14032503732639695,0.04641272968002239
16,3,-0.30000000000000004,-0.6,-0.1596534152856759,0.050689615654170794
17,3,-0.25,-0.6,-0.17934482675416066,0.053648785653600026
18,3,-0.20000000000000007,-0.6,-0.18277215959568235,0.05055809544960394
19,3,-0.15000000000000002,-0.6,-0.1579603904783951,0.045843498421092484
20,3,-0.10000000000000009,-0.6,-0.11589932477598934,0.04749099631054014
21,3,-0.050000000000000044,-0.6,-0.07959821308365557,0.05869909115280819
22,3,0.0,-0.6,-0.05848695065908894,0.077292706625279
23,3,0.050000000000000044,-0.6,-0.045125154430095994,0.09765819712138073
24,3,0.10000000000000009,-0.6,-0.031586316819272944,0.11248925539398175
25,3,0.1499999999999999,-0.6,-0.0175870618435036,0.11732876196335079
26,3,0.19999999999999996,-0.6,-0.0047071438561265,0.11296266230213681
27,3,0.25,-0.6,0.007811723453846273,0.10217517717128306
28,3,0.30000000000000004,-0.6,0.019700970659994876,0.08732483679838202
29,3,0.3500000000000001,-0.6,0.027363608581907027,0.0714786358061022
30,3,0.3999999999999999,-0.6,0.027019702611900016,0.05822825114601929
31,3,0.44999999999999996,-0.6,0.019323355189854764,0.04940296070062883
32,3,0.5,-0.6,0.009706641876126368,0.043842922669380426
33,3,0.55,-0.6,0.003326409234739626,0.03857987040050217
34,3,0.6000000000000001,-0.6,0.0012189763717984636,0.031986921473573446
35,3,0.6499999999999999,-0.6,0.0014511885397211835,0.025537549736430153
36,3,0.7,-0.6,0.0019100690974053341,0.021306974502275575
37,3,0.75,-0.6,0.0019976417607046187,0.019421469842691996
0,4,-1.1,-0.55,-0.01056125188128254,0.013516524010741965
1,4,-1.05,-0.55,-0.01671661157058829,0.022073372480929526
2,4,-1.0,-0.55,-0.032561111119860375,0.03653340656710885
3,4,-0.9500000000000001,-0.55,-0.05287976366390973,0.055419658490884344
4,4,-0.9000000000000001,-0.55,-0.07033144437159633,0.0721605951227533
5,4,-0.8500000000000001,-0.55,-0.0770754301887943,0.07901549216504933
6,4,-0.8,-0.55,-0.07118544630023531,0.07383115927881281
7,4,-0.75,-0.55,-0.05844978448452727,0.062236238295288876
8,4,-0.7000000000000001,-0.55,-0.048068144102899266,0.05329667939487623
9,4,-0.6500000000000001,-0.55,-0.046808216943709305,0.05284141055949536
10,4,-0.6000000000000001,-0.55,-0.056798074508921936,0.059652674936647374
11,4,-0.55,-0.55,-0.07637591166785439,0.0664401966919697
12,4,-0.5,-0.55,-0.1003274838785595,0.06559797040710261
13,4,-0.45000000000000007,-0.55,-0.12042265919317209,0.05659334256970065
14,4,-0.4,-0.55,-0.1314618264597831,0.046887772720408255
15,4,-0.3500000000000001,-0.55,-0.13932223374614103,0.04390126523246114
16,4,-0.30000000000000004,-0.55,-0.15596546437437317,0.04713257322336765
17,4,-0.25,-0.55,-0.17966113873860812,0.04923967363590253
18,4,-0.20000000000000007,-0.55,-0.18761363283723304,0.04548865671370383
19,4,-0.15000000000000002,-0.55,-0.1610024573285244,0.039846969522611735
20,4,-0.10000000000000009,-0.55,-0.11122951340035285,0.03936202675338323
21,4,-0.050000000000000044,-0.55,-0.06639024114333192,0.04695296657639302
22,4,0.0,-0.55,-0.04018532053637426,0.061427346956156315
23,4,0.050000000000000044,-0.55,-0.027562962538333832,0.07912425771775335
24,4,0.10000000000000009,-0.55,-0.02044071813873869,0.09447042180682645
25,4,0.1499999999999999,-0.55,-0.015391152447944666,0.10254943282500907
26,4,0.19999999999999996,-0.55,-0.010599627629357608,0.10187864306996086
27,4,0.25,-0.55,-0.0038305714943902627,0.09387846285025571
28,4,0.30000000000000004,-0.55,0.0054232453083259,0.08134089736368598
29,4,0.3500000000000001,-0.55,0.014262384894864026,0.06825915979052827
30,4,0.3999999999999999,-0.55,0.018028905146242995,0.05890644172350794
31,4,0.44999999999999996,-0.55,0.014452004751585208,0.055437169907620494
32,4,0.5,-0.55,0.0059569427241078915,0.0558721536554669
33,4,0.55,-0.55,-0.002329167551617245,0.05521127585657509
34,4,0.6000000000000001,-0.55,-0.006058755228523713,0.0505792073125428
35,4,0.6499999999999999,-0.55,-0.004685190888195773,0.044229586575096694
36,4,0.7,-0.55,-0.001460731904815958,0.03967698759134251
37,4,0.75,-0.55,6.05527792076066e-05,0.03766348782836427
0,5,-1.1,-0.5,-0.004627853066040966,0.012570109573999816
1,5,-1.05,-0.5,-0.007901641889597188,0.016555638744938928
2,5,-1.0,-0.5,-0.017645529611947097,0.025177040982471838
3,5,-0.9500000000000001,-0.5,-0.03379399374723452,0.040069187138613155
4,5,-0.9000000000000001,-0.5,-0.05369183887030449,0.05913549753487013
5,5,-0.8500000000000001,-0.5,-0.07026893140522336,0.07563178492685813
6,5,-0.8,-0.5,-0.07614304253110618,0.08233000960882177
7,5,-0.75,-0.5,-0.06958685551316193,0.07751900706517274
8,5,-0.7000000000000001,-0.5,-0.05665005318733783,0.06682377775171729
9,5,-0.6500000000000001,-0.5,-0.04769218441160239,0.0585968560923214
10,5,-0.6000000000000001,-0.5,-0.05216679173829841,0.05701251884290978
11,5,-0.55,-0.5,-0.07358562211026806,0.05880890335337681
12,5,-0.5,-0.5,-0.10466150551421548,0.0571502120428391
13,5,-0.45000000000000007,-0.5,-0.1294607663498528,0.04981270170838964
14,5,-0.4,-0.5,-0.1381204425898332,0.041699930224090506
15,5,-0.3500000000000001,-0.5,-0.14008023682343754,0.03818262794252236
16,5,-0.30000000000000004,-0.5,-0.1543150068822345,0.03878341994480481
17,5,-0.25,-0.5,-0.1809887432638245,0.03861866786893757
18,5,-0.20000000000000007,-0.5,-0.19216486370897312,0.03530578906591843
19,5,-0.15000000000000002,-0.5,-0.1640870204387157,0.03180768072747552
20,5,-0.10000000000000009,-0.5,-0.10879332772220807,0.031797283667864946
21,5,-0.050000000000000044,-0.5,-0.057532892880882494,0.03646207902658797
22,5,0.0,-0.5,-0.026315659517728608,0.04574997082967783
23,5,0.050000000000000044,-0.5,-0.012082079579425857,0.05864849180889042
24,5,0.10000000000000009,-0.5,-0.008161141712017227,0.071969984900981
25,5,0.1499999999999999,-0.5,-0.010178840580369192,0.08115305503558733
26,5,0.19999999999999996,-0.5,-0.013378113830879862,0.08315442776254595
27,5,0.25,-0.5,-0.012726022252428602,0.07797729693734504
28,5,0.30000000000000004,-0.5,-0.005918332399732565,0.06816528511443747
29,5,0.3500000000000001,-0.5,0.004929152941728979,0.057939551602948086
30,5,0.3999999999999999,-0.5,0.014197712728992243,0.05192519658858634
31,5,0.44999999999999996,-0.5,0.016289067121813723,0.052936858549992166
32,5,0.5,-0.5,0.009480747825080967,0.05954829896040178
33,5,0.55,-0.5,-0.0019665371081844726,0.06632723549238717
34,5,0.6000000000000001,-0.5,-0.009762712909679935,0.0686752817627265
35,5,0.6499999999999999,-0.5,-0.009451031181479108,0.06691680731553958
36,5,0.7,-0.5,-0.004656029649327091,0.0641597091037064
37,5,0.75,-0.5,-0.0020293577652518574,0.062238463509839796
0,6,-1.1,-0.44999999999999996,-0.0025901935394043174,0.018641585831905005
1,6,-1.05,-0.44999999999999996,-0.004109680162116269,0.019566559498220837
2,6,-1.0,-0.44999999999999996,-0.009047562726186148,0.02296830343309228
3,6,-0.9500000000000001,-0.44999999999999996,-0.018921307111511437,0.03128481119228116
4,6,-0.9000000000000001,-0.44999999999999996,-0.03476884658335136,0.04595401064375643
5,6,-0.8500000000000001,-0.44999999999999996,-0.05388091811484266,0.06462177993274865
6,6,-0.8,-0.44999999999999996,-0.06929822416192069,0.08072676446736385
7,6,-0.75,-0.44999999999999996,-0.07395601634163175,0.08746396830645084
8,6,-0.7000000000000001,-0.44999999999999996,-0.0669902950757506,0.08335862076535999
9,6,-0.6500000000000001,-0.44999999999999996,-0.05661947585251681,0.07332915680133438
10,6,-0.6000000000000001,-0.44999999999999996,-0.05658602724786653,0.06357304785270981
11,6,-0.55,-0.44999999999999996,-0.07623821846792507,0.05621365311485313
12,6,-0.5,-0.44999999999999996,-0.10932368552354667,0.04992190999074775
13,6,-0.45000000000000007,-0.44999999999999996,-0.13587294101192068,0.04419975607121325
14,6,-0.4,-0.44999999999999996,-0.14309190022565038,0.0402582367039174
15,6,-0.3500000000000001,-0.44999999999999996,-0.14223874402542672,0.038349036775906786
16,6,-0.30000000000000004,-0.44999999999999996,-0.15552942444795795,0.03692109269971579
17,6,-0.25,-0.44999999999999996,-0.1831387696174945,0.03465496425093811
18,6,-0.20000000000000007,-0.44999999999999996,-0.1944246199786951,0.032421971698542766
19,6,-0.15000000000000002,-0.44999999999999996,-0.16451096272657786,0.03198136074170971
20,6,-0.10000000000000009,-0.44999999999999996,-0.10657511510124042,0.03344651217044581
21,6,-0.050000000000000044,-0.44999999999999996,-0.052437553981519044,0.03610524385606665
22,6,0.0,-0.44999999999999996,-0.017998907754071813,0.04034756927795247
23,6,0.050000000000000044,-0.44999999999999996,-0.0013429484670306538,0.04696693858662903
24,6,0.10000000000000009,-0.44999999999999996,0.0020638450879582187,0.05517511356256669
25,6,0.1499999999999999,-0.44999999999999996,-0.0042067095863797255,0.06224244176510189
26,6,0.19999999999999996,-0.44999999999999996,-0.013775385727599898,0.06527692656963224
27,6,0.25,-0.44999999999999996,-0.018819714142498736,0.06304286372422037
28,6,0.30000000000000004,-0.44999999999999996,-0.01461450002607105,0.05663816939866496
29,6,0.3500000000000001,-0.44999999999999996,-0.001977703630987107,0.049270432599139054
30,6,0.3999999999999999,-0.44999999999999996,0.013026212093287075,0.04516264110530726
31,6,0.44999999999999996,-0.44999999999999996,0.022075107123400647,0.047493096002549084
32,6,0.5,-0.44999999999999996,0.019347319666502896,0.056229712920769816
33,6,0.55,-0.44999999999999996,0.006797815250707481,0.06776757784486445
34,6,0.6000000000000001,-0.44999999999999996,-0.0054691834053713015,0.07732152046216162
35,6,0.6499999999999999,-0.44999999999999996,-0.009200763547215877,0.08219923280027097
36,6,0.7,-0.44999999999999996,-0.006139075710515744,0.08305294890478684
37,6,0.75,-0.44999999999999996,-0.003781938408525601,0.08207982830263023
0,7,-1.1,-0.39999999999999997,-0.0027779057334093027,0.0336166414278842
1,7,-1.05,-0.39999999999999997,-0.003574924288409914,0.03206915011466957
2,7,-1.0,-0.39999999999999997,-0.005927277917886775,0.03149813952812899
3,7,-0.9500000000000001,-0.39999999999999997,-0.010808286536570372,0.033881283668992235
4,7,-0.9000000000000001,-0.39999999999999997,-0.020354870129837,0.04162854915613856
5,7,-0.8500000000000001,-0.39999999999999997,-0.03549617758161594,0.05580782348887661
6,7,-0.8,-0.39999999999999997,-0.05330085415740399,0.07390627307363215
7,7,-0.75,-0.39999999999999997,-0.06695499921516579,0.08958544607161043
8,7,-0.7000000000000001,-0.39999999999999997,-0.07078486469245429,0.09644553903051988
9,7,-0.6500000000000001,-0.39999999999999997,-0.06747775732425257,0.09255077833686273
10,7,-0.6000000000000001,-0.39999999999999997,-0.06928229542477966,0.08056989053388884
11,7,-0.55,-0.39999999999999997,-0.08723675997223013,0.06500349490970302
12,7,-0.5,-0.39999999999999997,-0.11667540255785536,0.05144367047974857
13,7,-0.45000000000000007,-0.39999999999999997,-0.13912443963668314,0.04483379511590571
14,7,-0.4,-0.39999999999999997,-0.14397116188513964,0.04491561666599801
15,7,-0.3500000000000001,-0.39999999999999997,-0.14341738082763916,0.04649602680426031
16,7,-0.30000000000000004,-0.39999999999999997,-0.15800907940720316,0.04548667517337797
17,7,-0.25,-0.39999999999999997,-0.1854878642649975,0.04249920908366957
18,7,-0.20000000000000007,-0.39999999999999997,-0.19483846721820153,0.04058906507143961
19,7,-0.15000000000000002,-0.39999999999999997,-0.16306247996681267,0.04105430548070981
20,7,-0.10000000000000009,-0.39999999999999997,-0.10466944460785113,0.042462150754282356
21,7,-0.050000000000000044,-0.39999999999999997,-0.05063183577337583,0.04311848753206109
22,7,0.0,-0.39999999999999997,-0.015453964787166229,0.04309908883056223
23,7,0.050000000000000044,-0.39999999999999997,0.002745464705188362,0.04368364348005499
24,7,0.10000000000000009,-0.39999999999999997,0.007114361466455631,0.04569782083187328
25,7,0.1499999999999999,-0.39999999999999997,-7.702757330363408e-05,0.04878512294665176
26,7,0.19999999999999996,-0.39999999999999997,-0.01257769187176138,0.05167211445016272
27,7,0.25,-0.39999999999999997,-0.021364779423395895,0.052717108540471375
28,7,0.30000000000000004,-0.39999999999999997,-0.01969076352481388,0.050894607689508445
29,7,0.3500000000000001,-0.39999999999999997,-0.006546375351628719,0.047057675826719
30,7,0.3999999999999999,-0.39999999999999997,0.012420376132402274,0.04418046359708404
31,7,0.44999999999999996,-0.39999999999999997,0.02735613893727628,0.045370456529942524
32,7,0.5,-0.39999999999999997,0.02975522966739634,0.05163056443292577
33,7,0.55,-0.39999999999999997,0.01912527043320733,0.061770196921643386
34,7,0.6000000000000001,-0.39999999999999997,0.004668942045726581,0.07291892957367639
35,7,0.6499999999999999,-0.39999999999999997,-0.0037196027388538763,0.08140925487582545
36,7,0.7,-0.39999999999999997,-0.004775434146967825,0.08551020095473123
37,7,0.75,-0.39999999999999997,-0.003975598969565078,0.0864130677468486
0,8,-1.1,-0.35,-0.005685176165833583,0.06752821607200782
1,8,-1.05,-0.35,-0.006228182061871479,0.06009115315171926
2,8,-1.0,-0.35,-0.007235429171863483,0.05325342392191956
3,8,-0.9500000000000001,-0.35,-0.00879089748350187,0.04928798622363298
4,8,-0.9000000000000001,-0.35,-0.012842306763466982,0.05016413894407379
5,8,-0.8500000000000001,-0.35,-0.021603194197349074,0.057320392121520264
6,8,-0.8,-0.35,-0.03552060157918688,0.07108618958860558
7,8,-0.75,-0.35,-0.051416750384744025,0.0887915736659621
8,8,-0.7000000000000001,-0.35,-0.0640249628104983,0.1045576723235156
9,8,-0.6500000000000001,-0.35,-0.07249512434914784,0.1121287059406606
10,8,-0.6000000000000001,-0.35,-0.08413331067502625,0.1075578160009373
11,8,-0.55,-0.35,-0.10536443852206534,0.09106061560676927
12,8,-0.5,-0.35,-0.12949338531734397,0.07019992000717498
13,8,-0.45000000000000007,-0.35,-0.14240099482567123,0.05657109759163996
14,8,-0.4,-0.35,-0.1414296685372958,0.05413606715459034
15,8,-0.3500000000000001,-0.35,-0.14166768551804676,0.05640336929211991
16,8,-0.30000000000000004,-0.35,-0.1595262421685487,0.056290163529902244
17,8,-0.25,-0.35,-0.18803637971943288,0.053240066601433225
18,8,-0.20000000000000007,-0.35,-0.19586952358165483,0.05064059037454372
19,8,-0.15000000000000002,-0.35,-0.1626378770437351,0.05015611118601946
20,8,-0.10000000000000009,-0.35,-0.10451093304988912,0.05032772474349687
21,8,-0.050000000000000044,-0.35,-0.051800615905239177,0.04911704094785939
22,8,0.0,-0.35,-0.01743375180607791,0.04627362239467834
23,8,0.050000000000000044,-0.35,0.0012557835342803976,0.043086038052488757
24,8,0.10000000000000009,-0.35,0.007165324554554986,0.04104531698125477
25,8,0.1499999999999999,-0.35,0.0017675840319097101,0.04141169342944319
26,8,0.19999999999999996,-0.35,-0.00984340013378028,0.04486386206688779
27,8,0.25,-0.35,-0.01959722090315301,0.05021765352513356
28,8,0.30000000000000004,-0.35,-0.020273932739823426,0.0539792312277684
29,8,0.3500000000000001,-0.35,-0.008691847723411514,0.05335271252441648
30,8,0.3999999999999999,-0.35,0.0113389927965106,0.049969310580200814
31,8,0.44999999999999996,-0.35,0.02952520795924238,0.047968981785660426
32,8,0.5,-0.35,0.03574706005820376,0.04950165944061736
33,8,0.55,-0.35,0.028086180391458104,0.05461240910821813
34,8,0.6000000000000001,-0.35,0.01416987454881077,0.06229249050481778
35,8,0.6499999999999999,-0.35,0.003390507833838964,0.06997802222229872
36,8,0.7,-0.35,-0.0011352628394925915,0.0752576208708733
37,8,0.75,-0.35,-0.001976204824290853,0.07792214792240676
0,9,-1.1,-0.3,-0.017652031573986426,0.14714621200382152
1,9,-1.05,-0.3,-0.01784971643849817,0.12257106128881812
2,9,-1.0,-0.3,-0.016730444845973053,0.09888206726911208
3,9,-0.9500000000000001,-0.3,-0.013897571514416146,0.0816679382984753
4,9,-0.9000000000000001,-0.3,-0.012322464231949715,0.07314023784102924
5,9,-0.8500000000000001,-0.3,-0.014574126937084153,0.07240228609018906
6,9,-0.8,-0.3,-0.021829672612962148,0.07897716089132048
7,9,-0.75,-0.3,-0.03348351648025577,0.09299672505103912
8,9,-0.7000000000000001,-0.3,-0.047447732417755795,0.11330218033702821
9,9,-0.6500000000000001,-0.3,-0.06447761364683086,0.13625817808509577
10,9,-0.6000000000000001,-0.3,-0.09035038575867099,0.15324230475945597
11,9,-0.55,-0.3,-0.12459465596599245,0.15121000048518143
12,9,-0.5,-0.3,-0.15116492057298467,0.1264577959309951
13,9,-0.45000000000000007,-0.3,-0.1551882924892678,0.09450411830131351
14,9,-0.4,-0.3,-0.1441388901846597,0.07327835932243065
15,9,-0.3500000000000001,-0.3,-0.14126328445232725,0.0645083913098718
16,9,-0.30000000000000004,-0.3,-0.16117238209788987,0.05991621738311387
17,9,-0.25,-0.3,-0.19113743742035602,0.055264617004771414
18,9,-0.20000000000000007,-0.3,-0.1979224226336153,0.052278003064936136
19,9,-0.15000000000000002,-0.3,-0.1633753455978595,0.052091133799837035
20,9,-0.10000000000000009,-0.3,-0.1057085148460112,0.05245617501028259
21,9,-0.050000000000000044,-0.3,-0.05468593812219436,0.050917687946158835
22,9,0.0,-0.3,-0.02148496768253686,0.04746855086391083
23,9,0.050000000000000044,-0.3,-0.002482840708235203,0.043562087781179155
24,9,0.10000000000000009,-0.3,0.005440016843410063,0.04074465472460955
25,9,0.1499999999999999,-0.3,0.0037415175123293835,0.04099513057203555
26,9,0.19999999999999996,-0.3,-0.0037717317760710065,0.04666627600711865
27,9,0.25,-0.3,-0.01224941026251529,0.0574014124606537
28,9,0.30000000000000004,-0.3,-0.01655570452553096,0.06692396539182016
29,9,0.3500000000000001,-0.3,-0.010556295999196302,0.06785737449920741
30,9,0.3999999999999999,-0.3,0.007036645393646221,0.061009515949352264
31,9,0.44999999999999996,-0.3,0.026888487797692828,0.05373382704530442
32,9,0.5,-0.3,0.03639865698995404,0.05068558855276321
33,9,0.55,-0.3,0.03191610149740774,0.052055311603576654
34,9,0.6000000000000001,-0.3,0.020034555159807177,0.056654756876816974
35,9,0.6499999999999999,-0.3,0.009245527627201652,0.06255146875423861
36,9,0.7,-0.3,0.003168691553140212,0.06772142734621674
37,9,0.75,-0.3,0.001353455133501838,0.0713628480240331
0,10,-1.1,-0.25,-0.0548354775958404,0.3045972436841096
1,10,-1.05,-0.25,-0.05449232679658092,0.24721005756083395
2,10,-1.0,-0.25,-0.048138552162206305,0.18906844041311835
3,10,-0.9500000000000001,-0.25,-0.03453272691158471,0.14368972500093835
4,10,-0.9000000000000001,-0.25,-0.022107958971753217,0.11684118380436509
5,10,-0.8500000000000001,-0.25,-0.015766271147057836,0.10434333877463758
6,10,-0.8,-0.25,-0.014926162618336819,0.10129329585171487
7,10,-0.75,-0.25,-0.017091730939036293,0.10772526725217862
8,10,-0.7000000000000001,-0.25,-0.020763509776441647,0.12852228570609886
9,10,-0.6500000000000001,-0.25,-0.03255499992672009,0.16988257959727124
10,10,-0.6000000000000001,-0.25,-0.06918148827494058,0.2247464789071063
11,10,-0.55,-0.25,-0.1321489473505262,0.25940104511401924
12,10,-0.5,-0.25,-0.18619926750121188,0.23956621964841301
13,10,-0.45000000000000007,-0.25,-0.19558043143423567,0.17624632905137078
14,10,-0.4,-0.25,-0.1714253955287375,0.1136773915754543
15,10,-0.3500000000000001,-0.25,-0.15502982745736354,0.07643549683423664
16,10,-0.30000000000000004,-0.25,-0.16877001647364906,0.05843473338165435
17,10,-0.25,-0.25,-0.19567459403761062,0.049121559746636845
18,10,-0.20000000000000007,-0.25,-0.19904300678658923,0.04605698211420702
19,10,-0.15000000000000002,-0.25,-0.16245970509838867,0.04798398512898498
20,10,-0.10000000000000009,-0.25,-0.10568437890356733,0.05056429849191357
21,10,-0.050000000000000044,-0.25,-0.056788240051610935,0.05076601400228149
22,10,0.0,-0.25,-0.024789351971057586,0.04900710665152139
23,10,0.050000000000000044,-0.25,-0.005468112605020881,0.04668408163927941
24,10,0.10000000000000009,-0.25,0.004598367345411379,0.04493976909930718
25,10,0.1499999999999999,-0.25,0.0076892053144188115,0.045914356030878206
26,10,0.19999999999999996,-0.25,0.006562881754837869,0.0530664815206785
27,10,0.25,-0.25,0.0006604684815485033,0.06693825618360372
28,10,0.30000000000000004,-0.25,-0.009817970701269715,0.07972843211957963
29,10,0.3500000000000001,-0.25,-0.014606297165879415,0.0809733431270293
30,10,0.3999999999999999,-0.25,-0.002784554657392392,0.0709427891610131
31,10,0.44999999999999996,-0.25,0.019201280562653328,0.05981504155821913
32,10,0.5,-0.25,0.034068544616475994,0.05487962006934498
33,10,0.55,-0.25,0.03405534871551187,0.05637456914720479
34,10,0.6000000000000001,-0.25,0.024666031699472728,0.06170767066909784
35,10,0.6499999999999999,-0.25,0.01445717830323873,0.06830798166855954
36,10,0.7,-0.25,0.007676116430301904,0.07449147339747741
37,10,0.75,-0.25,0.00530663653134188,0.07956258395309151
0,11,-1.1,-0.19999999999999996,-0.13242640382053777,0.5203935190622578
1,11,-1.05,-0.19999999999999996,-0.13337851970948944,0.4330035969457761
2,11,-1.0,-0.19999999999999996,-0.12025077740586865,0.3361686402826214
3,11,-0.9500000000000001,-0.19999999999999996,-0.0861248281231694,0.25236471739094807
4,11,-0.9000000000000001,-0.19999999999999996,-0.05166885045825048,0.19654499596620148
5,11,-0.8500000000000001,-0.19999999999999996,-0.030122014889734372,0.16524194063715691
6,11,-0.8,-0.19999999999999996,-0.018447744135421107,0.1481953459082698
7,11,-0.75,-0.19999999999999996,-0.006254526625871781,0.14208200715770364
8,11,-0.7000000000000001,-0.19999999999999996,0.014709579927336819,0.15556581273566614
9,11,-0.6500000000000001,-0.19999999999999996,0.03174657955417659,0.2070226278314262
10,11,-0.6000000000000001,-0.19999999999999996,-0.0008319202419229677,0.298924615589015
11,11,-0.55,-0.19999999999999996,-0.10977491522468574,0.38152954242162485
12,11,-0.5,-0.19999999999999996,-0.23431963663563316,0.3793994604210904
13,11,-0.45000000000000007,-0.19999999999999996,-0.2810771205622265,0.2846649487017947
14,11,-0.4,-0.19999999999999996,-0.24394972240179383,0.1704893058224497
15,11,-0.3500000000000001,-0.19999999999999996,-0.1965059426461272,0.09582505044432539
16,11,-0.30000000000000004,-0.19999999999999996,-0.18848631918548966,0.060499071385687365
17,11,-0.25,-0.19999999999999996,-0.20351518868780338,0.04516129253607733
18,11,-0.20000000000000007,-0.19999999999999996,-0.19905999725126716,0.04098039898285591
19,11,-0.15000000000000002,-0.19999999999999996,-0.15886802922015295,0.04396984016749037
20,11,-0.10000000000000009,-0.19999999999999996,-0.1029264859727147,0.04825220894072028
21,11,-0.050000000000000044,-0.19999999999999996,-0.05624312996258655,0.05049378514003924
22,11,0.0,-0.19999999999999996,-0.02556690004553894,0.05108067953468896
23,11,0.050000000000000044,-0.19999999999999996,-0.006550178260449416,0.05081010590878178
24,11,0.10000000000000009,-0.19999999999999996,0.004670291235008856,0.05006427984804178
25,11,0.1499999999999999,-0.19999999999999996,0.011868229933700708,0.05052754939738513
26,11,0.19999999999999996,-0.19999999999999996,0.017252168376654508,0.05562252926199048
27,11,0.25,-0.19999999999999996,0.014412540336385844,0.066731751498378
28,11,0.30000000000000004,-0.19999999999999996,-0.002520617582105365,0.0779326830004529
29,11,0.3500000000000001,-0.19999999999999996,-0.019341938957762837,0.08003993804003491
30,11,0.3999999999999999,-0.19999999999999996,-0.014121656175163965,0.07227900081846404
31,11,0.44999999999999996,-0.19999999999999996,0.010825318706024706,0.06321971827575841
32,11,0.5,-0.19999999999999996,0.032958184578939696,0.060451064604910114
33,11,0.55,-0.19999999999999996,0.038744152097160596,0.0651633454589358
34,11,0.6000000000000001,-0.19999999999999996,0.03196796768116194,0.07453399458122578
35,11,0.6499999999999999,-0.19999999999999996,0.022029330355581234,0.08532654047789136
36,11,0.7,-0.19999999999999996,0.014423293837672178,0.09559314255295673
37,11,0.75,-0.19999999999999996,0.011495676244730047,0.10438134999552813
0,12,-1.1,-0.1499999999999999,-0.22961532182880384,0.6766406678748267
1,12,-1.05,-0.1499999999999999,-0.2387172055762174,0.6045713199677888
2,12,-1.0,-0.1499999999999999,-0.22877743171703435,0.5076558068758492
3,12,-0.9500000000000001,-0.1499999999999999,-0.17415637122800462,0.40642239138525466
4,12,-0.9000000000000001,-0.1499999999999999,-0.1092307357255444,0.3264464436745069
5,12,-0.8500000000000001,-0.1499999999999999,-0.06411592120498952,0.27520950674459377
6,12,-0.8,-0.1499999999999999,-0.038086096097790095,0.24327064651191568
7,12,-0.75,-0.1499999999999999,-0.009721264111639955,0.2225484808834638
8,12,-0.7000000000000001,-0.1499999999999999,0.04417711089728091,0.21896923419963105
9,12,-0.6500000000000001,-0.1499999999999999,0.11080380292662881,0.2551101779761303
10,12,-0.6000000000000001,-0.1499999999999999,0.1053254263152581,0.344817164061464
11,12,-0.55,-0.1499999999999999,-0.05167410251845084,0.4434396579547177
12,12,-0.5,-0.1499999999999999,-0.28306386122104205,0.4559453607514156
13,12,-0.45000000000000007,-0.1499999999999999,-0.40449058603287635,0.35071876622045456
14,12,-0.4,-0.1499999999999999,-0.3602652937862068,0.20907190197516293
15,12,-0.3500000000000001,-0.1499999999999999,-0.2650200618941259,0.11301291948338447
16,12,-0.30000000000000004,-0.1499999999999999,-0.21943377438189712,0.06858375889053081
17,12,-0.25,-0.1499999999999999,-0.21519326644044204,0.05016582609858388
18,12,-0.20000000000000007,-0.1499999999999999,-0.20023445915517615,0.043974429586212026
19,12,-0.15000000000000002,-0.1499999999999999,-0.1551878951405243,0.045243184763517644
20,12,-0.10000000000000009,-0.1499999999999999,-0.09916043393101846,0.04865936557387014
21,12,-0.050000000000000044,-0.1499999999999999,-0.053959769457642255,0.05119598580686618
22,12,0.0,-0.1499999999999999,-0.024473031202315042,0.05272043867827829
23,12,0.050000000000000044,-0.1499999999999999,-0.006484512291668057,0.05323729136815839
24,12,0.10000000000000009,-0.1499999999999999,0.004315810834014727,0.0524581790385783
25,12,0.1499999999999999,-0.1499999999999999,0.013247454728367511,0.0512372389689822
26,12,0.19999999999999996,-0.1499999999999999,0.022767083855830737,0.05201057957573038
27,12,0.25,-0.1499999999999999,0.02297062222001094,0.0568655776131061
28,12,0.30000000000000004,-0.1499999999999999,0.0034902158403871987,0.06416326714334473
29,12,0.3500000000000001,-0.1499999999999999,-0.02025997934786828,0.06882910394668226
30,12,0.3999999999999999,-0.1499999999999999,-0.019604774421668886,0.067946624603949
31,12,0.44999999999999996,-0.1499999999999999,0.007373344349099389,0.06465919230278484
32,12,0.5,-0.1499999999999999,0.036012171799653374,0.06527388803877737
33,12,0.55,-0.1499999999999999,0.04813827869182754,0.0734654899172793
34,12,0.6000000000000001,-0.1499999999999999,0.04482922671842829,0.08809877395157956
35,12,0.6499999999999999,-0.1499999999999999,0.035516326274969666,0.10545564461792406
36,12,0.7,-0.1499999999999999,0.026730925947938664,0.12205636650175263
37,12,0.75,-0.1499999999999999,0.0228830514164847,0.1357697181934188
0,13,-1.1,-0.09999999999999998,-0.2765650996346136,0.6356763141434221
1,13,-1.05,-0.09999999999999998,-0.3023633807084669,0.6415767993397198
2,13,-1.0,-0.09999999999999998,-0.3183997059884028,0.6161997661795784
3,13,-0.9500000000000001,-0.09999999999999998,-0.2673341913245117,0.5583410911732084
4,13,-0.9000000000000001,-0.09999999999999998,-0.18288173509891134,0.4910736056817667
5,13,-0.8500000000000001,-0.09999999999999998,-0.11329781205232564,0.4386199232273753
6,13,-0.8,-0.09999999999999998,-0.07110876999655111,0.4049458616961932
7,13,-0.75,-0.09999999999999998,-0.03055593893815642,0.38185063972965283
8,13,-0.7000000000000001,-0.09999999999999998,0.047271277020003305,0.36538339807195047
9,13,-0.6500000000000001,-0.09999999999999998,0.15759450941600958,0.3646577826426443
10,13,-0.6000000000000001,-0.09999999999999998,0.18749755973666446,0.3919585151682606
11,13,-0.55,-0.09999999999999998,0.0013532814652658653,0.42884864793014077
12,13,-0.5,-0.09999999999999998,-0.3270405283698963,0.4137066722704577
13,13,-0.45000000000000007,-0.09999999999999998,-0.5279505793384792,0.3168172352258508
14,13,-0.4,-0.09999999999999998,-0.4816555691388639,0.1955075599259877
15,13,-0.3500000000000001,-0.09999999999999998,-0.33699408573075934,0.11448402843846392
16,13,-0.30000000000000004,-0.09999999999999998,-0.25133341257029024,0.07741570016689875
17,13,-0.25,-0.09999999999999998,-0.22812451799212213,0.06121687240640113
18,13,-0.20000000000000007,-0.09999999999999998,-0.20398263858633336,0.05381771680257389
19,13,-0.15000000000000002,-0.09999999999999998,-0.15418309323249482,0.05229077939212891
20,13,-0.10000000000000009,-0.09999999999999998,-0.09697368492936616,0.053414014111278274
21,13,-0.050000000000000044,-0.09999999999999998,-0.05218205685817838,0.05489409576029154
22,13,0.0,-0.09999999999999998,-0.023525594484246733,0.05589606628419821
23,13,0.050000000000000044,-0.09999999999999998,-0.006812437900149404,0.055743762629368115
24,13,0.10000000000000009,-0.09999999999999998,0.002670238835832668,0.05391736213906193
25,13,0.1499999999999999,-0.09999999999999998,0.011420630470852783,0.05082364096930519
26,13,0.19999999999999996,-0.09999999999999998,0.022880507020778405,0.04815624141126645
27,13,0.25,-0.09999999999999998,0.026565227904000194,0.0486211414708631
28,13,0.30000000000000004,-0.09999999999999998,0.009442908751470806,0.05396687448005052
29,13,0.3500000000000001,-0.09999999999999998,-0.015558581497158566,0.06183434140081137
30,13,0.3999999999999999,-0.09999999999999998,-0.018291567819061386,0.06670340360373929
31,13,0.44999999999999996,-0.09999999999999998,0.008152582140853078,0.0670715588604947
32,13,0.5,-0.09999999999999998,0.041764482193434156,0.06879769875853041
33,13,0.55,-0.09999999999999998,0.06156903800996278,0.0786174850727338
34,13,0.6000000000000001,-0.09999999999999998,0.0639581223818067,0.09737153643787473
35,13,0.6499999999999999,-0.09999999999999998,0.055986922905754306,0.12005435882592529
36,13,0.7,-0.09999999999999998,0.04473736741316691,0.1404307958991114
37,13,0.75,-0.09999999999999998,0.03892237962806237,0.15528817376534007
0,14,-1.1,-0.04999999999999993,-0.21781435143620853,0.39220291445390104
1,14,-1.05,-0.04999999999999993,-0.2581937535400611,0.48960287563098587
2,14,-1.0,-0.04999999999999993,-0.31201313988354573,0.5756785817932183
3,14,-0.9500000000000001,-0.04999999999999993,-0.2992825317258163,0.6205419691136457
4,14,-0.9000000000000001,-0.04999999999999993,-0.22895190367137747,0.6224181904127937
5,14,-0.8500000000000001,-0.04999999999999993,-0.1502436651905631,0.6085533341113515
6,14,-0.8,-0.04999999999999993,-0.0948553795955126,0.6013918696481607
7,14,-0.75,-0.04999999999999993,-0.04928372773588263,0.6018798965260075
8,14,-0.7000000000000001,-0.04999999999999993,0.02698425381027242,0.5958942285862648
9,14,-0.6500000000000001,-0.04999999999999993,0.1373789200229389,0.5650927018505195
10,14,-0.6000000000000001,-0.04999999999999993,0.16951629160275455,0.5011460068038489
11,14,-0.55,-0.04999999999999993,-0.029925945416253708,0.4135607811114525
12,14,-0.5,-0.04999999999999993,-0.395095273925332,0.3150728444647996
13,14,-0.45000000000000007,-0.04999999999999993,-0.6226896983773463,0.2176351282081676
14,14,-0.4,-0.04999999999999993,-0.5625985005735937,0.14240779644721424
15,14,-0.3500000000000001,-0.04999999999999993,-0.38311192165321484,0.1009365332725437
16,14,-0.30000000000000004,-0.04999999999999993,-0.27270093041395993,0.0820954722249731
17,14,-0.25,-0.04999999999999993,-0.2387912498047669,0.07181876041610649
18,14,-0.20000000000000007,-0.04999999999999993,-0.2091605521694484,0.06543844613484666
19,14,-0.15000000000000002,-0.04999999999999993,-0.15559159783181992,0.06256786066262773
20,14,-0.10000000000000009,-0.04999999999999993,-0.09655711756285583,0.06205529086772315
21,14,-0.050000000000000044,-0.04999999999999993,-0.05147771728472233,0.06264026382374384
22,14,0.0,-0.04999999999999993,-0.023623364333238476,0.06302602078209961
23,14,0.050000000000000044,-0.04999999999999993,-0.008463216436804331,0.0618990001302549
24,14,0.10000000000000009,-0.04999999999999993,-0.0006043108260481991,0.05861509224040735
25,14,0.1499999999999999,-0.04999999999999993,0.007486334000572023,0.05358702442572338
26,14,0.19999999999999996,-0.04999999999999993,0.020564584357388647,0.048366122347585624
27,14,0.25,-0.04999999999999993,0.028781255288795007,0.0459818399589173
28,14,0.30000000000000004,-0.04999999999999993,0.016703415770335475,0.04970889068673752
29,14,0.3500000000000001,-0.04999999999999993,-0.007523450224179501,0.0585320105491993
30,14,0.3999999999999999,-0.04999999999999993,-0.014367556961985552,0.06601537965934683
31,14,0.44999999999999996,-0.04999999999999993,0.009467639503890506,0.06844401078346225
32,14,0.5,-0.04999999999999993,0.04755809801189248,0.07080578043880209
33,14,0.55,-0.04999999999999993,0.07671211637117185,0.08092312694108057
34,14,0.6000000000000001,-0.04999999999999993,0.08626610047161976,0.10041837750075999
35,14,0.6499999999999999,-0.04999999999999993,0.07857558573620632,0.1226650611645401
36,14,0.7,-0.04999999999999993,0.06196474088735346,0.13948363135168623
37,14,0.75,-0.04999999999999993,0.05259780714894205,0.14836928770599653
0,15,-1.1,0.0,-0.08176517728044397,0.08347116357961593
1,15,-1.05,0.0,-0.1188877133691496,0.21869155272577906
2,15,-1.0,0.0,-0.18746061250574292,0.37918723211129907
3,15,-0.9500000000000001,0.0,-0.22059458270493632,0.5258801741424723
4,15,-0.9000000000000001,0.0,-0.19487037010120556,0.6265729428434585
5,15,-0.8500000000000001,0.0,-0.13432413281695865,0.6865794063202968
6,15,-0.8,0.0,-0.07778220758189514,0.7313124044225652
7,15,-0.75,0.0,-0.03605358000005221,0.7727029261462304
8,15,-0.7000000000000001,0.0,0.010484082344515422,0.7952981643125112
9,15,-0.6500000000000001,0.0,0.06284628763359362,0.7603939035846093
10,15,-0.6000000000000001,0.0,0.03596563899759736,0.6361864998712798
11,15,-0.55,0.0,-0.1847198808737835,0.443297057974929
12,15,-0.5,0.0,-0.5229661812731812,0.2566015557166862
13,15,-0.45000000000000007,0.0,-0.7006156273560645,0.1400225265966061
14,15,-0.4,0.0,-0.5983541640744878,0.09525275724830612
15,15,-0.3500000000000001,0.0,-0.3973064099530005,0.08564979016747402
16,15,-0.30000000000000004,0.0,-0.2804511854267275,0.0830451244035297
17,15,-0.25,0.0,-0.2447815440822486,0.07994555236974732
18,15,-0.20000000000000007,0.0,-0.21323353833981212,0.07702815026310095
19,15,-0.15000000000000002,0.0,-0.15756624849961834,0.074538526961508
20,15,-0.10000000000000009,0.0,-0.09690128176825005,0.07294711020266016
21,15,-0.050000000000000044,0.0,-0.05121132694380193,0.07281362950154625
22,15,0.0,0.0,-0.024266858177735672,0.07309356650302995
23,15,0.050000000000000044,0.0,-0.011223366441841668,0.07172823755482112
24,15,0.10000000000000009,0.0,-0.005641736868698846,0.0674320199917785
25,15,0.1499999999999999,0.0,0.001171660578031062,0.06035290502848155
26,15,0.19999999999999996,0.0,0.01527532255397233,0.051664187840270576
27,15,0.25,0.0,0.02790799624315209,0.04400167724452929
28,15,0.30000000000000004,0.0,0.0219930793417528,0.041847281501279955
29,15,0.3500000000000001,0.0,0.0007479074754507438,0.047447878479712435
30,15,0.3999999999999999,0.0,-0.00837956758479844,0.05663986536388987
31,15,0.44999999999999996,0.0,0.012942982920308337,0.06390229499325531
32,15,0.5,0.0,0.05424359835105249,0.07002437968191924
33,15,0.55,0.0,0.09118163507192067,0.08037447836001647
34,15,0.6000000000000001,0.0,0.10570005660526621,0.09629409658942674
35,15,0.6499999999999999,0.0,0.09505217675668055,0.11135425073025979
36,15,0.7,0.0,0.07044159395462334,0.11870795007447553
37,15,0.75,0.0,0.056693692336682935,0.11838851995339218
0,16,-1.1,0.050000000000000044,0.052626426856117736,-0.15570290382152546
1,16,-1.05,0.050000000000000044,0.03752231499162206,-0.046292125211852275
2,16,-1.0,0.050000000000000044,-0.0048245184668524455,0.11089786935414458
3,16,-0.9500000000000001,0.050000000000000044,-0.051896820993656834,0.29351328906132984
4,16,-0.9000000000000001,0.050000000000000044,-0.06825267149355302,0.4610979834523046
5,16,-0.8500000000000001,0.050000000000000044,-0.045504203611456406,0.5906111653704743
6,16,-0.8,0.050000000000000044,-0.00873185976957902,0.6875205079432503
7,16,-0.75,0.050000000000000044,0.01470203215406335,0.7623773295927044
8,16,-0.7000000000000001,0.050000000000000044,0.014675231248651444,0.8073766599163381
9,16,-0.6500000000000001,0.050000000000000044,-0.021732744418292427,0.7877265384373983
10,16,-0.6000000000000001,0.050000000000000044,-0.14758055400692582,0.6634131794692446
11,16,-0.55,0.050000000000000044,-0.4095108895708474,0.44533552917731145
12,16,-0.5,0.050000000000000044,-0.6983698053036549,0.225361316615027
13,16,-0.45000000000000007,0.050000000000000044,-0.7840384968457265,0.09837011097837495
14,16,-0.4,0.050000000000000044,-0.6169712370027258,0.06686861915869521
15,16,-0.3500000000000001,0.050000000000000044,-0.3953195544979913,0.0736044647226243
16,16,-0.30000000000000004,0.050000000000000044,-0.2784051682116866,0.08186358291497074
17,16,-0.25,0.050000000000000044,-0.24480822394519564,0.08631382498874379
18,16,-0.20000000000000007,0.050000000000000044,-0.2145675775776877,0.08819167098617339
19,16,-0.15000000000000002,0.050000000000000044,-0.1596726378922607,0.08673857390618456
20,16,-0.10000000000000009,0.050000000000000044,-0.09828201502281757,0.08395554173692057
21,16,-0.050000000000000044,0.050000000000000044,-0.05133126098435255,0.08280115399199858
22,16,0.0,0.050000000000000044,-0.024708756279963606,0.0831305877997927
23,16,0.050000000000000044,0.050000000000000044,-0.014124762948055777,0.08222776885055079
24,16,0.10000000000000009,0.050000000000000044,-0.011979643352387779,0.07782951922755629
25,16,0.1499999999999999,0.050000000000000044,-0.008281498150935901,0.06940033993771323
26,16,0.19999999999999996,0.050000000000000044,0.004213356573436388,0.0571383307699153
27,16,0.25,0.050000000000000044,0.018964348949804383,0.042582099725844494
28,16,0.30000000000000004,0.050000000000000044,0.020149617005518622,0.03153464437602205
29,16,0.3500000000000001,0.050000000000000044,0.007269133638430417,0.03118456772128162
30,16,0.3999999999999999,0.050000000000000044,0.002086859551557324,0.04148453309801808
31,16,0.44999999999999996,0.050000000000000044,0.022852153821919883,0.055052052654896204
32,16,0.5,0.050000000000000044,0.06403028137865364,0.06665489166981564
33,16,0.55,0.050000000000000044,0.10298183327867937,0.07705848255826234
34,16,0.6000000000000001,0.050000000000000044,0.11724587284186305,0.08673917220853591
35,16,0.6499999999999999,0.050000000000000044,0.1009894392212551,0.0920518415221352
36,16,0.7,0.050000000000000044,0.06899901011048586,0.0907081118868222
37,16,0.75,0.050000000000000044,0.051958946906775355,0.08522245268230202
0,17,-1.1,0.10000000000000009,0.1370563799389024,-0.28497334509434397
1,17,-1.05,0.10000000000000009,0.14771305980652044,-0.22519293609293334
2,17,-1.0,0.10000000000000009,0.1523448017674392,-0.12254948944157212
3,17,-0.9500000000000001,0.10000000000000009,0.12960553139322373,0.022542948734094737
4,17,-0.9000000000000001,0.10000000000000009,0.10222750620793891,0.186075138275838
5,17,-0.8500000000000001,0.10000000000000009,0.09209839167398703,0.3369615728184608
6,17,-0.8,0.10000000000000009,0.09398395664033499,0.4582803683998721
7,17,-0.75,0.10000000000000009,0.08380257197303564,0.5468898899862126
8,17,-0.7000000000000001,0.10000000000000009,0.03583329118920925,0.6018432985236069
9,17,-0.6500000000000001,0.10000000000000009,-0.08111719281349988,0.6071440536634506
10,17,-0.6000000000000001,0.10000000000000009,-0.30642537026248945,0.5257845528807844
11,17,-0.55,0.10000000000000009,-0.6227717437280011,0.3457488052220062
12,17,-0.5,0.10000000000000009,-0.8699315994721176,0.14724156719360781
13,17,-0.45000000000000007,0.10000000000000009,-0.8591083248123963,0.04000198031896163
14,17,-0.4,0.10000000000000009,-0.6231198103302384,0.032247062041581565
15,17,-0.3500000000000001,0.10000000000000009,-0.3823114461967249,0.057524305281411725
16,17,-0.30000000000000004,0.10000000000000009,-0.26774182516060796,0.07675420066212801
17,17,-0.25,0.10000000000000009,-0.23845345601104592,0.08819126444645144
18,17,-0.20000000000000007,0.10000000000000009,-0.21280878942237139,0.09464619089945638
19,17,-0.15000000000000002,0.10000000000000009,-0.16180237774887116,0.09526342792074712
20,17,-0.10000000000000009,0.10000000000000009,-0.10083870168243604,0.09264997616707621
21,17,-0.050000000000000044,0.10000000000000009,-0.052036280880929806,0.09087604762519585
22,17,0.0,0.10000000000000009,-0.02484024331918345,0.0908266405992295
23,17,0.050000000000000044,0.10000000000000009,-0.016524435014078076,0.09012467849308343
24,17,0.10000000000000009,0.10000000000000009,-0.0184691657815364,0.08637143257288804
25,17,0.1499999999999999,0.10000000000000009,-0.019519527879609932,0.07856808855127985
26,17,0.19999999999999996,0.10000000000000009,-0.011542917657896418,0.06578945534333708
27,17,0.25,0.10000000000000009,0.0023043098492588412,0.04813902032099309
28,17,0.30000000000000004,0.10000000000000009,0.010595547337189926,0.03143785046166733
29,17,0.3500000000000001,0.10000000000000009,0.010697796197446773,0.025598538402834062
30,17,0.3999999999999999,0.10000000000000009,0.015487917348816146,0.03385163837365484
31,17,0.44999999999999996,0.10000000000000009,0.03811334149210589,0.04907293843403852
32,17,0.5,0.10000000000000009,0.07625002825441862,0.0630079742478095
33,17,0.55,0.10000000000000009,0.11126591561064096,0.07274320983761158
34,17,0.6000000000000001,0.10000000000000009,0.12069341556913908,0.07754866759626618
35,17,0.6499999999999999,0.10000000000000009,0.09902111643496685,0.0771328282840103
36,17,0.7,0.10000000000000009,0.06361220511479015,0.07377963961460621
37,17,0.75,0.10000000000000009,0.045722373927642584,0.0705471755759831
0,18,-1.1,0.15000000000000002,0.172187244858939,-0.33690823030682077
1,18,-1.05,0.15000000000000002,0.1999461706443939,-0.31396366486199256
2,18,-1.0,0.15000000000000002,0.24291136636017563,-0.2671166230982175
3,18,-0.9500000000000001,0.15000000000000002,0.2567278067237533,-0.18775651829823214
4,18,-0.9000000000000001,0.15000000000000002,0.24616595259081303,-0.08029811149818239
5,18,-0.8500000000000001,0.15000000000000002,0.22670102651257767,0.03741110605052722
6,18,-0.8,0.15000000000000002,0.20119645739817282,0.14568431420660166
7,18,-0.75,0.15000000000000002,0.15826496227779818,0.23217620713968073
8,18,-0.7000000000000001,0.15000000000000002,0.07492939492588946,0.2973164790031546
9,18,-0.6500000000000001,0.15000000000000002,-0.09779149006111487,0.33961000200112335
10,18,-0.6000000000000001,0.15000000000000002,-0.4089758024483703,0.32450073481185643
11,18,-0.55,0.15000000000000002,-0.7880538752580241,0.211574597977712
12,18,-0.5,0.15000000000000002,-1.0041166302066995,0.05691624009010049
13,18,-0.45000000000000007,0.15000000000000002,-0.8990330019977527,-0.021056837977996568
14,18,-0.4,0.15000000000000002,-0.5994489120402757,-0.0034806047754683267
15,18,-0.3500000000000001,0.15000000000000002,-0.3508124158774448,0.03940867470224235
16,18,-0.30000000000000004,0.15000000000000002,-0.24773820904664692,0.06709108157569761
17,18,-0.25,0.15000000000000002,-0.2269162337078673,0.0822757781645736
18,18,-0.20000000000000007,0.15000000000000002,-0.20749541410339203,0.09205926622185556
19,18,-0.15000000000000002,0.15000000000000002,-0.16166885262464087,0.09660605161946952
20,18,-0.10000000000000009,0.15000000000000002,-0.10266939531836883,0.09694970258560964
21,18,-0.050000000000000044,0.15000000000000002,-0.05315459655219925,0.09578369393344814
22,18,0.0,0.15000000000000002,-0.025460125412076033,0.09483791760128504
23,18,0.050000000000000044,0.15000000000000002,-0.018579970974397248,0.09357912356381833
24,18,0.10000000000000009,0.15000000000000002,-0.023536233294191352,0.09090736233195952
25,18,0.1499999999999999,0.15000000000000002,-0.028863475380486864,0.0859231759463483
26,18,0.19999999999999996,0.15000000000000002,-0.026215711656850382,0.07684349095468897
27,18,0.25,0.15000000000000002,-0.015387255931865358,0.06233163079085111
28,18,0.30000000000000004,0.15000000000000002,-0.0023908649126404106,0.04619077996094933
29,18,0.3500000000000001,0.15000000000000002,0.009682921550417927,0.03696935198574086
30,18,0.3999999999999999,0.15000000000000002,0.025561259582761783,0.03926937549405722
31,18,0.44999999999999996,0.15000000000000002,0.05200848969607454,0.049269757490492914
32,18,0.5,0.15000000000000002,0.0877005527822267,0.060544836801240294
33,18,0.55,0.15000000000000002,0.11752252662713604,0.06930681135217734
34,18,0.6000000000000001,0.15000000000000002,0.12163549128826177,0.07415004854658139
35,18,0.6499999999999999,0.15000000000000002,0.09722041123959513,0.07636050669171816
36,18,0.7,0.15000000000000002,0.06241335740245865,0.07906126119420667
37,18,0.75,0.15000000000000002,0.04549401882952914,0.08333845548265613
0,19,-1.1,0.20000000000000007,0.1829455108285588,-0.3770649205494925
1,19,-1.05,0.20000000000000007,0.21750466701512372,-0.3614616916353236
2,19,-1.0,0.20000000000000007,0.2785519483311996,-0.33912660694156854
3,19,-0.9500000000000001,0.20000000000000007,0.3164240429932588,-0.3054790474413177
4,19,-0.9000000000000001,0.20000000000000007,0.3273951305566983,-0.2566472350448559
5,19,-0.8500000000000001,0.20000000000000007,0.3180808173787711,-0.1939277672611675
6,19,-0.8,0.20000000000000007,0.2887490577294885,-0.12322168569889769
7,19,-0.75,0.20000000000000007,0.2354347367695886,-0.05120808372676977
8,19,-0.7000000000000001,0.20000000000000007,0.14326708605065186,0.024896995621285778
9,19,-0.6500000000000001,0.20000000000000007,-0.053932937004798065,0.1105511751866195
10,19,-0.6000000000000001,0.20000000000000007,-0.4344607742859008,0.17318172625204964
11,19,-0.55,0.20000000000000007,-0.8903562384497571,0.14563726487197698
12,19,-0.5,0.20000000000000007,-1.1025630354278262,0.04397328561223768
13,19,-0.45000000000000007,0.20000000000000007,-0.9195051696779651,-0.02072211541670449
14,19,-0.4,0.20000000000000007,-0.5626542976499995,-0.006695639754046162
15,19,-0.3500000000000001,0.20000000000000007,-0.311739759845559,0.032417686630673986
16,19,-0.30000000000000004,0.20000000000000007,-0.22487472169827674,0.05807335179606958
17,19,-0.25,0.20000000000000007,-0.21348527136488799,0.0722376498096871
18,19,-0.20000000000000007,0.20000000000000007,-0.19847851596747546,0.08347784607570338
19,19,-0.15000000000000002,0.20000000000000007,-0.15691194138511708,0.09210675302107195
20,19,-0.10000000000000009,0.20000000000000007,-0.10166105936845742,0.09648510986461345
21,19,-0.050000000000000044,0.20000000000000007,-0.054148065865254405,0.09688005228911258
22,19,0.0,0.20000000000000007,-0.027044813688813264,0.09538826274096024
23,19,0.050000000000000044,0.20000000000000007,-0.020454990283403605,0.09357046400775
24,19,0.10000000000000009,0.20000000000000007,-0.026125113399006437,0.09201810271245084
25,19,0.1499999999999999,0.20000000000000007,-0.03358339925688049,0.09025827302125264
26,19,0.19999999999999996,0.20000000000000007,-0.035134462813393594,0.08623268991668696
27,19,0.25,0.20000000000000007,-0.028348401144480794,0.07763753949793219
28,19,0.30000000000000004,0.20000000000000007,-0.01476673146792033,0.06545869096001769
29,19,0.3500000000000001,0.20000000000000007,0.003776391730554666,0.05480532734956488
30,19,0.3999999999999999,0.20000000000000007,0.0277883228535682,0.05041214653282156
31,19,0.44999999999999996,0.20000000000000007,0.059388802799288966,0.05276697035509951
32,19,0.5,0.20000000000000007,0.09628708211610305,0.059443235522845736
33,19,0.55,0.20000000000000007,0.12487112735598205,0.06792992583130121
34,19,0.6000000000000001,0.20000000000000007,0.1277471109086799,0.07726461788705906
35,19,0.6499999999999999,0.20000000000000007,0.10393232908259213,0.08796837862601672
36,19,0.7,0.20000000000000007,0.07059015390572812,0.09968137780129366
37,19,0.75,0.20000000000000007,0.0542767625045415,0.1103863372989046
0,20,-1.1,0.25,0.20339370268727675,-0.46045392804824253
1,20,-1.05,0.25,0.23788448425231784,-0.4250612550533245
2,20,-1.0,0.25,0.2988940105541815,-0.3903528408123011
3,20,-0.9500000000000001,0.25,0.3392071786204659,-0.362747583853244
4,20,-0.9000000000000001,0.25,0.35771723277096323,-0.34142675281359586
5,20,-0.8500000000000001,0.25,0.3601265758585359,-0.3189790714797558
6,20,-0.8,0.25,0.34391614093257056,-0.2868779490859974
7,20,-0.75,0.25,0.30638364359798165,-0.2386088429804506
8,20,-0.7000000000000001,0.25,0.23668865383927873,-0.16461653683045085
9,20,-0.6500000000000001,0.25,0.05049324056964899,-0.056333863060019085
10,20,-0.6000000000000001,0.25,-0.3738897127630128,0.05898714619482215
11,20,-0.55,0.25,-0.917262315897836,0.10697059294441646
12,20,-0.5,0.25,-1.1704760104953809,0.06680691528128696
13,20,-0.45000000000000007,0.25,-0.9497019273640365,0.018182108086080284
14,20,-0.4,0.25,-0.5463091099928972,0.016456006104535598
15,20,-0.3500000000000001,0.25,-0.2860434243273291,0.03827398613228866
16,20,-0.30000000000000004,0.25,-0.2079182458676338,0.05534036303836684
17,20,-0.25,0.25,-0.20151173942823347,0.06624673968269455
18,20,-0.20000000000000007,0.25,-0.18762631089200718,0.0768442365215264
19,20,-0.15000000000000002,0.25,-0.1486615888357308,0.08681269896243543
20,20,-0.10000000000000009,0.25,-0.0978960960503282,0.09332757548002321
21,20,-0.050000000000000044,0.25,-0.05425144367585247,0.09521533127482142
22,20,0.0,0.25,-0.0287697136934386,0.09417597791584988
23,20,0.050000000000000044,0.25,-0.021950131002906638,0.09256994142017035
24,20,0.10000000000000009,0.25,-0.026848424280688718,0.09177841167280781
25,20,0.1499999999999999,0.25,-0.034648888176250746,0.09166698102536781
26,20,0.19999999999999996,0.25,-0.03883644518017083,0.09054554686548362
27,20,0.25,0.25,-0.036161254888534625,0.08605568640742575
28,20,0.30000000000000004,0.25,-0.02522307706100773,0.07734209805109243
29,20,0.3500000000000001,0.25,-0.005363622876778211,0.06668381000485862
30,20,0.3999999999999999,0.25,0.023522902588296417,0.058397414421885174
31,20,0.44999999999999996,0.25,0.06103957868609872,0.05584163702833399
32,20,0.5,0.25,0.10286350825842841,0.05967413299288845
33,20,0.55,0.25,0.13534390899134935,0.06890345592507871
34,20,0.6000000000000001,0.25,0.1416739440829773,0.08296114710740148
35,20,0.6499999999999999,0.25,0.11963717115382973,0.09992818777649883
36,20,0.7,0.25,0.08483131607534652,0.11497877471915802
37,20,0.75,0.25,0.06690393782475101,0.12476429025513068
0,21,-1.1,0.30000000000000004,0.2537308568183949,-0.5733626418870044
1,21,-1.05,0.30000000000000004,0.28760575425106516,-0.5191464404342402
2,21,-1.0,0.30000000000000004,0.3408656195312801,-0.4589671713370491
3,21,-0.9500000000000001,0.30000000000000004,0.36535013099196406,-0.4093747090639477
4,21,-0.9000000000000001,0.30000000000000004,0.3711636429301865,-0.38137830286680274
5,21,-0.8500000000000001,0.30000000000000004,0.37262962110636955,-0.3701767179812504
6,21,-0.8,0.30000000000000004,0.3691192862287937,-0.36096555259659796
7,21,-0.75,0.30000000000000004,0.35769614902513513,-0.3376343846373009
8,21,-0.7000000000000001,0.30000000000000004,0.32554206597108337,-0.28620594241328845
9,21,-0.6500000000000001,0.30000000000000004,0.16967074602047494,-0.20187090393021023
10,21,-0.6000000000000001,0.30000000000000004,-0.27115631828146525,-0.10287555780091051
11,21,-0.55,0.30000000000000004,-0.8825364693632922,-0.03013608560688802
12,21,-0.5,0.30000000000000004,-1.1913515202861624,-0.002264561495788353
13,21,-0.45000000000000007,0.30000000000000004,-0.9698560788547165,0.008003359893033468
14,21,-0.4,0.30000000000000004,-0.5425624196037911,0.02504754899214201
15,21,-0.3500000000000001,0.30000000000000004,-0.2728554029117278,0.04403763283719678
16,21,-0.30000000000000004,0.30000000000000004,-0.19690196814787084,0.057186108669018965
17,21,-0.25,0.30000000000000004,-0.1919813978817284,0.06642101019616715
18,21,-0.20000000000000007,0.30000000000000004,-0.1779125566877346,0.07537969891790529
19,21,-0.15000000000000002,0.30000000000000004,-0.14042860242662025,0.083909889402915
20,21,-0.10000000000000009,0.30000000000000004,-0.09325842705607143,0.09001291821223237
21,21,-0.050000000000000044,0.30000000000000004,-0.053299663429427734,0.09243519021994745
22,21,0.0,0.30000000000000004,-0.029690203543464334,0.09219846822711077
23,21,0.050000000000000044,0.30000000000000004,-0.022852556526445668,0.0914051088514984
24,21,0.10000000000000009,0.30000000000000004,-0.027028073793808963,0.09128627991352753
25,21,0.1499999999999999,0.30000000000000004,-0.03481626406420468,0.09156276361690606
26,21,0.19999999999999996,0.30000000000000004,-0.040745757431335655,0.09079869454927329
27,21,0.25,0.30000000000000004,-0.041551849958871984,0.08712290601445082
28,21,0.30000000000000004,0.30000000000000004,-0.03413860787048747,0.07957209442535441
29,21,0.3500000000000001,0.30000000000000004,-0.015168291898652597,0.0694530818986365
30,21,0.3999999999999999,0.30000000000000004,0.016946149877043563,0.060479613082828655
31,21,0.44999999999999996,0.30000000000000004,0.06066552137029224,0.05676830498222124
32,21,0.5,0.30000000000000004,0.10934890101284778,0.060230750056669315
33,21,0.55,0.30000000000000004,0.14815814147049508,0.07040207197043173
34,21,0.6000000000000001,0.30000000000000004,0.1587718427601,0.0857838518137919
35,21,0.6499999999999999,0.30000000000000004,0.13594995669434867,0.10183667242673569
36,21,0.7,0.30000000000000004,0.09542625638435998,0.11212167648761921
37,21,0.75,0.30000000000000004,0.07384779357648683,0.11499897465296234
0,22,-1.1,0.3500000000000001,0.3118261055928051,-0.6342402383128305
1,22,-1.05,0.3500000000000001,0.35227995480227314,-0.5966756626977212
2,22,-1.0,0.3500000000000001,0.4086657419244741,-0.5382981412883594
3,22,-0.9500000000000001,0.3500000000000001,0.4167960470907123,-0.4725239325335062
4,22,-0.9000000000000001,0.3500000000000001,0.3969152238536605,-0.4224778191328324
5,22,-0.8500000000000001,0.3500000000000001,0.3805393261287407,-0.39906270681276335
6,22,-0.8,0.3500000000000001,0.37645847427652007,-0.3940744755407047
7,22,-0.75,0.3500000000000001,0.38114325378129116,-0.3906726524607637
8,22,-0.7000000000000001,0.3500000000000001,0.3724521345463694,-0.3788871230150767
9,22,-0.6500000000000001,0.3500000000000001,0.23382362518202693,-0.36479954367498346
10,22,-0.6000000000000001,0.3500000000000001,-0.2021548944396906,-0.34996416886346193
11,22,-0.55,0.3500000000000001,-0.8166513195927139,-0.3020688826870199
12,22,-0.5,0.3500000000000001,-1.1323365649954593,-0.19822797131503755
13,22,-0.45000000000000007,0.3500000000000001,-0.9223898168761061,-0.07926505341778078
14,22,-0.4,0.3500000000000001,-0.5102748370487339,0.0020718542151859642
15,22,-0.3500000000000001,0.3500000000000001,-0.25390486465045214,0.04045376064320427
16,22,-0.30000000000000004,0.3500000000000001,-0.18553486850866344,0.05702493225943253
17,22,-0.25,0.3500000000000001,-0.18331814917934716,0.06706367938446957
18,22,-0.20000000000000007,0.3500000000000001,-0.17013743168525933,0.07543201215758216
19,22,-0.15000000000000002,0.3500000000000001,-0.1340283695414037,0.0827313901379028
20,22,-0.10000000000000009,0.3500000000000001,-0.08937079523329575,0.08782822730362058
21,22,-0.050000000000000044,0.3500000000000001,-0.05206589366097407,0.08987202504724325
22,22,0.0,0.3500000000000001,-0.02979979506188765,0.08979254974827242
23,22,0.050000000000000044,0.3500000000000001,-0.022862319316489868,0.08968563604379916
24,22,0.10000000000000009,0.3500000000000001,-0.026690769515281057,0.09061854554654435
25,22,0.1499999999999999,0.3500000000000001,-0.03513647354050499,0.09169226403022912
26,22,0.19999999999999996,0.3500000000000001,-0.043276302782626064,0.09066087127837352
27,22,0.25,0.3500000000000001,-0.047387855012453496,0.08563740110239862
28,22,0.30000000000000004,0.3500000000000001,-0.042892901176822054,0.07685206606379051
29,22,0.3500000000000001,0.3500000000000001,-0.024456104219303977,0.06661787493891812
30,22,0.3999999999999999,0.3500000000000001,0.010838125671881159,0.05836685751939755
31,22,0.44999999999999996,0.3500000000000001,0.060790715659939376,0.055522342313458865
32,22,0.5,0.3500000000000001,0.1164972752466389,0.05977470370865205
33,22,0.55,0.3500000000000001,0.16089701074847196,0.0702705312244694
34,22,0.6000000000000001,0.3500000000000001,0.17310854453928123,0.08401667211635912
35,22,0.6499999999999999,0.3500000000000001,0.14597499582765702,0.09546591048194816
36,22,0.7,0.3500000000000001,0.09799361830157317,0.0998902838481823
37,22,0.75,0.3500000000000001,0.07265853415543727,0.09818816805582574
0,23,-1.1,0.40000000000000013,0.32886000804861343,-0.5727972614544554
1,23,-1.05,0.40000000000000013,0.3835478512755362,-0.5899831713517592
2,23,-1.0,0.40000000000000013,0.46501734969549513,-0.5810960448255937
3,23,-0.9500000000000001,0.40000000000000013,0.48117045314749113,-0.5385478967218255
4,23,-0.9000000000000001,0.40000000000000013,0.4446248686509294,-0.48087607846399816
5,23,-0.8500000000000001,0.40000000000000013,0.40103296469849725,-0.4370046752940762
6,23,-0.8,0.40000000000000013,0.37750934058079333,-0.4201400892062296
7,23,-0.75,0.40000000000000013,0.3728835015507631,-0.4273227952465833
8,23,-0.7000000000000001,0.40000000000000013,0.3514151747568636,-0.4623177783386126
9,23,-0.6500000000000001,0.40000000000000013,0.19859370017208972,-0.537210288613621
10,23,-0.6000000000000001,0.40000000000000013,-0.2084256572935017,-0.618365859626124
11,23,-0.55,0.40000000000000013,-0.7308002718148678,-0.5939537937250683
12,23,-0.5,0.40000000000000013,-0.9685476910169233,-0.40923410916599345
13,23,-0.45000000000000007,0.40000000000000013,-0.769556253324493,-0.17706521332224404
14,23,-0.4,0.40000000000000013,-0.42284360554280614,-0.026531651734669204
15,23,-0.3500000000000001,0.40000000000000013,-0.2179023248674812,0.03421997873524138
16,23,-0.30000000000000004,0.40000000000000013,-0.17029204940660556,0.05459600197563322
17,23,-0.25,0.40000000000000013,-0.17357431798357878,0.06546129094095826
18,23,-0.20000000000000007,0.40000000000000013,-0.16224484593430136,0.07462419292052706
19,23,-0.15000000000000002,0.40000000000000013,-0.12803238728058183,0.08280539184135904
20,23,-0.10000000000000009,0.40000000000000013,-0.08611779214673099,0.08830463694826943
21,23,-0.050000000000000044,0.40000000000000013,-0.05133534098477589,0.09008383242054739
22,23,0.0,0.40000000000000013,-0.029876592546908415,0.08935064448176128
23,23,0.050000000000000044,0.40000000000000013,-0.022026560728173744,0.08893281822130499
24,23,0.10000000000000009,0.40000000000000013,-0.025021445807379,0.09057663300274785
25,23,0.1499999999999999,0.40000000000000013,-0.034773938332375506,0.09299996333065719
26,23,0.19999999999999996,0.40000000000000013,-0.046800620359166156,0.0922422820319578
27,23,0.25,0.40000000000000013,-0.055360655173454995,0.08535203881809068
28,23,0.30000000000000004,0.40000000000000013,-0.05315813403396798,0.07396937237817282
29,23,0.3500000000000001,0.40000000000000013,-0.03365350044304556,0.06261796817592101
30,23,0.3999999999999999,0.40000000000000013,0.005850617251584311,0.05511061181524661
31,23,0.44999999999999996,0.40000000000000013,0.06207336755954675,0.053662199998108784
32,23,0.5,0.40000000000000013,0.12409708992385832,0.05891529587299993
33,23,0.55,0.40000000000000013,0.17240010987820215,0.06956728136576489
34,23,0.6000000000000001,0.40000000000000013,0.18396722201757879,0.08218617558615714
35,23,0.6499999999999999,0.40000000000000013,0.15182356842617184,0.09204583002922637
36,23,0.7,0.40000000000000013,0.09814851395823755,0.0967009749478627
37,23,0.75,0.40000000000000013,0.0704435619917737,0.09770182259509708
0,24,-1.1,0.4500000000000002,0.2774542857981975,-0.3832841972443455
1,24,-1.05,0.4500000000000002,0.34398117143113477,-0.4641191696358002
2,24,-1.0,0.4500000000000002,0.4601010165544078,-0.5337418134471669
3,24,-0.9500000000000001,0.4500000000000002,0.5170160134523079,-0.559288295819777
4,24,-0.9000000000000001,0.4500000000000002,0.49845844528140976,-0.532019201733952
5,24,-0.8500000000000001,0.4500000000000002,0.44127531538650927,-0.4786471682929311
6,24,-0.8,0.4500000000000002,0.386140354324013,-0.43486118263364265
7,24,-0.75,0.4500000000000002,0.33896556464890815,-0.42913254098712855
8,24,-0.7000000000000001,0.4500000000000002,0.2625646411793317,-0.49232596903412834
9,24,-0.6500000000000001,0.4500000000000002,0.07777554389451546,-0.6303618066228928
10,24,-0.6000000000000001,0.4500000000000002,-0.2588983995511379,-0.7574844779458667
11,24,-0.55,0.4500000000000002,-0.6075195691325832,-0.7186198116006217
12,24,-0.5,0.4500000000000002,-0.7154479845926351,-0.47788941871606927
13,24,-0.45000000000000007,0.4500000000000002,-0.5396873594447819,-0.1966000130248867
14,24,-0.4,0.4500000000000002,-0.2989896449912485,-0.02481193183659039
15,24,-0.3500000000000001,0.4500000000000002,-0.17277721094014972,0.038771692237067196
16,24,-0.30000000000000004,0.4500000000000002,-0.15429355630294656,0.05683715846388729
17,24,-0.25,0.4500000000000002,-0.1632899582344533,0.06601365618095809
18,24,-0.20000000000000007,0.4500000000000002,-0.15279333078485854,0.07524457537832867
19,24,-0.15000000000000002,0.4500000000000002,-0.12034792551366136,0.08474328847334858
20,24,-0.10000000000000009,0.4500000000000002,-0.0820923546541074,0.09166940076373156
21,24,-0.050000000000000044,0.4500000000000002,-0.05101988612748222,0.09397305522396544
22,24,0.0,0.4500000000000002,-0.030950809261130058,0.09246695585758691
23,24,0.050000000000000044,0.4500000000000002,-0.021636330795503297,0.09056481789058324
24,24,0.10000000000000009,0.4500000000000002,-0.022623624405928855,0.09129305693364384
25,24,0.1499999999999999,0.4500000000000002,-0.03347082451129503,0.09390200888767526
26,24,0.19999999999999996,0.4500000000000002,-0.05092422729519257,0.09327537129419285
27,24,0.25,0.4500000000000002,-0.06566076466623848,0.08520060541426386
28,24,0.30000000000000004,0.4500000000000002,-0.06562697181899171,0.07198670708291166
29,24,0.3500000000000001,0.4500000000000002,-0.04331486478223019,0.05995093231308708
30,24,0.3999999999999999,0.4500000000000002,0.0018823574940689258,0.05347991185353583
31,24,0.44999999999999996,0.4500000000000002,0.0645953997176927,0.05368223778630596
32,24,0.5,0.4500000000000002,0.132402356614295,0.06006505721037135
33,24,0.55,0.4500000000000002,0.18416789046162915,0.0715011773580037
34,24,0.6000000000000001,0.4500000000000002,0.19558709320274273,0.08564012607454582
35,24,0.6499999999999999,0.4500000000000002,0.1604897951893626,0.09905940755465074
36,24,0.7,0.4500000000000002,0.10364961086744388,0.10967444402057255
37,24,0.75,0.4500000000000002,0.07466022944990602,0.11751020666386988
0,25,-1.1,0.5,0.16719006326570404,-0.10373912168078349
1,25,-1.05,0.5,0.23309023507271479,-0.23025002536330233
2,25,-1.0,0.5,0.3698482235115183,-0.37161139300463497
3,25,-0.9500000000000001,0.5,0.48289306486070604,-0.4825894281476329
4,25,-0.9000000000000001,0.5,0.5252659961777753,-0.521102461608934
5,25,-0.8500000000000001,0.5,0.4981909837988066,-0.4845171296593853
6,25,-0.8,0.5,0.42702396788659586,-0.41042938381000316
7,25,-0.75,0.5,0.3154187151502774,-0.3620621091021811
8,25,-0.7000000000000001,0.5,0.15018590912109941,-0.40711412587603024
9,25,-0.6500000000000001,0.5,-0.06656480873964865,-0.5457449057859831
10,25,-0.6000000000000001,0.5,-0.2966836622712307,-0.6559514586222481
11,25,-0.55,0.5,-0.45120521258507046,-0.591886571744431
12,25,-0.5,0.5,-0.4465278924411882,-0.36245735042395755
13,25,-0.45000000000000007,0.5,-0.31647876644501416,-0.12517560432572725
14,25,-0.4,0.5,-0.18747190028085225,0.008405630994265112
15,25,-0.3500000000000001,0.5,-0.13625323456700353,0.0534187727625271
16,25,-0.30000000000000004,0.5,-0.14305008546271467,0.06428108913347982
17,25,-0.25,0.5,-0.15516690106913741,0.06990379113401252
18,25,-0.20000000000000007,0.5,-0.14351521364191086,0.07707422745116495
19,25,-0.15000000000000002,0.5,-0.11160756189517895,0.08566597681356015
20,25,-0.10000000000000009,0.5,-0.07688802539611413,0.09275910186512679
21,25,-0.050000000000000044,0.5,-0.05053778589092055,0.0955417269130504
22,25,0.0,0.5,-0.03328482988029062,0.09373901730248824
23,25,0.050000000000000044,0.5,-0.02320045965211681,0.09016744202406862
24,25,0.10000000000000009,0.5,-0.021684254810286976,0.08832676357799649
25,25,0.1499999999999999,0.5,-0.0327916239718265,0.08857975792521573
26,25,0.19999999999999996,0.5,-0.05550202383257756,0.08679238482853499
27,25,0.25,0.5,-0.07664931938473618,0.07914333336968143
28,25,0.30000000000000004,0.5,-0.07840780713514475,0.06769294743888404
29,25,0.3500000000000001,0.5,-0.05216029567242139,0.058284836149576254
30,25,0.3999999999999999,0.5,-0.0004180772751968126,0.05468528020372093
31,25,0.44999999999999996,0.5,0.06865851291638227,0.05704772181928056
32,25,0.5,0.5,0.14191602949555604,0.06436405310598185
33,25,0.55,0.5,0.1979751787423766,0.07652562685799676
34,25,0.6000000000000001,0.5,0.21152545221422583,0.09323727546705303
35,25,0.6499999999999999,0.5,0.17585788637219857,0.11192553548247698
36,25,0.7,0.5,0.11659931306745669,0.1287748758586832
37,25,0.75,0.5,0.08611508727836836,0.14144322278360932
0,26,-1.1,0.55,0.02443247843315982,0.20629052800345854
1,26,-1.05,0.55,0.0761089001072833,0.06458216317707342
2,26,-1.0,0.55,0.20776161377007724,-0.11420911409352148
3,26,-0.9500000000000001,0.55,0.36752494484800874,-0.2889724357109056
4,26,-0.9000000000000001,0.55,0.49653074376965733,-0.399306223470714
5,26,-0.8500000000000001,0.55,0.5519483931854402,-0.40825115519019944
6,26,-0.8,0.55,0.5085953748812172,-0.335259176335628
7,26,-0.75,0.55,0.34228082258288106,-0.2570199433581463
8,26,-0.7000000000000001,0.55,0.07888184449552971,-0.25873961574308324
9,26,-0.6500000000000001,0.55,-0.17106178885170242,-0.3411169467700431
10,26,-0.6000000000000001,0.55,-0.30504006550958584,-0.3969207212856918
11,26,-0.55,0.55,-0.3140254609342927,-0.33100342382016157
12,26,-0.5,0.55,-0.24873701717393143,-0.17439466493991945
13,26,-0.45000000000000007,0.55,-0.16882437802655928,-0.03212576046035129
14,26,-0.4,0.55,-0.12039526790299418,0.04093020769142419
15,26,-0.3500000000000001,0.55,-0.11690175280093501,0.06333500635599079
16,26,-0.30000000000000004,0.55,-0.13780853793146114,0.06834221665079646
17,26,-0.25,0.55,-0.1504968199167682,0.07129310116190654
18,26,-0.20000000000000007,0.55,-0.13703114510531092,0.07542725499996461
19,26,-0.15000000000000002,0.55,-0.10466305109969952,0.08076967894944803
20,26,-0.10000000000000009,0.55,-0.07221660455461715,0.08556921117251065
21,26,-0.050000000000000044,0.55,-0.05003997069012077,0.0874701023575216
22,26,0.0,0.55,-0.03632509415011184,0.08547410131168956
23,26,0.050000000000000044,0.55,-0.027048584519995048,0.08080179426636663
24,26,0.10000000000000009,0.55,-0.024211308504781745,0.07579305198170183
25,26,0.1499999999999999,0.55,-0.035005203260756526,0.07171080398810842
26,26,0.19999999999999996,0.55,-0.060360651850726865,0.06773078834403153
27,26,0.25,0.55,-0.08476020205588942,0.06284143397187678
28,26,0.30000000000000004,0.55,-0.0864854690390969,0.05814916740667954
29,26,0.3500000000000001,0.55,-0.056322532017393304,0.056024771450143215
30,26,0.3999999999999999,0.55,0.0006452431637732348,0.05757385257903758
31,26,0.44999999999999996,0.55,0.07427417261995362,0.06211020148921269
32,26,0.5,0.55,0.1518802616530112,0.06920454892635604
33,26,0.55,0.55,0.21304111282270033,0.08055172864749847
34,26,0.6000000000000001,0.55,0.23098700182722295,0.0981356467100613
35,26,0.6499999999999999,0.55,0.19602739558099275,0.11972334129557893
36,26,0.7,0.55,0.13316729816857623,0.13905268320541342
37,26,0.75,0.55,0.09999692329975829,0.15185715432303723
0,27,-1.1,0.6000000000000001,-0.11622666638706619,0.46022929847628985
1,27,-1.05,0.6000000000000001,-0.08740940702426522,0.34222826613128987
2,27,-1.0,0.6000000000000001,0.016293624623539282,0.17631968643933438
3,27,-0.9500000000000001,0.6000000000000001,0.19779595548351353,-0.011649026975775398
4,27,-0.9000000000000001,0.6000000000000001,0.4059872766984814,-0.16553744437942344
5,27,-0.8500000000000001,0.6000000000000001,0.5622380309338926,-0.23548937268146664
6,27,-0.8,0.6000000000000001,0.5782551797186489,-0.2233250714192804
7,27,-0.75,0.6000000000000001,0.3919382757428222,-0.1857606044583382
8,27,-0.7000000000000001,0.6000000000000001,0.06608890570920262,-0.17670742220418645
9,27,-0.6500000000000001,0.6000000000000001,-0.2047459142822572,-0.19038974683191212
10,27,-0.6000000000000001,0.6000000000000001,-0.28657013932134917,-0.1794866588234706
11,27,-0.55,0.6000000000000001,-0.22867915623929813,-0.12029389740681587
12,27,-0.5,0.6000000000000001,-0.1476502290813779,-0.03966566805885391
13,27,-0.45000000000000007,0.6000000000000001,-0.10115389381367051,0.02183927955116835
14,27,-0.4,0.6000000000000001,-0.09201113346451018,0.0513646545455268
15,27,-0.3500000000000001,0.6000000000000001,-0.10884122560763126,0.06121817917571215
16,27,-0.30000000000000004,0.6000000000000001,-0.13509199065679892,0.06475897851320925
17,27,-0.25,0.6000000000000001,-0.14808186271996926,0.06689890461292744
18,27,-0.20000000000000007,0.6000000000000001,-0.13403863585436937,0.06864356478851724
19,27,-0.15000000000000002,0.6000000000000001,-0.10146560572263291,0.07036260263257127
20,27,-0.10000000000000009,0.6000000000000001,-0.07018760198804055,0.07158693715827523
21,27,-0.050000000000000044,0.6000000000000001,-0.05063289575174164,0.07123981247655481
22,27,0.0,0.6000000000000001,-0.03995313797144559,0.0684987700119534
23,27,0.050000000000000044,0.6000000000000001,-0.03288150898210454,0.06312122220290414
24,27,0.10000000000000009,0.6000000000000001,-0.03077524508854519,0.05558456878864311
25,27,0.1499999999999999,0.6000000000000001,-0.040853887609496806,0.047604289432018956
26,27,0.19999999999999996,0.6000000000000001,-0.0643713938488092,0.042256271841001614
27,27,0.25,0.6000000000000001,-0.08623094032208817,0.04200402493584311
28,27,0.30000000000000004,0.6000000000000001,-0.08522446965687831,0.04642235763164658
29,27,0.3500000000000001,0.6000000000000001,-0.052735610500063354,0.05303762974079855
30,27,0.3999999999999999,0.6000000000000001,0.00566735276387266,0.05961068009311128
31,27,0.44999999999999996,0.6000000000000001,0.08028920926370073,0.06507512059892487
32,27,0.5,0.6000000000000001,0.16035755665384183,0.07029401988578148
33,27,0.55,0.6000000000000001,0.22690627652608186,0.07879370177329564
34,27,0.6000000000000001,0.6000000000000001,0.25069706486230625,0.09437633329257573
35,27,0.6499999999999999,0.6000000000000001,0.2167749228675507,0.11527154412982576
36,27,0.7,0.6000000000000001,0.14873312609491499,0.13379321941092426
37,27,0.75,0.6000000000000001,0.11172402951361599,0.14461390872783045
0,28,-1.1,0.6500000000000001,-0.21156958625684008,0.5770588291589875
1,28,-1.05,0.6500000000000001,-0.20780071192967214,0.5166623350388636
2,28,-1.0,0.6500000000000001,-0.14611567933698805,0.41162972458770075
3,28,-0.9500000000000001,0.6500000000000001,0.025667814029250932,0.2665383653062066
4,28,-0.9000000000000001,0.6500000000000001,0.2726903980639661,0.11385479175855431
5,28,-0.8500000000000001,0.6500000000000001,0.49416076614558324,-0.009721549293464221
6,28,-0.8,0.6500000000000001,0.5583241431043456,-0.0958540111945877
7,28,-0.75,0.6500000000000001,0.388898471797975,-0.1552614028615916
8,28,-0.7000000000000001,0.6500000000000001,0.07425270212195578,-0.1791690062095716
9,28,-0.6500000000000001,0.6500000000000001,-0.17384102547098657,-0.15068494087303486
10,28,-0.6000000000000001,0.6500000000000001,-0.2349442160844896,-0.08726958494328516
11,28,-0.55,0.6500000000000001,-0.174204470169676,-0.026085225962653585
12,28,-0.5,0.6500000000000001,-0.10660384021594721,0.014087256997847297
13,28,-0.45000000000000007,0.6500000000000001,-0.07779405542217857,0.035512675309070374
14,28,-0.4,0.6500000000000001,-0.08101636827845038,0.046674591618678096
15,28,-0.3500000000000001,0.6500000000000001,-0.10350742883325256,0.05325712967862675
16,28,-0.30000000000000004,0.6500000000000001,-0.13212781249424585,0.05727130101241873
17,28,-0.25,0.6500000000000001,-0.1466122336414602,0.059294290934068516
18,28,-0.20000000000000007,0.6500000000000001,-0.1335674470856671,0.060007501065949403
19,28,-0.15000000000000002,0.6500000000000001,-0.10171967872994153,0.059647361443199154
20,28,-0.10000000000000009,0.6500000000000001,-0.07133939471063361,0.058112557949782095
21,28,-0.050000000000000044,0.6500000000000001,-0.0531281378364426,0.05546597927881369
22,28,0.0,0.6500000000000001,-0.04444368442376251,0.05164332264907805
23,28,0.050000000000000044,0.6500000000000001,-0.039962785743305335,0.04593777273551883
24,28,0.10000000000000009,0.6500000000000001,-0.03972824127566693,0.037724059503093516
25,28,0.1499999999999999,0.6500000000000001,-0.04833350020839802,0.028786495329593403
26,28,0.19999999999999996,0.6500000000000001,-0.06596091634690271,0.024280125498245125
27,28,0.25,0.6500000000000001,-0.08059411626524446,0.02834483684265414
28,28,0.30000000000000004,0.6500000000000001,-0.07545186423414146,0.03909245011751265
29,28,0.3500000000000001,0.6500000000000001,-0.0431342095559286,0.05084076798874328
30,28,0.3999999999999999,0.6500000000000001,0.012682734021899553,0.0595081505790708
31,28,0.44999999999999996,0.6500000000000001,0.08495751241262381,0.06416916256150894
32,28,0.5,0.6500000000000001,0.16559884282738196,0.06652112525822027
33,28,0.55,0.6500000000000001,0.2371234262294946,0.07075952709588385
34,28,0.6000000000000001,0.6500000000000001,0.26746484418375305,0.0817554875637852
35,28,0.6499999999999999,0.6500000000000001,0.23544428169934128,0.09937615421468149
36,28,0.7,0.6500000000000001,0.1625096627665809,0.11659699369616125
37,28,0.75,0.6500000000000001,0.12163830193357067,0.12734088324209483
0,29,-1.1,0.7000000000000002,-0.237019654627314,0.5474696043764338
1,29,-1.05,0.7000000000000002,-0.252838511595552,0.5472104887203316
2,29,-1.0,0.7000000000000002,-0.23383034510911768,0.5181387313256199
3,29,-0.9500000000000001,0.7000000000000002,-0.09997897734563291,0.44519876762111554
4,29,-0.9000000000000001,0.7000000000000002,0.12972736209881056,0.3282197330400384
5,29,-0.8500000000000001,0.7000000000000002,0.35252922798075054,0.178802956565932
6,29,-0.8,0.7000000000000002,0.4327153261505216,0.01585095351970281
7,29,-0.75,0.7000000000000002,0.3086232807278383,-0.12139376939010751
8,29,-0.7000000000000001,0.7000000000000002,0.07066536769775936,-0.17852106215985486
9,29,-0.6500000000000001,0.7000000000000002,-0.11284649301597074,-0.1413264121365826
10,29,-0.6000000000000001,0.7000000000000002,-0.16197042441096793,-0.06298253343034091
11,29,-0.55,0.7000000000000002,-0.12732231429816568,-0.003540686183465813
12,29,-0.5,0.7000000000000002,-0.08605232780965394,0.023014229046766504
13,29,-0.45000000000000007,0.7000000000000002,-0.06856655919283972,0.032808456717498824
14,29,-0.4,0.7000000000000002,-0.0742666790949538,0.03971892397322152
15,29,-0.3500000000000001,0.7000000000000002,-0.09824451621389063,0.04601148355940804
16,29,-0.30000000000000004,0.7000000000000002,-0.12905482940135715,0.0500264091858206
17,29,-0.25,0.7000000000000002,-0.14534566266643859,0.05210217645618728
18,29,-0.20000000000000007,0.7000000000000002,-0.13368556534523873,0.05321077034053601
19,29,-0.15000000000000002,0.7000000000000002,-0.10336054883880022,0.052762457909352606
20,29,-0.10000000000000009,0.7000000000000002,-0.07436898415242602,0.05020092017275046
21,29,-0.050000000000000044,0.7000000000000002,-0.05710213105244569,0.0462218150516909
22,29,0.0,0.7000000000000002,-0.049481344514740455,0.04163904531799878
23,29,0.050000000000000044,0.7000000000000002,-0.04680077212808907,0.0362434988134111
24,29,0.10000000000000009,0.7000000000000002,-0.047926522494470616,0.029462410383761586
25,29,0.1499999999999999,0.7000000000000002,-0.054297821614345196,0.022760669605501535
26,29,0.19999999999999996,0.7000000000000002,-0.06481305233574847,0.020715376343096517
27,29,0.25,0.7000000000000002,-0.07141861570282064,0.026825916804288502
28,29,0.30000000000000004,0.7000000000000002,-0.06272853851078918,0.038717506297131776
29,29,0.3500000000000001,0.7000000000000002,-0.032319910038505206,0.05051131250997397
30,29,0.3999999999999999,0.7000000000000002,0.01899574733663832,0.058196931804253976
31,29,0.44999999999999996,0.7000000000000002,0.08730218394285019,0.06111002219306744
32,29,0.5,0.7000000000000002,0.16694792118821675,0.06094320846397376
33,29,0.55,0.7000000000000002,0.2421406388316468,0.06122575877003392
34,29,0.6000000000000001,0.7000000000000002,0.2793136919811039,0.06696887237187227
35,29,0.6499999999999999,0.7000000000000002,0.25161642899992676,0.0805243790965357
36,29,0.7,0.7000000000000002,0.17669785512232833,0.0971296586672861
37,29,0.75,0.7000000000000002,0.13321180860548315,0.11000864280211672
0,30,-1.1,0.75,-0.21208781756904438,0.4315602319196529
1,30,-1.05,0.75,-0.237131584980486,0.46322674960317806
2,30,-1.0,0.75,-0.24812740043620413,0.4835585742239562
3,30,-0.9500000000000001,0.75,-0.1642511842563306,0.4689627567134058
4,30,-0.9000000000000001,0.75,0.006294587008782576,0.39638070875815834
5,30,-0.8500000000000001,0.75,0.18179198662524765,0.2584533114433203
6,30,-0.8,0.75,0.2581274171483061,0.0825725425665641
7,30,-0.75,0.75,0.19452645611841735,-0.06645908927374794
8,30,-0.7000000000000001,0.75,0.054320059375480706,-0.1286957093529882
9,30,-0.6500000000000001,0.75,-0.058302496741472615,-0.10375426550618877
10,30,-0.6000000000000001,0.75,-0.09715849013137282,-0.04539585285192119
11,30,-0.55,0.75,-0.08820770769256858,-0.0014745231453792973
12,30,-0.5,0.75,-0.07025469731498257,0.01878958437732725
13,30,-0.45000000000000007,0.75,-0.061089360495723555,0.027767316947616
14,30,-0.4,0.75,-0.06781334143654116,0.03524533063358898
15,30,-0.3500000000000001,0.75,-0.09319994362065348,0.04186443008199661
16,30,-0.30000000000000004,0.75,-0.1260371195974666,0.046041177314184306
17,30,-0.25,0.75,-0.1434278724867448,0.048595353781422934
18,30,-0.20000000000000007,0.75,-0.13290716563250177,0.05026414372656163
19,30,-0.15000000000000002,0.75,-0.10472952889772708,0.04995791839230837
20,30,-0.10000000000000009,0.75,-0.07788003756829531,0.047020472336458535
21,30,-0.050000000000000044,0.75,-0.061690012691194285,0.04245847513207432
22,30,0.0,0.75,-0.05442200066204231,0.03762772896758276
23,30,0.050000000000000044,0.75,-0.05213942067754253,0.033022203405015105
24,30,0.10000000000000009,0.75,-0.0532110704835765,0.02861739213082408
25,30,0.1499999999999999,0.75,-0.05708053424906309,0.025346745015928304
26,30,0.19999999999999996,0.75,-0.06189566914811574,0.025836794580005526
27,30,0.25,0.75,-0.0625919863112092,0.031927459628962734
28,30,0.30000000000000004,0.75,-0.051766468528456,0.04167717817189977
29,30,0.3500000000000001,0.75,-0.0236547840488064,0.050782657689468214
30,30,0.3999999999999999,0.75,0.02328144370499302,0.056173036542110644
31,30,0.44999999999999996,0.75,0.0877037890723436,0.057552753899946796
32,30,0.5,0.75,0.16571457940434844,0.05659438801794439
33,30,0.55,0.75,0.2431490901373931,0.055618643494469225
34,30,0.6000000000000001,0.75,0.28676346451025486,0.05832526333755805
35,30,0.6499999999999999,0.75,0.2656050679947551,0.06841004771561632
36,30,0.7,0.75,0.19199392647216193,0.0837423009028844
37,30,0.75,0.75,0.14739627020323193,0.09782960712267294
0,31,-1.1,0.8,-0.17368661926026374,0.2906832212126603
1,31,-1.05,0.8,-0.2008401692912487,0.3276656500311753
2,31,-1.0,0.8,-0.22809433799888992,0.36116087049625223
3,31,-0.9500000000000001,0.8,-0.18715684281143077,0.3711449523143942
4,31,-0.9000000000000001,0.8,-0.08078208317127494,0.3337508067501997
5,31,-0.8500000000000001,0.8,0.038721061789156325,0.2381659623967694
6,31,-0.8,0.8,0.10780292543345338,0.10866230308442845
7,31,-0.75,0.8,0.09735502880828598,-0.0005578070141967761
8,31,-0.7000000000000001,0.8,0.03337019146531853,-0.04977816905722299
9,31,-0.6500000000000001,0.8,-0.029546636514903718,-0.045295596123068604
10,31,-0.6000000000000001,0.8,-0.059690682050158456,-0.020230954701442594
11,31,-0.55,0.8,-0.06313687706891724,0.0015777931906840736
12,31,-0.5,0.8,-0.05681048771665864,0.015672218581237185
13,31,-0.45000000000000007,0.8,-0.05211081293657799,0.025972014166225632
14,31,-0.4,0.8,-0.060169565960573185,0.03511979624250566
15,31,-0.3500000000000001,0.8,-0.0874486695332953,0.04251541280848384
16,31,-0.30000000000000004,0.8,-0.12232390570193083,0.04724150930890986
17,31,-0.25,0.8,-0.14112269625406126,0.04960002458047896
18,31,-0.20000000000000007,0.8,-0.1323230007343533,0.049894223521197156
19,31,-0.15000000000000002,0.8,-0.10660422022890331,0.04798610371187936
20,31,-0.10000000000000009,0.8,-0.08186842741266007,0.04414496335340787
21,31,-0.050000000000000044,0.8,-0.06649487442132146,0.03936120922405584
22,31,0.0,0.8,-0.05891761624179967,0.03477013878727189
23,31,0.050000000000000044,0.8,-0.055811108964847755,0.031053906414374166
24,31,0.10000000000000009,0.8,-0.05560198088355742,0.028578592395625685
25,31,0.1499999999999999,0.8,-0.05707841916516375,0.027905451831005817
26,31,0.19999999999999996,0.8,-0.058232337722714037,0.030010020513520433
27,31,0.25,0.8,-0.0555782321109264,0.03533115705607617
28,31,0.30000000000000004,0.8,-0.043873340450283696,0.04249469918391424
29,31,0.3500000000000001,0.8,-0.01782405166829433,0.048772606619130535
30,31,0.3999999999999999,0.8,0.025765843547116904,0.052110394576076954
31,31,0.44999999999999996,0.8,0.08772353541868394,0.05295397462283233
32,31,0.5,0.8,0.16501381078273916,0.05352777132292055
33,31,0.55,0.8,0.24387151415126046,0.05508907176187003
34,31,0.6000000000000001,0.8,0.292105096202251,0.05857096886917046
35,31,0.6499999999999999,0.8,0.2770334665652531,0.06651548281475905
36,31,0.7,0.8,0.20611741452938495,0.0788448471709513
37,31,0.75,0.8,0.16138642104506024,0.09112879268003693
0,32,-1.1,0.8500000000000001,-0.1381229599320144,0.15841499634576178
1,32,-1.05,0.8500000000000001,-0.16665393569689407,0.19247371510835554
2,32,-1.0,0.8500000000000001,-0.20464809815298524,0.2236538134449087
3,32,-0.9500000000000001,0.8500000000000001,-0.19166124800238313,0.2395341549991943
4,32,-0.9000000000000001,0.8500000000000001,-0.12668440290884223,0.2279937008074366
5,32,-0.8500000000000001,0.8500000000000001,-0.04329651704052362,0.18333117548829062
6,32,-0.8,0.8500000000000001,0.019403647737339935,0.11738171333914638
7,32,-0.75,0.8500000000000001,0.036085983976765906,0.05707228569878833
8,32,-0.7000000000000001,0.8500000000000001,0.009582270266608878,0.021301197755111273
9,32,-0.6500000000000001,0.8500000000000001,-0.02875528238569222,0.008276347136326329
10,32,-0.6000000000000001,0.8500000000000001,-0.05028510081762014,0.0069866704165698346
11,32,-0.55,0.8500000000000001,-0.0523045344098888,0.011278832716412612
12,32,-0.5,0.8500000000000001,-0.045860476339441014,0.01982965207374912
13,32,-0.45000000000000007,0.8500000000000001,-0.04164178283445508,0.03046654546750141
14,32,-0.4,0.8500000000000001,-0.05126994279428296,0.040150663215890586
15,32,-0.3500000000000001,0.8500000000000001,-0.08107823055424929,0.04716191189615318
16,32,-0.30000000000000004,0.8500000000000001,-0.11895250782547148,0.050798816029709454
17,32,-0.25,0.8500000000000001,-0.1407751582744575,0.05064123028937356
18,32,-0.20000000000000007,0.8500000000000001,-0.13452108650110137,0.04735625142525679
19,32,-0.15000000000000002,0.8500000000000001,-0.11047878906551636,0.042687576597100624
20,32,-0.10000000000000009,0.8500000000000001,-0.08650493205611884,0.03793864862610602
21,32,-0.050000000000000044,0.8500000000000001,-0.07106483725733026,0.0335677041791127
22,32,0.0,0.8500000000000001,-0.06272930347172398,0.029840916851986976
23,32,0.050000000000000044,0.8500000000000001,-0.058330967069188736,0.027049468960294587
24,32,0.10000000000000009,0.8500000000000001,-0.056359525066944846,0.025639322315473695
25,32,0.1499999999999999,0.8500000000000001,-0.055649106131168344,0.02615371611734682
26,32,0.19999999999999996,0.8500000000000001,-0.054469963923045386,0.02889689156458153
27,32,0.25,0.8500000000000001,-0.05010730764081539,0.03362144429036727
28,32,0.30000000000000004,0.8500000000000001,-0.038325018965401636,0.039221565888874974
29,32,0.3500000000000001,0.8500000000000001,-0.014039088656643689,0.04379327798768422
30,32,0.3999999999999999,0.8500000000000001,0.027462811708694815,0.045987558693231095
31,32,0.44999999999999996,0.8500000000000001,0.08912116581918719,0.04712934567569972
32,32,0.5,0.8500000000000001,0.16784967654338614,0.05054069548681303
33,32,0.55,0.8500000000000001,0.24819228768364301,0.05738308661016961
34,32,0.6000000000000001,0.8500000000000001,0.29818987556314386,0.06558119455197242
35,32,0.6499999999999999,0.8500000000000001,0.28587894629653593,0.0739973811007659
36,32,0.7,0.8500000000000001,0.2166072363374398,0.08289595295615446
37,32,0.75,0.8500000000000001,0.17196416122140318,0.09110071697601793
0,33,-1.1,0.9000000000000001,-0.10556918173507623,0.06145006789484708
1,33,-1.05,0.9000000000000001,-0.1356013521921018,0.09092347002270074
2,33,-1.0,0.9000000000000001,-0.18103389810805115,0.12055207916782801
3,33,-0.9500000000000001,0.9000000000000001,-0.18281695544890286,0.1434536824150684
4,33,-0.9000000000000001,0.9000000000000001,-0.13698506268217864,0.15373324471476643
5,33,-0.8500000000000001,0.9000000000000001,-0.07189092567913391,0.1459718935020922
6,33,-0.8,0.9000000000000001,-0.018455964356048904,0.12075845130882404
7,33,-0.75,0.9000000000000001,0.0012745132242508728,0.08803031557007415
8,33,-0.7000000000000001,0.9000000000000001,-0.015425747097143477,0.059311114078973715
9,33,-0.6500000000000001,0.9000000000000001,-0.043861163853445156,0.039874127195903136
10,33,-0.6000000000000001,0.9000000000000001,-0.05668819647007217,0.029166457304268256
11,33,-0.55,0.9000000000000001,-0.050293895411737954,0.026425132625895742
12,33,-0.5,0.9000000000000001,-0.037622774965569844,0.03118888491207325
13,33,-0.45000000000000007,0.9000000000000001,-0.03178980179443652,0.03965912015413242
14,33,-0.4,0.9000000000000001,-0.043474199531921415,0.046833489739079026
15,33,-0.3500000000000001,0.9000000000000001,-0.07680051671947644,0.05059676564517668
16,33,-0.30000000000000004,0.9000000000000001,-0.11884458730871045,0.050459130125402735
17,33,-0.25,0.9000000000000001,-0.14456526085851393,0.04618683878896718
18,33,-0.20000000000000007,0.9000000000000001,-0.14027665442662623,0.03942969224149162
19,33,-0.15000000000000002,0.9000000000000001,-0.11602182302805408,0.033024068053939815
20,33,-0.10000000000000009,0.9000000000000001,-0.09098829983064799,0.02832547885163697
21,33,-0.050000000000000044,0.9000000000000001,-0.0745926061954405,0.025083023219859557
22,33,0.0,0.9000000000000001,-0.06543585146061778,0.022782010178532403
23,33,0.050000000000000044,0.9000000000000001,-0.06001270350136104,0.02115527635019085
24,33,0.10000000000000009,0.9000000000000001,-0.056497733726505184,0.02044687856806053
25,33,0.1499999999999999,0.9000000000000001,-0.053820849916055916,0.02133333182322575
26,33,0.19999999999999996,0.9000000000000001,-0.050764609549693585,0.024235211333235307
27,33,0.25,0.9000000000000001,-0.04525355778663295,0.02892805905022139
28,33,0.30000000000000004,0.9000000000000001,-0.03370150675296675,0.034432721181016576
29,33,0.3500000000000001,0.9000000000000001,-0.011058058863938208,0.038929974781804766
30,33,0.3999999999999999,0.9000000000000001,0.029101911235132408,0.04096845230326884
31,33,0.44999999999999996,0.9000000000000001,0.09227667221226588,0.04219366424333584
32,33,0.5,0.9000000000000001,0.17526755171720906,0.04748348564947505
33,33,0.55,0.9000000000000001,0.2589120132164198,0.05972072168632617
34,33,0.6000000000000001,0.9000000000000001,0.3087193906928473,0.075093863311185
35,33,0.6499999999999999,0.9000000000000001,0.29434822496943513,0.0872510597762298
36,33,0.7,0.9000000000000001,0.223220750404637,0.0944052265774159
37,33,0.75,0.9000000000000001,0.17779594908478719,0.09842633896477437
0,34,-1.1,0.9500000000000002,-0.07917615567630709,0.024725148692175403
1,34,-1.05,0.9500000000000002,-0.10755192442391315,0.04621620378329416
2,34,-1.0,0.9500000000000002,-0.15211788576061758,0.07475356731582755
3,34,-0.9500000000000001,0.9500000000000002,-0.1584800824554447,0.10644641408730254
4,34,-0.9000000000000001,0.9500000000000002,-0.12416619182181843,0.13183151570460405
5,34,-0.8500000000000001,0.9500000000000002,-0.07627131044646601,0.13896740854690975
6,34,-0.8,0.9500000000000002,-0.038537930194678105,0.12361556133404533
7,34,-0.75,0.9500000000000002,-0.025361353253084418,0.09439310799007478
8,34,-0.7000000000000001,0.9500000000000002,-0.03857391810756214,0.06637552482673892
9,34,-0.6500000000000001,0.9500000000000002,-0.05889993916039768,0.0494163659513884
10,34,-0.6000000000000001,0.9500000000000002,-0.06373409538762753,0.04258141138768323
11,34,-0.55,0.9500000000000002,-0.05028210680208381,0.041264340125699295
12,34,-0.5,0.9500000000000002,-0.032626488811204335,0.04348333019442763
13,34,-0.45000000000000007,0.9500000000000002,-0.0259971780074493,0.047008517353399615
14,34,-0.4,0.9500000000000002,-0.0403322973032387,0.04862093835711512
15,34,-0.3500000000000001,0.9500000000000002,-0.07745259016792558,0.04718333478537895
16,34,-0.30000000000000004,0.9500000000000002,-0.12336243468168098,0.0428065246775243
17,34,-0.25,0.9500000000000002,-0.1518045961583686,0.035856097901087736
18,34,-0.20000000000000007,0.9500000000000002,-0.14768385723612873,0.028197778809798124
19,34,-0.15000000000000002,0.9500000000000002,-0.12158300245537101,0.022094936760524292
20,34,-0.10000000000000009,0.9500000000000002,-0.0944459768901991,0.01824467707385896
21,34,-0.050000000000000044,0.9500000000000002,-0.07660830593043483,0.01617715832756994
22,34,0.0,0.9500000000000002,-0.06665705034139269,0.01522290077627192
23,34,0.050000000000000044,0.9500000000000002,-0.06066609867966061,0.014793261647429723
24,34,0.10000000000000009,0.9500000000000002,-0.05618146959390995,0.014792711331169245
25,34,0.1499999999999999,0.9500000000000002,-0.05186077336599357,0.01588311042000773
26,34,0.19999999999999996,0.9500000000000002,-0.046875236696049746,0.018917763480237257
27,34,0.25,0.9500000000000002,-0.03990979779303412,0.024301594586433745
28,34,0.30000000000000004,0.9500000000000002,-0.02832310323381826,0.03140683604556549
29,34,0.3500000000000001,0.9500000000000002,-0.007503357534391422,0.03787013022068832
30,34,0.3999999999999999,0.9500000000000002,0.030726501170225892,0.04072652125394004
31,34,0.44999999999999996,0.9500000000000002,0.0956361991653934,0.04080489558371793
32,34,0.5,0.9500000000000002,0.18537673398637647,0.044823585579567074
33,34,0.55,0.9500000000000002,0.27580266534535297,0.05896758613391895
34,34,0.6000000000000001,0.9500000000000002,0.3257202136530475,0.07973834570654315
35,34,0.6499999999999999,0.9500000000000002,0.3051903095627668,0.09655447398133774
36,34,0.7,0.9500000000000002,0.22778251552598439,0.10449695448756083
37,34,0.75,0.9500000000000002,0.18000638599612012,0.10683965892955227
0,35,-1.1,1.0,-0.06258707155283871,0.048064291850042073
1,35,-1.05,1.0,-0.08557293356844964,0.06203423793478713
2,35,-1.0,1.0,-0.12080368780404277,0.08751497393465063
3,35,-0.9500000000000001,1.0,-0.12573900706012636,0.12106507708402575
4,35,-0.9000000000000001,1.0,-0.10446406822257143,0.1481714935263559
5,35,-0.8500000000000001,1.0,-0.08010688004969263,0.15294594341721313
6,35,-0.8,1.0,-0.06303026491288388,0.13165127300183072
7,35,-0.75,1.0,-0.05596552328305554,0.09580061986316946
8,35,-0.7000000000000001,1.0,-0.06040248913582985,0.06449701291352306
9,35,-0.6500000000000001,1.0,-0.06765527729250084,0.04961597715052543
10,35,-0.6000000000000001,1.0,-0.06484022229576128,0.04744708026630892
11,35,-0.55,1.0,-0.04939197660499356,0.048116054069381325
12,35,-0.5,1.0,-0.031878597737869524,0.047232045162551445
13,35,-0.45000000000000007,1.0,-0.026652193631749033,0.04465887088913559
14,35,-0.4,1.0,-0.04329938209994208,0.04048240485712215
15,35,-0.3500000000000001,1.0,-0.08261493039906725,0.03532508761598552
16,35,-0.30000000000000004,1.0,-0.13017182419300166,0.02978313355794765
17,35,-0.25,1.0,-0.1591740067262401,0.023969542775847535
18,35,-0.20000000000000007,1.0,-0.15403781556718968,0.018435695272489977
19,35,-0.15000000000000002,1.0,-0.12597492476399325,0.013927598076931419
20,35,-0.10000000000000009,1.0,-0.09690607826360234,0.010813334381124529
21,35,-0.050000000000000044,1.0,-0.07761438249302754,0.00913131180830265
22,35,0.0,1.0,-0.066819748140758,0.008566091683146898
23,35,0.050000000000000044,1.0,-0.06044289294646371,0.008599096079813101
24,35,0.10000000000000009,1.0,-0.05540788495392718,0.008986307502809737
25,35,0.1499999999999999,1.0,-0.049695797766987904,0.010263457109415466
26,35,0.19999999999999996,1.0,-0.04234612538326757,0.013716876672320022
27,35,0.25,1.0,-0.03276448522130472,0.0207716721431727
28,35,0.30000000000000004,1.0,-0.02013297111871218,0.03142233748821423
29,35,0.3500000000000001,1.0,-0.0017383736555636603,0.0420198882732125
30,35,0.3999999999999999,1.0,0.03203667659816202,0.04649485193766942
31,35,0.44999999999999996,1.0,0.09637373653789291,0.04394080931755563
32,35,0.5,1.0,0.19343024226741007,0.04307879984334878
33,35,0.55,1.0,0.2938267733433959,0.05377434662700367
34,35,0.6000000000000001,1.0,0.3463062785402661,0.07447992810571194
35,35,0.6499999999999999,1.0,0.3191068337504528,0.09361836446173194
36,35,0.7,1.0,0.23350593535285152,0.10419409354550394
37,35,0.75,1.0,0.18248135796877007,0.10858669814622995
0,36,-1.1,1.05,-0.05123626350681698,0.09414863669789109
1,36,-1.05,1.05,-0.06810124233930459,0.10629902512728662
2,36,-1.0,1.05,-0.09308704661137895,0.12915031736997207
3,36,-0.9500000000000001,1.05,-0.09782356286373944,0.15685273225818475
4,36,-0.9000000000000001,1.05,-0.09228532548863105,0.1741448153758543
5,36,-0.8500000000000001,1.05,-0.09279153097099119,0.16924658572467416
6,36,-0.8,1.05,-0.09568325374872177,0.1418738540079173
7,36,-0.75,1.05,-0.09251561334139208,0.10254211761029058
8,36,-0.7000000000000001,1.05,-0.08475856082020616,0.06827746555295916
9,36,-0.6500000000000001,1.05,-0.07594987180761181,0.05027565577625237
10,36,-0.6000000000000001,1.05,-0.06523401846877164,0.045095416007208816
11,36,-0.55,1.05,-0.050497141905841286,0.042450949006336836
12,36,-0.5,1.05,-0.03608367199145007,0.037178329195597104
13,36,-0.45000000000000007,1.05,-0.032746818312878595,0.03007480578493843
14,36,-0.4,1.05,-0.04966608057638877,0.02332661103063488
15,36,-0.3500000000000001,1.05,-0.08815186146710008,0.018522483296597447
16,36,-0.30000000000000004,1.05,-0.13471797952181896,0.015901303823350615
17,36,-0.25,1.05,-0.16315203444382628,0.014357348638031342
18,36,-0.20000000000000007,1.05,-0.15772580193504485,0.012527416437813771
19,36,-0.15000000000000002,1.05,-0.12920536334673646,0.009860705128968
20,36,-0.10000000000000009,1.05,-0.09924226315882786,0.006991864926006175
21,36,-0.050000000000000044,1.05,-0.07885554862841246,0.004835265782720255
22,36,0.0,1.05,-0.06718926606988224,0.0036212324158226006
23,36,0.050000000000000044,1.05,-0.06024588285999777,0.0031634114358695953
24,36,0.10000000000000009,1.05,-0.05451710856430758,0.0033846806863879753
25,36,0.1499999999999999,1.05,-0.04713020419648328,0.004798793292327824
26,36,0.19999999999999996,1.05,-0.03636702166229251,0.009008661217835418
27,36,0.25,1.05,-0.022204336977139916,0.018366559453388068
28,36,0.30000000000000004,1.05,-0.00707488710377846,0.033328756780368896
29,36,0.3500000000000001,1.05,0.007569156915063768,0.04853249899612576
30,36,0.3999999999999999,1.05,0.032647422214569025,0.054647506562245235
31,36,0.44999999999999996,1.05,0.09222014707107276,0.049380884279946954
32,36,0.5,1.05,0.19521027129582452,0.04321006803961136
33,36,0.55,1.05,0.3072037936077161,0.04848522520576923
34,36,0.6000000000000001,1.05,0.3655642314877758,0.06548315289995485
35,36,0.6499999999999999,1.05,0.3349044750025588,0.08394579608670724
36,36,0.7,1.05,0.2427508492104824,0.09663154012818337
37,36,0.75,1.05,0.18879159519757216,0.10413685801940964
0,37,-1.1,1.1,-0.03828629469404765,0.11670134005358518
1,37,-1.05,1.1,-0.05057125289636866,0.1299065505214872
2,37,-1.0,1.1,-0.07024998067314464,0.14998188545053748
3,37,-0.9500000000000001,1.1,-0.08074450905424413,0.16817673937714717
4,37,-0.9000000000000001,1.1,-0.09207021475608201,0.17253662427603927
5,37,-0.8500000000000001,1.1,-0.11237784141762963,0.15997124419402958
6,37,-0.8,1.1,-0.12973473302726746,0.13436539049224122
7,37,-0.75,1.1,-0.12956191173801368,0.10164907557319441
8,37,-0.7000000000000001,1.1,-0.11266895096986806,0.0709026708747626
9,37,-0.6500000000000001,1.1,-0.09083732683825119,0.04953568444875711
10,37,-0.6000000000000001,1.1,-0.07266492906567681,0.037062776935274655
11,37,-0.55,1.1,-0.05730906341660527,0.027974579703389513
12,37,-0.5,1.1,-0.04425474095926793,0.018863317101462662
13,37,-0.45000000000000007,1.1,-0.040503911796711256,0.0104720929884633
14,37,-0.4,1.1,-0.05485170458828306,0.00494096924958512
15,37,-0.3500000000000001,1.1,-0.09004023760635152,0.003226504576579331
16,37,-0.30000000000000004,1.1,-0.13433695885156777,0.004647295999184592
17,37,-0.25,1.1,-0.16254789411177695,0.007347240763250912
18,37,-0.20000000000000007,1.1,-0.15853445907625302,0.009098019594353524
19,37,-0.15000000000000002,1.1,-0.13151047627580084,0.008618809159790103
20,37,-0.10000000000000009,1.1,-0.10193151760985009,0.006464411245339363
21,37,-0.050000000000000044,1.1,-0.08098501500321112,0.004018305242242393
22,37,0.0,1.1,-0.06849160248760866,0.0020837790412275847
23,37,0.050000000000000044,1.1,-0.060679444675898336,0.000944005960208244
24,37,0.10000000000000009,1.1,-0.05377250309746895,0.0008337623319289167
25,37,0.1499999999999999,1.1,-0.04407181723554046,0.0022965163706326064
26,37,0.19999999999999996,1.1,-0.028778359222207325,0.0068372536973580755
27,37,0.25,1.1,-0.008444389658771242,0.01685998603909354
28,37,0.30000000000000004,1.1,0.010032968424025512,0.03278044020241476
29,37,0.3500000000000001,1.1,0.01958037612631268,0.04882567423066607
30,37,0.3999999999999999,1.1,0.032885061881983216,0.055503388200543596
31,37,0.44999999999999996,1.1,0.08493629801525904,0.05077385587317296
32,37,0.5,1.1,0.19253458319323236,0.04491942890357037
33,37,0.55,1.1,0.3160998582037394,0.04955982995847166
34,37,0.6000000000000001,1.1,0.3817668494212041,0.06466624277132807
35,37,0.6499999999999999,1.1,0.35025522097868134,0.08102712584708682
36,37,0.7,1.1,0.2536969972855539,0.09271273478037023
37,37,0.75,1.1,0.19749199375122262,0.10025627310195295
0,38,-1.1,1.1500000000000001,-0.024825842571012946,0.1007617929215393
1,38,-1.05,1.1500000000000001,-0.03482069694235229,0.10978519355620942
2,38,-1.0,1.1500000000000001,-0.054816857755718984,0.11977642888991474
3,38,-0.9500000000000001,1.1500000000000001,-0.07526882403823765,0.12253128119940809
4,38,-0.9000000000000001,1.1500000000000001,-0.10049082067174864,0.11343277025146065
5,38,-0.8500000000000001,1.1500000000000001,-0.13096276475478924,0.09850038951372736
6,38,-0.8,1.1500000000000001,-0.15400542236955694,0.08431488083107952
7,38,-0.75,1.1500000000000001,-0.1559783329588707,0.07047444007018733
8,38,-0.7000000000000001,1.1500000000000001,-0.13687195194464347,0.05511321833496008
9,38,-0.6500000000000001,1.1500000000000001,-0.10978976574709975,0.03939894569597535
10,38,-0.6000000000000001,1.1500000000000001,-0.08679512321413924,0.025611116220596863
11,38,-0.55,1.1500000000000001,-0.06869660173965328,0.014244106511874105
12,38,-0.5,1.1500000000000001,-0.053586158706376286,0.004754137499372174
13,38,-0.45000000000000007,1.1500000000000001,-0.04666916616475614,-0.00223228178931667
14,38,-0.4,1.1500000000000001,-0.05691166898827274,-0.005594351229463723
15,38,-0.3500000000000001,1.1500000000000001,-0.0884455347175006,-0.005469263692334386
16,38,-0.30000000000000004,1.1500000000000001,-0.13059724333514738,-0.00261674391870817
17,38,-0.25,1.1500000000000001,-0.15870131084865735,0.002034894053620645
18,38,-0.20000000000000007,1.1500000000000001,-0.15645423353850565,0.006717189863049977
19,38,-0.15000000000000002,1.1500000000000001,-0.13183897169575062,0.009384445459120067
20,38,-0.10000000000000009,1.1500000000000001,-0.10384276707637558,0.00940129644692575
21,38,-0.050000000000000044,1.1500000000000001,-0.08323618083252424,0.007785184758992841
22,38,0.0,1.1500000000000001,-0.07026356535191638,0.0058597171109141255
23,38,0.050000000000000044,1.1500000000000001,-0.061495899569296436,0.004507923092122584
24,38,0.10000000000000009,1.1500000000000001,-0.05316459815388322,0.004281526823112641
25,38,0.1499999999999999,1.1500000000000001,-0.041126712831054124,0.0055754277617357795
26,38,0.19999999999999996,1.1500000000000001,-0.021803551993831577,0.00896955378755615
27,38,0.25,1.1500000000000001,0.0037388495279167683,0.015452559286526502
28,38,0.30000000000000004,1.1500000000000001,0.024890801087794068,0.02505834660853322
29,38,0.3500000000000001,1.1500000000000001,0.030292104913192605,0.03477863943589475
30,38,0.3999999999999999,1.1500000000000001,0.03459560385707591,0.040262939647864454
31,38,0.44999999999999996,1.1500000000000001,0.08163618777409953,0.041499379951257936
32,38,0.5,1.1500000000000001,0.19399624538112323,0.04494727503963292
33,38,0.55,1.1500000000000001,0.32695060747547383,0.05691626199413019
34,38,0.6000000000000001,1.1500000000000001,0.3970315273763909,0.07446456476683211
35,38,0.6499999999999999,1.1500000000000001,0.362950967011601,0.08856844549906692
36,38,0.7,1.1500000000000001,0.26197999646534853,0.0959507300975998
37,38,0.75,1.1500000000000001,0.2038786718407376,0.09966094567983586
0,39,-1.1,1.2000000000000002,-0.020239493424707433,0.06323123364383537
1,39,-1.05,1.2000000000000002,-0.03155661692799322,0.05943417291123965
2,39,-1.0,1.2000000000000002,-0.05750389302994596,0.049240018379817785
3,39,-0.9500000000000001,1.2000000000000002,-0.08708816769269823,0.02978942957210795
4,39,-0.9000000000000001,1.2000000000000002,-0.11610110644176275,0.00681970468991433
5,39,-0.8500000000000001,1.2000000000000002,-0.14149573083801076,-0.006752327067870156
6,39,-0.8,1.2000000000000002,-0.1577606824708075,-0.004430978077866743
7,39,-0.75,1.2000000000000002,-0.15876357423413312,0.007259885133105992
8,39,-0.7000000000000001,1.2000000000000002,-0.14374444534408004,0.016588084306756734
9,39,-0.6500000000000001,1.2000000000000002,-0.1203394289526144,0.018003883698738954
10,39,-0.6000000000000001,1.2000000000000002,-0.09781976824977806,0.014171393832922985
11,39,-0.55,1.2000000000000002,-0.07816604213782996,0.008978443287401827
12,39,-0.5,1.2000000000000002,-0.060731129260458705,0.0036901105165099146
13,39,-0.45000000000000007,1.2000000000000002,-0.05085240052554715,-0.0010688986451330706
14,39,-0.4,1.2000000000000002,-0.05808868649130078,-0.004553394150218909
15,39,-0.3500000000000001,1.2000000000000002,-0.08706263029559597,-0.006450863789315975
16,39,-0.30000000000000004,1.2000000000000002,-0.12683280110561274,-0.005700567315730515
17,39,-0.25,1.2000000000000002,-0.1532139603300188,-0.0012370975524224337
18,39,-0.20000000000000007,1.2000000000000002,-0.1511849076707536,0.005581738443376644
19,39,-0.15000000000000002,1.2000000000000002,-0.12882636969192507,0.011494434311996454
20,39,-0.10000000000000009,1.2000000000000002,-0.10353077830997731,0.01430762024624957
21,39,-0.050000000000000044,1.2000000000000002,-0.08452659433922274,0.014386516961335805
22,39,0.0,1.2000000000000002,-0.07176886415447892,0.013366294751253754
23,39,0.050000000000000044,1.2000000000000002,-0.06225763496369982,0.01253536603612812
24,39,0.10000000000000009,1.2000000000000002,-0.052704998427855754,0.012559153222270053
25,39,0.1499999999999999,1.2000000000000002,-0.03938379027109695,0.013465781756265283
26,39,0.19999999999999996,1.2000000000000002,-0.018901227697416603,0.014330859099718624
27,39,0.25,1.2000000000000002,0.007644403162205826,0.01382217863783397
28,39,0.30000000000000004,1.2000000000000002,0.02935904857339376,0.011726086783189274
29,39,0.3500000000000001,1.2000000000000002,0.034784969165643914,0.010219600801578133
30,39,0.3999999999999999,1.2000000000000002,0.0396058023973464,0.013221418304931037
31,39,0.44999999999999996,1.2000000000000002,0.0896206334070275,0.023277981665230513
32,39,0.5,1.2000000000000002,0.2079514652361046,0.04012767803608583
33,39,0.55,1.2000000000000002,0.3456171479309386,0.06125558208179033
34,39,0.6000000000000001,1.2000000000000002,0.41341903292614085,0.07996937278455782
35,39,0.6499999999999999,1.2000000000000002,0.37174138630944903,0.08887418199250624
36,39,0.7,1.2000000000000002,0.26478949746632285,0.08872531914441317
37,39,0.75,1.2000000000000002,0.20491242491569472,0.08587849613634291
0,40,-1.1,1.25,-0.032419964036204396,0.027260699011831813
1,40,-1.05,1.25,-0.04881191220636988,0.009727968078099836
2,40,-1.0,1.25,-0.08446160109485068,-0.01791042654746472
3,40,-0.9500000000000001,1.25,-0.1176891377281411,-0.051898108948651434
4,40,-0.9000000000000001,1.25,-0.13703257731172674,-0.08052512998152905
5,40,-0.8500000000000001,1.25,-0.1422134475225703,-0.09114700529107955
6,40,-0.8,1.25,-0.1399932101685808,-0.07911817770670099
7,40,-0.75,1.25,-0.13495927057424723,-0.05140794977013641
8,40,-0.7000000000000001,1.25,-0.1261279533790105,-0.02255865794987988
9,40,-0.6500000000000001,1.25,-0.1122064562209335,-0.00272496597903793
10,40,-0.6000000000000001,1.25,-0.09582056362547636,0.008226783506473934
11,40,-0.55,1.25,-0.07917788505606635,0.013728201449728639
12,40,-0.5,1.25,-0.06363350063891118,0.01472090024963943
13,40,-0.45000000000000007,1.25,-0.05491267083148496,0.011420022558568943
14,40,-0.4,1.25,-0.062293634132455644,0.005178032681718708
15,40,-0.3500000000000001,1.25,-0.08959270788301221,-0.0014930289814070463
16,40,-0.30000000000000004,1.25,-0.12538347709825384,-0.00484624883703183
17,40,-0.25,1.25,-0.1474190050895502,-0.002397103316808674
18,40,-0.20000000000000007,1.25,-0.14372270167408677,0.004278447526289836
19,40,-0.15000000000000002,1.25,-0.1231130898928777,0.011204309893591002
20,40,-0.10000000000000009,1.25,-0.10095068442703622,0.015637655563023323
21,40,-0.050000000000000044,1.25,-0.08417750632752005,0.017586042087485293
22,40,0.0,1.25,-0.07211471627712407,0.01849883202384231
23,40,0.050000000000000044,1.25,-0.06230304109828014,0.019383836032159374
24,40,0.10000000000000009,1.25,-0.05223418243374606,0.02046035885516953
25,40,0.1499999999999999,1.25,-0.039355006953605554,0.021172731123253186
26,40,0.19999999999999996,1.25,-0.02144715511226289,0.019450250320711543
27,40,0.25,1.25,0.0011340772113874187,0.012497617095434052
28,40,0.30000000000000004,1.25,0.02128822325153823,0.00051621162779944
29,40,0.3500000000000001,1.25,0.03178743643493437,-0.009963229225171122
30,40,0.3999999999999999,1.25,0.04765398472072829,-0.009069982600532628
31,40,0.44999999999999996,1.25,0.10854244750525432,0.006671686698969531
32,40,0.5,1.25,0.23197384579768304,0.029920626097428987
33,40,0.55,1.25,0.3667923022239458,0.04926872195849266
34,40,0.6000000000000001,1.25,0.4246501272871068,0.056515187017770196
35,40,0.6499999999999999,1.25,0.37170691337145634,0.05020288876728507
36,40,0.7,1.25,0.2589843106091852,0.03667103750042172
37,40,0.75,1.25,0.19818502582459707,0.02409211157291813
0,41,-1.1,1.3000000000000003,-0.05530495529217139,0.016189176010902584
1,41,-1.05,1.3000000000000003,-0.07672774248728975,-0.0022610604360920328
2,41,-1.0,1.3000000000000003,-0.11912997005669723,-0.02587173035314
3,41,-0.9500000000000001,1.3000000000000003,-0.14970287112676256,-0.049304969980640545
4,41,-0.9000000000000001,1.3000000000000003,-0.15535000278419087,-0.06754108525753144
5,41,-0.8500000000000001,1.3000000000000003,-0.1400887785631827,-0.078349375862303
6,41,-0.8,1.3000000000000003,-0.11802162694986434,-0.07737511536091174
7,41,-0.75,1.3000000000000003,-0.10220405447731201,-0.06062900695434276
8,41,-0.7000000000000001,1.3000000000000003,-0.09506146155298156,-0.03392392788361426
9,41,-0.6500000000000001,1.3000000000000003,-0.08955398749626059,-0.008382361438959707
10,41,-0.6000000000000001,1.3000000000000003,-0.08136660082101149,0.010765414140310459
11,41,-0.55,1.3000000000000003,-0.07167192539466447,0.02324284424422174
12,41,-0.5,1.3000000000000003,-0.0630393081516184,0.02832212564860062
13,41,-0.45000000000000007,1.3000000000000003,-0.060395268093467874,0.025556993577519477
14,41,-0.4,1.3000000000000003,-0.07100173803127677,0.016957403890918016
15,41,-0.3500000000000001,1.3000000000000003,-0.0970869118143465,0.006681050939258137
16,41,-0.30000000000000004,1.3000000000000003,-0.12773687544101436,-0.0005124744066231646
17,41,-0.25,1.3000000000000003,-0.14408926396669713,-0.0021362055288927373
18,41,-0.20000000000000007,1.3000000000000003,-0.13758349446035392,0.000531065588540991
19,41,-0.15000000000000002,1.3000000000000003,-0.11746716165519158,0.004679738590744609
20,41,-0.10000000000000009,1.3000000000000003,-0.09714904611608302,0.00845929163869108
21,41,-0.050000000000000044,1.3000000000000003,-0.08166541787840376,0.011650733294057136
22,41,0.0,1.3000000000000003,-0.06997107020980484,0.014936437601384828
23,41,0.050000000000000044,1.3000000000000003,-0.0602961081323726,0.01854608477044606
24,41,0.10000000000000009,1.3000000000000003,-0.05091610333676194,0.02172734606630186
25,41,0.1499999999999999,1.3000000000000003,-0.04039389880555494,0.022954107971607657
26,41,0.19999999999999996,1.3000000000000003,-0.027576341725235737,0.019905051769020105
27,41,0.25,1.3000000000000003,-0.011289635530706277,0.010466943840877346
28,41,0.30000000000000004,1.3000000000000003,0.006898202252788588,-0.004030776021610033
29,41,0.3500000000000001,1.3000000000000003,0.025198774937311846,-0.016205914796205978
30,41,0.3999999999999999,1.3000000000000003,0.056240718321487054,-0.016246241701715902
31,41,0.44999999999999996,1.3000000000000003,0.12861124210498912,-0.0026524982118437956
32,41,0.5,1.3000000000000003,0.2505485004956277,0.01240365195114529
33,41,0.55,1.3000000000000003,0.3722117088512798,0.012863810965216271
34,41,0.6000000000000001,1.3000000000000003,0.41435319973493323,-0.006555825318863562
35,41,0.6499999999999999,1.3000000000000003,0.35189723679210055,-0.037734833156108094
36,41,0.7,1.3000000000000003,0.2386787202719559,-0.06864145716361791
37,41,0.75,1.3000000000000003,0.17975457306068754,-0.09197798178085886
0,42,-1.1,1.35,-0.06932043693019363,0.05319638285761902
1,42,-1.05,1.35,-0.09087281857041246,0.05096689763027684
2,42,-1.0,1.35,-0.1315055106393992,0.053826079753391265
3,42,-0.9500000000000001,1.35,-0.15935849263253254,0.06107711267210297
4,42,-0.9000000000000001,1.35,-0.1660769831933892,0.06104483149835138
5,42,-0.8500000000000001,1.35,-0.1520474776259506,0.040976161943568346
6,42,-0.8,1.35,-0.12227284126062055,0.007978371414515406
7,42,-0.75,1.35,-0.09150808309694974,-0.014387556442917726
8,42,-0.7000000000000001,1.35,-0.07388130786362745,-0.013940343236462094
9,42,-0.6500000000000001,1.35,-0.06751711419700879,0.0008175940228213885
10,42,-0.6000000000000001,1.35,-0.06419535794229492,0.01729588481817701
11,42,-0.55,1.35,-0.06162117354777619,0.0293414241455206
12,42,-0.5,1.35,-0.061319351305613445,0.034594305410552834
13,42,-0.45000000000000007,1.35,-0.06627739258916757,0.03253051926375872
14,42,-0.4,1.35,-0.08116957677071698,0.025026643583323654
15,42,-0.3500000000000001,1.35,-0.10706258618055339,0.015343740228440789
16,42,-0.30000000000000004,1.35,-0.13420073356640472,0.006467639181563373
17,42,-0.25,1.35,-0.14637546509438604,-1.4588045651187098e-05
18,42,-0.20000000000000007,1.35,-0.13690675755444942,-0.003888302510518249
19,42,-0.15000000000000002,1.35,-0.11518486384272761,-0.005281290125013771
20,42,-0.10000000000000009,1.35,-0.0939796897237237,-0.004452924282693366
21,42,-0.050000000000000044,1.35,-0.0777003603648263,-0.001881892943103175
22,42,0.0,1.35,-0.06521936480073515,0.0022293176893575795
23,42,0.050000000000000044,1.35,-0.055512132633363104,0.007624562592097872
24,42,0.10000000000000009,1.35,-0.04782615923258446,0.01276253848040379
25,42,0.1499999999999999,1.35,-0.04117730125088731,0.014994085896589543
26,42,0.19999999999999996,1.35,-0.0339343192429932,0.012380334525856213
27,42,0.25,1.35,-0.02280175057924272,0.004894328107133
28,42,0.30000000000000004,1.35,-0.005384635385545095,-0.005241311066827153
29,42,0.3500000000000001,1.35,0.0195719707548285,-0.0132447156400229
30,42,0.3999999999999999,1.35,0.061207401305090475,-0.014114948617243578
31,42,0.44999999999999996,1.35,0.13719234115811552,-0.010068405627384619
32,42,0.5,1.35,0.2474901549747431,-0.014281873375067838
33,42,0.55,1.35,0.34783282495393697,-0.040482420531001984
34,42,0.6000000000000001,1.35,0.37405148316578246,-0.0868349098335787
35,42,0.6499999999999999,1.35,0.309621281526702,-0.1368839594799781
36,42,0.7,1.35,0.20474116198443443,-0.1767737601105318
37,42,0.75,1.35,0.15151197659011517,-0.20331638126696056
0,43,-1.1,1.4,-0.05976392574685574,0.13621179331887334
1,43,-1.05,1.4,-0.0760980455915175,0.15439186614765066
2,43,-1.0,1.4,-0.1090197550148711,0.1835203429153895
3,43,-0.9500000000000001,1.4,-0.14248411938180244,0.21413324284072666
4,43,-0.9000000000000001,1.4,-0.1754509535127255,0.22184549247203533
5,43,-0.8500000000000001,1.4,-0.19315523864701867,0.1860138341931855
6,43,-0.8,1.4,-0.17338534533635042,0.11660985440596988
7,43,-0.75,1.4,-0.12412276912828951,0.05123419943506846
8,43,-0.7000000000000001,1.4,-0.07985631108724245,0.018281542949892537
9,43,-0.6500000000000001,1.4,-0.058317759441621486,0.014637667349196304
10,43,-0.6000000000000001,1.4,-0.05284277069831228,0.022285095630858176
11,43,-0.55,1.4,-0.05437350480228864,0.02937701558465511
12,43,-0.5,1.4,-0.059850213033380284,0.032482586094210175
13,43,-0.45000000000000007,1.4,-0.06996292992069705,0.031762021184948974
14,43,-0.4,1.4,-0.0881885170665947,0.02828776230753796
15,43,-0.3500000000000001,1.4,-0.11564591621610679,0.02256804598664716
16,43,-0.30000000000000004,1.4,-0.14309520371510634,0.014561506825798015
17,43,-0.25,1.4,-0.15444520565877876,0.004999498266718139
18,43,-0.20000000000000007,1.4,-0.1428501965397165,-0.004196228811252506
19,43,-0.15000000000000002,1.4,-0.1180317834273667,-0.010890177040779048
20,43,-0.10000000000000009,1.4,-0.09374964893417242,-0.01410475106028014
21,43,-0.050000000000000044,1.4,-0.07498317590635281,-0.014399278157428003
22,43,0.0,1.4,-0.06046461467460379,-0.012484330707420027
23,43,0.050000000000000044,1.4,-0.04976288734132639,-0.008523795668187312
24,43,0.10000000000000009,1.4,-0.04354658003227027,-0.0038647500162435067
25,43,0.1499999999999999,1.4,-0.04077610276010252,-0.0013017213819586926
26,43,0.19999999999999996,1.4,-0.03767609951469228,-0.0020687610347162877
27,43,0.25,1.4,-0.028911281123389643,-0.004793013863069739
28,43,0.30000000000000004,1.4,-0.011240841494367312,-0.007765038329840893
29,43,0.3500000000000001,1.4,0.016325137386895422,-0.009937860307759616
30,43,0.3999999999999999,1.4,0.059417028334125335,-0.011543862634253582
31,43,0.44999999999999996,1.4,0.12844431734716485,-0.01798292298808915
32,43,0.5,1.4,0.22013448559201038,-0.040633114227471984
33,43,0.55,1.4,0.29965867239276894,-0.08619761724723979
34,43,0.6000000000000001,1.4,0.3179516607859571,-0.14439930762970316
35,43,0.6499999999999999,1.4,0.2619583865151474,-0.19488724642394498
36,43,0.7,1.4,0.17224629848497347,-0.22712534663164488
37,43,0.75,1.4,0.12666933074783004,-0.24431279119975252
0,44,-1.1,1.4500000000000002,-0.032960291272639,0.21622203757965863
1,44,-1.05,1.4500000000000002,-0.043564268973896314,0.24110831548927347
2,44,-1.0,1.4500000000000002,-0.0717641339463232,0.2717883525727974
3,44,-0.9500000000000001,1.4500000000000002,-0.1210333430758867,0.2943470532131051
4,44,-0.9000000000000001,1.4500000000000002,-0.19419639184093035,0.28840681925461575
5,44,-0.8500000000000001,1.4500000000000002,-0.25728311569201606,0.24239418564947324
6,44,-0.8,1.4500000000000002,-0.2570524760187376,0.16632192679255003
7,44,-0.75,1.4500000000000002,-0.1898363945530271,0.09048147567447512
8,44,-0.7000000000000001,1.4500000000000002,-0.11047783994949961,0.04298512030584428
9,44,-0.6500000000000001,1.4500000000000002,-0.06351356151604315,0.026727472457592216
10,44,-0.6000000000000001,1.4500000000000002,-0.04945600970683611,0.02600259575781999
11,44,-0.55,1.4500000000000002,-0.05142368308442419,0.027641855938061732
12,44,-0.5,1.4500000000000002,-0.05893434570531958,0.02809902629255595
13,44,-0.45000000000000007,1.4500000000000002,-0.07047221637583978,0.028432372677684448
14,44,-0.4,1.4500000000000002,-0.0903635519690188,0.028939434954396576
15,44,-0.3500000000000001,1.4500000000000002,-0.12078884166229334,0.02768935964841554
16,44,-0.30000000000000004,1.4500000000000002,-0.15176928128633374,0.02241415639007857
17,44,-0.25,1.4500000000000002,-0.16513320073143656,0.013150341578203467
18,44,-0.20000000000000007,1.4500000000000002,-0.1527964328619466,0.0022389338059418395
19,44,-0.15000000000000002,1.4500000000000002,-0.12509338609175524,-0.007498535603678164
20,44,-0.10000000000000009,1.4500000000000002,-0.09748879084037265,-0.014286497124620517
21,44,-0.050000000000000044,1.4500000000000002,-0.07607994001196619,-0.018287143532201428
22,44,0.0,1.4500000000000002,-0.059343882311494456,-0.02051750168705027
23,44,0.050000000000000044,1.4500000000000002,-0.04689255194218658,-0.021149398440842015
24,44,0.10000000000000009,1.4500000000000002,-0.04060408494635584,-0.0203128540105256
25,44,0.1499999999999999,1.4500000000000002,-0.03938131226936009,-0.019025007909577035
26,44,0.19999999999999996,1.4500000000000002,-0.037425611724104246,-0.01751518974668756
27,44,0.25,1.4500000000000002,-0.028498027874367324,-0.014919341952030415
28,44,0.30000000000000004,1.4500000000000002,-0.010529481830234971,-0.011398134609803198
29,44,0.3500000000000001,1.4500000000000002,0.01579314645041581,-0.008378756425543865
30,44,0.3999999999999999,1.4500000000000002,0.05316233862476094,-0.008638450225176009
31,44,0.44999999999999996,1.4500000000000002,0.10810308956489711,-0.019055277158797762
32,44,0.5,1.4500000000000002,0.17927546071559247,-0.04940358387986843
33,44,0.55,1.4500000000000002,0.2440666315517058,-0.10128207941936196
34,44,0.6000000000000001,1.4500000000000002,0.2653618539890773,-0.15914334077437323
35,44,0.6499999999999999,1.4500000000000002,0.2268952425247603,-0.2011031111672465
36,44,0.7,1.4500000000000002,0.15531561720862688,-0.219727823124993
37,44,0.75,1.4500000000000002,0.11713708745389989,-0.223302425212573
0,45,-1.1,1.5,-0.00999136992762606,0.223661635702046
1,45,-1.05,1.5,-0.02053173059837876,0.23664045506326725
2,45,-1.0,1.5,-0.05578101729103946,0.24167206947641906
3,45,-0.9500000000000001,1.5,-0.12586565269998407,0.2276900289622366
4,45,-0.9000000000000001,1.5,-0.22740382107635737,0.1949796732360859
5,45,-0.8500000000000001,1.5,-0.3152401311090844,0.15552969361213642
6,45,-0.8,1.5,-0.32529805531134853,0.11601659776561135
7,45,-0.75,1.5,-0.24745957561499526,0.07793478460594472
8,45,-0.7000000000000001,1.5,-0.14361031430412535,0.04894585618535119
9,45,-0.6500000000000001,1.5,-0.07530028398964578,0.03480004085230526
10,45,-0.6000000000000001,1.5,-0.051928387217842764,0.03035244383199881
11,45,-0.55,1.5,-0.05227707426755268,0.02805276093525988
12,45,-0.5,1.5,-0.05905969629375757,0.026155530515888925
13,45,-0.45000000000000007,1.5,-0.06912252125885643,0.02645263659534075
14,45,-0.4,1.5,-0.0889315300958636,0.02898605228597681
15,45,-0.3500000000000001,1.5,-0.12217119478042479,0.031105572054678926
16,45,-0.30000000000000004,1.5,-0.1576342217853184,0.029761106204229254
17,45,-0.25,1.5,-0.1746204282429155,0.02375003252554672
18,45,-0.20000000000000007,1.5,-0.16349907372159814,0.013914383356878751
19,45,-0.15000000000000002,1.5,-0.13455721435792906,0.0027042774916993806
20,45,-0.10000000000000009,1.5,-0.10453825686269569,-0.006878031143361801
21,45,-0.050000000000000044,1.5,-0.08121418046878257,-0.013834868964920505
22,45,0.0,1.5,-0.06332686958324438,-0.019515429456699596
23,45,0.050000000000000044,1.5,-0.04955823966480172,-0.0248002836773481
24,45,0.10000000000000009,1.5,-0.04142218950100529,-0.02862812696235492
25,45,0.1499999999999999,1.5,-0.03797843849626448,-0.029352323461683816
26,45,0.19999999999999996,1.5,-0.03357043355714566,-0.026168089498718045
27,45,0.25,1.5,-0.02279422598650528,-0.01977423905333245
28,45,0.30000000000000004,1.5,-0.004700255967880762,-0.01219453114936965
29,45,0.3500000000000001,1.5,0.01908482177152261,-0.005423322169210015
30,45,0.3999999999999999,1.5,0.04874050760087144,-0.0021507595845181304
31,45,0.44999999999999996,1.5,0.08767918369247243,-0.009071870566664808
32,45,0.5,1.5,0.13790768333144618,-0.035723593280932164
33,45,0.55,1.5,0.18991891549826417,-0.08428494390382013
34,45,0.6000000000000001,1.5,0.2181306290380726,-0.14036888282781032
35,45,0.6499999999999999,1.5,0.20137390416452766,-0.18127943237944907
36,45,0.7,1.5,0.15004698443964695,-0.19730225138491223
37,45,0.75,1.5,0.11952012657267003,-0.1964459028676513
0,46,-1.1,1.5500000000000003,-0.007002652550196498,0.12634823935308653
1,46,-1.05,1.5500000000000003,-0.025553835199523256,0.11952082338877512
2,46,-1.0,1.5500000000000003,-0.08071456004735383,0.0932368986782442
3,46,-0.9500000000000001,1.5500000000000003,-0.16772573931621987,0.04526746667524284
4,46,-0.9000000000000001,1.5500000000000003,-0.26635672719103054,-0.0012114649126443444
5,46,-0.8500000000000001,1.5500000000000003,-0.3362461911624906,-0.014979009881663508
6,46,-0.8,1.5500000000000003,-0.3346473850249293,0.003802604184692804
7,46,-0.75,1.5500000000000003,-0.25690713613328725,0.026908106570689705
8,46,-0.7000000000000001,1.5500000000000003,-0.15361258370313907,0.03698711642239699
9,46,-0.6500000000000001,1.5500000000000003,-0.08210697386939553,0.037544162913787926
10,46,-0.6000000000000001,1.5500000000000003,-0.05620328962388149,0.03481184785807029
11,46,-0.55,1.5500000000000003,-0.05562059640053407,0.030822780062863542
12,46,-0.5,1.5500000000000003,-0.06053447004523871,0.027479175491958996
13,46,-0.45000000000000007,1.5500000000000003,-0.0676416946057519,0.026993483307622967
14,46,-0.4,1.5500000000000003,-0.08571061650968062,0.029544750310098733
15,46,-0.3500000000000001,1.5500000000000003,-0.1200137877440409,0.033381494170000026
16,46,-0.30000000000000004,1.5500000000000003,-0.15912482081546594,0.03573369496043033
17,46,-0.25,1.5500000000000003,-0.18097992357878706,0.03360978937647571
18,46,-0.20000000000000007,1.5500000000000003,-0.17384218789579395,0.025433430964746373
19,46,-0.15000000000000002,1.5500000000000003,-0.1458858005919958,0.013190811307535605
20,46,-0.10000000000000009,1.5500000000000003,-0.11402793729699254,0.001488737843751281
21,46,-0.050000000000000044,1.5500000000000003,-0.08871733832530398,-0.007067037699934053
22,46,0.0,1.5500000000000003,-0.07030929702392205,-0.01376336314235116
23,46,0.050000000000000044,1.5500000000000003,-0.05600524944784191,-0.02035695960430295
24,46,0.10000000000000009,1.5500000000000003,-0.045156124730691555,-0.025698281532381406
25,46,0.1499999999999999,1.5500000000000003,-0.036921274805723214,-0.0269087823111213
26,46,0.19999999999999996,1.5500000000000003,-0.02784752731575288,-0.0228363371958535
27,46,0.25,1.5500000000000003,-0.01452446952501893,-0.015201908095757166
28,46,0.30000000000000004,1.5500000000000003,0.003821435053887462,-0.006636582519804063
29,46,0.3500000000000001,1.5500000000000003,0.02583691801526733,0.001439170174263732
30,46,0.3999999999999999,1.5500000000000003,0.04951379022730615,0.007518352049883242
31,46,0.44999999999999996,1.5500000000000003,0.07453025586848308,0.0064040472653360825
32,46,0.5,1.5500000000000003,0.10406238737843715,-0.010929552053460523
33,46,0.55,1.5500000000000003,0.13942134200482764,-0.0501915902470737
34,46,0.6000000000000001,1.5500000000000003,0.16836736551344836,-0.10379790524958951
35,46,0.6499999999999999,1.5500000000000003,0.16996187396765838,-0.15166704277230825
36,46,0.7,1.5500000000000003,0.14014914672042467,-0.1789616220722516
37,46,0.75,1.5500000000000003,0.11884978448842176,-0.18747695883949686
0,47,-1.1,1.6,-0.023646201856248883,-0.03852575548914744
1,47,-1.05,1.6,-0.0536430712732211,-0.05697880657343751
2,47,-1.0,1.6,-0.13003437400457174,-0.0929069281600009
3,47,-0.9500000000000001,1.6,-0.2203140162908726,-0.13911811844847854
4,47,-0.9000000000000001,1.6,-0.2876502976332637,-0.1658253569676535
5,47,-0.8500000000000001,1.6,-0.31022606201174724,-0.1445092245929258
6,47,-0.8,1.6,-0.2834109388589953,-0.0827345806919183
7,47,-0.75,1.6,-0.21427506337729108,-0.017821314265813182
8,47,-0.7000000000000001,1.6,-0.13297425796102713,0.02235953139265806
9,47,-0.6500000000000001,1.6,-0.07747555255397248,0.03705436632004622
10,47,-0.6000000000000001,1.6,-0.05864977006876715,0.03775519490784307
11,47,-0.55,1.6,-0.059609746633663974,0.03379577730499128
12,47,-0.5,1.6,-0.06288899304899814,0.030245243888722684
13,47,-0.45000000000000007,1.6,-0.06705694644071669,0.029064707300739956
14,47,-0.4,1.6,-0.08254351923348655,0.03043760708437107
15,47,-0.3500000000000001,1.6,-0.1159822501300932,0.03393752497715424
16,47,-0.30000000000000004,1.6,-0.15740592657884273,0.03754053510007058
17,47,-0.25,1.6,-0.18492069223859944,0.03721163659319793
18,47,-0.20000000000000007,1.6,-0.18391805179053825,0.030105684388670867
19,47,-0.15000000000000002,1.6,-0.15850190747892415,0.01801512556876189
20,47,-0.10000000000000009,1.6,-0.12479610587016535,0.0060394402944737025
21,47,-0.050000000000000044,1.6,-0.096466281454885,-0.0024014122045488973
22,47,0.0,1.6,-0.07661679148761327,-0.00792162298240251
23,47,0.050000000000000044,1.6,-0.061493158054831965,-0.012349739273326138
24,47,0.10000000000000009,1.6,-0.047974012207823644,-0.015210074696189874
25,47,0.1499999999999999,1.6,-0.03511649415973657,-0.014404555893777968
26,47,0.19999999999999996,1.6,-0.021863559341781524,-0.00945495502216745
27,47,0.25,1.6,-0.006594471310455846,-0.0023309691482829853
28,47,0.30000000000000004,1.6,0.011940822302140136,0.004795003569326647
29,47,0.3500000000000001,1.6,0.03323975634120992,0.011405932891620507
30,47,0.3999999999999999,1.6,0.05370538469194379,0.017389727330528737
31,47,0.44999999999999996,1.6,0.06923127958912867,0.019864755846166343
32,47,0.5,1.6,0.0813120458190364,0.011796636183783321
33,47,0.55,1.6,0.09705056230213518,-0.014547686673305055
34,47,0.6000000000000001,1.6,0.11665517651283805,-0.05934679516607602
35,47,0.6499999999999999,1.6,0.12621018734186557,-0.10984410746128145
36,47,0.7,1.6,0.11423706837245834,-0.14974690950772473
37,47,0.75,1.6,0.10248945303817952,-0.17325404145294682
0,48,-1.1,1.6500000000000004,-0.043908754718776644,-0.18846080876606774
1,48,-1.05,1.6500000000000004,-0.07993500787037672,-0.19991909693459736
2,48,-1.0,1.6500000000000004,-0.16285387192239487,-0.21339083810440418
3,48,-0.9500000000000001,1.6500000000000004,-0.24064416812387246,-0.21917888320917567
4,48,-0.9000000000000001,1.6500000000000004,-0.2717478333354778,-0.20235700967258435
5,48,-0.8500000000000001,1.6500000000000004,-0.2531554148867554,-0.15478053438853584
6,48,-0.8,1.6500000000000004,-0.20795947469781667,-0.08590649294558717
7,48,-0.75,1.6500000000000004,-0.1518130240487109,-0.02015658241325935
8,48,-0.7000000000000001,1.6500000000000004,-0.09873690311727967,0.021586258341461384
9,48,-0.6500000000000001,1.6500000000000004,-0.06671131035421052,0.03724286777780944
10,48,-0.6000000000000001,1.6500000000000004,-0.05946187863893643,0.03780777092986215
11,48,-0.55,1.6500000000000004,-0.06313054741965446,0.03401712337242735
12,48,-0.5,1.6500000000000004,-0.06526554004949003,0.031041665365290627
13,48,-0.45000000000000007,1.6500000000000004,-0.06744933141010351,0.02969526580033577
14,48,-0.4,1.6500000000000004,-0.08083779883326633,0.02978972119959622
15,48,-0.3500000000000001,1.6500000000000004,-0.11291085972834139,0.031449766248926314
16,48,-0.30000000000000004,1.6500000000000004,-0.15585070919942226,0.03326644871859866
17,48,-0.25,1.6500000000000004,-0.18841477429018677,0.03188316419676776
18,48,-0.20000000000000007,1.6500000000000004,-0.19303869892022998,0.025427832878627404
19,48,-0.15000000000000002,1.6500000000000004,-0.16995204468619296,0.01571653596718542
20,48,-0.10000000000000009,1.6500000000000004,-0.13444447507030333,0.006429425903703018
21,48,-0.050000000000000044,1.6500000000000004,-0.1026784016021802,9.934278127149421e-05
22,48,0.0,1.6500000000000004,-0.08025762409269929,-0.0032100275163028658
23,48,0.050000000000000044,1.6500000000000004,-0.06329370116162927,-0.004477853671385479
24,48,0.10000000000000009,1.6500000000000004,-0.047210941351143385,-0.0035289795206852603
25,48,0.1499999999999999,1.6500000000000004,-0.03116615513170079,0.0005134990233568448
26,48,0.19999999999999996,1.6500000000000004,-0.015773940570257897,0.007006858990340273
27,48,0.25,1.6500000000000004,-0.00027451093352483247,0.013591524325815285
28,48,0.30000000000000004,1.6500000000000004,0.017558337093790954,0.01842967555836794
29,48,0.3500000000000001,1.6500000000000004,0.03843164177646942,0.021826419252935977
30,48,0.3999999999999999,1.6500000000000004,0.057972613181851984,0.025134581853516608
31,48,0.44999999999999996,1.6500000000000004,0.06893716472173766,0.0279136192909607
32,48,0.5,1.6500000000000004,0.06964994485896575,0.025923904575528012
33,48,0.55,1.6500000000000004,0.0682779106549683,0.012260826871147296
34,48,0.6000000000000001,1.6500000000000004,0.07307094472547196,-0.017523649898421867
35,48,0.6499999999999999,1.6500000000000004,0.07956175962600967,-0.05886564975744593
36,48,0.7,1.6500000000000004,0.0767392127287593,-0.09966583449938032
37,48,0.75,1.6500000000000004,0.0718355205979776,-0.13071876879067995
0,49,-1.1,1.7000000000000002,-0.04656277819330812,-0.2605214313239085
1,49,-1.05,1.7000000000000002,-0.07857310061155753,-0.250384747833019
2,49,-1.0,1.7000000000000002,-0.14929416027915005,-0.22569186238095618
3,49,-0.9500000000000001,1.7000000000000002,-0.20928018785905278,-0.18250547399351585
4,49,-0.9000000000000001,1.7000000000000002,-0.2232519488126239,-0.12816427967515726
5,49,-0.8500000000000001,1.7000000000000002,-0.19377554528475005,-0.07417111952362526
6,49,-0.8,1.7000000000000002,-0.14878698688371883,-0.025789140296795243
7,49,-0.75,1.7000000000000002,-0.10678231209024253,0.012447636804666096
8,49,-0.7000000000000001,1.7000000000000002,-0.07557480776995834,0.03382116129812346
9,49,-0.6500000000000001,1.7000000000000002,-0.061254039965571716,0.038593164021182014
10,49,-0.6000000000000001,1.7000000000000002,-0.06187551447414924,0.03507472522551569
11,49,-0.55,1.7000000000000002,-0.0663758521982355,0.030795017068604436
12,49,-0.5,1.7000000000000002,-0.06721085062108972,0.028226385298664725
13,49,-0.45000000000000007,1.7000000000000002,-0.0683088906064111,0.026779196882872613
14,49,-0.4,1.7000000000000002,-0.080789018784896,0.02585662697257629
15,49,-0.3500000000000001,1.7000000000000002,-0.11250552261109076,0.025203327161375383
16,49,-0.30000000000000004,1.7000000000000002,-0.15697252863100128,0.023660129064250884
17,49,-0.25,1.7000000000000002,-0.1927593080785707,0.019728845407932794
18,49,-0.20000000000000007,1.7000000000000002,-0.2000846800201206,0.013844953197855031
19,49,-0.15000000000000002,1.7000000000000002,-0.17750031445384853,0.008024966234901898
20,49,-0.10000000000000009,1.7000000000000002,-0.14041329905607927,0.003652834825547263
21,49,-0.050000000000000044,1.7000000000000002,-0.10610573487489089,0.0011469800834769395
22,49,0.0,1.7000000000000002,-0.08119398794027025,0.0005854276197775343
23,49,0.050000000000000044,1.7000000000000002,-0.06181211005921436,0.002047336711492459
24,49,0.10000000000000009,1.7000000000000002,-0.04298265951308132,0.006062240175729455
25,49,0.1499999999999999,1.7000000000000002,-0.024580655648711036,0.01299042537390653
26,49,0.19999999999999996,1.7000000000000002,-0.008785534039323084,0.021403751090674772
27,49,0.25,1.7000000000000002,0.004828345257571823,0.028209900956472078
28,49,0.30000000000000004,1.7000000000000002,0.02017571722926083,0.031267489303906174
29,49,0.3500000000000001,1.7000000000000002,0.03994466263635858,0.03131477480441194
30,49,0.3999999999999999,1.7000000000000002,0.05979258472996851,0.03086641298730944
31,49,0.44999999999999996,1.7000000000000002,0.07002060231114007,0.031402749505039934
32,49,0.5,1.7000000000000002,0.06565925339922299,0.03129001284669336
33,49,0.55,1.7000000000000002,0.053603007828185306,0.026008096074302406
34,49,0.6000000000000001,1.7000000000000002,0.04552869988424482,0.01081500988833986
35,49,0.6499999999999999,1.7000000000000002,0.04406800274090711,-0.014682021562491682
36,49,0.7,1.7000000000000002,0.04238394933922432,-0.044435665659197654
37,49,0.75,1.7000000000000002,0.04038358445558027,-0.07084457419020529
0,50,-1.1,1.75,-0.023635387736997693,-0.2565354311182316
1,50,-1.05,1.75,-0.04510543892742441,-0.2279644495748509
2,50,-1.0,1.75,-0.09497459808289171,-0.17802522389119085
3,50,-0.9500000000000001,1.75,-0.14311658541807354,-0.10938646890822773
4,50,-0.9000000000000001,1.75,-0.16341347886558721,-0.04157842027746911
5,50,-0.8500000000000001,1.75,-0.1507802755083934,0.0056006967694360865
6,50,-0.8,1.75,-0.12134071836952531,0.03068554844064486
7,50,-0.75,1.75,-0.09220272245379219,0.04205325544124672
8,50,-0.7000000000000001,1.75,-0.07259137590076375,0.043813180239728466
9,50,-0.6500000000000001,1.75,-0.06545774642681829,0.03853479156953499
10,50,-0.6000000000000001,1.75,-0.067260025591514,0.03161301352137019
11,50,-0.55,1.75,-0.06997888734650543,0.02685010408783106
12,50,-0.5,1.75,-0.06928136023522186,0.024138036601719093
13,50,-0.45000000000000007,1.75,-0.06981908973619194,0.022124812668676275
14,50,-0.4,1.75,-0.08241366855476356,0.019980849467321482
15,50,-0.3500000000000001,1.75,-0.1151073576366668,0.016768314146253932
16,50,-0.30000000000000004,1.75,-0.16132519095286485,0.011477200433207962
17,50,-0.25,1.75,-0.19822995015658262,0.004603887432951814
18,50,-0.20000000000000007,1.75,-0.20474257809326088,-0.0011004724165596114
19,50,-0.15000000000000002,1.75,-0.18014416305850073,-0.003222799227010492
20,50,-0.10000000000000009,1.75,-0.14132246122172828,-0.0022686266419884304
21,50,-0.050000000000000044,1.75,-0.10574580880794993,-8.688228392658703e-05
22,50,0.0,1.75,-0.07935726746468377,0.002723097499763849
23,50,0.050000000000000044,1.75,-0.05781688860567735,0.006805799236243304
24,50,0.10000000000000009,1.75,-0.03626785268872931,0.013023721465588306
25,50,0.1499999999999999,1.75,-0.015824644216755474,0.02162045535396527
26,50,0.19999999999999996,1.75,-0.0005544649876923491,0.031081019679893296
27,50,0.25,1.75,0.00958922727970657,0.038266041928050123
28,50,0.30000000000000004,1.75,0.02066321094173082,0.040883055136878774
29,50,0.3500000000000001,1.75,0.038030565459872684,0.039405618632377404
30,50,0.3999999999999999,1.75,0.058060587882479975,0.03623713673699472
31,50,0.44999999999999996,1.75,0.06936076458112159,0.033615882265117386
32,50,0.5,1.75,0.06425529142822822,0.03198410007909061
33,50,0.55,1.75,0.0478029076966148,0.029488151681858754
34,50,0.6000000000000001,1.75,0.03238082708867787,0.02296292208432138
35,50,0.6499999999999999,1.75,0.024311084078472156,0.01057869079611834
36,50,0.7,1.75,0.020576660101045696,-0.005716010946739958
37,50,0.75,1.75,0.019017703535962327,-0.02167150445535393
0,51,-1.1,1.8000000000000003,0.01057918489345333,-0.21670361659302473
1,51,-1.05,1.8000000000000003,-6.289338451676008e-05,-0.1878955773880303
2,51,-1.0,1.8000000000000003,-0.030716179612526873,-0.14033395623346545
3,51,-0.9500000000000001,1.8000000000000003,-0.07283338424533103,-0.07752278002388063
4,51,-0.9000000000000001,1.8000000000000003,-0.10826478313496007,-0.016957909166858964
5,51,-0.8500000000000001,1.8000000000000003,-0.12151157656663608,0.02309709534178639
6,51,-0.8,1.8000000000000003,-0.1123344282119082,0.04036038183217877
7,51,-0.75,1.8000000000000003,-0.09365468029115892,0.0443391764527612
8,51,-0.7000000000000001,1.8000000000000003,-0.07909327164167007,0.041921054505419664
9,51,-0.6500000000000001,1.8000000000000003,-0.07345420668392999,0.03570931860065241
10,51,-0.6000000000000001,1.8000000000000003,-0.07356020195585317,0.029271203929207568
11,51,-0.55,1.8000000000000003,-0.0738508291178866,0.025268659279096273
12,51,-0.5,1.8000000000000003,-0.07193614204024451,0.023104245808515944
13,51,-0.45000000000000007,1.8000000000000003,-0.07246607774080871,0.021106511074682754
14,51,-0.4,1.8000000000000003,-0.08614551730731834,0.017941340193161348
15,51,-0.3500000000000001,1.8000000000000003,-0.12100917164520428,0.012225696170170275
16,51,-0.30000000000000004,1.8000000000000003,-0.1691369553443034,0.003370617691563771
17,51,-0.25,1.8000000000000003,-0.20533698092833827,-0.006546370696255549
18,51,-0.20000000000000007,1.8000000000000003,-0.2079113666800829,-0.013025732517581434
19,51,-0.15000000000000002,1.8000000000000003,-0.17866846867927735,-0.013130848185961413
20,51,-0.10000000000000009,1.8000000000000003,-0.13727738211299537,-0.008423563862426098
21,51,-0.050000000000000044,1.8000000000000003,-0.10111401073313861,-0.002333371278062657
22,51,0.0,1.8000000000000003,-0.07430130642010035,0.003730650059791951
23,51,0.050000000000000044,1.8000000000000003,-0.0515114860933899,0.010285123340415675
24,51,0.10000000000000009,1.8000000000000003,-0.028168003395359353,0.01784114137806242
25,51,0.1499999999999999,1.8000000000000003,-0.006523357434406046,0.02624543500936452
26,51,0.19999999999999996,1.8000000000000003,0.007860052534761769,0.03449886684052994
27,51,0.25,1.8000000000000003,0.0146303807145573,0.04092146384550688
28,51,0.30000000000000004,1.8000000000000003,0.02131529393358811,0.04418838488318491
29,51,0.3500000000000001,1.8000000000000003,0.03529874423647453,0.04396855089459528
30,51,0.3999999999999999,1.8000000000000003,0.054002848362708494,0.04082768012082669
31,51,0.44999999999999996,1.8000000000000003,0.06576756565323597,0.03623974992970708
32,51,0.5,1.8000000000000003,0.06153152281596436,0.032060942831690364
33,51,0.55,1.8000000000000003,0.044581829833416076,0.028962678976987982
34,51,0.6000000000000001,1.8000000000000003,0.026619238998504408,0.025668428862110487
35,51,0.6499999999999999,1.8000000000000003,0.01538906970984577,0.02049423771423184
36,51,0.7,1.8000000000000003,0.01013375408775205,0.013509128656659375
37,51,0.75,1.8000000000000003,0.008472597438352325,0.006378904741263652
0,52,-1.1,1.85,0.03398069067299114,-0.1675036698639326
1,52,-1.05,1.85,0.031264221432134864,-0.1542977200418813
2,52,-1.0,1.85,0.015398199281257963,-0.12849051734824424
3,52,-0.9500000000000001,1.85,-0.019740538351467052,-0.08941843163920493
4,52,-0.9000000000000001,1.85,-0.06279360349992019,-0.045269678975282945
5,52,-0.8500000000000001,1.85,-0.09346198450935567,-0.008177819131424402
6,52,-0.8,1.85,-0.1000986372585505,0.015766715030098577
7,52,-0.75,1.85,-0.09064204978055129,0.028263863802590883
8,52,-0.7000000000000001,1.85,-0.08122123375287255,0.03252500876326281
9,52,-0.6500000000000001,1.85,-0.07810759700303038,0.0309723698999545
10,52,-0.6000000000000001,1.85,-0.07770068491307014,0.0277107585335451
11,52,-0.55,1.85,-0.07614584546719705,0.02652999852487542
12,52,-0.5,1.85,-0.07344350843963537,0.027491778231441277
13,52,-0.45000000000000007,1.85,-0.07498199535154654,0.028030400069385952
14,52,-0.4,1.85,-0.09129448345927604,0.025559577669142797
15,52,-0.3500000000000001,1.85,-0.12967808013826437,0.01873186677438493
16,52,-0.30000000000000004,1.85,-0.18009725781929067,0.00795195508808827
17,52,-0.25,1.85,-0.21462630036572783,-0.003845701295798337
18,52,-0.20000000000000007,1.85,-0.21132705558296674,-0.01172493996579746
19,52,-0.15000000000000002,1.85,-0.1755419944033454,-0.012471975509986133
20,52,-0.10000000000000009,1.85,-0.13052498431382953,-0.007478767878950077
21,52,-0.050000000000000044,1.85,-0.09359159488573188,-0.00032568398935090004
22,52,0.0,1.85,-0.06673877284620544,0.007180170688551035
23,52,0.050000000000000044,1.85,-0.043706397287406884,0.014968003737809432
24,52,0.10000000000000009,1.85,-0.020307541019780467,0.022590695413015754
25,52,0.1499999999999999,1.85,0.0008330812457120473,0.02910406062060472
26,52,0.19999999999999996,1.85,0.014121563848450008,0.03412003676199579
27,52,0.25,1.85,0.01927874532236154,0.03810409055915842
28,52,0.30000000000000004,1.85,0.023710297990819224,0.04144642443791688
29,52,0.3500000000000001,1.85,0.03466986069751446,0.04322358431801426
30,52,0.3999999999999999,1.85,0.05033178691759177,0.041813499884321564
31,52,0.44999999999999996,1.85,0.060594027291985264,0.03723862246207382
32,52,0.5,1.85,0.05697822047550913,0.0319856185307138
33,52,0.55,1.85,0.04141039372703492,0.028659037323722214
34,52,0.6000000000000001,1.85,0.023912385825921728,0.02743849692676978
35,52,0.6499999999999999,1.85,0.012151783873021044,0.026649508326804933
36,52,0.7,1.85,0.00646132712807751,0.025162677845055603
37,52,0.75,1.85,0.004757255705170882,0.023207256269987403
0,53,-1.1,1.9000000000000004,0.03699108453755595,-0.11570107342477959
1,53,-1.05,1.9000000000000004,0.038950259131171616,-0.11960892833657172
2,53,-1.0,1.9000000000000004,0.0341631087901495,-0.11701955051894364
3,53,-0.9500000000000001,1.9000000000000004,0.010387454127630258,-0.10249370419250753
4,53,-0.9000000000000001,1.9000000000000004,-0.027024170627179545,-0.07490596782132236
5,53,-0.8500000000000001,1.9000000000000004,-0.06047518256125456,-0.03988206952298956
6,53,-0.8,1.9000000000000004,-0.07589274527789291,-0.0072134185652450444
7,53,-0.75,1.9000000000000004,-0.07689638655799469,0.015003763436491069
8,53,-0.7000000000000001,1.9000000000000004,-0.07638476554430645,0.025056591763137626
9,53,-0.6500000000000001,1.9000000000000004,-0.0782684569136477,0.02681936414723557
10,53,-0.6000000000000001,1.9000000000000004,-0.07800257333093225,0.02645193405416857
11,53,-0.55,1.9000000000000004,-0.07406980941999042,0.02895568112767838
12,53,-0.5,1.9000000000000004,-0.07043574049573398,0.034869109714556756
13,53,-0.45000000000000007,1.9000000000000004,-0.07439827830310719,0.04036205833400891
14,53,-0.4,1.9000000000000004,-0.09544405060231936,0.04116101467820016
15,53,-0.3500000000000001,1.9000000000000004,-0.1386167942262588,0.035982271313683145
16,53,-0.30000000000000004,1.9000000000000004,-0.19171452341448667,0.026431558195771504
17,53,-0.25,1.9000000000000004,-0.225013875982224,0.01542112388581901
18,53,-0.20000000000000007,1.9000000000000004,-0.2165376408942707,0.006447819984380654
19,53,-0.15000000000000002,1.9000000000000004,-0.17442229659242997,0.002469973610339654
20,53,-0.10000000000000009,1.9000000000000004,-0.12513109059236013,0.003888099272777168
21,53,-0.050000000000000044,1.9000000000000004,-0.0864550721656375,0.008670433182748627
22,53,0.0,1.9000000000000004,-0.05900761869294002,0.015025231779465242
23,53,0.050000000000000044,1.9000000000000004,-0.03610096136892518,0.022142062282290015
24,53,0.10000000000000009,1.9000000000000004,-0.014031946512564064,0.028686560103433206
25,53,0.1499999999999999,1.9000000000000004,0.0050059839145739915,0.03301529784072957
26,53,0.19999999999999996,1.9000000000000004,0.01686008247331547,0.03496773419310234
27,53,0.25,1.9000000000000004,0.021956768390478387,0.03618062825512372
28,53,0.30000000000000004,1.9000000000000004,0.02643478769244395,0.038019884755154526
29,53,0.3500000000000001,1.9000000000000004,0.03566581968287921,0.03957159530274659
30,53,0.3999999999999999,1.9000000000000004,0.048017886506768054,0.03862248428848969
31,53,0.44999999999999996,1.9000000000000004,0.0559396842996282,0.03469914557260062
32,53,0.5,1.9000000000000004,0.05295193767761275,0.030423618197883417
33,53,0.55,1.9000000000000004,0.040034708229472055,0.02915231035866661
34,53,0.6000000000000001,1.9000000000000004,0.024609710001587126,0.03139104489838382
35,53,0.6499999999999999,1.9000000000000004,0.013113250628131595,0.03462649801675807
36,53,0.7,1.9000000000000004,0.006691502030934521,0.03657794904898898
37,53,0.75,1.9000000000000004,0.0045617542882159245,0.03702068876805131
0,54,-1.1,1.9500000000000002,0.026164980849406883,-0.06795433486899372
1,54,-1.05,1.9500000000000002,0.029945744337970814,-0.08004481189379908
2,54,-1.0,1.9500000000000002,0.03251342342532215,-0.09068498561687982
3,54,-0.9500000000000001,1.9500000000000002,0.022373044346154225,-0.09235797835376341
4,54,-0.9000000000000001,1.9500000000000002,-0.00018196883040222378,-0.07804606755420551
5,54,-0.8500000000000001,1.9500000000000002,-0.02576943525327835,-0.04824021557313429
6,54,-0.8,1.9500000000000002,-0.045212804299069875,-0.013843114025786918
7,54,-0.75,1.9500000000000002,-0.05837203945216862,0.011407536331982937
8,54,-0.7000000000000001,1.9500000000000002,-0.06940563304212805,0.022875665273903723
9,54,-0.6500000000000001,1.9500000000000002,-0.07671225471199944,0.02555474807915986
10,54,-0.6000000000000001,1.9500000000000002,-0.07556436793262733,0.02645227117635235
11,54,-0.55,1.9500000000000002,-0.06772866980680886,0.030677267230911076
12,54,-0.5,1.9500000000000002,-0.06203713123330484,0.039503214843185364
13,54,-0.45000000000000007,1.9500000000000002,-0.06869009038790314,0.04935120981622437
14,54,-0.4,1.9500000000000002,-0.09567427047960181,0.05499800981196984
15,54,-0.3500000000000001,1.9500000000000002,-0.14440753662069303,0.054217296438912044
16,54,-0.30000000000000004,1.9500000000000002,-0.2006584052471548,0.04858183602196489
17,54,-0.25,1.9500000000000002,-0.23461003857711868,0.040336592777460295
18,54,-0.20000000000000007,1.9500000000000002,-0.2242782058584461,0.030968749232502396
19,54,-0.15000000000000002,1.9500000000000002,-0.17810171511494888,0.023063228714059886
20,54,-0.10000000000000009,1.9500000000000002,-0.12432452474142056,0.019426854570101515
21,54,-0.050000000000000044,1.9500000000000002,-0.0824544623790438,0.020223736394376357
22,54,0.0,1.9500000000000002,-0.05326714374666405,0.023913948407878194
23,54,0.050000000000000044,1.9500000000000002,-0.03004506896343892,0.02913432796622928
24,54,0.10000000000000009,1.9500000000000002,-0.009434305461340914,0.03421515737775882
25,54,0.1499999999999999,1.9500000000000002,0.007114255335381181,0.037315667975205136
26,54,0.19999999999999996,1.9500000000000002,0.01728689426284416,0.03811550913905434
27,54,0.25,1.9500000000000002,0.022330895884413726,0.0379481844218621
28,54,0.30000000000000004,1.9500000000000002,0.027101265038442096,0.03777706893336674
29,54,0.3500000000000001,1.9500000000000002,0.03527246023084962,0.036922827168374
30,54,0.3999999999999999,1.9500000000000002,0.0454593371874458,0.03424493950396151
31,54,0.44999999999999996,1.9500000000000002,0.05239516120137899,0.03018947099494962
32,54,0.5,1.9500000000000002,0.05143138526157512,0.02747715935047426
33,54,0.55,1.9500000000000002,0.04237782042753532,0.029040174443524108
34,54,0.6000000000000001,1.9500000000000002,0.02938657348401319,0.03450469481087959
35,54,0.6499999999999999,1.9500000000000002,0.017338688023626203,0.040220637152849625
36,54,0.7,1.9500000000000002,0.00885551787937075,0.043458983478924657
37,54,0.75,1.9500000000000002,0.005642735143295552,0.04437808808812574
0,55,-1.1,2.0,0.012810130487945215,-0.0309323122751623
1,55,-1.05,2.0,0.01621960838328551,-0.04243551063524337
2,55,-1.0,2.0,0.021849942330185168,-0.055850877052274206
3,55,-0.9500000000000001,2.0,0.023026372190304567,-0.06510499490102184
4,55,-0.9000000000000001,2.0,0.017093592153449577,-0.06168835923865579
5,55,-0.8500000000000001,2.0,0.0037277709671640347,-0.042198415244463494
6,55,-0.8,2.0,-0.016244993372775685,-0.014365487902820995
7,55,-0.75,2.0,-0.04017760725830405,0.008604611899685477
8,55,-0.7000000000000001,2.0,-0.06223755379712953,0.020715441624155617
9,55,-0.6500000000000001,2.0,-0.07469185101119907,0.02516117352822811
10,55,-0.6000000000000001,2.0,-0.07288005417918103,0.027118133122473465
11,55,-0.55,2.0,-0.0610188657531574,0.030646231306132032
12,55,-0.5,2.0,-0.05176179791042068,0.03814704235171551
13,55,-0.45000000000000007,2.0,-0.058903483334322715,0.04849136115832153
14,55,-0.4,2.0,-0.09057796397963169,0.057368608013247946
15,55,-0.3500000000000001,2.0,-0.14503296801626375,0.061051752594262765
16,55,-0.30000000000000004,2.0,-0.2055952270759384,0.05946599684794704
17,55,-0.25,2.0,-0.2426269627716865,0.054123821617802076
18,55,-0.20000000000000007,2.0,-0.2338110049576711,0.0457863865747625
19,55,-0.15000000000000002,2.0,-0.18596419125483085,0.03668491545644567
20,55,-0.10000000000000009,2.0,-0.12797058291204366,0.030350680773396782
21,55,-0.050000000000000044,2.0,-0.08196797832786082,0.028167284024875755
22,55,0.0,2.0,-0.0500970271210871,0.029294573118176515
23,55,0.050000000000000044,2.0,-0.025799752399044557,0.032481345965496705
24,55,0.10000000000000009,2.0,-0.005850606503588207,0.03626396840365753
25,55,0.1499999999999999,2.0,0.008906335675869514,0.039042275020642336
26,55,0.19999999999999996,2.0,0.01749259891997243,0.040224376588868654
27,55,0.25,2.0,0.021618328184790786,0.04019283128393211
28,55,0.30000000000000004,2.0,0.025409430438955855,0.03895404766145333
29,55,0.3500000000000001,2.0,0.032133690253473984,0.03593816620170845
30,55,0.3999999999999999,2.0,0.04128453033334367,0.03126414803902966
31,55,0.44999999999999996,2.0,0.04917190414614095,0.026554875956334018
32,55,0.5,2.0,0.05180264112618724,0.024531845293377236
33,55,0.55,2.0,0.04706224368987738,0.027104339593164994
34,55,0.6000000000000001,2.0,0.03579017271091264,0.03280458040279946
35,55,0.6499999999999999,2.0,0.022067539296176664,0.03778804500202168
36,55,0.7,2.0,0.010848952966210634,0.040067062983601964
37,55,0.75,2.0,0.006399963506618089,0.04042841022596805
0,56,-1.1,2.0500000000000003,0.003158584129244746,-0.003052581024276524
1,56,-1.05,2.0500000000000003,0.005027179560858908,-0.010392714552941995
2,56,-1.0,2.0500000000000003,0.00984393915954368,-0.020911864728656304
3,56,-0.9500000000000001,2.0500000000000003,0.016535562159772643,-0.032098027220227865
4,56,-0.9000000000000001,2.0500000000000003,0.022724610826156122,-0.03796712572714217
5,56,-0.8500000000000001,2.0500000000000003,0.021553436082556443,-0.032907611853703334
6,56,-0.8,2.0500000000000003,0.005590222845079096,-0.01789486433858678
7,56,-0.75,2.0500000000000003,-0.02329110992519201,-0.0004163975963530908
8,56,-0.7000000000000001,2.0500000000000003,-0.05284907141358541,0.013170083259916032
9,56,-0.6500000000000001,2.0500000000000003,-0.07030956321368159,0.021737743449657676
10,56,-0.6000000000000001,2.0500000000000003,-0.0700793101547234,0.026663716087649558
11,56,-0.55,2.0500000000000003,-0.056699760577566816,0.02981084945378132
12,56,-0.5,2.0500000000000003,-0.04419200138111534,0.03365103197111252
13,56,-0.45000000000000007,2.0500000000000003,-0.0494685247263707,0.03972249220947549
14,56,-0.4,2.0500000000000003,-0.08311387904366058,0.04642851941190823
15,56,-0.3500000000000001,2.0500000000000003,-0.14231014778599393,0.05032312960243451
16,56,-0.30000000000000004,2.0500000000000003,-0.2075863362236155,0.050264563581847166
17,56,-0.25,2.0500000000000003,-0.24828964885030322,0.0475986398296549
18,56,-0.20000000000000007,2.0500000000000003,-0.2417171120198025,0.04325588904482869
19,56,-0.15000000000000002,2.0500000000000003,-0.1935374209163146,0.038015358417516076
20,56,-0.10000000000000009,2.0500000000000003,-0.13284215617299047,0.03335918377085495
21,56,-0.050000000000000044,2.0500000000000003,-0.08351057003426407,0.030626976690047436
22,56,0.0,2.0500000000000003,-0.0489530818060431,0.030313998352666516
23,56,0.050000000000000044,2.0500000000000003,-0.023075673677957903,0.031996931978575255
24,56,0.10000000000000009,2.0500000000000003,-0.0028733764061952827,0.03468890100561145
25,56,0.1499999999999999,2.0500000000000003,0.011074663520592304,0.03725622549781718
26,56,0.19999999999999996,2.0500000000000003,0.018437450526133936,0.03901420943418166
27,56,0.25,2.0500000000000003,0.0210605669569984,0.03960606134761305
28,56,0.30000000000000004,2.0500000000000003,0.022846599956218433,0.0383891571599021
29,56,0.3500000000000001,2.0500000000000003,0.027582560608425954,0.03481431119741016
30,56,0.3999999999999999,2.0500000000000003,0.036076046942071366,0.029564624579411503
31,56,0.44999999999999996,2.0500000000000003,0.04566285845572657,0.024699576259471223
32,56,0.5,2.0500000000000003,0.051980848898406096,0.02250304410116269
33,56,0.55,2.0500000000000003,0.05065055553695755,0.02378829020374229
34,56,0.6000000000000001,2.0500000000000003,0.040070278892869876,0.02680311614204886
35,56,0.6499999999999999,2.0500000000000003,0.024601170604428707,0.028917882229324843
36,56,0.7,2.0500000000000003,0.011495883103317117,0.029443499783184945
37,56,0.75,2.0500000000000003,0.006365429628027719,0.029279831360970315
0,57,-1.1,2.1,-0.0018701365693857275,0.022124539328960968
1,57,-1.05,2.1,-0.0016396753210942694,0.018707452301117422
2,57,-1.0,2.1,0.00014462966289929824,0.012641651171385049
3,57,-0.9500000000000001,2.1,0.005971111191818701,0.0031190860537733123
4,57,-0.9000000000000001,2.1,0.01628400751997411,-0.008491569335050408
5,57,-0.8500000000000001,2.1,0.023800032355719425,-0.01723933845474146
6,57,-0.8,2.1,0.016246220884574558,-0.017593801516680996
7,57,-0.75,2.1,-0.009112659659801237,-0.008863968288442547
8,57,-0.7000000000000001,2.1,-0.04008341275111876,0.004326176003734694
9,57,-0.6500000000000001,2.1,-0.06119821818346555,0.016842733459985215
10,57,-0.6000000000000001,2.1,-0.06480694817505739,0.02580599641783282
11,57,-0.55,2.1,-0.05403154986969444,0.030074064584718896
12,57,-0.5,2.1,-0.04185015515472651,0.030503517963454685
13,57,-0.45000000000000007,2.1,-0.046125995893527005,0.02962321129391765
14,57,-0.4,2.1,-0.07997732658667267,0.028965739786500078
15,57,-0.3500000000000001,2.1,-0.14119692384632482,0.027971836627156133
16,57,-0.30000000000000004,2.1,-0.20831971684871803,0.026716226416182154
17,57,-0.25,2.1,-0.24963563730870497,0.02693363660508888
18,57,-0.20000000000000007,2.1,-0.24339428636980992,0.029030046911710794
19,57,-0.15000000000000002,2.1,-0.1958608965288046,0.030919243483795295
20,57,-0.10000000000000009,2.1,-0.1353589646395123,0.030882417617603825
21,57,-0.050000000000000044,2.1,-0.08501316374604925,0.029901797154607973
22,57,0.0,2.1,-0.04872707183255928,0.029831212171538696
23,57,0.050000000000000044,2.1,-0.021424849746099622,0.031029824401968553
24,57,0.10000000000000009,2.1,-0.0005913129843462817,0.03288410166204306
25,57,0.1499999999999999,2.1,0.013231644104439721,0.03481776388091329
26,57,0.19999999999999996,2.1,0.019842434769768297,0.036394693767787534
27,57,0.25,2.1,0.020993275910511228,0.03702732829242453
28,57,0.30000000000000004,2.1,0.020617680288752965,0.03592200203402396
29,57,0.3500000000000001,2.1,0.023309157672983388,0.03264214153414102
30,57,0.3999999999999999,2.1,0.031169795395404737,0.027944620254445607
31,57,0.44999999999999996,2.1,0.042110323667892136,0.023672799551538865
32,57,0.5,2.1,0.050891355070458305,0.02136725759592728
33,57,0.55,2.1,0.05136231573076355,0.020992068978237938
34,57,0.6000000000000001,2.1,0.040919764736495196,0.02121935547115733
35,57,0.6499999999999999,2.1,0.02470792293731275,0.021049796457716513
36,57,0.7,2.1,0.011210902097856107,0.020658625877291448
37,57,0.75,2.1,0.006072626662188829,0.020502655155158894
0,58,-1.1,2.1500000000000004,-0.0036755899264423464,0.0494883374973315
1,58,-1.05,2.1500000000000004,-0.004455708596717012,0.04819489729778803
2,58,-1.0,2.1500000000000004,-0.00574442708780043,0.04550790466083421
3,58,-0.9500000000000001,2.1500000000000004,-0.004597658346662814,0.03933960114597429
4,58,-0.9000000000000001,2.1500000000000004,0.00236618631764135,0.02754268436617996
5,58,-0.8500000000000001,2.1500000000000004,0.012451203900925856,0.01179820273936344
6,58,-0.8,2.1500000000000004,0.013965593011378008,-0.0009615885095595744
7,58,-0.75,2.1500000000000004,-0.0013711324047763207,-0.004019038846586331
8,58,-0.7000000000000001,2.1500000000000004,-0.02714236966515765,0.00280119002392637
9,58,-0.6500000000000001,2.1500000000000004,-0.048829742799583464,0.014319988574776343
10,58,-0.6000000000000001,2.1500000000000004,-0.056847979029989726,0.02476691109271345
11,58,-0.55,2.1500000000000004,-0.05200223903194495,0.029869481228400052
12,58,-0.5,2.1500000000000004,-0.04464285467191659,0.028147763423512218
13,58,-0.45000000000000007,2.1500000000000004,-0.05100630290332531,0.021628039939001198
14,58,-0.4,2.1500000000000004,-0.0847652537104221,0.013862812364972832
15,58,-0.3500000000000001,2.1500000000000004,-0.14455966115631186,0.007670253589570353
16,58,-0.30000000000000004,2.1500000000000004,-0.20862453624568275,0.005263467275731792
17,58,-0.25,2.1500000000000004,-0.24597582835477458,0.008318202076374737
18,58,-0.20000000000000007,2.1500000000000004,-0.2377315051410961,0.01584565303622512
19,58,-0.15000000000000002,2.1500000000000004,-0.19168505021042156,0.023580576061355135
20,58,-0.10000000000000009,2.1500000000000004,-0.1338596025021778,0.028061251473782967
21,58,-0.050000000000000044,2.1500000000000004,-0.0845617754803292,0.030042914769830426
22,58,0.0,2.1500000000000004,-0.04782505455868252,0.031780368377656715
23,58,0.050000000000000044,2.1500000000000004,-0.02002278418745354,0.0337041889316414
24,58,0.10000000000000009,2.1500000000000004,0.0009145630727494525,0.03525062659455028
25,58,0.1499999999999999,2.1500000000000004,0.01458525562633678,0.03628453209538737
26,58,0.19999999999999996,2.1500000000000004,0.020647014937645175,0.036779694736667895
27,58,0.25,2.1500000000000004,0.020587875223234825,0.03631931992548465
28,58,0.30000000000000004,2.1500000000000004,0.01846141319793493,0.0344166475471655
29,58,0.3500000000000001,2.1500000000000004,0.019605178828847603,0.03101238239840584
30,58,0.3999999999999999,2.1500000000000004,0.027106704959469208,0.026843248693276534
31,58,0.44999999999999996,2.1500000000000004,0.03908549579720824,0.023343724132551952
32,58,0.5,2.1500000000000004,0.04930011832510517,0.021513410009312006
33,58,0.55,2.1500000000000004,0.0505026534121876,0.020933509703592035
34,58,0.6000000000000001,2.1500000000000004,0.04012800637234845,0.020555218636915257
35,58,0.6499999999999999,2.1500000000000004,0.024040441010562824,0.020054551422383077
36,58,0.7,2.1500000000000004,0.010948741800759498,0.01974672406410763
37,58,0.75,2.1500000000000004,0.006053488183762612,0.019767012233142672
0,59,-1.1,2.2,-0.004457016968472671,0.0822071657806056
1,59,-1.05,2.2,-0.0056201081575915635,0.08140499000634904
2,59,-1.0,2.2,-0.008710666488914443,0.08016396619515614
3,59,-0.9500000000000001,2.2,-0.011994109102835548,0.07748149404271515
4,59,-0.9000000000000001,2.2,-0.011257390886636742,0.07097742230816079
5,59,-0.8500000000000001,2.2,-0.004704240520020109,0.05794969317009596
6,59,-0.8,2.2,0.00042897929862478756,0.0390375129586093
7,59,-0.75,2.2,-0.005349881126315292,0.02094648772819563
8,59,-0.7000000000000001,2.2,-0.02174438532975609,0.011914330062709477
9,59,-0.6500000000000001,2.2,-0.039232497114678466,0.013776390056048915
10,59,-0.6000000000000001,2.2,-0.04925745552143368,0.020822379090057186
11,59,-0.55,2.2,-0.05065069753889567,0.025342012723527374
12,59,-0.5,2.2,-0.050091596444125364,0.0231163013552374
13,59,-0.45000000000000007,2.2,-0.06041094695206639,0.015080960465254922
14,59,-0.4,2.2,-0.09393511293610352,0.005341180843415894
15,59,-0.3500000000000001,2.2,-0.14979626893556586,-0.0014436142791596218
16,59,-0.30000000000000004,2.2,-0.20767176836191364,-0.0021468918296177475
17,59,-0.25,2.2,-0.23905345154821164,0.003478181581798856
18,59,-0.20000000000000007,2.2,-0.22813191238482952,0.013024724869206278
19,59,-0.15000000000000002,2.2,-0.18364529809124674,0.022626067733475114
20,59,-0.10000000000000009,2.2,-0.128896625931037,0.02949323380853186
21,59,-0.050000000000000044,2.2,-0.0812940468421755,0.03403741739727045
22,59,0.0,2.2,-0.04506579767074831,0.03785244753063202
23,59,0.050000000000000044,2.2,-0.01795459152920606,0.04102904609035521
24,59,0.10000000000000009,2.2,0.0019890301793996923,0.04288892608665121
25,59,0.1499999999999999,2.2,0.01476071224655734,0.04339032686519459
26,59,0.19999999999999996,2.2,0.019877222599865574,0.042690481692432836
27,59,0.25,2.2,0.018630228721008835,0.04063134416521258
28,59,0.30000000000000004,2.2,0.015310742761674156,0.03727457233784329
29,59,0.3500000000000001,2.2,0.01573575881909442,0.033126274750619605
30,59,0.3999999999999999,2.2,0.023501137129550848,0.028937161376371284
31,59,0.44999999999999996,2.2,0.03678048498392761,0.02578624716510977
32,59,0.5,2.2,0.04848114064149839,0.024563182784442666
33,59,0.55,2.2,0.0504041243583668,0.024936485499325728
34,59,0.6000000000000001,2.2,0.04004080645528624,0.025635917481863363
35,59,0.6499999999999999,2.2,0.02389942836450512,0.025862640613291965
36,59,0.7,2.2,0.010923362908615702,0.025730453993930702
37,59,0.75,2.2,0.0061132030002589155,0.025564288379434363
0,60,-1.1,2.25,-0.005279941474955474,0.12093922312363448
1,60,-1.05,2.25,-0.006498908182166474,0.12058024212533103
2,60,-1.0,2.25,-0.009667923051434324,0.12093447800925111
3,60,-0.9500000000000001,2.25,-0.013784202233658172,0.1240102883431432
4,60,-0.9000000000000001,2.25,-0.017165614554977837,0.1299166763227652
5,60,-0.8500000000000001,2.25,-0.01948870544862563,0.1303613045192789
6,60,-0.8,2.25,-0.023037612430522325,0.11193351822564063
7,60,-0.75,2.25,-0.028494315300676143,0.07450790119454681
8,60,-0.7000000000000001,2.25,-0.034312467337304364,0.03753941231450314
9,60,-0.6500000000000001,2.25,-0.039921693772235756,0.018581746409321587
10,60,-0.6000000000000001,2.25,-0.04528235636251127,0.01617512709411545
11,60,-0.55,2.25,-0.04970831676676474,0.018236467800569756
12,60,-0.5,2.25,-0.05490390693018904,0.016534756939780293
13,60,-0.45000000000000007,2.25,-0.06878142341514681,0.010471541036237153
14,60,-0.4,2.25,-0.10128982845483664,0.0037035068870847065
15,60,-0.3500000000000001,2.25,-0.1520477338293455,0.000946595877631129
16,60,-0.30000000000000004,2.25,-0.20370274038472427,0.004516388374273539
17,60,-0.25,2.25,-0.23080421165595055,0.012309714155051416
18,60,-0.20000000000000007,2.25,-0.21858361898941983,0.021056115610715576
19,60,-0.15000000000000002,2.25,-0.17521654127109598,0.02916590490764953
20,60,-0.10000000000000009,2.25,-0.12244825283838245,0.03588745480522487
21,60,-0.050000000000000044,2.25,-0.07620256175822904,0.04119403005892128
22,60,0.0,2.25,-0.04083342586559777,0.045716607143087284
23,60,0.050000000000000044,2.25,-0.014986305631434355,0.04946390693177247
24,60,0.10000000000000009,2.25,0.003275843847588833,0.05183658462418084
25,60,0.1499999999999999,2.25,0.014386811232118407,0.05257471104326644
26,60,0.19999999999999996,2.25,0.017888032237663165,0.051638911792958736
27,60,0.25,2.25,0.015171965868645276,0.04896158168422163
28,60,0.30000000000000004,2.25,0.010956343783341954,0.044969111648234805
29,60,0.3500000000000001,2.25,0.0112677678673756,0.04050471973094952
30,60,0.3999999999999999,2.25,0.019766677373959374,0.036220767005643445
31,60,0.44999999999999996,2.25,0.034711517205279624,0.03284247970647386
32,60,0.5,2.25,0.048450356659321125,0.03133634489946968
33,60,0.55,2.25,0.051575388109608294,0.031796980908366385
34,60,0.6000000000000001,2.25,0.04105416148631469,0.03288614025487621
35,60,0.6499999999999999,2.25,0.024134977522630163,0.03327267059446207
36,60,0.7,2.25,0.010650389566901897,0.03288304039250123
37,60,0.75,2.25,0.005721156954769935,0.03228652889414693
0,61,-1.1,2.3000000000000003,-0.0051749789650795686,0.16078201503109346
1,61,-1.05,2.3000000000000003,-0.005624853271974928,0.1614784877368461
2,61,-1.0,2.3000000000000003,-0.005280620271102265,0.1656324096222339
3,61,-0.9500000000000001,2.3000000000000003,-0.003011910789321448,0.18004675417020194
4,61,-0.9000000000000001,2.3000000000000003,-0.004906374710501038,0.20817243187117723
5,61,-0.8500000000000001,2.3000000000000003,-0.022687398617144694,0.23366199572458862
6,61,-0.8,2.3000000000000003,-0.05542442402610731,0.2232318897424157
7,61,-0.75,2.3000000000000003,-0.07974398703745278,0.16464910388496734
8,61,-0.7000000000000001,2.3000000000000003,-0.07767054011498131,0.08965649973152856
9,61,-0.6500000000000001,2.3000000000000003,-0.06059678233506616,0.038521272292900144
10,61,-0.6000000000000001,2.3000000000000003,-0.04960273413018551,0.01918433577991402
11,61,-0.55,2.3000000000000003,-0.05029106769323083,0.015247467574165396
12,61,-0.5,2.3000000000000003,-0.057856523208457966,0.013017374599859077
13,61,-0.45000000000000007,2.3000000000000003,-0.07324219700476198,0.009577410023071942
14,61,-0.4,2.3000000000000003,-0.10346005809470954,0.007390375266372873
15,61,-0.3500000000000001,2.3000000000000003,-0.14898338744837702,0.009852656970649742
16,61,-0.30000000000000004,2.3000000000000003,-0.19630865008449336,0.01747399110477471
17,61,-0.25,2.3000000000000003,-0.2225137243117696,0.02634892367180855
18,61,-0.20000000000000007,2.3000000000000003,-0.2112757216322314,0.03315648481421643
19,61,-0.15000000000000002,2.3000000000000003,-0.16881395889673745,0.038419323339845546
20,61,-0.10000000000000009,2.3000000000000003,-0.11686850077976527,0.04320623577512908
21,61,-0.050000000000000044,2.3000000000000003,-0.07146489450431309,0.04729202326679394
22,61,0.0,2.3000000000000003,-0.03679592079789712,0.05067153651195727
23,61,0.050000000000000044,2.3000000000000003,-0.011834614048112507,0.053691094863920624
24,61,0.10000000000000009,2.3000000000000003,0.005099834290893668,0.05618964723173747
25,61,0.1499999999999999,2.3000000000000003,0.014563039415335238,0.057677119137238414
26,61,0.19999999999999996,2.3000000000000003,0.01626409324082076,0.0577481273189108
27,61,0.25,2.3000000000000003,0.011960428576284904,0.056257631381799594
28,61,0.30000000000000004,2.3000000000000003,0.006853880808402046,0.05358067434075062
29,61,0.3500000000000001,2.3000000000000003,0.0069874141765030595,0.050348639886345914
30,61,0.3999999999999999,2.3000000000000003,0.01583889710507519,0.046783374326188065
31,61,0.44999999999999996,2.3000000000000003,0.031896062877753845,0.04302163240968798
32,61,0.5,2.3000000000000003,0.04743564184339091,0.03986723690015667
33,61,0.55,2.3000000000000003,0.05195391971377333,0.03808300859403674
34,61,0.6000000000000001,2.3000000000000003,0.04151649614138192,0.03729753532081714
35,61,0.6499999999999999,2.3000000000000003,0.023896328502130137,0.03663956737315996
36,61,0.7,2.3000000000000003,0.009937221208300567,0.03585090995317078
37,61,0.75,2.3000000000000003,0.004920180003550323,0.035142704426170124
0,62,-1.1,2.35,-0.003886996063450221,0.19669521102748888
1,62,-1.05,2.35,-0.001648513591026024,0.19827842956538416
2,62,-1.0,2.35,0.008900343381921527,0.20689388446946233
3,62,-0.9500000000000001,2.35,0.02875582001528515,0.2338284495832943
4,62,-0.9000000000000001,2.35,0.036449626999408846,0.28413518047518016
5,62,-0.8500000000000001,2.35,-0.004429247577387163,0.33299239845372086
6,62,-0.8,2.35,-0.09205050427014361,0.33084208801336557
7,62,-0.75,2.35,-0.16206970531156328,0.25594618751357684
8,62,-0.7000000000000001,2.35,-0.16044029892937156,0.14869898894714795
9,62,-0.6500000000000001,2.35,-0.1103938577238503,0.0675266460325355
10,62,-0.6000000000000001,2.35,-0.06855616108124601,0.029948353712734854
11,62,-0.55,2.35,-0.05587527794681968,0.01778609627395622
12,62,-0.5,2.35,-0.060573964481282494,0.01326738853730386
13,62,-0.45000000000000007,2.35,-0.07440842274863302,0.01112290728915638
14,62,-0.4,2.35,-0.10101458150725884,0.012145631536945312
15,62,-0.3500000000000001,2.35,-0.14196411799094366,0.017708269226412165
16,62,-0.30000000000000004,2.35,-0.18720647368356547,0.026660770472875517
17,62,-0.25,2.35,-0.21512171794650883,0.03500229259407378
18,62,-0.20000000000000007,2.35,-0.20651321932138283,0.04016327099005415
19,62,-0.15000000000000002,2.35,-0.16516679031018333,0.043252383495116925
20,62,-0.10000000000000009,2.35,-0.11357555291143406,0.04587917332340513
21,62,-0.050000000000000044,2.35,-0.06873726102140085,0.0479233472550715
22,62,0.0,2.35,-0.03443435426847108,0.04928700420840315
23,62,0.050000000000000044,2.35,-0.009468194911654154,0.050840375493965556
24,62,0.10000000000000009,2.35,0.007261868120906623,0.05303045493709177
25,62,0.1499999999999999,2.35,0.015945291319291732,0.05537179192141181
26,62,0.19999999999999996,2.35,0.016468544482224345,0.057223632937590946
27,62,0.25,2.35,0.011004512890485096,0.05821324672525441
28,62,0.30000000000000004,2.35,0.005047352287888274,0.05823466704505134
29,62,0.3500000000000001,2.35,0.004470467852813048,0.05737854592776287
30,62,0.3999999999999999,2.35,0.012439669897301442,0.05545367303412846
31,62,0.44999999999999996,2.35,0.02779537977924823,0.05193421886022648
32,62,0.5,2.35,0.04351173284366988,0.04694360379568954
33,62,0.55,2.35,0.049005686530268766,0.04169547495310816
34,62,0.6000000000000001,2.35,0.03961072026543791,0.037586667020850784
35,62,0.6499999999999999,2.35,0.0226883521549838,0.035179068497462884
36,62,0.7,2.35,0.009153526619912061,0.03409116910352228
37,62,0.75,2.35,0.004304745900768625,0.03367010002718371
0,63,-1.1,2.4000000000000004,-0.002008541889289006,0.23002694015572478
1,63,-1.05,2.4000000000000004,0.0045738201699985215,0.23279036950408394
2,63,-1.0,2.4000000000000004,0.030269399746807868,0.2431497335094912
3,63,-0.9500000000000001,2.4000000000000004,0.07422938521639638,0.2706266011146341
4,63,-0.9000000000000001,2.4000000000000004,0.09425757415992553,0.3163492166374543
5,63,-0.8500000000000001,2.4000000000000004,0.02401950892104071,0.3535285508316413
6,63,-0.8,2.4000000000000004,-0.13247063496625133,0.3382637551647047
7,63,-0.75,2.4000000000000004,-0.2618870861036704,0.257812522798222
8,63,-0.7000000000000001,2.4000000000000004,-0.26609008159602265,0.15305453020449195
9,63,-0.6500000000000001,2.4000000000000004,-0.17934741756947925,0.07473234189468408
10,63,-0.6000000000000001,2.4000000000000004,-0.09934328388876479,0.03597581984339848
11,63,-0.55,2.4000000000000004,-0.06697203286866182,0.02089117748883096
12,63,-0.5,2.4000000000000004,-0.0645197121932578,0.014832151512593206
13,63,-0.45000000000000007,2.4000000000000004,-0.07436395400512053,0.012941184931525296
14,63,-0.4,2.4000000000000004,-0.09687469615745375,0.014758692781633165
15,63,-0.3500000000000001,2.4000000000000004,-0.13446824851244682,0.020002324391931725
16,63,-0.30000000000000004,2.4000000000000004,-0.17901462671683174,0.027033706659136958
17,63,-0.25,2.4000000000000004,-0.20901122379459097,0.03350498851664621
18,63,-0.20000000000000007,2.4000000000000004,-0.20302563073118826,0.038032737148754464
19,63,-0.15000000000000002,2.4000000000000004,-0.16309805656338647,0.040759287879954115
20,63,-0.10000000000000009,2.4000000000000004,-0.1121975370198107,0.04236980018935646
21,63,-0.050000000000000044,2.4000000000000004,-0.06805706361931507,0.04292297152185848
22,63,0.0,2.4000000000000004,-0.03387889255900306,0.04273118511101459
23,63,0.050000000000000044,2.4000000000000004,-0.008091163319423889,0.043086322250233816
24,63,0.10000000000000009,2.4000000000000004,0.009631250718339923,0.044946914126654525
25,63,0.1499999999999999,2.4000000000000004,0.018756217415834414,0.048323235143960946
26,63,0.19999999999999996,2.4000000000000004,0.019105548044663356,0.05269815348302148
27,63,0.25,2.4000000000000004,0.0129714626837453,0.05682695475400776
28,63,0.30000000000000004,2.4000000000000004,0.006019180010910508,0.059133133031428614
29,63,0.3500000000000001,2.4000000000000004,0.004206420165580177,0.05935561064209227
30,63,0.3999999999999999,2.4000000000000004,0.010394570037538797,0.0582733074073849
31,63,0.44999999999999996,2.4000000000000004,0.023385993639314928,0.05565582593975993
32,63,0.5,2.4000000000000004,0.037196897936272594,0.05050989554110194
33,63,0.55,2.4000000000000004,0.042596982938934574,0.043384419981838396
34,63,0.6000000000000001,2.4000000000000004,0.035000089685736646,0.036793148941222376
35,63,0.6499999999999999,2.4000000000000004,0.020400830584801632,0.03283386260836449
36,63,0.7,2.4000000000000004,0.008428252738021391,0.0313946753085384
37,63,0.75,2.4000000000000004,0.004078041850873182,0.031197755403455374
0,64,-1.1,2.45,0.0016398626332680966,0.25606708223990443
1,64,-1.05,2.45,0.011474279762740403,0.25948932015186194
2,64,-1.0,2.45,0.04673657499247169,0.2643797415341878
3,64,-0.9500000000000001,2.45,0.10195530314324824,0.26959279916930257
4,64,-0.9000000000000001,2.45,0.11935157671641605,0.2681175763556651
5,64,-0.8500000000000001,2.45,0.01748529094986323,0.24511367615032587
6,64,-0.8,2.45,-0.18776653230356294,0.1921818158257188
7,64,-0.75,2.45,-0.34727893027177603,0.12558559492736182
8,64,-0.7000000000000001,2.45,-0.34352047983290945,0.07312974578363302
9,64,-0.6500000000000001,2.45,-0.22747256808494376,0.044513320015072966
10,64,-0.6000000000000001,2.45,-0.12239732548709914,0.03053293604653312
11,64,-0.55,2.45,-0.07701894627762496,0.022242107421609203
12,64,-0.5,2.45,-0.06852395703858816,0.017378925478279406
13,64,-0.45000000000000007,2.45,-0.07448188147959306,0.015684197112951492
14,64,-0.4,2.45,-0.09395344204685241,0.01657863627430839
15,64,-0.3500000000000001,2.45,-0.12968910411343987,0.01919035376091144
16,64,-0.30000000000000004,2.45,-0.17370380955885098,0.02263766017638419
17,64,-0.25,2.45,-0.20412268745689133,0.026867095372370836
18,64,-0.20000000000000007,2.45,-0.19925891995807493,0.03153698608768976
19,64,-0.15000000000000002,2.45,-0.16082972726958134,0.035196304673409395
20,64,-0.10000000000000009,2.45,-0.1114118692695297,0.036927965733606766
21,64,-0.050000000000000044,2.45,-0.06837587609974272,0.036959717893925714
22,64,0.0,2.45,-0.03427100354009574,0.036217060203386636
23,64,0.050000000000000044,2.45,-0.007252465896014221,0.036123901905390915
24,64,0.10000000000000009,2.45,0.012498781014633753,0.038397590789699954
25,64,0.1499999999999999,2.45,0.02369653067565869,0.0450395000674958
26,64,0.19999999999999996,2.45,0.024972264092271157,0.05626349568281397
27,64,0.25,2.45,0.01743949243889223,0.06697408531262342
28,64,0.30000000000000004,2.45,0.007576008175972787,0.06992795514289205
29,64,0.3500000000000001,2.45,0.003610642228769334,0.06490623127863332
30,64,0.3999999999999999,2.45,0.0087398851949691,0.05850214207880566
31,64,0.44999999999999996,2.45,0.02003196791296527,0.054347459815200644
32,64,0.5,2.45,0.03124032688574835,0.05025750425933839
33,64,0.55,2.45,0.0352889399303892,0.04412498964517508
34,64,0.6000000000000001,2.45,0.029060162891964003,0.037527067852511364
35,64,0.6499999999999999,2.45,0.017289878522299823,0.03315826765379587
36,64,0.7,2.45,0.007517419415002946,0.03150347814606311
37,64,0.75,2.45,0.003910906090602573,0.031324986307836034
0,65,-1.1,2.5,0.004835933934626002,0.25158999510363544
1,65,-1.05,2.5,0.012886479464281897,0.24925196121117155
2,65,-1.0,2.5,0.0403728787642485,0.23652532426753997
3,65,-0.9500000000000001,2.5,0.07796722003787365,0.20129759896498844
4,65,-0.9000000000000001,2.5,0.06977845114094883,0.1346392723268941
5,65,-0.8500000000000001,2.5,-0.05191625160890556,0.04639003450335605
6,65,-0.8,2.5,-0.2519987161892154,-0.02808802204102956
7,65,-0.75,2.5,-0.3809391561457562,-0.051668058455923704
8,65,-0.7000000000000001,2.5,-0.3471623565083115,-0.026695506927118806
9,65,-0.6500000000000001,2.5,-0.22194422730657914,0.007799945133949715
10,65,-0.6000000000000001,2.5,-0.12161449648222855,0.023966647205562186
11,65,-0.55,2.5,-0.08012604343691554,0.024578520848555496
12,65,-0.5,2.5,-0.07107762250191552,0.02158641101326242
13,65,-0.45000000000000007,2.5,-0.07516424320909154,0.01994019637948402
14,65,-0.4,2.5,-0.09336853950949381,0.019501666580513388
15,65,-0.3500000000000001,2.5,-0.12840922461037102,0.01953503350613839
16,65,-0.30000000000000004,2.5,-0.17133788510537235,0.020128597614332
17,65,-0.25,2.5,-0.2001118978832854,0.022713421214091006
18,65,-0.20000000000000007,2.5,-0.1946964214301497,0.02751547075709848
19,65,-0.15000000000000002,2.5,-0.15770707691746946,0.03201048786700342
20,65,-0.10000000000000009,2.5,-0.11043412379929438,0.03412768387633283
21,65,-0.050000000000000044,2.5,-0.0687679691495352,0.03429091983047278
22,65,0.0,2.5,-0.03471470854753786,0.03384486433316708
23,65,0.050000000000000044,2.5,-0.005910632733110571,0.03426409404979874
24,65,0.10000000000000009,2.5,0.018546848880444805,0.03943332565509605
25,65,0.1499999999999999,2.5,0.03662212230894843,0.056654409481686624
26,65,0.19999999999999996,2.5,0.041040133289790975,0.08772167745836695
27,65,0.25,2.5,0.026635922143823376,0.11615665166435946
28,65,0.30000000000000004,2.5,0.003951325976920411,0.11839620801304643
29,65,0.3500000000000001,2.5,-0.007219392898506205,0.0944338532975518
30,65,0.3999999999999999,2.5,-0.00016420142589387843,0.06752337795657079
31,65,0.44999999999999996,2.5,0.015141355819847657,0.05309082025405129
32,65,0.5,2.5,0.026974427766247033,0.04789931114822232
33,65,0.55,2.5,0.029866546532107546,0.0442612479308202
34,65,0.6000000000000001,2.5,0.024033367694357433,0.040092466319436026
35,65,0.6499999999999999,2.5,0.014377240878353376,0.03700152728398298
36,65,0.7,2.5,0.006594971392061555,0.03577163505890435
37,65,0.75,2.5,0.003721058174419034,0.03568843319883275
0,66,-1.1,2.5500000000000003,-0.003036205151659699,0.19393672338983287
1,66,-1.05,2.5500000000000003,-0.0035903910733550704,0.17617887647142283
2,66,-1.0,2.5500000000000003,-0.001217787253711411,0.13808911872024626
3,66,-0.9500000000000001,2.5500000000000003,6.925120260237172e-05,0.06796088761449798
4,66,-0.9000000000000001,2.5500000000000003,-0.035555987745216344,-0.03347346179455174
5,66,-0.8500000000000001,2.5500000000000003,-0.14524200341806043,-0.13497882210334405
6,66,-0.8,2.5500000000000003,-0.2858246252628427,-0.18205479689197446
7,66,-0.75,2.5500000000000003,-0.3458864151578653,-0.1466614054204063
8,66,-0.7000000000000001,2.5500000000000003,-0.28405247624303603,-0.0652673422909647
9,66,-0.6500000000000001,2.5500000000000003,-0.17681041395226277,0.0006855193376739677
10,66,-0.6000000000000001,2.5500000000000003,-0.10561874977249336,0.027407355502586106
11,66,-0.55,2.5500000000000003,-0.07939918246992472,0.029992703158786826
12,66,-0.5,2.5500000000000003,-0.07316228150765963,0.027000880625135948
13,66,-0.45000000000000007,2.5500000000000003,-0.07656662591234209,0.02491243230093587
14,66,-0.4,2.5500000000000003,-0.09435860492019804,0.023667985990788454
15,66,-0.3500000000000001,2.5500000000000003,-0.12906217307962126,0.02261018321715158
16,66,-0.30000000000000004,2.5500000000000003,-0.17052542185089836,0.022008825619896366
17,66,-0.25,2.5500000000000003,-0.19673581431412485,0.02352215011001829
18,66,-0.20000000000000007,2.5500000000000003,-0.18996185330516252,0.027800632969198352
19,66,-0.15000000000000002,2.5500000000000003,-0.15421751415034698,0.03237837838914112
20,66,-0.10000000000000009,2.5500000000000003,-0.10913143730606034,0.0348323386197584
21,66,-0.050000000000000044,2.5500000000000003,-0.06865869564290847,0.03554212063493878
22,66,0.0,2.5500000000000003,-0.034297829320769774,0.035857460891253884
23,66,0.050000000000000044,2.5500000000000003,-0.0016640045740852483,0.03768587103772397
24,66,0.10000000000000009,2.5500000000000003,0.034889096446521634,0.0489562858993442
25,66,0.1499999999999999,2.5500000000000003,0.07198488247892959,0.08562705621823957
26,66,0.19999999999999996,2.5500000000000003,0.08447450627494399,0.15176619710966455
27,66,0.25,2.5500000000000003,0.0481140229935717,0.2112837988083177
28,66,0.30000000000000004,2.5500000000000003,-0.014146790190834868,0.21250542784705853
29,66,0.3500000000000001,2.5500000000000003,-0.0472621878277063,0.15548900004851013
30,66,0.3999999999999999,2.5500000000000003,-0.03260314784853141,0.09167255147130862
31,66,0.44999999999999996,2.5500000000000003,0.0004079011046168035,0.05667077042798688
32,66,0.5,2.5500000000000003,0.02241075456251726,0.046342056111198515
33,66,0.55,2.5500000000000003,0.027482095101602905,0.044865514677384644
34,66,0.6000000000000001,2.5500000000000003,0.021800442245126783,0.044420008925227794
35,66,0.6499999999999999,2.5500000000000003,0.012969047261768146,0.043956564222792927
36,66,0.7,2.5500000000000003,0.006204325329852711,0.043876181857503
37,66,0.75,2.5500000000000003,0.0037445023704593683,0.04415464994536655
0,67,-1.1,2.6,-0.03067975990219407,0.08797696519794423
1,67,-1.05,2.6,-0.04296112520530471,0.054092769171376065
2,67,-1.0,2.6,-0.06784511009267635,0.0012005197598397022
3,67,-0.9500000000000001,2.6,-0.09359536047692435,-0.07132270885789771
4,67,-0.9000000000000001,2.6,-0.1331612585768932,-0.15247024109005636
5,67,-0.8500000000000001,2.6,-0.20049758670632828,-0.21060553880741434
6,67,-0.8,2.6,-0.2636812995062776,-0.20487148636873037
7,67,-0.75,2.6,-0.26415170154474643,-0.13111693553009174
8,67,-0.7000000000000001,2.6,-0.19981543175023125,-0.03965917400586633
9,67,-0.6500000000000001,2.6,-0.12926952951302834,0.018558435524575756
10,67,-0.6000000000000001,2.6,-0.09230731266111569,0.037203935725485804
11,67,-0.55,2.6,-0.0805325183143657,0.036807744878698256
12,67,-0.5,2.6,-0.07615789335976647,0.033267719801641504
13,67,-0.45000000000000007,2.6,-0.07849713784343904,0.031081613227307292
14,67,-0.4,2.6,-0.0956707885932781,0.029984047949223047
15,67,-0.3500000000000001,2.6,-0.1300683849812631,0.029108805407446203
16,67,-0.30000000000000004,2.6,-0.17042591821250563,0.02811225663881256
17,67,-0.25,2.6,-0.19432009053398341,0.02833981291582105
18,67,-0.20000000000000007,2.6,-0.18584019315102687,0.03128882052292892
19,67,-0.15000000000000002,2.6,-0.1506753712669094,0.03550957436289193
20,67,-0.10000000000000009,2.6,-0.10727038155349672,0.03849580242373682
21,67,-0.050000000000000044,2.6,-0.06774284687803972,0.03990176090728215
22,67,0.0,2.6,-0.032570958144752665,0.04068832500577879
23,67,0.050000000000000044,2.6,0.007188192274979743,0.043502661652066316
24,67,0.10000000000000009,2.6,0.0664880340609604,0.059925885680323226
25,67,0.1499999999999999,2.6,0.13943203351926878,0.11299578892709633
26,67,0.19999999999999996,2.6,0.16669687587986912,0.20868240860918097
27,67,0.25,2.6,0.08737515288121736,0.2946747881946264
28,67,0.30000000000000004,2.6,-0.05184347278288717,0.2955875318276808
29,67,0.3500000000000001,2.6,-0.12805226927425611,0.21105924053883215
30,67,0.3999999999999999,2.6,-0.09898243104641713,0.11586059054305431
31,67,0.44999999999999996,2.6,-0.03018913954026245,0.06261145187380718
32,67,0.5,2.6,0.0151691720156448,0.04690305948744575
33,67,0.55,2.6,0.027944499346136825,0.046820164035976386
34,67,0.6000000000000001,2.6,0.023124417239765716,0.04997587498749803
35,67,0.6499999999999999,2.6,0.013833413810628581,0.05260451555368029
36,67,0.7,2.6,0.0067930571146351815,0.054291797195564206
37,67,0.75,2.6,0.0042779943501461415,0.0554888873106979
0,68,-1.1,2.6500000000000004,-0.07080459720479604,-0.03550060781203512
1,68,-1.05,2.6500000000000004,-0.0903668365114596,-0.07095970355086356
2,68,-1.0,2.6500000000000004,-0.12663326528298519,-0.11230442952076342
3,68,-0.9500000000000001,2.6500000000000004,-0.1536015096472937,-0.15102717222122253
4,68,-0.9000000000000001,2.6500000000000004,-0.17483881769473297,-0.17744267805065078
5,68,-0.8500000000000001,2.6500000000000004,-0.19764324869673444,-0.1773344087076098
6,68,-0.8,2.6500000000000004,-0.2063360219855201,-0.13550079035232643
7,68,-0.75,2.6500000000000004,-0.18067410279500123,-0.0623432048713532
8,68,-0.7000000000000001,2.6500000000000004,-0.13437710518836854,0.0034635602478097494
9,68,-0.6500000000000001,2.6500000000000004,-0.09994730422091064,0.03639744444292936
10,68,-0.6000000000000001,2.6500000000000004,-0.08736944041837086,0.043575053077631876
11,68,-0.55,2.6500000000000004,-0.08333539839376902,0.04201719962532935
12,68,-0.5,2.6500000000000004,-0.0788884131590506,0.040127514636932315
13,68,-0.45000000000000007,2.6500000000000004,-0.07985029776476055,0.039380731408419634
14,68,-0.4,2.6500000000000004,-0.09633141274005913,0.039603267984670565
15,68,-0.3500000000000001,2.6500000000000004,-0.13093396439003174,0.03976894675985915
16,68,-0.30000000000000004,2.6500000000000004,-0.17129441434252352,0.03858320533788151
17,68,-0.25,2.6500000000000004,-0.1935592504300085,0.03697542403400089
18,68,-0.20000000000000007,2.6500000000000004,-0.18279209185809164,0.03767323573321227
19,68,-0.15000000000000002,2.6500000000000004,-0.14701053224953908,0.04091053075257117
20,68,-0.10000000000000009,2.6500000000000004,-0.10473925076167012,0.0442124940567408
21,68,-0.050000000000000044,2.6500000000000004,-0.0664661730608665,0.045915470926784774
22,68,0.0,2.6500000000000004,-0.030696928575985605,0.04626048584834244
23,68,0.050000000000000044,2.6500000000000004,0.017573556100459187,0.048086322111760005
24,68,0.10000000000000009,2.6500000000000004,0.10438222372155165,0.06261557752304969
25,68,0.1499999999999999,2.6500000000000004,0.22074140540778733,0.11165347584570995
26,68,0.19999999999999996,2.6500000000000004,0.2661535055424741,0.20139576533145603
27,68,0.25,2.6500000000000004,0.1350191462120716,0.28319755685488474
28,68,0.30000000000000004,2.6500000000000004,-0.09776233784662913,0.2853243083208924
29,68,0.3500000000000001,2.6500000000000004,-0.22698912911233285,0.20595041739620776
30,68,0.3999999999999999,2.6500000000000004,-0.1810509365135564,0.11528519567119644
31,68,0.44999999999999996,2.6500000000000004,-0.06854962995099176,0.06391160841697358
32,68,0.5,2.6500000000000004,0.006619466724686468,0.04876903285615505
33,68,0.55,2.6500000000000004,0.03055491060165519,0.04988335777591432
34,68,0.6000000000000001,2.6500000000000004,0.027584793762830684,0.055354878387981615
35,68,0.6499999999999999,2.6500000000000004,0.01728496946983432,0.06064620859941999
36,68,0.7,2.6500000000000004,0.009088697086870323,0.06462983916436224
37,68,0.75,2.6500000000000004,0.0061386826007267525,0.06759460366748515
0,69,-1.1,2.7,-0.10159795137985095,-0.1363441769906132
1,69,-1.05,2.7,-0.119764946914033,-0.15317330708472188
2,69,-1.0,2.7,-0.14791257876303532,-0.16221165166504986
3,69,-0.9500000000000001,2.7,-0.15873360900681172,-0.15676805932811538
4,69,-0.9000000000000001,2.7,-0.15946849506328048,-0.13648016493558124
5,69,-0.8500000000000001,2.7,-0.15855569900800393,-0.10174776164447091
6,69,-0.8,2.7,-0.148690095670021,-0.05265687051554391
7,69,-0.75,2.7,-0.12518735094461025,-0.001640909175387728
8,69,-0.7000000000000001,2.7,-0.1010747824359487,0.03148297723232052
9,69,-0.6500000000000001,2.7,-0.08915803668320621,0.04249126815559029
10,69,-0.6000000000000001,2.7,-0.0866875574787157,0.04361364421564623
11,69,-0.55,2.7,-0.08398005675506526,0.0447033079685763
12,69,-0.5,2.7,-0.07879436157667619,0.04674059370009476
13,69,-0.45000000000000007,2.7,-0.07902138449570079,0.048756346942634976
14,69,-0.4,2.7,-0.09528257324183859,0.051137141000431596
15,69,-0.3500000000000001,2.7,-0.13108844762805216,0.05307764243214719
16,69,-0.30000000000000004,2.7,-0.1732194409383639,0.05232848690787162
17,69,-0.25,2.7,-0.19523006013865266,0.04893742825409275
18,69,-0.20000000000000007,2.7,-0.1819050864324566,0.04641874153631528
19,69,-0.15000000000000002,2.7,-0.14413611294338088,0.04713922430188741
20,69,-0.10000000000000009,2.7,-0.10226544137928312,0.04952995593193399
21,69,-0.050000000000000044,2.7,-0.06569485508643808,0.05089515144093268
22,69,0.0,2.7,-0.030400106959777434,0.05041621096962198
23,69,0.050000000000000044,2.7,0.023543283949686994,0.04983689195060037
24,69,0.10000000000000009,2.7,0.13005518779491035,0.05533044017200908
25,69,0.1499999999999999,2.7,0.2782122213276751,0.07861827552998343
26,69,0.19999999999999996,2.7,0.3382409568890439,0.12432261405690356
27,69,0.25,2.7,0.17130369587065375,0.16877324247915132
28,69,0.30000000000000004,2.7,-0.12909061224156415,0.17335998242763995
29,69,0.3500000000000001,2.7,-0.29809138192395207,0.13376115888253715
30,69,0.3999999999999999,2.7,-0.2410212400256513,0.08590320298628829
31,69,0.44999999999999996,2.7,-0.09670530235530383,0.05822381567973628
32,69,0.5,2.7,0.0011409213745855462,0.05065531906515583
33,69,0.55,2.7,0.03453034487796339,0.0531624850056725
34,69,0.6000000000000001,2.7,0.033887268063271386,0.05931405933330275
35,69,0.6499999999999999,2.7,0.023108374587009206,0.0660639860078259
36,69,0.7,2.7,0.013741452182700342,0.07199254556467083
37,69,0.75,2.7,0.010207523356391968,0.07669814262726282
0,70,-1.1,2.75,-0.10446285739301342,-0.17687162545306445
1,70,-1.05,2.75,-0.11623431118589628,-0.1667409581495788
2,70,-1.0,2.75,-0.1302280175263787,-0.14579402179561107
3,70,-0.9500000000000001,2.75,-0.12787002291782507,-0.11609797550234918
4,70,-0.9000000000000001,2.75,-0.1198185200110885,-0.08268627789935423
5,70,-0.8500000000000001,2.75,-0.11381995427669711,-0.046077673502130934
6,70,-0.8,2.75,-0.1062291695164369,-0.007440726821596466
7,70,-0.75,2.75,-0.09653425504713681,0.02303911929191438
8,70,-0.7000000000000001,2.75,-0.09024492785739052,0.03663018819133862
9,70,-0.6500000000000001,2.75,-0.08781663723758493,0.03860695376110529
10,70,-0.6000000000000001,2.75,-0.08515740060538485,0.04044032164834843
11,70,-0.55,2.75,-0.0802084489093205,0.0460083202713224
12,70,-0.5,2.75,-0.07483537418499192,0.0519900379656435
13,70,-0.45000000000000007,2.75,-0.07545375046442371,0.05640300446881963
14,70,-0.4,2.75,-0.09201011725054692,0.060397330704019814
15,70,-0.3500000000000001,2.75,-0.12974261848259172,0.06391922674793021
16,70,-0.30000000000000004,2.75,-0.17543462852057795,0.06442296025370109
17,70,-0.25,2.75,-0.19946899580156482,0.060582215423910235
18,70,-0.20000000000000007,2.75,-0.18459029581029698,0.05517876991475254
19,70,-0.15000000000000002,2.75,-0.14389931785392038,0.05223135709277793
20,70,-0.10000000000000009,2.75,-0.10098332362262485,0.05237164362279084
21,70,-0.050000000000000044,2.75,-0.0655799180231785,0.05314600090530516
22,70,0.0,2.75,-0.03175518806631791,0.05251524651854633
23,70,0.050000000000000044,2.75,0.022487785302846286,0.050009033245652784
24,70,0.10000000000000009,2.75,0.1331636073009347,0.04493363993251065
25,70,0.1499999999999999,2.75,0.2897335792926818,0.035895984145437876
26,70,0.19999999999999996,2.75,0.35630847249164194,0.02469888284998334
27,70,0.25,2.75,0.18405651458280797,0.019251775478835165
28,70,0.30000000000000004,2.75,-0.1327744214432433,0.02487500864277903
29,70,0.3500000000000001,2.75,-0.3144459085536845,0.03587446362193214
30,70,0.3999999999999999,2.75,-0.2565882797163572,0.044029133870764625
31,70,0.44999999999999996,2.75,-0.10379751387212421,0.04800389987734868
32,70,0.5,2.75,0.0015581360506226882,0.05067724580872707
33,70,0.55,2.75,0.03921365086980211,0.05442495954749285
34,70,0.6000000000000001,2.75,0.04048629476498408,0.059894894454999154
35,70,0.6499999999999999,2.75,0.0299634557012024,0.06633072581366875
36,70,0.7,2.75,0.019722853706307247,0.07230653330799752
37,70,0.75,2.75,0.015549876725910738,0.07686290089949685
0,71,-1.1,2.8000000000000003,-0.08133661677287962,-0.1419186850120127
1,71,-1.05,2.8000000000000003,-0.08868734325657962,-0.11503380904304444
2,71,-1.0,2.8000000000000003,-0.09726959611580571,-0.0838302776583047
3,71,-0.9500000000000001,2.8000000000000003,-0.09562586511055488,-0.05683858458394697
4,71,-0.9000000000000001,2.8000000000000003,-0.08944819306306223,-0.03737265666035411
5,71,-0.8500000000000001,2.8000000000000003,-0.08331014793024616,-0.018996052353021098
6,71,-0.8,2.8000000000000003,-0.0795733028759757,0.001448577166271725
7,71,-0.75,2.8000000000000003,-0.08111643593167517,0.017350854487689082
8,71,-0.7000000000000001,2.8000000000000003,-0.08550694796675778,0.024729832699783016
9,71,-0.6500000000000001,2.8000000000000003,-0.0853479032261964,0.029070909414472823
10,71,-0.6000000000000001,2.8000000000000003,-0.0792861909684986,0.036487082622531086
11,71,-0.55,2.8000000000000003,-0.07243034043777019,0.04626187611033644
12,71,-0.5,2.8000000000000003,-0.06839967737917896,0.054281297939426376
13,71,-0.45000000000000007,2.8000000000000003,-0.07061409175732447,0.059284539509469325
14,71,-0.4,2.8000000000000003,-0.087766350962728,0.06317861720921553
15,71,-0.3500000000000001,2.8000000000000003,-0.1270628180783709,0.0671511489666568
16,71,-0.30000000000000004,2.8000000000000003,-0.17655645226238387,0.06956707347300639
17,71,-0.25,2.8000000000000003,-0.2044742504776012,0.0676855624386985
18,71,-0.20000000000000007,2.8000000000000003,-0.1902559447635889,0.06170572668966687
19,71,-0.15000000000000002,2.8000000000000003,-0.14694323923534258,0.05583172948207149
20,71,-0.10000000000000009,2.8000000000000003,-0.10135079756675588,0.05348430755098138
21,71,-0.050000000000000044,2.8000000000000003,-0.06555125219068259,0.05378346584733046
22,71,0.0,2.8000000000000003,-0.03353707461942981,0.053752826444352086
23,71,0.050000000000000044,2.8000000000000003,0.01596167736365131,0.05053367413639043
24,71,0.10000000000000009,2.8000000000000003,0.11594213869469544,0.03786342202774781
25,71,0.1499999999999999,2.8000000000000003,0.2579774642451478,0.0036524234829883595
26,71,0.19999999999999996,2.8000000000000003,0.32159674822244116,-0.054128031873754145
27,71,0.25,2.8000000000000003,0.17147982166344944,-0.10351921930054325
28,71,0.30000000000000004,2.8000000000000003,-0.11246792409846718,-0.1014486397319056
29,71,0.3500000000000001,2.8000000000000003,-0.2789372566959665,-0.05081739137720975
30,71,0.3999999999999999,2.8000000000000003,-0.22889180377023477,0.004387123068552573
31,71,0.44999999999999996,2.8000000000000003,-0.09005719041734139,0.03580470805800928
32,71,0.5,2.8000000000000003,0.007561981044729715,0.04719813380354709
33,71,0.55,2.8000000000000003,0.04374799352423547,0.05122560238542989
34,71,0.6000000000000001,2.8000000000000003,0.045793034329447285,0.054696774513381397
35,71,0.6499999999999999,2.8000000000000003,0.035520013440007575,0.05881125649122729
36,71,0.7,2.8000000000000003,0.02427362726852844,0.062338713750887675
37,71,0.75,2.8000000000000003,0.019320258539390622,0.06434461351983667
0,72,-1.1,2.85,-0.05069310545507688,-0.06036978642250612
1,72,-1.05,2.85,-0.05814590383218826,-0.03319233687785278
2,72,-1.0,2.85,-0.07203279306728122,-0.007843862371281485
3,72,-0.9500000000000001,2.85,-0.08141240191987448,0.006156234640306291
4,72,-0.9000000000000001,2.85,-0.08197598778016263,0.0075147200754904775
5,72,-0.8500000000000001,2.85,-0.07499872045007128,0.004932364678643941
6,72,-0.8,2.85,-0.06988226267572673,0.004730441225925808
7,72,-0.75,2.85,-0.07325299951362552,0.006590085132117951
8,72,-0.7000000000000001,2.85,-0.07852487293060678,0.011026442858924346
9,72,-0.6500000000000001,2.85,-0.07605938731483686,0.020304507730888044
10,72,-0.6000000000000001,2.85,-0.06796643390952123,0.033102106845308565
11,72,-0.55,2.85,-0.062414233592425206,0.04489275388688568
12,72,-0.5,2.85,-0.06181271078585904,0.05260728584845942
13,72,-0.45000000000000007,2.85,-0.06655643119463456,0.05655401786891889
14,72,-0.4,2.85,-0.08414350779335944,0.059226869034010865
15,72,-0.3500000000000001,2.85,-0.12335416221880086,0.06309938693752376
16,72,-0.30000000000000004,2.85,-0.17490021504853626,0.06799143846343253
17,72,-0.25,2.85,-0.20733034258490435,0.06993745562428294
18,72,-0.20000000000000007,2.85,-0.196444128766924,0.06592179965991374
19,72,-0.15000000000000002,2.85,-0.15212073699260587,0.059236613206554156
20,72,-0.10000000000000009,2.85,-0.10303158725736589,0.05542015103142464
21,72,-0.050000000000000044,2.85,-0.0653113991298078,0.05540493099942895
22,72,0.0,2.85,-0.035004979777257944,0.055936807855503506
23,72,0.050000000000000044,2.85,0.006598380886242011,0.052695995764768244
24,72,0.10000000000000009,2.85,0.08628235664753264,0.03679401973068083
25,72,0.1499999999999999,2.85,0.19774212539117986,-0.009155477710208193
26,72,0.19999999999999996,2.85,0.24913682970811035,-0.0906545300458371
27,72,0.25,2.85,0.13673590672465652,-0.16573970555503637
28,72,0.30000000000000004,2.85,-0.08007259351990981,-0.17040977089971876
29,72,0.3500000000000001,2.85,-0.20861014575322634,-0.10155762605978752
30,72,0.3999999999999999,2.85,-0.16996618028113822,-0.020915271259195345
31,72,0.44999999999999996,2.85,-0.060986503137129694,0.02612140848512287
32,72,0.5,2.85,0.016979030378043297,0.041959377290433225
33,72,0.55,2.85,0.04671229157963641,0.04473728745754246
34,72,0.6000000000000001,2.85,0.04807194887078148,0.044949271326402696
35,72,0.6499999999999999,2.85,0.03760539493870868,0.0452054232729078
36,72,0.7,2.85,0.02525621073491663,0.044999708055196985
37,72,0.75,2.85,0.019561676263808725,0.043899909830269895
0,73,-1.1,2.9000000000000004,-0.026981717683572937,0.011139766758501979
1,73,-1.05,2.9000000000000004,-0.03616141920535498,0.03055758908166034
2,73,-1.0,2.9000000000000004,-0.05792102459764664,0.04841996990182673
3,73,-0.9500000000000001,2.9000000000000004,-0.08026728266378291,0.05743671072280965
4,73,-0.9000000000000001,2.9000000000000004,-0.09067206302472458,0.053985799643096466
5,73,-0.8500000000000001,2.9000000000000004,-0.08609442677981083,0.04118263520279719
6,73,-0.8,2.9000000000000004,-0.07791558242250168,0.025552616329480027
7,73,-0.75,2.9000000000000004,-0.07482043429867663,0.014180347740310462
8,73,-0.7000000000000001,2.9000000000000004,-0.07179252536798769,0.012690408813209597
9,73,-0.6500000000000001,2.9000000000000004,-0.06327223923981218,0.021032004263368265
10,73,-0.6000000000000001,2.9000000000000004,-0.054697944812500954,0.033113187509198894
11,73,-0.55,2.9000000000000004,-0.05292516143461934,0.04285916812652557
12,73,-0.5,2.9000000000000004,-0.05673841339714575,0.048392964501116076
13,73,-0.45000000000000007,2.9000000000000004,-0.06399450857177302,0.05071201529718267
14,73,-0.4,2.9000000000000004,-0.08122098189412313,0.05214018973070528
15,73,-0.3500000000000001,2.9000000000000004,-0.11829824864894922,0.05574306022752551
16,73,-0.30000000000000004,2.9000000000000004,-0.1697183835756247,0.062398317066217346
17,73,-0.25,2.9000000000000004,-0.20654388928112,0.06779404866640526
18,73,-0.20000000000000007,2.9000000000000004,-0.20095678718131768,0.06714412693161226
19,73,-0.15000000000000002,2.9000000000000004,-0.15744488786383168,0.0623937341478599
20,73,-0.10000000000000009,2.9000000000000004,-0.1051824797738811,0.05913527240770586
21,73,-0.050000000000000044,2.9000000000000004,-0.06503459536660372,0.05914625068027243
22,73,0.0,2.9000000000000004,-0.036246009854090516,0.05977432645692088
23,73,0.050000000000000044,2.9000000000000004,-0.003181110761171363,0.05678186038055477
24,73,0.10000000000000009,2.9000000000000004,0.054090665219719,0.041685204888703004
25,73,0.1499999999999999,2.9000000000000004,0.13052891446862988,-0.0019452722019130952
26,73,0.19999999999999996,2.9000000000000004,0.16501252037761302,-0.0801468566556196
27,73,0.25,2.9000000000000004,0.09172458080956777,-0.15455364689101747
28,73,0.30000000000000004,2.9000000000000004,-0.04828584460321833,-0.16297670011206994
29,73,0.3500000000000001,2.9000000000000004,-0.1294427570554431,-0.0988161547230959
30,73,0.3999999999999999,2.9000000000000004,-0.10121276922532438,-0.02074716141345856
31,73,0.44999999999999996,2.9000000000000004,-0.027182541867712823,0.024992650416703066
32,73,0.5,2.9000000000000004,0.026177860017149307,0.03921473558399377
33,73,0.55,2.9000000000000004,0.046737887560204944,0.03944467270509483
34,73,0.6000000000000001,2.9000000000000004,0.046261170144812624,0.036173293128518025
35,73,0.6499999999999999,2.9000000000000004,0.035570450168801865,0.032682921643903406
36,73,0.7,2.9000000000000004,0.022968113825890535,0.0296484031846099
37,73,0.75,2.9000000000000004,0.017120662089536443,0.02714391521960513
0,74,-1.1,2.95,-0.011857460808760156,0.03632282313025453
1,74,-1.05,2.95,-0.02086570068886351,0.04873641543995416
2,74,-1.0,2.95,-0.045153671426131914,0.06394868967130901
3,74,-0.9500000000000001,2.95,-0.07584657217860474,0.07822368436425364
4,74,-0.9000000000000001,2.95,-0.09823006330017509,0.08434187606034094
5,74,-0.8500000000000001,2.95,-0.10343190376368772,0.07650548322031103
6,74,-0.8,2.95,-0.09688455013821345,0.05769569522510898
7,74,-0.75,2.95,-0.08611520702989595,0.0391686144279349
8,74,-0.7000000000000001,2.95,-0.07167321640754898,0.030451398549720954
9,74,-0.6500000000000001,2.95,-0.05563660861884756,0.03168053892959294
10,74,-0.6000000000000001,2.95,-0.04613927004636392,0.036811667868468234
11,74,-0.55,2.95,-0.04713445660050802,0.041212111847812594
12,74,-0.5,2.95,-0.05395986361520194,0.043771442548515005
13,74,-0.45000000000000007,2.95,-0.06280920596504536,0.044589824189638916
14,74,-0.4,2.95,-0.0791124628630166,0.04468549046856507
15,74,-0.3500000000000001,2.95,-0.11309603488328879,0.04668811215069846
16,74,-0.30000000000000004,2.95,-0.1628492266096565,0.05220215220111207
17,74,-0.25,2.95,-0.20258453271950944,0.05848927462272141
18,74,-0.20000000000000007,2.95,-0.20184444328546935,0.06147402742272379
19,74,-0.15000000000000002,2.95,-0.16012959151651227,0.06126119018195805
20,74,-0.10000000000000009,2.95,-0.10627907072495335,0.06088396044997876
21,74,-0.050000000000000044,2.95,-0.06467234508059277,0.061706643507548065
22,74,0.0,2.95,-0.037369370076975605,0.062483172004481474
23,74,0.050000000000000044,2.95,-0.011490740681975864,0.06039100927099805
24,74,0.10000000000000009,2.95,0.027555224065064776,0.04900748155825613
25,74,0.1499999999999999,2.95,0.07591006384685725,0.016473459910703314
26,74,0.19999999999999996,2.95,0.09652845501900598,-0.0407863334207223
27,74,0.25,2.95,0.053906063268206184,-0.0946957380002654
28,74,0.30000000000000004,2.95,-0.024335101351988242,-0.10076559950056047
29,74,0.3500000000000001,2.95,-0.06638060705461496,-0.05450158043369194
30,74,0.3999999999999999,2.95,-0.046157375141339246,0.0013177914619083575
31,74,0.44999999999999996,2.95,-0.0010246061396773642,0.03283663617172014
32,74,0.5,2.95,0.03143105266643506,0.04080888230255944
33,74,0.55,2.95,0.043670849124160666,0.03822348122711844
34,74,0.6000000000000001,2.95,0.041310197809590055,0.03291229065408699
35,74,0.6499999999999999,2.95,0.031080504994800556,0.027981104165992754
36,74,0.7,2.95,0.019717204310618353,0.024793231690447837
37,74,0.75,2.95,0.014552700333799184,0.02335424452817092
0,75,-1.1,3.0,-0.0021545330641736804,0.021614589917476612
1,75,-1.05,3.0,-0.008535552664300505,0.029318092216840397
2,75,-1.0,3.0,-0.02843375567334716,0.04289159069560816
3,75,-0.9500000000000001,3.0,-0.05987409627475099,0.0622167465625581
4,75,-0.9000000000000001,3.0,-0.09239026416866719,0.07965072764116371
5,75,-0.8500000000000001,3.0,-0.11274060761504279,0.08363929065198228
6,75,-0.8,3.0,-0.11525245121487782,0.07188022262899385
7,75,-0.75,3.0,-0.10206473097406465,0.05495306918198606
8,75,-0.7000000000000001,3.0,-0.07928060086632965,0.043708523276590194
9,75,-0.6500000000000001,3.0,-0.0569119699210649,0.039462944990338034
10,75,-0.6000000000000001,3.0,-0.0451663718942813,0.03839369970441597
11,75,-0.55,3.0,-0.04596538675457257,0.038389464477705526
12,75,-0.5,3.0,-0.053360701055319426,0.03887720239866055
13,75,-0.45000000000000007,3.0,-0.06308046065172296,0.038646201889718235
14,75,-0.4,3.0,-0.07912269393306359,0.037089040448377575
15,75,-0.3500000000000001,3.0,-0.11078158691640222,0.03585281381190297
16,75,-0.30000000000000004,3.0,-0.15791722110360173,0.03726973311301701
17,75,-0.25,3.0,-0.19727201405950828,0.041636440065863645
18,75,-0.20000000000000007,3.0,-0.19818487162208104,0.047175801373135484
19,75,-0.15000000000000002,3.0,-0.1580349548365767,0.05205050881174095
20,75,-0.10000000000000009,3.0,-0.10473702644829108,0.05558234310749546
21,75,-0.050000000000000044,3.0,-0.06343538381210101,0.05805580664314816
22,75,0.0,3.0,-0.03756164409064053,0.05976634034545
23,75,0.050000000000000044,3.0,-0.01665680120739671,0.05975580301194203
24,75,0.10000000000000009,3.0,0.010173115859424264,0.053772112311613884
25,75,0.1499999999999999,3.0,0.040735099489651455,0.03417921006152291
26,75,0.19999999999999996,3.0,0.053843322466644306,-0.00017034032124302323
27,75,0.25,3.0,0.03174531472972961,-0.030946675291291803
28,75,0.30000000000000004,3.0,-0.008091687036644868,-0.032255433215648
29,75,0.3500000000000001,3.0,-0.027359366092974263,-0.003748888252997351
30,75,0.3999999999999999,3.0,-0.0138745526199123,0.027980819128184536
31,75,0.44999999999999996,3.0,0.01230854897293826,0.04357126841645756
32,75,0.5,3.0,0.031564705072547605,0.04481197217646907
33,75,0.55,3.0,0.03884129591173249,0.040284250949105815
34,75,0.6000000000000001,3.0,0.03601879308368694,0.0351953782984811
35,75,0.6499999999999999,3.0,0.027451391205162712,0.03194810901575834
36,75,0.7,3.0,0.0183412541880687,0.03131379925398997
37,75,0.75,3.0,0.014242687764982609,0.03245353458268346
0,76,-1.1,3.0500000000000003,0.003549543789967413,-0.006212833000540097
1,76,-1.05,3.0500000000000003,0.00041130008926804074,-0.0026411352629099327
2,76,-1.0,3.0500000000000003,-0.01225501708041421,0.006059473124373771
3,76,-0.9500000000000001,3.0500000000000003,-0.039087435233049195,0.021981196226230904
4,76,-0.9000000000000001,3.0500000000000003,-0.07680751921075091,0.04067357313142367
5,76,-0.8500000000000001,3.0500000000000003,-0.11120240877585758,0.05163477053499871
6,76,-0.8,3.0500000000000003,-0.12557077160820967,0.04984933242430989
7,76,-0.75,3.0500000000000003,-0.1142869063822996,0.041907357747794916
8,76,-0.7000000000000001,3.0500000000000003,-0.087163340599197,0.03626969977661376
9,76,-0.6500000000000001,3.0500000000000003,-0.06095143219102178,0.03409965434308909
10,76,-0.6000000000000001,3.0500000000000003,-0.04721275055899643,0.03310409771292905
11,76,-0.55,3.0500000000000003,-0.04665095390626345,0.03283085979606026
12,76,-0.5,3.0500000000000003,-0.05370312620318923,0.03318439770440912
13,76,-0.45000000000000007,3.0500000000000003,-0.06459736791532833,0.03257495031833868
14,76,-0.4,3.0500000000000003,-0.08190585094083186,0.0296704993751995
15,76,-0.3500000000000001,3.0500000000000003,-0.11291534221864935,0.02538650210479665
16,76,-0.30000000000000004,3.0500000000000003,-0.15706560035569583,0.022606841656435395
17,76,-0.25,3.0500000000000003,-0.19267846445939096,0.024254335275374073
18,76,-0.20000000000000007,3.0500000000000003,-0.19143037453959205,0.030675517826960763
19,76,-0.15000000000000002,3.0500000000000003,-0.15172304978215229,0.038841012035724376
20,76,-0.10000000000000009,3.0500000000000003,-0.10027377289354614,0.045382633286771557
21,76,-0.050000000000000044,3.0500000000000003,-0.060488347842638235,0.04962367488549391
22,76,0.0,3.0500000000000003,-0.03566937370818174,0.05276240859016568
23,76,0.050000000000000044,3.0500000000000003,-0.017484968715811983,0.05521220877492919
24,76,0.10000000000000009,3.0500000000000003,0.0019786311146456625,0.054460854065980085
25,76,0.1499999999999999,3.0500000000000003,0.021967611214000343,0.04556544928483827
26,76,0.19999999999999996,3.0500000000000003,0.03140256966619126,0.02807950824956232
27,76,0.25,3.0500000000000003,0.021820970373801207,0.013124056973824183
28,76,0.30000000000000004,3.0500000000000003,0.00286268568630621,0.014605679443278063
29,76,0.3500000000000001,3.0500000000000003,-0.006144354710782424,0.0309114335404935
30,76,0.3999999999999999,3.0500000000000003,0.001162781528115664,0.04656965383766545
31,76,0.44999999999999996,3.0500000000000003,0.015806546908607166,0.05173911258517433
32,76,0.5,3.0500000000000003,0.028144035199083317,0.048795908471937904
33,76,0.55,3.0500000000000003,0.0340542552461727,0.04373975779925682
34,76,0.6000000000000001,3.0500000000000003,0.03297405587624258,0.0404360615505861
35,76,0.6499999999999999,3.0500000000000003,0.027198925950309427,0.04033866038396283
36,76,0.7,3.0500000000000003,0.020222629877543474,0.04268256033007789
37,76,0.75,3.0500000000000003,0.01683217099118617,0.04564200843712701
0,77,-1.1,3.1,0.0049888624110866475,-0.029157498501111434
1,77,-1.05,3.1,0.0037367534606133623,-0.02982563063155641
2,77,-1.0,3.1,-0.0038114241842063246,-0.029025971755615998
3,77,-0.9500000000000001,3.1,-0.02525999626770109,-0.024025915224382688
4,77,-0.9000000000000001,3.1,-0.06273668985989939,-0.013828345831489175
5,77,-0.8500000000000001,3.1,-0.10356484832215657,-0.00193520904313349
6,77,-0.8,3.1,-0.12497986400208161,0.00708036336678014
7,77,-0.75,3.1,-0.11564436362176078,0.012865225073112052
8,77,-0.7000000000000001,3.1,-0.08708830427103548,0.017669964344185496
9,77,-0.6500000000000001,3.1,-0.06007757198474961,0.021823379532670273
10,77,-0.6000000000000001,3.1,-0.04643516644131013,0.024695375312961676
11,77,-0.55,3.1,-0.0458850867630925,0.02676372161229068
12,77,-0.5,3.1,-0.05361661053304101,0.02812521009429969
13,77,-0.45000000000000007,3.1,-0.06659435898093258,0.02759745018647536
14,77,-0.4,3.1,-0.08631114214660562,0.02421302054903013
15,77,-0.3500000000000001,3.1,-0.11784524463516632,0.018806153782535695
16,77,-0.30000000000000004,3.1,-0.1590493879330243,0.014398174417789567
17,77,-0.25,3.1,-0.18920333788898291,0.014809905541741109
18,77,-0.20000000000000007,3.1,-0.18359819486173073,0.02119329582259799
19,77,-0.15000000000000002,3.1,-0.1433278393767659,0.030324825459176474
20,77,-0.10000000000000009,3.1,-0.09395436359852155,0.03810268739381145
21,77,-0.050000000000000044,3.1,-0.05605560850870689,0.04345542116092324
22,77,0.0,3.1,-0.031973110201205246,0.047645305414892314
23,77,0.050000000000000044,3.1,-0.014958355731582301,0.051503860125316075
24,77,0.10000000000000009,3.1,0.0005263563693333473,0.05375276081309374
25,77,0.1499999999999999,3.1,0.014353753673233688,0.051479565061099686
26,77,0.19999999999999996,3.1,0.021401930155630217,0.04425473176570188
27,77,0.25,3.1,0.018271485923445352,0.03795685621611117
28,77,0.30000000000000004,3.1,0.009695689530024448,0.03970384758319512
29,77,0.3500000000000001,3.1,0.004604608301413127,0.04827424825125215
30,77,0.3999999999999999,3.1,0.00695312642476853,0.055427829543499424
31,77,0.44999999999999996,3.1,0.014534803607210711,0.056161326290748714
32,77,0.5,3.1,0.023565350286630093,0.052286286611449434
33,77,0.55,3.1,0.03048144899038069,0.04808780598919621
34,77,0.6000000000000001,3.1,0.032617695668392954,0.04665847939064244
35,77,0.6499999999999999,3.1,0.029697889984654502,0.04840947501026205
36,77,0.7,3.1,0.02364460224123288,0.05129444670167321
37,77,0.75,3.1,0.020161583979080855,0.05338022241945156
0,78,-1.1,3.1500000000000004,0.002213279529077461,-0.045279312409639005
1,78,-1.05,3.1500000000000004,0.0005428268347634768,-0.04913120802084198
2,78,-1.0,3.1500000000000004,-0.006455301673240488,-0.055687417198890254
3,78,-0.9500000000000001,3.1500000000000004,-0.023889809308922372,-0.0624118758795969
4,78,-0.9000000000000001,3.1500000000000004,-0.05471681302950171,-0.062237280308996556
5,78,-0.8500000000000001,3.1500000000000004,-0.09029369957758826,-0.04962665913935904
6,78,-0.8,3.1500000000000004,-0.11077033749196413,-0.028328448871047518
7,78,-0.75,3.1500000000000004,-0.10369730540489425,-0.007849420864425305
8,78,-0.7000000000000001,3.1500000000000004,-0.07820518613963878,0.006411544188993645
9,78,-0.6500000000000001,3.1500000000000004,-0.0539260212222456,0.015056681238376501
10,78,-0.6000000000000001,3.1500000000000004,-0.04227240847937602,0.020524332264223732
11,78,-0.55,3.1500000000000004,-0.04322111912492543,0.02435703638395431
12,78,-0.5,3.1500000000000004,-0.052869397629004555,0.02647047348612347
13,78,-0.45000000000000007,3.1500000000000004,-0.06850955746059789,0.02598436638298618
14,78,-0.4,3.1500000000000004,-0.09069714734477152,0.02262128007268771
15,78,-0.3500000000000001,3.1500000000000004,-0.12273018834988991,0.017609709391604722
16,78,-0.30000000000000004,3.1500000000000004,-0.16106184859649042,0.013878730386851501
17,78,-0.25,3.1500000000000004,-0.18588334305458254,0.014723576792665949
18,78,-0.20000000000000007,3.1500000000000004,-0.1759154546221567,0.02084810710577173
19,78,-0.15000000000000002,3.1500000000000004,-0.13481365821093882,0.029357792312627307
20,78,-0.10000000000000009,3.1500000000000004,-0.08714317719179937,0.03688065225929321
21,78,-0.050000000000000044,3.1500000000000004,-0.05094572982155737,0.04256204945328135
22,78,0.0,3.1500000000000004,-0.027620934743788905,0.04726995722399013
23,78,0.050000000000000044,3.1500000000000004,-0.011377513317610555,0.05147167124078089
24,78,0.10000000000000009,3.1500000000000004,0.001954336050429273,0.05441629854699162
25,78,0.1499999999999999,3.1500000000000004,0.012469582166608484,0.05471451108094466
26,78,0.19999999999999996,3.1500000000000004,0.017879860821202742,0.052253524051279754
27,78,0.25,3.1500000000000004,0.017270086191294443,0.049744740942088
28,78,0.30000000000000004,3.1500000000000004,0.013180077721447192,0.05052238824210242
29,78,0.3500000000000001,3.1500000000000004,0.009579627249521883,0.05437662761746925
30,78,0.3999999999999999,3.1500000000000004,0.009049859567612228,0.057796797509576114
31,78,0.44999999999999996,3.1500000000000004,0.012665003976557176,0.05820879880899438
32,78,0.5,3.1500000000000004,0.02007051489753081,0.05605312645047045
33,78,0.55,3.1500000000000004,0.028426448025365703,0.053625631914016314
34,78,0.6000000000000001,3.1500000000000004,0.03329572489730842,0.05301258827553612
35,78,0.6499999999999999,3.1500000000000004,0.0318348932613402,0.05399286150329974
36,78,0.7,3.1500000000000004,0.025193377286732987,0.05454599707906599
37,78,0.75,3.1500000000000004,0.021003722426742866,0.05373158348806195
0,79,-1.1,3.2,-0.002714928811319295,-0.06029092914455969
1,79,-1.05,3.2,-0.006671351328637887,-0.06460835738936244
2,79,-1.0,3.2,-0.01709209204296125,-0.07320832015667772
3,79,-0.9500000000000001,3.2,-0.03180985937780739,-0.08409387105697802
4,79,-0.9000000000000001,3.2,-0.04995147311966153,-0.08718325422607004
5,79,-0.8500000000000001,3.2,-0.06965601688420753,-0.07191656282976439
6,79,-0.8,3.2,-0.08320262572714787,-0.041868119089598366
7,79,-0.75,3.2,-0.08090437056171962,-0.012257011703000753
8,79,-0.7000000000000001,3.2,-0.06418220216823367,0.006965982613960087
9,79,-0.6500000000000001,3.2,-0.045964783909519524,0.016999592652214568
10,79,-0.6000000000000001,3.2,-0.03713481129573232,0.022777177674423166
11,79,-0.55,3.2,-0.03993894554119276,0.02685011047042496
12,79,-0.5,3.2,-0.05198928053400914,0.028984645542901033
13,79,-0.45000000000000007,3.2,-0.07044355239436834,0.028258639677962993
14,79,-0.4,3.2,-0.09468579913798708,0.024700502096990096
15,79,-0.3500000000000001,3.2,-0.12658779432100253,0.01988939187727745
16,79,-0.30000000000000004,3.2,-0.16193552053196308,0.016872132335424006
17,79,-0.25,3.2,-0.18223396117006269,0.01847164553159475
18,79,-0.20000000000000007,3.2,-0.16896397934176938,0.02458990692332852
19,79,-0.15000000000000002,3.2,-0.12729529422324443,0.03229351369082506
20,79,-0.10000000000000009,3.2,-0.08075010645786751,0.03904943608415978
21,79,-0.050000000000000044,3.2,-0.04566630354400997,0.044544619934367424
22,79,0.0,3.2,-0.0230634884137057,0.049396902744043014
23,79,0.050000000000000044,3.2,-0.007812014408580814,0.053599578740731735
24,79,0.10000000000000009,3.2,0.0037691962094971165,0.05639775859088425
25,79,0.1499999999999999,3.2,0.012190979177521821,0.057096945464890914
26,79,0.19999999999999996,3.2,0.016432160016773556,0.055937999536616045
27,79,0.25,3.2,0.01654035011426802,0.05433375727501938
28,79,0.30000000000000004,3.2,0.014327576205405701,0.053927445662557694
29,79,0.3500000000000001,3.2,0.011879017568886818,0.05524101008325205
30,79,0.3999999999999999,3.2,0.010785297616293654,0.05749834635614126
31,79,0.44999999999999996,3.2,0.012791132548105044,0.05941251706469197
32,79,0.5,3.2,0.01898218339165203,0.05998063396798814
33,79,0.55,3.2,0.027440910815446362,0.059336963655818586
34,79,0.6000000000000001,3.2,0.03298492525767638,0.058435517593485586
35,79,0.6499999999999999,3.2,0.03123129878818437,0.0572352192779621
36,79,0.7,3.2,0.023383324225995095,0.05495333564795618
37,79,0.75,3.2,0.01853275679707278,0.05187280567260699
0,80,-1.1,3.25,-0.00642157696052803,-0.07622252398624602
1,80,-1.05,3.25,-0.012374564177354552,-0.07830743125166406
2,80,-1.0,3.25,-0.02594081534085607,-0.08155931127202837
3,80,-0.9500000000000001,3.25,-0.03786474337831469,-0.08399078773076052
4,80,-0.9000000000000001,3.25,-0.042539504802288075,-0.07898917477646372
5,80,-0.8500000000000001,3.25,-0.044978564441116586,-0.06045896615052809
6,80,-0.8,3.25,-0.0511107863652005,-0.03200915894487927
7,80,-0.75,3.25,-0.054863203701335794,-0.004916013719605816
8,80,-0.7000000000000001,3.25,-0.04894858178442346,0.013110163635887129
9,80,-0.6500000000000001,3.25,-0.03811482616178252,0.02257814408057307
10,80,-0.6000000000000001,3.25,-0.03242189066116563,0.027655582520720035
11,80,-0.55,3.25,-0.037013651256447566,0.030966554529354984
12,80,-0.5,3.25,-0.05146086842146652,0.03252828249544565
13,80,-0.45000000000000007,3.25,-0.07279370090650883,0.031423431725681183
14,80,-0.4,3.25,-0.09906639514545706,0.02743724468236397
15,80,-0.3500000000000001,3.25,-0.130558558111456,0.02204254334644301
16,80,-0.30000000000000004,3.25,-0.16247959494217312,0.018773724449261675
17,80,-0.25,3.25,-0.17816556846667803,0.020960090764659267
18,80,-0.20000000000000007,3.25,-0.16209358646292638,0.027996040879487427
19,80,-0.15000000000000002,3.25,-0.12035412905010756,0.036048882005468574
20,80,-0.10000000000000009,3.25,-0.074892070948257,0.04256832102322361
21,80,-0.050000000000000044,3.25,-0.04059826316167414,0.047708978878885366
22,80,0.0,3.25,-0.018565975937424595,0.052223540140191316
23,80,0.050000000000000044,3.25,-0.0043766574707693184,0.05604687315235779
24,80,0.10000000000000009,3.25,0.005451702774588452,0.058508473696870233
25,80,0.1499999999999999,3.25,0.012009823112340279,0.0591377615085209
26,80,0.19999999999999996,3.25,0.015116672631331207,0.05819431739377434
27,80,0.25,3.25,0.01525953231723609,0.05656707277996498
28,80,0.30000000000000004,3.25,0.014087330529679865,0.05526497020658744
29,80,0.3500000000000001,3.25,0.01315052794310545,0.055173724688100945
30,80,0.3999999999999999,3.25,0.01322136654905215,0.05686997668249233
31,80,0.44999999999999996,3.25,0.015147291588404055,0.05985381138398027
32,80,0.5,3.25,0.019994961488657426,0.062431999576075814
33,80,0.55,3.25,0.02688133165086315,0.06329409403899089
34,80,0.6000000000000001,3.25,0.031193980519451936,0.062394199323161925
35,80,0.6499999999999999,3.25,0.028352711315810797,0.060080317887711565
36,80,0.7,3.25,0.019830963681377878,0.056899699239741364
37,80,0.75,3.25,0.014842662476044488,0.05379134410305103
0,81,-1.1,3.3,-0.006884743342155386,-0.08567554687159779
1,81,-1.05,3.3,-0.012008138614420238,-0.08446924637596359
2,81,-1.0,3.3,-0.022775448522057706,-0.07850522347572109
3,81,-0.9500000000000001,3.3,-0.029239722882242747,-0.06505592911393632
4,81,-0.9000000000000001,3.3,-0.0264196515394291,-0.04558422710482124
5,81,-0.8500000000000001,3.3,-0.022676001052623074,-0.025570500618559422
6,81,-0.8,3.3,-0.027659673296225595,-0.008427440148057186
7,81,-0.75,3.3,-0.03578504798095322,0.006162994506563602
8,81,-0.7000000000000001,3.3,-0.036688044368054784,0.017919819789141422
9,81,-0.6500000000000001,3.3,-0.03141936502468662,0.02564486473658062
10,81,-0.6000000000000001,3.3,-0.028746400846950404,0.029909071504783946
11,81,-0.55,3.3,-0.03506624556646715,0.03222087739077478
12,81,-0.5,3.3,-0.05153240333768294,0.033088818890497085
13,81,-0.45000000000000007,3.3,-0.07553459020745001,0.03194165168337787
14,81,-0.4,3.3,-0.10406668751722525,0.028091475518746134
15,81,-0.3500000000000001,3.3,-0.13525131455410483,0.022481101909450907
16,81,-0.30000000000000004,3.3,-0.16301797311374683,0.01917652705366424
17,81,-0.25,3.3,-0.17301164473983693,0.02249896006089519
18,81,-0.20000000000000007,3.3,-0.15387518810096007,0.03158055575944424
19,81,-0.15000000000000002,3.3,-0.11272301407950824,0.04126291890312328
20,81,-0.10000000000000009,3.3,-0.06909000958445072,0.04833385479701996
21,81,-0.050000000000000044,3.3,-0.03601108442704226,0.05317153336818592
22,81,0.0,3.3,-0.014725594140233278,0.056829149038009064
23,81,0.050000000000000044,3.3,-0.0015270808519018964,0.0595436875074698
24,81,0.10000000000000009,3.3,0.006860084565660229,0.06111113429963955
25,81,0.1499999999999999,3.3,0.01187682287442593,0.06136621683236865
26,81,0.19999999999999996,3.3,0.01386147128821763,0.060443635739631796
27,81,0.25,3.3,0.013611002927081117,0.058819346733621214
28,81,0.30000000000000004,3.3,0.012934228113541668,0.057071225843597084
29,81,0.3500000000000001,3.3,0.01348402404479171,0.055971881016671776
30,81,0.3999999999999999,3.3,0.01546538431217298,0.056497636204144164
31,81,0.44999999999999996,3.3,0.01835315544168853,0.05895654754365626
32,81,0.5,3.3,0.022422466046662648,0.062405043569062346
33,81,0.55,3.3,0.027403110562532473,0.06534634795182709
34,81,0.6000000000000001,3.3,0.029771149106397055,0.06657924277795602
35,81,0.6499999999999999,3.3,0.025736798704763808,0.06584659364271189
36,81,0.7,3.3,0.01709435044133456,0.0640892322547687
37,81,0.75,3.3,0.012316046523692115,0.06244752197283099
0,82,-1.1,3.3500000000000005,-0.004008975969259643,-0.07831322018180042
1,82,-1.05,3.3500000000000005,-0.0052042407814778535,-0.07445858430207092
2,82,-1.0,3.3500000000000005,-0.006527498078828797,-0.06222824339383287
3,82,-0.9500000000000001,3.3500000000000005,-0.004943747007414845,-0.039064899398538466
4,82,-0.9000000000000001,3.3500000000000005,-0.00305407630691118,-0.012636941652287015
5,82,-0.8500000000000001,3.3500000000000005,-0.007821777484352532,0.0038779362358887237
6,82,-0.8,3.3500000000000005,-0.019377291240077477,0.008546495447825653
7,82,-0.75,3.3500000000000005,-0.028515943764137186,0.01092048002275664
8,82,-0.7000000000000001,3.3500000000000005,-0.029466711554406444,0.0164191461328686
9,82,-0.6500000000000001,3.3500000000000005,-0.02612557444614,0.022610488650183502
10,82,-0.6000000000000001,3.3500000000000005,-0.025845878006971468,0.026839658293570934
11,82,-0.55,3.3500000000000005,-0.03383390387073443,0.029062144370770038
12,82,-0.5,3.3500000000000005,-0.051740094128863434,0.030039396003503915
13,82,-0.45000000000000007,3.3500000000000005,-0.07779104427825978,0.029827766063561523
14,82,-0.4,3.3500000000000005,-0.10852694491938403,0.027530750525140146
15,82,-0.3500000000000001,3.3500000000000005,-0.1394735065765379,0.02341261559605179
16,82,-0.30000000000000004,3.3500000000000005,-0.16246173679072884,0.021541078647762668
17,82,-0.25,3.3500000000000005,-0.16576153976089802,0.026829614196259843
18,82,-0.20000000000000007,3.3500000000000005,-0.14332962762069829,0.03836078205268767
19,82,-0.15000000000000002,3.3500000000000005,-0.10360083001253184,0.0499965702602434
20,82,-0.10000000000000009,3.3500000000000005,-0.06298345648319437,0.05776353224239611
21,82,-0.050000000000000044,3.3500000000000005,-0.03210296892068504,0.0620483870654473
22,82,0.0,3.3500000000000005,-0.012193821798140714,0.06424096473909263
23,82,0.050000000000000044,3.3500000000000005,-9.467220913883523e-05,0.06505957869355428
24,82,0.10000000000000009,3.3500000000000005,0.007274232099487299,0.06491003497840542
25,82,0.1499999999999999,3.3500000000000005,0.011342324552332528,0.06400531305931267
26,82,0.19999999999999996,3.3500000000000005,0.012569802532583774,0.06251980421164566
27,82,0.25,3.3500000000000005,0.01188712242120138,0.06085759101868926
28,82,0.30000000000000004,3.3500000000000005,0.011239864812730427,0.059324368899105195
29,82,0.3500000000000001,3.3500000000000005,0.01257693830365253,0.05792183657692157
30,82,0.3999999999999999,3.3500000000000005,0.01620603307603663,0.05691088834954755
31,82,0.44999999999999996,3.3500000000000005,0.021054698953322237,0.05739401111586079
32,82,0.5,3.3500000000000005,0.026384761896828257,0.060615435995689526
33,82,0.55,3.3500000000000005,0.03105553085975682,0.06615297875496112
34,82,0.6000000000000001,3.3500000000000005,0.03169422621033674,0.07148019430262914
35,82,0.6499999999999999,3.3500000000000005,0.025862700792623483,0.07440776791732051
36,82,0.7,3.3500000000000005,0.016431892011496974,0.07510319336643895
37,82,0.75,3.3500000000000005,0.01155924191216906,0.07486044815105453
0,83,-1.1,3.4000000000000004,0.0008245284173036271,-0.052976820590959206
1,83,-1.05,3.4000000000000004,0.004076838173547315,-0.04885647959445932
2,83,-1.0,3.4000000000000004,0.012618236381474746,-0.03825812633544118
3,83,-0.9500000000000001,3.4000000000000004,0.02035157885930311,-0.020415799789779976
4,83,-0.9000000000000001,3.4000000000000004,0.01652318409499809,-0.002493197412389847
5,83,-0.8500000000000001,3.4000000000000004,-0.0014925639525104062,0.0059458858858171815
6,83,-0.8,3.4000000000000004,-0.02061712950935768,0.005598145032432167
7,83,-0.75,3.4000000000000004,-0.027912397295910274,0.00521604571204537
8,83,-0.7000000000000001,3.4000000000000004,-0.024998035740627922,0.009106045881522307
9,83,-0.6500000000000001,3.4000000000000004,-0.020998852863984285,0.015049069105613211
10,83,-0.6000000000000001,3.4000000000000004,-0.02229474512636387,0.020154282253009304
11,83,-0.55,3.4000000000000004,-0.031866507856534165,0.023544060412961088
12,83,-0.5,3.4000000000000004,-0.05076678164489146,0.0258705531555517
13,83,-0.45000000000000007,3.4000000000000004,-0.07804323568581378,0.027793570172890136
14,83,-0.4,3.4000000000000004,-0.11048183798473499,0.02861001719814904
15,83,-0.3500000000000001,3.4000000000000004,-0.1412409864314823,0.02792382320485426
16,83,-0.30000000000000004,3.4000000000000004,-0.15960097451353877,0.028844972875728403
17,83,-0.25,3.4000000000000004,-0.15619194133491193,0.035993282675875204
18,83,-0.20000000000000007,3.4000000000000004,-0.1307082320369765,0.04886886967184617
19,83,-0.15000000000000002,3.4000000000000004,-0.0933202638897998,0.06136825524907297
20,83,-0.10000000000000009,3.4000000000000004,-0.05703819277924682,0.06901685145695946
21,83,-0.050000000000000044,3.4000000000000004,-0.02953365193034574,0.07202864377212737
22,83,0.0,3.4000000000000004,-0.011714402512126298,0.0721596433578639
23,83,0.050000000000000044,3.4000000000000004,-0.0008580106125891107,0.07066976815961218
24,83,0.10000000000000009,3.4000000000000004,0.005805818931418627,0.06836969006611127
25,83,0.1499999999999999,3.4000000000000004,0.00948659210766617,0.06564293659581333
26,83,0.19999999999999996,3.4000000000000004,0.010713749247594218,0.06285717599198742
27,83,0.25,3.4000000000000004,0.010415567614540655,0.06084366183198103
28,83,0.30000000000000004,3.4000000000000004,0.009998473671773978,0.060056673441024055
29,83,0.3500000000000001,3.4000000000000004,0.011070543495234064,0.059429990039230884
30,83,0.3999999999999999,3.4000000000000004,0.014937558851112198,0.057555097066273875
31,83,0.44999999999999996,3.4000000000000004,0.022057703087830505,0.05569650039567692
32,83,0.5,3.4000000000000004,0.031181433685762983,0.05746243080034019
33,83,0.55,3.4000000000000004,0.03826786886947209,0.06416697396539772
34,83,0.6000000000000001,3.4000000000000004,0.03802593826875644,0.07259595932409185
35,83,0.6499999999999999,3.4000000000000004,0.029359797768573614,0.07861530019586227
36,83,0.7,3.4000000000000004,0.017547030675068576,0.08117547037881451
37,83,0.75,3.4000000000000004,0.011830556092923272,0.08163884491022372
0,84,-1.1,3.45,0.004231706023740123,-0.01928560330531015
1,84,-1.05,3.45,0.009514453474040174,-0.018225911606754297
2,84,-1.0,3.45,0.02191318172585055,-0.015995946042901554
3,84,-0.9500000000000001,3.45,0.030821181915636486,-0.013265248994615841
4,84,-0.9000000000000001,3.45,0.023307609368685978,-0.011544025158307658
5,84,-0.8500000000000001,3.45,0.00026956496046948164,-0.010637882359321171
6,84,-0.8,3.45,-0.02010713141384929,-0.008267159891584275
7,84,-0.75,3.45,-0.025008042915047046,-0.0034515081390656954
8,84,-0.7000000000000001,3.45,-0.019633688160838603,0.002730694925868471
9,84,-0.6500000000000001,3.45,-0.015077338074653002,0.00914102303628761
10,84,-0.6000000000000001,3.45,-0.01735088669962359,0.014946579325260667
11,84,-0.55,3.45,-0.02811763296819203,0.019632579960883745
12,84,-0.5,3.45,-0.047490584368934385,0.023750938810106204
13,84,-0.45000000000000007,3.45,-0.07505158023566244,0.028204602028415737
14,84,-0.4,3.45,-0.1083966918874199,0.03257508757950278
15,84,-0.3500000000000001,3.45,-0.13923855089895854,0.03596801202578909
16,84,-0.30000000000000004,3.45,-0.1543922773197079,0.03973870788169964
17,84,-0.25,3.45,-0.14573764296478026,0.047239407476247774
18,84,-0.20000000000000007,3.45,-0.11795465504750052,0.05887654368204237
19,84,-0.15000000000000002,3.45,-0.08345284822741855,0.07000639042923945
20,84,-0.10000000000000009,3.45,-0.05232306796013997,0.07629332747336098
21,84,-0.050000000000000044,3.45,-0.028960177019780597,0.07757671405643152
22,84,0.0,3.45,-0.0135526974106559,0.07575078970655125
23,84,0.050000000000000044,3.45,-0.00388462550089147,0.0723769418725731
24,84,0.10000000000000009,3.45,0.0022474005356884486,0.06827602420873269
25,84,0.1499999999999999,3.45,0.005829810478208686,0.0637670212972466
26,84,0.19999999999999996,3.45,0.0077705277687514784,0.059409261142737146
27,84,0.25,3.45,0.00908661987023801,0.05651777757988391
28,84,0.30000000000000004,3.45,0.009826193019980278,0.05596307682521923
29,84,0.3500000000000001,3.45,0.010075361928902349,0.05630764321249232
30,84,0.3999999999999999,3.45,0.012472543432482663,0.054991887747382895
31,84,0.44999999999999996,3.45,0.020962032687388554,0.05256870334823138
32,84,0.5,3.45,0.03485523546654906,0.053035613028481476
33,84,0.55,3.45,0.04618905938350848,0.058565109832369455
34,84,0.6000000000000001,3.45,0.04614255244080129,0.06652815952953417
35,84,0.6499999999999999,3.45,0.03444221184734614,0.07271664137702694
36,84,0.7,3.45,0.01945543672585842,0.07561329388159843
37,84,0.75,3.45,0.012485990974987482,0.07632809772691068
0,85,-1.1,3.5,0.0029439118144153342,0.011910806086196934
1,85,-1.05,3.5,0.007366495435955911,0.008360810565457844
2,85,-1.0,3.5,0.0175788989936132,0.0019633596411483545
3,85,-0.9500000000000001,3.5,0.024803499743897006,-0.007600669328822751
4,85,-0.9000000000000001,3.5,0.01915055073029276,-0.01686638260618406
5,85,-0.8500000000000001,3.5,0.001784301314212977,-0.019628346426215082
6,85,-0.8,3.5,-0.013430755289102203,-0.014003010240822011
7,85,-0.75,3.5,-0.016914542478457528,-0.0047571853652575435
8,85,-0.7000000000000001,3.5,-0.012405504565274617,0.003412586500185222
9,85,-0.6500000000000001,3.5,-0.008782968464592089,0.009899457793736688
10,85,-0.6000000000000001,3.5,-0.011803188201767734,0.015471292362878586
11,85,-0.55,3.5,-0.02306214837168863,0.020463771961292676
12,85,-0.5,3.5,-0.042194759577359464,0.025520043379106128
13,85,-0.45000000000000007,3.5,-0.0692190869164172,0.03139479910057613
14,85,-0.4,3.5,-0.10271842798736164,0.03794415125079276
15,85,-0.3500000000000001,3.5,-0.13407736612928545,0.04421503686409589
16,85,-0.30000000000000004,3.5,-0.14832957906308009,0.04968733757898969
17,85,-0.25,3.5,-0.1370541055345692,0.05568409231278326
18,85,-0.20000000000000007,3.5,-0.10794124908398484,0.06345446267296523
19,85,-0.15000000000000002,3.5,-0.07590348009848119,0.07095458680743627
20,85,-0.10000000000000009,3.5,-0.049467869152054755,0.07491266750891928
21,85,-0.050000000000000044,3.5,-0.030076189697155475,0.07465950742387373
22,85,0.0,3.5,-0.01691417469598472,0.071674511626654
23,85,0.050000000000000044,3.5,-0.00833277611040767,0.06733497525165971
24,85,0.10000000000000009,3.5,-0.0028041016439078748,0.06217876037102277
25,85,0.1499999999999999,3.5,0.0006198290416706276,0.05645290349882065
26,85,0.19999999999999996,3.5,0.003464505530231532,0.05087801481424181
27,85,0.25,3.5,0.006969383297022735,0.046832097577349796
28,85,0.30000000000000004,3.5,0.009788339304382387,0.04539618845864374
29,85,0.3500000000000001,3.5,0.010099354417397732,0.04600773347872261
30,85,0.3999999999999999,3.5,0.011198618986851261,0.04690971756624779
31,85,0.44999999999999996,3.5,0.020101428368929086,0.04756749019880768
32,85,0.5,3.5,0.037177840169901055,0.04931186078608568
33,85,0.55,3.5,0.05176041537052478,0.05306944485738485
34,85,0.6000000000000001,3.5,0.052177469813413924,0.05778759039488712
35,85,0.6499999999999999,3.5,0.038444932120637876,0.06152329376036131
36,85,0.7,3.5,0.02115848702495232,0.06346058119389875
37,85,0.75,3.5,0.013260163783547774,0.06415254091824918
0,86,-1.1,3.55,-0.0028682850177380592,0.03495663947030575
1,86,-1.05,3.55,-0.0004329929710084057,0.028609825059389415
2,86,-1.0,3.55,0.0059517018315699555,0.01870924981264982
3,86,-0.9500000000000001,3.55,0.011991439668304071,0.005979288745900091
4,86,-0.9000000000000001,3.55,0.011279932271293647,-0.005186788602578596
5,86,-0.8500000000000001,3.55,0.0031329373258315307,-0.009005720524168925
6,86,-0.8,3.55,-0.00523597035289175,-0.004493352270648621
7,86,-0.75,3.55,-0.007592446174039813,0.0036721010218587757
8,86,-0.7000000000000001,3.55,-0.004977045001844371,0.011041834792946126
9,86,-0.6500000000000001,3.55,-0.0030186322119596376,0.01663323134353606
10,86,-0.6000000000000001,3.55,-0.006786572532067603,0.02109254078141276
11,86,-0.55,3.55,-0.01806888195196449,0.025161066393021014
12,86,-0.5,3.55,-0.03655955722965093,0.029615738014430182
13,86,-0.45000000000000007,3.55,-0.06262747236397581,0.035056548740936
14,86,-0.4,3.55,-0.09557645412390015,0.041776362438723236
15,86,-0.3500000000000001,3.55,-0.1274953645707616,0.04917768781164761
16,86,-0.30000000000000004,3.55,-0.14292322187102052,0.055303607976148195
17,86,-0.25,3.55,-0.13197051787080472,0.05919458891423257
18,86,-0.20000000000000007,3.55,-0.10268416055284751,0.06219085324123741
19,86,-0.15000000000000002,3.55,-0.0719946433914645,0.06494667314475677
20,86,-0.10000000000000009,3.55,-0.04861814734370251,0.06606443539550477
21,86,-0.050000000000000044,3.55,-0.03219833290204588,0.06457735095790368
22,86,0.0,3.55,-0.020877229582869916,0.0610922644065115
23,86,0.050000000000000044,3.55,-0.013380376756522705,0.05642303338541488
24,86,0.10000000000000009,3.55,-0.008634671217150613,0.050822631681331776
25,86,0.1499999999999999,3.55,-0.00547093507857227,0.044620880551593245
26,86,0.19999999999999996,3.55,-0.0018502781527193757,0.03867073572494051
27,86,0.25,3.55,0.003604793514639937,0.034036941718844915
28,86,0.30000000000000004,3.55,0.009001828921353094,0.03169756901816284
29,86,0.3500000000000001,3.55,0.011588891036506399,0.03255400100476813
30,86,0.3999999999999999,3.55,0.014032300152567734,0.03688005003945505
31,86,0.44999999999999996,3.55,0.023364175907226448,0.043181791574479766
32,86,0.5,3.55,0.04035719012512623,0.04870819906680396
33,86,0.55,3.55,0.05466478899230992,0.051879724628170754
34,86,0.6000000000000001,3.55,0.054596401343777745,0.053276924026478545
35,86,0.6499999999999999,3.55,0.04011520264635776,0.05403683921565483
36,86,0.7,3.55,0.022084683883746292,0.0545675670623591
37,86,0.75,3.55,0.013869910423688347,0.054892255603666285
0,87,-1.1,3.6000000000000005,-0.009749717007417336,0.048052154718824514
1,87,-1.05,3.6000000000000005,-0.00888089422170002,0.04269584978472907
2,87,-1.0,3.6000000000000005,-0.005051637319876123,0.034915973815156376
3,87,-0.9500000000000001,3.6000000000000005,0.0009074613286685906,0.025576103663310368
4,87,-0.9000000000000001,3.6000000000000005,0.004165541460223743,0.017227193097356097
5,87,-0.8500000000000001,3.6000000000000005,0.0024777376461429523,0.012789099468667464
6,87,-0.8,3.6000000000000005,-0.000752933743074502,0.013153249946006307
7,87,-0.75,3.6000000000000005,-0.0013793554148627818,0.01667010803371588
8,87,-0.7000000000000001,3.6000000000000005,0.0005556257564026668,0.020977071081802745
9,87,-0.6500000000000001,3.6000000000000005,0.0012677375238745459,0.02460136968747778
10,87,-0.6000000000000001,3.6000000000000005,-0.0032753531522827783,0.027202866137122916
11,87,-0.55,3.6000000000000005,-0.014538951138671208,0.02938058356748291
12,87,-0.5,3.6000000000000005,-0.03229927722944448,0.03210250931249631
13,87,-0.45000000000000007,3.6000000000000005,-0.05705846249212415,0.03614555212450021
14,87,-0.4,3.6000000000000005,-0.08859728891665003,0.04218144423972614
15,87,-0.3500000000000001,3.6000000000000005,-0.12055012059186049,0.049770007890148626
16,87,-0.30000000000000004,3.6000000000000005,-0.13831267796049512,0.05612481771525679
17,87,-0.25,3.6000000000000005,-0.13016686026948,0.05860983818155335
18,87,-0.20000000000000007,3.6000000000000005,-0.10218916485346063,0.057965207000732766
19,87,-0.15000000000000002,3.6000000000000005,-0.07202989794421383,0.05657531777247954
20,87,-0.10000000000000009,3.6000000000000005,-0.04983719133890785,0.055022595153008114
21,87,-0.050000000000000044,3.6000000000000005,-0.03504836068614875,0.05254922727216116
22,87,0.0,3.6000000000000005,-0.02506849226847352,0.04895571719060382
23,87,0.050000000000000044,3.6000000000000005,-0.018602408835587392,0.044442220284299505
24,87,0.10000000000000009,3.6000000000000005,-0.014606254477729508,0.03911736988610609
25,87,0.1499999999999999,3.6000000000000005,-0.01153206691472064,0.033435956990336135
26,87,0.19999999999999996,3.6000000000000005,-0.007119433302516798,0.02819848043364631
27,87,0.25,3.6000000000000005,-3.7834097549316326e-06,0.024055853948929395
28,87,0.30000000000000004,3.6000000000000005,0.008305398590305602,0.021867501579953263
29,87,0.3500000000000001,3.6000000000000005,0.015281835438689939,0.023535338888628077
30,87,0.3999999999999999,3.6000000000000005,0.021826409556562898,0.03068156518632459
31,87,0.44999999999999996,3.6000000000000005,0.031929577396278,0.04130237669114162
32,87,0.5,3.6000000000000005,0.04587577322359204,0.050138650360455894
33,87,0.55,3.6000000000000005,0.05632914033019937,0.05377178315627923
34,87,0.6000000000000001,3.6000000000000005,0.054334584400898,0.053377676118054884
35,87,0.6499999999999999,3.6000000000000005,0.03973557515651843,0.05199886376936358
36,87,0.7,3.6000000000000005,0.022013903412963776,0.05114942673237588
37,87,0.75,3.6000000000000005,0.01390954086616214,0.0507712688524839
0,88,-1.1,3.6500000000000004,-0.013580894885928951,0.051537784287595256
1,88,-1.05,3.6500000000000004,-0.013569173874676543,0.05011421537270494
2,88,-1.0,3.6500000000000004,-0.011168044289848744,0.04745513119395972
3,88,-0.9500000000000001,3.6500000000000004,-0.005697341049496207,0.04336911634069629
4,88,-0.9000000000000001,3.6500000000000004,-0.0015070719233492569,0.03814897925987354
5,88,-0.8500000000000001,3.6500000000000004,-0.0009410058255182596,0.03280340579185581
6,88,-0.8,3.6500000000000004,-0.001354961787843334,0.028881363683712358
7,88,-0.75,3.6500000000000004,0.0002313749617566252,0.02743143436487322
8,88,-0.7000000000000001,3.6500000000000004,0.0029542166519175295,0.028004177758026993
9,88,-0.6500000000000001,3.6500000000000004,0.0032071628433605337,0.029057382770485973
10,88,-0.6000000000000001,3.6500000000000004,-0.002007358652062474,0.02947946129594925
11,88,-0.55,3.6500000000000004,-0.013169238776591097,0.02963904020023833
12,88,-0.5,3.6500000000000004,-0.029794588672633626,0.03078130632005266
13,88,-0.45000000000000007,3.6500000000000004,-0.05254853743674598,0.03400029431739421
14,88,-0.4,3.6500000000000004,-0.08195199835825173,0.039840438548692514
15,88,-0.3500000000000001,3.6500000000000004,-0.11355199109523095,0.04736957716999529
16,88,-0.30000000000000004,3.6500000000000004,-0.1340833915796158,0.05358220138918873
17,88,-0.25,3.6500000000000004,-0.13013012858532874,0.05550791335709515
18,88,-0.20000000000000007,3.6500000000000004,-0.10471868096192133,0.05330585679241773
19,88,-0.15000000000000002,3.6500000000000004,-0.07493725523918915,0.04970933903414215
20,88,-0.10000000000000009,3.6500000000000004,-0.05264423784402089,0.04646586567846833
21,88,-0.050000000000000044,3.6500000000000004,-0.03826521086445017,0.043393434318758084
22,88,0.0,3.6500000000000004,-0.02898423657073157,0.04007048746493852
23,88,0.050000000000000044,3.6500000000000004,-0.023218724061020435,0.03641420331630424
24,88,0.10000000000000009,3.6500000000000004,-0.019640934511113983,0.032518998189217385
25,88,0.1499999999999999,3.6500000000000004,-0.01638982453103205,0.028768548962657403
26,88,0.19999999999999996,3.6500000000000004,-0.011230381194126116,0.025428683141065778
27,88,0.25,3.6500000000000004,-0.002726185339053111,0.022499634994712914
28,88,0.30000000000000004,3.6500000000000004,0.008481313861051776,0.020779084928389813
29,88,0.3500000000000001,3.6500000000000004,0.020402954642877724,0.022532239456414804
30,88,0.3999999999999999,3.6500000000000004,0.031799337955081275,0.029626474806679348
31,88,0.44999999999999996,3.6500000000000004,0.04282126108135775,0.040348458591530634
32,88,0.5,3.6500000000000004,0.05282659659026384,0.049704360875978404
33,88,0.55,3.6500000000000004,0.05790381474990891,0.053772395254406136
34,88,0.6000000000000001,3.6500000000000004,0.052823481956862095,0.052865764138063376
35,88,0.6499999999999999,3.6500000000000004,0.03788695326067876,0.05016023940035835
36,88,0.7,3.6500000000000004,0.02085708896686661,0.048061207354967994
37,88,0.75,3.6500000000000004,0.013113594663904382,0.04693991667211517
0,89,-1.1,3.7,-0.012596854837197968,0.04941798859191493
1,89,-1.05,3.7,-0.012963547315335555,0.051901524897643714
2,89,-1.0,3.7,-0.011796736351884773,0.053870014982007886
3,89,-0.9500000000000001,3.7,-0.008398690605417591,0.053723969255919934
4,89,-0.9000000000000001,3.7,-0.006400169088616736,0.05027008107078901
5,89,-0.8500000000000001,3.7,-0.006789877930018229,0.044051261433529776
6,89,-0.8,3.7,-0.006124905170057093,0.03730183633721851
7,89,-0.75,3.7,-0.002256541340548146,0.03234251620850781
8,89,-0.7000000000000001,3.7,0.0021815741620154205,0.02981180166781866
9,89,-0.6500000000000001,3.7,0.002743021061796802,0.02850341649899557
10,89,-0.6000000000000001,3.7,-0.0026936957225304203,0.02719660263082263
11,89,-0.55,3.7,-0.013237106114567798,0.02627151837413716
12,89,-0.5,3.7,-0.0279380231122886,0.02712525403810867
13,89,-0.45000000000000007,3.7,-0.0479993302634843,0.030812577972287036
14,89,-0.4,3.7,-0.07522800606404895,0.03713387761070608
15,89,-0.3500000000000001,3.7,-0.10680835775136427,0.04428468340866104
16,89,-0.30000000000000004,3.7,-0.13017434177339526,0.04971346343922156
17,89,-0.25,3.7,-0.130443204866251,0.051493266345837285
18,89,-0.20000000000000007,3.7,-0.10798773917641363,0.04957363043442964
19,89,-0.15000000000000002,3.7,-0.07886988905816322,0.04582498101307397
20,89,-0.10000000000000009,3.7,-0.05615309605429192,0.041994210095353535
21,89,-0.050000000000000044,3.7,-0.04144373889967856,0.03852640996180934
22,89,0.0,3.7,-0.032047723270927364,0.03549348743643599
23,89,0.050000000000000044,3.7,-0.026153898111308527,0.03316772225701481
24,89,0.10000000000000009,3.7,-0.022251908831376344,0.031932991754187456
25,89,0.1499999999999999,3.7,-0.018622381962872248,0.031878994249357195
26,89,0.19999999999999996,3.7,-0.013388347270461287,0.03189514079014022
27,89,0.25,3.7,-0.004653381622430897,0.030407104024486042
28,89,0.30000000000000004,3.7,0.008338003052007492,0.02797139740391613
29,89,0.3500000000000001,3.7,0.024129225316979475,0.027536699931880737
30,89,0.3999999999999999,3.7,0.03964262869167873,0.031411767162479176
31,89,0.44999999999999996,3.7,0.05200746346557705,0.03883775170641979
32,89,0.5,3.7,0.059299709886467544,0.046368280467053435
33,89,0.55,3.7,0.05949054359228434,0.050203466759798365
34,89,0.6000000000000001,3.7,0.05072242854685022,0.049147802528271
35,89,0.6499999999999999,3.7,0.03493101837342305,0.04557049901792731
36,89,0.7,3.7,0.01879358068472059,0.042507384578061025
37,89,0.75,3.7,0.011666959500456486,0.040904090027183704
0,90,-1.1,3.75,-0.008613822274471383,0.049593515495668095
1,90,-1.05,3.75,-0.009117147484583588,0.05339922993185614
2,90,-1.0,3.75,-0.009345599931572524,0.056811633951798224
3,90,-0.9500000000000001,3.75,-0.009297274960715085,0.057442085940662135
4,90,-0.9000000000000001,3.75,-0.011179779745739415,0.05385265205680001
5,90,-0.8500000000000001,3.75,-0.01390925055908876,0.04710351849902511
6,90,-0.8,3.75,-0.0130637070128653,0.039620086516788666
7,90,-0.75,3.75,-0.0072586597076432224,0.03340905287495616
8,90,-0.7000000000000001,3.75,-0.0008848830575947098,0.029131621879646685
9,90,-0.6500000000000001,3.75,0.0005919638063645039,0.02607965026986736
10,90,-0.6000000000000001,3.75,-0.0042392567769208855,0.02362477551637099
11,90,-0.55,3.75,-0.013240587369305057,0.022545545050297322
12,90,-0.5,3.75,-0.02525352907448375,0.02422799753521887
13,90,-0.45000000000000007,3.75,-0.04253991386414857,0.029157065037858365
14,90,-0.4,3.75,-0.06847989292187773,0.03598010319586453
15,90,-0.3500000000000001,3.75,-0.10097240526671547,0.04215036352822665
16,90,-0.30000000000000004,3.75,-0.12687480864243955,0.04616129537587638
17,90,-0.25,3.75,-0.13026996159012066,0.047799293376922514
18,90,-0.20000000000000007,3.75,-0.11038696629468464,0.04694556820141943
19,90,-0.15000000000000002,3.75,-0.08251667557826525,0.04402414365463819
20,90,-0.10000000000000009,3.75,-0.059942808895285526,0.040126947752147646
21,90,-0.050000000000000044,3.75,-0.04476593352336772,0.03617216298057918
22,90,0.0,3.75,-0.0343429242755261,0.03303305559712311
23,90,0.050000000000000044,3.75,-0.026779219743268967,0.03192640707131711
24,90,0.10000000000000009,3.75,-0.020929662518771597,0.03410505765545746
25,90,0.1499999999999999,3.75,-0.016427675495079286,0.03937828289564238
26,90,0.19999999999999996,3.75,-0.012702271418997269,0.044302261389696784
27,90,0.25,3.75,-0.006649928725277199,0.04437864046266837
28,90,0.30000000000000004,3.75,0.00561090976844647,0.0396846067518164
29,90,0.3500000000000001,3.75,0.02384332440144077,0.03509081947676185
30,90,0.3999999999999999,3.75,0.043100389729620325,0.03453744347270776
31,90,0.44999999999999996,3.75,0.05777777438593201,0.0381582739574568
32,90,0.5,3.75,0.06419231164364242,0.043389386402112595
33,90,0.55,3.75,0.060683336811126476,0.046602189045375775
34,90,0.6000000000000001,3.75,0.04819051421499104,0.04564308291475222
35,90,0.6499999999999999,3.75,0.03124653531046878,0.04194583088021425
36,90,0.7,3.75,0.016190679976123,0.03857068965587379
37,90,0.75,3.75,0.00990700556214974,0.03682052432521926
0,91,-1.1,3.8,-0.004985425964821877,0.05934101254528035
1,91,-1.05,3.8,-0.005745428859205426,0.0615275978879673
2,91,-1.0,3.8,-0.007753880343078778,0.06274261218926824
3,91,-0.9500000000000001,3.8,-0.011357672500415805,0.06083474378399678
4,91,-0.9000000000000001,3.8,-0.01673873653025376,0.055213591027519215
5,91,-0.8500000000000001,3.8,-0.021022443470029573,0.04787357548712845
6,91,-0.8,3.8,-0.019819370794126046,0.041021378105589035
7,91,-0.75,3.8,-0.012745005977690127,0.03531704700687699
8,91,-0.7000000000000001,3.8,-0.005147828443073377,0.03046087477369147
9,91,-0.6500000000000001,3.8,-0.002763825301478895,0.02604014213676925
10,91,-0.6000000000000001,3.8,-0.006227800942100459,0.02241747240670805
11,91,-0.55,3.8,-0.012633884095719916,0.02110238233616002
12,91,-0.5,3.8,-0.02132650312472756,0.02349177739675412
13,91,-0.45000000000000007,3.8,-0.036247224602838635,0.029337300713154768
14,91,-0.4,3.8,-0.06223470757368066,0.036245887134976895
15,91,-0.3500000000000001,3.8,-0.09662716557135242,0.04135300773480982
16,91,-0.30000000000000004,3.8,-0.1245254119246994,0.04410744673906841
17,91,-0.25,3.8,-0.12965893204070794,0.04542546801132863
18,91,-0.20000000000000007,3.8,-0.11176288889869795,0.045058142644520405
19,91,-0.15000000000000002,3.8,-0.085688509507435,0.04251298221796346
20,91,-0.10000000000000009,3.8,-0.06400507672835093,0.03850496167616985
21,91,-0.050000000000000044,3.8,-0.0485376310547031,0.03416730101926557
22,91,0.0,3.8,-0.036293479180189436,0.030815473659387693
23,91,0.050000000000000044,3.8,-0.025081896052974173,0.030589338101872643
24,91,0.10000000000000009,3.8,-0.014800033007051072,0.03583831749325611
25,91,0.1499999999999999,3.8,-0.008425178228632924,0.046183859141338546
26,91,0.19999999999999996,3.8,-0.008387989703435295,0.05578554305199018
27,91,0.25,3.8,-0.009271036260311283,0.0572394083883912
28,91,0.30000000000000004,3.8,-0.0009498179338990331,0.05031440167518497
29,91,0.3500000000000001,3.8,0.01898206203787084,0.04213762680376487
30,91,0.3999999999999999,3.8,0.04271008317237368,0.03848881497763801
31,91,0.44999999999999996,3.8,0.060859406394981885,0.039824876473778525
32,91,0.5,3.8,0.06774362497438652,0.04361518963173633
33,91,0.55,3.8,0.061744240104923964,0.04663984804708393
34,91,0.6000000000000001,3.8,0.046066070381688695,0.04670400221489346
35,91,0.6499999999999999,3.8,0.027858625114544622,0.044273430707316985
36,91,0.7,3.8,0.0136682741297256,0.041620198016508736
37,91,0.75,3.8,0.008166628839147427,0.04010099266347267
0,92,-1.1,3.8500000000000005,-0.004240651589097477,0.08004540927709691
1,92,-1.05,3.8500000000000005,-0.005715547840595692,0.0783690368226761
2,92,-1.0,3.8500000000000005,-0.010038454035543043,0.07469260760757351
3,92,-0.9500000000000001,3.8500000000000005,-0.016826296122464113,0.06814274109136265
4,92,-0.9000000000000001,3.8500000000000005,-0.024140948042607746,0.05937423591866442
5,92,-0.8500000000000001,3.8500000000000005,-0.02810146348101894,0.050824545233208174
6,92,-0.8,3.8500000000000005,-0.02562023549311676,0.044285290523066456
7,92,-0.75,3.8500000000000005,-0.017819163039540786,0.039217116159812604
8,92,-0.7000000000000001,3.8500000000000005,-0.010161787927702448,0.03411774241996485
9,92,-0.6500000000000001,3.8500000000000005,-0.007451438560618917,0.028471055223472097
10,92,-0.6000000000000001,3.8500000000000005,-0.009177016577530117,0.023479664103993603
11,92,-0.55,3.8500000000000005,-0.012166282379258986,0.021330960023450973
12,92,-0.5,3.8500000000000005,-0.017018610697489,0.02346881277388274
13,92,-0.45000000000000007,3.8500000000000005,-0.029785804125925797,0.029263378722203526
14,92,-0.4,3.8500000000000005,-0.056464185900222674,0.036048160226982984
15,92,-0.3500000000000001,3.8500000000000005,-0.09311084566262395,0.04110936476894478
16,92,-0.30000000000000004,3.8500000000000005,-0.12280234836592074,0.04388403998369206
17,92,-0.25,3.8500000000000005,-0.12931926568466867,0.04491497048530413
18,92,-0.20000000000000007,3.8500000000000005,-0.11329945208804981,0.04388612001709952
19,92,-0.15000000000000002,3.8500000000000005,-0.08906985654661581,0.04070276354085106
20,92,-0.10000000000000009,3.8500000000000005,-0.06828849009398341,0.036454073874577775
21,92,-0.050000000000000044,3.8500000000000005,-0.05245542154014987,0.032277443749664236
22,92,0.0,3.8500000000000005,-0.03792088719291903,0.029292966624754058
23,92,0.050000000000000044,3.8500000000000005,-0.02175637590940055,0.029728823991017894
24,92,0.10000000000000009,3.8500000000000005,-0.005335141479305694,0.036112793247395636
25,92,0.1499999999999999,3.8500000000000005,0.003519550063654786,0.047643960634070615
26,92,0.19999999999999996,3.8500000000000005,-0.0016467221719446146,0.05785950468744916
27,92,0.25,3.8500000000000005,-0.01212107010208241,0.05951856728483085
28,92,0.30000000000000004,3.8500000000000005,-0.009490871816179858,0.05295154226246851
29,92,0.3500000000000001,3.8500000000000005,0.012017737703893805,0.04530675187746608
30,92,0.3999999999999999,3.8500000000000005,0.04078763939963398,0.042000199119006376
31,92,0.44999999999999996,3.8500000000000005,0.06290414904003033,0.043278220442220794
32,92,0.5,3.8500000000000005,0.07100728321694783,0.04695586685450226
33,92,0.55,3.8500000000000005,0.0637721493942836,0.050760837635157874
34,92,0.6000000000000001,3.8500000000000005,0.045824096875224096,0.05287388259966774
35,92,0.6499999999999999,3.8500000000000005,0.02616273111208406,0.052717180719207
36,92,0.7,3.8500000000000005,0.012018241932278684,0.051422351988290316
37,92,0.75,3.8500000000000005,0.006868594856077603,0.05031515753044613
0,93,-1.1,3.9000000000000004,-0.008338170873663509,0.10654140647870736
1,93,-1.05,3.9000000000000004,-0.011098230528728825,0.09915040299747824
2,93,-1.0,3.9000000000000004,-0.01798017607439223,0.08842199318204347
3,93,-0.9500000000000001,3.9000000000000004,-0.0266760441893249,0.07574389649490171
4,93,-0.9000000000000001,3.9000000000000004,-0.034056932388408234,0.06329910143236778
5,93,-0.8500000000000001,3.9000000000000004,-0.036111388865627536,0.05320261888377614
6,93,-0.8,3.9000000000000004,-0.031426799867521615,0.04646292973099431
7,93,-0.75,3.9000000000000004,-0.022912554080791736,0.04179639267504698
8,93,-0.7000000000000001,3.9000000000000004,-0.015893889379413884,0.036760286622931904
9,93,-0.6500000000000001,3.9000000000000004,-0.01340190361745014,0.030453783057513284
10,93,-0.6000000000000001,3.9000000000000004,-0.013367896142121583,0.02446376155728236
11,93,-0.55,3.9000000000000004,-0.012644735425830778,0.021288713486694588
12,93,-0.5,3.9000000000000004,-0.013394084425975006,0.02237461820273068
13,93,-0.45000000000000007,3.9000000000000004,-0.023667877149738392,0.027195816717369703
14,93,-0.4,3.9000000000000004,-0.050388721526939406,0.03361881377919734
15,93,-0.3500000000000001,3.9000000000000004,-0.08879128581464335,0.039361664447745415
16,93,-0.30000000000000004,3.9000000000000004,-0.12071980620834005,0.04309520380655407
17,93,-0.25,3.9000000000000004,-0.12965685200730048,0.04418642780179616
18,93,-0.20000000000000007,3.9000000000000004,-0.11597509584315102,0.042473262562025826
19,93,-0.15000000000000002,3.9000000000000004,-0.09312055564995675,0.0388548765821245
20,93,-0.10000000000000009,3.9000000000000004,-0.07243039651953775,0.03492155547682174
21,93,-0.050000000000000044,3.9000000000000004,-0.05569873830452682,0.031725149496800165
22,93,0.0,3.9000000000000004,-0.03884209893883578,0.029911261227314745
23,93,0.050000000000000044,3.9000000000000004,-0.018262069430332595,0.03083219044211133
24,93,0.10000000000000009,3.9000000000000004,0.003115103636001648,0.03576591941985202
25,93,0.1499999999999999,3.9000000000000004,0.0133215332114206,0.043148077423043885
26,93,0.19999999999999996,3.9000000000000004,0.0034866169473249387,0.04840882200736141
27,93,0.25,3.9000000000000004,-0.014178998685291933,0.048579071837834
28,93,0.30000000000000004,3.9000000000000004,-0.015161633341263803,0.04556835242117918
29,93,0.3500000000000001,3.9000000000000004,0.008030718894408706,0.0433041771084694
30,93,0.3999999999999999,3.9000000000000004,0.040681551737128396,0.04378615722969187
31,93,0.44999999999999996,3.9000000000000004,0.06581507413047777,0.046799221507612954
32,93,0.5,3.9000000000000004,0.0752262421673236,0.051360961044832065
33,93,0.55,3.9000000000000004,0.06766225585008945,0.056401913145214255
34,93,0.6000000000000001,3.9000000000000004,0.04802241346573782,0.06039297668889887
35,93,0.6499999999999999,3.9000000000000004,0.026407094503167194,0.06199665067865873
36,93,0.7,3.9000000000000004,0.011266250940964728,0.06161537728656047
37,93,0.75,3.9000000000000004,0.005952239923459057,0.060662263826574137
0,94,-1.1,3.95,-0.019022658551555716,0.12836821972873946
1,94,-1.05,3.95,-0.02383496113725958,0.11497546671904779
2,94,-1.0,3.95,-0.03344496053811957,0.09655872442656227
3,94,-0.9500000000000001,3.95,-0.041949187872139804,0.0771525293579825
4,94,-0.9000000000000001,3.95,-0.04668222565373331,0.06124146151420179
5,94,-0.8500000000000001,3.95,-0.04493763518239241,0.05081756992715791
6,94,-0.8,3.95,-0.037026461701845925,0.0454540340757531
7,94,-0.75,3.95,-0.02752180614760319,0.04249437651985516
8,94,-0.7000000000000001,3.95,-0.021504397545236142,0.03852176563413218
9,94,-0.6500000000000001,3.95,-0.01974796362626846,0.03246267736692787
10,94,-0.6000000000000001,3.95,-0.018342086148348813,0.02621151713907255
11,94,-0.55,3.95,-0.014255425733810667,0.022280395291532917
12,94,-0.5,3.95,-0.011111507466813886,0.02194701227033219
13,94,-0.45000000000000007,3.95,-0.018541608549459132,0.02488795055092835
14,94,-0.4,3.95,-0.04429833816984696,0.029671681953835904
15,94,-0.3500000000000001,3.95,-0.08363445563526722,0.034600650322216264
16,94,-0.30000000000000004,3.95,-0.11797758501187,0.03822811274684146
17,94,-0.25,3.95,-0.12994120692919692,0.039673294739443754
18,94,-0.20000000000000007,3.95,-0.11863100330772147,0.03893361494459291
19,94,-0.15000000000000002,3.95,-0.0966215636318199,0.03685268123272939
20,94,-0.10000000000000009,3.95,-0.07541821717930774,0.03461331005691293
21,94,-0.050000000000000044,3.95,-0.05746571578965687,0.03310252440485495
22,94,0.0,3.95,-0.038813846247607864,0.03268243549754413
23,94,0.050000000000000044,3.95,-0.015901717716863273,0.03357137236908836
24,94,0.10000000000000009,3.95,0.006980745501626862,0.03541957926000344
25,94,0.1499999999999999,3.95,0.016162452651164172,0.03641084918094367
26,94,0.19999999999999996,3.95,0.003784272242845499,0.035224496134247385
27,94,0.25,3.95,-0.014961539688264636,0.03400594007392593
28,94,0.30000000000000004,3.95,-0.014765766545544456,0.035721614646902766
29,94,0.3500000000000001,3.95,0.010235542512406492,0.039892838457559476
30,94,0.3999999999999999,3.95,0.04428268379877753,0.04447426963081785
31,94,0.44999999999999996,3.95,0.07047895285517053,0.04895296470678767
32,94,0.5,3.95,0.08060997485454913,0.0537180643217397
33,94,0.55,3.95,0.07280416503835041,0.05868877107974013
34,94,0.6000000000000001,3.95,0.05141883440866857,0.06275540547858671
35,94,0.6499999999999999,3.95,0.027385131709745658,0.06463143312745473
36,94,0.7,3.95,0.010683855080194093,0.0645172744404976
37,94,0.75,3.95,0.004962367936104939,0.06368585645263797
0,95,-1.1,4.0,-0.03512367689304685,0.12973450857361707
1,95,-1.05,4.0,-0.04290772583090602,0.11381384204072753
2,95,-1.0,4.0,-0.05580311343545752,0.09200682690923584
3,95,-0.9500000000000001,4.0,-0.06199330710168538,0.06990520783903525
4,95,-0.9000000000000001,4.0,-0.060391891819232824,0.05422081618801505
5,95,-0.8500000000000001,4.0,-0.05189881630407622,0.04736544684914218
6,95,-0.8,4.0,-0.03974999327482437,0.046827839517627756
7,95,-0.75,4.0,-0.029844822522412662,0.04744905477433836
8,95,-0.7000000000000001,4.0,-0.02592558853234117,0.044991500755113545
9,95,-0.6500000000000001,4.0,-0.025712152112509767,0.03929067976988304
10,95,-0.6000000000000001,4.0,-0.023550178217516538,0.03314435583703812
11,95,-0.55,4.0,-0.016909240294571137,0.028872631426483664
12,95,-0.5,4.0,-0.010786529166579573,0.027052053869357773
13,95,-0.45000000000000007,4.0,-0.015943207466234677,0.027122037712384583
14,95,-0.4,4.0,-0.04067602175565149,0.028138320616235557
15,95,-0.3500000000000001,4.0,-0.0802348550216378,0.029323016638072297
16,95,-0.30000000000000004,4.0,-0.11564716179111256,0.03047181225511425
17,95,-0.25,4.0,-0.12895134980954903,0.03182076680595142
18,95,-0.20000000000000007,4.0,-0.11879570934986539,0.0332931690693411
19,95,-0.15000000000000002,4.0,-0.09744086053763673,0.03430954746756448
20,95,-0.10000000000000009,4.0,-0.0761805533474122,0.034674621094488434
21,95,-0.050000000000000044,4.0,-0.05762961286389562,0.03495781467627246
22,95,0.0,4.0,-0.03837325097460237,0.03548509417638818
23,95,0.050000000000000044,4.0,-0.01552492566787328,0.03562718050363789
24,95,0.10000000000000009,4.0,0.005954580447856961,0.03404985270518912
25,95,0.1499999999999999,4.0,0.013126450085664543,0.030010455698256666
26,95,0.19999999999999996,4.0,0.0010817078403072,0.025712167659892315
27,95,0.25,4.0,-0.013681880172636551,0.025837043864980758
28,95,0.30000000000000004,4.0,-0.00927473495763026,0.03187025698684259
29,95,0.3500000000000001,4.0,0.016783373878323793,0.03981118679084683
30,95,0.3999999999999999,4.0,0.04974167798635659,0.04571664153834171
31,95,0.44999999999999996,4.0,0.07505886882139962,0.04928599733991096
32,95,0.5,4.0,0.08496204854027606,0.05180159694194969
33,95,0.55,4.0,0.07669959700693646,0.05411110724030499
34,95,0.6000000000000001,4.0,0.05396507551345242,0.05618772684335388
35,95,0.6499999999999999,4.0,0.02816896346507808,0.05751433856278354
36,95,0.7,4.0,0.010320674266147967,0.057976034283958866
37,95,0.75,4.0,0.0042894039477398005,0.05799275223280054
0,96,-1.1,4.050000000000001,-0.05086399161733479,0.09991413263910565
1,96,-1.05,4.050000000000001,-0.06156264280164081,0.0875436093916998
2,96,-1.0,4.050000000000001,-0.07735359473981185,0.07107907100964123
3,96,-0.9500000000000001,4.050000000000001,-0.07973519859336059,0.05557331556930806
4,96,-0.9000000000000001,4.050000000000001,-0.06922198664362639,0.04781370656356948
5,96,-0.8500000000000001,4.050000000000001,-0.05233061185277971,0.04976618259433768
6,96,-0.8,4.050000000000001,-0.03694285377664974,0.056544790943203194
7,96,-0.75,4.050000000000001,-0.0293581449101174,0.06083844889690243
8,96,-0.7000000000000001,4.050000000000001,-0.029662772549691463,0.05893431989481723
9,96,-0.6500000000000001,4.050000000000001,-0.031595108544343886,0.052939239551875183
10,96,-0.6000000000000001,4.050000000000001,-0.02876013449174819,0.047028439152122514
11,96,-0.55,4.050000000000001,-0.020347727701491014,0.043007994024158724
12,96,-0.5,4.050000000000001,-0.012862101180912966,0.040032161034943836
13,96,-0.45000000000000007,4.050000000000001,-0.017455341802581348,0.036741397577101376
14,96,-0.4,4.050000000000001,-0.04209735924415925,0.032699984282594796
15,96,-0.3500000000000001,4.050000000000001,-0.08130096399638853,0.028496873023214353
16,96,-0.30000000000000004,4.050000000000001,-0.11547983484399088,0.02554101617873089
17,96,-0.25,4.050000000000001,-0.12711985011497007,0.025313262682262472
18,96,-0.20000000000000007,4.050000000000001,-0.1161422226461084,0.027768006571703974
19,96,-0.15000000000000002,4.050000000000001,-0.09524011160667256,0.03100191555625964
20,96,-0.10000000000000009,4.050000000000001,-0.07476994997059977,0.03336850333206215
21,96,-0.050000000000000044,4.050000000000001,-0.056655242707757125,0.03495902156967656
22,96,0.0,4.050000000000001,-0.03814448042024243,0.03614188126942808
23,96,0.050000000000000044,4.050000000000001,-0.01733695918806233,0.03576983243299192
24,96,0.10000000000000009,4.050000000000001,0.001364020696245638,0.03198101566548539
25,96,0.1499999999999999,4.050000000000001,0.007824767605867367,0.02550923171259878
26,96,0.19999999999999996,4.050000000000001,-0.0003891395904304096,0.021441463423431117
27,96,0.25,4.050000000000001,-0.008803450361314358,0.02468573964189924
28,96,0.30000000000000004,4.050000000000001,-0.0007916236196783832,0.03374929330072718
29,96,0.3500000000000001,4.050000000000001,0.024081927063905606,0.04262515620115842
30,96,0.3999999999999999,4.050000000000001,0.05375749434784166,0.047496040580914944
31,96,0.44999999999999996,4.050000000000001,0.07656390825877851,0.048429670934024005
32,96,0.5,4.050000000000001,0.08543508475494316,0.047220191189922545
33,96,0.55,4.050000000000001,0.0771902949397546,0.045943411699561065
34,96,0.6000000000000001,4.050000000000001,0.05482206573114712,0.04597015707777624
35,96,0.6499999999999999,4.050000000000001,0.029173439150350644,0.047290208898723984
36,96,0.7,4.050000000000001,0.01116226875021109,0.04900532520386913
37,96,0.75,4.050000000000001,0.0049958038337882815,0.050413784815279694
0,97,-1.1,4.1000000000000005,-0.05986472338785853,0.05172338840894408
1,97,-1.05,4.1000000000000005,-0.07174278746037044,0.04721325115165237
2,97,-1.0,4.1000000000000005,-0.08777340725784927,0.04251661795174111
3,97,-0.9500000000000001,4.1000000000000005,-0.08525867154775713,0.04081428477783006
4,97,-0.9000000000000001,4.1000000000000005,-0.0661990247942032,0.04628286612176902
5,97,-0.8500000000000001,4.1000000000000005,-0.04316773192444251,0.05851342964023426
6,97,-0.8,4.1000000000000005,-0.02867772697225962,0.07088722822694848
7,97,-0.75,4.1000000000000005,-0.027455293570798622,0.07655204926289377
8,97,-0.7000000000000001,4.1000000000000005,-0.03382479787736842,0.07439362037552355
9,97,-0.6500000000000001,4.1000000000000005,-0.037618032855204486,0.06869998075225148
10,97,-0.6000000000000001,4.1000000000000005,-0.033481423745233,0.06389004848047636
11,97,-0.55,4.1000000000000005,-0.023905518411749815,0.0607234659149139
12,97,-0.5,4.1000000000000005,-0.01705312561363692,0.057016117921914466
13,97,-0.45000000000000007,4.1000000000000005,-0.023275384218583717,0.05080955849782326
14,97,-0.4,4.1000000000000005,-0.048920546309538515,0.042403236531945165
15,97,-0.3500000000000001,4.1000000000000005,-0.0873938231255017,0.03362908946662052
16,97,-0.30000000000000004,4.1000000000000005,-0.11883077213206444,0.026611169803364143
17,97,-0.25,4.1000000000000005,-0.12672435941657595,0.023355459702987247
18,97,-0.20000000000000007,4.1000000000000005,-0.11310705647586822,0.02440756624277507
19,97,-0.15000000000000002,4.1000000000000005,-0.09184036377727856,0.02768997383230748
20,97,-0.10000000000000009,4.1000000000000005,-0.07222344733399527,0.03066841334932402
21,97,-0.050000000000000044,4.1000000000000005,-0.05485623492652969,0.032887848311622114
22,97,0.0,4.1000000000000005,-0.03756244011128701,0.03475223438323183
23,97,0.050000000000000044,4.1000000000000005,-0.019685791271815967,0.03502175653464973
24,97,0.10000000000000009,4.1000000000000005,-0.004306020272536182,0.03156339487481091
25,97,0.1499999999999999,4.1000000000000005,0.0025868978436102696,0.025452785381078757
26,97,0.19999999999999996,4.1000000000000005,0.00025821576960766146,0.022430925333082607
27,97,0.25,4.1000000000000005,-0.0013740502953404898,0.026856299589045618
28,97,0.30000000000000004,4.1000000000000005,0.00866468160162892,0.0360842794216551
29,97,0.3500000000000001,4.1000000000000005,0.03053012115851156,0.044280135899919804
30,97,0.3999999999999999,4.1000000000000005,0.055546192719222176,0.048198902986484604
31,97,0.44999999999999996,4.1000000000000005,0.07478301943040722,0.04766073007880872
32,97,0.5,4.1000000000000005,0.08247578930581312,0.04468270697794957
33,97,0.55,4.1000000000000005,0.07544956289479016,0.042477893162933544
34,97,0.6000000000000001,4.1000000000000005,0.05531187271261534,0.04297123002018538
35,97,0.6499999999999999,4.1000000000000005,0.03120413159117097,0.0455263966392469
36,97,0.7,4.1000000000000005,0.013444250182703676,0.04842662011820764
37,97,0.75,4.1000000000000005,0.007106323170560924,0.05065021199196079
0,98,-1.1,4.15,-0.05988426613191822,0.016255378654725372
1,98,-1.05,4.15,-0.07076941325884378,0.020269652531671456
2,98,-1.0,4.15,-0.08375256111363416,0.027468312042167042
3,98,-0.9500000000000001,4.15,-0.07596895042333268,0.03874185954028109
4,98,-0.9000000000000001,4.15,-0.051522841781222184,0.05420029921525876
5,98,-0.8500000000000001,4.15,-0.02772624974760024,0.07044442599533435
6,98,-0.8,4.15,-0.01890423415399023,0.08158014968763977
7,98,-0.75,4.15,-0.025851752761542335,0.08495281872453242
8,98,-0.7000000000000001,4.15,-0.03751484106033376,0.08323696572188788
9,98,-0.6500000000000001,4.15,-0.04209868043939108,0.08048521334859893
10,98,-0.6000000000000001,4.15,-0.03673664932908577,0.07833314855324625
11,98,-0.55,4.15,-0.027221658260052906,0.07588750979682757
12,98,-0.5,4.15,-0.022776008598003605,0.07118897151327269
13,98,-0.45000000000000007,4.15,-0.03206822319255065,0.06312020709832139
14,98,-0.4,4.15,-0.05927782827536199,0.05261447309856643
15,98,-0.3500000000000001,4.15,-0.09709303072496955,0.04154883628202377
16,98,-0.30000000000000004,4.15,-0.12575346460762415,0.031672019638522564
17,98,-0.25,4.15,-0.12932345367555914,0.02526713687570431
18,98,-0.20000000000000007,4.15,-0.11180770851678817,0.02389995596830924
19,98,-0.15000000000000002,4.15,-0.08897926450012361,0.025991040141459254
20,98,-0.10000000000000009,4.15,-0.06957207549128513,0.02863650427145592
21,98,-0.050000000000000044,4.15,-0.05257142167384932,0.030875740309871946
22,98,0.0,4.15,-0.03601057219721482,0.03303900121887832
23,98,0.050000000000000044,4.15,-0.020525798696483244,0.03426218325330577
24,98,0.10000000000000009,4.15,-0.008204950457325333,0.03274835503508905
25,98,0.1499999999999999,4.15,-0.0013077019358609387,0.028941254889651158
26,98,0.19999999999999996,4.15,0.001014374617536451,0.026828755117078995
27,98,0.25,4.15,0.004849903727258131,0.029732861842486358
28,98,0.30000000000000004,4.15,0.016632212691195802,0.03632337085043347
29,98,0.3500000000000001,4.15,0.036196550628735114,0.04298505316383122
30,98,0.3999999999999999,4.15,0.05713808852673058,0.047116125301401024
31,98,0.44999999999999996,4.15,0.07304771225024348,0.04786041139855507
32,98,0.5,4.15,0.08025224783906798,0.04705486432130673
33,98,0.55,4.15,0.07547881798199041,0.04818014631563783
34,98,0.6000000000000001,4.15,0.057870569207460476,0.05232691708356246
35,98,0.6499999999999999,4.15,0.034628829248372905,0.057245711922674636
36,98,0.7,4.15,0.01628608410292498,0.06080161506848508
37,98,0.75,4.15,0.009442987581294582,0.06278706617703494
0,99,-1.1,4.2,-0.051836175633966364,0.01499581980080128
1,99,-1.05,4.2,-0.06052985407292877,0.02647373849735124
2,99,-1.0,4.2,-0.06930120024923964,0.042322849297916354
3,99,-0.9500000000000001,4.2,-0.058526684374665405,0.06015426659848694
4,99,-0.9000000000000001,4.2,-0.03449645833914994,0.07586736301226166
5,99,-0.8500000000000001,4.2,-0.015787881452061503,0.08540351552698888
6,99,-0.8,4.2,-0.014169334243061549,0.08748175591975771
7,99,-0.75,4.2,-0.025798477536550513,0.08571262327758011
8,99,-0.7000000000000001,4.2,-0.03829240325330191,0.08532414172489122
9,99,-0.6500000000000001,4.2,-0.04252185002384612,0.08723934342540735
10,99,-0.6000000000000001,4.2,-0.038079127297004356,0.08821857667243638
11,99,-0.55,4.2,-0.03104969545172337,0.08565502223382343
12,99,-0.5,4.2,-0.0298204283121431,0.07937411259004379
13,99,-0.45000000000000007,4.2,-0.04184988263328998,0.07034522130563853
14,99,-0.4,4.2,-0.07049191712583613,0.059607856299539186
15,99,-0.3500000000000001,4.2,-0.10833627658554557,0.04789126441659075
16,99,-0.30000000000000004,4.2,-0.1351124715383839,0.03641411859407223
17,99,-0.25,4.2,-0.13449642308678927,0.028049725781574275
18,99,-0.20000000000000007,4.2,-0.11238315321011327,0.025052778078894777
19,99,-0.15000000000000002,4.2,-0.08710381547413187,0.026082290639774797
20,99,-0.10000000000000009,4.2,-0.06733874716558258,0.0282119207703313
21,99,-0.050000000000000044,4.2,-0.050453737979107294,0.030160255868856845
22,99,0.0,4.2,-0.03417599716785319,0.03198592108555831
23,99,0.050000000000000044,4.2,-0.019976437455605234,0.033319421631632096
24,99,0.10000000000000009,4.2,-0.00962694863619079,0.03324986280188541
25,99,0.1499999999999999,4.2,-0.003332702074399785,0.031835629134140675
26,99,0.19999999999999996,4.2,0.0010498227224428613,0.03090044011311327
27,99,0.25,4.2,0.008120565438013982,0.03234223763289551
28,99,0.30000000000000004,4.2,0.021916872922973785,0.03619543946684234
29,99,0.3500000000000001,4.2,0.041322875609479115,0.041182248317347125
30,99,0.3999999999999999,4.2,0.060421550953946024,0.045745278008876844
31,99,0.44999999999999996,4.2,0.07472175845031293,0.04903848274448147
32,99,0.5,4.2,0.08279552422289588,0.052692662976336624
33,99,0.55,4.2,0.08072161565704589,0.059567263368084655
34,99,0.6000000000000001,4.2,0.06437743831965215,0.06902478595523204
35,99,0.6499999999999999,4.2,0.03967882957609359,0.0768613825517045
36,99,0.7,4.2,0.018985604437063985,0.08080814314089912
37,99,0.75,4.2,0.01107722538766065,0.0820147655574241
0,100,-1.1,4.25,-0.0369284287388183,0.04444615781855871
1,100,-1.05,4.25,-0.04344238376172871,0.06098884443851843
2,100,-1.0,4.25,-0.05007203301249846,0.08115237622454224
3,100,-0.9500000000000001,4.25,-0.04242443670898738,0.09864149193516192
4,100,-0.9000000000000001,4.25,-0.02627359285272024,0.10653683773967665
5,100,-0.8500000000000001,4.25,-0.01611185684010419,0.1035154326994911
6,100,-0.8,4.25,-0.018595126403398998,0.0947303324883933
7,100,-0.75,4.25,-0.02800936695640882,0.08793561255278998
8,100,-0.7000000000000001,4.25,-0.03598812091250653,0.0877066575026822
9,100,-0.6500000000000001,4.25,-0.039204245491845924,0.09167315031609002
10,100,-0.6000000000000001,4.25,-0.038320970520669684,0.09387671285270183
11,100,-0.55,4.25,-0.036066122342445495,0.09099687037490256
12,100,-0.5,4.25,-0.03808580952618851,0.08383293199524772
13,100,-0.45000000000000007,4.25,-0.05183447948305525,0.07434469986306425
14,100,-0.4,4.25,-0.08173178516440976,0.06323867036479885
15,100,-0.3500000000000001,4.25,-0.12028676843043651,0.05062632266864514
16,100,-0.30000000000000004,4.25,-0.14559500324264063,0.03816783921379768
17,100,-0.25,4.25,-0.1406847941907366,0.02928650443080799
18,100,-0.20000000000000007,4.25,-0.11377514365858765,0.02586911324934632
19,100,-0.15000000000000002,4.25,-0.08582012180868709,0.026296067514099963
20,100,-0.10000000000000009,4.25,-0.06549411026220309,0.027968191969534595
21,100,-0.050000000000000044,4.25,-0.048797421358622306,0.02963209035054787
22,100,0.0,4.25,-0.03285140643443957,0.031017777989439943
23,100,0.050000000000000044,4.25,-0.019261856980156145,0.03198426741579524
24,100,0.10000000000000009,4.25,-0.009688742954816754,0.03241552949594606
25,100,0.1499999999999999,4.25,-0.003657124624633079,0.03258611900045838
26,100,0.19999999999999996,4.25,0.0015209831162912857,0.033282211968158615
27,100,0.25,4.25,0.0101449030809872,0.03517728517639651
28,100,0.30000000000000004,4.25,0.025472223375647418,0.03821972457139139
29,100,0.3500000000000001,4.25,0.04574638917076962,0.0419477599863774
30,100,0.3999999999999999,4.25,0.06499432295386492,0.045937960586977244
31,100,0.44999999999999996,4.25,0.07999509721770326,0.05047446272032741
32,100,0.5,4.25,0.09078102846267116,0.05759497632506161
33,100,0.55,4.25,0.09181094096088582,0.06939476406532724
34,100,0.6000000000000001,4.25,0.07516468839108031,0.08340831020859002
35,100,0.6499999999999999,4.25,0.04641218643403999,0.09367759837125372
36,100,0.7,4.25,0.021439467108644583,0.09787086266513284
37,100,0.75,4.25,0.011856232414344525,0.09833671692845658
0,101,-1.1,4.300000000000001,-0.018750802394046917,0.08093134678850006
1,101,-1.05,4.300000000000001,-0.02382363566694523,0.09710417337721128
2,101,-1.0,4.300000000000001,-0.03164855275259615,0.11557716099487081
3,101,-0.9500000000000001,4.300000000000001,-0.033142222859531,0.12850433172024722
4,101,-0.9000000000000001,4.300000000000001,-0.02962251757482076,0.12874413870748502
5,101,-0.8500000000000001,4.300000000000001,-0.027594386703344853,0.11777238819281666
6,101,-0.8,4.300000000000001,-0.029749154389762666,0.10397578203818786
7,101,-0.75,4.300000000000001,-0.032822152522261616,0.09488689069238443
8,101,-0.7000000000000001,4.300000000000001,-0.03455486549000186,0.09248827001331394
9,101,-0.6500000000000001,4.300000000000001,-0.03635179467382649,0.09383647673248868
10,101,-0.6000000000000001,4.300000000000001,-0.03875540723819182,0.09472301558545088
11,101,-0.55,4.300000000000001,-0.04109347630917748,0.0924842210168153
12,101,-0.5,4.300000000000001,-0.046472598823981415,0.0866388343196231
13,101,-0.45000000000000007,4.300000000000001,-0.06244414426373884,0.07771873704776444
14,101,-0.4,4.300000000000001,-0.09421029432025524,0.06602041182353913
15,101,-0.3500000000000001,4.300000000000001,-0.13340710773654674,0.05239560981000008
16,101,-0.30000000000000004,4.300000000000001,-0.15645228977622105,0.039467256335353196
17,101,-0.25,4.300000000000001,-0.14679514905124064,0.030466532593120543
18,101,-0.20000000000000007,4.300000000000001,-0.1153735901268213,0.026436705609579336
19,101,-0.15000000000000002,4.300000000000001,-0.0850047367539436,0.02578729927587925
20,101,-0.10000000000000009,4.300000000000001,-0.06400272432913467,0.02662139869100577
21,101,-0.050000000000000044,4.300000000000001,-0.047404151959201946,0.027988805823580265
22,101,0.0,4.300000000000001,-0.031823820102605815,0.02940254706222223
23,101,0.050000000000000044,4.300000000000001,-0.018578685949099116,0.03058675959836027
24,101,0.10000000000000009,4.300000000000001,-0.009025097051527653,0.031638866980932545
25,101,0.1499999999999999,4.300000000000001,-0.0024660196021872305,0.033068607134190686
26,101,0.19999999999999996,4.300000000000001,0.0036409888983809924,0.03545448575569543
27,101,0.25,4.300000000000001,0.013058078041246757,0.038784173745305406
28,101,0.30000000000000004,4.300000000000001,0.02868734773295467,0.04222896482763555
29,101,0.3500000000000001,4.300000000000001,0.04904111162506497,0.04498829596331522
30,101,0.3999999999999999,4.300000000000001,0.06894825368789603,0.047332767568753764
31,101,0.44999999999999996,4.300000000000001,0.08637877418839729,0.05096299562067613
32,101,0.5,4.300000000000001,0.10171582556789571,0.05869676409468255
33,101,0.55,4.300000000000001,0.1065349495405743,0.07210889170003482
34,101,0.6000000000000001,4.300000000000001,0.08866027262557863,0.0875915044540368
35,101,0.6499999999999999,4.300000000000001,0.05414138203263641,0.09847518381652681
36,101,0.7,4.300000000000001,0.023644722994266842,0.10256299125432772
37,101,0.75,4.300000000000001,0.012008933914308129,0.10268424825089106
0,102,-1.1,4.3500000000000005,-0.004582775561395858,0.0984195576240035
1,102,-1.05,4.3500000000000005,-0.008796569555357958,0.10834981938279309
2,102,-1.0,4.3500000000000005,-0.018671874669462518,0.12000822586480747
3,102,-0.9500000000000001,4.3500000000000005,-0.029257458996373165,0.12793707959805556
4,102,-0.9000000000000001,4.3500000000000005,-0.037005536380150805,0.12656503816082243
5,102,-0.8500000000000001,4.3500000000000005,-0.04088021350940135,0.11661766912979044
6,102,-0.8,4.3500000000000005,-0.041480623903831226,0.10468249422270454
7,102,-0.75,4.3500000000000005,-0.039496878981282735,0.0963292799627008
8,102,-0.7000000000000001,4.3500000000000005,-0.03703853487240227,0.09216213112153981
9,102,-0.6500000000000001,4.3500000000000005,-0.03696949991970899,0.09048740125664395
10,102,-0.6000000000000001,4.3500000000000005,-0.03967322623634306,0.09004878179630332
11,102,-0.55,4.3500000000000005,-0.04415030360827327,0.08925283087045682
12,102,-0.5,4.3500000000000005,-0.05285129349523937,0.08608801748790418
13,102,-0.45000000000000007,4.3500000000000005,-0.07245290197913923,0.07936459341255864
14,102,-0.4,4.3500000000000005,-0.10705491240217413,0.06911300191508568
15,102,-0.3500000000000001,4.3500000000000005,-0.14683992391862244,0.0566679491214947
16,102,-0.30000000000000004,4.3500000000000005,-0.16752408045952016,0.044365959522047194
17,102,-0.25,4.3500000000000005,-0.15371534491651045,0.03451645941187326
18,102,-0.20000000000000007,4.3500000000000005,-0.11845437697582895,0.028292504123575146
19,102,-0.15000000000000002,4.3500000000000005,-0.08563542872726065,0.025344934350208514
20,102,-0.10000000000000009,4.3500000000000005,-0.06329260371450207,0.02474566658537125
21,102,-0.050000000000000044,4.3500000000000005,-0.04601627298740585,0.0258319765348905
22,102,0.0,4.3500000000000005,-0.030253452659659563,0.027954807870721188
23,102,0.050000000000000044,4.3500000000000005,-0.017025537061445828,0.030437367164450058
24,102,0.10000000000000009,4.3500000000000005,-0.0072068954189863366,0.032998096376962716
25,102,0.1499999999999999,4.3500000000000005,0.0001584941501298065,0.035877305593426945
26,102,0.19999999999999996,4.3500000000000005,0.007236549727406005,0.03939393484743092
27,102,0.25,4.3500000000000005,0.01691938215292732,0.04331273169650207
28,102,0.30000000000000004,4.3500000000000005,0.03167634559365723,0.046600701792355315
29,102,0.3500000000000001,4.3500000000000005,0.05085019191188783,0.04826964023701086
30,102,0.3999999999999999,4.3500000000000005,0.07096902261122584,0.048812892536153896
31,102,0.44999999999999996,4.3500000000000005,0.09135909374363205,0.05053847230342218
32,102,0.5,4.3500000000000005,0.11192692454202985,0.056307922454253145
33,102,0.55,4.3500000000000005,0.12070568132024007,0.06707083022384513
34,102,0.6000000000000001,4.3500000000000005,0.10153098050757231,0.07949115459964601
35,102,0.6499999999999999,4.3500000000000005,0.061383673234330915,0.08827916341927172
36,102,0.7,4.3500000000000005,0.025648531543008835,0.09180642681619278
37,102,0.75,4.3500000000000005,0.012098746407471217,0.09223681062247108
0,103,-1.1,4.4,0.001109721123532248,0.09029998515743876
1,103,-1.05,4.4,-0.0022349674261412655,0.09312546401747279
2,103,-1.0,4.4,-0.012061292537333679,0.09778537731884557
3,103,-0.9500000000000001,4.4,-0.026585410563516043,0.10248167868375735
4,103,-0.9000000000000001,4.4,-0.040941928043085885,0.10324493173703764
5,103,-0.8500000000000001,4.4,-0.049476930641462746,0.09792361995511478
6,103,-0.8,4.4,-0.050037543556852304,0.08972324821857752
7,103,-0.75,4.4,-0.04534251562342634,0.08365119659512588
8,103,-0.7000000000000001,4.4,-0.04039674419605871,0.08093339066030936
9,103,-0.6500000000000001,4.4,-0.03846514399906298,0.08017462954212878
10,103,-0.6000000000000001,4.4,-0.03998997762437895,0.08047705720596321
11,103,-0.55,4.4,-0.045054240617576624,0.08081502841912919
12,103,-0.5,4.4,-0.0563608362818796,0.07952932333705781
13,103,-0.45000000000000007,4.4,-0.07941915983655734,0.07555418289491383
14,103,-0.4,4.4,-0.11690693861131918,0.06887228099044657
15,103,-0.3500000000000001,4.4,-0.15815415012958522,0.0600494689753317
16,103,-0.30000000000000004,4.4,-0.1786037794858425,0.04981951817724123
17,103,-0.25,4.4,-0.16286860444971268,0.0394405998854791
18,103,-0.20000000000000007,4.4,-0.12454511518848604,0.03091919839811802
19,103,-0.15000000000000002,4.4,-0.0885515742921475,0.025638418916469896
20,103,-0.10000000000000009,4.4,-0.06351568214445269,0.02371762014458434
21,103,-0.050000000000000044,4.4,-0.04419501067385201,0.024774119970208397
22,103,0.0,4.4,-0.027218429473046257,0.028101142230386733
23,103,0.050000000000000044,4.4,-0.013535397442857589,0.0326880299358881
24,103,0.10000000000000009,4.4,-0.003585158622550766,0.03762003620232768
25,103,0.1499999999999999,4.4,0.0039298188682809765,0.04230032054780564
26,103,0.19999999999999996,4.4,0.011076415001456119,0.04634497162875478
27,103,0.25,4.4,0.02026484498617115,0.049533257068732905
28,103,0.30000000000000004,4.4,0.03364425627346346,0.05155528955996358
29,103,0.3500000000000001,4.4,0.05125330236886355,0.05202268355772116
30,103,0.3999999999999999,4.4,0.07121708575430735,0.05143023322031898
31,103,0.44999999999999996,4.4,0.09387380410649654,0.051550570302790755
32,103,0.5,4.4,0.11824818348831867,0.05403934841650526
33,103,0.55,4.4,0.12971818168596716,0.05894920599305936
34,103,0.6000000000000001,4.4,0.10986860582100522,0.06466224075604654
35,103,0.6499999999999999,4.4,0.06645665424918318,0.0691868822521402
36,103,0.7,4.4,0.027602370197466197,0.07178406098526796
37,103,0.75,4.4,0.01286970152686473,0.0729901535426386
0,104,-1.1,4.45,0.0010681821586722151,0.07088543495296584
1,104,-1.05,4.45,-0.0013111773939511462,0.07029995079717133
2,104,-1.0,4.45,-0.009315660003177961,0.07124321590101179
3,104,-0.9500000000000001,4.45,-0.023797904578181095,0.07370126800327892
4,104,-0.9000000000000001,4.45,-0.04156359510879337,0.07493166924441463
5,104,-0.8500000000000001,4.45,-0.05440189702786147,0.07178504849430306
6,104,-0.8,4.45,-0.05575304726382013,0.06577282613931035
7,104,-0.75,4.45,-0.0482867365395509,0.061787907192284164
8,104,-0.7000000000000001,4.45,-0.040515101925399366,0.06164533103957204
9,104,-0.6500000000000001,4.45,-0.03742583337405514,0.06333228029251486
10,104,-0.6000000000000001,4.45,-0.03903282735934266,0.0649774159498448
11,104,-0.55,4.45,-0.045098037477178665,0.065883174064848
12,104,-0.5,4.45,-0.05811213901945472,0.06552772079471497
13,104,-0.45000000000000007,4.45,-0.08310994432575047,0.06362877106027509
14,104,-0.4,4.45,-0.12255962632175627,0.06022497525717985
15,104,-0.3500000000000001,4.45,-0.16589268673182778,0.05528868070984766
16,104,-0.30000000000000004,4.45,-0.18813294954937276,0.04858668652059139
17,104,-0.25,4.45,-0.17261566469563366,0.04041311056093899
18,104,-0.20000000000000007,4.45,-0.13225655794483815,0.0324201647305028
19,104,-0.15000000000000002,4.45,-0.09283700698079433,0.026639079823089495
20,104,-0.10000000000000009,4.45,-0.06415690266076357,0.02419804925715585
21,104,-0.050000000000000044,4.45,-0.041632750901603455,0.025282320102993083
22,104,0.0,4.45,-0.022339542693979864,0.029477336072175342
23,104,0.050000000000000044,4.45,-0.007506643089504883,0.03591382202288301
24,104,0.10000000000000009,4.45,0.0024053951929312034,0.043248650100423947
25,104,0.1499999999999999,4.45,0.008883429576556912,0.049870708065471725
26,104,0.19999999999999996,4.45,0.014469486248333274,0.05446243282824642
27,104,0.25,4.45,0.022129700084136117,0.05677357558695029
28,104,0.30000000000000004,4.45,0.034165772082645485,0.05749155457280192
29,104,0.3500000000000001,4.45,0.05072513557224323,0.05720525607988525
30,104,0.3999999999999999,4.45,0.07049690935629543,0.056347091049830655
31,104,0.44999999999999996,4.45,0.09396820893981833,0.055610086567050854
32,104,0.5,4.45,0.11932556023229846,0.05510789454255122
33,104,0.55,4.45,0.13132857365978134,0.054233640699692665
34,104,0.6000000000000001,4.45,0.11176865676665315,0.053310618878649185
35,104,0.6499999999999999,4.45,0.06850549346355234,0.05347631319507551
36,104,0.7,4.45,0.029451802833507235,0.05477272015168483
37,104,0.75,4.45,0.0145109315222125,0.0562794643344075
0,105,-1.1,4.5,-6.124718805677887e-05,0.054863466529320726
1,105,-1.05,4.5,-0.0018771864780953162,0.05371777185818605
2,105,-1.0,4.5,-0.008659975331226089,0.05270060049889891
3,105,-0.9500000000000001,4.5,-0.0228969572201132,0.05163690599183868
4,105,-0.9000000000000001,4.5,-0.04285814755206174,0.04953621806651709
5,105,-0.8500000000000001,4.5,-0.05863577374656703,0.04564825429782593
6,105,-0.8,4.5,-0.0600346848588712,0.041244227007103396
7,105,-0.75,4.5,-0.04947001072316465,0.03883894755400519
8,105,-0.7000000000000001,4.5,-0.03885237109582801,0.03920748759857595
9,105,-0.6500000000000001,4.5,-0.03513305908879022,0.04096404539110088
10,105,-0.6000000000000001,4.5,-0.03743908385204581,0.04292276999811162
11,105,-0.55,4.5,-0.04450393577270645,0.0446780722165005
12,105,-0.5,4.5,-0.058615239286452514,0.045703054258452724
13,105,-0.45000000000000007,4.5,-0.08472190537409247,0.04559165777154123
14,105,-0.4,4.5,-0.1252470289617466,0.04441954405278059
15,105,-0.3500000000000001,4.5,-0.16979243886617368,0.042569315434892174
16,105,-0.30000000000000004,4.5,-0.19347934963475116,0.040131417507023315
17,105,-0.25,4.5,-0.17903512623980128,0.03663484790328436
18,105,-0.20000000000000007,4.5,-0.13831914592633554,0.03215070885975224
19,105,-0.15000000000000002,4.5,-0.09677368976549444,0.02808873811134066
20,105,-0.10000000000000009,4.5,-0.0648724418645491,0.02618893994684207
21,105,-0.050000000000000044,4.5,-0.03891572385883252,0.02724756934889716
22,105,0.0,4.5,-0.016586927553156328,0.03130563126543501
23,105,0.050000000000000044,4.5,0.00023591658539101612,0.03796262377990356
24,105,0.10000000000000009,4.5,0.010371727420037946,0.045903062286866414
25,105,0.1499999999999999,4.5,0.015143601596103451,0.053126785231304985
26,105,0.19999999999999996,4.5,0.01797928252293468,0.05803742330531603
27,105,0.25,4.5,0.023293966730726645,0.06042869130291506
28,105,0.30000000000000004,4.5,0.03407593676639842,0.06134015854653535
29,105,0.3500000000000001,4.5,0.05010883884589229,0.06166161696817135
30,105,0.3999999999999999,4.5,0.06962191624147296,0.06150811026157749
31,105,0.44999999999999996,4.5,0.0926346075992171,0.060786038777645435
32,105,0.5,4.5,0.11687173762096048,0.05909611771549639
33,105,0.55,4.5,0.12792090602206513,0.05590296697521535
34,105,0.6000000000000001,4.5,0.10911127831638806,0.052058811627463675
35,105,0.6499999999999999,4.5,0.06791875552221882,0.04947371250205973
36,105,0.7,4.5,0.03040552133679819,0.04872499508420447
37,105,0.75,4.5,0.01588318989231008,0.048931181754079955
0,106,-1.1,4.550000000000001,-0.0012232071835971414,0.044968503228188794
1,106,-1.05,4.550000000000001,-0.0034740434243729634,0.04320163844976077
2,106,-1.0,4.550000000000001,-0.011396525869525331,0.03935114427365993
3,106,-0.9500000000000001,4.550000000000001,-0.026962287010562913,0.03275604698783241
4,106,-0.9000000000000001,4.550000000000001,-0.04755224680280612,0.02514897559204865
5,106,-0.8500000000000001,4.550000000000001,-0.06269388808727516,0.019915868420161686
6,106,-0.8,4.550000000000001,-0.06256235400764087,0.018065685222063976
7,106,-0.75,4.550000000000001,-0.050323475948078344,0.017681197290392858
8,106,-0.7000000000000001,4.550000000000001,-0.038390004088303675,0.01756099440063913
9,106,-0.6500000000000001,4.550000000000001,-0.03371055097451947,0.018336572365879045
10,106,-0.6000000000000001,4.550000000000001,-0.03531880053394304,0.020611931548802365
11,106,-0.55,4.550000000000001,-0.04231775321683756,0.023710541276618646
12,106,-0.5,4.550000000000001,-0.05719855346441399,0.026364202401802928
13,106,-0.45000000000000007,4.550000000000001,-0.08439345453142261,0.028047185125498197
14,106,-0.4,4.550000000000001,-0.12558196865840532,0.028952867781583125
15,106,-0.3500000000000001,4.550000000000001,-0.17018081327758505,0.029560976903856562
16,106,-0.30000000000000004,4.550000000000001,-0.19406741708098058,0.03022244221083159
17,106,-0.25,4.550000000000001,-0.18059637334290474,0.030575198847870855
18,106,-0.20000000000000007,4.550000000000001,-0.14080266773678185,0.03008286793606596
19,106,-0.15000000000000002,4.550000000000001,-0.0987987758937045,0.0292768292480855
20,106,-0.10000000000000009,4.550000000000001,-0.06499807142320707,0.029433551129111057
21,106,-0.050000000000000044,4.550000000000001,-0.03651605958301052,0.03120682601521957
22,106,0.0,4.550000000000001,-0.011624488262973465,0.0346455880795804
23,106,0.050000000000000044,4.550000000000001,0.007090787931926523,0.03954897971649801
24,106,0.10000000000000009,4.550000000000001,0.01756955664433263,0.04502965038747864
25,106,0.1499999999999999,4.550000000000001,0.021017790595006525,0.049909917149045246
26,106,0.19999999999999996,4.550000000000001,0.02177139231994335,0.053734467869383795
27,106,0.25,4.550000000000001,0.02543243532535544,0.05684672347807063
28,106,0.30000000000000004,4.550000000000001,0.035398697747901775,0.05972556162346321
29,106,0.3500000000000001,4.550000000000001,0.050893087287285366,0.062254002427249155
30,106,0.3999999999999999,4.550000000000001,0.06962133116576952,0.06366591311055825
31,106,0.44999999999999996,4.550000000000001,0.09155621639373723,0.06349877840490764
32,106,0.5,4.550000000000001,0.11444248842986837,0.06196131370001884
33,106,0.55,4.550000000000001,0.12429126757174863,0.05915924844651255
34,106,0.6000000000000001,4.550000000000001,0.10533940229349753,0.055165884865925885
35,106,0.6499999999999999,4.550000000000001,0.06517167692029313,0.05085458337204002
36,106,0.7,4.550000000000001,0.02890927208552746,0.047372279197671896
37,106,0.75,4.550000000000001,0.014923304861963471,0.045109038764533094
0,107,-1.1,4.6000000000000005,-0.0035949767449128256,0.03808826529290987
1,107,-1.05,4.6000000000000005,-0.007494545432624178,0.03528304867908283
2,107,-1.0,4.6000000000000005,-0.01910556679315445,0.028679515279367296
3,107,-0.9500000000000001,4.6000000000000005,-0.03709912590172448,0.01767986895952034
4,107,-0.9000000000000001,4.6000000000000005,-0.055698326119732466,0.006353430376397351
5,107,-0.8500000000000001,4.6000000000000005,-0.0657190641165517,0.0007678295260848955
6,107,-0.8,4.6000000000000005,-0.06226935598864003,0.0012053703094450086
7,107,-0.75,4.6000000000000005,-0.049974701544589495,0.002644244699631648
8,107,-0.7000000000000001,4.6000000000000005,-0.03819699602034182,0.0029036999744430636
9,107,-0.6500000000000001,4.6000000000000005,-0.032082121940626984,0.004009898314021321
10,107,-0.6000000000000001,4.6000000000000005,-0.032065114941306205,0.007071237894250293
11,107,-0.55,4.6000000000000005,-0.038751664919705886,0.010698220756776844
12,107,-0.5,4.6000000000000005,-0.05427859543757296,0.013663800995713515
13,107,-0.45000000000000007,4.6000000000000005,-0.08213323999431227,0.01631925896164621
14,107,-0.4,4.6000000000000005,-0.12373323718338824,0.019018199250547818
15,107,-0.3500000000000001,4.6000000000000005,-0.1685228644369252,0.021204558630750492
16,107,-0.30000000000000004,4.6000000000000005,-0.19246512769073687,0.02265622705443754
17,107,-0.25,4.6000000000000005,-0.1791747005145669,0.024117667419319422
18,107,-0.20000000000000007,4.6000000000000005,-0.1396175155261209,0.026261500445945163
19,107,-0.15000000000000002,4.6000000000000005,-0.09742300657244934,0.029144840283903684
20,107,-0.10000000000000009,4.6000000000000005,-0.06294244509741503,0.03259771639863074
21,107,-0.050000000000000044,4.6000000000000005,-0.03370368690836317,0.036217408453020905
22,107,0.0,4.6000000000000005,-0.008244773851877885,0.039432138226744295
23,107,0.050000000000000044,4.6000000000000005,0.01061997889328925,0.041854511962507446
24,107,0.10000000000000009,4.6000000000000005,0.02073266485258518,0.043351718550113105
25,107,0.1499999999999999,4.6000000000000005,0.02384841907800861,0.04436672988211071
26,107,0.19999999999999996,4.6000000000000005,0.02491608885196006,0.04620448955900025
27,107,0.25,4.6000000000000005,0.029285060484806058,0.04987125776044127
28,107,0.30000000000000004,4.6000000000000005,0.03948321571557695,0.05485377505343447
29,107,0.3500000000000001,4.6000000000000005,0.05404919033298733,0.059539912626287994
30,107,0.3999999999999999,4.6000000000000005,0.07086669221913144,0.06216746866942596
31,107,0.44999999999999996,4.6000000000000005,0.09093000818867769,0.06178324752701525
32,107,0.5,4.6000000000000005,0.11253220766256539,0.05872014780589907
33,107,0.55,4.6000000000000005,0.12112547718797217,0.05361818342662472
34,107,0.6000000000000001,4.6000000000000005,0.10080661324191553,0.047036951149479755
35,107,0.6499999999999999,4.6000000000000005,0.06012514985396483,0.040378345771691915
36,107,0.7,4.6000000000000005,0.024659976729291266,0.035263295539575135
37,107,0.75,4.6000000000000005,0.011356709026032474,0.03211876634207855
0,108,-1.1,4.65,-0.0068336404112512295,0.03232629767626782
1,108,-1.05,4.65,-0.01288279343791554,0.029865457690042563
2,108,-1.0,4.65,-0.02899970558908782,0.024066881603150292
3,108,-0.9500000000000001,4.65,-0.04928837191353286,0.014601023817653602
4,108,-0.9000000000000001,4.65,-0.06446428623624156,0.00509293518507925
5,108,-0.8500000000000001,4.65,-0.0678419481542275,0.00035326526792667234
6,108,-0.8,4.65,-0.06068593883409412,0.00014294328559649738
7,108,-0.75,4.65,-0.04862514628308029,0.00054362449526002
8,108,-0.7000000000000001,4.65,-0.037024350473914,0.0005191945279978127
9,108,-0.6500000000000001,4.65,-0.02954301305471224,0.0017519260859508168
10,108,-0.6000000000000001,4.65,-0.028630478091187517,0.004217344586002758
11,108,-0.55,4.65,-0.03572519011537434,0.006351883580940354
12,108,-0.5,4.65,-0.051577515259544626,0.007954083109490695
13,108,-0.45000000000000007,4.65,-0.0790390562765883,0.010264287894692636
14,108,-0.4,4.65,-0.12069666898930104,0.013471231607952161
15,108,-0.3500000000000001,4.65,-0.16654278547369533,0.01596742809269386
16,108,-0.30000000000000004,4.65,-0.19115430829241165,0.016991148053197846
17,108,-0.25,4.65,-0.1769910999513971,0.018297225442054643
18,108,-0.20000000000000007,4.65,-0.1357754948721976,0.021835455351300326
19,108,-0.15000000000000002,4.65,-0.09246255994101893,0.027512893759209234
20,108,-0.10000000000000009,4.65,-0.05792550325408985,0.03393983279602247
21,108,-0.050000000000000044,4.65,-0.02968163775489696,0.03961122053071808
22,108,0.0,4.65,-0.005987384753486924,0.04324925611218111
23,108,0.050000000000000044,4.65,0.011010368255295333,0.044479469305525876
24,108,0.10000000000000009,4.65,0.020081774563935895,0.044204254683181954
25,108,0.1499999999999999,4.65,0.02387056160389367,0.04393400571351125
26,108,0.19999999999999996,4.65,0.027275920198273906,0.04520137273168939
27,108,0.25,4.65,0.03408172081978966,0.048685263318122285
28,108,0.30000000000000004,4.65,0.0450673526137485,0.053451845458771796
29,108,0.3500000000000001,4.65,0.058206780903276856,0.057727397504411526
30,108,0.3999999999999999,4.65,0.07186466606649677,0.05969514296687961
31,108,0.44999999999999996,4.65,0.08810889553021034,0.05752816015026835
32,108,0.5,4.65,0.10627742432947784,0.049921887463144354
33,108,0.55,4.65,0.11260807091532932,0.03737301693996081
34,108,0.6000000000000001,4.65,0.09209956463856472,0.02367102277710531
35,108,0.6499999999999999,4.65,0.05339802131038851,0.01393412102042385
36,108,0.7,4.65,0.020649692655914098,0.009686222161449654
37,108,0.75,4.65,0.008634246466970308,0.008763629858092037
0,109,-1.1,4.7,-0.008516656717363347,0.02654841992751844
1,109,-1.05,4.7,-0.01575396150574171,0.026409375925198764
2,109,-1.0,4.7,-0.03437000066554341,0.0257687853906563
3,109,-0.9500000000000001,4.7,-0.056073072319795525,0.024341071252799162
4,109,-0.9000000000000001,4.7,-0.0699460846694594,0.022145862072714406
5,109,-0.8500000000000001,4.7,-0.07066905601603446,0.01922686361954251
6,109,-0.8,4.7,-0.06207899676130668,0.015429515143652872
7,109,-0.75,4.7,-0.04959845030218818,0.011414439064144632
8,109,-0.7000000000000001,4.7,-0.036988694429651026,0.008760801352787062
9,109,-0.6500000000000001,4.7,-0.02838397188262204,0.007882197892311316
10,109,-0.6000000000000001,4.7,-0.027465157446316668,0.007462487353249725
11,109,-0.55,4.7,-0.03501492639621795,0.006724998261534998
12,109,-0.5,4.7,-0.05036619112382068,0.006487057151163267
13,109,-0.45000000000000007,4.7,-0.0766160914958508,0.007656989400865455
14,109,-0.4,4.7,-0.11803009698538702,0.009758939843619308
15,109,-0.3500000000000001,4.7,-0.16500294799167953,0.01132886124368876
16,109,-0.30000000000000004,4.7,-0.19013533034137609,0.012176667126169438
17,109,-0.25,4.7,-0.17433039321646443,0.014208525491134216
18,109,-0.20000000000000007,4.7,-0.1304018472089663,0.019003370596281377
19,109,-0.15000000000000002,4.7,-0.0853186291277272,0.026144450206818937
20,109,-0.10000000000000009,4.7,-0.050844118325906185,0.03407592950769728
21,109,-0.050000000000000044,4.7,-0.024394263592204535,0.04105328146149473
22,109,0.0,4.7,-0.0033765250770700916,0.045793274068920975
23,109,0.050000000000000044,4.7,0.011574977464290093,0.04875561805910367
24,109,0.10000000000000009,4.7,0.020187201260570553,0.05188028373147191
25,109,0.1499999999999999,4.7,0.02484553712651605,0.055759818605392863
26,109,0.19999999999999996,4.7,0.029667346456571098,0.05893261610577072
27,109,0.25,4.7,0.03753553321188846,0.060374875588690424
28,109,0.30000000000000004,4.7,0.04852534990186619,0.06063158900939447
29,109,0.3500000000000001,4.7,0.060292487841095144,0.06058250585920577
30,109,0.3999999999999999,4.7,0.07066745486498827,0.05980510034549663
31,109,0.44999999999999996,4.7,0.08115675268494243,0.055569067650197146
32,109,0.5,4.7,0.09237706445225785,0.044075146813685184
33,109,0.55,4.7,0.09487461250193313,0.024985791121115153
34,109,0.6000000000000001,4.7,0.07736771732237857,0.005185709023818319
35,109,0.6499999999999999,4.7,0.046140349238309175,-0.006692479955552055
36,109,0.7,4.7,0.019489485566959452,-0.009524643104238117
37,109,0.75,4.7,0.009511524419317241,-0.008053003970800998
0,110,-1.1,4.75,-0.007111728415890584,0.01909459615250908
1,110,-1.05,4.75,-0.01366242797477768,0.0214313182690945
2,110,-1.0,4.75,-0.031068010261487422,0.02647154656577666
3,110,-0.9500000000000001,4.75,-0.05291129523147475,0.03412141020379955
4,110,-0.9000000000000001,4.75,-0.06957849386949821,0.04067635893050259
5,110,-0.8500000000000001,4.75,-0.07455829508328904,0.041140212530201836
6,110,-0.8,4.75,-0.068498363389492,0.0350774166981177
7,110,-0.75,4.75,-0.0552938600739461,0.027075884366989378
8,110,-0.7000000000000001,4.75,-0.04055659164574732,0.02092376552373071
9,110,-0.6500000000000001,4.75,-0.03084132705424958,0.01648245658209202
10,110,-0.6000000000000001,4.75,-0.029787677721963834,0.012507557221518861
11,110,-0.55,4.75,-0.0367006203174608,0.009472894021392564
12,110,-0.5,4.75,-0.05064552412021417,0.0083568939419576
13,110,-0.45000000000000007,4.75,-0.07576717358413226,0.008627688903732611
14,110,-0.4,4.75,-0.11702479714647773,0.008914478722919505
15,110,-0.3500000000000001,4.75,-0.1641250581911452,0.008870491195930585
16,110,-0.30000000000000004,4.75,-0.1882746440449662,0.00993327560256968
17,110,-0.25,4.75,-0.17016439648128517,0.013726156267038214
18,110,-0.20000000000000007,4.75,-0.12383957015651287,0.020055742639381036
19,110,-0.15000000000000002,4.75,-0.07739000102960303,0.027679790833756435
20,110,-0.10000000000000009,4.75,-0.04301667199941406,0.03558366878159608
21,110,-0.050000000000000044,4.75,-0.017964293193673264,0.042777598827404006
22,110,0.0,4.75,0.0017149518441220146,0.04898852965767392
23,110,0.050000000000000044,4.75,0.017097377917846268,0.056283116856129245
24,110,0.10000000000000009,4.75,0.02708597511022509,0.06722012522574011
25,110,0.1499999999999999,4.75,0.03092289397819248,0.07932899559657314
26,110,0.19999999999999996,4.75,0.03189097718157147,0.08549163864768755
27,110,0.25,4.75,0.035780693723413415,0.08238577106136596
28,110,0.30000000000000004,4.75,0.04527498288426385,0.07421481464962326
29,110,0.3500000000000001,4.75,0.057380292239379016,0.06700247221895245
30,110,0.3999999999999999,4.75,0.06685122785748815,0.0626545275950291
31,110,0.44999999999999996,4.75,0.0723789419983989,0.057941005339303964
32,110,0.5,4.75,0.07569414780039585,0.047437251505999534
33,110,0.55,4.75,0.07371863312546245,0.029636509373889564
34,110,0.6000000000000001,4.75,0.060421293561897516,0.010950438647862049
35,110,0.6499999999999999,4.75,0.038687669182332074,-0.00042857806607565774
36,110,0.7,4.75,0.019289168640665155,-0.003474987528708784
37,110,0.75,4.75,0.011577524733844546,-0.0025132634588120872
0,111,-1.1,4.800000000000001,-0.003843212484192504,0.009256739379553403
1,111,-1.05,4.800000000000001,-0.00837701109247413,0.012343692507204573
2,111,-1.0,4.800000000000001,-0.02167990873083836,0.019485955895663376
3,111,-0.9500000000000001,4.800000000000001,-0.0418682599550696,0.031235923035822233
4,111,-0.9000000000000001,4.800000000000001,-0.06292728234305711,0.04323360286400624
5,111,-0.8500000000000001,4.800000000000001,-0.07626799824841934,0.048650905411889434
6,111,-0.8,4.800000000000001,-0.07614332492451914,0.045731384224442784
7,111,-0.75,4.800000000000001,-0.06375210147657517,0.03859463415622377
8,111,-0.7000000000000001,4.800000000000001,-0.047582122214548384,0.03094765169189939
9,111,-0.6500000000000001,4.800000000000001,-0.036800180184833886,0.02367766891559986
10,111,-0.6000000000000001,4.800000000000001,-0.034474720007016124,0.01754504843950372
11,111,-0.55,4.800000000000001,-0.03916558967577921,0.014123147397142044
12,111,-0.5,4.800000000000001,-0.05121139624148063,0.013665242150605328
13,111,-0.45000000000000007,4.800000000000001,-0.0760585067148889,0.014073988968700823
14,111,-0.4,4.800000000000001,-0.11778729469318905,0.013229188540033743
15,111,-0.3500000000000001,4.800000000000001,-0.16398415111202935,0.011836516470386804
16,111,-0.30000000000000004,4.800000000000001,-0.18527966527026846,0.01301954336906691
17,111,-0.25,4.800000000000001,-0.16420792617965307,0.018273978536209046
18,111,-0.20000000000000007,4.800000000000001,-0.11644821264224808,0.025595777933179187
19,111,-0.15000000000000002,4.800000000000001,-0.06979070298551215,0.03275917700087255
20,111,-0.10000000000000009,4.800000000000001,-0.03574631033225861,0.039346788594587234
21,111,-0.050000000000000044,4.800000000000001,-0.010989402716126695,0.045475658362335025
22,111,0.0,4.800000000000001,0.010128992951655147,0.05218864152384761
23,111,0.050000000000000044,4.800000000000001,0.029806573032356287,0.06289438106692025
24,111,0.10000000000000009,4.800000000000001,0.043233080001014446,0.08009442912819825
25,111,0.1499999999999999,4.800000000000001,0.04311705054846349,0.09830242093448877
26,111,0.19999999999999996,4.800000000000001,0.032724121921363925,0.10595453497855706
27,111,0.25,4.800000000000001,0.026258709213824172,0.09848565183347174
28,111,0.30000000000000004,4.800000000000001,0.03314205105945267,0.0834981531924639
29,111,0.3500000000000001,4.800000000000001,0.04873220078650098,0.07109245316729101
30,111,0.3999999999999999,4.800000000000001,0.06160598798533978,0.06486438229571956
31,111,0.44999999999999996,4.800000000000001,0.06593947659591287,0.06181040706864538
32,111,0.5,4.800000000000001,0.06407256848684345,0.05650828861966217
33,111,0.55,4.800000000000001,0.058387799643795646,0.04642522329075638
34,111,0.6000000000000001,4.800000000000001,0.04730262988241335,0.03476448181264774
35,111,0.6499999999999999,4.800000000000001,0.03171492306173834,0.02645344906972963
36,111,0.7,4.800000000000001,0.017404800174223023,0.022708214176352104
37,111,0.75,4.800000000000001,0.011434972559110634,0.021657077063958752
0,112,-1.1,4.8500000000000005,-0.000937822160588242,-0.0018893071978542952
1,112,-1.05,4.8500000000000005,-0.0034332114586677065,0.0002416377839919992
2,112,-1.0,4.8500000000000005,-0.012175779732869763,0.005630464693369697
3,112,-0.9500000000000001,4.8500000000000005,-0.02916364826313189,0.015460221623721515
4,112,-0.9000000000000001,4.8500000000000005,-0.052163511493431014,0.027636122021794107
5,112,-0.8500000000000001,4.8500000000000005,-0.07206051372285249,0.03743017776234592
6,112,-0.8,4.8500000000000005,-0.07855463464515766,0.04172371749699699
7,112,-0.75,4.8500000000000005,-0.07007759260648949,0.040254477965729896
8,112,-0.7000000000000001,4.8500000000000005,-0.055473556886371234,0.03427855560277082
9,112,-0.6500000000000001,4.8500000000000005,-0.04424393030664525,0.026584875276381426
10,112,-0.6000000000000001,4.8500000000000005,-0.03934219924042165,0.020804911310737806
11,112,-0.55,4.8500000000000005,-0.04058042660635919,0.01904557203368712
12,112,-0.5,4.8500000000000005,-0.05069468254865539,0.020540382410584035
13,112,-0.45000000000000007,4.8500000000000005,-0.07620322719470385,0.022260026464311355
14,112,-0.4,4.8500000000000005,-0.11926226964479175,0.021598553572611257
15,112,-0.3500000000000001,4.8500000000000005,-0.16433470336211203,0.019631694880646866
16,112,-0.30000000000000004,4.8500000000000005,-0.18183718197914395,0.02051837336298129
17,112,-0.25,4.8500000000000005,-0.1575881619171729,0.02596888637803718
18,112,-0.20000000000000007,4.8500000000000005,-0.10935437169184936,0.03311737283281824
19,112,-0.15000000000000002,4.8500000000000005,-0.06363899036819498,0.039196603077807646
20,112,-0.10000000000000009,4.8500000000000005,-0.030300190637951585,0.04408689053510134
21,112,-0.050000000000000044,4.8500000000000005,-0.005122440264412886,0.04845259375944405
22,112,0.0,4.8500000000000005,0.019133674548707236,0.053685922049482304
23,112,0.050000000000000044,4.8500000000000005,0.04500316552219691,0.06289506527854455
24,112,0.10000000000000009,4.8500000000000005,0.06249401497779361,0.07780564186059519
25,112,0.1499999999999999,4.8500000000000005,0.056782999828551284,0.09307225270625691
26,112,0.19999999999999996,4.8500000000000005,0.032074208080554445,0.09873458399894064
27,112,0.25,4.8500000000000005,0.013324311937320255,0.09163324004019396
28,112,0.30000000000000004,4.8500000000000005,0.01788178421808312,0.0789217114619703
29,112,0.3500000000000001,4.8500000000000005,0.03874652134263468,0.06905525959782749
30,112,0.3999999999999999,4.8500000000000005,0.057569181758842514,0.06495541036491109
31,112,0.44999999999999996,4.8500000000000005,0.06402284832234151,0.06489009308855792
32,112,0.5,4.8500000000000005,0.06030896402250685,0.06517450466912739
33,112,0.55,4.8500000000000005,0.05197482631844802,0.06301706408395058
34,112,0.6000000000000001,4.8500000000000005,0.040449519340870765,0.05868313752922544
35,112,0.6499999999999999,4.8500000000000005,0.026631401546036437,0.05426016009722784
36,112,0.7,4.8500000000000005,0.014492796634894278,0.05111706465579985
37,112,0.75,4.8500000000000005,0.009475250509057842,0.04930473955535225
0,113,-1.1,4.9,0.0004186774795000847,-0.01228673971706784
1,113,-1.05,4.9,-0.0008572392012501373,-0.011694171521877128
2,113,-1.0,4.9,-0.006461324891108844,-0.009459342539097082
3,113,-0.9500000000000001,4.9,-0.019862602626645187,-0.004110933486405899
4,113,-0.9000000000000001,4.9,-0.04095732620443271,0.005065769626285133
5,113,-0.8500000000000001,4.9,-0.06218040277321646,0.016722783245297634
6,113,-0.8,4.9,-0.07331902472113516,0.02698505132939677
7,113,-0.75,4.9,-0.07119726337080134,0.031069883352884964
8,113,-0.7000000000000001,4.9,-0.061251724903896854,0.027915336342309027
9,113,-0.6500000000000001,4.9,-0.0502738244768669,0.02212832894404604
10,113,-0.6000000000000001,4.9,-0.04201402324971043,0.01926812656410065
11,113,-0.55,4.9,-0.03943011857593298,0.021163475297352186
12,113,-0.5,4.9,-0.0479969418108564,0.026108103285727158
13,113,-0.45000000000000007,4.9,-0.07500033555286167,0.03046723157898834
14,113,-0.4,4.9,-0.12041562627685354,0.031010328500802875
15,113,-0.3500000000000001,4.9,-0.16506433132165932,0.028702767900316006
16,113,-0.30000000000000004,4.9,-0.17894247377287814,0.028531168204742607
17,113,-0.25,4.9,-0.15160892670981613,0.03303006650580281
18,113,-0.20000000000000007,4.9,-0.10322049594247762,0.039540216263695416
19,113,-0.15000000000000002,4.9,-0.05882118528322905,0.045226844326309856
20,113,-0.10000000000000009,4.9,-0.026490319650622207,0.049793232933225406
21,113,-0.050000000000000044,4.9,-0.0013903712017457326,0.05350729643951835
22,113,0.0,4.9,0.024571464470755644,0.05666995304141692
23,113,0.050000000000000044,4.9,0.05392629284346917,0.06014701109624959
24,113,0.10000000000000009,4.9,0.0734102674287268,0.06435912622232975
25,113,0.1499999999999999,4.9,0.06404599268680894,0.06785251027055766
26,113,0.19999999999999996,4.9,0.03128510925530098,0.06858179946100912
27,113,0.25,4.9,0.006445836676853833,0.06690734176682755
28,113,0.30000000000000004,4.9,0.010564070617086196,0.06512661880569093
29,113,0.3500000000000001,4.9,0.03476589968944177,0.0645528372217935
30,113,0.3999999999999999,4.9,0.057440821476070214,0.06550638713045148
31,113,0.44999999999999996,4.9,0.06615857090012917,0.06831013326979246
32,113,0.5,4.9,0.06219953948223611,0.07217403557330138
33,113,0.55,4.9,0.0518964325038937,0.07504727188348465
34,113,0.6000000000000001,4.9,0.03854572589569061,0.0756481973094697
35,113,0.6499999999999999,4.9,0.024148850188312754,0.07449779592565126
36,113,0.7,4.9,0.012449379632347435,0.07291363285411384
37,113,0.75,4.9,0.007810322358215438,0.0717143501014661
0,114,-1.1,4.95,0.00024731422979318296,-0.019444360688693485
1,114,-1.05,4.95,-0.000605814280696948,-0.01994942687149226
2,114,-1.0,4.95,-0.004592541697398533,-0.01990613293355481
3,114,-0.9500000000000001,4.95,-0.014638536097749677,-0.017715039410865496
4,114,-0.9000000000000001,4.95,-0.03132979476172748,-0.011122807693884074
5,114,-0.8500000000000001,4.95,-0.050141232019740856,0.00017624321228149054
6,114,-0.8,4.95,-0.06420753453757033,0.011742680629798774
7,114,-0.75,4.95,-0.06914730759357723,0.017118615964218376
8,114,-0.7000000000000001,4.95,-0.06441511129521016,0.01530955761974817
9,114,-0.6500000000000001,4.95,-0.05289114008485363,0.01219054764502514
10,114,-0.6000000000000001,4.95,-0.0403070528871155,0.013571445036610896
11,114,-0.55,4.95,-0.03374044988473268,0.020571083171306015
12,114,-0.5,4.95,-0.041390926267019235,0.030750250126338752
13,114,-0.45000000000000007,4.95,-0.07130100197962813,0.03930724253490836
14,114,-0.4,4.95,-0.12102673332346409,0.04147763447005681
15,114,-0.3500000000000001,4.95,-0.1668138636581723,0.03801542067320751
16,114,-0.30000000000000004,4.95,-0.17750988337365714,0.03552244455966691
17,114,-0.25,4.95,-0.1465791138582201,0.03836379132367562
18,114,-0.20000000000000007,4.95,-0.09715759387134232,0.04468506798904037
19,114,-0.15000000000000002,4.95,-0.05338597369866499,0.0514805544491706
20,114,-0.10000000000000009,4.95,-0.022019738524743093,0.05774677678960005
21,114,-0.050000000000000044,4.95,0.0017542798437786278,0.06285589791878765
22,114,0.0,4.95,0.02577338920543848,0.06547468440456256
23,114,0.050000000000000044,4.95,0.05269233870310974,0.06363345289606304
24,114,0.10000000000000009,4.95,0.07019951415210168,0.05646245560167962
25,114,0.1499999999999999,4.95,0.06100567306723065,0.0474856186480041
26,114,0.19999999999999996,4.95,0.031129039576824336,0.04355650520476595
27,114,0.25,4.95,0.009869131282002064,0.04789393063751368
28,114,0.30000000000000004,4.95,0.015527279673049066,0.05678325877154056
29,114,0.3500000000000001,4.95,0.03912628966739523,0.06460629663854078
30,114,0.3999999999999999,4.95,0.06132647780684147,0.06968451285026156
31,114,0.44999999999999996,4.95,0.0706904967651914,0.07409577257424776
32,114,0.5,4.95,0.06704610263619903,0.07961206179194796
33,114,0.55,4.95,0.055448988054616344,0.085319315439768
34,114,0.6000000000000001,4.95,0.039900043383037376,0.08906787943201877
35,114,0.6499999999999999,4.95,0.023896837090680578,0.09022363150856944
36,114,0.7,4.95,0.011709350810709118,0.08993813356123675
37,114,0.75,4.95,0.007076685003762351,0.08940336655288594
0,115,-1.1,5.0,-0.0005914548860974644,-0.021405192445174692
1,115,-1.05,5.0,-0.0013190114461114621,-0.02195050911061147
2,115,-1.0,5.0,-0.004226937430482081,-0.02208383878796849
3,115,-0.9500000000000001,5.0,-0.011079277386974451,-0.020324088412880248
4,115,-0.9000000000000001,5.0,-0.023066043581285722,-0.014702103507083786
5,115,-0.8500000000000001,5.0,-0.03931491444953361,-0.005408689365561381
6,115,-0.8,5.0,-0.05637665196919828,0.0032589213383410476
7,115,-0.75,5.0,-0.06763038638085195,0.006527089780427597
8,115,-0.7000000000000001,5.0,-0.06617979322309009,0.005145318928380105
9,115,-0.6500000000000001,5.0,-0.052011937060004176,0.0048081069327549075
10,115,-0.6000000000000001,5.0,-0.033633487723429556,0.010185209860410493
11,115,-0.55,5.0,-0.022251313486205127,0.02214328846349728
12,115,-0.5,5.0,-0.029260782447254052,0.0381194920976935
13,115,-0.45000000000000007,5.0,-0.06427295120914361,0.051439873603091046
14,115,-0.4,5.0,-0.12170744813855439,0.05477742414363579
15,115,-0.3500000000000001,5.0,-0.17101952123204922,0.0487661914715673
16,115,-0.30000000000000004,5.0,-0.17859410312241003,0.04254920939547269
17,115,-0.25,5.0,-0.14244630328044267,0.04303180565974729
18,115,-0.20000000000000007,5.0,-0.09010373281698264,0.04920384392573279
19,115,-0.15000000000000002,5.0,-0.04575947648266937,0.057422036873067406
20,115,-0.10000000000000009,5.0,-0.015114976181005157,0.06560740630788015
21,115,-0.050000000000000044,5.0,0.006337536413216771,0.07240088113953214
22,115,0.0,5.0,0.02534901944803103,0.0756492594618638
23,115,0.050000000000000044,5.0,0.04491406404058623,0.07193392160622203
24,115,0.10000000000000009,5.0,0.05726243318066787,0.05982860362210629
25,115,0.1499999999999999,5.0,0.05114004228989527,0.04567983465507214
26,115,0.19999999999999996,5.0,0.03169342124481056,0.04061298111983913
27,115,0.25,5.0,0.01967259024362844,0.04814527395157281
28,115,0.30000000000000004,5.0,0.027276436618113298,0.06112953758522083
29,115,0.3500000000000001,5.0,0.04766715376816277,0.071707342895303
30,115,0.3999999999999999,5.0,0.0669302974117772,0.07805651437068212
31,115,0.44999999999999996,5.0,0.07608611984181557,0.0826940629800188
32,115,0.5,5.0,0.07342308234775635,0.08854304983486216
33,115,0.55,5.0,0.061352250143964504,0.09569939867406757
34,115,0.6000000000000001,5.0,0.04345004196449204,0.10148076568215703
35,115,0.6499999999999999,5.0,0.025019104317530738,0.10417496949757771
36,115,0.7,5.0,0.011629114676663943,0.104664344133579
37,115,0.75,5.0,0.006740788341513815,0.10443030719273216
0,116,-1.1,5.050000000000001,-0.0008433191010803753,-0.018969857783163735
1,116,-1.05,5.050000000000001,-0.0012844606234907463,-0.018247174231585395
2,116,-1.0,5.050000000000001,-0.00296612099966731,-0.01647893332527628
3,116,-0.9500000000000001,5.050000000000001,-0.007256800816864972,-0.012892215213062275
4,116,-0.9000000000000001,5.050000000000001,-0.016414395714408614,-0.007414751842445555
5,116,-0.8500000000000001,5.050000000000001,-0.03218020717431602,-0.0016528181177433154
6,116,-0.8,5.050000000000001,-0.052271755391581354,0.0018266235660147068
7,116,-0.75,5.050000000000001,-0.06726091000353818,0.002261430505176576
8,116,-0.7000000000000001,5.050000000000001,-0.06613409414288285,0.0022044189299214034
9,116,-0.6500000000000001,5.050000000000001,-0.04785124915282324,0.005366560267420772
10,116,-0.6000000000000001,5.050000000000001,-0.02297187135637313,0.014175784348592346
11,116,-0.55,5.050000000000001,-0.005806167647449678,0.02956424989251971
12,116,-0.5,5.050000000000001,-0.012094341127425468,0.04930731897965668
13,116,-0.45000000000000007,5.050000000000001,-0.05464306993368584,0.06502702108311886
14,116,-0.4,5.050000000000001,-0.12370041545498783,0.06748294260379539
15,116,-0.3500000000000001,5.050000000000001,-0.1790420784063354,0.057943475710499626
16,116,-0.30000000000000004,5.050000000000001,-0.18324426918547715,0.04782246366606485
17,116,-0.25,5.050000000000001,-0.13992447932795998,0.04570118957404279
18,116,-0.20000000000000007,5.050000000000001,-0.0827673626580222,0.05094290349173719
19,116,-0.15000000000000002,5.050000000000001,-0.03698241131651764,0.05915399358634943
20,116,-0.10000000000000009,5.050000000000001,-0.007040894258278363,0.06729697598456819
21,116,-0.050000000000000044,5.050000000000001,0.011796132997762276,0.0738034989167205
22,116,0.0,5.050000000000001,0.025306429672128372,0.07705392897501273
23,116,0.050000000000000044,5.050000000000001,0.03687168286335224,0.07439452705824329
24,116,0.10000000000000009,5.050000000000001,0.04394542720095179,0.06485118793329303
25,116,0.1499999999999999,5.050000000000001,0.04179005056496349,0.05423902908541889
26,116,0.19999999999999996,5.050000000000001,0.03359447887332501,0.051970190668165495
27,116,0.25,5.050000000000001,0.03038568774738376,0.05998237382554977
28,116,0.30000000000000004,5.050000000000001,0.03908934861677926,0.07162016635955781
29,116,0.3500000000000001,5.050000000000001,0.05605326645285652,0.08104791887470209
30,116,0.3999999999999999,5.050000000000001,0.07231319789155727,0.08713505497538548
31,116,0.44999999999999996,5.050000000000001,0.08117703222937145,0.0913913294408944
32,116,0.5,5.050000000000001,0.0800514383302478,0.0965845347941599
33,116,0.55,5.050000000000001,0.0683867039019112,0.10394148815055765
34,116,0.6000000000000001,5.050000000000001,0.04837561420654751,0.11108401766930481
35,116,0.6499999999999999,5.050000000000001,0.027080415542102554,0.11530169755792768
36,116,0.7,5.050000000000001,0.011964688505863574,0.11669378387991008
37,116,0.75,5.050000000000001,0.006608611122068675,0.11678688568103418
0,117,-1.1,5.1000000000000005,0.0008539122170592162,-0.017626786677540363
1,117,-1.05,5.1000000000000005,0.0011719130117759935,-0.013905444161205205
2,117,-1.0,5.1000000000000005,0.0011280215880410394,-0.007758515057856852
3,117,-0.9500000000000001,5.1000000000000005,-0.0020150959041437266,0.0002709026613584298
4,117,-0.9000000000000001,5.1000000000000005,-0.011826646485966763,0.007302650070173944
5,117,-0.8500000000000001,5.1000000000000005,-0.03007353904107335,0.010007936502837711
6,117,-0.8,5.1000000000000005,-0.052462403346278386,0.008267255812822727
7,117,-0.75,5.1000000000000005,-0.06725259101694525,0.005897959763601079
8,117,-0.7000000000000001,5.1000000000000005,-0.06307466346084589,0.00728508324425281
9,117,-0.6500000000000001,5.1000000000000005,-0.040040571641333234,0.013994687672782002
10,117,-0.6000000000000001,5.1000000000000005,-0.009435798098330617,0.0256870461980363
11,117,-0.55,5.1000000000000005,0.012880221144859205,0.042365112000408156
12,117,-0.5,5.1000000000000005,0.006201988743345099,0.06141044111783511
13,117,-0.45000000000000007,5.1000000000000005,-0.0460973275850049,0.07388081509311306
14,117,-0.4,5.1000000000000005,-0.12879099351117362,0.07165550006036026
15,117,-0.3500000000000001,5.1000000000000005,-0.19068000016977976,0.058325181562485784
16,117,-0.30000000000000004,5.1000000000000005,-0.19083638925886687,0.04607450712918959
17,117,-0.25,5.1000000000000005,-0.13932586345477033,0.04277083148328309
18,117,-0.20000000000000007,5.1000000000000005,-0.076650928804676,0.047136658769711126
19,117,-0.15000000000000002,5.1000000000000005,-0.029405403989838375,0.054199075480076686
20,117,-0.10000000000000009,5.1000000000000005,-0.00046547085063408655,0.06050558564282493
21,117,-0.050000000000000044,5.1000000000000005,0.016094489403661316,0.06487336482131206
22,117,0.0,5.1000000000000005,0.025940047589553816,0.06702595205375583
23,117,0.050000000000000044,5.1000000000000005,0.03271132299886653,0.06624704039191409
24,117,0.10000000000000009,5.1000000000000005,0.03710693520784347,0.06251934552946953
25,117,0.1499999999999999,5.1000000000000005,0.038259045024767735,0.05924686932600898
26,117,0.19999999999999996,5.1000000000000005,0.037436765984941445,0.06118976853001418
27,117,0.25,5.1000000000000005,0.03932256593502076,0.06852775961806362
28,117,0.30000000000000004,5.1000000000000005,0.04834198166726561,0.07735820521225956
29,117,0.3500000000000001,5.1000000000000005,0.06318204238399044,0.08510040794805385
30,117,0.3999999999999999,5.1000000000000005,0.07727370797796951,0.09107524726099547
31,117,0.44999999999999996,5.1000000000000005,0.08553559966058999,0.0951667282775745
32,117,0.5,5.1000000000000005,0.0859732410574196,0.09937805214675133
33,117,0.55,5.1000000000000005,0.07585173301910941,0.10644888582765716
34,117,0.6000000000000001,5.1000000000000005,0.05481025137186207,0.11526161606813023
35,117,0.6499999999999999,5.1000000000000005,0.03062887052813601,0.1219203054995599
36,117,0.7,5.1000000000000005,0.013114302799770439,0.12492886566346922
37,117,0.75,5.1000000000000005,0.0069269919437620064,0.12566309176727158
0,118,-1.1,5.15,0.00659936593158994,-0.02840115522858011
1,118,-1.05,5.15,0.008583810996192764,-0.01905303470925157
2,118,-1.0,5.15,0.011210225822896325,-0.005032062431857831
3,118,-0.9500000000000001,5.15,0.007804364311165823,0.011357652400471041
4,118,-0.9000000000000001,5.15,-0.006677361872929333,0.023931499666228206
5,118,-0.8500000000000001,5.15,-0.03121560143166724,0.02749005506725022
6,118,-0.8,5.15,-0.056381732130817985,0.023421181071879293
7,118,-0.75,5.15,-0.0682430825721081,0.018820325402766347
8,118,-0.7000000000000001,5.15,-0.058037366233701926,0.020172343790794134
9,118,-0.6500000000000001,5.15,-0.029449286199039748,0.028632764424630364
10,118,-0.6000000000000001,5.15,0.005398552971253023,0.04197565758191968
11,118,-0.55,5.15,0.029917227272349134,0.05804899286009246
12,118,-0.5,5.15,0.019421361965279438,0.07228055597240435
13,118,-0.45000000000000007,5.15,-0.0443980109911607,0.0761841651111761
14,118,-0.4,5.15,-0.1392560489856151,0.06579760666858919
15,118,-0.3500000000000001,5.15,-0.20462307133750607,0.04845575667531077
16,118,-0.30000000000000004,5.15,-0.19879861926467984,0.03599005035284486
17,118,-0.25,5.15,-0.13886232768743845,0.03382526610430897
18,118,-0.20000000000000007,5.15,-0.0713391186612286,0.03893029039030854
19,118,-0.15000000000000002,5.15,-0.02361348444340383,0.04551135190288047
20,118,-0.10000000000000009,5.15,0.003633395082957014,0.0500792125669397
21,118,-0.050000000000000044,5.15,0.018316499408693176,0.05222163785843642
22,118,0.0,5.15,0.0266801052427304,0.05296016590844943
23,118,0.050000000000000044,5.15,0.032365076339065935,0.05315737336492182
24,118,0.10000000000000009,5.15,0.03694525613504668,0.05356292112846911
25,118,0.1499999999999999,5.15,0.04046047356550814,0.05560801576150187
26,118,0.19999999999999996,5.15,0.04287536916537965,0.060449853765362216
27,118,0.25,5.15,0.04655412442962914,0.06732104865676519
28,118,0.30000000000000004,5.15,0.05566199694676949,0.07454253871543054
29,118,0.3500000000000001,5.15,0.06977030850159244,0.08142574448174844
30,118,0.3999999999999999,5.15,0.08237951822107792,0.08735249930915567
31,118,0.44999999999999996,5.15,0.0894798371151273,0.0912292405743026
32,118,0.5,5.15,0.09133359588033046,0.09463701330325258
33,118,0.55,5.15,0.08427026782329011,0.10189518203628095
34,118,0.6000000000000001,5.15,0.06384703387845025,0.11330688270734579
35,118,0.6499999999999999,5.15,0.03674766513744154,0.12355694673030382
36,118,0.7,5.15,0.01570747477357526,0.12909970944943505
37,118,0.75,5.15,0.008077063329673395,0.13103746279678807
0,119,-1.1,5.2,0.019550153255716296,-0.06559122855948119
1,119,-1.05,5.2,0.024541005808498273,-0.04778148630738055
2,119,-1.0,5.2,0.03153870869776365,-0.022858724243670636
3,119,-0.9500000000000001,5.2,0.02694846619394231,0.004974308092109414
4,119,-0.9000000000000001,5.2,0.0043057561808124145,0.027100848570059677
5,119,-0.8500000000000001,5.2,-0.030583857635422262,0.03715017050502478
6,119,-0.8,5.2,-0.06113213301076226,0.036411640892676234
7,119,-0.75,5.2,-0.07050142829803041,0.03252208588537253
8,119,-0.7000000000000001,5.2,-0.053262224438981876,0.033352133215504565
9,119,-0.6500000000000001,5.2,-0.01823725785020769,0.04160535605697069
10,119,-0.6000000000000001,5.2,0.019980430337131483,0.05545150084062811
11,119,-0.55,5.2,0.043185119535343874,0.07081424531580283
12,119,-0.5,5.2,0.02433716099442873,0.08017956020719585
13,119,-0.45000000000000007,5.2,-0.052580276888820054,0.0754369175443248
14,119,-0.4,5.2,-0.15651940194703895,0.057067369330688344
15,119,-0.3500000000000001,5.2,-0.2204875564855241,0.03597210146343982
16,119,-0.30000000000000004,5.2,-0.20546687982986866,0.02381883228812859
17,119,-0.25,5.2,-0.13638562341730665,0.023847597730756454
18,119,-0.20000000000000007,5.2,-0.0649648430061045,0.030896332792698378
19,119,-0.15000000000000002,5.2,-0.018256481813207215,0.038087056758183135
20,119,-0.10000000000000009,5.2,0.006244815104921864,0.042035467941102245
21,119,-0.050000000000000044,5.2,0.018975442745171045,0.04304781879472752
22,119,0.0,5.2,0.02687578309603922,0.042850615484764654
23,119,0.050000000000000044,5.2,0.03331407821888621,0.042958761518903654
24,119,0.10000000000000009,5.2,0.03955757760442352,0.04446868072271015
25,119,0.1499999999999999,5.2,0.04514597766166084,0.04815009151374949
26,119,0.19999999999999996,5.2,0.049149798880204765,0.053984989859197086
27,119,0.25,5.2,0.05341525088508908,0.06103200135697873
28,119,0.30000000000000004,5.2,0.06244667749224886,0.06804948963824914
29,119,0.3500000000000001,5.2,0.07599200297771558,0.07422210690592068
30,119,0.3999999999999999,5.2,0.08707720407052366,0.07889173046183806
31,119,0.44999999999999996,5.2,0.0928201136546869,0.08152453150370748
32,119,0.5,5.2,0.09663918251939796,0.0844563439762322
33,119,0.55,5.2,0.09452160242320262,0.09312069983777205
34,119,0.6000000000000001,5.2,0.07647201606588494,0.10825477489246504
35,119,0.6499999999999999,5.2,0.04642169727022527,0.12294569731152616
36,119,0.7,5.2,0.020594818866254694,0.13176725219713303
37,119,0.75,5.2,0.01080249863846805,0.1355049231614186
0,120,-1.1,5.25,0.04221885043579121,-0.13498507005288762
1,120,-1.05,5.25,0.05131631531200331,-0.10814410725264734
2,120,-1.0,5.25,0.06396602022238629,-0.07289795384148534
3,120,-0.9500000000000001,5.25,0.057763937124896136,-0.034655975579110376
4,120,-0.9000000000000001,5.25,0.025498500539986035,-0.0021112929270139524
5,120,-0.8500000000000001,5.25,-0.021904809109050682,0.018709594547571817
6,120,-0.8,5.25,-0.061009816750470236,0.02759187806248009
7,120,-0.75,5.25,-0.07130259024927976,0.029722024396018343
8,120,-0.7000000000000001,5.25,-0.04895409606210377,0.032534005637529506
9,120,-0.6500000000000001,5.25,-0.007349918573916203,0.0409119425752591
10,120,-0.6000000000000001,5.25,0.03460744223008516,0.05530837183880366
11,120,-0.55,5.25,0.05464528663891688,0.07104772410710891
12,120,-0.5,5.25,0.02404403419380141,0.07836098323046992
13,120,-0.45000000000000007,5.25,-0.06751020186766821,0.06939332421476485
14,120,-0.4,5.25,-0.1787208650665001,0.04742445179494126
15,120,-0.3500000000000001,5.25,-0.23787160838006582,0.025448946188458832
16,120,-0.30000000000000004,5.25,-0.2109231229973632,0.015045908175212452
17,120,-0.25,5.25,-0.13178482718286866,0.01767305674783476
18,120,-0.20000000000000007,5.25,-0.057099659633801925,0.02640109616817543
19,120,-0.15000000000000002,5.25,-0.012474349294999965,0.03407241280024176
20,120,-0.10000000000000009,5.25,0.0085941571195014,0.037970884398461635
21,120,-0.050000000000000044,5.25,0.019131646952355585,0.038878757811403875
22,120,0.0,5.25,0.026591047966906534,0.038565973203771864
23,120,0.050000000000000044,5.25,0.03398314157701143,0.03853084972860188
24,120,0.10000000000000009,5.25,0.04213658612989252,0.03988596451532683
25,120,0.1499999999999999,5.25,0.04997678270199507,0.04341100076869525
26,120,0.19999999999999996,5.25,0.055757279008608884,0.04922094487430667
27,120,0.25,5.25,0.06061862420868119,0.05646247971244994
28,120,0.30000000000000004,5.25,0.06885210249571144,0.0632746661369904
29,120,0.3500000000000001,5.25,0.08061254932518136,0.06783960075153056
30,120,0.3999999999999999,5.25,0.08968194281886471,0.0698022116223565
31,120,0.44999999999999996,5.25,0.09504445062952144,0.07066748558885616
32,120,0.5,5.25,0.10292976421439504,0.07469219151373607
33,120,0.55,5.25,0.10806869873952296,0.0874778626675865
34,120,0.6000000000000001,5.25,0.09367203135220437,0.10813014044096847
35,120,0.6499999999999999,5.25,0.06026014244210953,0.12751906679705882
36,120,0.7,5.25,0.0282667006234677,0.13915338712866043
37,120,0.75,5.25,0.015552405258244528,0.1441933907351306
0,121,-1.1,5.300000000000001,0.07323207885619687,-0.21619012728824216
1,121,-1.05,5.300000000000001,0.08662812201990056,-0.18549137044699626
2,121,-1.0,5.300000000000001,0.10502684037130061,-0.14648077648457963
3,121,-0.9500000000000001,5.300000000000001,0.0977351271084137,-0.10414601998202155
4,121,-0.9000000000000001,5.300000000000001,0.05767132630749461,-0.06486319426428355
5,121,-0.8500000000000001,5.300000000000001,-0.0008806866459282192,-0.033246342367078685
6,121,-0.8,5.300000000000001,-0.05011970316231573,-0.011631162060129485
7,121,-0.75,5.300000000000001,-0.065559300722981,0.0011908403587540528
8,121,-0.7000000000000001,5.300000000000001,-0.04207230625974112,0.010290113946009871
9,121,-0.6500000000000001,5.300000000000001,0.004537108351066466,0.021249106562457043
10,121,-0.6000000000000001,5.300000000000001,0.0501162118689813,0.03634056870597868
11,121,-0.55,5.300000000000001,0.06623773092701013,0.051303673132666594
12,121,-0.5,5.300000000000001,0.02268276110208467,0.05653705017123645
13,121,-0.45000000000000007,5.300000000000001,-0.08351680832434871,0.04622241283527506
14,121,-0.4,5.300000000000001,-0.20046377997334497,0.02609827471978743
15,121,-0.3500000000000001,5.300000000000001,-0.2528661001052529,0.009744035191371347
16,121,-0.30000000000000004,5.300000000000001,-0.21324276927049274,0.0065554589048588685
17,121,-0.25,5.300000000000001,-0.12503043542434367,0.014393902445242468
18,121,-0.20000000000000007,5.300000000000001,-0.0485654869536975,0.024855813774285473
19,121,-0.15000000000000002,5.300000000000001,-0.006686693582921011,0.032303543798783696
20,121,-0.10000000000000009,5.300000000000001,0.01105116011608398,0.035895391298239876
21,121,-0.050000000000000044,5.300000000000001,0.019570531550481274,0.03700378579520436
22,121,0.0,5.300000000000001,0.026527875013237223,0.037203556607011135
23,121,0.050000000000000044,5.300000000000001,0.03463406953044118,0.03774074125682342
24,121,0.10000000000000009,5.300000000000001,0.044437728644516894,0.03950478997512413
25,121,0.1499999999999999,5.300000000000001,0.05448095802064068,0.04312663351824314
26,121,0.19999999999999996,5.300000000000001,0.062201277823959455,0.04873739587060694
27,121,0.25,5.300000000000001,0.06746897214777281,0.055414113529646536
28,121,0.30000000000000004,5.300000000000001,0.07382379853132948,0.060910551907087385
29,121,0.3500000000000001,5.300000000000001,0.08251954846308168,0.06311077197716203
30,121,0.3999999999999999,5.300000000000001,0.08990508890784926,0.06254686358913214
31,121,0.44999999999999996,5.300000000000001,0.09771009354606647,0.06323431947172942
32,121,0.5,5.300000000000001,0.1134495595981283,0.07153938810058713
33,121,0.55,5.300000000000001,0.12795955135043502,0.09189729018533377
34,121,0.6000000000000001,5.300000000000001,0.11651322019535726,0.11945929892959672
35,121,0.6499999999999999,5.300000000000001,0.07744494395791723,0.14230995536875513
36,121,0.7,5.300000000000001,0.03726914280432647,0.15446239024889674
37,121,0.75,5.300000000000001,0.020882505851408384,0.1588883306608968
0,122,-1.1,5.3500000000000005,0.10361636411828301,-0.2647836693074304
1,122,-1.05,5.3500000000000005,0.12102566611566584,-0.2429240229278229
2,122,-1.0,5.3500000000000005,0.145311370687361,-0.21321548904220972
3,122,-0.9500000000000001,5.3500000000000005,0.13938151934519222,-0.17787935297509605
4,122,-0.9000000000000001,5.3500000000000005,0.0963981781549289,-0.14007702022629465
5,122,-0.8500000000000001,5.3500000000000005,0.031327223095103385,-0.10316605052467842
6,122,-0.8,5.3500000000000005,-0.026572634024637498,-0.07118110644611153
7,122,-0.75,5.3500000000000005,-0.049381314243140406,-0.04674944547070514
8,122,-0.7000000000000001,5.3500000000000005,-0.02889582985840078,-0.028884229710292586
9,122,-0.6500000000000001,5.3500000000000005,0.018700536186052608,-0.014102426353273523
10,122,-0.6000000000000001,5.3500000000000005,0.06466200880029471,-0.00014498800394946443
11,122,-0.55,5.3500000000000005,0.07484176810417464,0.009857596431980808
12,122,-0.5,5.3500000000000005,0.01896277389640988,0.009399513206988508
13,122,-0.45000000000000007,5.3500000000000005,-0.09794897731911723,-0.002287134765142085
14,122,-0.4,5.3500000000000005,-0.2151992427104038,-0.015674772386344293
15,122,-0.3500000000000001,5.3500000000000005,-0.2574144241949944,-0.018181670959240837
16,122,-0.30000000000000004,5.3500000000000005,-0.2062732557434921,-0.006589435047730796
17,122,-0.25,5.3500000000000005,-0.11348447231344205,0.01053431154037665
18,122,-0.20000000000000007,5.3500000000000005,-0.0391900182802607,0.023760720723411954
19,122,-0.15000000000000002,5.3500000000000005,-0.001434771771045562,0.030726625008208885
20,122,-0.10000000000000009,5.3500000000000005,0.013294399115922062,0.03354937405621483
21,122,-0.050000000000000044,5.3500000000000005,0.020439812261126844,0.03461703272236688
22,122,0.0,5.3500000000000005,0.027328003428525593,0.035546005696160954
23,122,0.050000000000000044,5.3500000000000005,0.03628437494512443,0.03740957998179889
24,122,0.10000000000000009,5.3500000000000005,0.04752247839131224,0.04072259583642268
25,122,0.1499999999999999,5.3500000000000005,0.059209388597477874,0.04550475834197598
26,122,0.19999999999999996,5.3500000000000005,0.06804475902001228,0.051228354683547084
27,122,0.25,5.3500000000000005,0.07279178024516164,0.056638491162571136
28,122,0.30000000000000004,5.3500000000000005,0.07654876094322693,0.059974065453681225
29,122,0.3500000000000001,5.3500000000000005,0.08224886100722612,0.06016793844854873
30,122,0.3999999999999999,5.3500000000000005,0.0898054903134321,0.05887753206388319
31,122,0.44999999999999996,5.3500000000000005,0.10403697514097643,0.06167443149824314
32,122,0.5,5.3500000000000005,0.1315927349279994,0.07589346357249227
33,122,0.55,5.3500000000000005,0.15598860956853255,0.10374051575607113
34,122,0.6000000000000001,5.3500000000000005,0.14408469653562572,0.1361236150762407
35,122,0.6499999999999999,5.3500000000000005,0.09526323376140955,0.15959824843546355
36,122,0.7,5.3500000000000005,0.04484507591560938,0.1701503647849517
37,122,0.75,5.3500000000000005,0.024404286082244653,0.1728667440768078
0,123,-1.1,5.4,0.11695137161541191,-0.2472637390365165
1,123,-1.05,5.4,0.13819630228512125,-0.24847329432616388
2,123,-1.0,5.4,0.17007151032402745,-0.24354455583144835
3,123,-0.9500000000000001,5.4,0.17087359592432877,-0.2291371296644079
4,123,-0.9000000000000001,5.4,0.13238462875791224,-0.20437927464977856
5,123,-0.8500000000000001,5.4,0.0680152271342549,-0.17170136939916536
6,123,-0.8,5.4,0.006296901891657547,-0.1360947379154348
7,123,-0.75,5.4,-0.02326242398716205,-0.10356994936038699
8,123,-0.7000000000000001,5.4,-0.009425287142309502,-0.07864770889577877
9,123,-0.6500000000000001,5.4,0.03327635005740959,-0.06197262589308805
10,123,-0.6000000000000001,5.4,0.07407623465423563,-0.05208878587614041
11,123,-0.55,5.4,0.0757822321379481,-0.04987740993721956
12,123,-0.5,5.4,0.010538029904961776,-0.056574695449204127
13,123,-0.45000000000000007,5.4,-0.10859109391768151,-0.06639150425668428
14,123,-0.4,5.4,-0.21635831616744372,-0.06672917052461369
15,123,-0.3500000000000001,5.4,-0.2437807627666394,-0.04925599397261837
16,123,-0.30000000000000004,5.4,-0.18452678677087525,-0.019808907544899834
17,123,-0.25,5.4,-0.09468027965320092,0.007005345368246152
18,123,-0.20000000000000007,5.4,-0.028373173485865266,0.022682602767877258
19,123,-0.15000000000000002,5.4,0.0031019597498818663,0.028959808300300094
20,123,-0.10000000000000009,5.4,0.014941567830241975,0.030791689836750513
21,123,-0.050000000000000044,5.4,0.021567163190427396,0.03156327301893719
22,123,0.0,5.4,0.029320422272669233,0.03314526797031592
23,123,0.050000000000000044,5.4,0.03981065967070291,0.036602640408977816
24,123,0.10000000000000009,5.4,0.052532907004693985,0.042039412162666046
25,123,0.1499999999999999,5.4,0.06498671686776508,0.048579597025620036
26,123,0.19999999999999996,5.4,0.07333501064455461,0.05471278877813873
27,123,0.25,5.4,0.07621468291790695,0.05891215439344094
28,123,0.30000000000000004,5.4,0.07735324581730707,0.060493319862871264
29,123,0.3500000000000001,5.4,0.08142301507328364,0.0599809548435537
30,123,0.3999999999999999,5.4,0.09141158195754367,0.0596564293151397
31,123,0.44999999999999996,5.4,0.11472602505467555,0.06494954658737395
32,123,0.5,5.4,0.1555156438559563,0.08249694682856301
33,123,0.55,5.4,0.18818970285418346,0.11246947912418426
34,123,0.6000000000000001,5.4,0.17237095287474968,0.14433334161595035
35,123,0.6499999999999999,5.4,0.11147169366662824,0.16597719081518414
36,123,0.7,5.4,0.05053763844567072,0.17527178378715869
37,123,0.75,5.4,0.026315264435120556,0.1775855432707224
0,124,-1.1,5.45,0.10119725353898823,-0.17192713096476991
1,124,-1.05,5.45,0.12474484932073399,-0.1989688002445686
2,124,-1.0,5.45,0.16464753534911697,-0.22600548909004148
3,124,-0.9500000000000001,5.45,0.178546800526862,-0.2432534341822623
4,124,-0.9000000000000001,5.45,0.15383393842017146,-0.24318330786640058
5,124,-0.8500000000000001,5.45,0.09961175982944714,-0.22531629827069743
6,124,-0.8,5.45,0.04155878601414087,-0.19484316204605612
7,124,-0.75,5.45,0.008065714776515631,-0.16089263823032635
8,124,-0.7000000000000001,5.45,0.012701493608898162,-0.13334396630846068
9,124,-0.6500000000000001,5.45,0.045259459205690966,-0.11696868712457897
10,124,-0.6000000000000001,5.45,0.0767572247561632,-0.11126084277817583
11,124,-0.55,5.45,0.07035585853111093,-0.1145124094942096
12,124,-0.5,5.45,0.0024486795769451675,-0.12190504565592175
13,124,-0.45000000000000007,5.45,-0.10810345239452679,-0.1219348233660994
14,124,-0.4,5.45,-0.1980637324263379,-0.10295824630367795
15,124,-0.3500000000000001,5.45,-0.21049416121528053,-0.06514631305449076
16,124,-0.30000000000000004,5.45,-0.15001191640262757,-0.022741760567320524
17,124,-0.25,5.45,-0.07099296200066496,0.008354858853704683
18,124,-0.20000000000000007,5.45,-0.017235555348206755,0.023649614569390964
19,124,-0.15000000000000002,5.45,0.006674315297827693,0.028583940372249872
20,124,-0.10000000000000009,5.45,0.015897863834559156,0.02951351977761002
21,124,-0.050000000000000044,5.45,0.022793390394692248,0.030003975081875356
22,124,0.0,5.45,0.03236737081856622,0.0319478839925158
23,124,0.050000000000000044,5.45,0.04517851913747456,0.03643398215187804
24,124,0.10000000000000009,5.45,0.05949943500795446,0.043260751070906545
25,124,0.1499999999999999,5.45,0.07188276521295056,0.05081757336616144
26,124,0.19999999999999996,5.45,0.07837731638783318,0.05705351348831045
27,124,0.25,5.45,0.07857231132989417,0.0607164053778142
28,124,0.30000000000000004,5.45,0.0776175613933397,0.062075814258035766
29,124,0.3500000000000001,5.45,0.08141197045949455,0.06241034150147401
30,124,0.3999999999999999,5.45,0.09477408205725235,0.06373626914777053
31,124,0.44999999999999996,5.45,0.12687749265439974,0.07041094552013738
32,124,0.5,5.45,0.1791126674648097,0.08770320875026771
33,124,0.55,5.45,0.2178250043559199,0.11487134433475876
34,124,0.6000000000000001,5.45,0.1975924082266256,0.1426702582910211
35,124,0.6499999999999999,5.45,0.12620167593261788,0.16170748477951968
36,124,0.7,5.45,0.05645342837114764,0.17065190717658052
37,124,0.75,5.45,0.029031805049372084,0.17366511665437123
0,125,-1.1,5.5,0.06286803305581457,-0.0755829842106237
1,125,-1.05,5.5,0.08411794415984969,-0.11505932782644918
2,125,-1.0,5.5,0.12578687638633373,-0.16447233766594432
3,125,-0.9500000000000001,5.5,0.15369577714796967,-0.21165805075126665
4,125,-0.9000000000000001,5.5,0.1503217646694771,-0.24124466833420344
5,125,-0.8500000000000001,5.5,0.11635537295459936,-0.2458711680592915
6,125,-0.8,5.5,0.07072056193202864,-0.22904159131980545
7,125,-0.75,5.5,0.038236771750433385,-0.20167379726681783
8,125,-0.7000000000000001,5.5,0.03449866396343787,-0.17623686359900081
9,125,-0.6500000000000001,5.5,0.05535947358769444,-0.16008761185149017
10,125,-0.6000000000000001,5.5,0.076532512284605,-0.15501434398559
11,125,-0.55,5.5,0.06513802926020218,-0.15870574066028403
12,125,-0.5,5.5,0.0031156160330719773,-0.16143318581559374
13,125,-0.45000000000000007,5.5,-0.08964429456543771,-0.14789588056652592
14,125,-0.4,5.5,-0.15956980585583508,-0.1105613339571282
15,125,-0.3500000000000001,5.5,-0.16356427703028198,-0.05915018318358056
16,125,-0.30000000000000004,5.5,-0.11102561486267981,-0.012917220252275652
17,125,-0.25,5.5,-0.04828890451648943,0.01557974562019615
18,125,-0.20000000000000007,5.5,-0.008144091967320077,0.02742838686861454
19,125,-0.15000000000000002,5.5,0.008965864958100922,0.030518601042380522
20,125,-0.10000000000000009,5.5,0.01636160253986746,0.03097263184745569
21,125,-0.050000000000000044,5.5,0.02400152740533318,0.031499098137227344
22,125,0.0,5.5,0.03575042934267192,0.03343516620030906
23,125,0.050000000000000044,5.5,0.05112352674909365,0.03772338613412446
24,125,0.10000000000000009,5.5,0.06691649821897738,0.04412207350560915
25,125,0.1499999999999999,5.5,0.07877947928516899,0.05093361337814489
26,125,0.19999999999999996,5.5,0.08323384265620737,0.05646983553632551
27,125,0.25,5.5,0.08123698368763227,0.060300201240101325
28,125,0.30000000000000004,5.5,0.07904718194096688,0.06301193678952322
29,125,0.3500000000000001,5.5,0.08308346996301841,0.06538384776549111
30,125,0.3999999999999999,5.5,0.09941218597620705,0.06874709273798019
31,125,0.44999999999999996,5.5,0.13869296465717273,0.07675480449951921
32,125,0.5,5.5,0.19997604267057767,0.09369462553015073
33,125,0.55,5.5,0.24315675239493684,0.11823957984857358
34,125,0.6000000000000001,5.5,0.2192070933195106,0.14212290129756056
35,125,0.6499999999999999,5.5,0.13945334255218766,0.1578198872579717
36,125,0.7,5.5,0.06249527032052227,0.1648493780053717
37,125,0.75,5.5,0.03234168339070198,0.16700234054801866
0,126,-1.1,5.550000000000001,0.022244566307337288,0.013414253263734355
1,126,-1.05,5.550000000000001,0.03585549586541337,-0.020376290312610623
2,126,-1.0,5.550000000000001,0.0680488124242995,-0.07126712645829925
3,126,-0.9500000000000001,5.550000000000001,0.10177446985860289,-0.13155219885935848
4,126,-0.9000000000000001,5.550000000000001,0.11962082111214661,-0.18302315634914662
5,126,-0.8500000000000001,5.550000000000001,0.11181483684384513,-0.2106768308512702
6,126,-0.8,5.550000000000001,0.08575615680661453,-0.21319370867210807
7,126,-0.75,5.550000000000001,0.060870442497320265,-0.1995808776752772
8,126,-0.7000000000000001,5.550000000000001,0.05428767902422582,-0.18079688963628493
9,126,-0.6500000000000001,5.550000000000001,0.06648197881910178,-0.16522004526525136
10,126,-0.6000000000000001,5.550000000000001,0.07813909594736934,-0.1586788659047897
11,126,-0.55,5.550000000000001,0.06393701670110719,-0.16086609649902356
12,126,-0.5,5.550000000000001,0.013258539670703284,-0.15968904602604472
13,126,-0.45000000000000007,5.550000000000001,-0.057231600536061245,-0.13838523973956351
14,126,-0.4,5.550000000000001,-0.10931803504339255,-0.0932852516887861
15,126,-0.3500000000000001,5.550000000000001,-0.11285004751042799,-0.03975449444531792
16,126,-0.30000000000000004,5.550000000000001,-0.07528198759885085,0.0021036932225956817
17,126,-0.25,5.550000000000001,-0.03064735487977477,0.024183279741051555
18,126,-0.20000000000000007,5.550000000000001,-0.002296699926022383,0.031751310289620804
19,126,-0.15000000000000002,5.550000000000001,0.010218560276668842,0.03344842726566516
20,126,-0.10000000000000009,5.550000000000001,0.016878360929405978,0.0341727443191181
21,126,-0.050000000000000044,5.550000000000001,0.02525592474754562,0.035212559020696144
22,126,0.0,5.550000000000001,0.03859165881546334,0.03689182185440315
23,126,0.050000000000000044,5.550000000000001,0.055865426442774646,0.039792876533918664
24,126,0.10000000000000009,5.550000000000001,0.0727096622519749,0.04397631168895799
25,126,0.1499999999999999,5.550000000000001,0.08423052724366692,0.048492927886476245
26,126,0.19999999999999996,5.550000000000001,0.08774390424978962,0.052747203861816805
27,126,0.25,5.550000000000001,0.08511441258309188,0.05713418670061393
28,126,0.30000000000000004,5.550000000000001,0.08270120791872948,0.061864953505326725
29,126,0.3500000000000001,5.550000000000001,0.08714712640795153,0.06666361535708099
30,126,0.3999999999999999,5.550000000000001,0.10614503879128045,0.07244221907875548
31,126,0.44999999999999996,5.550000000000001,0.15182502544657028,0.08264901102609246
32,126,0.5,5.550000000000001,0.22059744281386406,0.10040413257288938
33,126,0.55,5.550000000000001,0.2662532801233297,0.12288065847530116
34,126,0.6000000000000001,5.550000000000001,0.2371727156360237,0.14201250846237745
35,126,0.6499999999999999,5.550000000000001,0.14892815264042902,0.15248384632042922
36,126,0.7,5.550000000000001,0.0656358816611946,0.15571718433184834
37,126,0.75,5.550000000000001,0.03333773013466601,0.15572836558459535
0,127,-1.1,5.6000000000000005,-0.004713054096875391,0.08800319810574664
1,127,-1.05,5.6000000000000005,-0.0005634355621839116,0.0694479968310524
2,127,-1.0,5.6000000000000005,0.014610967839585876,0.034014466748301664
3,127,-0.9500000000000001,5.6000000000000005,0.041939747257122295,-0.018766844458466825
4,127,-0.9000000000000001,5.6000000000000005,0.07119713267756539,-0.07605549894443508
5,127,-0.8500000000000001,5.6000000000000005,0.0861848206316379,-0.11984089564361367
6,127,-0.8,5.6000000000000005,0.08181651510802163,-0.14189244250241373
7,127,-0.75,5.6000000000000005,0.07063359078625653,-0.1451461751224123
8,127,-0.7000000000000001,5.6000000000000005,0.06885949637346372,-0.1366898763914698
9,127,-0.6500000000000001,5.6000000000000005,0.07747749731918968,-0.12532495702132634
10,127,-0.6000000000000001,5.6000000000000005,0.0808864610508328,-0.12043261225624657
11,127,-0.55,5.6000000000000005,0.06412784913894715,-0.12368637819807016
12,127,-0.5,5.6000000000000005,0.02559647279253202,-0.12288807449247041
13,127,-0.45000000000000007,5.6000000000000005,-0.023240500228179084,-0.10272037795350575
14,127,-0.4,5.6000000000000005,-0.060939060561589486,-0.0623115874062502
15,127,-0.3500000000000001,5.6000000000000005,-0.0681753321189002,-0.017436232994259837
16,127,-0.30000000000000004,5.6000000000000005,-0.04708784067631033,0.014754319730500565
17,127,-0.25,5.6000000000000005,-0.018641287449464305,0.029764879517807097
18,127,-0.20000000000000007,5.6000000000000005,0.0011210555572935266,0.03417085782339957
19,127,-0.15000000000000002,5.6000000000000005,0.011387298987598216,0.03554195955342593
20,127,-0.10000000000000009,5.6000000000000005,0.018125734294898443,0.03712735242377113
21,127,-0.050000000000000044,5.6000000000000005,0.02672060494061823,0.038893182830737616
22,127,0.0,5.6000000000000005,0.04033074685589444,0.040207901430459325
23,127,0.050000000000000044,5.6000000000000005,0.05820801658364849,0.04127820187442649
24,127,0.10000000000000009,5.6000000000000005,0.07561654957153496,0.0426844457055528
25,127,0.1499999999999999,5.6000000000000005,0.0875503714580278,0.04467699789345442
26,127,0.19999999999999996,5.6000000000000005,0.09187510147034506,0.047819611009365104
27,127,0.25,5.6000000000000005,0.09035473333114219,0.05284748243034321
28,127,0.30000000000000004,5.6000000000000005,0.08857661059743394,0.05924761934736955
29,127,0.3500000000000001,5.6000000000000005,0.09366073553644716,0.06584973318572163
30,127,0.3999999999999999,5.6000000000000005,0.11539758164521852,0.07349588041697663
31,127,0.44999999999999996,5.6000000000000005,0.16665487815130664,0.08524047828979475
32,127,0.5,5.6000000000000005,0.24020769011978638,0.10184072829144353
33,127,0.55,5.6000000000000005,0.2847651282844249,0.11807838259222769
34,127,0.6000000000000001,5.6000000000000005,0.24881028116463866,0.1280398812479877
35,127,0.6499999999999999,5.6000000000000005,0.15315801842165855,0.13186619826381196
36,127,0.7,5.6000000000000005,0.0657397895846884,0.13299982096024954
37,127,0.75,5.6000000000000005,0.032364045896196014,0.13338601917822046
0,128,-1.1,5.65,-0.014865836242051178,0.14459241483004648
1,128,-1.05,5.65,-0.018133235492031607,0.1398105148244297
2,128,-1.0,5.65,-0.02016602886521973,0.12276300996621081
3,128,-0.9500000000000001,5.65,-0.00829549583413386,0.0865565422042161
4,128,-0.9000000000000001,5.65,0.018546769926999773,0.03563499072189502
5,128,-0.8500000000000001,5.65,0.04597789328586649,-0.013839286092353908
6,128,-0.8,5.65,0.0604508773278159,-0.04826379107346346
7,128,-0.75,5.65,0.0660730086082642,-0.06440667887881585
8,128,-0.7000000000000001,5.65,0.07410889712531177,-0.0665022806241275
9,128,-0.6500000000000001,5.65,0.082739242954325,-0.06355688954701455
10,128,-0.6000000000000001,5.65,0.07977767477062553,-0.06523986719368713
11,128,-0.55,5.65,0.06148155446488335,-0.07237528736682708
12,128,-0.5,5.65,0.03422453991526769,-0.0738197793642606
13,128,-0.45000000000000007,5.65,0.0033448865501589653,-0.05859487259627011
14,128,-0.4,5.65,-0.024033890084146636,-0.028740841167185505
15,128,-0.3500000000000001,5.65,-0.03578414037367722,0.0025646827800659966
16,128,-0.30000000000000004,5.65,-0.02808087508678392,0.02345996128132105
17,128,-0.25,5.65,-0.011230816786875764,0.03227324275540677
18,128,-0.20000000000000007,5.65,0.003480380109596448,0.03474196096796056
19,128,-0.15000000000000002,5.65,0.013175054877040404,0.03623732162812199
20,128,-0.10000000000000009,5.65,0.020229584206717666,0.038468364525116594
21,128,-0.050000000000000044,5.65,0.028336473754233815,0.040673257775174776
22,128,0.0,5.65,0.04097667785915221,0.041743377715704466
23,128,0.050000000000000044,5.65,0.05834197071786812,0.04160331316069715
24,128,0.10000000000000009,5.65,0.07610845827100282,0.04124037886275411
25,128,0.1499999999999999,5.65,0.08936569254747923,0.041905288262062135
26,128,0.19999999999999996,5.65,0.0959143887866784,0.04472059416114227
27,128,0.25,5.65,0.09654242092109633,0.05012555505679972
28,128,0.30000000000000004,5.65,0.0957034586741079,0.057040544377505165
29,128,0.3500000000000001,5.65,0.10139538747755861,0.06397236006712936
30,128,0.3999999999999999,5.65,0.12553578389535358,0.07191952178762062
31,128,0.44999999999999996,5.65,0.18016987332103718,0.08331092262549356
32,128,0.5,5.65,0.253435347116297,0.09583350285898129
33,128,0.55,5.65,0.2924524330798739,0.10183338992746593
34,128,0.6000000000000001,5.65,0.250960531307608,0.09995918480609045
35,128,0.6499999999999999,5.65,0.15388809235269085,0.09831224520457538
36,128,0.7,5.65,0.0671557025756031,0.10121207726934478
37,128,0.75,5.65,0.03411012657060786,0.10573482618112529
0,129,-1.1,5.7,-0.014276854108108972,0.1670067884189072
1,129,-1.05,5.7,-0.022392840426019578,0.1683564992731429
2,129,-1.0,5.7,-0.03864300478062771,0.16113619976620114
3,129,-0.9500000000000001,5.7,-0.045188271987193496,0.13735419702356533
4,129,-0.9000000000000001,5.7,-0.029198695619004622,0.09753625877089306
5,129,-0.8500000000000001,5.7,0.002286038836279425,0.054224492861146556
6,129,-0.8,5.7,0.031249122321559686,0.020796972412521486
7,129,-0.75,5.7,0.05239510123559249,0.002011679189797
8,129,-0.7000000000000001,5.7,0.06970928570526502,-0.005839786146878689
9,129,-0.6500000000000001,5.7,0.07873991074963005,-0.01120616721375034
10,129,-0.6000000000000001,5.7,0.07206806323102027,-0.020518065089936144
11,129,-0.55,5.7,0.05554793696837368,-0.030947884824195915
12,129,-0.5,5.7,0.03937688756308899,-0.03286532496140998
13,129,-0.45000000000000007,5.7,0.021838437968896007,-0.02115260772195038
14,129,-0.4,5.7,0.00022049481474661903,-0.0007929491218974793
15,129,-0.3500000000000001,5.7,-0.015974529670393645,0.018411954443998402
16,129,-0.30000000000000004,5.7,-0.017379280700969557,0.0299391060236473
17,129,-0.25,5.7,-0.0073592877628247955,0.03407193961093319
18,129,-0.20000000000000007,5.7,0.005085134430008742,0.03501716267190286
19,129,-0.15000000000000002,5.7,0.015113702544754248,0.03611291770199976
20,129,-0.10000000000000009,5.7,0.02256167044195123,0.03818282363663883
21,129,-0.050000000000000044,5.7,0.029995618131206103,0.0404385462207163
22,129,0.0,5.7,0.041260802241416816,0.04173815717014501
23,129,0.050000000000000044,5.7,0.05770501773069814,0.04165388783447854
24,129,0.10000000000000009,5.7,0.07591852467289995,0.04112990292071045
25,129,0.1499999999999999,5.7,0.09103058675641595,0.041870118749813556
26,129,0.19999999999999996,5.7,0.10009536826508264,0.04490108195816411
27,129,0.25,5.7,0.10267468354750509,0.04997543531412574
28,129,0.30000000000000004,5.7,0.10242341560776358,0.05589338904112562
29,129,0.3500000000000001,5.7,0.10853971294656262,0.06160253966906226
30,129,0.3999999999999999,5.7,0.1347361442035827,0.06846297152318603
31,129,0.44999999999999996,5.7,0.1905688592226673,0.07840639691559348
32,129,0.5,5.7,0.25873015742175876,0.08710024137934758
33,129,0.55,5.7,0.28889081023153407,0.08597195379210776
34,129,0.6000000000000001,5.7,0.2452891364417481,0.07759373469142183
35,129,0.6499999999999999,5.7,0.15441091088491288,0.07482986875132547
36,129,0.7,5.7,0.07316237056123831,0.08102349293912181
37,129,0.75,5.7,0.041409543719757025,0.08929477498905158
0,130,-1.1,5.75,-0.012166414533579806,0.13564450736416572
1,130,-1.05,5.75,-0.024003824144737673,0.13547005918280397
2,130,-1.0,5.75,-0.051168331114797294,0.12900091263344654
3,130,-0.9500000000000001,5.75,-0.07189543682944194,0.1127525921199915
4,130,-0.9000000000000001,5.75,-0.064582934235419,0.08861494942868475
5,130,-0.8500000000000001,5.75,-0.030761393072505083,0.06368024174517095
6,130,-0.8,5.75,0.008238063656466343,0.04462077640485368
7,130,-0.75,5.75,0.03943625004886403,0.033528643271096836
8,130,-0.7000000000000001,5.75,0.06089105072176443,0.026713352600264695
9,130,-0.6500000000000001,5.75,0.06806096401126754,0.017512522313483936
10,130,-0.6000000000000001,5.75,0.060035957160179954,0.0041775001726296335
11,130,-0.55,5.75,0.04913429459340951,-0.006370084836792855
12,130,-0.5,5.75,0.04401981701751323,-0.006373134323371665
13,130,-0.45000000000000007,5.75,0.03541726238967147,0.004013138683097717
14,130,-0.4,5.75,0.015530672081802144,0.018162362181122493
15,130,-0.3500000000000001,5.75,-0.005052085228132441,0.02950819310917313
16,130,-0.30000000000000004,5.75,-0.012420889919849132,0.03524646201941983
17,130,-0.25,5.75,-0.006152760138620206,0.03648203916788939
18,130,-0.20000000000000007,5.75,0.005521358200663018,0.03612144890154517
19,130,-0.15000000000000002,5.75,0.016340715841776376,0.036347839611116095
20,130,-0.10000000000000009,5.75,0.024555212725434206,0.03778009613186084
21,130,-0.050000000000000044,5.75,0.03189180728773999,0.03995857959815857
22,130,0.0,5.75,0.042192019472914455,0.04188338152483151
23,130,0.050000000000000044,5.75,0.05773371646843356,0.04271073937252262
24,130,0.10000000000000009,5.75,0.07632468918633784,0.04293201605138852
25,130,0.1499999999999999,5.75,0.09313687158493289,0.044172872477901415
26,130,0.19999999999999996,5.75,0.10401970535099059,0.047135896897011476
27,130,0.25,5.75,0.10753472800405783,0.05103869920598192
28,130,0.30000000000000004,5.75,0.10733056302904442,0.0549310399032954
29,130,0.3500000000000001,5.75,0.11396496995961902,0.058637484853326094
30,130,0.3999999999999999,5.75,0.1423396411418848,0.06382401975743246
31,130,0.44999999999999996,5.75,0.19880714317719872,0.07200818622141003
32,130,0.5,5.75,0.2610009039928113,0.07908658967243076
33,130,0.55,5.75,0.28294592639194815,0.07842203983402019
34,130,0.6000000000000001,5.75,0.2398184462668257,0.07317052728515017
35,130,0.6499999999999999,5.75,0.15731785060039083,0.07311378446503036
36,130,0.7,5.75,0.08162060881332922,0.07924745259913712
37,130,0.75,5.75,0.050652690670467404,0.08566398057015367
0,131,-1.1,5.800000000000001,-0.014625750470832477,0.05319601255432571
1,131,-1.05,5.800000000000001,-0.02903643515673876,0.04924384054271508
2,131,-1.0,5.800000000000001,-0.06136047184344018,0.04307112388658968
3,131,-0.9500000000000001,5.800000000000001,-0.08557423519195528,0.03757148483182704
4,131,-0.9000000000000001,5.800000000000001,-0.07827104599382517,0.035549726674547755
5,131,-0.8500000000000001,5.800000000000001,-0.04170813418755165,0.03583965102128245
6,131,-0.8,5.800000000000001,0.0010975238474855709,0.03639977191361082
7,131,-0.75,5.800000000000001,0.034487677431003505,0.03689877475915038
8,131,-0.7000000000000001,5.800000000000001,0.05369316474765212,0.03492799555254722
9,131,-0.6500000000000001,5.800000000000001,0.05620405832199499,0.026496186559532287
10,131,-0.6000000000000001,5.800000000000001,0.04818545608074348,0.013880396276493012
11,131,-0.55,5.800000000000001,0.04499730247237238,0.006181502891887403
12,131,-0.5,5.800000000000001,0.04976011108297956,0.008813450586294957
13,131,-0.45000000000000007,5.800000000000001,0.046373934473390166,0.018480445987734684
14,131,-0.4,5.800000000000001,0.025715549240822033,0.028934832008911393
15,131,-0.3500000000000001,5.800000000000001,0.0011095701679036951,0.03631159085220076
16,131,-0.30000000000000004,5.800000000000001,-0.010405434642253297,0.03955614441818217
17,131,-0.25,5.800000000000001,-0.006484300880699456,0.03963148262370403
18,131,-0.20000000000000007,5.800000000000001,0.004950934873235446,0.03857916923846294
19,131,-0.15000000000000002,5.800000000000001,0.016772349775069917,0.038144629589823564
20,131,-0.10000000000000009,5.800000000000001,0.02617241042899371,0.03902027918435219
21,131,-0.050000000000000044,5.800000000000001,0.03409890352417677,0.04098384239189262
22,131,0.0,5.800000000000001,0.044012962015780865,0.04316765308762377
23,131,0.050000000000000044,5.800000000000001,0.05875365225725515,0.04458294901428489
24,131,0.10000000000000009,5.800000000000001,0.07738065777827874,0.04533951656755686
25,131,0.1499999999999999,5.800000000000001,0.09523446760203891,0.04665767432141754
26,131,0.19999999999999996,5.800000000000001,0.10696119499316314,0.048917638199088564
27,131,0.25,5.800000000000001,0.11046982655378901,0.05122274499266111
28,131,0.30000000000000004,5.800000000000001,0.11002220125510775,0.05298456036209542
29,131,0.3500000000000001,5.800000000000001,0.11743269280069968,0.054781712458703
30,131,0.3999999999999999,5.800000000000001,0.14810684557166665,0.05833987545417696
31,131,0.44999999999999996,5.800000000000001,0.2058314291376656,0.06467892003923559
32,131,0.5,5.800000000000001,0.2651440110343689,0.07105173497515604
33,131,0.55,5.800000000000001,0.28297474784425347,0.07366317265401712
34,131,0.6000000000000001,5.800000000000001,0.23998088107275828,0.07317347724015877
35,131,0.6499999999999999,5.800000000000001,0.16048783619889984,0.0723888806297529
36,131,0.7,5.800000000000001,0.08571256666636162,0.07177089251010904
37,131,0.75,5.800000000000001,0.054242599661790125,0.07071749562430951
0,132,-1.1,5.8500000000000005,-0.02007075855680107,-0.04172968367682023
1,132,-1.05,5.8500000000000005,-0.034128712812473705,-0.04558657508393488
2,132,-1.0,5.8500000000000005,-0.06284068682568533,-0.04527322124846772
3,132,-0.9500000000000001,5.8500000000000005,-0.07941683404148386,-0.03493092559005123
4,132,-0.9000000000000001,5.8500000000000005,-0.06631476804596359,-0.01502948874402582
5,132,-0.8500000000000001,5.8500000000000005,-0.029911347833442015,0.005645799790380823
6,132,-0.8,5.8500000000000005,0.009297187394334272,0.02051833688018201
7,132,-0.75,5.8500000000000005,0.037964473687800426,0.029432528618871245
8,132,-0.7000000000000001,5.8500000000000005,0.05048846252214634,0.03179379779456287
9,132,-0.6500000000000001,5.8500000000000005,0.04701336473521334,0.02610619811251269
10,132,-0.6000000000000001,5.8500000000000005,0.03972127349253507,0.01701625967835796
11,132,-0.55,5.8500000000000005,0.044067348903211456,0.013292792629620576
12,132,-0.5,5.8500000000000005,0.05631876011336051,0.01785622683870447
13,132,-0.45000000000000007,5.8500000000000005,0.0555386438122879,0.026475774194870405
14,132,-0.4,5.8500000000000005,0.03336181694626822,0.03456889544921127
15,132,-0.3500000000000001,5.8500000000000005,0.0055692271811383365,0.040248922713886914
16,132,-0.30000000000000004,5.8500000000000005,-0.009100998148345862,0.04299271740345639
17,132,-0.25,5.8500000000000005,-0.007129735318339436,0.043170859610056345
18,132,-0.20000000000000007,5.8500000000000005,0.004034505166782554,0.04216494329720294
19,132,-0.15000000000000002,5.8500000000000005,0.016781825787665627,0.04151154757074366
20,132,-0.10000000000000009,5.8500000000000005,0.027394425527503263,0.04195320393942492
21,132,-0.050000000000000044,5.8500000000000005,0.03603918119101157,0.04329327990966636
22,132,0.0,5.8500000000000005,0.04579112609530672,0.044759411787922976
23,132,0.050000000000000044,5.8500000000000005,0.05990557994836665,0.04561375446920535
24,132,0.10000000000000009,5.8500000000000005,0.07839941449347049,0.04594698198250147
25,132,0.1499999999999999,5.8500000000000005,0.0967149932164646,0.04655915299360769
26,132,0.19999999999999996,5.8500000000000005,0.10858477602223415,0.04764629253122432
27,132,0.25,5.8500000000000005,0.11160165016706469,0.048543627832336456
28,132,0.30000000000000004,5.8500000000000005,0.11088953049508632,0.04889500785228873
29,132,0.3500000000000001,5.8500000000000005,0.11932028505170056,0.049529122465463704
30,132,0.3999999999999999,5.8500000000000005,0.15223684872241738,0.051964792718474095
31,132,0.44999999999999996,5.8500000000000005,0.2115190026981778,0.056426898156715644
32,132,0.5,5.8500000000000005,0.2699851566075928,0.06017787486477022
33,132,0.55,5.8500000000000005,0.2850676686569509,0.05989057795870889
34,132,0.6000000000000001,5.8500000000000005,0.23854415424256148,0.054161243030474426
35,132,0.6499999999999999,5.8500000000000005,0.1559152658703411,0.04397041416518421
36,132,0.7,5.8500000000000005,0.07994922380788583,0.03311791653992313
37,132,0.75,5.8500000000000005,0.048545896898868346,0.025179896457867557
0,133,-1.1,5.9,-0.022339533285061774,-0.09682310325508342
1,133,-1.05,5.9,-0.03257997272838625,-0.09620668802753668
2,133,-1.0,5.9,-0.05070482234955653,-0.08667211993116597
3,133,-0.9500000000000001,5.9,-0.05533050268751338,-0.06406571259426147
4,133,-0.9000000000000001,5.9,-0.03769432061339312,-0.03337395570724766
5,133,-0.8500000000000001,5.9,-0.006160308563343819,-0.005709624306754202
6,133,-0.8,5.9,0.024884252675975993,0.01335426711351756
7,133,-0.75,5.9,0.04576313834538437,0.024707142168194363
8,133,-0.7000000000000001,5.9,0.05036683424129357,0.02845886306057671
9,133,-0.6500000000000001,5.9,0.041426520205790074,0.024837417069792644
10,133,-0.6000000000000001,5.9,0.03537205059785137,0.019445320910981834
11,133,-0.55,5.9,0.04583726963271889,0.01925312074233798
12,133,-0.5,5.9,0.06294309264822939,0.024934392757560986
13,133,-0.45000000000000007,5.9,0.06308660308389696,0.03221036164244212
14,133,-0.4,5.9,0.03948869775983854,0.03809211357659881
15,133,-0.3500000000000001,5.9,0.00953339212214882,0.042305373438225324
16,133,-0.30000000000000004,5.9,-0.007483497746083867,0.04492435314127796
17,133,-0.25,5.9,-0.00731207498695291,0.045787102860467555
18,133,-0.20000000000000007,5.9,0.0032916228339227582,0.045426608551665526
19,133,-0.15000000000000002,5.9,0.0165606104172919,0.044919481468421174
20,133,-0.10000000000000009,5.9,0.027954142767916412,0.04491109351698219
21,133,-0.050000000000000044,5.9,0.036905111372674826,0.04521380928348251
22,133,0.0,5.9,0.04633343657531985,0.04523926151743074
23,133,0.050000000000000044,5.9,0.05994122245183364,0.04462412232426799
24,133,0.10000000000000009,5.9,0.07832605630268108,0.043514298330639134
25,133,0.1499999999999999,5.9,0.09693377815076176,0.04245455178815527
26,133,0.19999999999999996,5.9,0.10894566983189191,0.041917170895861555
27,133,0.25,5.9,0.11171854187485342,0.04190658768321809
28,133,0.30000000000000004,5.9,0.111007695888235,0.0421448712203909
29,133,0.3500000000000001,5.9,0.12050247766688504,0.042941924428074874
30,133,0.3999999999999999,5.9,0.15500462126291858,0.04498607873598237
31,133,0.44999999999999996,5.9,0.21404451128396174,0.047177788561129086
32,133,0.5,5.9,0.26860769083636216,0.045181781996427306
33,133,0.55,5.9,0.2769581160099577,0.034538614893124264
34,133,0.6000000000000001,5.9,0.2240607172792336,0.015298518943681061
35,133,0.6499999999999999,5.9,0.13944450970834854,-0.006633051564534087
36,133,0.7,5.9,0.06692204895904497,-0.023634429882160024
37,133,0.75,5.9,0.038366559497678976,-0.03285452273767808
0,134,-1.1,5.95,-0.01883792810170759,-0.09043450560288241
1,134,-1.05,5.95,-0.023977729488556254,-0.08565321697458717
2,134,-1.0,5.95,-0.030699711392410123,-0.07188338664271265
3,134,-0.9500000000000001,5.95,-0.026118669817565554,-0.047894570873053544
4,134,-0.9000000000000001,5.95,-0.007958679758456322,-0.02002111382699734
5,134,-0.8500000000000001,5.95,0.016816874987323205,0.0032406383481906054
6,134,-0.8,5.95,0.039713953869282836,0.019056348713666627
7,134,-0.75,5.95,0.05306906963485958,0.02797419581182292
8,134,-0.7000000000000001,5.95,0.05061873742374462,0.029640970265948086
9,134,-0.6500000000000001,5.95,0.03799982258561846,0.02583673583737983
10,134,-0.6000000000000001,5.95,0.03413697716508041,0.022703114215404108
11,134,-0.55,5.95,0.04955642074979061,0.025083243615386386
12,134,-0.5,5.95,0.06927600101346465,0.03154482455088148
13,134,-0.45000000000000007,5.95,0.06869636463132572,0.03744780734421693
14,134,-0.4,5.95,0.04345682874205142,0.040694405474213935
15,134,-0.3500000000000001,5.95,0.012401466745817491,0.04260437212587731
16,134,-0.30000000000000004,5.95,-0.005619268726103632,0.0445190291398645
17,134,-0.25,5.95,-0.006627479907951872,0.04610508191295687
18,134,-0.20000000000000007,5.95,0.0031668837747361733,0.04679177787151989
19,134,-0.15000000000000002,5.95,0.016266310752982294,0.04676482444248231
20,134,-0.10000000000000009,5.95,0.027688753342564598,0.046375689522387964
21,134,-0.050000000000000044,5.95,0.03636734919146012,0.045580736877705585
22,134,0.0,5.95,0.0452014391360922,0.044139221722075406
23,134,0.050000000000000044,5.95,0.058180616761575044,0.041925028939508446
24,134,0.10000000000000009,5.95,0.07622984395735777,0.03891674566846359
25,134,0.1499999999999999,5.95,0.09511786578168702,0.035506822039834685
26,134,0.19999999999999996,5.95,0.10803681191729697,0.032870601070115746
27,134,0.25,5.95,0.11182935049159404,0.03214143253101043
28,134,0.30000000000000004,5.95,0.1119248672399431,0.03330447359951916
29,134,0.3500000000000001,5.95,0.12216149256729203,0.035702948051402617
30,134,0.3999999999999999,5.95,0.1564727128554716,0.0384579511198746
31,134,0.44999999999999996,5.95,0.21171470595862274,0.038946410934827536
32,134,0.5,5.95,0.257345982939588,0.031852693578246494
33,134,0.55,5.95,0.25518440560420463,0.012821694178202225
34,134,0.6000000000000001,5.95,0.19737248778490313,-0.015147614307511326
35,134,0.6499999999999999,5.95,0.11698231704450002,-0.04163739147418466
36,134,0.7,5.95,0.05372775263474183,-0.05833923968511734
37,134,0.75,5.95,0.03010571118783223,-0.06533411003282863
0,135,-1.1,6.0,-0.012776956028471287,-0.046273872124075466
1,135,-1.05,6.0,-0.014028853768216498,-0.040804771958184716
2,135,-1.0,6.0,-0.012946176248022911,-0.02931553590949515
3,135,-0.9500000000000001,6.0,-0.0034682298717980675,-0.011910888982148704
4,135,-0.9000000000000001,6.0,0.013440888607851031,0.006786651541502431
5,135,-0.8500000000000001,6.0,0.032917153977320146,0.021844978364066736
6,135,-0.8,6.0,0.04961781013960831,0.03177113812448673
7,135,-0.75,6.0,0.05634775989766583,0.03572966258289373
8,135,-0.7000000000000001,6.0,0.04822937426685048,0.03308553018164351
9,135,-0.6500000000000001,6.0,0.034488664155246096,0.027514515154960784
10,135,-0.6000000000000001,6.0,0.03461855837585792,0.02557982928038438
11,135,-0.55,6.0,0.05467897996819626,0.029959763323004485
12,135,-0.5,6.0,0.07530765637705994,0.03718827736147845
13,135,-0.45000000000000007,6.0,0.07223618400722942,0.04201579772089792
14,135,-0.4,6.0,0.04464526254149892,0.04274303160980153
15,135,-0.3500000000000001,6.0,0.013358015787799382,0.04193661561056217
16,135,-0.30000000000000004,6.0,-0.003982787959004308,0.04241816737539761
17,135,-0.25,6.0,-0.005039326255297516,0.04425275812853735
18,135,-0.20000000000000007,6.0,0.0039513653634482004,0.04599082869204407
19,135,-0.15000000000000002,6.0,0.016144522068159972,0.046684287277039827
20,135,-0.10000000000000009,6.0,0.026770055203139687,0.04616290823496516
21,135,-0.050000000000000044,6.0,0.03466864357236227,0.04456637982765188
22,135,0.0,6.0,0.042677728637122714,0.042032376678684535
23,135,0.050000000000000044,6.0,0.05471874639822183,0.038534285903113474
24,135,0.10000000000000009,6.0,0.07190784940300732,0.03383023711839739
25,135,0.1499999999999999,6.0,0.09088763355241392,0.028202790249395315
26,135,0.19999999999999996,6.0,0.10558028032306765,0.023416558668467036
27,135,0.25,6.0,0.11215241440425683,0.021710202355698094
28,135,0.30000000000000004,6.0,0.11456921140862719,0.023793937963193512
29,135,0.3500000000000001,6.0,0.1256559551872405,0.028574739445634267
30,135,0.3999999999999999,6.0,0.1582480841463435,0.033705972371823045
31,135,0.44999999999999996,6.0,0.20743925374233363,0.03534795373217825
32,135,0.5,6.0,0.24248297407973685,0.028590304268293343
33,135,0.55,6.0,0.22995780812419986,0.01043938147979595
34,135,0.6000000000000001,6.0,0.16960163162684672,-0.015199719936613287
35,135,0.6499999999999999,6.0,0.09625288433074253,-0.03820220241526395
36,135,0.7,6.0,0.043225330400400996,-0.05179172078019323
37,135,0.75,6.0,0.024376818802256395,-0.05716607441192123
0,136,-1.1,6.050000000000001,-0.00789972776992609,-0.0007437969313933701
1,136,-1.05,6.050000000000001,-0.007019393273975938,0.003087497988489285
2,136,-1.0,6.050000000000001,-0.0018058284163741112,0.010073749199032977
3,136,-0.9500000000000001,6.050000000000001,0.009983517633432026,0.01989566901774653
4,136,-0.9000000000000001,6.050000000000001,0.02579718758775912,0.02990713657528593
5,136,-0.8500000000000001,6.050000000000001,0.041801361570307505,0.03745878445692352
6,136,-0.8,6.050000000000001,0.05359863808810983,0.0413490883695411
7,136,-0.75,6.050000000000001,0.054383461692016355,0.040020110457726354
8,136,-0.7000000000000001,6.050000000000001,0.042403589995811675,0.03355253257165236
9,136,-0.6500000000000001,6.050000000000001,0.030494121684359332,0.02722155566756146
10,136,-0.6000000000000001,6.050000000000001,0.03658222533312411,0.02719983620575711
11,136,-0.55,6.050000000000001,0.06116486883088468,0.03390791823942835
12,136,-0.5,6.050000000000001,0.08133203541135808,0.042193996321932825
13,136,-0.45000000000000007,6.050000000000001,0.0742511188796488,0.04643579504657325
14,136,-0.4,6.050000000000001,0.04337764663171567,0.04521065401251301
15,136,-0.3500000000000001,6.050000000000001,0.01207660251141357,0.04179967270030005
16,136,-0.30000000000000004,6.050000000000001,-0.0033031262081284485,0.040248228063716196
17,136,-0.25,6.050000000000001,-0.0030548185913054082,0.041538986498240726
18,136,-0.20000000000000007,6.050000000000001,0.005598412923238649,0.043919919844941646
19,136,-0.15000000000000002,6.050000000000001,0.016438390295903382,0.04535626801905002
20,136,-0.10000000000000009,6.050000000000001,0.025570845893176652,0.044964378108763026
21,136,-0.050000000000000044,6.050000000000001,0.03223681763517949,0.04294055667839802
22,136,0.0,6.050000000000001,0.0391693452115538,0.03971275684657771
23,136,0.050000000000000044,6.050000000000001,0.049978477201287896,0.03536201904637715
24,136,0.10000000000000009,6.050000000000001,0.06589834830363961,0.029622662602664662
25,136,0.1499999999999999,6.050000000000001,0.08470418733175666,0.022722734811395084
26,136,0.19999999999999996,6.050000000000001,0.10154422402359975,0.016542869552613748
27,136,0.25,6.050000000000001,0.11220672978632051,0.013919899395085089
28,136,0.30000000000000004,6.050000000000001,0.11878940432987928,0.016543193230320052
29,136,0.3500000000000001,6.050000000000001,0.13207352697592156,0.02384075797617402
30,136,0.3999999999999999,6.050000000000001,0.16324592714201558,0.032857728291547095
31,136,0.44999999999999996,6.050000000000001,0.20659903785509304,0.03869680956853527
32,136,0.5,6.050000000000001,0.2324374106872057,0.0365728506156654
33,136,0.55,6.050000000000001,0.211394381399298,0.024664585539675432
34,136,0.6000000000000001,6.050000000000001,0.14873090388984322,0.006612189756100562
35,136,0.6499999999999999,6.050000000000001,0.08039031620092008,-0.009895643000248366
36,136,0.7,6.050000000000001,0.034763880638084554,-0.019982672443611404
37,136,0.75,6.050000000000001,0.019357003924376226,-0.024463361887244184
0,137,-1.1,6.1000000000000005,-0.005114366188705977,0.029394234743206626
1,137,-1.05,6.1000000000000005,-0.0032113076377901506,0.03143909628209096
2,137,-1.0,6.1000000000000005,0.0038619947812343347,0.034877020736134856
3,137,-0.9500000000000001,6.1000000000000005,0.016365157504454886,0.039031931371700246
4,137,-0.9000000000000001,6.1000000000000005,0.031004004047028022,0.042262838331638686
5,137,-0.8500000000000001,6.1000000000000005,0.04435910577157531,0.04345870654140105
6,137,-0.8,6.1000000000000005,0.05217913614041114,0.04199495539271347
7,137,-0.75,6.1000000000000005,0.04855120409977709,0.03674051481346474
8,137,-0.7000000000000001,6.1000000000000005,0.03543081947668558,0.029012881736133478
9,137,-0.6500000000000001,6.1000000000000005,0.028135967789350846,0.024528642879321494
10,137,-0.6000000000000001,6.1000000000000005,0.04130492094772481,0.027890131445590938
11,137,-0.55,6.1000000000000005,0.06967314008437198,0.03746156418218183
12,137,-0.5,6.1000000000000005,0.08783553318420484,0.04708478202259003
13,137,-0.45000000000000007,6.1000000000000005,0.0752528416978096,0.05107202273275685
14,137,-0.4,6.1000000000000005,0.04000914019522572,0.04833251006830075
15,137,-0.3500000000000001,6.1000000000000005,0.00839558983900257,0.042703396292215756
16,137,-0.30000000000000004,6.1000000000000005,-0.004243474161063632,0.03908611900831055
17,137,-0.25,6.1000000000000005,-0.0013676344740720658,0.03929621856929133
18,137,-0.20000000000000007,6.1000000000000005,0.007768646884257491,0.041659632270200364
19,137,-0.15000000000000002,6.1000000000000005,0.01718898033198135,0.04349554166893671
20,137,-0.10000000000000009,6.1000000000000005,0.024354343862487693,0.04332456348360769
21,137,-0.050000000000000044,6.1000000000000005,0.029417022310176955,0.041238426488505175
22,137,0.0,6.1000000000000005,0.03509919100510184,0.037829377381953244
23,137,0.050000000000000044,6.1000000000000005,0.04462865215430878,0.033326443475999445
24,137,0.10000000000000009,6.1000000000000005,0.059268565168025256,0.02760281826407529
25,137,0.1499999999999999,6.1000000000000005,0.077807840502363,0.020886540750140736
26,137,0.19999999999999996,6.1000000000000005,0.09677744490675766,0.014793044215091755
27,137,0.25,6.1000000000000005,0.11215273808196313,0.012213199252942286
28,137,0.30000000000000004,6.1000000000000005,0.12449006998971612,0.01566538552079111
29,137,0.3500000000000001,6.1000000000000005,0.14197049024846753,0.02552124148290258
30,137,0.3999999999999999,6.1000000000000005,0.17310413573870476,0.03886692462356678
31,137,0.44999999999999996,6.1000000000000005,0.21115437606645193,0.049626539337603304
32,137,0.5,6.1000000000000005,0.228450750050877,0.05184233927831683
33,137,0.55,6.1000000000000005,0.19999714726463502,0.044345953300354846
34,137,0.6000000000000001,6.1000000000000005,0.13504140308692292,0.031851434479558405
35,137,0.6499999999999999,6.1000000000000005,0.06965802213103056,0.020864087637840756
36,137,0.7,6.1000000000000005,0.02865761151340518,0.014399908726076549
37,137,0.75,6.1000000000000005,0.015415439914990836,0.011525612342236924
0,138,-1.1,6.15,-0.0038100046921574204,0.04619261934694224
1,138,-1.05,6.15,-0.0015366072810477083,0.04698819755606959
2,138,-1.0,6.15,0.005787006673235173,0.0479112713376853
3,138,-0.9500000000000001,6.15,0.017369335228935856,0.04773020467474687
4,138,-0.9000000000000001,6.15,0.03022396275745992,0.04540825598814496
5,138,-0.8500000000000001,6.15,0.04153347863138229,0.04139419930697025
6,138,-0.8,6.15,0.04688044636017352,0.036050271161142955
7,138,-0.75,6.15,0.04140138803543636,0.029024874716767624
8,138,-0.7000000000000001,6.15,0.030191718061668427,0.022541523984897227
9,138,-0.6500000000000001,6.15,0.029371371393816792,0.02155506028843318
10,138,-0.6000000000000001,6.15,0.04951514663598444,0.02845691064099598
11,138,-0.55,6.15,0.08035951940788377,0.04024864983695753
12,138,-0.5,6.15,0.0949424939619331,0.05070170597599205
13,138,-0.45000000000000007,6.15,0.07549884692535952,0.05443095312428148
14,138,-0.4,6.15,0.03500902019117458,0.05074594509712038
15,138,-0.3500000000000001,6.15,0.00283021145142337,0.043956654097022096
16,138,-0.30000000000000004,6.15,-0.0067103039310528745,0.03921285763481219
17,138,-0.25,6.15,-0.00048130532941559334,0.03844101684652046
18,138,-0.20000000000000007,6.15,0.00979773602288403,0.04016000917799967
19,138,-0.15000000000000002,6.15,0.01810332150931071,0.04184861495167835
20,138,-0.10000000000000009,6.15,0.023313730712745118,0.04192407582514657
21,138,-0.050000000000000044,6.15,0.026741631533525045,0.040255520021263425
22,138,0.0,6.15,0.03125736219904807,0.03738561853897315
23,138,0.050000000000000044,6.15,0.03975191808340994,0.03364165077017922
24,138,0.10000000000000009,6.15,0.0534584455777809,0.029125094914418392
25,138,0.1499999999999999,6.15,0.07189441328277313,0.02416506821538933
26,138,0.19999999999999996,6.15,0.0928708825264013,0.019906063382986172
27,138,0.25,6.15,0.11307907109201987,0.018755429728743445
28,138,0.30000000000000004,6.15,0.13209744655983957,0.02357267058883561
29,138,0.3500000000000001,6.15,0.15527506607869723,0.03550504273168553
30,138,0.3999999999999999,6.15,0.1873512249967163,0.05186408013790944
31,138,0.44999999999999996,6.15,0.2195744525098431,0.0657101237513269
32,138,0.5,6.15,0.22715682464995723,0.0697591608756487
33,138,0.55,6.15,0.19140347660053958,0.06332586716181254
34,138,0.6000000000000001,6.15,0.12524903822732913,0.05312684027706793
35,138,0.6499999999999999,6.15,0.06293879044743822,0.04582069322797422
36,138,0.7,6.15,0.025425405342480722,0.04286190988998406
37,138,0.75,6.15,0.013608411156696976,0.04249125837013257
0,139,-1.1,6.2,-0.0035232097704512855,0.05623929762178709
1,139,-1.05,6.2,-0.001492655647047092,0.05598239038600766
2,139,-1.0,6.2,0.004604001899911614,0.05447038490658945
3,139,-0.9500000000000001,6.2,0.013862142154914547,0.05033918165747525
4,139,-0.9000000000000001,6.2,0.0246679986792514,0.043554056484561565
5,139,-0.8500000000000001,6.2,0.035001120944573305,0.03604363844956604
6,139,-0.8,6.2,0.03980981155020852,0.028907798953130004
7,139,-0.75,6.2,0.03504245692353136,0.022267285731511766
8,139,-0.7000000000000001,6.2,0.02796100504835114,0.018528860816102444
9,139,-0.6500000000000001,6.2,0.0340513544454496,0.02115952384835612
10,139,-0.6000000000000001,6.2,0.05999851049624916,0.030486093802964964
11,139,-0.55,6.2,0.09191793541936805,0.04291459316023871
12,139,-0.5,6.2,0.10201783647152879,0.05281413248845096
13,139,-0.45000000000000007,6.2,0.07529708081893793,0.05564465797290197
14,139,-0.4,6.2,0.02953484116796634,0.0515264269511817
15,139,-0.3500000000000001,6.2,-0.0031374976233056184,0.04506465775584778
16,139,-0.30000000000000004,6.2,-0.009759111411565269,0.04074390012183293
17,139,-0.25,6.2,-0.00042048293088459143,0.039718058257927624
18,139,-0.20000000000000007,6.2,0.011176244989415385,0.04071748105301809
19,139,-0.15000000000000002,6.2,0.018953046979128252,0.04206745224541397
20,139,-0.10000000000000009,6.2,0.022761248932072764,0.04255412906112033
21,139,-0.050000000000000044,6.2,0.02487856502400354,0.041773285304656516
22,139,0.0,6.2,0.028485321754017634,0.04002905647642663
23,139,0.050000000000000044,6.2,0.03636812852975402,0.03772118626902521
24,139,0.10000000000000009,6.2,0.049791982613235364,0.03525602582606702
25,139,0.1499999999999999,6.2,0.06858880897093078,0.033106788406205845
26,139,0.19999999999999996,6.2,0.09136780642011177,0.03180561691923711
27,139,0.25,6.2,0.11581934528781257,0.03280466358152323
28,139,0.30000000000000004,6.2,0.1412396829926582,0.038742371086967764
29,139,0.3500000000000001,6.2,0.17026189979754136,0.051177298195211884
30,139,0.3999999999999999,6.2,0.20330921675834612,0.06761559899137848
31,139,0.44999999999999996,6.2,0.2290494568041912,0.08107794734703466
32,139,0.5,6.2,0.22606649346136265,0.08436479871002545
33,139,0.55,6.2,0.18336482666605425,0.07762505444560919
34,139,0.6000000000000001,6.2,0.11753622915308459,0.06889564154181904
35,139,0.6499999999999999,6.2,0.05939309174394669,0.06492225331412305
36,139,0.7,6.2,0.025328176655563528,0.0659311282201841
37,139,0.75,6.2,0.014674136875287846,0.06907951468616558
0,140,-1.1,6.25,-0.004323819163716269,0.06242997402693795
1,140,-1.05,6.25,-0.003305519996245343,0.061091781846574766
2,140,-1.0,6.25,0.00014379794470276153,0.0570003345973058
3,140,-0.9500000000000001,6.25,0.006453006806907968,0.04931018662747866
4,140,-0.9000000000000001,6.25,0.01592841954955071,0.0395159857979438
5,140,-0.8500000000000001,6.25,0.02688722109995073,0.030558027380096497
6,140,-0.8,6.25,0.03310409364211925,0.02368712612027618
7,140,-0.75,6.25,0.0310224498984088,0.019258799810556726
8,140,-0.7000000000000001,6.25,0.029083956178512782,0.01924366805404476
9,140,-0.6500000000000001,6.25,0.04132860438067931,0.025271112364945725
10,140,-0.6000000000000001,6.25,0.07127021594786703,0.03613906612311507
11,140,-0.55,6.25,0.10268755809336977,0.04804830299656199
12,140,-0.5,6.25,0.10767255877459636,0.055831660839829045
13,140,-0.45000000000000007,6.25,0.07421114138809026,0.0562587463994596
14,140,-0.4,6.25,0.02442901997412039,0.05133971316280295
15,140,-0.3500000000000001,6.25,-0.0079523153779254,0.04612803556373335
16,140,-0.30000000000000004,6.25,-0.012056903428973031,0.04352339993862475
17,140,-0.25,6.25,-0.0005077243982304358,0.04316772979984784
18,140,-0.20000000000000007,6.25,0.012147130010370377,0.043923254698254866
19,140,-0.15000000000000002,6.25,0.019939969517412948,0.04517509082712867
20,140,-0.10000000000000009,6.25,0.02301956377198766,0.04631206509635666
21,140,-0.050000000000000044,6.25,0.024216558948831346,0.046764217892102944
22,140,0.0,6.25,0.02720526316341676,0.0465573758597887
23,140,0.050000000000000044,6.25,0.03497888743305033,0.04612236654616242
24,140,0.10000000000000009,6.25,0.048844047714961536,0.04602086348483969
25,140,0.1499999999999999,6.25,0.06844400437594322,0.0466299239803053
26,140,0.19999999999999996,6.25,0.09256875770171868,0.04786673768427119
27,140,0.25,6.25,0.12001582525975052,0.050338030009092205
28,140,0.30000000000000004,6.25,0.15047008117352823,0.05634741616170613
29,140,0.3500000000000001,6.25,0.18414829398310795,0.06760885736766753
30,140,0.3999999999999999,6.25,0.21725187414853908,0.08172054174242438
31,140,0.44999999999999996,6.25,0.23632365222849006,0.09206681710489661
32,140,0.5,6.25,0.22370393174853176,0.09269225794498182
33,140,0.55,6.25,0.17593431943233317,0.0852258145769158
34,140,0.6000000000000001,6.25,0.112546237095843,0.07833774484636069
35,140,0.6499999999999999,6.25,0.05997427712580328,0.07823592435363569
36,140,0.7,6.25,0.029582666714523254,0.08374527322244751
37,140,0.75,6.25,0.019905184088659933,0.09071447853863934
0,141,-1.1,6.300000000000001,-0.006199594131177655,0.06253728835345418
1,141,-1.05,6.300000000000001,-0.006922295076679241,0.06072689690733907
2,141,-1.0,6.300000000000001,-0.007177593319184494,0.05532282564241514
3,141,-0.9500000000000001,6.300000000000001,-0.0036222066444474565,0.04607437118192892
4,141,-0.9000000000000001,6.300000000000001,0.005915839431869241,0.03565080909381929
5,141,-0.8500000000000001,6.300000000000001,0.019172261266905688,0.02733193909352144
6,141,-0.8,6.300000000000001,0.028510583980668747,0.022351054855464514
7,141,-0.75,6.300000000000001,0.03059899885729994,0.02142925687304731
8,141,-0.7000000000000001,6.300000000000001,0.03397331760274014,0.025680507589012636
9,141,-0.6500000000000001,6.300000000000001,0.05094675251451991,0.034628459135488954
10,141,-0.6000000000000001,6.300000000000001,0.08277570112786542,0.04598996882582057
11,141,-0.55,6.300000000000001,0.11161053013608202,0.056176274382688796
12,141,-0.5,6.300000000000001,0.1102282798744264,0.06047780042266859
13,141,-0.45000000000000007,6.300000000000001,0.07080513314191184,0.057225708277945375
14,141,-0.4,6.300000000000001,0.019404130332240088,0.05092344515785052
15,141,-0.3500000000000001,6.300000000000001,-0.010953810847483814,0.047075845284755835
16,141,-0.30000000000000004,6.300000000000001,-0.012719417175450776,0.04653545278214821
17,141,-0.25,6.300000000000001,-2.062817125447758e-05,0.04724903156582416
18,141,-0.20000000000000007,6.300000000000001,0.013183606016696214,0.04812367389404215
19,141,-0.15000000000000002,6.300000000000001,0.021341857377230045,0.0494310701700873
20,141,-0.10000000000000009,6.300000000000001,0.024350375997047036,0.051253492610564
21,141,-0.050000000000000044,6.300000000000001,0.02512387578743558,0.053131163057572595
22,141,0.0,6.300000000000001,0.02784347040807711,0.05483448590864026
23,141,0.050000000000000044,6.300000000000001,0.03583161615480501,0.056579012146856233
24,141,0.10000000000000009,6.300000000000001,0.050299540047378244,0.0586645435789912
25,141,0.1499999999999999,6.300000000000001,0.07043468317036228,0.06104243373458773
26,141,0.19999999999999996,6.300000000000001,0.09507591244889868,0.06326378936373
27,141,0.25,6.300000000000001,0.12430002376524751,0.06571167006878209
28,141,0.30000000000000004,6.300000000000001,0.15851051035123354,0.07063502281219047
29,141,0.3500000000000001,6.300000000000001,0.1956350253782596,0.07994348724402911
30,141,0.3999999999999999,6.300000000000001,0.2277671764955752,0.09153339826695084
31,141,0.44999999999999996,6.300000000000001,0.24002117300674863,0.09902927808634887
32,141,0.5,6.300000000000001,0.21922549093338184,0.09736138630043578
33,141,0.55,6.300000000000001,0.16901031356743312,0.08946118404563941
34,141,0.6000000000000001,6.300000000000001,0.11054633892980448,0.0842068874386015
35,141,0.6499999999999999,6.300000000000001,0.06480062012003351,0.08672483435072043
36,141,0.7,6.300000000000001,0.03780673084056718,0.09437220490367604
37,141,0.75,6.300000000000001,0.028612547507671504,0.10223568971188923
0,142,-1.1,6.3500000000000005,-0.007944602055946492,0.05462946048585854
1,142,-1.05,6.3500000000000005,-0.010519982707284381,0.054068950984092756
2,142,-1.0,6.3500000000000005,-0.014508727780707387,0.05051406223260141
3,142,-0.9500000000000001,6.3500000000000005,-0.013219009741687882,0.043566422963467466
4,142,-0.9000000000000001,6.3500000000000005,-0.0028140125388567694,0.03564499323677833
5,142,-0.8500000000000001,6.3500000000000005,0.013587466861595954,0.029869077784616394
6,142,-0.8,6.3500000000000005,0.027201411421645116,0.02797783224191247
7,142,-0.75,6.3500000000000005,0.03435190263195692,0.031150728261846727
8,142,-0.7000000000000001,6.3500000000000005,0.04228315844095443,0.03917722124313017
9,142,-0.6500000000000001,6.3500000000000005,0.06163806561748725,0.049335892044996
10,142,-0.6000000000000001,6.3500000000000005,0.09281803119506687,0.05861159524762488
11,142,-0.55,6.3500000000000005,0.11717538969021779,0.06453150940411878
12,142,-0.5,6.3500000000000005,0.10872199266985294,0.06405140337035542
13,142,-0.45000000000000007,6.3500000000000005,0.06465678612327219,0.057313489503162396
14,142,-0.4,6.3500000000000005,0.014279156980930852,0.050204077337563935
15,142,-0.3500000000000001,6.3500000000000005,-0.01234030775362771,0.04767677890834321
16,142,-0.30000000000000004,6.3500000000000005,-0.011883717147904704,0.04874314351539233
17,142,-0.25,6.3500000000000005,0.0010804967136635035,0.05031038550462219
18,142,-0.20000000000000007,6.3500000000000005,0.014329168614633514,0.051369484980386404
19,142,-0.15000000000000002,6.3500000000000005,0.023069788233934796,0.05266025293529486
20,142,-0.10000000000000009,6.3500000000000005,0.026719656659472957,0.054824965174996576
21,142,-0.050000000000000044,6.3500000000000005,0.02779755224690761,0.057757644060351665
22,142,0.0,6.3500000000000005,0.0306531122527004,0.0611101451167162
23,142,0.050000000000000044,6.3500000000000005,0.03880894510340127,0.06472649971552058
24,142,0.10000000000000009,6.3500000000000005,0.053307469302693034,0.06839927288025682
25,142,0.1499999999999999,6.3500000000000005,0.07304325016068203,0.0715683058089106
26,142,0.19999999999999996,6.3500000000000005,0.09723799403591304,0.07365357128696903
27,142,0.25,6.3500000000000005,0.127387058708211,0.07515694169745235
28,142,0.30000000000000004,6.3500000000000005,0.16470189834877524,0.07836722560271514
29,142,0.3500000000000001,6.3500000000000005,0.2050466694378683,0.08553218328645251
30,142,0.3999999999999999,6.3500000000000005,0.23633766499085884,0.09533397234961105
31,142,0.44999999999999996,6.3500000000000005,0.242151640261975,0.10190603142414156
32,142,0.5,6.3500000000000005,0.2141358377078223,0.1004204248908902
33,142,0.55,6.3500000000000005,0.1627798205704989,0.09372879303162052
34,142,0.6000000000000001,6.3500000000000005,0.10980988740092401,0.08952705084524559
35,142,0.6499999999999999,6.3500000000000005,0.07013959459087782,0.09129800832594293
36,142,0.7,6.3500000000000005,0.04509352207569206,0.09592328341632983
37,142,0.75,6.3500000000000005,0.03563215370508632,0.09954553513330744
0,143,-1.1,6.4,-0.00732061313470922,0.043907770809874236
1,143,-1.05,6.4,-0.011037693329936371,0.04651782504465657
2,143,-1.0,6.4,-0.017680121339809785,0.047921332803940175
3,143,-0.9500000000000001,6.4,-0.018491275640270532,0.04677802080326088
4,143,-0.9000000000000001,6.4,-0.007781505746981832,0.04393429882091293
5,143,-0.8500000000000001,6.4,0.011505100272039825,0.04221608914306285
6,143,-0.8,6.4,0.02979223445789908,0.044404020773831654
7,143,-0.75,6.4,0.04179838785851764,0.051619685508648705
8,143,-0.7000000000000001,6.4,0.05215848138588941,0.061754548119401786
9,143,-0.6500000000000001,6.4,0.07038112651901463,0.0704005363885793
10,143,-0.6000000000000001,6.4,0.0979713184869882,0.07450091432160133
11,143,-0.55,6.4,0.11705033825881256,0.07326231732622812
12,143,-0.5,6.4,0.10301025997347002,0.06651144083561156
13,143,-0.45000000000000007,6.4,0.05695780710912035,0.05667749693348767
14,143,-0.4,6.4,0.009767419737420902,0.049553206307046405
15,143,-0.3500000000000001,6.4,-0.01241474466965542,0.0482452836855124
16,143,-0.30000000000000004,6.4,-0.010085810579171794,0.05035362502101626
17,143,-0.25,6.4,0.0026057132937395977,0.05256142962573762
18,143,-0.20000000000000007,6.4,0.015533473447368884,0.05396884235514654
19,143,-0.15000000000000002,6.4,0.024797337571840217,0.05527478722228196
20,143,-0.10000000000000009,6.4,0.02944776712210384,0.057273302488398126
21,143,-0.050000000000000044,6.4,0.0314090557291552,0.060244482252785336
22,143,0.0,6.4,0.034812326063246024,0.06405688397698617
23,143,0.050000000000000044,6.4,0.04312074391834564,0.06847323450745124
24,143,0.10000000000000009,6.4,0.05714134614076827,0.07294476125763005
25,143,0.1499999999999999,6.4,0.07568898157707449,0.07646745428425028
26,143,0.19999999999999996,6.4,0.09866454833744043,0.0782553156397664
27,143,0.25,6.4,0.12901367808099362,0.07881016730505896
28,143,0.30000000000000004,6.4,0.1688857519402337,0.08042590523716087
29,143,0.3500000000000001,6.4,0.21260177212515552,0.08567483098324058
30,143,0.3999999999999999,6.4,0.24414102463326426,0.09395077133852126
31,143,0.44999999999999996,6.4,0.24510762554802779,0.10032763169205206
32,143,0.5,6.4,0.2110482525408608,0.10060480294031393
33,143,0.55,6.4,0.1581169395217885,0.09649336474529535
34,143,0.6000000000000001,6.4,0.10811555422412689,0.09286212619668222
35,143,0.6499999999999999,6.4,0.07119685269111775,0.09130583107251733
36,143,0.7,6.4,0.046054257647931696,0.08973324027027552
37,143,0.75,6.4,0.03585705094162672,0.08687575453991014
0,144,-1.1,6.45,-0.0027244935863818265,0.040006722832325314
1,144,-1.05,6.45,-0.0065064207132184415,0.046327620192109786
2,144,-1.0,6.45,-0.014248532022103078,0.05370456723518047
3,144,-0.9500000000000001,6.45,-0.017206043724715125,0.06013374798618215
4,144,-0.9000000000000001,6.45,-0.007375944199054796,0.0646713462392054
5,144,-0.8500000000000001,6.45,0.014057188814514676,0.0693422937361532
6,144,-0.8,6.45,0.03660500778723097,0.07722504386485946
7,144,-0.75,6.45,0.051702429977527053,0.08820775856829749
8,144,-0.7000000000000001,6.45,0.061064009320885015,0.09806035834678456
9,144,-0.6500000000000001,6.45,0.07438443181968679,0.10223307381951069
10,144,-0.6000000000000001,6.45,0.0956798121327157,0.0987852322881913
11,144,-0.55,6.45,0.10918591620422802,0.0881089714646549
12,144,-0.5,6.45,0.09213717227711249,0.07275808292491415
13,144,-0.45000000000000007,6.45,0.04769855159470704,0.05817773723711506
14,144,-0.4,6.45,0.0058469437329555785,0.05005167743212191
15,144,-0.3500000000000001,6.45,-0.011539889039657858,0.04921569169895834
16,144,-0.30000000000000004,6.45,-0.00756757120767948,0.05196952192718596
17,144,-0.25,6.45,0.004695714047793786,0.054904576764508994
18,144,-0.20000000000000007,6.45,0.017042526211177855,0.05700672704082421
19,144,-0.15000000000000002,6.45,0.02637424836718638,0.05854290638653503
20,144,-0.10000000000000009,6.45,0.03168935168997633,0.06009256074162472
21,144,-0.050000000000000044,6.45,0.03458113373549565,0.06224642565838934
22,144,0.0,6.45,0.038881864507366304,0.06539181661397164
23,144,0.050000000000000044,6.45,0.04769682238404516,0.06955758645228072
24,144,0.10000000000000009,6.45,0.06130168907949207,0.07403837817245407
25,144,0.1499999999999999,6.45,0.07835380454281837,0.07744787293987032
26,144,0.19999999999999996,6.45,0.09958070705672173,0.07872316753740227
27,144,0.25,6.45,0.12955764830560546,0.07834803146460956
28,144,0.30000000000000004,6.45,0.17156656202695686,0.07886384032189275
29,144,0.3500000000000001,6.45,0.2185715355392287,0.0831783644702827
30,144,0.3999999999999999,6.45,0.2509904656996703,0.09058620514787397
31,144,0.44999999999999996,6.45,0.24880567186376767,0.0964940769900352
32,144,0.5,6.45,0.2103015707610656,0.09775849883292553
33,144,0.55,6.45,0.15503714382686717,0.09541616310912604
34,144,0.6000000000000001,6.45,0.10462235372814599,0.09168238399278883
35,144,0.6499999999999999,6.45,0.06701070866447112,0.08685902736474016
36,144,0.7,6.45,0.040663445543084875,0.08050476167850873
37,144,0.75,6.45,0.029917182244355578,0.07363397617990486
0,145,-1.1,6.5,0.005321181584859724,0.046105384956985906
1,145,-1.05,6.5,0.0026601510729187816,0.05480392439844578
2,145,-1.0,6.5,-0.0038739935457374197,0.0675762258182544
3,145,-0.9500000000000001,6.5,-0.007524496636245603,0.08337495800449485
4,145,-0.9000000000000001,6.5,0.0014270400029892105,0.09976261720446189
5,145,-0.8500000000000001,6.5,0.024058797897693884,0.11576307200602293
6,145,-0.8,6.5,0.04865769929004338,0.1318884185660052
7,145,-0.75,6.5,0.06263370234044274,0.14562210806417314
8,145,-0.7000000000000001,6.5,0.06618379663710261,0.15176152190315817
9,145,-0.6500000000000001,6.5,0.07110600046042137,0.14790419200090332
10,145,-0.6000000000000001,6.5,0.08384721613213242,0.13437029923067445
11,145,-0.55,6.5,0.0910231888955354,0.11197489963052643
12,145,-0.5,6.5,0.07307902574593017,0.08527613401729972
13,145,-0.45000000000000007,6.5,0.034251401616328114,0.06320184156172137
14,145,-0.4,6.5,0.0008053741992641861,0.05199353432649101
15,145,-0.3500000000000001,6.5,-0.010496900174591373,0.05044054418759325
16,145,-0.30000000000000004,6.5,-0.004396925513621142,0.05343518192466978
17,145,-0.25,6.5,0.007642918407377852,0.05711126467769001
18,145,-0.20000000000000007,6.5,0.01917180306939492,0.05997714515228847
19,145,-0.15000000000000002,6.5,0.027883171272640728,0.06173555452003876
20,145,-0.10000000000000009,6.5,0.033151286393958146,0.06275307649412643
21,145,-0.050000000000000044,6.5,0.03670831160150212,0.06396812737222979
22,145,0.0,6.5,0.042123486857137404,0.06631603506449313
23,145,0.050000000000000044,6.5,0.05176730547682806,0.06997757820934258
24,145,0.10000000000000009,6.5,0.06503163262835787,0.07396093281241689
25,145,0.1499999999999999,6.5,0.0803737709420227,0.07659090105244959
26,145,0.19999999999999996,6.5,0.09956470686217966,0.07675174708665022
27,145,0.25,6.5,0.1291543508654841,0.07515296814688766
28,145,0.30000000000000004,6.5,0.17371608494590685,0.07486468626182685
29,145,0.3500000000000001,6.5,0.22432413695113673,0.07916701956709904
30,145,0.3999999999999999,6.5,0.25745673715301676,0.08670109523321534
31,145,0.44999999999999996,6.5,0.25227991923307935,0.09220396314395862
32,145,0.5,6.5,0.20997033865995163,0.09310951356383934
33,145,0.55,6.5,0.1520408246816518,0.09065438219270028
34,145,0.6000000000000001,6.5,0.099558418479741,0.08599001467831546
35,145,0.6499999999999999,6.5,0.06001923037683765,0.079189654610346
36,145,0.7,6.5,0.032829206463096394,0.07113787094848945
37,145,0.75,6.5,0.02211547994441898,0.06376508980701134
0,146,-1.1,6.550000000000001,0.014672585296537921,0.05521751119931584
1,146,-1.05,6.550000000000001,0.01496442014805005,0.06548701815012492
2,146,-1.0,6.550000000000001,0.01432250158394599,0.0842937571320479
3,146,-0.9500000000000001,6.550000000000001,0.014980347661492366,0.11252360955706808
4,146,-0.9000000000000001,6.550000000000001,0.025012169802473283,0.14552940099102046
5,146,-0.8500000000000001,6.550000000000001,0.04618299017605798,0.17628877865102643
6,146,-0.8,6.550000000000001,0.06646404384538118,0.19972935331967034
7,146,-0.75,6.550000000000001,0.07157553331468003,0.21141079142074304
8,146,-0.7000000000000001,6.550000000000001,0.0633460932576152,0.20855813794279532
9,146,-0.6500000000000001,6.550000000000001,0.05699320914720307,0.19332257737446013
10,146,-0.6000000000000001,6.550000000000001,0.059750519762338805,0.16854025106382342
11,146,-0.55,6.550000000000001,0.06009175099085329,0.1348854498744928
12,146,-0.5,6.550000000000001,0.043364114208307436,0.09792212995128113
13,146,-0.45000000000000007,6.550000000000001,0.014415951903898327,0.06894321722110353
14,146,-0.4,6.550000000000001,-0.006914353641172544,0.05444357462376814
15,146,-0.3500000000000001,6.550000000000001,-0.010098241441479083,0.05161903310642313
16,146,-0.30000000000000004,6.550000000000001,-0.0008968507175827201,0.054289969309143093
17,146,-0.25,6.550000000000001,0.011237677275412472,0.05813489728147214
18,146,-0.20000000000000007,6.550000000000001,0.021666816053526605,0.061164603282452545
19,146,-0.15000000000000002,6.550000000000001,0.029150179709024338,0.0626919405142784
20,146,-0.10000000000000009,6.550000000000001,0.03392192454216736,0.06312545367092137
21,146,-0.050000000000000044,6.550000000000001,0.038144092305862354,0.06382986519516576
22,146,0.0,6.550000000000001,0.0448913153444791,0.06606188340492702
23,146,0.050000000000000044,6.550000000000001,0.05534172013196892,0.06975159426552802
24,146,0.10000000000000009,6.550000000000001,0.06791501192259908,0.07342710503135064
25,146,0.1499999999999999,6.550000000000001,0.0811446188170517,0.0752306271110098
26,146,0.19999999999999996,6.550000000000001,0.0981427741511598,0.07415001126514109
27,146,0.25,6.550000000000001,0.12767058748078208,0.0711634850010201
28,146,0.30000000000000004,6.550000000000001,0.17558061344716824,0.06955619133776958
29,146,0.3500000000000001,6.550000000000001,0.2304079445106172,0.0724252186615737
30,146,0.3999999999999999,6.550000000000001,0.2640274092765299,0.0781809808609063
31,146,0.44999999999999996,6.550000000000001,0.2552140901943917,0.08205650325790848
32,146,0.5,6.550000000000001,0.20875198980980725,0.08230189525785636
33,146,0.55,6.550000000000001,0.1479176449413433,0.07996168624672395
34,146,0.6000000000000001,6.550000000000001,0.0931576261457917,0.07513728381077278
35,146,0.6499999999999999,6.550000000000001,0.0521585649346451,0.067869388492523
36,146,0.7,6.550000000000001,0.025238880739750225,0.06004719354125887
37,146,0.75,6.550000000000001,0.015171619961399374,0.0538148294932983
0,147,-1.1,6.6000000000000005,0.025860195486477888,0.0608397946727926
1,147,-1.05,6.6000000000000005,0.03173639700565084,0.07550856910836429
2,147,-1.0,6.6000000000000005,0.04316259786120574,0.10291174311449658
3,147,-0.9500000000000001,6.6000000000000005,0.05371114722272696,0.14345936918927188
4,147,-0.9000000000000001,6.6000000000000005,0.06519220909694756,0.18888626341117876
5,147,-0.8500000000000001,6.6000000000000005,0.07825875022634377,0.22673731702972155
6,147,-0.8,6.6000000000000005,0.08377971205975998,0.2478799460239911
7,147,-0.75,6.6000000000000005,0.07146248696356772,0.24904038380372362
8,147,-0.7000000000000001,6.6000000000000005,0.0480955825908197,0.23335497724900345
9,147,-0.6500000000000001,6.6000000000000005,0.031088113581449472,0.20783966694608635
10,147,-0.6000000000000001,6.6000000000000005,0.025410088632165095,0.1763288560808446
11,147,-0.55,6.6000000000000005,0.020405067782993114,0.13868500271860595
12,147,-0.5,6.6000000000000005,0.007136793092540894,0.09974763863650593
13,147,-0.45000000000000007,6.6000000000000005,-0.009227153711184877,0.07007507736069507
14,147,-0.4,6.6000000000000005,-0.01651880991541621,0.0551174675053584
15,147,-0.3500000000000001,6.6000000000000005,-0.010650505489216422,0.05147321571211838
16,147,-0.30000000000000004,6.6000000000000005,0.0021189386614278716,0.05318627577852231
17,147,-0.25,6.6000000000000005,0.014517552380687304,0.05633027954599079
18,147,-0.20000000000000007,6.6000000000000005,0.02372884630220118,0.058895430011590144
19,147,-0.15000000000000002,6.6000000000000005,0.029844021661109554,0.059964342934679116
20,147,-0.10000000000000009,6.6000000000000005,0.034289211074845505,0.05999412521017211
21,147,-0.050000000000000044,6.6000000000000005,0.03964474133550777,0.060699729525284796
22,147,0.0,6.6000000000000005,0.04804521592749966,0.06345419995566315
23,147,0.050000000000000044,6.6000000000000005,0.059132527103251675,0.06775540340700992
24,147,0.10000000000000009,6.6000000000000005,0.07051066547383966,0.07166373521450664
25,147,0.1499999999999999,6.6000000000000005,0.08109667717581315,0.07316107237487768
26,147,0.19999999999999996,6.6000000000000005,0.09549756475218996,0.07119927992344233
27,147,0.25,6.6000000000000005,0.12456053093811259,0.06669218341756655
28,147,0.30000000000000004,6.6000000000000005,0.17497781860646044,0.06221813135194709
29,147,0.3500000000000001,6.6000000000000005,0.23294892647427345,0.05947232028296112
30,147,0.3999999999999999,6.6000000000000005,0.26708802174935153,0.05757726715988787
31,147,0.44999999999999996,6.6000000000000005,0.2564008336300294,0.055808237311356645
32,147,0.5,6.6000000000000005,0.2078755216487671,0.05553680783528636
33,147,0.55,6.6000000000000005,0.14487621323456823,0.056580317385689916
34,147,0.6000000000000001,6.6000000000000005,0.08746612072554005,0.05566741077224158
35,147,0.6499999999999999,6.6000000000000005,0.04492914010732374,0.051224116544890674
36,147,0.7,6.6000000000000005,0.018774647463871696,0.045559792439973656
37,147,0.75,6.6000000000000005,0.00965075184849784,0.041182748603937336
0,148,-1.1,6.65,0.04401013416768129,0.064563427850505
1,148,-1.05,6.65,0.05703636858975403,0.08710854665541529
2,148,-1.0,6.65,0.08227330166485358,0.12214427975349662
3,148,-0.9500000000000001,6.65,0.10095486795817454,0.16554055097752762
4,148,-0.9000000000000001,6.65,0.10829011764292296,0.20646014380270306
5,148,-0.8500000000000001,6.65,0.10517667278887033,0.23361820924290122
6,148,-0.8,6.65,0.08876711061938325,0.24038087183070378
7,148,-0.75,6.65,0.05705056453969237,0.2276039084321302
8,148,-0.7000000000000001,6.65,0.022145376399977934,0.2032386657660562
9,148,-0.6500000000000001,6.65,-3.291202095578871e-05,0.17544864021467155
10,148,-0.6000000000000001,6.65,-0.009404144465141595,0.1465098427227074
11,148,-0.55,6.65,-0.01648946645348537,0.11532319540695668
12,148,-0.5,6.65,-0.025245811149603448,0.0848216608547342
13,148,-0.45000000000000007,6.65,-0.030214219227249206,0.06199745028932613
14,148,-0.4,6.65,-0.025516215289749233,0.050178448527093966
15,148,-0.3500000000000001,6.65,-0.012029433168315173,0.046640329709645156
16,148,-0.30000000000000004,6.65,0.00396021311628969,0.047273452943160654
17,148,-0.25,6.65,0.01694683150848031,0.04960039799584037
18,148,-0.20000000000000007,6.65,0.02530087944221493,0.05197019219610355
19,148,-0.15000000000000002,6.65,0.030248874907606305,0.05302159767566983
20,148,-0.10000000000000009,6.65,0.03465731113277304,0.0529279492772583
21,148,-0.050000000000000044,6.65,0.04160416705135339,0.05366009019948825
22,148,0.0,6.65,0.05194698922620422,0.0568019125224245
23,148,0.050000000000000044,6.65,0.06355125539081241,0.061591299523444665
24,148,0.10000000000000009,6.65,0.07332068089046684,0.06571929730936399
25,148,0.1499999999999999,6.65,0.08068016352598739,0.06698647042813421
26,148,0.19999999999999996,6.65,0.09167388519384867,0.06422389749397017
27,148,0.25,6.65,0.11868943890928685,0.0579958221994592
28,148,0.30000000000000004,6.65,0.1683607503125628,0.049522088502171324
29,148,0.3500000000000001,6.65,0.22576708031855797,0.0383979554033137
30,148,0.3999999999999999,6.65,0.2603633263049254,0.024831267834287685
31,148,0.44999999999999996,6.65,0.25317363086979017,0.014096017686349716
32,148,0.5,6.65,0.20952406988414052,0.012771505025876984
33,148,0.55,6.65,0.1480482478782985,0.019899414748006383
34,148,0.6000000000000001,6.65,0.08780142530499246,0.027531235287902578
35,148,0.6499999999999999,6.65,0.04205094660237718,0.03036025604488679
36,148,0.7,6.65,0.015197512798796886,0.029601504854311345
37,148,0.75,6.65,0.006417532289326733,0.02812187568996427
0,149,-1.1,6.7,0.07095043309629845,0.06775777706107433
1,149,-1.05,6.7,0.08931724890864245,0.09563983036140422
2,149,-1.0,6.7,0.12159460218331808,0.13001408765542843
3,149,-0.9500000000000001,6.7,0.1380270112719334,0.16187447379866216
4,149,-0.9000000000000001,6.7,0.13326986736232116,0.1821576498652261
5,149,-0.8500000000000001,6.7,0.11217947825434449,0.18738782786632324
6,149,-0.8,6.7,0.07776541124898895,0.17798250950402772
7,149,-0.75,6.7,0.03432028089892014,0.15821087221921937
8,149,-0.7000000000000001,6.7,-0.0040596856266389425,0.13559325899631602
9,149,-0.6500000000000001,6.7,-0.025640709461899336,0.11476131830735814
10,149,-0.6000000000000001,6.7,-0.03471535617554977,0.09527798117870079
11,149,-0.55,6.7,-0.04128311408498009,0.07590483054079722
12,149,-0.5,6.7,-0.04618895202508966,0.058126335849953414
13,149,-0.45000000000000007,6.7,-0.043870366038825104,0.04508937704014282
14,149,-0.4,6.7,-0.03187593049509718,0.038032711259275986
15,149,-0.3500000000000001,6.7,-0.013555501073149734,0.03551477915800183
16,149,-0.30000000000000004,6.7,0.005079006947623088,0.03583373536947432
17,149,-0.25,6.7,0.0192142916336302,0.03808194324629255
18,149,-0.20000000000000007,6.7,0.027150045982030635,0.0408120908093651
19,149,-0.15000000000000002,6.7,0.030801778742264307,0.04209934045171282
20,149,-0.10000000000000009,6.7,0.03492770359866393,0.041816556235044766
21,149,-0.050000000000000044,6.7,0.04351870458067397,0.042184039756177905
22,149,0.0,6.7,0.055976425251456075,0.045050863679684805
23,149,0.050000000000000044,6.7,0.06804991189019116,0.04955750550409088
24,149,0.10000000000000009,6.7,0.07590583637852921,0.05315149316220402
25,149,0.1499999999999999,6.7,0.07960127736041933,0.053638071737101
26,149,0.19999999999999996,6.7,0.08650691652351494,0.05000043677623134
27,149,0.25,6.7,0.10985872194631374,0.042534529377270536
28,149,0.30000000000000004,6.7,0.15537995181031494,0.031333393163154866
29,149,0.3500000000000001,6.7,0.20825810580638981,0.014547963819926402
30,149,0.3999999999999999,6.7,0.24278608403238755,-0.007133239072173447
31,149,0.44999999999999996,6.7,0.2443410708216187,-0.024884660497908606
32,149,0.5,6.7,0.21367891871042377,-0.028021257512917952
33,149,0.55,6.7,0.15963594349659382,-0.016341492046694772
34,149,0.6000000000000001,6.7,0.09792696202242046,-0.00034257540335091985
35,149,0.6499999999999999,6.7,0.046999409673732506,0.010767382060093422
36,149,0.7,6.7,0.016536267108949176,0.015842412558406682
37,149,0.75,6.7,0.006691493519803693,0.017641566033896883
0,150,-1.1,6.75,0.09977424076834107,0.06577612034588065
1,150,-1.05,6.75,0.11929267918410813,0.09155506044615791
2,150,-1.0,6.75,0.14850794510211152,0.1163447843002785
3,150,-0.9500000000000001,6.75,0.1530984301679722,0.13022385318028518
4,150,-0.9000000000000001,6.75,0.13380347171058404,0.12925886795751074
5,150,-0.8500000000000001,6.75,0.10100153242767196,0.11771168328776727
6,150,-0.8,6.75,0.059590154972279374,0.10104458209862388
7,150,-0.75,6.75,0.014661314031980677,0.08378509992731709
8,150,-0.7000000000000001,6.75,-0.021304177511883293,0.06958812794147506
9,150,-0.6500000000000001,6.75,-0.040348189838571025,0.058617635380464606
10,150,-0.6000000000000001,6.75,-0.048260632231702516,0.04878363940985897
11,150,-0.55,6.75,-0.05364111178223274,0.039462637929535416
12,150,-0.5,6.75,-0.05606126465025785,0.03164294512491894
13,150,-0.45000000000000007,6.75,-0.050307843817926634,0.02620049840420413
14,150,-0.4,6.75,-0.03509081317189022,0.023153216802944132
15,150,-0.3500000000000001,6.75,-0.014228409058116842,0.022072012250727302
16,150,-0.30000000000000004,6.75,0.006527377204580409,0.022893623188119383
17,150,-0.25,6.75,0.02192518694837109,0.025486902595428518
18,150,-0.20000000000000007,6.75,0.0293182766476352,0.028340691025977582
19,150,-0.15000000000000002,6.75,0.03125334033328597,0.02942436324450015
20,150,-0.10000000000000009,6.75,0.034742010437238124,0.028774523422202547
21,150,-0.050000000000000044,6.75,0.04483847449599343,0.028707767234862902
22,150,0.0,6.75,0.0593204549741172,0.030944395301406025
23,150,0.050000000000000044,6.75,0.07165188487333163,0.03447248405372638
24,150,0.10000000000000009,6.75,0.07740124712347696,0.03677526913242357
25,150,0.1499999999999999,6.75,0.07752910714001471,0.03609274352725789
26,150,0.19999999999999996,6.75,0.0805703428340182,0.0319556715582181
27,150,0.25,6.75,0.10002239529621038,0.024627451689095414
28,150,0.30000000000000004,6.75,0.14037418475521868,0.013732650190049767
29,150,0.3500000000000001,6.75,0.18730044808322965,-0.002795192003648417
30,150,0.3999999999999999,6.75,0.22093070198709042,-0.02461022381563316
31,150,0.44999999999999996,6.75,0.23228561242904566,-0.04356411524689685
32,150,0.5,6.75,0.21806723833535435,-0.048301086278255134
33,150,0.55,6.75,0.17572692998786554,-0.03635801734875932
34,150,0.6000000000000001,6.75,0.11491029941178066,-0.01727932769614471
35,150,0.6499999999999999,6.75,0.058235934564134784,-0.0019235881464524374
36,150,0.7,6.75,0.022071696772600347,0.006567146248839251
37,150,0.75,6.75,0.010015839240307134,0.010423827240720884
0,151,-1.1,6.800000000000001,0.12250831329685297,0.06264524890465362
1,151,-1.05,6.800000000000001,0.1398859128630403,0.08537932143316551
2,151,-1.0,6.800000000000001,0.16026339491744535,0.10383171626251797
3,151,-0.9500000000000001,6.800000000000001,0.15094109492916563,0.10889022106383317
4,151,-0.9000000000000001,6.800000000000001,0.12075769746980325,0.09951704578490483
5,151,-0.8500000000000001,6.800000000000001,0.08396519239545763,0.08279867258227158
6,151,-0.8,6.800000000000001,0.04383882788853877,0.06544436572047618
7,151,-0.75,6.800000000000001,0.002863826741771325,0.05129601841479037
8,151,-0.7000000000000001,6.800000000000001,-0.029227150173491423,0.04184939114005748
9,151,-0.6500000000000001,6.800000000000001,-0.04644519799351543,0.03545007309157411
10,151,-0.6000000000000001,6.800000000000001,-0.05387035362647896,0.029655374830168668
11,151,-0.55,6.800000000000001,-0.058423808369920116,0.024230630302021217
12,151,-0.5,6.800000000000001,-0.05945109155042094,0.02008998165479392
13,151,-0.45000000000000007,6.800000000000001,-0.052360094360799914,0.017450976501695026
14,151,-0.4,6.800000000000001,-0.03600441664857401,0.01598548056904736
15,151,-0.3500000000000001,6.800000000000001,-0.013815094687974483,0.015623769548327449
16,151,-0.30000000000000004,6.800000000000001,0.008493897292324304,0.01681210930933208
17,151,-0.25,6.800000000000001,0.024661359471488398,0.01955680972381524
18,151,-0.20000000000000007,6.800000000000001,0.03108750663110227,0.022284454355566696
19,151,-0.15000000000000002,6.800000000000001,0.031235611138489272,0.023095269690749376
20,151,-0.10000000000000009,6.800000000000001,0.03421110758902668,0.022248995965973295
21,151,-0.050000000000000044,6.800000000000001,0.04568857645987745,0.022033463994326485
22,151,0.0,6.800000000000001,0.061741142070319555,0.023949199893741335
23,151,0.050000000000000044,6.800000000000001,0.07388078572120871,0.026874838186731198
24,151,0.10000000000000009,6.800000000000001,0.07752609585206072,0.028407001589495495
25,151,0.1499999999999999,6.800000000000001,0.07478167978621386,0.027124535643898717
26,151,0.19999999999999996,6.800000000000001,0.07504162468535247,0.022912146881893802
27,151,0.25,6.800000000000001,0.09163570057814541,0.01606709934656725
28,151,0.30000000000000004,6.800000000000001,0.1279573081175711,0.006138757445763865
29,151,0.3500000000000001,6.800000000000001,0.1699152318007069,-0.008766653928727886
30,151,0.3999999999999999,6.800000000000001,0.20201716078913912,-0.028631675119281663
31,151,0.44999999999999996,6.800000000000001,0.22065020835899674,-0.046593736324630486
32,151,0.5,6.800000000000001,0.2208850166085613,-0.05190248325937952
33,151,0.55,6.800000000000001,0.19065770207870425,-0.040958179778216586
34,151,0.6000000000000001,6.800000000000001,0.13236139122472734,-0.022040939077702104
35,151,0.6499999999999999,6.800000000000001,0.07084588361871647,-0.0060559961523232175
36,151,0.7,6.800000000000001,0.028883682496122498,0.0031789590314612592
37,151,0.75,6.800000000000001,0.01440485550356696,0.007567975294721085
