grid_x,grid_y,local_x_m,local_y_m,height_m,measured,interpolated
0,0,-0.65,-0.65,-0.009500983419922969,false,true
1,0,-0.6,-0.65,-0.009973294277789382,false,true
2,0,-0.55,-0.65,-0.010762387958513857,false,true
3,0,-0.5,-0.65,-0.01176135205195395,false,true
4,0,-0.45,-0.65,-0.012678657974030038,false,true
5,0,-0.4,-0.65,-0.013297694922023151,true,false
6,0,-0.35,-0.65,-0.013662894168791455,true,false
7,0,-0.3,-0.65,-0.013969320966559853,true,false
8,0,-0.25,-0.65,-0.014252774169682781,true,false
9,0,-0.2,-0.65,-0.014131560566454046,true,false
10,0,-0.15000000000000002,-0.65,-0.012805479421466941,true,false
11,0,-0.09999999999999998,-0.65,-0.009203030345446816,true,false
12,0,-0.04999999999999993,-0.65,-0.0024853146048811154,true,false
13,0,0.0,-0.65,0.006618510597747911,false,true
14,0,0.050000000000000044,-0.65,0.015232488786021145,false,true
15,0,0.09999999999999998,-0.65,0.020830208719974645,false,true
16,0,0.15000000000000002,-0.65,0.024025853844767832,false,true
17,0,0.20000000000000007,-0.65,0.026968672690116692,false,true
18,0,0.25,-0.65,0.030577092494413937,false,true
19,0,0.30000000000000004,-0.65,0.03566435533771279,false,true
20,0,0.35,-0.65,0.04299279553249651,false,true
21,0,0.4,-0.65,0.04969251543156943,false,true
22,0,0.45000000000000007,-0.65,0.050374541444500265,false,true
23,0,0.5000000000000001,-0.65,0.043680485983101605,false,true
24,0,0.5500000000000002,-0.65,0.034073420293010005,false,true
25,0,0.6,-0.65,0.026430742119006773,false,true
26,0,0.65,-0.65,0.02204994916217384,false,true
0,1,-0.65,-0.6,-0.00957062155366243,false,true
1,1,-0.6,-0.6,-0.009880371014012493,false,true
2,1,-0.55,-0.6,-0.010419514716756744,false,true
3,1,-0.5,-0.6,-0.01111864943351833,false,true
4,1,-0.45,-0.6,-0.011748617104763713,false,true
5,1,-0.4,-0.6,-0.012116958245267978,true,false
6,1,-0.35,-0.6,-0.012245660957496695,true,false
7,1,-0.3,-0.6,-0.012296631535751956,true,false
8,1,-0.25,-0.6,-0.012316312662657296,true,false
9,1,-0.2,-0.6,-0.012024824391961189,true,false
10,1,-0.15000000000000002,-0.6,-0.010790577735347345,true,false
11,1,-0.09999999999999998,-0.6,-0.0077191253328742215,true,false
12,1,-0.04999999999999993,-0.6,-0.0020565235102959173,true,false
13,1,0.0,-0.6,0.005752454524465863,true,false
14,1,0.050000000000000044,-0.6,0.01388724627129942,true,false
15,1,0.09999999999999998,-0.6,0.021562293471145324,true,false
16,1,0.15000000000000002,-0.6,0.030270594008470795,true,false
17,1,0.20000000000000007,-0.6,0.0400660435788924,true,false
18,1,0.25,-0.6,0.04798339783061384,true,false
19,1,0.30000000000000004,-0.6,0.05329807071095931,true,false
20,1,0.35,-0.6,0.05795338301202625,false,true
21,1,0.4,-0.6,0.05999024875872128,false,true
22,1,0.45000000000000007,-0.6,0.05496636257625878,false,true
23,1,0.5000000000000001,-0.6,0.04375641180948197,false,true
24,1,0.5500000000000002,-0.6,0.03225921223761948,false,true
25,1,0.6,-0.6,0.024585459793476372,false,true
26,1,0.65,-0.6,0.02068814092262546,false,true
0,2,-0.65,-0.55,-0.009823296608998939,false,true
1,2,-0.6,-0.55,-0.00997979470823102,false,true
2,2,-0.55,-0.55,-0.010262560434693126,false,true
3,2,-0.5,-0.55,-0.010627827853320507,false,true
4,2,-0.45,-0.55,-0.010918364635737124,false,true
5,2,-0.4,-0.55,-0.010990427978385064,true,false
6,2,-0.35,-0.55,-0.010853726199381443,true,false
7,2,-0.3,-0.55,-0.010626130921898822,true,false
8,2,-0.25,-0.55,-0.010352454429302728,true,false
9,2,-0.2,-0.55,-0.009863508512455259,true,false
10,2,-0.15000000000000002,-0.55,-0.008741629204868446,true,false
11,2,-0.09999999999999998,-0.55,-0.006351637640318666,true,false
12,2,-0.04999999999999993,-0.55,-0.002092597221748799,true,false
13,2,0.0,-0.55,0.003978402924866788,true,false
14,2,0.050000000000000044,-0.55,0.011546835819631071,true,false
15,2,0.09999999999999998,-0.55,0.02226587738537863,true,false
16,2,0.15000000000000002,-0.55,0.03892149911769944,true,false
17,2,0.20000000000000007,-0.55,0.05892434198751409,true,false
18,2,0.25,-0.55,0.07375024498414416,true,false
19,2,0.30000000000000004,-0.55,0.07921897587687633,true,false
20,2,0.35,-0.55,0.07799792320980577,false,true
21,2,0.4,-0.55,0.07099572828987821,false,true
22,2,0.45000000000000007,-0.55,0.05748397276924101,false,true
23,2,0.5000000000000001,-0.55,0.041435981706351085,false,true
24,2,0.5500000000000002,-0.55,0.02893694132658433,false,true
25,2,0.6,-0.55,0.022021608378024474,false,true
26,2,0.65,-0.55,0.018982192752850922,false,true
0,3,-0.65,-0.5,-0.010287170312810427,false,true
1,3,-0.6,-0.5,-0.01035900593222131,false,true
2,3,-0.55,-0.5,-0.010472723290472457,false,true
3,3,-0.5,-0.5,-0.010582038355913842,false,true
4,3,-0.45,-0.5,-0.010572206355027362,true,false
5,3,-0.4,-0.5,-0.010348362722404464,true,false
6,3,-0.35,-0.5,-0.009932679194407523,true,false
7,3,-0.3,-0.5,-0.009419988366045408,true,false
8,3,-0.25,-0.5,-0.008851790944235893,true,false
9,3,-0.2,-0.5,-0.008150638358764216,true,false
10,3,-0.15000000000000002,-0.5,-0.007103572305747393,true,false
11,3,-0.09999999999999998,-0.5,-0.005353118251914661,true,false
12,3,-0.04999999999999993,-0.5,-0.0024928911815078293,true,false
13,3,0.0,-0.5,0.001752717658671226,true,false
14,3,0.050000000000000044,-0.5,0.008396042986646004,true,false
15,3,0.09999999999999998,-0.5,0.021168619497959534,true,false
16,3,0.15000000000000002,-0.5,0.04433953178162292,true,false
17,3,0.20000000000000007,-0.5,0.07415397480513644,true,false
18,3,0.25,-0.5,0.09732174368329961,true,false
19,3,0.30000000000000004,-0.5,0.10392640674640528,true,false
20,3,0.35,-0.5,0.09508293602565857,false,true
21,3,0.4,-0.5,0.07649973286699918,true,false
22,3,0.45000000000000007,-0.5,0.054404554662875665,true,false
23,3,0.5000000000000001,-0.5,0.03567620452359045,false,true
24,3,0.5500000000000002,-0.5,0.024265381146508835,false,true
25,3,0.6,-0.5,0.01909008929399085,false,true
26,3,0.65,-0.5,0.017160169936346902,false,true
0,4,-0.65,-0.45,-0.010798899970685151,false,true
1,4,-0.6,-0.45,-0.010882233792594549,false,true
2,4,-0.55,-0.45,-0.010965400350615787,false,true
3,4,-0.5,-0.45,-0.010972130205419232,false,true
4,4,-0.45,-0.45,-0.010780258832024166,true,false
5,4,-0.4,-0.45,-0.010318395750283378,true,false
6,4,-0.35,-0.45,-0.00964203917334079,true,false
7,4,-0.3,-0.45,-0.0088621703726144,true,false
8,4,-0.25,-0.45,-0.008031900508149259,true,false
9,4,-0.2,-0.45,-0.007132158718574313,true,false
10,4,-0.15000000000000002,-0.45,-0.006086425302390592,true,false
11,4,-0.09999999999999998,-0.45,-0.004740482938479978,true,false
12,4,-0.04999999999999993,-0.45,-0.0028646568229488594,true,false
13,4,0.0,-0.45,-7.50526228850593e-05,true,false
14,4,0.050000000000000044,-0.45,0.005094910954765923,true,false
15,4,0.09999999999999998,-0.45,0.016908543409951432,true,false
16,4,0.15000000000000002,-0.45,0.04059453571282491,true,false
17,4,0.20000000000000007,-0.45,0.07392449443669717,true,false
18,4,0.25,-0.45,0.10264814172262018,true,false
19,4,0.30000000000000004,-0.45,0.11137724046889687,true,false
20,4,0.35,-0.45,0.0975170334541992,true,false
21,4,0.4,-0.45,0.07108034657070969,true,false
22,4,0.45000000000000007,-0.45,0.04518135761558761,true,false
23,4,0.5000000000000001,-0.45,0.027835847158174824,true,false
24,4,0.5500000000000002,-0.45,0.01947580684941702,false,true
25,4,0.6,-0.45,0.016427181058315487,false,true
26,4,0.65,-0.45,0.015468848782127174,false,true
0,5,-0.65,-0.4,-0.011052195800364067,false,true
1,5,-0.6,-0.4,-0.011212559333207655,false,true
2,5,-0.55,-0.4,-0.011361394111682974,false,true
3,5,-0.5,-0.4,-0.01138335476022721,false,true
4,5,-0.45,-0.4,-0.011126254220932994,true,false
5,5,-0.4,-0.4,-0.010522256106825376,true,false
6,5,-0.35,-0.4,-0.009655518803534695,true,false
7,5,-0.3,-0.4,-0.008668795697781222,true,false
8,5,-0.25,-0.4,-0.007646411321079826,true,false
9,5,-0.2,-0.4,-0.006606295436351784,true,false
10,5,-0.15000000000000002,-0.4,-0.005527103669435863,true,false
11,5,-0.09999999999999998,-0.4,-0.004346513587123586,true,false
12,5,-0.04999999999999993,-0.4,-0.0029504089692359587,true,false
13,5,0.0,-0.4,-0.0010377738714172626,true,false
14,5,0.050000000000000044,-0.4,0.0025478277542560716,true,false
15,5,0.09999999999999998,-0.4,0.01116749788048974,true,false
16,5,0.15000000000000002,-0.4,0.02978008032292531,true,false
17,5,0.20000000000000007,-0.4,0.05859810787551312,true,false
18,5,0.25,-0.4,0.08628006736206073,true,false
19,5,0.30000000000000004,-0.4,0.09619006041434336,true,false
20,5,0.35,-0.4,0.08279141014408437,true,false
21,5,0.4,-0.4,0.0569455060596022,true,false
22,5,0.45000000000000007,-0.4,0.03400819263080805,true,false
23,5,0.5000000000000001,-0.4,0.02102615494302099,true,false
24,5,0.5500000000000002,-0.4,0.015972746693902563,false,true
25,5,0.6,-0.4,0.01446302260644195,false,true
26,5,0.65,-0.4,0.013978681731410382,false,true
0,6,-0.65,-0.35,-0.010852476168598708,false,true
1,6,-0.6,-0.35,-0.011094027947901557,false,true
2,6,-0.55,-0.35,-0.01132504193297217,false,true
3,6,-0.5,-0.35,-0.011401696138795965,false,true
4,6,-0.45,-0.35,-0.011151044518666504,true,false
5,6,-0.4,-0.35,-0.010499209735638946,true,false
6,6,-0.35,-0.35,-0.009531980134105531,true,false
7,6,-0.3,-0.35,-0.00841681972351076,true,false
8,6,-0.25,-0.35,-0.007287726588425425,true,false
9,6,-0.2,-0.35,-0.006192038836592348,true,false
10,6,-0.15000000000000002,-0.35,-0.00510314707568141,true,false
11,6,-0.09999999999999998,-0.35,-0.003966511487758799,true,false
12,6,-0.04999999999999993,-0.35,-0.0027179617241263015,true,false
13,6,0.0,-0.35,-0.0011682219821680302,true,false
14,6,0.050000000000000044,-0.35,0.0013590456344787865,true,false
15,6,0.09999999999999998,-0.35,0.006886518898728454,true,false
16,6,0.15000000000000002,-0.35,0.019020987230290526,true,false
17,6,0.20000000000000007,-0.35,0.03923724085980899,true,false
18,6,0.25,-0.35,0.060541428518952535,true,false
19,6,0.30000000000000004,-0.35,0.06971216524806968,true,false
20,6,0.35,-0.35,0.060738144279693214,true,false
21,6,0.4,-0.35,0.04177786388106613,true,false
22,6,0.45000000000000007,-0.35,0.025482023192167875,true,false
23,6,0.5000000000000001,-0.35,0.01705501003674085,true,false
24,6,0.5500000000000002,-0.35,0.014109834236096278,false,true
25,6,0.6,-0.35,0.013138881254639759,false,true
26,6,0.65,-0.35,0.012605838459253676,false,true
0,7,-0.65,-0.3,-0.010323950670112669,false,true
1,7,-0.6,-0.3,-0.010594410448317333,false,true
2,7,-0.55,-0.3,-0.010867231615406616,false,true
3,7,-0.5,-0.3,-0.01099068570562754,false,true
4,7,-0.45,-0.3,-0.01077541687782736,true,false
5,7,-0.4,-0.3,-0.010120859242060362,true,false
6,7,-0.35,-0.3,-0.009095922962868569,true,false
7,7,-0.3,-0.3,-0.007903218453460427,true,false
8,7,-0.25,-0.3,-0.006740475036003139,true,false
9,7,-0.2,-0.3,-0.00566633070260566,true,false
10,7,-0.15000000000000002,-0.3,-0.004607836684217248,true,false
11,7,-0.09999999999999998,-0.3,-0.0034769854049928857,true,false
12,7,-0.04999999999999993,-0.3,-0.002206466076822673,true,false
13,7,0.0,-0.3,-0.0006379638217431676,true,false
14,7,0.050000000000000044,-0.3,0.0015782221904069064,true,false
15,7,0.09999999999999998,-0.3,0.005296011361698377,true,false
16,7,0.15000000000000002,-0.3,0.012417427871253914,true,false
17,7,0.20000000000000007,-0.3,0.024452049076713347,true,false
18,7,0.25,-0.3,0.038206940375665625,true,false
19,7,0.30000000000000004,-0.3,0.045539823304049626,true,false
20,7,0.35,-0.3,0.04151286337811699,true,false
21,7,0.4,-0.3,0.03043425290855119,true,false
22,7,0.45000000000000007,-0.3,0.020499248264177667,true,false
23,7,0.5000000000000001,-0.3,0.01528001096166634,true,false
24,7,0.5500000000000002,-0.3,0.013201746607170144,false,true
25,7,0.6,-0.3,0.01211974459830359,false,true
26,7,0.65,-0.3,0.011313263216157908,false,true
0,8,-0.65,-0.25,-0.00982692511977148,false,true
1,8,-0.6,-0.25,-0.010053693623304638,false,true
2,8,-0.55,-0.25,-0.01030387988109534,false,true
3,8,-0.5,-0.25,-0.010435095878701678,false,true
4,8,-0.45,-0.25,-0.010228960665760244,true,false
5,8,-0.4,-0.25,-0.009538039594308007,true,false
6,8,-0.35,-0.25,-0.00843585518302313,true,false
7,8,-0.3,-0.25,-0.0071959546899420836,true,false
8,8,-0.25,-0.25,-0.006067626359744813,true,false
9,8,-0.2,-0.25,-0.005076884644365217,true,false
10,8,-0.15000000000000002,-0.25,-0.0040798695536822666,true,false
11,8,-0.09999999999999998,-0.25,-0.0029463142442183207,true,false
12,8,-0.04999999999999993,-0.25,-0.0015652644468721272,true,false
13,8,0.0,-0.25,0.0002888990400700691,true,false
14,8,0.050000000000000044,-0.25,0.0027934815983576946,true,false
15,8,0.09999999999999998,-0.25,0.005864217434589649,true,false
16,8,0.15000000000000002,-0.25,0.009857709504496178,true,false
17,8,0.20000000000000007,-0.25,0.015879863054207646,true,false
18,8,0.25,-0.25,0.02337885915115496,true,false
19,8,0.30000000000000004,-0.25,0.028499596447383355,true,false
20,8,0.35,-0.25,0.027781940994200723,true,false
21,8,0.4,-0.25,0.022599081038566622,true,false
22,8,0.45000000000000007,-0.25,0.01732135699386194,true,false
23,8,0.5000000000000001,-0.25,0.014186468306990361,true,false
24,8,0.5500000000000002,-0.25,0.012474473049848396,false,true
25,8,0.6,-0.25,0.01121975539275928,false,true
26,8,0.65,-0.25,0.010264350230742956,false,true
0,9,-0.65,-0.2,-0.009664877381900687,false,true
1,9,-0.6,-0.2,-0.009806403356429436,false,true
2,9,-0.55,-0.2,-0.009975721006751466,false,true
3,9,-0.5,-0.2,-0.010039209993397765,false,true
4,9,-0.45,-0.2,-0.00974480351734276,true,false
5,9,-0.4,-0.2,-0.008917762298847168,true,false
6,9,-0.35,-0.2,-0.007694149462405081,true,false
7,9,-0.3,-0.2,-0.006443558004979916,true,false
8,9,-0.25,-0.2,-0.005416990730350074,true,false
9,9,-0.2,-0.2,-0.00455647376127994,true,false
10,9,-0.15000000000000002,-0.2,-0.003646635722286503,true,false
11,9,-0.09999999999999998,-0.2,-0.0025263337797475378,true,false
12,9,-0.04999999999999993,-0.2,-0.0010264059079956658,true,false
13,9,0.0,-0.2,0.0011758619458076185,true,false
14,9,0.050000000000000044,-0.2,0.004149213947262667,true,false
15,9,0.09999999999999998,-0.2,0.007118717685786245,true,false
16,9,0.15000000000000002,-0.2,0.009344903690908091,true,false
17,9,0.20000000000000007,-0.2,0.01155805737669823,true,false
18,9,0.25,-0.2,0.014711016925159429,true,false
19,9,0.30000000000000004,-0.2,0.017700234113674863,true,false
20,9,0.35,-0.2,0.018447987549039757,true,false
21,9,0.4,-0.2,0.016841127642088734,true,false
22,9,0.45000000000000007,-0.2,0.014681267701284953,true,false
23,9,0.5000000000000001,-0.2,0.01306245690507087,true,false
24,9,0.5500000000000002,-0.2,0.011757209841413388,true,false
25,9,0.6,-0.2,0.010595252485859295,false,true
26,9,0.65,-0.2,0.009745790001477943,false,true
0,10,-0.65,-0.15000000000000002,-0.009882096288770315,false,true
1,10,-0.6,-0.15000000000000002,-0.00995289415446579,false,true
2,10,-0.55,-0.15000000000000002,-0.010014235558681027,false,true
3,10,-0.5,-0.15000000000000002,-0.0099133582703786,true,false
4,10,-0.45,-0.15000000000000002,-0.00938130071026565,true,false
5,10,-0.4,-0.15000000000000002,-0.00828751112258062,true,false
6,10,-0.35,-0.15000000000000002,-0.006893729024280727,true,false
7,10,-0.3,-0.15000000000000002,-0.005652833280265058,true,false
8,10,-0.25,-0.15000000000000002,-0.004756529149323548,true,false
9,10,-0.2,-0.15000000000000002,-0.004037933671906811,true,false
10,10,-0.15000000000000002,-0.15000000000000002,-0.003232953626514904,true,false
11,10,-0.09999999999999998,-0.15000000000000002,-0.002170269122406814,true,false
12,10,-0.04999999999999993,-0.15000000000000002,-0.0006477988404439682,true,false
13,10,0.0,-0.15000000000000002,0.0016828025714430185,true,false
14,10,0.050000000000000044,-0.15000000000000002,0.004786324296927194,true,false
15,10,0.09999999999999998,-0.15000000000000002,0.007577900602157988,true,false
16,10,0.15000000000000002,-0.15000000000000002,0.008905005495429334,true,false
17,10,0.20000000000000007,-0.15000000000000002,0.00929083980378388,true,false
18,10,0.25,-0.15000000000000002,0.010177912729161236,true,false
19,10,0.30000000000000004,-0.15000000000000002,0.011729401976532976,true,false
20,10,0.35,-0.15000000000000002,0.012868597177482451,true,false
21,10,0.4,-0.15000000000000002,0.013050848226519921,true,false
22,10,0.45000000000000007,-0.15000000000000002,0.012704772102440313,true,false
23,10,0.5000000000000001,-0.15000000000000002,0.0121437811059587,true,false
24,10,0.5500000000000002,-0.15000000000000002,0.011338906612337649,true,false
25,10,0.6,-0.15000000000000002,0.010497448359293825,false,true
26,10,0.65,-0.15000000000000002,0.009901597143784451,false,true
0,11,-0.65,-0.09999999999999998,-0.010254730877005425,false,true
1,11,-0.6,-0.09999999999999998,-0.01030306547644479,false,true
2,11,-0.55,-0.09999999999999998,-0.010263429539067162,false,true
3,11,-0.5,-0.09999999999999998,-0.009919652087946946,true,false
4,11,-0.45,-0.09999999999999998,-0.009008276729812264,true,false
5,11,-0.4,-0.09999999999999998,-0.0075334944316165,true,false
6,11,-0.35,-0.09999999999999998,-0.0059286134220077405,true,false
7,11,-0.3,-0.09999999999999998,-0.004687912383191322,true,false
8,11,-0.25,-0.09999999999999998,-0.0039000309271616062,true,false
9,11,-0.2,-0.09999999999999998,-0.00329908345327558,true,false
10,11,-0.15000000000000002,-0.09999999999999998,-0.0026028131578264458,true,false
11,11,-0.09999999999999998,-0.09999999999999998,-0.0016483088954822968,true,false
12,11,-0.04999999999999993,-0.09999999999999998,-0.0002448466663893184,true,false
13,11,0.0,-0.09999999999999998,0.0018828366445177603,true,false
14,11,0.050000000000000044,-0.09999999999999998,0.00460743218143125,true,false
15,11,0.09999999999999998,-0.09999999999999998,0.006929120511976322,true,false
16,11,0.15000000000000002,-0.09999999999999998,0.007896836278250996,true,false
17,11,0.20000000000000007,-0.09999999999999998,0.007966742315308363,true,false
18,11,0.25,-0.09999999999999998,0.008352626531761997,true,false
19,11,0.30000000000000004,-0.09999999999999998,0.00940723818282723,true,false
20,11,0.35,-0.09999999999999998,0.010568263801603493,true,false
21,11,0.4,-0.09999999999999998,0.011375262147682646,true,false
22,11,0.45000000000000007,-0.09999999999999998,0.01179155294282912,true,false
23,11,0.5000000000000001,-0.09999999999999998,0.011802451082874357,true,false
24,11,0.5500000000000002,-0.09999999999999998,0.01142690381241749,true,false
25,11,0.6,-0.09999999999999998,0.010934100622054393,false,true
26,11,0.65,-0.09999999999999998,0.010580020020028533,false,true
0,12,-0.65,-0.04999999999999993,-0.010424994126904064,false,true
1,12,-0.6,-0.04999999999999993,-0.010482589081510982,false,true
2,12,-0.55,-0.04999999999999993,-0.010356658815277817,false,true
3,12,-0.5,-0.04999999999999993,-0.009743217829105984,true,false
4,12,-0.45,-0.04999999999999993,-0.008398904267124094,true,false
5,12,-0.4,-0.04999999999999993,-0.006517047908619639,true,false
6,12,-0.35,-0.04999999999999993,-0.004713527635363359,true,false
7,12,-0.3,-0.04999999999999993,-0.0034755446190725694,true,false
8,12,-0.25,-0.04999999999999993,-0.0027685816469501154,true,false
9,12,-0.2,-0.04999999999999993,-0.002256044530774568,true,false
10,12,-0.15000000000000002,-0.04999999999999993,-0.0016616498150900012,true,false
11,12,-0.09999999999999998,-0.04999999999999993,-0.0008400010267551404,true,false
12,12,-0.04999999999999993,-0.04999999999999993,0.0003615667120944492,true,false
13,12,0.0,-0.04999999999999993,0.0021097964411569423,true,false
14,12,0.050000000000000044,-0.04999999999999993,0.004238485650491608,true,false
15,12,0.09999999999999998,-0.04999999999999993,0.00604338753737135,true,false
16,12,0.15000000000000002,-0.04999999999999993,0.0070102495813057185,true,false
17,12,0.20000000000000007,-0.04999999999999993,0.007559923961831159,true,false
18,12,0.25,-0.04999999999999993,0.008391444537493837,true,false
19,12,0.30000000000000004,-0.04999999999999993,0.009531969176679854,true,false
20,12,0.35,-0.04999999999999993,0.01057987664366681,true,false
21,12,0.4,-0.04999999999999993,0.011348239033949301,true,false
22,12,0.45000000000000007,-0.04999999999999993,0.01185459067165569,true,false
23,12,0.5000000000000001,-0.04999999999999993,0.012045837268592091,true,false
24,12,0.5500000000000002,-0.04999999999999993,0.011918347642953417,true,false
25,12,0.6,-0.04999999999999993,0.011664455797530136,false,true
26,12,0.65,-0.04999999999999993,0.011469051482246946,false,true
0,13,-0.65,0.0,-0.010160015330976527,false,true
1,13,-0.6,0.0,-0.010209096998371388,false,true
2,13,-0.55,0.0,-0.009992591127240658,false,true
3,13,-0.5,0.0,-0.009142408962402324,true,false
4,13,-0.45,0.0,-0.007445612471330568,true,false
5,13,-0.4,0.0,-0.00526450065572221,true,false
6,13,-0.35,0.0,-0.003351763154501075,true,false
7,13,-0.3,0.0,-0.0021494340619154007,true,false
8,13,-0.25,0.0,-0.0015097082358836746,true,false
9,13,-0.2,0.0,-0.0010608209596329127,true,false
10,13,-0.15000000000000002,0.0,-0.0005482750302659227,true,false
11,13,-0.09999999999999998,0.0,0.0001548837419787815,true,false
12,13,-0.04999999999999993,0.0,0.0011632745635196222,true,false
13,13,0.0,0.0,0.0025614857042468315,true,false
14,13,0.050000000000000044,0.0,0.004205210829304827,true,false
15,13,0.09999999999999998,0.0,0.005704479729484959,true,false
16,13,0.15000000000000002,0.0,0.0069310573103940655,true,false
17,13,0.20000000000000007,0.0,0.008260205151698707,true,false
18,13,0.25,0.0,0.009861991313623484,true,false
19,13,0.30000000000000004,0.0,0.011248934729177679,true,false
20,13,0.35,0.0,0.011997570886738454,true,false
21,13,0.4,0.0,0.012313430081243635,true,false
22,13,0.45000000000000007,0.0,0.012534273442040984,true,false
23,13,0.5000000000000001,0.0,0.012662393185642717,true,false
24,13,0.5500000000000002,0.0,0.012614931320725383,true,false
25,13,0.6,0.0,0.012476816840089602,false,true
26,13,0.65,0.0,0.01236624977073179,false,true
0,14,-0.65,0.050000000000000044,-0.0095474603799501,false,true
1,14,-0.6,0.050000000000000044,-0.009536584204045828,false,true
2,14,-0.55,0.050000000000000044,-0.009205582522206544,false,true
3,14,-0.5,0.050000000000000044,-0.008176334898162324,true,false
4,14,-0.45,0.050000000000000044,-0.006279863950154894,true,false
5,14,-0.4,0.050000000000000044,-0.003976199248642698,true,false
6,14,-0.35,0.050000000000000044,-0.002065440360613888,true,false
7,14,-0.3,0.050000000000000044,-0.000922872223433013,true,false
8,14,-0.25,0.050000000000000044,-0.0003243606566542355,true,false
9,14,-0.2,0.050000000000000044,0.00010203689619718104,true,false
10,14,-0.15000000000000002,0.050000000000000044,0.0005781959874549699,true,false
11,14,-0.09999999999999998,0.050000000000000044,0.0012106214344906952,true,false
12,14,-0.04999999999999993,0.050000000000000044,0.002084744425093385,true,false
13,14,0.0,0.050000000000000044,0.0032422119112008544,true,false
14,14,0.050000000000000044,0.050000000000000044,0.0045942792277382585,true,false
15,14,0.09999999999999998,0.050000000000000044,0.006009332222301284,true,false
16,14,0.15000000000000002,0.050000000000000044,0.007645630341721816,true,false
17,14,0.20000000000000007,0.050000000000000044,0.00983889744491627,true,false
18,14,0.25,0.050000000000000044,0.012271049109044623,true,false
19,14,0.30000000000000004,0.050000000000000044,0.013863462688339096,true,false
20,14,0.35,0.050000000000000044,0.014115863762795314,true,false
21,14,0.4,0.050000000000000044,0.013735348997805092,true,false
22,14,0.45000000000000007,0.050000000000000044,0.013503394852084103,true,false
23,14,0.5000000000000001,0.050000000000000044,0.013473351763971566,true,false
24,14,0.5500000000000002,0.050000000000000044,0.013429774507845315,true,false
25,14,0.6,0.050000000000000044,0.013343170630495178,false,true
26,14,0.65,0.050000000000000044,0.013277696336528196,false,true
0,15,-0.65,0.09999999999999998,-0.008855815459769217,false,true
1,15,-0.6,0.09999999999999998,-0.008741700171426562,false,true
2,15,-0.55,0.09999999999999998,-0.00826778694620585,false,true
3,15,-0.5,0.09999999999999998,-0.007088495748417477,true,false
4,15,-0.45,0.09999999999999998,-0.005099176226661557,true,false
5,15,-0.4,0.09999999999999998,-0.002800319048219004,true,false
6,15,-0.35,0.09999999999999998,-0.0009557542136205999,true,false
7,15,-0.3,0.09999999999999998,0.0001381275524244358,true,false
8,15,-0.25,0.09999999999999998,0.0007411508382747027,true,false
9,15,-0.2,0.09999999999999998,0.0012008126103890246,true,false
10,15,-0.15000000000000002,0.09999999999999998,0.0017018140337748053,true,false
11,15,-0.09999999999999998,0.09999999999999998,0.002325537118261056,true,false
12,15,-0.04999999999999993,0.09999999999999998,0.003133077118347161,true,false
13,15,0.0,0.09999999999999998,0.004149673708445214,true,false
14,15,0.050000000000000044,0.09999999999999998,0.0053436915963818495,true,false
15,15,0.09999999999999998,0.09999999999999998,0.0067622672502473235,true,false
16,15,0.15000000000000002,0.09999999999999998,0.008756865330718743,true,false
17,15,0.20000000000000007,0.09999999999999998,0.01164210334480981,true,false
18,15,0.25,0.09999999999999998,0.014720173040051404,true,false
19,15,0.30000000000000004,0.09999999999999998,0.01641304395332916,true,false
20,15,0.35,0.09999999999999998,0.01616473224073323,true,false
21,15,0.4,0.09999999999999998,0.015140433214256177,true,false
22,15,0.45000000000000007,0.09999999999999998,0.014515234079660384,true,false
23,15,0.5000000000000001,0.09999999999999998,0.014371341667222771,true,false
24,15,0.5500000000000002,0.09999999999999998,0.014353393227950852,true,false
25,15,0.6,0.09999999999999998,0.014320064163701096,false,true
26,15,0.65,0.09999999999999998,0.014291808780205067,false,true
0,16,-0.65,0.15000000000000002,-0.008188044764844658,false,true
1,16,-0.6,0.15000000000000002,-0.007961506436630406,false,true
2,16,-0.55,0.15000000000000002,-0.007335294110573991,true,false
3,16,-0.5,0.15000000000000002,-0.006010336209591256,true,false
4,16,-0.45,0.15000000000000002,-0.003963054837637173,true,false
5,16,-0.4,0.15000000000000002,-0.0017126853988154538,true,false
6,16,-0.35,0.15000000000000002,6.197563961631208e-05,true,false
7,16,-0.3,0.15000000000000002,0.0011469693118386457,true,false
8,16,-0.25,0.15000000000000002,0.0018025130071936551,true,false
9,16,-0.2,0.15000000000000002,0.0023354865836780767,true,false
10,16,-0.15000000000000002,0.15000000000000002,0.002899869144301416,true,false
11,16,-0.09999999999999998,0.15000000000000002,0.0035594421241713563,true,false
12,16,-0.04999999999999993,0.15000000000000002,0.0043621215569504415,true,false
13,16,0.0,0.15000000000000002,0.0053329343573896085,true,false
14,16,0.050000000000000044,0.15000000000000002,0.006467831797428106,true,false
15,16,0.09999999999999998,0.15000000000000002,0.007867410375003063,true,false
16,16,0.15000000000000002,0.15000000000000002,0.009932947182223236,true,false
17,16,0.20000000000000007,0.15000000000000002,0.012980854796840899,true,false
18,16,0.25,0.15000000000000002,0.016210597618914947,true,false
19,16,0.30000000000000004,0.15000000000000002,0.017883734875130168,true,false
20,16,0.35,0.15000000000000002,0.017422742927453275,true,false
21,16,0.4,0.15000000000000002,0.016154754044678168,true,false
22,16,0.45000000000000007,0.15000000000000002,0.015407008892108323,true,false
23,16,0.5000000000000001,0.15000000000000002,0.015283737354334845,true,false
24,16,0.5500000000000002,0.15000000000000002,0.0153591859390277,true,false
25,16,0.6,0.15000000000000002,0.015411608195342803,false,true
26,16,0.65,0.15000000000000002,0.015429529134655073,false,true
0,17,-0.65,0.20000000000000007,-0.007346890477344792,false,true
1,17,-0.6,0.20000000000000007,-0.007041143799650056,false,true
2,17,-0.55,0.20000000000000007,-0.006304099212281791,true,false
3,17,-0.5,0.20000000000000007,-0.004874355163702481,true,false
4,17,-0.45,0.20000000000000007,-0.002800619121891443,true,false
5,17,-0.4,0.20000000000000007,-0.0006061874118378984,true,false
6,17,-0.35,0.20000000000000007,0.0011300774854166012,true,false
7,17,-0.3,0.20000000000000007,0.0022589353914373323,true,false
8,17,-0.25,0.20000000000000007,0.0030034915651773286,true,false
9,17,-0.2,0.20000000000000007,0.003618237210917784,true,false
10,17,-0.15000000000000002,0.20000000000000007,0.00424446580868196,true,false
11,17,-0.09999999999999998,0.20000000000000007,0.004956617644534586,true,false
12,17,-0.04999999999999993,0.20000000000000007,0.0058226557695487445,true,false
13,17,0.0,0.20000000000000007,0.00688863803372143,true,false
14,17,0.050000000000000044,0.20000000000000007,0.00811827477841132,true,false
15,17,0.09999999999999998,0.20000000000000007,0.00947498807048527,true,false
16,17,0.15000000000000002,0.20000000000000007,0.011209103973127552,true,false
17,17,0.20000000000000007,0.20000000000000007,0.01368542575713231,true,false
18,17,0.25,0.20000000000000007,0.016404131044662002,true,false
19,17,0.30000000000000004,0.20000000000000007,0.017925088943573617,true,false
20,17,0.35,0.20000000000000007,0.017662120888299215,true,false
21,17,0.4,0.20000000000000007,0.016682613426076534,true,false
22,17,0.45000000000000007,0.20000000000000007,0.01614094865789617,true,false
23,17,0.5000000000000001,0.20000000000000007,0.016166592860731143,true,false
24,17,0.5500000000000002,0.20000000000000007,0.016379999952035946,true,false
25,17,0.6,0.20000000000000007,0.016538274716549017,false,true
26,17,0.65,0.20000000000000007,0.0166112022463848,false,true
0,18,-0.65,0.25,-0.006069526963058335,false,true
1,18,-0.6,0.25,-0.0057586736105779595,false,true
2,18,-0.55,0.25,-0.005012200867514232,false,true
3,18,-0.5,0.25,-0.0035804427943781974,true,false
4,18,-0.45,0.25,-0.0015452793698976063,true,false
5,18,-0.4,0.25,0.0005853942254320724,true,false
6,18,-0.35,0.25,0.0023157747884726804,true,false
7,18,-0.3,0.25,0.003522475354901078,true,false
8,18,-0.25,0.25,0.004364021384254304,true,false
9,18,-0.2,0.25,0.005044385955182391,true,false
10,18,-0.15000000000000002,0.25,0.00571303964473467,true,false
11,18,-0.09999999999999998,0.25,0.006488112820095328,true,false
12,18,-0.04999999999999993,0.25,0.007508029171963324,true,false
13,18,0.0,0.25,0.008875308803876915,true,false
14,18,0.050000000000000044,0.25,0.01044509803987459,true,false
15,18,0.09999999999999998,0.25,0.011822430333063846,true,false
16,18,0.15000000000000002,0.25,0.012922872845970775,true,false
17,18,0.20000000000000007,0.25,0.014246768800564278,true,false
18,18,0.25,0.25,0.015938748514220866,true,false
19,18,0.30000000000000004,0.25,0.017174880026643816,true,false
20,18,0.35,0.25,0.01735199451966471,true,false
21,18,0.4,0.25,0.016987130836653347,true,false
22,18,0.45000000000000007,0.25,0.016834227833965112,true,false
23,18,0.5000000000000001,0.25,0.017043808560211534,true,false
24,18,0.5500000000000002,0.25,0.017374592633296878,true,false
25,18,0.6,0.25,0.01762165431726974,false,true
26,18,0.65,0.25,0.017746462089412,false,true
0,19,-0.65,0.30000000000000004,-0.004412968258892458,false,true
1,19,-0.6,0.30000000000000004,-0.004171940267219561,false,true
2,19,-0.55,0.30000000000000004,-0.003516433985300929,false,true
3,19,-0.5,0.30000000000000004,-0.0021800987296634175,true,false
4,19,-0.45,0.30000000000000004,-0.00023637805936418342,true,false
5,19,-0.4,0.30000000000000004,0.0018301015981110646,true,false
6,19,-0.35,0.30000000000000004,0.0035659863196941173,true,false
7,19,-0.3,0.30000000000000004,0.0048371880955286346,true,false
8,19,-0.25,0.30000000000000004,0.0057426616096612,true,false
9,19,-0.2,0.30000000000000004,0.006457344272145164,true,false
10,19,-0.15000000000000002,0.30000000000000004,0.0071500465830814704,true,false
11,19,-0.09999999999999998,0.30000000000000004,0.007995085966967474,true,false
12,19,-0.04999999999999993,0.30000000000000004,0.009233257327946868,true,false
13,19,0.0,0.30000000000000004,0.011047941304642822,true,false
14,19,0.050000000000000044,0.30000000000000004,0.013136155567082095,true,false
15,19,0.09999999999999998,0.30000000000000004,0.014631861324706912,true,false
16,19,0.15000000000000002,0.30000000000000004,0.01507223418012111,true,false
17,19,0.20000000000000007,0.30000000000000004,0.015163626527935849,true,false
18,19,0.25,0.30000000000000004,0.01576135887259198,true,false
19,19,0.30000000000000004,0.30000000000000004,0.016662393859829854,true,false
20,19,0.35,0.30000000000000004,0.017241789448544386,true,false
21,19,0.4,0.30000000000000004,0.01746658350024328,true,false
22,19,0.45000000000000007,0.30000000000000004,0.017674079430658463,true,false
23,19,0.5000000000000001,0.30000000000000004,0.01801696250386861,true,false
24,19,0.5500000000000002,0.30000000000000004,0.018402092245876054,true,false
25,19,0.6,0.30000000000000004,0.018690365462014295,false,true
26,19,0.65,0.30000000000000004,0.01884516021886121,false,true
0,20,-0.65,0.35,-0.0028164033038228743,false,true
1,20,-0.6,0.35,-0.0026586728647532295,false,true
2,20,-0.55,0.35,-0.002100746622190618,false,true
3,20,-0.5,0.35,-0.0008527507172995944,true,false
4,20,-0.45,0.35,0.0010264560753673747,true,false
5,20,-0.4,0.35,0.0030599110134094196,true,false
6,20,-0.35,0.35,0.004798341523233523,true,false
7,20,-0.3,0.35,0.0060880236501179375,true,false
8,20,-0.25,0.35,0.007001759636691732,true,false
9,20,-0.2,0.35,0.007712209748147646,true,false
10,20,-0.15000000000000002,0.35,0.008406553072328328,true,false
11,20,-0.09999999999999998,0.35,0.009300370234738998,true,false
12,20,-0.04999999999999993,0.35,0.010711768554835022,true,false
13,20,0.0,0.35,0.012876568516047127,true,false
14,20,0.050000000000000044,0.35,0.015357766608030518,true,false
15,20,0.09999999999999998,0.35,0.016954272450500366,true,false
16,20,0.15000000000000002,0.35,0.016983714127511415,true,false
17,20,0.20000000000000007,0.35,0.016314767125517163,true,false
18,20,0.25,0.35,0.016226414523939713,true,false
19,20,0.30000000000000004,0.35,0.016883949665171958,true,false
20,20,0.35,0.35,0.017681631360683802,true,false
21,20,0.4,0.35,0.018274534332960137,true,false
22,20,0.45000000000000007,0.35,0.018726303017129405,true,false
23,20,0.5000000000000001,0.35,0.01915677229435356,true,false
24,20,0.5500000000000002,0.35,0.019554625990001746,true,false
25,20,0.6,0.35,0.019840095311589267,false,true
26,20,0.65,0.35,0.0199943388821888,false,true
0,21,-0.65,0.4,-0.0016522027562448085,false,true
1,21,-0.6,0.4,-0.0015283859006052765,false,true
2,21,-0.55,0.4,-0.0009758897704097496,true,false
3,21,-0.5,0.4,0.0003021048060129383,true,false
4,21,-0.45,0.4,0.002225574813110183,true,false
5,21,-0.4,0.4,0.004291099642281182,true,false
6,21,-0.35,0.4,0.006035754636646098,true,false
7,21,-0.3,0.4,0.0073057360298665,true,false
8,21,-0.25,0.4,0.008184523620823786,true,false
9,21,-0.2,0.4,0.008857487941833294,true,false
10,21,-0.15000000000000002,0.4,0.00952613883236735,true,false
11,21,-0.09999999999999998,0.4,0.01042491610042901,true,false
12,21,-0.04999999999999993,0.4,0.011882829236917435,true,false
13,21,0.0,0.4,0.014110944517563638,true,false
14,21,0.050000000000000044,0.4,0.01660981982079941,true,false
15,21,0.09999999999999998,0.4,0.01814767803011394,true,false
16,21,0.15000000000000002,0.4,0.01809002815832326,true,false
17,21,0.20000000000000007,0.4,0.01733239272791979,true,false
18,21,0.25,0.4,0.017127098269109835,true,false
19,21,0.30000000000000004,0.4,0.017695472825245633,true,false
20,21,0.35,0.4,0.0185345601439503,true,false
21,21,0.4,0.4,0.019282135868442886,true,false
22,21,0.45000000000000007,0.4,0.01989324977019643,true,false
23,21,0.5000000000000001,0.4,0.020412566495770845,true,false
24,21,0.5500000000000002,0.4,0.020827545343769238,true,false
25,21,0.6,0.4,0.02109967510412571,false,true
26,21,0.65,0.4,0.021242774917226537,false,true
0,22,-0.65,0.45000000000000007,-0.0008728523231519821,false,true
1,22,-0.6,0.45000000000000007,-0.0007239387918727793,false,true
2,22,-0.55,0.45000000000000007,-7.217472781551844e-05,true,false
3,22,-0.5,0.45000000000000007,0.0013673175438183459,true,false
4,22,-0.45,0.45000000000000007,0.0034489568018569146,true,false
5,22,-0.4,0.45000000000000007,0.005609240716516617,true,false
6,22,-0.35,0.45000000000000007,0.007370065395393544,true,false
7,22,-0.3,0.45000000000000007,0.00860534116778466,true,false
8,22,-0.25,0.45000000000000007,0.009434500061109553,true,false
9,22,-0.2,0.45000000000000007,0.010058355931853575,true,false
10,22,-0.15000000000000002,0.45000000000000007,0.010688543370466631,true,false
11,22,-0.09999999999999998,0.45000000000000007,0.011564220066475459,true,false
12,22,-0.04999999999999993,0.45000000000000007,0.012973418688592987,true,false
13,22,0.0,0.45000000000000007,0.01503720913667376,true,false
14,22,0.050000000000000044,0.45000000000000007,0.017246470362344137,true,false
15,22,0.09999999999999998,0.45000000000000007,0.01857541285065008,true,false
16,22,0.15000000000000002,0.45000000000000007,0.01863335095464747,true,false
17,22,0.20000000000000007,0.45000000000000007,0.018230192913753468,true,false
18,22,0.25,0.45000000000000007,0.018270813369938015,true,false
19,22,0.30000000000000004,0.45000000000000007,0.018831352789583936,true,false
20,22,0.35,0.45000000000000007,0.01958356031990858,true,false
21,22,0.4,0.45000000000000007,0.02034571237324797,true,false
22,22,0.45000000000000007,0.45000000000000007,0.021064624649963722,true,false
23,22,0.5000000000000001,0.45000000000000007,0.021682510056920266,true,false
24,22,0.5500000000000002,0.45000000000000007,0.02214041991484649,true,false
25,22,0.6,0.45000000000000007,0.022429968542269925,false,true
26,22,0.65,0.45000000000000007,0.02259618264473076,false,true
0,23,-0.65,0.5000000000000001,-0.00022001372583504885,false,true
1,23,-0.6,0.5000000000000001,-3.1442834688840685e-06,false,true
2,23,-0.55,0.5000000000000001,0.0008064107213107926,true,false
3,23,-0.5,0.5000000000000001,0.0024677103364444085,true,false
4,23,-0.45,0.5000000000000001,0.004746228835605566,true,false
5,23,-0.4,0.5000000000000001,0.007009034571590626,true,false
6,23,-0.35,0.5000000000000001,0.0087751950416022,true,false
7,23,-0.3,0.5000000000000001,0.009967883295207428,true,false
8,23,-0.25,0.5000000000000001,0.010755376656002682,true,false
9,23,-0.2,0.5000000000000001,0.011350571219348795,true,false
10,23,-0.15000000000000002,0.5000000000000001,0.01196043948185673,true,false
11,23,-0.09999999999999998,0.5000000000000001,0.012807416332541677,true,false
12,23,-0.04999999999999993,0.5000000000000001,0.014116683216110894,true,false
13,23,0.0,0.5000000000000001,0.015916213078043105,true,false
14,23,0.050000000000000044,0.5000000000000001,0.01773438252219169,true,false
15,23,0.09999999999999998,0.5000000000000001,0.018832566916572174,true,false
16,23,0.15000000000000002,0.5000000000000001,0.019084834428692698,true,false
17,23,0.20000000000000007,0.5000000000000001,0.019147481986658513,true,false
18,23,0.25,0.5000000000000001,0.019505250102398494,true,false
19,23,0.30000000000000004,0.5000000000000001,0.02006262901022009,true,false
20,23,0.35,0.5000000000000001,0.020681387551244605,true,false
21,23,0.4,0.5000000000000001,0.02139847951426306,true,false
22,23,0.45000000000000007,0.5000000000000001,0.02218477296326069,true,false
23,23,0.5000000000000001,0.5000000000000001,0.022898986102012304,true,false
24,23,0.5500000000000002,0.5000000000000001,0.023443041359779922,true,false
25,23,0.6,0.5000000000000001,0.023825517447941685,false,true
26,23,0.65,0.5000000000000001,0.0240948028550702,false,true
0,24,-0.65,0.5500000000000002,0.000496863852983003,false,true
1,24,-0.6,0.5500000000000002,0.0008031300004316537,true,false
2,24,-0.55,0.5500000000000002,0.001776120090787049,true,false
3,24,-0.5,0.5500000000000002,0.0036354578894991284,true,false
4,24,-0.45,0.5500000000000002,0.0060564393312814895,true,false
5,24,-0.4,0.5500000000000002,0.008356368208561213,true,false
6,24,-0.35,0.5500000000000002,0.010079135709402895,true,false
7,24,-0.3,0.5500000000000002,0.011210643962691268,true,false
8,24,-0.25,0.5500000000000002,0.011967553867060356,true,false
9,24,-0.2,0.5500000000000002,0.01256681771793673,true,false
10,24,-0.15000000000000002,0.5500000000000002,0.013187461820582171,true,false
11,24,-0.09999999999999998,0.5500000000000002,0.014001208067992117,true,false
12,24,-0.04999999999999993,0.5500000000000002,0.0151574912236417,true,false
13,24,0.0,0.5500000000000002,0.01663356115954095,true,false
14,24,0.050000000000000044,0.5500000000000002,0.018067587286903372,true,false
15,24,0.09999999999999998,0.5500000000000002,0.019007046127366395,true,false
16,24,0.15000000000000002,0.5500000000000002,0.01948286872770799,true,false
17,24,0.20000000000000007,0.5500000000000002,0.01994075127180664,true,false
18,24,0.25,0.5500000000000002,0.02054500031110404,true,false
19,24,0.30000000000000004,0.5500000000000002,0.021124771669850655,true,false
20,24,0.35,0.5500000000000002,0.021681034810539908,true,false
21,24,0.4,0.5500000000000002,0.022376533406351203,true,false
22,24,0.45000000000000007,0.5500000000000002,0.023208790065844514,true,false
23,24,0.5000000000000001,0.5500000000000002,0.02402465347163941,true,false
24,24,0.5500000000000002,0.5500000000000002,0.02472203427503004,true,false
25,24,0.6,0.5500000000000002,0.02529274791524681,false,true
26,24,0.65,0.5500000000000002,0.025743520756258007,false,true
0,25,-0.65,0.6,0.0014987280972971412,false,true
1,25,-0.6,0.6,0.0018591560261732249,true,false
2,25,-0.55,0.6,0.002919249153884763,true,false
3,25,-0.5,0.6,0.004860371876338372,true,false
4,25,-0.45,0.6,0.007295498941947831,true,false
5,25,-0.4,0.6,0.009529439172960116,true,false
6,25,-0.35,0.6,0.011153566523485798,true,false
7,25,-0.3,0.6,0.012207866634409965,true,false
8,25,-0.25,0.6,0.012935112099470092,true,false
9,25,-0.2,0.6,0.013545589583497861,true,false
10,25,-0.15000000000000002,0.6,0.014183859262238026,true,false
11,25,-0.09999999999999998,0.6,0.014959952622665822,true,false
12,25,-0.04999999999999993,0.6,0.015948376716324226,true,false
13,25,0.0,0.6,0.0171117184186321,true,false
14,25,0.050000000000000044,0.6,0.018238806139897628,true,false
15,25,0.09999999999999998,0.6,0.01911922957107778,true,false
16,25,0.15000000000000002,0.6,0.019821599681693367,true,false
17,25,0.20000000000000007,0.6,0.02055721096348211,true,false
18,25,0.25,0.6,0.02130933886112158,true,false
19,25,0.30000000000000004,0.6,0.021942443309433315,true,false
20,25,0.35,0.6,0.02252936963729053,true,false
21,25,0.4,0.6,0.02324326250221041,true,false
22,25,0.45000000000000007,0.6,0.024106527382578017,true,false
23,25,0.5000000000000001,0.6,0.02502560313309156,true,false
24,25,0.5500000000000002,0.6,0.025916772515331574,true,false
25,25,0.6,0.6,0.02671186098141768,false,true
26,25,0.65,0.6,0.02734465580232175,false,true
0,26,-0.65,0.65,0.0031750181235629567,false,true
1,26,-0.6,0.65,0.003476853620360344,true,false
2,26,-0.55,0.65,0.004436899320831413,true,false
3,26,-0.5,0.65,0.006232078343514464,true,false
4,26,-0.45,0.65,0.00848816151623041,true,false
5,26,-0.4,0.65,0.010549807137489955,true,false
6,26,-0.35,0.65,0.012052208297638195,true,false
7,26,-0.3,0.65,0.0130424835952333,true,false
8,26,-0.25,0.65,0.01374207762416222,true,false
9,26,-0.2,0.65,0.014343724995764785,true,false
10,26,-0.15000000000000002,0.65,0.014977521202680935,true,false
11,26,-0.09999999999999998,0.65,0.015722418980092585,true,false
12,26,-0.04999999999999993,0.65,0.016606049998015696,true,false
13,26,0.0,0.65,0.0175866695201305,true,false
14,26,0.050000000000000044,0.65,0.018571577044208216,true,false
15,26,0.09999999999999998,0.65,0.01951598212112948,true,false
16,26,0.15000000000000002,0.65,0.02046368236519907,true,false
17,26,0.20000000000000007,0.65,0.02139845782759608,true,false
18,26,0.25,0.65,0.02218573208653346,true,false
19,26,0.30000000000000004,0.65,0.022787335405059384,true,false
20,26,0.35,0.65,0.023357024679270505,true,false
21,26,0.4,0.65,0.024049047849331644,true,false
22,26,0.45000000000000007,0.65,0.02489797419138993,true,false
23,26,0.5000000000000001,0.65,0.025876623115641727,true,false
24,26,0.5500000000000002,0.65,0.02691078316577752,true,false
25,26,0.6,0.65,0.02785425090072884,true,false
26,26,0.65,0.65,0.028575155801499632,false,true
0,27,-0.65,0.7000000000000001,0.00583533249475577,false,true
1,27,-0.6,0.7000000000000001,0.005959087611724774,true,false
2,27,-0.55,0.7000000000000001,0.00660748607080292,true,false
3,27,-0.5,0.7000000000000001,0.007993470246946417,true,false
4,27,-0.45,0.7000000000000001,0.009849837017639035,true,false
5,27,-0.4,0.7000000000000001,0.011624236818715637,true,false
6,27,-0.35,0.7000000000000001,0.012983312363661395,true,false
7,27,-0.3,0.7000000000000001,0.013924822769306382,true,false
8,27,-0.25,0.7000000000000001,0.014600959082141172,true,false
9,27,-0.2,0.7000000000000001,0.015175606064389847,true,false
10,27,-0.15000000000000002,0.7000000000000001,0.015783594353579417,true,false
11,27,-0.09999999999999998,0.7000000000000001,0.016509227634149377,true,false
12,27,-0.04999999999999993,0.7000000000000001,0.01737012339443956,true,false
13,27,0.0,0.7000000000000001,0.01832514617305555,true,false
14,27,0.050000000000000044,0.7000000000000001,0.01935254088172179,true,false
15,27,0.09999999999999998,0.7000000000000001,0.020513467454060318,true,false
16,27,0.15000000000000002,0.7000000000000001,0.021804034303000076,true,false
17,27,0.20000000000000007,0.7000000000000001,0.02295113618906259,true,false
18,27,0.25,0.7000000000000001,0.023650675645894025,true,false
19,27,0.30000000000000004,0.7000000000000001,0.023995187759860367,true,false
20,27,0.35,0.7000000000000001,0.02434123101834024,true,false
21,27,0.4,0.7000000000000001,0.02489066314088452,true,false
22,27,0.45000000000000007,0.7000000000000001,0.02565325183706865,true,false
23,27,0.5000000000000001,0.7000000000000001,0.0266041193145143,true,false
24,27,0.5500000000000002,0.7000000000000001,0.027652848298195434,true,false
25,27,0.6,0.7000000000000001,0.028599022728013453,true,false
26,27,0.65,0.7000000000000001,0.029284940078685782,false,true
0,28,-0.65,0.7500000000000001,0.009298274650047454,false,true
1,28,-0.6,0.7500000000000001,0.00923226370091557,true,false
2,28,-0.55,0.7500000000000001,0.009499673477397922,true,false
3,28,-0.5,0.7500000000000001,0.010342306286270826,true,false
4,28,-0.45,0.7500000000000001,0.011643796362859176,true,false
5,28,-0.4,0.7500000000000001,0.013007948364674827,true,false
6,28,-0.35,0.7500000000000001,0.014146920667111516,true,false
7,28,-0.3,0.7500000000000001,0.014997496809385318,true,false
8,28,-0.25,0.7500000000000001,0.015630828562043137,true,false
9,28,-0.2,0.7500000000000001,0.01617192742944212,true,false
10,28,-0.15000000000000002,0.7500000000000001,0.016751624651086754,true,false
11,28,-0.09999999999999998,0.7500000000000001,0.017461294104465154,true,false
12,28,-0.04999999999999993,0.7500000000000001,0.018324849905834613,true,false
13,28,0.0,0.7500000000000001,0.01931871081727822,true,false
14,28,0.050000000000000044,0.7500000000000001,0.020489304880504534,true,false
15,28,0.09999999999999998,0.7500000000000001,0.02198679279135914,true,false
16,28,0.15000000000000002,0.7500000000000001,0.023739082088275548,true,false
17,28,0.20000000000000007,0.7500000000000001,0.02515686928389793,true,false
18,28,0.25,0.7500000000000001,0.025686815899668893,true,false
19,28,0.30000000000000004,0.7500000000000001,0.025574962315647497,true,false
20,28,0.35,0.7500000000000001,0.025509499586023592,true,false
21,28,0.4,0.7500000000000001,0.02581706556494693,true,false
22,28,0.45000000000000007,0.7500000000000001,0.026440667905808724,true,false
23,28,0.5000000000000001,0.7500000000000001,0.027280556682026582,true,false
24,28,0.5500000000000002,0.7500000000000001,0.0282120030003984,true,false
25,28,0.6,0.7500000000000001,0.02902840358021808,true,false
26,28,0.65,0.7500000000000001,0.029591907891820986,false,true
0,29,-0.65,0.8000000000000002,0.01286057196067896,false,true
1,29,-0.6,0.8000000000000002,0.01270646770053906,true,false
2,29,-0.55,0.8000000000000002,0.012706810935030243,true,false
3,29,-0.5,0.8000000000000002,0.013075074463207898,true,false
4,29,-0.45,0.8000000000000002,0.01381439074138798,true,false
5,29,-0.4,0.8000000000000002,0.014702661701796807,true,false
6,29,-0.35,0.8000000000000002,0.015531649062793872,true,false
7,29,-0.3,0.8000000000000002,0.016213737415672086,true,false
8,29,-0.25,0.8000000000000002,0.01676588891149042,true,false
9,29,-0.2,0.8000000000000002,0.017272208520927524,true,false
10,29,-0.15000000000000002,0.8000000000000002,0.017834169419282717,true,false
11,29,-0.09999999999999998,0.8000000000000002,0.01852344810013793,true,false
12,29,-0.04999999999999993,0.8000000000000002,0.019361403782875316,true,false
13,29,0.0,0.8000000000000002,0.020355968088648813,true,false
14,29,0.050000000000000044,0.8000000000000002,0.02163104422997448,true,false
15,29,0.09999999999999998,0.8000000000000002,0.023407099226351744,true,false
16,29,0.15000000000000002,0.8000000000000002,0.02554061180882371,true,false
17,29,0.20000000000000007,0.8000000000000002,0.02718004587250251,true,false
18,29,0.25,0.8000000000000002,0.02756801603288093,true,false
19,29,0.30000000000000004,0.8000000000000002,0.0270721954280796,true,false
20,29,0.35,0.8000000000000002,0.02665762991712668,true,false
21,29,0.4,0.8000000000000002,0.026759929082756678,true,false
22,29,0.45000000000000007,0.8000000000000002,0.027251118431715873,true,false
23,29,0.5000000000000001,0.8000000000000002,0.027940633076111377,true,false
24,29,0.5500000000000002,0.8000000000000002,0.02867884239384097,true,false
25,29,0.6,0.8000000000000002,0.029297228615064896,true,false
26,29,0.65,0.8000000000000002,0.02970622502311444,false,true
0,30,-0.65,0.85,0.01578786704791153,false,true
1,30,-0.6,0.85,0.015643378126181433,false,true
2,30,-0.55,0.85,0.01553553032741117,true,false
3,30,-0.5,0.85,0.015605818510237889,true,false
4,30,-0.45,0.85,0.015916300787996593,true,false
5,30,-0.4,0.85,0.01639022072520279,true,false
6,30,-0.35,0.85,0.01691141926298959,true,false
7,30,-0.3,0.85,0.017406035705131873,true,false
8,30,-0.25,0.85,0.017869403490566236,true,false
9,30,-0.2,0.85,0.01835089319301233,true,false
10,30,-0.15000000000000002,0.85,0.018909492499481366,true,false
11,30,-0.09999999999999998,0.85,0.0195790752243205,true,false
12,30,-0.04999999999999993,0.85,0.020367184739858643,true,false
13,30,0.0,0.85,0.02130633051549779,true,false
14,30,0.050000000000000044,0.85,0.022558261813159366,true,false
15,30,0.09999999999999998,0.85,0.024342752499174898,true,false
16,30,0.15000000000000002,0.85,0.026479933413460836,true,false
17,30,0.20000000000000007,0.85,0.028099376683768856,true,false
18,30,0.25,0.85,0.028459053890974736,true,false
19,30,0.30000000000000004,0.85,0.02794485986866786,true,false
20,30,0.35,0.85,0.02751848694520212,true,false
21,30,0.4,0.85,0.02759582064540324,true,false
22,30,0.45000000000000007,0.85,0.028019560192380475,true,false
23,30,0.5000000000000001,0.85,0.028570318216252864,true,false
24,30,0.5500000000000002,0.85,0.029109939367168065,true,false
25,30,0.6,0.85,0.02953193059480735,false,true
26,30,0.65,0.85,0.02979967738593943,false,true
0,31,-0.65,0.9,0.0178342664265569,false,true
1,31,-0.6,0.9,0.01772177078549007,false,true
2,31,-0.55,0.9,0.01758601155056774,true,false
3,31,-0.5,0.9,0.017503791696340285,true,false
4,31,-0.45,0.9,0.017556831555564797,true,false
5,31,-0.4,0.9,0.017760146753291798,true,false
6,31,-0.35,0.9,0.018071285677308032,true,false
7,31,-0.3,0.9,0.018443822431593187,true,false
8,31,-0.25,0.9,0.018863186696381002,true,false
9,31,-0.2,0.9,0.019345462363167,true,false
10,31,-0.15000000000000002,0.9,0.019911753101254384,true,false
11,31,-0.09999999999999998,0.9,0.020569928902212306,true,false
12,31,-0.04999999999999993,0.9,0.02132836158041101,true,false
13,31,0.0,0.9,0.022238487974881812,true,false
14,31,0.050000000000000044,0.9,0.023423012923026443,true,false
15,31,0.09999999999999998,0.9,0.02497519945171688,true,false
16,31,0.15000000000000002,0.9,0.02669584186271988,true,false
17,31,0.20000000000000007,0.9,0.02798052475164609,true,false
18,31,0.25,0.9,0.028372917603010937,true,false
19,31,0.30000000000000004,0.9,0.028185721887686605,true,false
20,31,0.35,0.9,0.028081614022340225,true,false
21,31,0.4,0.9,0.028313850951911662,true,false
22,31,0.45000000000000007,0.9,0.028740507420991664,true,false
23,31,0.5000000000000001,0.9,0.02919047979343082,true,false
24,31,0.5500000000000002,0.9,0.02957198896479564,true,false
25,31,0.6,0.9,0.02984064415690057,false,true
26,31,0.65,0.9,0.030001361073779955,false,true
0,32,-0.65,0.9500000000000001,0.019244715958599532,false,true
1,32,-0.6,0.9500000000000001,0.01914379900644926,false,true
2,32,-0.55,0.9500000000000001,0.01898814074263402,true,false
3,32,-0.5,0.9500000000000001,0.01881920498911194,true,false
4,32,-0.45,0.9500000000000001,0.018725824472253697,true,false
5,32,-0.4,0.9500000000000001,0.01877334113992041,true,false
6,32,-0.35,0.9500000000000001,0.018972135734010225,true,false
7,32,-0.3,0.9500000000000001,0.019302529031934672,true,false
8,32,-0.25,0.9500000000000001,0.019734327854084455,true,false
9,32,-0.2,0.9500000000000001,0.020243299102631392,true,false
10,32,-0.15000000000000002,0.9500000000000001,0.02082350972380557,true,false
11,32,-0.09999999999999998,0.9500000000000001,0.021489411941215102,true,false
12,32,-0.04999999999999993,0.9500000000000001,0.022297261792828225,true,false
13,32,0.0,0.9500000000000001,0.02334197588337175,true,false
14,32,0.050000000000000044,0.9500000000000001,0.02463510630390558,true,false
15,32,0.09999999999999998,0.9500000000000001,0.025982504845126334,true,false
16,32,0.15000000000000002,0.9500000000000001,0.027102798575602643,true,false
17,32,0.20000000000000007,0.9500000000000001,0.02781559131031478,true,false
18,32,0.25,0.9500000000000001,0.028137727641221428,true,false
19,32,0.30000000000000004,0.9500000000000001,0.028313381127772243,true,false
20,32,0.35,0.9500000000000001,0.028601141116322774,true,false
21,32,0.4,0.9500000000000001,0.029030773772520457,true,false
22,32,0.45000000000000007,0.9500000000000001,0.029482706276785325,true,false
23,32,0.5000000000000001,0.9500000000000001,0.02986109158734703,true,false
24,32,0.5500000000000002,0.9500000000000001,0.03012928413141224,true,false
25,32,0.6,0.9500000000000001,0.03029052747083689,false,true
26,32,0.65,0.9500000000000001,0.030376126435654637,false,true
0,33,-0.65,1.0,0.020429975248950676,false,true
1,33,-0.6,1.0,0.020308454256352856,true,false
2,33,-0.55,1.0,0.02010858901195391,true,false
3,33,-0.5,1.0,0.019859603636129677,true,false
4,33,-0.45,1.0,0.019654455906693853,true,false
5,33,-0.4,1.0,0.019587445678036216,true,false
6,33,-0.35,1.0,0.01971072714896761,true,false
7,33,-0.3,1.0,0.020028354700393745,true,false
8,33,-0.25,1.0,0.020490834898877756,true,false
9,33,-0.2,1.0,0.02103348704139519,true,false
10,33,-0.15000000000000002,1.0,0.02163505204860963,true,false
11,33,-0.09999999999999998,1.0,0.022347625795007993,true,false
12,33,-0.04999999999999993,1.0,0.02332676107318156,true,false
13,33,0.0,1.0,0.024739740284536255,true,false
14,33,0.050000000000000044,1.0,0.026419852634206684,true,false
15,33,0.09999999999999998,1.0,0.0277467289758817,true,false
16,33,0.15000000000000002,1.0,0.02828841946410377,true,false
17,33,0.20000000000000007,1.0,0.02832457055866392,true,false
18,33,0.25,1.0,0.02839579162428625,true,false
19,33,0.30000000000000004,1.0,0.02873453583369654,true,false
20,33,0.35,1.0,0.02926412361187093,true,false
21,33,0.4,1.0,0.029815076806314383,true,false
22,33,0.45000000000000007,1.0,0.030268777742220043,true,false
23,33,0.5000000000000001,1.0,0.0305839137216159,true,false
24,33,0.5500000000000002,1.0,0.030767086306992535,true,false
25,33,0.6,1.0,0.030853422610394143,false,true
26,33,0.65,1.0,0.030888248626900337,false,true
0,34,-0.65,1.0500000000000003,0.021718523427134696,false,true
1,34,-0.6,1.0500000000000003,0.021534282297699492,true,false
2,34,-0.55,1.0500000000000003,0.021246043719372734,true,false
3,34,-0.5,1.0500000000000003,0.020888472586090535,true,false
4,34,-0.45,1.0500000000000003,0.020559989617092874,true,false
5,34,-0.4,1.0500000000000003,0.020371788951417048,true,false
6,34,-0.35,1.0500000000000003,0.020408211730122035,true,false
7,34,-0.3,1.0500000000000003,0.02069206243315977,true,false
8,34,-0.25,1.0500000000000003,0.02115954713278675,true,false
9,34,-0.2,1.0500000000000003,0.021719178792926196,true,false
10,34,-0.15000000000000002,1.0500000000000003,0.022345780057136156,true,false
11,34,-0.09999999999999998,1.0500000000000003,0.023139918256267253,true,false
12,34,-0.04999999999999993,1.0500000000000003,0.024362507828691874,true,false
13,34,0.0,1.0500000000000003,0.02622538782954761,true,false
14,34,0.050000000000000044,1.0500000000000003,0.02833533753199742,true,false
15,34,0.09999999999999998,1.0500000000000003,0.029672319936982425,true,false
16,34,0.15000000000000002,1.0500000000000003,0.02973594810645449,true,false
17,34,0.20000000000000007,1.0500000000000003,0.02921785320961067,true,false
18,34,0.25,1.0500000000000003,0.029033483255632382,true,false
19,34,0.30000000000000004,1.0500000000000003,0.029392326662516923,true,false
20,34,0.35,1.0500000000000003,0.03000759948879327,true,false
21,34,0.4,1.0500000000000003,0.030590257219506818,true,false
22,34,0.45000000000000007,1.0500000000000003,0.031016369758519728,true,false
23,34,0.5000000000000001,1.0500000000000003,0.03127468572499176,true,false
24,34,0.5500000000000002,1.0500000000000003,0.03139963923591296,true,false
25,34,0.6,1.0500000000000003,0.031443385105813695,false,true
26,34,0.65,1.0500000000000003,0.03145388572428002,false,true
0,35,-0.65,1.1,0.023159913528090447,false,true
1,35,-0.6,1.1,0.02289785431850588,false,true
2,35,-0.55,1.1,0.0225004048963668,true,false
3,35,-0.5,1.1,0.02201270386435321,true,false
4,35,-0.45,1.1,0.021541641320471427,true,false
5,35,-0.4,1.1,0.021215320084042328,true,false
6,35,-0.35,1.1,0.021146544728178333,true,false
7,35,-0.3,1.1,0.021369959180285877,true,false
8,35,-0.25,1.1,0.021809904083806033,true,false
9,35,-0.2,1.1,0.02236063489553173,true,false
10,35,-0.15000000000000002,1.1,0.02299820932770128,true,false
11,35,-0.09999999999999998,1.1,0.023854327413751555,true,false
12,35,-0.04999999999999993,1.1,0.02523437723465448,true,false
13,35,0.0,1.1,0.027315111929061185,true,false
14,35,0.050000000000000044,1.1,0.029524295490709743,true,false
15,35,0.09999999999999998,1.1,0.030707259597041302,true,false
16,35,0.15000000000000002,1.1,0.030496999432173048,true,false
17,35,0.20000000000000007,1.1,0.029817597276772217,true,false
18,35,0.25,1.1,0.0296314777989055,true,false
19,35,0.30000000000000004,1.1,0.030043724783575324,true,false
20,35,0.35,1.1,0.030684188465000456,true,false
21,35,0.4,1.1,0.0312517461698607,true,false
22,35,0.45000000000000007,1.1,0.03164398351221232,true,false
23,35,0.5000000000000001,1.1,0.031873335589392086,true,false
24,35,0.5500000000000002,1.1,0.0319859686578435,true,false
25,35,0.6,1.1,0.03203141195210731,false,true
26,35,0.65,1.1,0.03204917425380495,false,true
0,36,-0.65,1.15,0.02448179763821749,false,true
1,36,-0.6,1.15,0.024195588020861712,true,false
2,36,-0.55,1.15,0.02374777126909941,true,false
3,36,-0.5,1.15,0.023175312814825915,true,false
4,36,-0.45,1.15,0.022584616501810383,true,false
5,36,-0.4,1.15,0.02212946543235694,true,false
6,36,-0.35,1.15,0.021959685104820197,true,false
7,36,-0.3,1.15,0.022119376830153404,true,false
8,36,-0.25,1.15,0.022518685812328115,true,false
9,36,-0.2,1.15,0.02304028449797958,true,false
10,36,-0.15000000000000002,1.15,0.02365698797494861,true,false
11,36,-0.09999999999999998,1.15,0.02449549302420824,true,false
12,36,-0.04999999999999993,1.15,0.02581977188405728,true,false
13,36,0.0,1.15,0.027723078837671753,true,false
14,36,0.050000000000000044,1.15,0.02962741813925384,true,false
15,36,0.09999999999999998,1.15,0.03058403930721446,true,false
16,36,0.15000000000000002,1.15,0.030453368699453982,true,false
17,36,0.20000000000000007,1.15,0.03008698946568912,true,false
18,36,0.25,1.15,0.030177829033786272,true,false
19,36,0.30000000000000004,1.15,0.030691600990199994,true,false
20,36,0.35,1.15,0.03130622284130127,true,false
21,36,0.4,1.15,0.03181595519581108,true,false
22,36,0.45000000000000007,1.15,0.03217626958733237,true,false
23,36,0.5000000000000001,1.15,0.032419846799718724,true,false
24,36,0.5500000000000002,1.15,0.03258170760250203,true,false
25,36,0.6,1.15,0.0326833329246866,false,true
26,36,0.65,1.15,0.032744894540633264,false,true
0,37,-0.65,1.2000000000000002,0.025438085541601874,false,true
1,37,-0.6,1.2000000000000002,0.025212657609248013,true,false
2,37,-0.55,1.2000000000000002,0.024821912828708177,true,false
3,37,-0.5,1.2000000000000002,0.024266691543660596,true,false
4,37,-0.45,1.2000000000000002,0.023629380083320897,true,false
5,37,-0.4,1.2000000000000002,0.023089271286768152,true,false
6,37,-0.35,1.2000000000000002,0.022842433151882852,true,false
7,37,-0.3,1.2000000000000002,0.022947444280767438,true,false
8,37,-0.25,1.2000000000000002,0.023302212341175608,true,false
9,37,-0.2,1.2000000000000002,0.023777960052378266,true,false
10,37,-0.15000000000000002,1.2000000000000002,0.024337939339642307,true,false
11,37,-0.09999999999999998,1.2000000000000002,0.02507553793124489,true,false
12,37,-0.04999999999999993,1.2000000000000002,0.02616656166087977,true,false
13,37,0.0,1.2000000000000002,0.02764909272848321,true,false
14,37,0.050000000000000044,1.2000000000000002,0.02913831103114879,true,false
15,37,0.09999999999999998,1.2000000000000002,0.03008882650158729,true,false
16,37,0.15000000000000002,1.2000000000000002,0.030486396335004867,true,false
17,37,0.20000000000000007,1.2000000000000002,0.030799735537788923,true,false
18,37,0.25,1.2000000000000002,0.03125882218130444,true,false
19,37,0.30000000000000004,1.2000000000000002,0.03172621664811682,true,false
20,37,0.35,1.2000000000000002,0.03210173454881804,true,false
21,37,0.4,1.2000000000000002,0.0324149200093913,true,false
22,37,0.45000000000000007,1.2000000000000002,0.03270381265879125,true,false
23,37,0.5000000000000001,1.2000000000000002,0.03299139065029515,true,false
24,37,0.5500000000000002,1.2000000000000002,0.033268323861164,true,false
25,37,0.6,1.2000000000000002,0.03349845234813232,false,true
26,37,0.65,1.2000000000000002,0.03366297284400264,false,true
0,38,-0.65,1.25,0.02614678421635289,true,false
1,38,-0.6,1.25,0.02602331255201306,true,false
2,38,-0.55,1.25,0.02574943739365159,true,false
3,38,-0.5,1.25,0.025274575078933322,true,false
4,38,-0.45,1.25,0.0246418979806378,true,false
5,38,-0.4,1.25,0.024051880552888788,true,false
6,38,-0.35,1.25,0.023747836694243192,true,false
7,38,-0.3,1.25,0.023805914155001086,true,false
8,38,-0.25,1.25,0.02411429703540155,true,false
9,38,-0.2,1.25,0.024532829656054213,true,false
10,38,-0.15000000000000002,1.25,0.025014576839152647,true,false
11,38,-0.09999999999999998,1.25,0.025618599643359892,true,false
12,38,-0.04999999999999993,1.25,0.02644871746028041,true,false
13,38,0.0,1.25,0.027567287420205727,true,false
14,38,0.050000000000000044,1.25,0.028910957585427624,true,false
15,38,0.09999999999999998,1.25,0.030389432032433453,true,false
16,38,0.15000000000000002,1.25,0.031990069716076625,true,false
17,38,0.20000000000000007,1.25,0.0335240757421921,true,false
18,38,0.25,1.25,0.034395892914724814,true,false
19,38,0.30000000000000004,1.25,0.034262124850117696,true,false
20,38,0.35,1.25,0.03366153680618435,true,false
21,38,0.4,1.25,0.033302797895079825,true,false
22,38,0.45000000000000007,1.25,0.03334722225616269,true,false
23,38,0.5000000000000001,1.25,0.033666147264303094,true,false
24,38,0.5500000000000002,1.25,0.034118782376368624,true,false
25,38,0.6,1.25,0.03457011489096729,false,true
26,38,0.65,1.25,0.034926352715243796,false,true
0,39,-0.65,1.3000000000000003,0.026867888151602286,false,true
1,39,-0.6,1.3000000000000003,0.026819007042807392,true,false
2,39,-0.55,1.3000000000000003,0.02662794641016577,true,false
3,39,-0.5,1.3000000000000003,0.026197980258356585,true,false
4,39,-0.45,1.3000000000000003,0.025548377429570026,true,false
5,39,-0.4,1.3000000000000003,0.024910091750664148,true,false
6,39,-0.35,1.3000000000000003,0.024564341245835918,true,false
7,39,-0.3,1.3000000000000003,0.024591893620874977,true,false
8,39,-0.25,1.3000000000000003,0.02486636401840598,true,false
9,39,-0.2,1.3000000000000003,0.025236796489964523,true,false
10,39,-0.15000000000000002,1.3000000000000003,0.025650274617765326,true,false
11,39,-0.09999999999999998,1.3000000000000003,0.026147936840867025,true,false
12,39,-0.04999999999999993,1.3000000000000003,0.02680960331931074,true,false
13,39,0.0,1.3000000000000003,0.027802361263763776,true,false
14,39,0.050000000000000044,1.3000000000000003,0.029444237676974853,true,false
15,39,0.09999999999999998,1.3000000000000003,0.032167036212968195,true,false
16,39,0.15000000000000002,1.3000000000000003,0.036036291356705136,true,false
17,39,0.20000000000000007,1.3000000000000003,0.03992007075002351,true,false
18,39,0.25,1.3000000000000003,0.04150588714215917,true,false
19,39,0.30000000000000004,1.3000000000000003,0.03978123789823869,true,false
20,39,0.35,1.3000000000000003,0.03674481284314266,true,false
21,39,0.4,1.3000000000000003,0.034764584789885686,true,false
22,39,0.45000000000000007,1.3000000000000003,0.03422409511010632,true,false
23,39,0.5000000000000001,1.3000000000000003,0.034519570842112324,true,false
24,39,0.5500000000000002,1.3000000000000003,0.0351871619018944,true,false
25,39,0.6,1.3000000000000003,0.03593514496785236,false,true
26,39,0.65,1.3000000000000003,0.036555527827764805,false,true
0,40,-0.65,1.35,0.027606641266708035,false,true
1,40,-0.6,1.35,0.02755999849017307,true,false
2,40,-0.55,1.35,0.02735613689655922,true,false
3,40,-0.5,1.35,0.026880708705753924,true,false
4,40,-0.45,1.35,0.026169829762966182,true,false
5,40,-0.4,1.35,0.025495069526695384,true,false
6,40,-0.35,1.35,0.025145168976616686,true,false
7,40,-0.3,1.35,0.025175512651300757,true,false
8,40,-0.25,1.35,0.025441825415985775,true,false
9,40,-0.2,1.35,0.025792433215499407,true,false
10,40,-0.15000000000000002,1.35,0.026175619662658568,true,false
11,40,-0.09999999999999998,1.35,0.026626517829787796,true,false
12,40,-0.04999999999999993,1.35,0.0272326570712978,true,false
13,40,0.0,1.35,0.02828775734131985,true,false
14,40,0.050000000000000044,1.35,0.0304648466112014,true,false
15,40,0.09999999999999998,1.35,0.03477952362187279,true,false
16,40,0.15000000000000002,1.35,0.04159224912894752,true,false
17,40,0.20000000000000007,1.35,0.04871129322758568,true,false
18,40,0.25,1.35,0.051344571033781886,true,false
19,40,0.30000000000000004,1.35,0.04736842202250521,true,false
20,40,0.35,1.35,0.0408606120922813,true,false
21,40,0.4,1.35,0.03660139099679033,true,false
22,40,0.45000000000000007,1.35,0.03526469751227632,true,false
23,40,0.5000000000000001,1.35,0.03551067954346206,true,false
24,40,0.5500000000000002,1.35,0.03640213655341943,true,false
25,40,0.6,1.35,0.03745807724541888,false,true
26,40,0.65,1.35,0.03834255390541658,false,true
0,41,-0.65,1.4000000000000004,0.028179456219775918,false,true
1,41,-0.6,1.4000000000000004,0.028062986525769232,true,false
2,41,-0.55,1.4000000000000004,0.027759537607150605,true,false
3,41,-0.5,1.4000000000000004,0.027180573185227753,true,false
4,41,-0.45,1.4000000000000004,0.026416559456427447,true,false
5,41,-0.4,1.4000000000000004,0.025762486889504575,true,false
6,41,-0.35,1.4000000000000004,0.02546273067071768,true,false
7,41,-0.3,1.4000000000000004,0.02552054422289689,true,false
8,41,-0.25,1.4000000000000004,0.025787714806100644,true,false
9,41,-0.2,1.4000000000000004,0.026135364834214962,true,false
10,41,-0.15000000000000002,1.4000000000000004,0.026522464642414183,true,false
11,41,-0.09999999999999998,1.4000000000000004,0.026980476922172134,true,false
12,41,-0.04999999999999993,1.4000000000000004,0.027606074037655186,true,false
13,41,0.0,1.4000000000000004,0.02875226174779932,true,false
14,41,0.050000000000000044,1.4000000000000004,0.03125265425077204,true,false
15,41,0.09999999999999998,1.4000000000000004,0.03646079526609563,true,false
16,41,0.15000000000000002,1.4000000000000004,0.04498406502346634,true,false
17,41,0.20000000000000007,1.4000000000000004,0.0540089519678956,true,false
18,41,0.25,1.4000000000000004,0.05721834120754845,true,false
19,41,0.30000000000000004,1.4000000000000004,0.05187964339639441,true,false
20,41,0.35,1.4000000000000004,0.04336937316648888,true,false
21,41,0.4,1.4000000000000004,0.03786280240142399,true,false
22,41,0.45000000000000007,1.4000000000000004,0.03615067327490683,true,false
23,41,0.5000000000000001,1.4000000000000004,0.03644483778708347,true,false
24,41,0.5500000000000002,1.4000000000000004,0.037544560686945415,true,false
25,41,0.6,1.4000000000000004,0.038854793250810135,true,false
26,41,0.65,1.4000000000000004,0.039941495629712935,false,true
0,42,-0.65,1.4500000000000002,0.02851954209054743,false,true
1,42,-0.6,1.4500000000000002,0.02830642827353911,true,false
2,42,-0.55,1.4500000000000002,0.02788103025184887,true,false
3,42,-0.5,1.4500000000000002,0.027215096508202547,true,false
4,42,-0.45,1.4500000000000002,0.026464160135240507,true,false
5,42,-0.4,1.4500000000000002,0.025904854838693835,true,false
6,42,-0.35,1.4500000000000002,0.02569005580748936,true,false
7,42,-0.3,1.4500000000000002,0.025767203767845612,true,false
8,42,-0.25,1.4500000000000002,0.026011611060393836,true,false
9,42,-0.2,1.4500000000000002,0.026341601405430425,true,false
10,42,-0.15000000000000002,1.4500000000000002,0.026737773765055185,true,false
11,42,-0.09999999999999998,1.4500000000000002,0.02723750954415979,true,false
12,42,-0.04999999999999993,1.4500000000000002,0.02794779256066949,true,false
13,42,0.0,1.4500000000000002,0.02917103724396567,true,false
14,42,0.050000000000000044,1.4500000000000002,0.03157294014991933,true,false
15,42,0.09999999999999998,1.4500000000000002,0.03628063702579795,true,false
16,42,0.15000000000000002,1.4500000000000002,0.04378801492443068,true,false
17,42,0.20000000000000007,1.4500000000000002,0.05156147740963304,true,false
18,42,0.25,1.4500000000000002,0.05417559933336432,true,false
19,42,0.30000000000000004,1.4500000000000002,0.04953365064485489,true,false
20,42,0.35,1.4500000000000002,0.042386042780909614,true,false
21,42,0.4,1.4500000000000002,0.0379138445245116,true,false
22,42,0.45000000000000007,1.4500000000000002,0.0366869756427614,true,false
23,42,0.5000000000000001,1.4500000000000002,0.03719430959397987,true,false
24,42,0.5500000000000002,1.4500000000000002,0.03846373769937801,true,false
25,42,0.6,1.4500000000000002,0.039944226999135586,true,false
26,42,0.65,1.4500000000000002,0.04116097264681441,false,true
0,43,-0.65,1.5,0.0287450429169508,false,true
1,43,-0.6,1.5,0.028457090555991136,true,false
2,43,-0.55,1.5,0.02794260397062664,true,false
3,43,-0.5,1.5,0.027244406897881327,true,false
4,43,-0.45,1.5,0.02657500532711048,true,false
5,43,-0.4,1.5,0.02615858527359134,true,false
6,43,-0.35,1.5,0.026035901427883788,true,false
7,43,-0.3,1.5,0.02611004121705725,true,false
8,43,-0.25,1.5,0.026299116997422763,true,false
9,43,-0.2,1.5,0.026580746941800976,true,false
10,43,-0.15000000000000002,1.5,0.026972567332416604,true,false
11,43,-0.09999999999999998,1.5,0.027554748282658127,true,false
12,43,-0.04999999999999993,1.5,0.02848100085830085,true,false
13,43,0.0,1.5,0.029924047631347168,true,false
14,43,0.050000000000000044,1.5,0.032075069063553105,true,false
15,43,0.09999999999999998,1.5,0.035386231447359764,true,false
16,43,0.15000000000000002,1.5,0.040086361231842456,true,false
17,43,0.20000000000000007,1.5,0.04466697659085227,true,false
18,43,0.25,1.5,0.0460758588313005,true,false
19,43,0.30000000000000004,1.5,0.04340339281246361,true,false
20,43,0.35,1.5,0.03954130885314078,true,false
21,43,0.4,1.5,0.03735184030722801,true,false
22,43,0.45000000000000007,1.5,0.03705433601520798,true,false
23,43,0.5000000000000001,1.5,0.03783635747425334,true,false
24,43,0.5500000000000002,1.5,0.03921979659583425,true,false
25,43,0.6,1.5,0.04078974271043809,true,false
26,43,0.65,1.5,0.04207681295754971,false,true
0,44,-0.65,1.5500000000000003,0.029091984752269272,true,false
1,44,-0.6,1.5500000000000003,0.028766573958367864,true,false
2,44,-0.55,1.5500000000000003,0.028195816073492738,true,false
3,44,-0.5,1.5500000000000003,0.027485037386101415,true,false
4,44,-0.45,1.5500000000000003,0.026903371530532717,true,false
5,44,-0.4,1.5500000000000003,0.026622805748332236,true,false
6,44,-0.35,1.5500000000000003,0.026575767091472902,true,false
7,44,-0.3,1.5500000000000003,0.02662818919894086,true,false
8,44,-0.25,1.5500000000000003,0.02674158827157687,true,false
9,44,-0.2,1.5500000000000003,0.026953531204116303,true,false
10,44,-0.15000000000000002,1.5500000000000003,0.027338410486364047,true,false
11,44,-0.09999999999999998,1.5500000000000003,0.028074376315067016,true,false
12,44,-0.04999999999999993,1.5500000000000003,0.029421340623672784,true,false
13,44,0.0,1.5500000000000003,0.031384509471888165,true,false
14,44,0.050000000000000044,1.5500000000000003,0.033486693759543024,true,false
15,44,0.09999999999999998,1.5500000000000003,0.03539452368883024,true,false
16,44,0.15000000000000002,1.5500000000000003,0.0373095510357361,true,false
17,44,0.20000000000000007,1.5500000000000003,0.03900929603820421,true,false
18,44,0.25,1.5500000000000003,0.03950585306559899,true,false
19,44,0.30000000000000004,1.5500000000000003,0.038582340278322205,true,false
20,44,0.35,1.5500000000000003,0.03741914344542416,true,false
21,44,0.4,1.5500000000000003,0.037042102866202284,true,false
22,44,0.45000000000000007,1.5500000000000003,0.03746843895299438,true,false
23,44,0.5000000000000001,1.5500000000000003,0.038462842723102256,true,false
24,44,0.5500000000000002,1.5500000000000003,0.039923015275941984,true,false
25,44,0.6,1.5500000000000003,0.04153820927129653,true,false
26,44,0.65,1.5500000000000003,0.042857783038110275,false,true
0,45,-0.65,1.6,0.02980151540477853,false,true
1,45,-0.6,1.6,0.029469447999796963,false,true
2,45,-0.55,1.6,0.02885222955615265,true,false
3,45,-0.5,1.6,0.02809334960643924,true,false
4,45,-0.45,1.6,0.027523680466637057,true,false
5,45,-0.4,1.6,0.027296336941776786,true,false
6,45,-0.35,1.6,0.027266665568653953,true,false
7,45,-0.3,1.6,0.027271430899354382,true,false
8,45,-0.25,1.6,0.027302660026564445,true,false
9,45,-0.2,1.6,0.027445754114706275,true,false
10,45,-0.15000000000000002,1.6,0.027839993511709453,true,false
11,45,-0.09999999999999998,1.6,0.028790386800547886,true,false
12,45,-0.04999999999999993,1.6,0.0306802160844035,true,false
13,45,0.0,1.6,0.03332513984326209,true,false
14,45,0.050000000000000044,1.6,0.035569934711498385,true,false
15,45,0.09999999999999998,1.6,0.036452153900853775,true,false
16,45,0.15000000000000002,1.6,0.036409726020998075,true,false
17,45,0.20000000000000007,1.6,0.036342074902614485,true,false
18,45,0.25,1.6,0.03640380283370322,true,false
19,45,0.30000000000000004,1.6,0.036455735410494176,true,false
20,45,0.35,1.6,0.036648019128380636,true,false
21,45,0.4,1.6,0.03713705059282359,true,false
22,45,0.45000000000000007,1.6,0.03791432572915194,true,false
23,45,0.5000000000000001,1.6,0.039046466883052716,true,false
24,45,0.5500000000000002,1.6,0.04059275631141114,true,false
25,45,0.6,1.6,0.04226775957664113,true,false
26,45,0.65,1.6,0.04362398966460607,false,true
0,46,-0.65,1.6500000000000004,0.03083028680509975,false,true
1,46,-0.6,1.6500000000000004,0.030514837557770586,false,true
2,46,-0.55,1.6500000000000004,0.02987410561110082,true,false
3,46,-0.5,1.6500000000000004,0.029053017930497933,true,false
4,46,-0.45,1.6500000000000004,0.028416259756294835,true,false
5,46,-0.4,1.6500000000000004,0.028127217042153117,true,false
6,46,-0.35,1.6500000000000004,0.028025780877231177,true,false
7,46,-0.3,1.6500000000000004,0.027949408813127876,true,false
8,46,-0.25,1.6500000000000004,0.027904720048157305,true,false
9,46,-0.2,1.6500000000000004,0.027995472675609825,true,false
10,46,-0.15000000000000002,1.6500000000000004,0.028404734789477564,true,false
11,46,-0.09999999999999998,1.6500000000000004,0.029528074671387572,true,false
12,46,-0.04999999999999993,1.6500000000000004,0.03180091158275383,true,false
13,46,0.0,1.6500000000000004,0.03485349311383881,true,false
14,46,0.050000000000000044,1.6500000000000004,0.03711244689771209,true,false
15,46,0.09999999999999998,1.6500000000000004,0.03736805576215018,true,false
16,46,0.15000000000000002,1.6500000000000004,0.03633233155175713,true,false
17,46,0.20000000000000007,1.6500000000000004,0.03551110798835966,true,false
18,46,0.25,1.6500000000000004,0.03546963505672808,true,false
19,46,0.30000000000000004,1.6500000000000004,0.03594356164174503,true,false
20,46,0.35,1.6500000000000004,0.03662834457085994,true,false
21,46,0.4,1.6500000000000004,0.03740300311270669,true,false
22,46,0.45000000000000007,1.6500000000000004,0.03831001953685173,true,false
23,46,0.5000000000000001,1.6500000000000004,0.039554460377566096,true,false
24,46,0.5500000000000002,1.6500000000000004,0.04123833011292024,true,false
25,46,0.6,1.6500000000000004,0.043040665988450945,true,false
26,46,0.65,1.6500000000000004,0.04448456510312261,false,true
0,47,-0.65,1.7000000000000002,0.031720007132601626,false,true
1,47,-0.6,1.7000000000000002,0.03145695413770868,false,true
2,47,-0.55,1.7000000000000002,0.03087455996972004,true,false
3,47,-0.5,1.7000000000000002,0.030080120172532105,true,false
4,47,-0.45,1.7000000000000002,0.02939842293518128,true,false
5,47,-0.4,1.7000000000000002,0.02899547509069276,true,false
6,47,-0.35,1.7000000000000002,0.028762747501899017,true,false
7,47,-0.3,1.7000000000000002,0.02858678021342801,true,false
8,47,-0.25,1.7000000000000002,0.028480398098631184,true,false
9,47,-0.2,1.7000000000000002,0.02853070960655277,true,false
10,47,-0.15000000000000002,1.7000000000000002,0.028918958237691507,true,false
11,47,-0.09999999999999998,1.7000000000000002,0.030041497253192072,true,false
12,47,-0.04999999999999993,1.7000000000000002,0.0322747058399647,true,false
13,47,0.0,1.7000000000000002,0.03514658853601616,true,false
14,47,0.050000000000000044,1.7000000000000002,0.0371176269140551,true,false
15,47,0.09999999999999998,1.7000000000000002,0.03716850707001416,true,false
16,47,0.15000000000000002,1.7000000000000002,0.03609820698301063,true,false
17,47,0.20000000000000007,1.7000000000000002,0.03534378329547015,true,false
18,47,0.25,1.7000000000000002,0.03542074319086087,true,false
19,47,0.30000000000000004,1.7000000000000002,0.03603505061918959,true,false
20,47,0.35,1.7000000000000002,0.03682186772206646,true,false
21,47,0.4,1.7000000000000002,0.03764454915979663,true,false
22,47,0.45000000000000007,1.7000000000000002,0.03861127697940431,true,false
23,47,0.5000000000000001,1.7000000000000002,0.03999786978965035,true,false
24,47,0.5500000000000002,1.7000000000000002,0.04190176733987421,true,false
25,47,0.6,1.7000000000000002,0.04392674783309607,true,false
26,47,0.65,1.7000000000000002,0.045532019144406743,false,true
0,48,-0.65,1.7500000000000004,0.03186793481172452,false,true
1,48,-0.6,1.7500000000000004,0.031724527446504586,false,true
2,48,-0.55,1.7500000000000004,0.031335402732173806,true,false
3,48,-0.5,1.7500000000000004,0.03073965475274962,true,false
4,48,-0.45,1.7500000000000004,0.030144888605337986,true,false
5,48,-0.4,1.7500000000000004,0.02968718501216094,true,false
6,48,-0.35,1.7500000000000004,0.029344440543473987,true,false
7,48,-0.3,1.7500000000000004,0.02908743011709911,true,false
8,48,-0.25,1.7500000000000004,0.028938397902504066,true,false
9,48,-0.2,1.7500000000000004,0.028949935756217817,true,false
10,48,-0.15000000000000002,1.7500000000000004,0.02926086560659041,true,false
11,48,-0.09999999999999998,1.7500000000000004,0.03018735359284072,true,false
12,48,-0.04999999999999993,1.7500000000000004,0.03199084771308461,true,false
13,48,0.0,1.7500000000000004,0.03425790795506771,true,false
14,48,0.050000000000000044,1.7500000000000004,0.035878221881390594,true,false
15,48,0.09999999999999998,1.7500000000000004,0.03623338487579287,true,false
16,48,0.15000000000000002,1.7500000000000004,0.035880631477116356,true,false
17,48,0.20000000000000007,1.7500000000000004,0.0356517073799218,true,false
18,48,0.25,1.7500000000000004,0.03583374184081406,true,false
19,48,0.30000000000000004,1.7500000000000004,0.036323052567611036,true,false
20,48,0.35,1.7500000000000004,0.036969176429966555,true,false
21,48,0.4,1.7500000000000004,0.03773255410220968,true,false
22,48,0.45000000000000007,1.7500000000000004,0.03876510192710263,true,false
23,48,0.5000000000000001,1.7500000000000004,0.040358488407760955,true,false
24,48,0.5500000000000002,1.7500000000000004,0.04256498025413267,true,false
25,48,0.6,1.7500000000000004,0.04488564977342681,true,false
26,48,0.65,1.7500000000000004,0.04670021673946936,false,true
0,49,-0.65,1.8000000000000003,0.030819771987731646,false,true
1,49,-0.6,1.8000000000000003,0.030850491984486892,false,true
2,49,-0.55,1.8000000000000003,0.030767431225511708,false,true
3,49,-0.5,1.8000000000000003,0.03054079883359983,true,false
4,49,-0.45,1.8000000000000003,0.03022300315314895,true,false
5,49,-0.4,1.8000000000000003,0.02987530911521147,true,false
6,49,-0.35,1.8000000000000003,0.02953953426225998,true,false
7,49,-0.3,1.8000000000000003,0.029272291714360577,true,false
8,49,-0.25,1.8000000000000003,0.029120601126121283,true,false
9,49,-0.2,1.8000000000000003,0.029114162099851165,true,false
10,49,-0.15000000000000002,1.8000000000000003,0.029343308951315927,true,false
11,49,-0.09999999999999998,1.8000000000000003,0.030027763269156304,true,false
12,49,-0.04999999999999993,1.8000000000000003,0.03133815701223372,true,false
13,49,0.0,1.8000000000000003,0.033042028502375836,true,false
14,49,0.050000000000000044,1.8000000000000003,0.03459927966114427,true,false
15,49,0.09999999999999998,1.8000000000000003,0.03574365517440803,true,false
16,49,0.15000000000000002,1.8000000000000003,0.036500151167151815,true,false
17,49,0.20000000000000007,1.8000000000000003,0.03681968050584458,true,false
18,49,0.25,1.8000000000000003,0.036783253871527644,true,false
19,49,0.30000000000000004,1.8000000000000003,0.0367444304215911,true,false
20,49,0.35,1.8000000000000003,0.03699203089622105,true,false
21,49,0.4,1.8000000000000003,0.03761993749633071,true,false
22,49,0.45000000000000007,1.8000000000000003,0.03874356805280526,true,false
23,49,0.5000000000000001,1.8000000000000003,0.04058323724355074,true,false
24,49,0.5500000000000002,1.8000000000000003,0.043098674516342764,true,false
25,49,0.6,1.8000000000000003,0.04568797072743375,true,false
26,49,0.65,1.8000000000000003,0.047674772775384476,false,true
0,50,-0.65,1.85,0.028474138395811487,false,true
1,50,-0.6,1.85,0.028651334335245103,false,true
2,50,-0.55,1.85,0.028887739953014937,true,false
3,50,-0.5,1.85,0.02913216979680444,true,false
4,50,-0.45,1.85,0.029285576941879443,true,false
5,50,-0.4,1.85,0.029271828386629402,true,false
6,50,-0.35,1.85,0.029126158775895767,true,false
7,50,-0.3,1.85,0.028969115940954505,true,false
8,50,-0.25,1.85,0.02889276392153986,true,false
9,50,-0.2,1.85,0.02893334125678644,true,false
10,50,-0.15000000000000002,1.85,0.029159819523567772,true,false
11,50,-0.09999999999999998,1.85,0.029735970347023882,true,false
12,50,-0.04999999999999993,1.85,0.030792379144493245,true,false
13,50,0.0,1.85,0.03227562903962084,true,false
14,50,0.050000000000000044,1.85,0.03412207878661859,true,false
15,50,0.09999999999999998,1.85,0.03631647202265567,true,false
16,50,0.15000000000000002,1.85,0.038294862073381536,true,false
17,50,0.20000000000000007,1.85,0.03904995572941579,true,false
18,50,0.25,1.85,0.038434717088648034,true,false
19,50,0.30000000000000004,1.85,0.037433881336278806,true,false
20,50,0.35,1.85,0.03699917187486984,true,false
21,50,0.4,1.85,0.03739858171239414,true,false
22,50,0.45000000000000007,1.85,0.03859376220705397,true,false
23,50,0.5000000000000001,1.85,0.04061442909818004,true,false
24,50,0.5500000000000002,1.85,0.04329060921732744,true,false
25,50,0.6,1.85,0.04596554574354968,true,false
26,50,0.65,1.85,0.047974210083805376,false,true
0,51,-0.65,1.9000000000000004,0.02534579787015069,false,true
1,51,-0.6,1.9000000000000004,0.025610238892731445,false,true
2,51,-0.55,1.9000000000000004,0.026115008522146276,true,false
3,51,-0.5,1.9000000000000004,0.02684079921703457,true,false
4,51,-0.45,1.9000000000000004,0.0275644319890455,true,false
5,51,-0.4,1.9000000000000004,0.02803271294545568,true,false
6,51,-0.35,1.9000000000000004,0.02821649699271673,true,false
7,51,-0.3,1.9000000000000004,0.028276982142706963,true,false
8,51,-0.25,1.9000000000000004,0.028357315105956793,true,false
9,51,-0.2,1.9000000000000004,0.028517791248559687,true,false
10,51,-0.15000000000000002,1.9000000000000004,0.02883334247011303,true,false
11,51,-0.09999999999999998,1.9000000000000004,0.029454901508865226,true,false
12,51,-0.04999999999999993,1.9000000000000004,0.03050507909647619,true,false
13,51,0.0,1.9000000000000004,0.03204307057752926,true,false
14,51,0.050000000000000044,1.9000000000000004,0.03431596422016789,true,false
15,51,0.09999999999999998,1.9000000000000004,0.03751163417513021,true,false
16,51,0.15000000000000002,1.9000000000000004,0.04064681982128201,true,false
17,51,0.20000000000000007,1.9000000000000004,0.04184903677199602,true,false
18,51,0.25,1.9000000000000004,0.04061145446449243,true,false
19,51,0.30000000000000004,1.9000000000000004,0.03848495217342038,true,false
20,51,0.35,1.9000000000000004,0.037198640134567015,true,false
21,51,0.4,1.9000000000000004,0.0372628933091259,true,false
22,51,0.45000000000000007,1.9000000000000004,0.03841871734772718,true,false
23,51,0.5000000000000001,1.9000000000000004,0.04041970849788928,true,false
24,51,0.5500000000000002,1.9000000000000004,0.04296554644785757,true,false
25,51,0.6,1.9000000000000004,0.04543216551706281,true,false
26,51,0.65,1.9000000000000004,0.04725045690877555,false,true
0,52,-0.65,1.9500000000000002,0.0225104342706833,false,true
1,52,-0.6,1.9500000000000002,0.022901609098264015,false,true
2,52,-0.55,1.9500000000000002,0.02366964546267162,true,false
3,52,-0.5,1.9500000000000002,0.024811851939903054,true,false
4,52,-0.45,1.9500000000000002,0.026013823286239798,true,false
5,52,-0.4,1.9500000000000002,0.026892464360816222,true,false
6,52,-0.35,1.9500000000000002,0.027372987302376476,true,false
7,52,-0.3,1.9500000000000002,0.027649634884408105,true,false
8,52,-0.25,1.9500000000000002,0.02790097659318082,true,false
9,52,-0.2,1.9500000000000002,0.028200233152453773,true,false
10,52,-0.15000000000000002,1.9500000000000002,0.028625067486652434,true,false
11,52,-0.09999999999999998,1.9500000000000002,0.029319719717893565,true,false
12,52,-0.04999999999999993,1.9500000000000002,0.030409466707653512,true,false
13,52,0.0,1.9500000000000002,0.03202880626561856,true,false
14,52,0.050000000000000044,1.9500000000000002,0.03460663813703492,true,false
15,52,0.09999999999999998,1.9500000000000002,0.03847714103890495,true,false
16,52,0.15000000000000002,1.9500000000000002,0.04247225241260527,true,false
17,52,0.20000000000000007,1.9500000000000002,0.044156738192979626,true,false
18,52,0.25,1.9500000000000002,0.04261909918578414,true,false
19,52,0.30000000000000004,1.9500000000000002,0.03968241294889997,true,false
20,52,0.35,1.9500000000000002,0.03768107369346498,true,false
21,52,0.4,1.9500000000000002,0.0373790990010068,true,false
22,52,0.45000000000000007,1.9500000000000002,0.038348499128715616,true,false
23,52,0.5000000000000001,1.9500000000000002,0.040099574671235746,true,false
24,52,0.5500000000000002,1.9500000000000002,0.0422468306725436,true,false
25,52,0.6,1.9500000000000002,0.04426903328051408,true,false
26,52,0.65,1.9500000000000002,0.045742127075319314,false,true
0,53,-0.65,2.0000000000000004,0.02108294566401652,false,true
1,53,-0.6,2.0000000000000004,0.02172916325156311,false,true
2,53,-0.55,2.0000000000000004,0.022791153917129547,true,false
3,53,-0.5,2.0000000000000004,0.024203259608693115,true,false
4,53,-0.45,2.0000000000000004,0.025599462720070056,true,false
5,53,-0.4,2.0000000000000004,0.026597939177686467,true,false
6,53,-0.35,2.0000000000000004,0.027166064969337395,true,false
7,53,-0.3,2.0000000000000004,0.02753563647096309,true,false
8,53,-0.25,2.0000000000000004,0.027891187186371874,true,false
9,53,-0.2,2.0000000000000004,0.028289332037871623,true,false
10,53,-0.15000000000000002,2.0000000000000004,0.02878255837224272,true,false
11,53,-0.09999999999999998,2.0000000000000004,0.029486251731163395,true,false
12,53,-0.04999999999999993,2.0000000000000004,0.03052457656144497,true,false
13,53,0.0,2.0000000000000004,0.032087962235748266,true,false
14,53,0.050000000000000044,2.0000000000000004,0.034669694280851565,true,false
15,53,0.09999999999999998,2.0000000000000004,0.03863586885018885,true,false
16,53,0.15000000000000002,2.0000000000000004,0.042848371042176384,true,false
17,53,0.20000000000000007,2.0000000000000004,0.04481427080317558,true,false
18,53,0.25,2.0000000000000004,0.043423078881239786,true,false
19,53,0.30000000000000004,2.0000000000000004,0.04040046530526937,true,false
20,53,0.35,2.0000000000000004,0.03820204280305921,true,false
21,53,0.4,2.0000000000000004,0.03770753102919931,true,false
22,53,0.45000000000000007,2.0000000000000004,0.038463286686496005,true,false
23,53,0.5000000000000001,2.0000000000000004,0.0398984929268914,true,false
24,53,0.5500000000000002,2.0000000000000004,0.0416119039829388,true,false
25,53,0.6,2.0000000000000004,0.04318272603523576,true,false
26,53,0.65,2.0000000000000004,0.044312194821024144,false,true
0,54,-0.65,2.0500000000000003,0.021734266525150217,false,true
1,54,-0.6,2.0500000000000003,0.022659278575071214,false,true
2,54,-0.55,2.0500000000000003,0.023910167988673358,false,true
3,54,-0.5,2.0500000000000003,0.025308109823609145,false,true
4,54,-0.45,2.0500000000000003,0.026505575131111278,true,false
5,54,-0.4,2.0500000000000003,0.02726485521002437,true,false
6,54,-0.35,2.0500000000000003,0.027675957029333304,true,false
7,54,-0.3,2.0500000000000003,0.02799614345339953,true,false
8,54,-0.25,2.0500000000000003,0.028374602547208822,true,false
9,54,-0.2,2.0500000000000003,0.028821637755555383,true,false
10,54,-0.15000000000000002,2.0500000000000003,0.02934473948380141,true,false
11,54,-0.09999999999999998,2.0500000000000003,0.030015951515021434,true,false
12,54,-0.04999999999999993,2.0500000000000003,0.030943384273867204,true,false
13,54,0.0,2.0500000000000003,0.03231789322243123,true,false
14,54,0.050000000000000044,2.0500000000000003,0.03455519051039821,true,false
15,54,0.09999999999999998,2.0500000000000003,0.037933415814400274,true,false
16,54,0.15000000000000002,2.0500000000000003,0.04154125294106472,true,false
17,54,0.20000000000000007,2.0500000000000003,0.043370218342283474,true,false
18,54,0.25,2.0500000000000003,0.042455520486280054,true,false
19,54,0.30000000000000004,2.0500000000000003,0.04013315976587782,true,false
20,54,0.35,2.0500000000000003,0.03841337210852377,true,false
21,54,0.4,2.0500000000000003,0.038058654742129036,true,false
22,54,0.45000000000000007,2.0500000000000003,0.03873555788763531,true,false
23,54,0.5000000000000001,2.0500000000000003,0.03999516215775241,true,false
24,54,0.5500000000000002,2.0500000000000003,0.041484352854074126,true,false
25,54,0.6,2.0500000000000003,0.04281956946094103,true,false
26,54,0.65,2.0500000000000003,0.04375587472690615,false,true
0,55,-0.65,2.1,0.02445516751151882,false,true
1,55,-0.6,2.1,0.025434723658810564,false,true
2,55,-0.55,2.1,0.026550691443299457,false,true
3,55,-0.5,2.1,0.027551534732331105,true,false
4,55,-0.45,2.1,0.02819411419799612,true,false
5,55,-0.4,2.1,0.028460672037547527,true,false
6,55,-0.35,2.1,0.028577801774482138,true,false
7,55,-0.3,2.1,0.02878617815392447,true,false
8,55,-0.25,2.1,0.029152514523868082,true,false
9,55,-0.2,2.1,0.029622390138845503,true,false
10,55,-0.15000000000000002,2.1,0.030162382411673593,true,false
11,55,-0.09999999999999998,2.1,0.030809812414485528,true,false
12,55,-0.04999999999999993,2.1,0.0316453124284784,true,false
13,55,0.0,2.1,0.03279837821263062,true,false
14,55,0.050000000000000044,2.1,0.0345056487307085,true,false
15,55,0.09999999999999998,2.1,0.03689968973513537,true,false
16,55,0.15000000000000002,2.1,0.03940325740018655,true,false
17,55,0.20000000000000007,2.1,0.040779890331526014,true,false
18,55,0.25,2.1,0.040435053882791984,true,false
19,55,0.30000000000000004,2.1,0.03920721117682426,true,false
20,55,0.35,2.1,0.0383546219136196,true,false
21,55,0.4,2.1,0.03836912398382051,true,false
22,55,0.45000000000000007,2.1,0.039110957398686697,true,false
23,55,0.5000000000000001,2.1,0.0403785230157537,true,false
24,55,0.5500000000000002,2.1,0.04190117617464954,true,false
25,55,0.6,2.1,0.04326296406465033,true,false
26,55,0.65,2.1,0.04419577598231272,false,true
0,56,-0.65,2.1500000000000004,0.02854499404066522,false,true
1,56,-0.6,2.1500000000000004,0.0292547210576114,false,true
2,56,-0.55,2.1500000000000004,0.02989348028146848,false,true
3,56,-0.5,2.1500000000000004,0.030207497759149445,true,false
4,56,-0.45,2.1500000000000004,0.03010094176800115,true,false
5,56,-0.4,2.1500000000000004,0.029780179044430314,true,false
6,56,-0.35,2.1500000000000004,0.029582585131270135,true,false
7,56,-0.3,2.1500000000000004,0.02968648265248784,true,false
8,56,-0.25,2.1500000000000004,0.03004149824661634,true,false
9,56,-0.2,2.1500000000000004,0.03052473838542813,true,false
10,56,-0.15000000000000002,2.1500000000000004,0.03107693305570815,true,false
11,56,-0.09999999999999998,2.1500000000000004,0.03171759665452115,true,false
12,56,-0.04999999999999993,2.1500000000000004,0.03250374930371694,true,false
13,56,0.0,2.1500000000000004,0.03349339957065184,true,false
14,56,0.050000000000000044,2.1500000000000004,0.03474977582580653,true,false
15,56,0.09999999999999998,2.1500000000000004,0.036275982479296226,true,false
16,56,0.15000000000000002,2.1500000000000004,0.037779385939683933,true,false
17,56,0.20000000000000007,2.1500000000000004,0.03869769740379274,true,false
18,56,0.25,2.1500000000000004,0.03879242609913378,true,false
19,56,0.30000000000000004,2.1500000000000004,0.03849587291734529,true,false
20,56,0.35,2.1500000000000004,0.03840302008648904,true,false
21,56,0.4,2.1500000000000004,0.03875531677287089,true,false
22,56,0.45000000000000007,2.1500000000000004,0.03959081159730589,true,false
23,56,0.5000000000000001,2.1500000000000004,0.04095058483480067,true,false
24,56,0.5500000000000002,2.1500000000000004,0.042640142448127,true,false
25,56,0.6,2.1500000000000004,0.04417332836996412,true,false
26,56,0.65,2.1500000000000004,0.04521518696032089,false,true
0,57,-0.65,2.2,0.032987514342885,false,true
1,57,-0.6,2.2,0.03329131278768897,false,true
2,57,-0.55,2.2,0.033351398389905675,false,true
3,57,-0.5,2.2,0.03292205661036284,true,false
4,57,-0.45,2.2,0.03203858206777838,true,false
5,57,-0.4,2.2,0.031123328681496806,true,false
6,57,-0.35,2.2,0.03061841617221336,true,false
7,57,-0.3,2.2,0.030622715157604112,true,false
8,57,-0.25,2.2,0.030960102828284215,true,false
9,57,-0.2,2.2,0.03144561134483944,true,false
10,57,-0.15000000000000002,2.2,0.032003023708594466,true,false
11,57,-0.09999999999999998,2.2,0.0326413156124037,true,false
12,57,-0.04999999999999993,2.2,0.03340298296311294,true,false
13,57,0.0,2.2,0.03430437531809922,true,false
14,57,0.050000000000000044,2.2,0.035310716838521675,true,false
15,57,0.09999999999999998,2.2,0.03635100445357447,true,false
16,57,0.15000000000000002,2.2,0.037286719544372564,true,false
17,57,0.20000000000000007,2.2,0.03793371791546272,true,false
18,57,0.25,2.2,0.03825975794273662,true,false
19,57,0.30000000000000004,2.2,0.03846935218278087,true,false
20,57,0.35,2.2,0.038783044840734054,true,false
21,57,0.4,2.2,0.039304388748971665,true,false
22,57,0.45000000000000007,2.2,0.04018209691167749,true,false
23,57,0.5000000000000001,2.2,0.041613805294949756,true,false
24,57,0.5500000000000002,2.2,0.04345233695110701,true,false
25,57,0.6,2.2,0.045146200542280246,true,false
26,57,0.65,2.2,0.04629676215717351,false,true
0,58,-0.65,2.2500000000000004,0.03695951375729177,false,true
1,58,-0.6,2.2500000000000004,0.03693977507987201,false,true
2,58,-0.55,2.2500000000000004,0.03652705698957717,false,true
3,58,-0.5,2.2500000000000004,0.03545755577113526,true,false
4,58,-0.45,2.2500000000000004,0.033875846969670824,true,false
5,58,-0.4,2.2500000000000004,0.03241342843809916,true,false
6,58,-0.35,2.2500000000000004,0.03161415200666801,true,false
7,58,-0.3,2.2500000000000004,0.0315050147612254,true,false
8,58,-0.25,2.2500000000000004,0.03180501466063691,true,false
9,58,-0.2,2.2500000000000004,0.032281954834826154,true,false
10,58,-0.15000000000000002,2.2500000000000004,0.03284300542686094,true,false
11,58,-0.09999999999999998,2.2500000000000004,0.033481996360012735,true,false
12,58,-0.04999999999999993,2.2500000000000004,0.03422842819792731,true,false
13,58,0.0,2.2500000000000004,0.03508399534174992,true,false
14,58,0.050000000000000044,2.2500000000000004,0.035986193670030094,true,false
15,58,0.09999999999999998,2.2500000000000004,0.03684395124939343,true,false
16,58,0.15000000000000002,2.2500000000000004,0.03757440243603208,true,false
17,58,0.20000000000000007,2.2500000000000004,0.03812899279522357,true,false
18,58,0.25,2.2500000000000004,0.03854746359629191,true,false
19,58,0.30000000000000004,2.2500000000000004,0.03894399160871523,true,false
20,58,0.35,2.2500000000000004,0.03939841010744827,true,false
21,58,0.4,2.2500000000000004,0.039965081801197275,true,false
22,58,0.45000000000000007,2.2500000000000004,0.04083871918677066,true,false
23,58,0.5000000000000001,2.2500000000000004,0.04228515261164349,true,false
24,58,0.5500000000000002,2.2500000000000004,0.044177504097439375,true,false
25,58,0.6,2.2500000000000004,0.045931716470267274,true,false
26,58,0.65,2.2500000000000004,0.04712098786173579,false,true
0,59,-0.65,2.3000000000000003,0.03991548374020825,false,true
1,59,-0.6,2.3000000000000003,0.039648098795112795,false,true
2,59,-0.55,2.3000000000000003,0.03883256394977258,false,true
3,59,-0.5,2.3000000000000003,0.03722395870689275,true,false
4,59,-0.45,2.3000000000000003,0.03510946763347058,true,false
5,59,-0.4,2.3000000000000003,0.03327970522021716,true,false
6,59,-0.35,2.3000000000000003,0.03229947121599396,true,false
7,59,-0.3,2.3000000000000003,0.03211362880659773,true,false
8,59,-0.25,2.3000000000000003,0.032380660536234875,true,false
9,59,-0.2,2.3000000000000003,0.0328538786290541,true,false
10,59,-0.15000000000000002,2.3000000000000003,0.03342949048534061,true,false
11,59,-0.09999999999999998,2.3000000000000003,0.03408099547312591,true,false
12,59,-0.04999999999999993,2.3000000000000003,0.0348208777380623,true,false
13,59,0.0,2.3000000000000003,0.03564718426255459,true,false
14,59,0.050000000000000044,2.3000000000000003,0.036507456759215,true,false
15,59,0.09999999999999998,2.3000000000000003,0.03732366975915582,true,false
16,59,0.15000000000000002,2.3000000000000003,0.03802725832849068,true,false
17,59,0.20000000000000007,2.3000000000000003,0.03859085857871846,true,false
18,59,0.25,2.3000000000000003,0.039060852304656134,true,false
19,59,0.30000000000000004,2.3000000000000003,0.039523403577820915,true,false
20,59,0.35,2.3000000000000003,0.04002216706185735,true,false
21,59,0.4,2.3000000000000003,0.04059971261977926,true,false
22,59,0.45000000000000007,2.3000000000000003,0.041462499375495704,true,false
23,59,0.5000000000000001,2.3000000000000003,0.042891662194364785,true,false
24,59,0.5500000000000002,2.3000000000000003,0.04476120501032325,true,false
25,59,0.6,2.3000000000000003,0.04648374571937745,true,false
26,59,0.65,2.3000000000000003,0.047640890581098376,false,true
0,60,-0.65,2.35,0.04131404100421898,false,true
1,60,-0.6,2.35,0.040752538108319816,false,true
2,60,-0.55,2.35,0.03949408281716821,false,true
3,60,-0.5,2.35,0.03743694696937276,true,false
4,60,-0.45,2.35,0.035081235894917996,true,false
5,60,-0.4,2.35,0.03325622094059524,true,false
6,60,-0.35,2.35,0.03237459611154808,true,false
7,60,-0.3,2.35,0.03225488514695965,true,false
8,60,-0.25,2.35,0.032548728978278034,true,false
9,60,-0.2,2.35,0.03304637860898639,true,false
10,60,-0.15000000000000002,2.35,0.033655334084656346,true,false
11,60,-0.09999999999999998,2.35,0.034334142202139574,true,false
12,60,-0.04999999999999993,2.35,0.03507670158788351,true,false
13,60,0.0,2.35,0.03588004450634949,true,false
14,60,0.050000000000000044,2.35,0.03671641364378641,true,false
15,60,0.09999999999999998,2.35,0.037535791639939114,true,false
16,60,0.15000000000000002,2.35,0.03827434863977615,true,false
17,60,0.20000000000000007,2.35,0.03889110236853071,true,false
18,60,0.25,2.35,0.039417230846224,true,false
19,60,0.30000000000000004,2.35,0.03992638061841494,true,false
20,60,0.35,2.35,0.04045422266131122,true,false
21,60,0.4,2.35,0.041043474556178766,true,false
22,60,0.45000000000000007,2.35,0.04190444296214217,true,false
23,60,0.5000000000000001,2.35,0.0433153692366616,true,false
24,60,0.5500000000000002,2.35,0.04514236290068956,true,false
25,60,0.6,2.35,0.0468047806172825,true,false
26,60,0.65,2.35,0.047905638996606575,false,true
0,61,-0.65,2.4000000000000004,0.04063880528982841,false,true
1,61,-0.6,2.4000000000000004,0.039763342030713245,false,true
2,61,-0.55,2.4000000000000004,0.03813514679926114,false,true
3,61,-0.5,2.4000000000000004,0.0358926636034058,false,true
4,61,-0.45,2.4000000000000004,0.03373008159879544,true,false
5,61,-0.4,2.4000000000000004,0.032351712619683885,true,false
6,61,-0.35,2.4000000000000004,0.03188073890140088,true,false
7,61,-0.3,2.4000000000000004,0.03199939674047017,true,false
8,61,-0.25,2.4000000000000004,0.032403153429080664,true,false
9,61,-0.2,2.4000000000000004,0.03296047618218781,true,false
10,61,-0.15000000000000002,2.4000000000000004,0.0336155382994171,true,false
11,61,-0.09999999999999998,2.4000000000000004,0.034326634198980195,true,false
12,61,-0.04999999999999993,2.4000000000000004,0.035073920871757175,true,false
13,61,0.0,2.4000000000000004,0.03585412182236676,true,false
14,61,0.050000000000000044,2.4000000000000004,0.03666555011334737,true,false
15,61,0.09999999999999998,2.4000000000000004,0.03748874815057645,true,false
16,61,0.15000000000000002,2.4000000000000004,0.03826644779621924,true,false
17,61,0.20000000000000007,2.4000000000000004,0.03894162707064905,true,false
18,61,0.25,2.4000000000000004,0.03952444758676624,true,false
19,61,0.30000000000000004,2.4000000000000004,0.04007298878038706,true,false
20,61,0.35,2.4000000000000004,0.04061739555924581,true,false
21,61,0.4,2.4000000000000004,0.04120400546405399,true,false
22,61,0.45000000000000007,2.4000000000000004,0.04204653489946202,true,false
23,61,0.5000000000000001,2.4000000000000004,0.04342154611921313,true,false
24,61,0.5500000000000002,2.4000000000000004,0.04519883302957345,true,false
25,61,0.6,2.4000000000000004,0.04681225463005427,true,false
26,61,0.65,2.4000000000000004,0.04787707574759053,false,true
0,62,-0.65,2.45,0.03798454809095868,false,true
1,62,-0.6,2.45,0.036977655069661,false,true
2,62,-0.55,2.45,0.035339331798250544,false,true
3,62,-0.5,2.45,0.03339038348383532,false,true
4,62,-0.45,2.45,0.03184627864832885,true,false
5,62,-0.4,2.45,0.031172285460984443,true,false
6,62,-0.35,2.45,0.031235247950185237,true,false
7,62,-0.3,2.45,0.03165768006397306,true,false
8,62,-0.25,2.45,0.03221046961203645,true,false
9,62,-0.2,2.45,0.03284144897349996,true,false
10,62,-0.15000000000000002,2.45,0.03353804381023289,true,false
11,62,-0.09999999999999998,2.45,0.034272351043165145,true,false
12,62,-0.04999999999999993,2.45,0.035020700723430456,true,false
13,62,0.0,2.45,0.035779677207879855,true,false
14,62,0.050000000000000044,2.45,0.03656474107083153,true,false
15,62,0.09999999999999998,2.45,0.03737842045809265,true,false
16,62,0.15000000000000002,2.45,0.0381731014519359,true,false
17,62,0.20000000000000007,2.45,0.03888609797667855,true,false
18,62,0.25,2.45,0.039510018431020755,true,false
19,62,0.30000000000000004,2.45,0.04008212919822437,true,false
20,62,0.35,2.45,0.04062227208878029,true,false
21,62,0.4,2.45,0.041176482021085446,true,false
22,62,0.45000000000000007,2.45,0.041955600504668844,true,false
23,62,0.5000000000000001,2.45,0.0432392892408575,true,false
24,62,0.5500000000000002,2.45,0.04492789482904632,true,false
25,62,0.6,2.45,0.046489493588029555,true,false
26,62,0.65,2.45,0.04753997706541687,false,true
0,63,-0.65,2.5000000000000004,0.03449033112582176,false,true
1,63,-0.6,2.5000000000000004,0.03364851555397274,false,true
2,63,-0.55,2.5000000000000004,0.03241798650301362,false,true
3,63,-0.5,2.5000000000000004,0.031137942664351798,false,true
4,63,-0.45,2.5000000000000004,0.030367319747315113,true,false
5,63,-0.4,2.5000000000000004,0.03035124854332358,true,false
6,63,-0.35,2.5000000000000004,0.030852550076475752,true,false
7,63,-0.3,2.5000000000000004,0.031524756838796616,true,false
8,63,-0.25,2.5000000000000004,0.032208703649080295,true,false
9,63,-0.2,2.5000000000000004,0.032900757674026726,true,false
10,63,-0.15000000000000002,2.5000000000000004,0.03362013355923228,true,false
11,63,-0.09999999999999998,2.5000000000000004,0.034361319885549586,true,false
12,63,-0.04999999999999993,2.5000000000000004,0.03510876441871466,true,false
13,63,0.0,2.5000000000000004,0.03585807074186584,true,false
14,63,0.050000000000000044,2.5000000000000004,0.036625555259475244,true,false
15,63,0.09999999999999998,2.5000000000000004,0.037419389552348234,true,false
16,63,0.15000000000000002,2.5000000000000004,0.03820267518372408,true,false
17,63,0.20000000000000007,2.5000000000000004,0.03892171195872047,true,false
18,63,0.25,2.5000000000000004,0.039562435589664866,true,false
19,63,0.30000000000000004,2.5000000000000004,0.04014193170770595,true,false
20,63,0.35,2.5000000000000004,0.04066426129714969,true,false
21,63,0.4,2.5000000000000004,0.04116529942069079,true,false
22,63,0.45000000000000007,2.5000000000000004,0.04184269723408577,true,false
23,63,0.5000000000000001,2.5000000000000004,0.04298171702954816,true,false
24,63,0.5500000000000002,2.5000000000000004,0.04453427518370607,true,false
25,63,0.6,2.5000000000000004,0.0460198248814289,true,false
26,63,0.65,2.5000000000000004,0.047050826720748125,false,true
0,64,-0.65,2.5500000000000003,0.031654062821966006,false,true
1,64,-0.6,2.5500000000000003,0.03113749706540041,false,true
2,64,-0.55,2.5500000000000003,0.030448630902981718,false,true
3,64,-0.5,2.5500000000000003,0.029840754161191873,false,true
4,64,-0.45,2.5500000000000003,0.029687908843305227,true,false
5,64,-0.4,2.5500000000000003,0.03011696353778107,true,false
6,64,-0.35,2.5500000000000003,0.030897306348947932,true,false
7,64,-0.3,2.5500000000000003,0.03173761598031038,true,false
8,64,-0.25,2.5500000000000003,0.032518844272066354,true,false
9,64,-0.2,2.5500000000000003,0.03325407829070231,true,false
10,64,-0.15000000000000002,2.5500000000000003,0.03397854449977437,true,false
11,64,-0.09999999999999998,2.5500000000000003,0.034711365257364554,true,false
12,64,-0.04999999999999993,2.5500000000000003,0.03545488699637351,true,false
13,64,0.0,2.5500000000000003,0.03620316128057811,true,false
14,64,0.050000000000000044,2.5500000000000003,0.036958672802994384,true,false
15,64,0.09999999999999998,2.5500000000000003,0.037721406312026945,true,false
16,64,0.15000000000000002,2.5500000000000003,0.03846560684552166,true,false
17,64,0.20000000000000007,2.5500000000000003,0.03915695825190794,true,false
18,64,0.25,2.5500000000000003,0.03978478301834163,true,false
19,64,0.30000000000000004,2.5500000000000003,0.040351883745008255,true,false
20,64,0.35,2.5500000000000003,0.04084498414344564,true,false
21,64,0.4,2.5500000000000003,0.04128176510733834,true,false
22,64,0.45000000000000007,2.5500000000000003,0.041841460866530754,true,false
23,64,0.5000000000000001,2.5500000000000003,0.04281610734224592,true,false
24,64,0.5500000000000002,2.5500000000000003,0.04421144863246808,true,false
25,64,0.6,2.5500000000000003,0.045598315275144574,true,false
26,64,0.65,2.5500000000000003,0.046586470007072306,false,true
0,65,-0.65,2.6,0.030168004554532068,false,true
1,65,-0.6,2.6,0.029923325891852478,false,true
2,65,-0.55,2.6,0.029627867429505895,false,true
3,65,-0.5,2.6,0.0294596092495186,true,false
4,65,-0.45,2.6,0.029683715783072627,true,false
5,65,-0.4,2.6,0.030380385430225216,true,false
6,65,-0.35,2.6,0.03133663700869007,true,false
7,65,-0.3,2.6,0.03229282803101234,true,false
8,65,-0.25,2.6,0.033149280762534705,true,false
9,65,-0.2,2.6,0.03392133084622705,true,false
10,65,-0.15000000000000002,2.6,0.034647409707491354,true,false
11,65,-0.09999999999999998,2.6,0.0353648962167935,true,false
12,65,-0.04999999999999993,2.6,0.03609507523262927,true,false
13,65,0.0,2.6,0.03683133244713755,true,false
14,65,0.050000000000000044,2.6,0.03756118125029335,true,false
15,65,0.09999999999999998,2.6,0.038277415965112964,true,false
16,65,0.15000000000000002,2.6,0.03896648273511551,true,false
17,65,0.20000000000000007,2.6,0.039611077313748584,true,false
18,65,0.25,2.6,0.04020331435594347,true,false
19,65,0.30000000000000004,2.6,0.04073624500139638,true,false
20,65,0.35,2.6,0.0411817182706883,true,false
21,65,0.4,2.6,0.04153896409549602,true,false
22,65,0.45000000000000007,2.6,0.041971527808792805,true,false
23,65,0.5000000000000001,2.6,0.04277658654498401,true,false
24,65,0.5500000000000002,2.6,0.0440022476982122,true,false
25,65,0.6,2.6,0.04526475875562122,true,false
26,65,0.65,2.6,0.04617929126414115,false,true
0,66,-0.65,2.6500000000000004,0.029786602991108618,false,true
1,66,-0.6,2.6500000000000004,0.029682079674516002,false,true
2,66,-0.55,2.6500000000000004,0.029580768239464476,false,true
3,66,-0.5,2.6500000000000004,0.029635999479156808,true,false
4,66,-0.45,2.6500000000000004,0.030076263823179707,true,false
5,66,-0.4,2.6500000000000004,0.030954539079951174,true,false
6,66,-0.35,2.6500000000000004,0.03204417568831966,true,false
7,66,-0.3,2.6500000000000004,0.0330906401505572,true,false
8,66,-0.25,2.6500000000000004,0.0340086848757864,true,false
9,66,-0.2,2.6500000000000004,0.03481612723604537,true,false
10,66,-0.15000000000000002,2.6500000000000004,0.03554849717513124,true,false
11,66,-0.09999999999999998,2.6500000000000004,0.036250811728567846,true,false
12,66,-0.04999999999999993,2.6500000000000004,0.03695543094418474,true,false
13,66,0.0,2.6500000000000004,0.037656408109250916,true,false
14,66,0.050000000000000044,2.6500000000000004,0.03833821653318855,true,false
15,66,0.09999999999999998,2.6500000000000004,0.03899948808189627,true,false
16,66,0.15000000000000002,2.6500000000000004,0.039638746659744,true,false
17,66,0.20000000000000007,2.6500000000000004,0.04024429588911142,true,false
18,66,0.25,2.6500000000000004,0.04080350275633323,true,false
19,66,0.30000000000000004,2.6500000000000004,0.04130094374428119,true,false
20,66,0.35,2.6500000000000004,0.041697043715969606,true,false
21,66,0.4,2.6500000000000004,0.041975316041092815,true,false
22,66,0.45000000000000007,2.6500000000000004,0.04228433869799303,true,false
23,66,0.5000000000000001,2.6500000000000004,0.04291826115793159,true,false
24,66,0.5500000000000002,2.6500000000000004,0.04395490256063993,true,false
25,66,0.6,2.6500000000000004,0.04505934373424166,true,false
26,66,0.65,2.6500000000000004,0.04586937808820947,true,false
0,67,-0.65,2.7,0.030029901086945122,false,true
1,67,-0.6,2.7,0.029978689714246828,false,true
2,67,-0.55,2.7,0.029951946870804845,false,true
3,67,-0.5,2.7,0.030104102077074646,true,false
4,67,-0.45,2.7,0.030661874755349237,true,false
5,67,-0.4,2.7,0.03166185873464633,true,false
6,67,-0.35,2.7,0.03285013134447733,true,false
7,67,-0.3,2.7,0.033963874705631114,true,false
8,67,-0.25,2.7,0.03492851760479093,true,false
9,67,-0.2,2.7,0.03576411472511421,true,false
10,67,-0.15000000000000002,2.7,0.03650111128652383,true,false
11,67,-0.09999999999999998,2.7,0.03718672103940513,true,false
12,67,-0.04999999999999993,2.7,0.03785820637177885,true,false
13,67,0.0,2.7,0.03851192812940183,true,false
14,67,0.050000000000000044,2.7,0.03914094641562138,true,false
15,67,0.09999999999999998,2.7,0.03975769378676049,true,false
16,67,0.15000000000000002,2.7,0.04036686418286675,true,false
17,67,0.20000000000000007,2.7,0.040953062340472225,true,false
18,67,0.25,2.7,0.04149838494409201,true,false
19,67,0.30000000000000004,2.7,0.041984481390924824,true,false
20,67,0.35,2.7,0.04236588656801328,true,false
21,67,0.4,2.7,0.04261125477048112,true,false
22,67,0.45000000000000007,2.7,0.04284606511019581,true,false
23,67,0.5000000000000001,2.7,0.043346542008075875,true,false
24,67,0.5500000000000002,2.7,0.04420870106242279,true,false
25,67,0.6,2.7,0.04515115493709743,true,false
26,67,0.65,2.7,0.04584935812338713,true,false
0,68,-0.65,2.7500000000000004,0.03058425420618653,false,true
1,68,-0.6,2.7500000000000004,0.03055623643420496,false,true
2,68,-0.55,2.7500000000000004,0.030553650429832352,false,true
3,68,-0.5,2.7500000000000004,0.03072655849185156,true,false
4,68,-0.45,2.7500000000000004,0.0313070517585382,true,false
5,68,-0.4,2.7500000000000004,0.03233713200774009,true,false
6,68,-0.35,2.7500000000000004,0.033556074293680196,true,false
7,68,-0.3,2.7500000000000004,0.034697983234151526,true,false
8,68,-0.25,2.7500000000000004,0.03569160430419446,true,false
9,68,-0.2,2.7500000000000004,0.03654791339461799,true,false
10,68,-0.15000000000000002,2.7500000000000004,0.03728537038984427,true,false
11,68,-0.09999999999999998,2.7500000000000004,0.037953652053456695,true,false
12,68,-0.04999999999999993,2.7500000000000004,0.03859643405001735,true,false
13,68,0.0,2.7500000000000004,0.03921464271449609,true,false
14,68,0.050000000000000044,2.7500000000000004,0.03981318297704937,true,false
15,68,0.09999999999999998,2.7500000000000004,0.0404145265777783,true,false
16,68,0.15000000000000002,2.7500000000000004,0.04101843555351281,true,false
17,68,0.20000000000000007,2.7500000000000004,0.04160045701399593,true,false
18,68,0.25,2.7500000000000004,0.042144332184376174,true,false
19,68,0.30000000000000004,2.7500000000000004,0.04264077175509736,true,false
20,68,0.35,2.7500000000000004,0.043049288730752325,true,false
21,68,0.4,2.7500000000000004,0.04332825419624732,true,false
22,68,0.45000000000000007,2.7500000000000004,0.04357202484360346,true,false
23,68,0.5000000000000001,2.7500000000000004,0.04402280511371314,true,false
24,68,0.5500000000000002,2.7500000000000004,0.04477990012806845,true,false
25,68,0.6,2.7500000000000004,0.04560945666454358,true,false
26,68,0.65,2.7500000000000004,0.04622847159222477,true,false
0,69,-0.65,2.8000000000000003,0.03125309614018121,false,true
1,69,-0.6,2.8000000000000003,0.031239675354018042,false,true
2,69,-0.55,2.8000000000000003,0.03123981016119514,false,true
3,69,-0.5,2.8000000000000003,0.03138134220532424,true,false
4,69,-0.45,2.8000000000000003,0.03189102443230107,true,false
5,69,-0.4,2.8000000000000003,0.032837954828424436,true,false
6,69,-0.35,2.8000000000000003,0.03399542925113304,true,false
7,69,-0.3,2.8000000000000003,0.03511457758551282,true,false
8,69,-0.25,2.8000000000000003,0.03611916869388406,true,false
9,69,-0.2,2.8000000000000003,0.03699460241352071,true,false
10,69,-0.15000000000000002,2.8000000000000003,0.03773786542646138,true,false
11,69,-0.09999999999999998,2.8000000000000003,0.038400536387350456,true,false
12,69,-0.04999999999999993,2.8000000000000003,0.039034674110974985,true,false
13,69,0.0,2.8000000000000003,0.039646535882887954,true,false
14,69,0.050000000000000044,2.8000000000000003,0.04024971866684123,true,false
15,69,0.09999999999999998,2.8000000000000003,0.04086969850766365,true,false
16,69,0.15000000000000002,2.8000000000000003,0.041495118991965244,true,false
17,69,0.20000000000000007,2.8000000000000003,0.04208955412175408,true,false
18,69,0.25,2.8000000000000003,0.042639167337497,true,false
19,69,0.30000000000000004,2.8000000000000003,0.04314926370003895,true,false
20,69,0.35,2.8000000000000003,0.04359537081937304,true,false
21,69,0.4,2.8000000000000003,0.043937236274553544,true,false
22,69,0.45000000000000007,2.8000000000000003,0.04423932124073658,true,false
23,69,0.5000000000000001,2.8000000000000003,0.04469874344899806,true,false
24,69,0.5500000000000002,2.8000000000000003,0.04540431955358352,true,false
25,69,0.6,2.8000000000000003,0.046164097581459326,true,false
26,69,0.65,2.8000000000000003,0.046738795720559265,true,false
0,70,-0.65,2.85,0.03187926098153632,false,true
1,70,-0.6,2.85,0.031862492328962315,false,true
2,70,-0.55,2.85,0.031846123110402906,false,true
3,70,-0.5,2.85,0.031929315428752235,true,false
4,70,-0.45,2.85,0.03231875383020401,true,false
5,70,-0.4,2.85,0.03311397711969947,true,false
6,70,-0.35,2.85,0.03415104061170528,true,false
7,70,-0.3,2.85,0.035214364201132095,true,false
8,70,-0.25,2.85,0.03621377437694883,true,false
9,70,-0.2,2.85,0.037102216250320605,true,false
10,70,-0.15000000000000002,2.85,0.037857291744841426,true,false
11,70,-0.09999999999999998,2.85,0.038530506996146345,true,false
12,70,-0.04999999999999993,2.85,0.03917807466378997,true,false
13,70,0.0,2.85,0.03981001170695434,true,false
14,70,0.050000000000000044,2.85,0.040443602008460956,true,false
15,70,0.09999999999999998,2.85,0.04110350764378857,true,false
16,70,0.15000000000000002,2.85,0.041771940359805325,true,false
17,70,0.20000000000000007,2.85,0.042402917411311296,true,false
18,70,0.25,2.85,0.042976964033644684,true,false
19,70,0.30000000000000004,2.85,0.04350519572531086,true,false
20,70,0.35,2.85,0.043979234498721986,true,false
21,70,0.4,2.85,0.0443673842606333,true,false
22,70,0.45000000000000007,2.85,0.04470848073742719,true,false
23,70,0.5000000000000001,2.85,0.04514830163735123,true,false
24,70,0.5500000000000002,2.85,0.04575919703255331,true,false
25,70,0.6,2.85,0.04640279018148315,true,false
26,70,0.65,2.85,0.046901456538993656,true,false
0,71,-0.65,2.9000000000000004,0.03238723128498014,false,true
1,71,-0.6,2.9000000000000004,0.03233160430600383,false,true
2,71,-0.55,2.9000000000000004,0.03227038778500376,false,true
3,71,-0.5,2.9000000000000004,0.03229080974211509,true,false
4,71,-0.45,2.9000000000000004,0.032576213744258814,true,false
5,71,-0.4,2.9000000000000004,0.03323717383213545,true,false
6,71,-0.35,2.9000000000000004,0.03416528372800182,true,false
7,71,-0.3,2.9000000000000004,0.035176670245407514,true,false
8,71,-0.25,2.9000000000000004,0.03616020553905809,true,false
9,71,-0.2,2.9000000000000004,0.03704207159413685,true,false
10,71,-0.15000000000000002,2.9000000000000004,0.03779508830040927,true,false
11,71,-0.09999999999999998,2.9000000000000004,0.03847304025098988,true,false
12,71,-0.04999999999999993,2.9000000000000004,0.03913251746337469,true,false
13,71,0.0,2.9000000000000004,0.039786397051540155,true,false
14,71,0.050000000000000044,2.9000000000000004,0.040451934062395146,true,false
15,71,0.09999999999999998,2.9000000000000004,0.04115181946746558,true,false
16,71,0.15000000000000002,2.9000000000000004,0.04187026409034737,true,false
17,71,0.20000000000000007,2.9000000000000004,0.04255846361505392,true,false
18,71,0.25,2.9000000000000004,0.04318643050772582,true,false
19,71,0.30000000000000004,2.9000000000000004,0.043760233982276936,true,false
20,71,0.35,2.9000000000000004,0.0442757990933776,true,false
21,71,0.4,2.9000000000000004,0.04470069921519386,true,false
22,71,0.45000000000000007,2.9000000000000004,0.045045564284930534,true,false
23,71,0.5000000000000001,2.9000000000000004,0.04540287357198802,true,false
24,71,0.5500000000000002,2.9000000000000004,0.04582883235120275,true,false
25,71,0.6,2.9000000000000004,0.046255384654310935,true,false
26,71,0.65,2.9000000000000004,0.046591178507057095,false,true
0,72,-0.65,2.95,0.03281253692216909,false,true
1,72,-0.6,2.95,0.03269127521178396,false,true
2,72,-0.55,2.95,0.03256270569281495,false,true
3,72,-0.5,2.95,0.032524908738940164,true,false
4,72,-0.45,2.95,0.03274843904134505,true,false
5,72,-0.4,2.95,0.03333471773023889,true,false
6,72,-0.35,2.95,0.03420180518284192,true,false
7,72,-0.3,2.95,0.03518320964173322,true,false
8,72,-0.25,2.95,0.03614549288164386,true,false
9,72,-0.2,2.95,0.0369960027652382,true,false
10,72,-0.15000000000000002,2.95,0.03771440885696095,true,false
11,72,-0.09999999999999998,2.95,0.03836403219138851,true,false
12,72,-0.04999999999999993,2.95,0.039005849049928945,true,false
13,72,0.0,2.95,0.039656924877020806,true,false
14,72,0.050000000000000044,2.95,0.040332588834651774,true,false
15,72,0.09999999999999998,2.95,0.04105299793667291,true,false
16,72,0.15000000000000002,2.95,0.04180877490676976,true,false
17,72,0.20000000000000007,2.95,0.04255510864161544,true,false
18,72,0.25,2.95,0.04325683992769911,true,false
19,72,0.30000000000000004,2.95,0.04391516596494863,true,false
20,72,0.35,2.95,0.044518753734998105,true,false
21,72,0.4,2.95,0.04501564148401484,true,false
22,72,0.45000000000000007,2.95,0.045379809937850554,true,false
23,72,0.5000000000000001,2.95,0.045655113777783383,true,false
24,72,0.5500000000000002,2.95,0.045885541464114325,true,false
25,72,0.6,2.95,0.04607073022292029,true,false
26,72,0.65,2.95,0.046206441946482504,false,true
0,73,-0.65,3.0000000000000004,0.033233996616676635,false,true
1,73,-0.6,3.0000000000000004,0.03306882879169484,false,true
2,73,-0.55,3.0000000000000004,0.032896394153260726,false,true
3,73,-0.5,3.0000000000000004,0.03282834279060576,true,false
4,73,-0.45,3.0000000000000004,0.03302912186113348,true,false
5,73,-0.4,3.0000000000000004,0.03358597083527872,true,false
6,73,-0.35,3.0000000000000004,0.03442332780949069,true,false
7,73,-0.3,3.0000000000000004,0.03538098768226057,true,false
8,73,-0.25,3.0000000000000004,0.03630934687103994,true,false
9,73,-0.2,3.0000000000000004,0.03710419305348045,true,false
10,73,-0.15000000000000002,3.0000000000000004,0.0377549940941791,true,false
11,73,-0.09999999999999998,3.0000000000000004,0.03833922634082761,true,false
12,73,-0.04999999999999993,3.0000000000000004,0.03892821242550333,true,false
13,73,0.0,3.0000000000000004,0.039545253783688325,true,false
14,73,0.050000000000000044,3.0000000000000004,0.040200822894522655,true,false
15,73,0.09999999999999998,3.0000000000000004,0.040907507233683894,true,false
16,73,0.15000000000000002,3.0000000000000004,0.04166240394435227,true,false
17,73,0.20000000000000007,3.0000000000000004,0.04243335315951008,true,false
18,73,0.25,3.0000000000000004,0.04319157498294861,true,false
19,73,0.30000000000000004,3.0000000000000004,0.043940491932846514,true,false
20,73,0.35,3.0000000000000004,0.04466010618250626,true,false
21,73,0.4,3.0000000000000004,0.04527031333123037,true,false
22,73,0.45000000000000007,3.0000000000000004,0.045704201770921285,true,false
23,73,0.5000000000000001,3.0000000000000004,0.0459668716760021,true,false
24,73,0.5500000000000002,3.0000000000000004,0.04609651271552136,true,false
25,73,0.6,3.0000000000000004,0.04613814629332516,true,false
26,73,0.65,3.0000000000000004,0.046143659182236604,false,true
0,74,-0.65,3.0500000000000003,0.033701405683970335,false,true
1,74,-0.6,3.0500000000000003,0.03356774656694921,false,true
2,74,-0.55,3.0500000000000003,0.033447448224603216,false,true
3,74,-0.5,3.0500000000000003,0.03344380441127001,true,false
4,74,-0.45,3.0500000000000003,0.03369055793310002,true,false
5,74,-0.4,3.0500000000000003,0.034250195871803786,true,false
6,74,-0.35,3.0500000000000003,0.03505196828376736,true,false
7,74,-0.3,3.0500000000000003,0.03595070070496169,true,false
8,74,-0.25,3.0500000000000003,0.0368019508451841,true,false
9,74,-0.2,3.0500000000000003,0.03750608267148214,true,false
10,74,-0.15000000000000002,3.0500000000000003,0.038063661488089096,true,false
11,74,-0.09999999999999998,3.0500000000000003,0.0385624454733149,true,false
12,74,-0.04999999999999993,3.0500000000000003,0.03908395932986936,true,false
13,74,0.0,3.0500000000000003,0.03965819934245049,true,false
14,74,0.050000000000000044,3.0500000000000003,0.04028243544370468,true,false
15,74,0.09999999999999998,3.0500000000000003,0.04094688117296937,true,false
16,74,0.15000000000000002,3.0500000000000003,0.04165082659258518,true,false
17,74,0.20000000000000007,3.0500000000000003,0.04238521062729562,true,false
18,74,0.25,3.0500000000000003,0.04313719225177842,true,false
19,74,0.30000000000000004,3.0500000000000003,0.04391566270228543,true,false
20,74,0.35,3.0500000000000003,0.044701085149559325,true,false
21,74,0.4,3.0500000000000003,0.045400551561192486,true,false
22,74,0.45000000000000007,3.0500000000000003,0.04591956858529313,true,false
23,74,0.5000000000000001,3.0500000000000003,0.04623898627306742,true,false
24,74,0.5500000000000002,3.0500000000000003,0.04639381590172952,true,false
25,74,0.6,3.0500000000000003,0.04644043972557245,true,false
26,74,0.65,3.0500000000000003,0.046440143074162776,false,true
0,75,-0.65,3.1,0.03424297784874547,false,true
1,75,-0.6,3.1,0.034217382402795565,false,true
2,75,-0.55,3.1,0.03426402594976575,true,false
3,75,-0.5,3.1,0.03445430940943606,true,false
4,75,-0.45,3.1,0.03484439841634645,true,false
5,75,-0.4,3.1,0.035437901821057084,true,false
6,75,-0.35,3.1,0.036166226045701605,true,false
7,75,-0.3,3.1,0.036923082036037905,true,false
8,75,-0.25,3.1,0.03760865422878464,true,false
9,75,-0.2,3.1,0.03815920534985944,true,false
10,75,-0.15000000000000002,3.1,0.03859419401855039,true,false
11,75,-0.09999999999999998,3.1,0.03900594834071107,true,false
12,75,-0.04999999999999993,3.1,0.039480191012059476,true,false
13,75,0.0,3.1,0.04004656639698949,true,false
14,75,0.050000000000000044,3.1,0.04067631944339422,true,false
15,75,0.09999999999999998,3.1,0.04132090936656926,true,false
16,75,0.15000000000000002,3.1,0.041970165319000545,true,false
17,75,0.20000000000000007,3.1,0.04263620310800337,true,false
18,75,0.25,3.1,0.043322541464263016,true,false
19,75,0.30000000000000004,3.1,0.044043232081772896,true,false
20,75,0.35,3.1,0.04479165299879994,true,false
21,75,0.4,3.1,0.045490632745509685,true,false
22,75,0.45000000000000007,3.1,0.046048935231245376,true,false
23,75,0.5000000000000001,3.1,0.04644513897454967,true,false
24,75,0.5500000000000002,3.1,0.046708318654320714,true,false
25,75,0.6,3.1,0.04686901952372752,true,false
26,75,0.65,3.1,0.046956294171322195,false,true
0,76,-0.65,3.1500000000000004,0.03487285777296735,false,true
1,76,-0.6,3.1500000000000004,0.03497351056977407,false,true
2,76,-0.55,3.1500000000000004,0.035218713201838794,true,false
3,76,-0.5,3.1500000000000004,0.035645666146071356,true,false
4,76,-0.45,3.1500000000000004,0.036217618705143076,true,false
5,76,-0.4,3.1500000000000004,0.03685371021439957,true,false
6,76,-0.35,3.1500000000000004,0.0374686480208248,true,false
7,76,-0.3,3.1500000000000004,0.03800052596294155,true,false
8,76,-0.25,3.1500000000000004,0.03842344656382103,true,false
9,76,-0.2,3.1500000000000004,0.03874046728172676,true,false
10,76,-0.15000000000000002,3.1500000000000004,0.03900670218594196,true,false
11,76,-0.09999999999999998,3.1500000000000004,0.03932582850501872,true,false
12,76,-0.04999999999999993,3.1500000000000004,0.039784894018287095,true,false
13,76,0.0,3.1500000000000004,0.04039938488250879,true,false
14,76,0.050000000000000044,3.1500000000000004,0.04110443754777439,true,false
15,76,0.09999999999999998,3.1500000000000004,0.041807640051061336,true,false
16,76,0.15000000000000002,3.1500000000000004,0.04247288075628793,true,false
17,76,0.20000000000000007,3.1500000000000004,0.04311361605387258,true,false
18,76,0.25,3.1500000000000004,0.043745093696754105,true,false
19,76,0.30000000000000004,3.1500000000000004,0.044391257921405504,true,false
20,76,0.35,3.1500000000000004,0.045061363669009834,true,false
21,76,0.4,3.1500000000000004,0.04570211314840224,true,false
22,76,0.45000000000000007,3.1500000000000004,0.0462461898080498,true,false
23,76,0.5000000000000001,3.1500000000000004,0.0466909880950013,true,false
24,76,0.5500000000000002,3.1500000000000004,0.047063252782316746,true,false
25,76,0.6,3.1500000000000004,0.0473534131017514,true,false
26,76,0.65,3.1500000000000004,0.047543589580418835,false,true
0,77,-0.65,3.2,0.03554234243011153,false,true
1,77,-0.6,3.2,0.03572793087955124,false,true
2,77,-0.55,3.2,0.036099210869132356,true,false
3,77,-0.5,3.2,0.03667490688253873,true,false
4,77,-0.45,3.2,0.03736403146293061,true,false
5,77,-0.4,3.2,0.03801984020964815,true,false
6,77,-0.35,3.2,0.03852031115637803,true,false
7,77,-0.3,3.2,0.03881899797286636,true,false
8,77,-0.25,3.2,0.03895180044606926,true,false
9,77,-0.2,3.2,0.03899459144611143,true,false
10,77,-0.15000000000000002,3.2,0.03905415866682252,true,false
11,77,-0.09999999999999998,3.2,0.03926225864397891,true,false
12,77,-0.04999999999999993,3.2,0.03971186121049611,true,false
13,77,0.0,3.2,0.04039636797221953,true,false
14,77,0.050000000000000044,3.2,0.04121412561611974,true,false
15,77,0.09999999999999998,3.2,0.042034987302100285,true,false
16,77,0.15000000000000002,3.2,0.04278673848011362,true,false
17,77,0.20000000000000007,3.2,0.043465501831049476,true,false
18,77,0.25,3.2,0.04409924909961666,true,false
19,77,0.30000000000000004,3.2,0.04473401037561761,true,false
20,77,0.35,3.2,0.04538832221866762,true,false
21,77,0.4,3.2,0.04601015913619106,true,false
22,77,0.45000000000000007,3.2,0.04654115359759015,true,false
23,77,0.5000000000000001,3.2,0.04699588452408758,true,false
24,77,0.5500000000000002,3.2,0.04741138775130682,true,false
25,77,0.6,3.2,0.047764242502617245,true,false
26,77,0.65,3.2,0.04801005849357779,false,true
0,78,-0.65,3.2500000000000004,0.036128843590715276,false,true
1,78,-0.6,3.2500000000000004,0.03634373510148964,false,true
2,78,-0.55,3.2500000000000004,0.0367443657226433,true,false
3,78,-0.5,3.2500000000000004,0.03734758603417703,true,false
4,78,-0.45,3.2500000000000004,0.038058623541506575,true,false
5,78,-0.4,3.2500000000000004,0.03870652306257111,true,false
6,78,-0.35,3.2500000000000004,0.03913139176735846,true,false
7,78,-0.3,3.2500000000000004,0.039269417933386744,true,false
8,78,-0.25,3.2500000000000004,0.03918079338867279,true,false
9,78,-0.2,3.2500000000000004,0.038994463687443005,true,false
10,78,-0.15000000000000002,3.2500000000000004,0.038869660817109096,true,false
11,78,-0.09999999999999998,3.2500000000000004,0.03897230552969305,true,false
12,78,-0.04999999999999993,3.2500000000000004,0.03940247708605768,true,false
13,78,0.0,3.2500000000000004,0.04013236073990918,true,false
14,78,0.050000000000000044,3.2500000000000004,0.041032112856164864,true,false
15,78,0.09999999999999998,3.2500000000000004,0.041948025918731,true,false
16,78,0.15000000000000002,3.2500000000000004,0.04277876218238706,true,false
17,78,0.20000000000000007,3.2500000000000004,0.04350127614168099,true,false
18,78,0.25,3.2500000000000004,0.044160379363789276,true,false
19,78,0.30000000000000004,3.2500000000000004,0.044835292207359094,true,false
20,78,0.35,3.2500000000000004,0.045552673085064,true,false
21,78,0.4,3.2500000000000004,0.046238103156403705,true,false
22,78,0.45000000000000007,3.2500000000000004,0.046805736129743945,true,false
23,78,0.5000000000000001,3.2500000000000004,0.04725737743273759,true,false
24,78,0.5500000000000002,3.2500000000000004,0.04764451522777861,true,false
25,78,0.6,3.2500000000000004,0.04797326848689151,true,false
26,78,0.65,3.2500000000000004,0.04821196073046194,false,true
0,79,-0.65,3.3000000000000003,0.036536176633407455,false,true
1,79,-0.6,3.3000000000000003,0.036746868767429844,false,true
2,79,-0.55,3.3000000000000003,0.03712569621120491,false,true
3,79,-0.5,3.3000000000000003,0.037694925666759985,false,true
4,79,-0.45,3.3000000000000003,0.03837736641599244,false,true
5,79,-0.4,3.3000000000000003,0.039004081109807506,false,true
6,79,-0.35,3.3000000000000003,0.03939286146381726,false,true
7,79,-0.3,3.3000000000000003,0.03945574751510188,false,true
8,79,-0.25,3.3000000000000003,0.03925106963861484,false,true
9,79,-0.2,3.3000000000000003,0.03893465377579882,false,true
10,79,-0.15000000000000002,3.3000000000000003,0.038702937996659345,false,true
11,79,-0.09999999999999998,3.3000000000000003,0.03874565388820511,false,true
12,79,-0.04999999999999993,3.3000000000000003,0.0391623179351009,false,true
13,79,0.0,3.3000000000000003,0.03990506514996637,false,true
14,79,0.050000000000000044,3.3000000000000003,0.0408263533820407,true,false
15,79,0.09999999999999998,3.3000000000000003,0.041767522182356895,true,false
16,79,0.15000000000000002,3.3000000000000003,0.04261905932150828,true,false
17,79,0.20000000000000007,3.3000000000000003,0.0433492501913676,true,false
18,79,0.25,3.3000000000000003,0.04401879416697016,true,false
19,79,0.30000000000000004,3.3000000000000003,0.0447403849595903,true,false
20,79,0.35,3.3000000000000003,0.04555341663137931,true,false
21,79,0.4,3.3000000000000003,0.04635605971466217,true,false
22,79,0.45000000000000007,3.3000000000000003,0.047010658798601404,true,false
23,79,0.5000000000000001,3.3000000000000003,0.047473552653617454,true,false
24,79,0.5500000000000002,3.3000000000000003,0.047798427579487233,true,false
25,79,0.6,3.3000000000000003,0.048045205395845565,true,false
26,79,0.65,3.3000000000000003,0.04822716722254851,false,true
0,80,-0.65,3.35,0.036769169783599065,false,true
1,80,-0.6,3.35,0.036966854037345585,false,true
2,80,-0.55,3.35,0.03731722588514449,false,true
3,80,-0.5,3.35,0.03784762364120855,false,true
4,80,-0.45,3.35,0.03849553090127792,false,true
5,80,-0.4,3.35,0.039099764869904734,false,true
6,80,-0.35,3.35,0.03947191759534148,false,true
7,80,-0.3,3.35,0.03951055293240998,false,true
8,80,-0.25,3.35,0.03926568955271536,false,true
9,80,-0.2,3.35,0.03890219976044632,false,true
10,80,-0.15000000000000002,3.35,0.03863596867055489,false,true
11,80,-0.09999999999999998,3.35,0.03866726757433819,false,true
12,80,-0.04999999999999993,3.35,0.03908732118086252,false,true
13,80,0.0,3.35,0.03982829031341793,false,true
14,80,0.050000000000000044,3.35,0.04073177747456622,false,true
15,80,0.09999999999999998,3.35,0.04164793788156791,false,true
16,80,0.15000000000000002,3.35,0.042477674092799705,false,true
17,80,0.20000000000000007,3.35,0.04319146738864165,false,true
18,80,0.25,3.35,0.043861351743137725,false,true
19,80,0.30000000000000004,3.35,0.04462465902463058,false,true
20,80,0.35,3.35,0.04553362676914804,false,true
21,80,0.4,3.35,0.04646430016489496,true,false
22,80,0.45000000000000007,3.35,0.047226020332241554,true,false
23,80,0.5000000000000001,3.35,0.04771772151327122,true,false
24,80,0.5500000000000002,3.35,0.04798067534386101,true,false
25,80,0.6,3.35,0.0481269562460551,true,false
26,80,0.65,3.35,0.04822628015140607,false,true
