grid_x,grid_y,local_x_m,local_y_m,height_m,measured,interpolated
0,0,-0.65,-0.65,-0.008858872858826746,false,true
1,0,-0.6,-0.65,-0.008782744407653809,false,true
2,0,-0.55,-0.65,-0.011605387638870346,false,true
3,0,-0.5,-0.65,-0.014366650578493389,false,true
4,0,-0.45,-0.65,-0.015130025347478732,false,true
5,0,-0.4,-0.65,-0.016382575035095215,true,false
6,0,-0.35,-0.65,-0.017528235912322998,true,false
7,0,-0.3,-0.65,-0.01717555522918701,true,false
8,0,-0.25,-0.65,-0.019463062286376953,true,false
9,0,-0.2,-0.65,-0.022038042545318604,true,false
10,0,-0.15000000000000002,-0.65,-0.020978808403015137,true,false
11,0,-0.09999999999999998,-0.65,-0.018288731575012207,true,false
12,0,-0.04999999999999993,-0.65,-0.01335155963897705,true,false
13,0,0.0,-0.65,0.003785065450670131,false,true
14,0,0.050000000000000044,-0.65,0.027574991156960185,false,true
15,0,0.09999999999999998,-0.65,0.03053236379944342,false,true
16,0,0.15000000000000002,-0.65,0.021527006322418864,false,true
17,0,0.20000000000000007,-0.65,0.009124423321675495,false,true
18,0,0.25,-0.65,0.009696983541113122,false,true
19,0,0.30000000000000004,-0.65,0.013548609841967684,false,true
20,0,0.35,-0.65,0.0212172269821167,false,true
21,0,0.4,-0.65,0.0212172269821167,false,true
22,0,0.45000000000000007,-0.65,0.055087088979991025,false,true
23,0,0.5000000000000001,-0.65,0.05207136080765005,false,true
24,0,0.5500000000000002,-0.65,0.03397693221511256,false,true
25,0,0.6,-0.65,0.021182239055633545,false,true
26,0,0.65,-0.65,0.01928157969379152,false,true
0,1,-0.65,-0.6,-0.009009997034692201,false,true
1,1,-0.6,-0.6,-0.008966534746957973,false,true
2,1,-0.55,-0.6,-0.008782744407653809,false,true
3,1,-0.5,-0.6,-0.011692192479704279,false,true
4,1,-0.45,-0.6,-0.013287075627020885,false,true
5,1,-0.4,-0.6,-0.013358652591705322,true,false
6,1,-0.35,-0.6,-0.01209646463394165,true,false
7,1,-0.3,-0.6,-0.011791408061981201,true,false
8,1,-0.25,-0.6,-0.011817455291748047,true,false
9,1,-0.2,-0.6,-0.012769222259521484,true,false
10,1,-0.15000000000000002,-0.6,-0.012752413749694824,true,false
11,1,-0.09999999999999998,-0.6,-0.009292900562286377,true,false
12,1,-0.04999999999999993,-0.6,-0.008782744407653809,true,false
13,1,0.0,-0.6,0.012154459953308105,true,false
14,1,0.050000000000000044,-0.6,0.028751611709594727,true,false
15,1,0.09999999999999998,-0.6,0.04133152961730957,true,false
16,1,0.15000000000000002,-0.6,0.017040789127349854,true,false
17,1,0.20000000000000007,-0.6,0.008066952228546143,true,false
18,1,0.25,-0.6,0.002703547477722168,true,false
19,1,0.30000000000000004,-0.6,0.0212172269821167,true,false
20,1,0.35,-0.6,0.0212172269821167,false,true
21,1,0.4,-0.6,0.0665831041156907,false,true
22,1,0.45000000000000007,-0.6,0.08296048255966655,false,true
23,1,0.5000000000000001,-0.6,0.05207136080765005,false,true
24,1,0.5500000000000002,-0.6,0.021182239055633545,false,true
25,1,0.6,-0.6,0.019071473834440987,false,true
26,1,0.65,-0.6,0.01752948760986328,false,true
0,2,-0.65,-0.55,-0.009435165441008295,false,true
1,2,-0.6,-0.55,-0.0092987146184961,false,true
2,2,-0.55,-0.55,-0.009226453537435073,false,true
3,2,-0.5,-0.55,-0.008782744407653809,false,true
4,2,-0.45,-0.55,-0.010113435157108424,false,true
5,2,-0.4,-0.55,-0.010090351104736328,true,false
6,2,-0.35,-0.55,-0.009653091430664062,true,false
7,2,-0.3,-0.55,-0.009469807147979736,true,false
8,2,-0.25,-0.55,-0.009082496166229248,true,false
9,2,-0.2,-0.55,-0.00909203290939331,true,false
10,2,-0.15000000000000002,-0.55,-0.008782744407653809,true,false
11,2,-0.09999999999999998,-0.55,-0.007942795753479004,true,false
12,2,-0.04999999999999993,-0.55,-0.004544436931610107,true,false
13,2,0.0,-0.55,0.0002116560935974121,true,false
14,2,0.050000000000000044,-0.55,0.0212172269821167,true,false
15,2,0.09999999999999998,-0.55,0.011565983295440674,true,false
16,2,0.15000000000000002,-0.55,0.001504659652709961,true,false
17,2,0.20000000000000007,-0.55,0.0055318474769592285,true,false
18,2,0.25,-0.55,0.11278009414672852,true,false
19,2,0.30000000000000004,-0.55,0.0212172269821167,true,false
20,2,0.35,-0.55,0.061994594141441185,false,true
21,2,0.4,-0.55,0.12664429747116207,false,true
22,2,0.45000000000000007,-0.55,0.09575517571914556,false,true
23,2,0.5000000000000001,-0.55,0.021182239055633545,false,true
24,2,0.5500000000000002,-0.55,0.018267098863435305,false,true
25,2,0.6,-0.55,0.01752948760986328,false,true
26,2,0.65,-0.55,0.01705780792718932,false,true
0,3,-0.65,-0.5,-0.010166964147009142,false,true
1,3,-0.6,-0.5,-0.01009676673885233,false,true
2,3,-0.55,-0.5,-0.009916877430206635,false,true
3,3,-0.5,-0.5,-0.009853953006520502,false,true
4,3,-0.45,-0.5,-0.008782744407653809,true,false
5,3,-0.4,-0.5,-0.008782744407653809,true,false
6,3,-0.35,-0.5,-0.008782744407653809,true,false
7,3,-0.3,-0.5,-0.008188366889953613,true,false
8,3,-0.25,-0.5,-0.007665455341339111,true,false
9,3,-0.2,-0.5,-0.006879329681396484,true,false
10,3,-0.15000000000000002,-0.5,-0.006279885768890381,true,false
11,3,-0.09999999999999998,-0.5,-0.005831420421600342,true,false
12,3,-0.04999999999999993,-0.5,-0.004175066947937012,true,false
13,3,0.0,-0.5,-0.00241696834564209,true,false
14,3,0.050000000000000044,-0.5,2.1576881408691406e-05,true,false
15,3,0.09999999999999998,-0.5,0.0007646083831787109,true,false
16,3,0.15000000000000002,-0.5,0.0025489330291748047,true,false
17,3,0.20000000000000007,-0.5,0.32121723890304565,true,false
18,3,0.25,-0.5,0.22052490711212158,true,false
19,3,0.30000000000000004,-0.5,0.0212172269821167,true,false
20,3,0.35,-0.5,0.13057167934141925,false,true
21,3,0.4,-0.5,0.20121723413467407,true,false
22,3,0.45000000000000007,-0.5,0.021182239055633545,true,false
23,3,0.5000000000000001,-0.5,0.015187607905970213,false,true
24,3,0.5500000000000002,-0.5,0.01752948760986328,false,true
25,3,0.6,-0.5,0.016390752122855963,false,true
26,3,0.65,-0.5,0.0163765423527803,false,true
0,4,-0.65,-0.45,-0.011071861888984917,false,true
1,4,-0.6,-0.45,-0.011134487802180985,false,true
2,4,-0.55,-0.45,-0.011221481840282248,false,true
3,4,-0.5,-0.45,-0.011139999026140907,false,true
4,4,-0.45,-0.45,-0.011368870735168457,true,false
5,4,-0.4,-0.45,-0.010785102844238281,true,false
6,4,-0.35,-0.45,-0.008782744407653809,true,false
7,4,-0.3,-0.45,-0.008782744407653809,true,false
8,4,-0.25,-0.45,-0.007841646671295166,true,false
9,4,-0.2,-0.45,-0.0064833760261535645,true,false
10,4,-0.15000000000000002,-0.45,-0.005571305751800537,true,false
11,4,-0.09999999999999998,-0.45,-0.004550039768218994,true,false
12,4,-0.04999999999999993,-0.45,-0.0034581422805786133,true,false
13,4,0.0,-0.45,-0.001950383186340332,true,false
14,4,0.050000000000000044,-0.45,-0.0002893209457397461,true,false
15,4,0.09999999999999998,-0.45,0.0019131898880004883,true,false
16,4,0.15000000000000002,-0.45,0.0027298331260681152,true,false
17,4,0.20000000000000007,-0.45,0.0034580230712890625,true,false
18,4,0.25,-0.45,0.23121720552444458,true,false
19,4,0.30000000000000004,-0.45,0.306217223405838,true,false
20,4,0.35,-0.45,0.20447510480880737,true,false
21,4,0.4,-0.45,0.01450800895690918,true,false
22,4,0.45000000000000007,-0.45,0.003398001194000244,true,false
23,4,0.5000000000000001,-0.45,0.01752948760986328,true,false
24,4,0.5500000000000002,-0.45,0.01478033695317468,false,true
25,4,0.6,-0.45,0.01520350144613811,false,true
26,4,0.65,-0.45,0.01515586793911512,false,true
0,5,-0.65,-0.4,-0.01174665844378702,false,true
1,5,-0.6,-0.4,-0.011958390623319628,false,true
2,5,-0.55,-0.4,-0.01222907002562692,false,true
3,5,-0.5,-0.4,-0.012704244774903008,false,true
4,5,-0.45,-0.4,-0.013173580169677734,true,false
5,5,-0.4,-0.4,-0.011912882328033447,true,false
6,5,-0.35,-0.4,-0.0100555419921875,true,false
7,5,-0.3,-0.4,-0.00887608528137207,true,false
8,5,-0.25,-0.4,-0.008038461208343506,true,false
9,5,-0.2,-0.4,-0.0065247416496276855,true,false
10,5,-0.15000000000000002,-0.4,-0.0050269365310668945,true,false
11,5,-0.09999999999999998,-0.4,-0.004338562488555908,true,false
12,5,-0.04999999999999993,-0.4,-0.003223121166229248,true,false
13,5,0.0,-0.4,-0.0022029876708984375,true,false
14,5,0.050000000000000044,-0.4,-0.000978231430053711,true,false
15,5,0.09999999999999998,-0.4,0.0016272664070129395,true,false
16,5,0.15000000000000002,-0.4,0.003148972988128662,true,false
17,5,0.20000000000000007,-0.4,0.003696739673614502,true,false
18,5,0.25,-0.4,0.13485503196716309,true,false
19,5,0.30000000000000004,-0.4,0.1712172031402588,true,false
20,5,0.35,-0.4,0.079888254404068,true,false
21,5,0.4,-0.4,0.007342100143432617,true,false
22,5,0.45000000000000007,-0.4,0.00916433334350586,true,false
23,5,0.5000000000000001,-0.4,0.01089245080947876,true,false
24,5,0.5500000000000002,-0.4,0.013475960247476554,false,true
25,5,0.6,-0.4,0.013853619803718966,false,true
26,5,0.65,-0.4,0.014316079844496864,false,true
0,6,-0.65,-0.35,-0.010776502071795117,false,true
1,6,-0.6,-0.35,-0.012059394565507224,false,true
2,6,-0.55,-0.35,-0.012312500924558994,false,true
3,6,-0.5,-0.35,-0.012646142450189453,false,true
4,6,-0.45,-0.35,-0.01337587833404541,true,false
5,6,-0.4,-0.35,-0.010732769966125488,true,false
6,6,-0.35,-0.35,-0.010173022747039795,true,false
7,6,-0.3,-0.35,-0.008975028991699219,true,false
8,6,-0.25,-0.35,-0.007810235023498535,true,false
9,6,-0.2,-0.35,-0.0065190792083740234,true,false
10,6,-0.15000000000000002,-0.35,-0.005606710910797119,true,false
11,6,-0.09999999999999998,-0.35,-0.004312336444854736,true,false
12,6,-0.04999999999999993,-0.35,-0.0029207468032836914,true,false
13,6,0.0,-0.35,-0.0018758773803710938,true,false
14,6,0.050000000000000044,-0.35,-0.0011101961135864258,true,false
15,6,0.09999999999999998,-0.35,0.0013913512229919434,true,false
16,6,0.15000000000000002,-0.35,0.00299835205078125,true,false
17,6,0.20000000000000007,-0.35,0.004479587078094482,true,false
18,6,0.25,-0.35,0.06621727347373962,true,false
19,6,0.30000000000000004,-0.35,0.09546399116516113,true,false
20,6,0.35,-0.35,0.05121725797653198,true,false
21,6,0.4,-0.35,0.010846614837646484,true,false
22,6,0.45000000000000007,-0.35,0.00991356372833252,true,false
23,6,0.5000000000000001,-0.35,0.013076066970825195,true,false
24,6,0.5500000000000002,-0.35,0.013460993920661078,false,true
25,6,0.6,-0.35,0.014082675504579338,false,true
26,6,0.65,-0.35,0.011837491262325833,false,true
0,7,-0.65,-0.3,-0.008782744407653809,false,true
1,7,-0.6,-0.3,-0.01059992868531025,false,true
2,7,-0.55,-0.3,-0.01153177265969364,false,true
3,7,-0.5,-0.3,-0.011448916703697532,false,true
4,7,-0.45,-0.3,-0.011086702346801758,true,false
5,7,-0.4,-0.3,-0.010538458824157715,true,false
6,7,-0.35,-0.3,-0.009911060333251953,true,false
7,7,-0.3,-0.3,-0.008782744407653809,true,false
8,7,-0.25,-0.3,-0.006571948528289795,true,false
9,7,-0.2,-0.3,-0.006171882152557373,true,false
10,7,-0.15000000000000002,-0.3,-0.005273878574371338,true,false
11,7,-0.09999999999999998,-0.3,-0.004498720169067383,true,false
12,7,-0.04999999999999993,-0.3,-0.002960026264190674,true,false
13,7,0.0,-0.3,-0.0018048286437988281,true,false
14,7,0.050000000000000044,-0.3,-0.0007952451705932617,true,false
15,7,0.09999999999999998,-0.3,0.0010482072830200195,true,false
16,7,0.15000000000000002,-0.3,0.0020945072174072266,true,false
17,7,0.20000000000000007,-0.3,0.004463255405426025,true,false
18,7,0.25,-0.3,0.024064064025878906,true,false
19,7,0.30000000000000004,-0.3,0.06738939881324768,true,false
20,7,0.35,-0.3,0.05121725797653198,true,false
21,7,0.4,-0.3,0.019480347633361816,true,false
22,7,0.45000000000000007,-0.3,0.00938493013381958,true,false
23,7,0.5000000000000001,-0.3,0.01657390594482422,true,false
24,7,0.5500000000000002,-0.3,0.015568581289136917,false,true
25,7,0.6,-0.3,0.012659886107566926,false,true
26,7,0.65,-0.3,0.007585167884826661,false,true
0,8,-0.65,-0.25,-0.008872487703691838,false,true
1,8,-0.6,-0.25,-0.008782744407653809,false,true
2,8,-0.55,-0.25,-0.01013941671026576,false,true
3,8,-0.5,-0.25,-0.01053457888589091,false,true
4,8,-0.45,-0.25,-0.01003420352935791,true,false
5,8,-0.4,-0.25,-0.010508358478546143,true,false
6,8,-0.35,-0.25,-0.009252727031707764,true,false
7,8,-0.3,-0.25,-0.005457818508148193,true,false
8,8,-0.25,-0.25,-0.005273938179016113,true,false
9,8,-0.2,-0.25,-0.004310131072998047,true,false
10,8,-0.15000000000000002,-0.25,-0.003453075885772705,true,false
11,8,-0.09999999999999998,-0.25,-0.002165079116821289,true,false
12,8,-0.04999999999999993,-0.25,-0.0003533363342285156,true,false
13,8,0.0,-0.25,0.00044977664947509766,true,false
14,8,0.050000000000000044,-0.25,0.00035774707794189453,true,false
15,8,0.09999999999999998,-0.25,0.005051016807556152,true,false
16,8,0.15000000000000002,-0.25,0.0023845434188842773,true,false
17,8,0.20000000000000007,-0.25,0.004186153411865234,true,false
18,8,0.25,-0.25,0.02083379030227661,true,false
19,8,0.30000000000000004,-0.25,0.026239395141601562,true,false
20,8,0.35,-0.25,0.04973292350769043,true,false
21,8,0.4,-0.25,0.019488155841827393,true,false
22,8,0.45000000000000007,-0.25,0.01119530200958252,true,false
23,8,0.5000000000000001,-0.25,0.016639351844787598,true,false
24,8,0.5500000000000002,-0.25,0.014921997455708389,false,true
25,8,0.6,-0.25,0.007585167884826661,false,true
26,8,0.65,-0.25,0.00767270706964568,false,true
0,9,-0.65,-0.2,-0.009079200553045999,false,true
1,9,-0.6,-0.2,-0.008999403890080882,false,true
2,9,-0.55,-0.2,-0.008782744407653809,false,true
3,9,-0.5,-0.2,-0.010189697378777793,false,true
4,9,-0.45,-0.2,-0.010690093040466309,true,false
5,9,-0.4,-0.2,-0.009656667709350586,true,false
6,9,-0.35,-0.2,-0.008782744407653809,true,false
7,9,-0.3,-0.2,-0.00509566068649292,true,false
8,9,-0.25,-0.2,-0.004980146884918213,true,false
9,9,-0.2,-0.2,-0.0047065019607543945,true,false
10,9,-0.15000000000000002,-0.2,-0.004213690757751465,true,false
11,9,-0.09999999999999998,-0.2,-0.0024781227111816406,true,false
12,9,-0.04999999999999993,-0.2,-0.0012072920799255371,true,false
13,9,0.0,-0.2,-0.00018966197967529297,true,false
14,9,0.050000000000000044,-0.2,7.796287536621094e-05,true,false
15,9,0.09999999999999998,-0.2,0.02029663324356079,true,false
16,9,0.15000000000000002,-0.2,0.02094578742980957,true,false
17,9,0.20000000000000007,-0.2,0.0033808350563049316,true,false
18,9,0.25,-0.2,0.0043487548828125,true,false
19,9,0.30000000000000004,-0.2,0.008314371109008789,true,false
20,9,0.35,-0.2,0.01684945821762085,true,false
21,9,0.4,-0.2,0.009708285331726074,true,false
22,9,0.45000000000000007,-0.2,0.011305093765258789,true,false
23,9,0.5000000000000001,-0.2,0.0212172269821167,true,false
24,9,0.5500000000000002,-0.2,0.00758516788482666,true,false
25,9,0.6,-0.2,0.007796506172055822,false,true
26,9,0.65,-0.2,0.008013233824120213,false,true
0,10,-0.65,-0.15000000000000002,-0.009653568111420135,false,true
1,10,-0.6,-0.15000000000000002,-0.009488506221435574,false,true
2,10,-0.55,-0.15000000000000002,-0.009305806668545986,false,true
3,10,-0.5,-0.15000000000000002,-0.008782744407653809,true,false
4,10,-0.45,-0.15000000000000002,-0.011627256870269775,true,false
5,10,-0.4,-0.15000000000000002,-0.009297430515289307,true,false
6,10,-0.35,-0.15000000000000002,-0.00487673282623291,true,false
7,10,-0.3,-0.15000000000000002,-0.005085110664367676,true,false
8,10,-0.25,-0.15000000000000002,-0.005126059055328369,true,false
9,10,-0.2,-0.15000000000000002,-0.004773557186126709,true,false
10,10,-0.15000000000000002,-0.15000000000000002,-0.004199385643005371,true,false
11,10,-0.09999999999999998,-0.15000000000000002,-0.002481520175933838,true,false
12,10,-0.04999999999999993,-0.15000000000000002,-0.0013971924781799316,true,false
13,10,0.0,-0.15000000000000002,-0.00035130977630615234,true,false
14,10,0.050000000000000044,-0.15000000000000002,0.0012853145599365234,true,false
15,10,0.09999999999999998,-0.15000000000000002,0.0212172269821167,true,false
16,10,0.15000000000000002,-0.15000000000000002,0.0212172269821167,true,false
17,10,0.20000000000000007,-0.15000000000000002,0.004103422164916992,true,false
18,10,0.25,-0.15000000000000002,0.0054357051849365234,true,false
19,10,0.30000000000000004,-0.15000000000000002,0.007143557071685791,true,false
20,10,0.35,-0.15000000000000002,0.009060323238372803,true,false
21,10,0.4,-0.15000000000000002,0.010158717632293701,true,false
22,10,0.45000000000000007,-0.15000000000000002,0.011113584041595459,true,false
23,10,0.5000000000000001,-0.15000000000000002,0.013439059257507324,true,false
24,10,0.5500000000000002,-0.15000000000000002,0.008095383644104004,true,false
25,10,0.6,-0.15000000000000002,0.008747798948304505,false,true
26,10,0.65,-0.15000000000000002,0.008958599866356194,false,true
0,11,-0.65,-0.09999999999999998,-0.010488029007599656,false,true
1,11,-0.6,-0.09999999999999998,-0.010541165096206492,false,true
2,11,-0.55,-0.09999999999999998,-0.010452644220753295,false,true
3,11,-0.5,-0.09999999999999998,-0.010045528411865234,true,false
4,11,-0.45,-0.09999999999999998,-0.010509669780731201,true,false
5,11,-0.4,-0.09999999999999998,-0.008831322193145752,true,false
6,11,-0.35,-0.09999999999999998,-0.005159735679626465,true,false
7,11,-0.3,-0.09999999999999998,-0.004942834377288818,true,false
8,11,-0.25,-0.09999999999999998,-0.0044727325439453125,true,false
9,11,-0.2,-0.09999999999999998,-0.004595160484313965,true,false
10,11,-0.15000000000000002,-0.09999999999999998,-0.003939330577850342,true,false
11,11,-0.09999999999999998,-0.09999999999999998,-0.002783060073852539,true,false
12,11,-0.04999999999999993,-0.09999999999999998,-0.0018649101257324219,true,false
13,11,0.0,-0.09999999999999998,-0.00019669532775878906,true,false
14,11,0.050000000000000044,-0.09999999999999998,0.0022194385528564453,true,false
15,11,0.09999999999999998,-0.09999999999999998,0.014816105365753174,true,false
16,11,0.15000000000000002,-0.09999999999999998,0.0031655430793762207,true,false
17,11,0.20000000000000007,-0.09999999999999998,0.004864513874053955,true,false
18,11,0.25,-0.09999999999999998,0.005944728851318359,true,false
19,11,0.30000000000000004,-0.09999999999999998,0.007376372814178467,true,false
20,11,0.35,-0.09999999999999998,0.009300827980041504,true,false
21,11,0.4,-0.09999999999999998,0.010338306427001953,true,false
22,11,0.45000000000000007,-0.09999999999999998,0.011266052722930908,true,false
23,11,0.5000000000000001,-0.09999999999999998,0.013154327869415283,true,false
24,11,0.5500000000000002,-0.09999999999999998,0.01083308458328247,true,false
25,11,0.6,-0.09999999999999998,0.010418811077925966,false,true
26,11,0.65,-0.09999999999999998,0.01031885028815504,false,true
0,12,-0.65,-0.04999999999999993,-0.011105920178526218,false,true
1,12,-0.6,-0.04999999999999993,-0.011412406016604494,false,true
2,12,-0.55,-0.04999999999999993,-0.011901710946486056,false,true
3,12,-0.5,-0.04999999999999993,-0.01269829273223877,true,false
4,12,-0.45,-0.04999999999999993,-0.010355234146118164,true,false
5,12,-0.4,-0.04999999999999993,-0.008782744407653809,true,false
6,12,-0.35,-0.04999999999999993,-0.0022118687629699707,true,false
7,12,-0.3,-0.04999999999999993,-0.0030178427696228027,true,false
8,12,-0.25,-0.04999999999999993,-0.0032845139503479004,true,false
9,12,-0.2,-0.04999999999999993,-0.0021491646766662598,true,false
10,12,-0.15000000000000002,-0.04999999999999993,-0.0019131898880004883,true,false
11,12,-0.09999999999999998,-0.04999999999999993,-0.0010384321212768555,true,false
12,12,-0.04999999999999993,-0.04999999999999993,-0.0007384419441223145,true,false
13,12,0.0,-0.04999999999999993,0.0005310773849487305,true,false
14,12,0.050000000000000044,-0.04999999999999993,0.003468632698059082,true,false
15,12,0.09999999999999998,-0.04999999999999993,0.0061228275299072266,true,false
16,12,0.15000000000000002,-0.04999999999999993,0.00425565242767334,true,false
17,12,0.20000000000000007,-0.04999999999999993,0.005233347415924072,true,false
18,12,0.25,-0.04999999999999993,0.006561398506164551,true,false
19,12,0.30000000000000004,-0.04999999999999993,0.007568836212158203,true,false
20,12,0.35,-0.04999999999999993,0.009660959243774414,true,false
21,12,0.4,-0.04999999999999993,0.01076972484588623,true,false
22,12,0.45000000000000007,-0.04999999999999993,0.01118934154510498,true,false
23,12,0.5000000000000001,-0.04999999999999993,0.012645840644836426,true,false
24,12,0.5500000000000002,-0.04999999999999993,0.012156367301940918,true,false
25,12,0.6,-0.04999999999999993,0.011748535723406013,false,true
26,12,0.65,-0.04999999999999993,0.01152131507280203,false,true
0,13,-0.65,0.0,-0.010177857824446026,false,true
1,13,-0.6,0.0,-0.011237238831960362,false,true
2,13,-0.55,0.0,-0.011680186144481174,false,true
3,13,-0.5,0.0,-0.012631356716156006,true,false
4,13,-0.45,0.0,-0.008782744407653809,true,false
5,13,-0.4,0.0,-0.0023832321166992188,true,false
6,13,-0.35,0.0,-0.0012884736061096191,true,false
7,13,-0.3,0.0,-0.0013249516487121582,true,false
8,13,-0.25,0.0,-0.0010561347007751465,true,false
9,13,-0.2,0.0,-0.0010340213775634766,true,false
10,13,-0.15000000000000002,0.0,-0.0005648136138916016,true,false
11,13,-0.09999999999999998,0.0,0.0004106760025024414,true,false
12,13,-0.04999999999999993,0.0,0.0013297796249389648,true,false
13,13,0.0,0.0,0.0020458102226257324,true,false
14,13,0.050000000000000044,0.0,0.003865361213684082,true,false
15,13,0.09999999999999998,0.0,0.00927114486694336,true,false
16,13,0.15000000000000002,0.0,0.005023777484893799,true,false
17,13,0.20000000000000007,0.0,0.006685614585876465,true,false
18,13,0.25,0.0,0.007944226264953613,true,false
19,13,0.30000000000000004,0.0,0.009586036205291748,true,false
20,13,0.35,0.0,0.011370360851287842,true,false
21,13,0.4,0.0,0.012100160121917725,true,false
22,13,0.45000000000000007,0.0,0.01222085952758789,true,false
23,13,0.5000000000000001,0.0,0.013431072235107422,true,false
24,13,0.5500000000000002,0.0,0.012087225914001465,true,false
25,13,0.6,0.0,0.012302480541942707,false,true
26,13,0.65,0.0,0.01233930760830336,false,true
0,14,-0.65,0.050000000000000044,-0.008655548095703125,false,true
1,14,-0.6,0.050000000000000044,-0.00959798970826103,false,true
2,14,-0.55,0.050000000000000044,-0.00994634462065102,false,true
3,14,-0.5,0.050000000000000044,-0.00931692123413086,true,false
4,14,-0.45,0.050000000000000044,-0.008782744407653809,true,false
5,14,-0.4,0.050000000000000044,-0.0008816719055175781,true,false
6,14,-0.35,0.050000000000000044,-0.00041306018829345703,true,false
7,14,-0.3,0.050000000000000044,-0.0001538395881652832,true,false
8,14,-0.25,0.050000000000000044,-7.212162017822266e-06,true,false
9,14,-0.2,0.050000000000000044,0.00020253658294677734,true,false
10,14,-0.15000000000000002,0.050000000000000044,0.0003783702850341797,true,false
11,14,-0.09999999999999998,0.050000000000000044,0.0004451870918273926,true,false
12,14,-0.04999999999999993,0.050000000000000044,0.0009442567825317383,true,false
13,14,0.0,0.050000000000000044,0.0026296377182006836,true,false
14,14,0.050000000000000044,0.050000000000000044,0.004015445709228516,true,false
15,14,0.09999999999999998,0.050000000000000044,0.00523221492767334,true,false
16,14,0.15000000000000002,0.050000000000000044,0.005942821502685547,true,false
17,14,0.20000000000000007,0.050000000000000044,0.00725024938583374,true,false
18,14,0.25,0.050000000000000044,0.009916186332702637,true,false
19,14,0.30000000000000004,0.050000000000000044,0.0212172269821167,true,false
20,14,0.35,0.050000000000000044,0.012441754341125488,true,false
21,14,0.4,0.050000000000000044,0.012921333312988281,true,false
22,14,0.45000000000000007,0.050000000000000044,0.013357341289520264,true,false
23,14,0.5000000000000001,0.050000000000000044,0.014186441898345947,true,false
24,14,0.5500000000000002,0.050000000000000044,0.012753009796142578,true,false
25,14,0.6,0.050000000000000044,0.012982160829910359,false,true
26,14,0.65,0.050000000000000044,0.013054671946169624,false,true
0,15,-0.65,0.09999999999999998,-0.008521334981034337,false,true
1,15,-0.6,0.09999999999999998,-0.008655548095703125,false,true
2,15,-0.55,0.09999999999999998,-0.008355958740643824,false,true
3,15,-0.5,0.09999999999999998,-0.008151471614837646,true,false
4,15,-0.45,0.09999999999999998,-0.0074956417083740234,true,false
5,15,-0.4,0.09999999999999998,2.9027462005615234e-05,true,false
6,15,-0.35,0.09999999999999998,7.712841033935547e-05,true,false
7,15,-0.3,0.09999999999999998,0.00044280290603637695,true,false
8,15,-0.25,0.09999999999999998,0.0007059574127197266,true,false
9,15,-0.2,0.09999999999999998,0.0011273026466369629,true,false
10,15,-0.15000000000000002,0.09999999999999998,0.0015816688537597656,true,false
11,15,-0.09999999999999998,0.09999999999999998,0.001997709274291992,true,false
12,15,-0.04999999999999993,0.09999999999999998,0.0026012659072875977,true,false
13,15,0.0,0.09999999999999998,0.0038496851921081543,true,false
14,15,0.050000000000000044,0.09999999999999998,0.004824280738830566,true,false
15,15,0.09999999999999998,0.09999999999999998,0.006033658981323242,true,false
16,15,0.15000000000000002,0.09999999999999998,0.007243037223815918,true,false
17,15,0.20000000000000007,0.09999999999999998,0.008262455463409424,true,false
18,15,0.25,0.09999999999999998,0.0212172269821167,true,false
19,15,0.30000000000000004,0.09999999999999998,0.02971673011779785,true,false
20,15,0.35,0.09999999999999998,0.013445377349853516,true,false
21,15,0.4,0.09999999999999998,0.013786554336547852,true,false
22,15,0.45000000000000007,0.09999999999999998,0.014154016971588135,true,false
23,15,0.5000000000000001,0.09999999999999998,0.015118837356567383,true,false
24,15,0.5500000000000002,0.09999999999999998,0.014201164245605469,true,false
25,15,0.6,0.09999999999999998,0.013909409554433202,false,true
26,15,0.65,0.09999999999999998,0.01405349978356488,false,true
0,16,-0.65,0.15000000000000002,-0.008387121866365551,false,true
1,16,-0.6,0.15000000000000002,-0.008331528974021405,false,true
2,16,-0.55,0.15000000000000002,-0.008655548095703125,true,false
3,16,-0.5,0.15000000000000002,-0.007260501384735107,true,false
4,16,-0.45,0.15000000000000002,-0.005378305912017822,true,false
5,16,-0.4,0.15000000000000002,0.0008503198623657227,true,false
6,16,-0.35,0.15000000000000002,0.0009875297546386719,true,false
7,16,-0.3,0.15000000000000002,0.0013524293899536133,true,false
8,16,-0.25,0.15000000000000002,0.0014190077781677246,true,false
9,16,-0.2,0.15000000000000002,0.002056896686553955,true,false
10,16,-0.15000000000000002,0.15000000000000002,0.002685070037841797,true,false
11,16,-0.09999999999999998,0.15000000000000002,0.0034759044647216797,true,false
12,16,-0.04999999999999993,0.15000000000000002,0.00402456521987915,true,false
13,16,0.0,0.15000000000000002,0.004969775676727295,true,false
14,16,0.050000000000000044,0.15000000000000002,0.0061531662940979,true,false
15,16,0.09999999999999998,0.15000000000000002,0.0072019100189208984,true,false
16,16,0.15000000000000002,0.15000000000000002,0.007950663566589355,true,false
17,16,0.20000000000000007,0.15000000000000002,0.008977770805358887,true,false
18,16,0.25,0.15000000000000002,0.025099575519561768,true,false
19,16,0.30000000000000004,0.15000000000000002,0.030489683151245117,true,false
20,16,0.35,0.15000000000000002,0.014679133892059326,true,false
21,16,0.4,0.15000000000000002,0.01444554328918457,true,false
22,16,0.45000000000000007,0.15000000000000002,0.014814555644989014,true,false
23,16,0.5000000000000001,0.15000000000000002,0.015661239624023438,true,false
24,16,0.5500000000000002,0.15000000000000002,0.014653205871582031,true,false
25,16,0.6,0.15000000000000002,0.015328613093462872,false,true
26,16,0.65,0.15000000000000002,0.015366886402657438,false,true
0,17,-0.65,0.20000000000000007,-0.00814172296700847,false,true
1,17,-0.6,0.20000000000000007,-0.008197315859352619,false,true
2,17,-0.55,0.20000000000000007,-0.007873296737670898,true,false
3,17,-0.5,0.20000000000000007,-0.006648898124694824,true,false
4,17,-0.45,0.20000000000000007,-0.003498077392578125,true,false
5,17,-0.4,0.20000000000000007,0.0009636282920837402,true,false
6,17,-0.35,0.20000000000000007,0.0018306970596313477,true,false
7,17,-0.3,0.20000000000000007,0.0016510486602783203,true,false
8,17,-0.25,0.20000000000000007,0.0023366212844848633,true,false
9,17,-0.2,0.20000000000000007,0.0030668973922729492,true,false
10,17,-0.15000000000000002,0.20000000000000007,0.0037537217140197754,true,false
11,17,-0.09999999999999998,0.20000000000000007,0.004605352878570557,true,false
12,17,-0.04999999999999993,0.20000000000000007,0.005148172378540039,true,false
13,17,0.0,0.20000000000000007,0.006277620792388916,true,false
14,17,0.050000000000000044,0.20000000000000007,0.007053971290588379,true,false
15,17,0.09999999999999998,0.20000000000000007,0.008022427558898926,true,false
16,17,0.15000000000000002,0.20000000000000007,0.00933229923248291,true,false
17,17,0.20000000000000007,0.20000000000000007,0.009773731231689453,true,false
18,17,0.25,0.20000000000000007,0.0212172269821167,true,false
19,17,0.30000000000000004,0.20000000000000007,0.03182268142700195,true,false
20,17,0.35,0.20000000000000007,0.0162811279296875,true,false
21,17,0.4,0.20000000000000007,0.014921784400939941,true,false
22,17,0.45000000000000007,0.20000000000000007,0.015705406665802002,true,false
23,17,0.5000000000000001,0.20000000000000007,0.016426920890808105,true,false
24,17,0.5500000000000002,0.20000000000000007,0.017411231994628906,true,false
25,17,0.6,0.20000000000000007,0.01687848988382153,false,true
26,17,0.65,0.20000000000000007,0.01678038084829461,false,true
0,18,-0.65,0.25,-0.008007509852339686,false,true
1,18,-0.6,0.25,-0.007873296737670898,false,true
2,18,-0.55,0.25,-0.006260064752434958,false,true
3,18,-0.5,0.25,-0.005933403968811035,true,false
4,18,-0.45,0.25,-0.0008089542388916016,true,false
5,18,-0.4,0.25,0.0015306472778320312,true,false
6,18,-0.35,0.25,0.002351224422454834,true,false
7,18,-0.3,0.25,0.004014909267425537,true,false
8,18,-0.25,0.25,0.004590094089508057,true,false
9,18,-0.2,0.25,0.005041778087615967,true,false
10,18,-0.15000000000000002,0.25,0.005487263202667236,true,false
11,18,-0.09999999999999998,0.25,0.006204545497894287,true,false
12,18,-0.04999999999999993,0.25,0.0066797733306884766,true,false
13,18,0.0,0.25,0.00829857587814331,true,false
14,18,0.050000000000000044,0.25,0.00834667682647705,true,false
15,18,0.09999999999999998,0.25,0.008689463138580322,true,false
16,18,0.15000000000000002,0.25,0.01006859540939331,true,false
17,18,0.20000000000000007,0.25,0.010796546936035156,true,false
18,18,0.25,0.25,0.01409006118774414,true,false
19,18,0.30000000000000004,0.25,0.018719077110290527,true,false
20,18,0.35,0.25,0.014825940132141113,true,false
21,18,0.4,0.25,0.01556551456451416,true,false
22,18,0.45000000000000007,0.25,0.01614433526992798,true,false
23,18,0.5000000000000001,0.25,0.016493916511535645,true,false
24,18,0.5500000000000002,0.25,0.01835036277770996,true,false
25,18,0.6,0.25,0.018093401474492832,false,true
26,18,0.65,0.25,0.017936445508699213,false,true
0,19,-0.65,0.30000000000000004,-0.004371851682662964,false,true
1,19,-0.6,0.30000000000000004,-0.004343376576692628,false,true
2,19,-0.55,0.30000000000000004,-0.004252247727994472,false,true
3,19,-0.5,0.30000000000000004,-0.0040517449378967285,true,false
4,19,-0.45,0.30000000000000004,0.000942230224609375,true,false
5,19,-0.4,0.30000000000000004,0.002191483974456787,true,false
6,19,-0.35,0.30000000000000004,0.004100978374481201,true,false
7,19,-0.3,0.30000000000000004,0.0058449506759643555,true,false
8,19,-0.25,0.30000000000000004,0.006513833999633789,true,false
9,19,-0.2,0.30000000000000004,0.006989717483520508,true,false
10,19,-0.15000000000000002,0.30000000000000004,0.007719755172729492,true,false
11,19,-0.09999999999999998,0.30000000000000004,0.008425474166870117,true,false
12,19,-0.04999999999999993,0.30000000000000004,0.009225904941558838,true,false
13,19,0.0,0.30000000000000004,0.010456979274749756,true,false
14,19,0.050000000000000044,0.30000000000000004,0.011797785758972168,true,false
15,19,0.09999999999999998,0.30000000000000004,0.0212172269821167,true,false
16,19,0.15000000000000002,0.30000000000000004,0.01917886734008789,true,false
17,19,0.20000000000000007,0.30000000000000004,0.00872945785522461,true,false
18,19,0.25,0.30000000000000004,0.012847483158111572,true,false
19,19,0.30000000000000004,0.30000000000000004,0.016281306743621826,true,false
20,19,0.35,0.30000000000000004,0.016370296478271484,true,false
21,19,0.4,0.30000000000000004,0.017298519611358643,true,false
22,19,0.45000000000000007,0.30000000000000004,0.01679903268814087,true,false
23,19,0.5000000000000001,0.30000000000000004,0.01693481206893921,true,false
24,19,0.5500000000000002,0.30000000000000004,0.01841217279434204,true,false
25,19,0.6,0.30000000000000004,0.018772431878056193,false,true
26,19,0.65,0.30000000000000004,0.018872287453284467,false,true
0,20,-0.65,0.35,-0.0010702229982366676,false,true
1,20,-0.6,0.35,-0.0008704066276550293,false,true
2,20,-0.55,0.35,-0.0024750242925961567,false,true
3,20,-0.5,0.35,-0.002854645252227783,true,false
4,20,-0.45,0.35,0.0027858614921569824,true,false
5,20,-0.4,0.35,0.0029402971267700195,true,false
6,20,-0.35,0.35,0.005903124809265137,true,false
7,20,-0.3,0.35,0.006903350353240967,true,false
8,20,-0.25,0.35,0.007432818412780762,true,false
9,20,-0.2,0.35,0.007882356643676758,true,false
10,20,-0.15000000000000002,0.35,0.008728504180908203,true,false
11,20,-0.09999999999999998,0.35,0.009053349494934082,true,false
12,20,-0.04999999999999993,0.35,0.009938299655914307,true,false
13,20,0.0,0.35,0.011026322841644287,true,false
14,20,0.050000000000000044,0.35,0.0212172269821167,true,false
15,20,0.09999999999999998,0.35,0.03061777353286743,true,false
16,20,0.15000000000000002,0.35,0.0212172269821167,true,false
17,20,0.20000000000000007,0.35,0.012397348880767822,true,false
18,20,0.25,0.35,0.014704763889312744,true,false
19,20,0.30000000000000004,0.35,0.016883671283721924,true,false
20,20,0.35,0.35,0.01838606595993042,true,false
21,20,0.4,0.35,0.01907360553741455,true,false
22,20,0.45000000000000007,0.35,0.018863558769226074,true,false
23,20,0.5000000000000001,0.35,0.018370091915130615,true,false
24,20,0.5500000000000002,0.35,0.019703984260559082,true,false
25,20,0.6,0.35,0.019792390540842492,false,true
26,20,0.65,0.35,0.019951651405473867,false,true
0,21,-0.65,0.4,-0.0012668145254451646,false,true
1,21,-0.6,0.4,-0.0013528060194973887,false,true
2,21,-0.55,0.4,-0.0008704066276550293,true,false
3,21,-0.5,0.4,-0.0026307106018066406,true,false
4,21,-0.45,0.4,0.003324151039123535,true,false
5,21,-0.4,0.4,0.003734588623046875,true,false
6,21,-0.35,0.4,0.007043778896331787,true,false
7,21,-0.3,0.4,0.007504940032958984,true,false
8,21,-0.25,0.4,0.007902741432189941,true,false
9,21,-0.2,0.4,0.008539378643035889,true,false
10,21,-0.15000000000000002,0.4,0.009366035461425781,true,false
11,21,-0.09999999999999998,0.4,0.009925365447998047,true,false
12,21,-0.04999999999999993,0.4,0.010717153549194336,true,false
13,21,0.0,0.4,0.011363327503204346,true,false
14,21,0.050000000000000044,0.4,0.016459226608276367,true,false
15,21,0.09999999999999998,0.4,0.026875853538513184,true,false
16,21,0.15000000000000002,0.4,0.0212172269821167,true,false
17,21,0.20000000000000007,0.4,0.014214754104614258,true,false
18,21,0.25,0.4,0.015394151210784912,true,false
19,21,0.30000000000000004,0.4,0.01738208532333374,true,false
20,21,0.35,0.4,0.019007205963134766,true,false
21,21,0.4,0.4,0.019842684268951416,true,false
22,21,0.45000000000000007,0.4,0.02001190185546875,true,false
23,21,0.5000000000000001,0.4,0.02081298828125,true,false
24,21,0.5500000000000002,0.4,0.0212976336479187,true,false
25,21,0.6,0.4,0.0213560998076085,false,true
26,21,0.65,0.4,0.021286238226562147,false,true
0,22,-0.65,0.45000000000000007,-0.0007774500095871679,false,true
1,22,-0.6,0.45000000000000007,-0.0015416120860979195,false,true
2,22,-0.55,0.45000000000000007,-0.0020350217819213867,true,false
3,22,-0.5,0.45000000000000007,-0.0005082488059997559,true,false
4,22,-0.45,0.45000000000000007,0.004117608070373535,true,false
5,22,-0.4,0.45000000000000007,0.005160152912139893,true,false
6,22,-0.35,0.45000000000000007,0.007615864276885986,true,false
7,22,-0.3,0.45000000000000007,0.008486926555633545,true,false
8,22,-0.25,0.45000000000000007,0.009071588516235352,true,false
9,22,-0.2,0.45000000000000007,0.00965946912765503,true,false
10,22,-0.15000000000000002,0.45000000000000007,0.009961545467376709,true,false
11,22,-0.09999999999999998,0.45000000000000007,0.010555863380432129,true,false
12,22,-0.04999999999999993,0.45000000000000007,0.01168280839920044,true,false
13,22,0.0,0.45000000000000007,0.012278497219085693,true,false
14,22,0.050000000000000044,0.45000000000000007,0.015337228775024414,true,false
15,22,0.09999999999999998,0.45000000000000007,0.0212172269821167,true,false
16,22,0.15000000000000002,0.45000000000000007,0.014227986335754395,true,false
17,22,0.20000000000000007,0.45000000000000007,0.015265822410583496,true,false
18,22,0.25,0.45000000000000007,0.01632457971572876,true,false
19,22,0.30000000000000004,0.45000000000000007,0.018430352210998535,true,false
20,22,0.35,0.45000000000000007,0.019572198390960693,true,false
21,22,0.4,0.45000000000000007,0.020330190658569336,true,false
22,22,0.45000000000000007,0.45000000000000007,0.02070385217666626,true,false
23,22,0.5000000000000001,0.45000000000000007,0.0212172269821167,true,false
24,22,0.5500000000000002,0.45000000000000007,0.023090898990631104,true,false
25,22,0.6,0.45000000000000007,0.02268128671687722,false,true
26,22,0.65,0.45000000000000007,0.022561397442599416,false,true
0,23,-0.65,0.5000000000000001,0.0005382299423217773,false,true
1,23,-0.6,0.5000000000000001,-0.0009820580589562677,false,true
2,23,-0.55,0.5000000000000001,-0.001515030860900879,true,false
3,23,-0.5,0.5000000000000001,0.0011944174766540527,true,false
4,23,-0.45,0.5000000000000001,0.005136668682098389,true,false
5,23,-0.4,0.5000000000000001,0.009388923645019531,true,false
6,23,-0.35,0.5000000000000001,0.009795725345611572,true,false
7,23,-0.3,0.5000000000000001,0.010924875736236572,true,false
8,23,-0.25,0.5000000000000001,0.01153874397277832,true,false
9,23,-0.2,0.5000000000000001,0.01145702600479126,true,false
10,23,-0.15000000000000002,0.5000000000000001,0.011369168758392334,true,false
11,23,-0.09999999999999998,0.5000000000000001,0.01183617115020752,true,false
12,23,-0.04999999999999993,0.5000000000000001,0.013096153736114502,true,false
13,23,0.0,0.5000000000000001,0.01602572202682495,true,false
14,23,0.050000000000000044,0.5000000000000001,0.021708548069000244,true,false
15,23,0.09999999999999998,0.5000000000000001,0.024657070636749268,true,false
16,23,0.15000000000000002,0.5000000000000001,0.017417311668395996,true,false
17,23,0.20000000000000007,0.5000000000000001,0.017931699752807617,true,false
18,23,0.25,0.5000000000000001,0.0212172269821167,true,false
19,23,0.30000000000000004,0.5000000000000001,0.0212172269821167,true,false
20,23,0.35,0.5000000000000001,0.019227802753448486,true,false
21,23,0.4,0.5000000000000001,0.0212172269821167,true,false
22,23,0.45000000000000007,0.5000000000000001,0.022858142852783203,true,false
23,23,0.5000000000000001,0.5000000000000001,0.024511754512786865,true,false
24,23,0.5500000000000002,0.5000000000000001,0.023485660552978516,true,false
25,23,0.6,0.5000000000000001,0.02359714603992359,false,true
26,23,0.65,0.5000000000000001,0.023587155568121854,false,true
0,24,-0.65,0.5500000000000002,0.0007789482017241525,false,true
1,24,-0.6,0.5500000000000002,0.0005382299423217773,true,false
2,24,-0.55,0.5500000000000002,-0.001325368881225586,true,false
3,24,-0.5,0.5500000000000002,0.003236830234527588,true,false
4,24,-0.45,0.5500000000000002,0.005728483200073242,true,false
5,24,-0.4,0.5500000000000002,0.009999215602874756,true,false
6,24,-0.35,0.5500000000000002,0.011039912700653076,true,false
7,24,-0.3,0.5500000000000002,0.01213836669921875,true,false
8,24,-0.25,0.5500000000000002,0.012739300727844238,true,false
9,24,-0.2,0.5500000000000002,0.013271331787109375,true,false
10,24,-0.15000000000000002,0.5500000000000002,0.013678312301635742,true,false
11,24,-0.09999999999999998,0.5500000000000002,0.014248669147491455,true,false
12,24,-0.04999999999999993,0.5500000000000002,0.01499485969543457,true,false
13,24,0.0,0.5500000000000002,0.01644378900527954,true,false
14,24,0.050000000000000044,0.5500000000000002,0.0212172269821167,true,false
15,24,0.09999999999999998,0.5500000000000002,0.0212172269821167,true,false
16,24,0.15000000000000002,0.5500000000000002,0.01804274320602417,true,false
17,24,0.20000000000000007,0.5500000000000002,0.02001655101776123,true,false
18,24,0.25,0.5500000000000002,0.02715975046157837,true,false
19,24,0.30000000000000004,0.5500000000000002,0.0212172269821167,true,false
20,24,0.35,0.5500000000000002,0.0212172269821167,true,false
21,24,0.4,0.5500000000000002,0.022330641746520996,true,false
22,24,0.45000000000000007,0.5500000000000002,0.023343563079833984,true,false
23,24,0.5000000000000001,0.5500000000000002,0.024806618690490723,true,false
24,24,0.5500000000000002,0.5500000000000002,0.024261057376861572,true,false
25,24,0.6,0.5500000000000002,0.024478895758649963,false,true
26,24,0.65,0.5500000000000002,0.0266310880567347,false,true
0,25,-0.65,0.6,0.0006149845792080003,false,true
1,25,-0.6,0.6,0.001119375228881836,true,false
2,25,-0.55,0.6,-0.0006231069564819336,true,false
3,25,-0.5,0.6,0.005785763263702393,true,false
4,25,-0.45,0.6,0.007438063621520996,true,false
5,25,-0.4,0.6,0.012240827083587646,true,false
6,25,-0.35,0.6,0.011730194091796875,true,false
7,25,-0.3,0.6,0.012686431407928467,true,false
8,25,-0.25,0.6,0.01325923204421997,true,false
9,25,-0.2,0.6,0.013773798942565918,true,false
10,25,-0.15000000000000002,0.6,0.014650285243988037,true,false
11,25,-0.09999999999999998,0.6,0.015413343906402588,true,false
12,25,-0.04999999999999993,0.6,0.016242563724517822,true,false
13,25,0.0,0.6,0.01690852642059326,true,false
14,25,0.050000000000000044,0.6,0.017704248428344727,true,false
15,25,0.09999999999999998,0.6,0.01819634437561035,true,false
16,25,0.15000000000000002,0.6,0.018711626529693604,true,false
17,25,0.20000000000000007,0.6,0.018958330154418945,true,false
18,25,0.25,0.6,0.0212172269821167,true,false
19,25,0.30000000000000004,0.6,0.0212172269821167,true,false
20,25,0.35,0.6,0.02195572853088379,true,false
21,25,0.4,0.6,0.02322596311569214,true,false
22,25,0.45000000000000007,0.6,0.024334073066711426,true,false
23,25,0.5000000000000001,0.6,0.025645136833190918,true,false
24,25,0.5500000000000002,0.6,0.025780200958251953,true,false
25,25,0.6,0.6,0.027037537518139865,false,true
26,25,0.65,0.6,0.030641198158264164,false,true
0,26,-0.65,0.65,0.0016865462784984486,false,true
1,26,-0.6,0.65,-2.1576881408691406e-05,true,false
2,26,-0.55,0.65,7.641315460205078e-05,true,false
3,26,-0.5,0.65,0.006466269493103027,true,false
4,26,-0.45,0.65,0.009292066097259521,true,false
5,26,-0.4,0.65,0.012456893920898438,true,false
6,26,-0.35,0.65,0.012556135654449463,true,false
7,26,-0.3,0.65,0.012991845607757568,true,false
8,26,-0.25,0.65,0.013462185859680176,true,false
9,26,-0.2,0.65,0.01417684555053711,true,false
10,26,-0.15000000000000002,0.65,0.014803767204284668,true,false
11,26,-0.09999999999999998,0.65,0.015608668327331543,true,false
12,26,-0.04999999999999993,0.65,0.01644611358642578,true,false
13,26,0.0,0.65,0.01712644100189209,true,false
14,26,0.050000000000000044,0.65,0.01785421371459961,true,false
15,26,0.09999999999999998,0.65,0.018542885780334473,true,false
16,26,0.15000000000000002,0.65,0.01962137222290039,true,false
17,26,0.20000000000000007,0.65,0.02110886573791504,true,false
18,26,0.25,0.65,0.0212172269821167,true,false
19,26,0.30000000000000004,0.65,0.022469401359558105,true,false
20,26,0.35,0.65,0.023277640342712402,true,false
21,26,0.4,0.65,0.02377086877822876,true,false
22,26,0.45000000000000007,0.65,0.02457904815673828,true,false
23,26,0.5000000000000001,0.65,0.026301443576812744,true,false
24,26,0.5500000000000002,0.65,0.026495814323425293,true,false
25,26,0.6,0.65,0.03064119815826416,true,false
26,26,0.65,0.65,0.030554687719192782,false,true
0,27,-0.65,0.7000000000000001,0.004540529730627341,false,true
1,27,-0.6,0.7000000000000001,0.004669368267059326,true,false
2,27,-0.55,0.7000000000000001,0.003341853618621826,true,false
3,27,-0.5,0.7000000000000001,0.00695192813873291,true,false
4,27,-0.45,0.7000000000000001,0.009888529777526855,true,false
5,27,-0.4,0.7000000000000001,0.012233614921569824,true,false
6,27,-0.35,0.7000000000000001,0.01270979642868042,true,false
7,27,-0.3,0.7000000000000001,0.013781726360321045,true,false
8,27,-0.25,0.7000000000000001,0.01432579755783081,true,false
9,27,-0.2,0.7000000000000001,0.014428496360778809,true,false
10,27,-0.15000000000000002,0.7000000000000001,0.014826595783233643,true,false
11,27,-0.09999999999999998,0.7000000000000001,0.01572585105895996,true,false
12,27,-0.04999999999999993,0.7000000000000001,0.016478419303894043,true,false
13,27,0.0,0.7000000000000001,0.017516374588012695,true,false
14,27,0.050000000000000044,0.7000000000000001,0.01810765266418457,true,false
15,27,0.09999999999999998,0.7000000000000001,0.01906353235244751,true,false
16,27,0.15000000000000002,0.7000000000000001,0.020419180393218994,true,false
17,27,0.20000000000000007,0.7000000000000001,0.0212172269821167,true,false
18,27,0.25,0.7000000000000001,0.022295594215393066,true,false
19,27,0.30000000000000004,0.7000000000000001,0.02342778444290161,true,false
20,27,0.35,0.7000000000000001,0.024110078811645508,true,false
21,27,0.4,0.7000000000000001,0.024968862533569336,true,false
22,27,0.45000000000000007,0.7000000000000001,0.025014281272888184,true,false
23,27,0.5000000000000001,0.7000000000000001,0.025995492935180664,true,false
24,27,0.5500000000000002,0.7000000000000001,0.027551233768463135,true,false
25,27,0.6,0.7000000000000001,0.03043234348297119,true,false
26,27,0.65,0.7000000000000001,0.030486043664280787,false,true
0,28,-0.65,0.7500000000000001,0.010189351058569896,false,true
1,28,-0.6,0.7500000000000001,0.008920431137084961,true,false
2,28,-0.55,0.7500000000000001,0.004646778106689453,true,false
3,28,-0.5,0.7500000000000001,0.007602274417877197,true,false
4,28,-0.45,0.7500000000000001,0.010160446166992188,true,false
5,28,-0.4,0.7500000000000001,0.011606037616729736,true,false
6,28,-0.35,0.7500000000000001,0.014212965965270996,true,false
7,28,-0.3,0.7500000000000001,0.015433967113494873,true,false
8,28,-0.25,0.7500000000000001,0.015597343444824219,true,false
9,28,-0.2,0.7500000000000001,0.01611381769180298,true,false
10,28,-0.15000000000000002,0.7500000000000001,0.016326844692230225,true,false
11,28,-0.09999999999999998,0.7500000000000001,0.017075538635253906,true,false
12,28,-0.04999999999999993,0.7500000000000001,0.017893493175506592,true,false
13,28,0.0,0.7500000000000001,0.02053278684616089,true,false
14,28,0.050000000000000044,0.7500000000000001,0.021563291549682617,true,false
15,28,0.09999999999999998,0.7500000000000001,0.02114182710647583,true,false
16,28,0.15000000000000002,0.7500000000000001,0.0212172269821167,true,false
17,28,0.20000000000000007,0.7500000000000001,0.02755647897720337,true,false
18,28,0.25,0.7500000000000001,0.024282336235046387,true,false
19,28,0.30000000000000004,0.7500000000000001,0.024050354957580566,true,false
20,28,0.35,0.7500000000000001,0.024619758129119873,true,false
21,28,0.4,0.7500000000000001,0.02552652359008789,true,false
22,28,0.45000000000000007,0.7500000000000001,0.025855064392089844,true,false
23,28,0.5000000000000001,0.7500000000000001,0.026462554931640625,true,false
24,28,0.5500000000000002,0.7500000000000001,0.02815932035446167,true,false
25,28,0.6,0.7500000000000001,0.030406832695007324,true,false
26,28,0.65,0.7500000000000001,0.030285745420116778,false,true
0,29,-0.65,0.8000000000000002,0.013948485954815154,false,true
1,29,-0.6,0.8000000000000002,0.017503857612609863,true,false
2,29,-0.55,0.8000000000000002,0.011613190174102783,true,false
3,29,-0.5,0.8000000000000002,0.013534486293792725,true,false
4,29,-0.45,0.8000000000000002,0.014652609825134277,true,false
5,29,-0.4,0.8000000000000002,0.015003085136413574,true,false
6,29,-0.35,0.8000000000000002,0.015711605548858643,true,false
7,29,-0.3,0.8000000000000002,0.016745805740356445,true,false
8,29,-0.25,0.8000000000000002,0.017036914825439453,true,false
9,29,-0.2,0.8000000000000002,0.017641127109527588,true,false
10,29,-0.15000000000000002,0.8000000000000002,0.017872929573059082,true,false
11,29,-0.09999999999999998,0.8000000000000002,0.018516719341278076,true,false
12,29,-0.04999999999999993,0.8000000000000002,0.01933234930038452,true,false
13,29,0.0,0.8000000000000002,0.02036494016647339,true,false
14,29,0.050000000000000044,0.8000000000000002,0.0212172269821167,true,false
15,29,0.09999999999999998,0.8000000000000002,0.02279740571975708,true,false
16,29,0.15000000000000002,0.8000000000000002,0.02693277597427368,true,false
17,29,0.20000000000000007,0.8000000000000002,0.03943377733230591,true,false
18,29,0.25,0.8000000000000002,0.033630311489105225,true,false
19,29,0.30000000000000004,0.8000000000000002,0.02498072385787964,true,false
20,29,0.35,0.8000000000000002,0.026228725910186768,true,false
21,29,0.4,0.8000000000000002,0.02709376811981201,true,false
22,29,0.45000000000000007,0.8000000000000002,0.027261197566986084,true,false
23,29,0.5000000000000001,0.8000000000000002,0.027537941932678223,true,false
24,29,0.5500000000000002,0.8000000000000002,0.029651641845703125,true,false
25,29,0.6,0.8000000000000002,0.029967904090881348,true,false
26,29,0.65,0.8000000000000002,0.030149714271623818,false,true
0,30,-0.65,0.85,0.017503857612609863,false,true
1,30,-0.6,0.85,0.016502064314707045,false,true
2,30,-0.55,0.85,0.017840027809143066,true,false
3,30,-0.5,0.85,0.016837477684020996,true,false
4,30,-0.45,0.85,0.016647040843963623,true,false
5,30,-0.4,0.85,0.016853630542755127,true,false
6,30,-0.35,0.85,0.017582476139068604,true,false
7,30,-0.3,0.85,0.017634987831115723,true,false
8,30,-0.25,0.85,0.017600834369659424,true,false
9,30,-0.2,0.85,0.018350601196289062,true,false
10,30,-0.15000000000000002,0.85,0.018623709678649902,true,false
11,30,-0.09999999999999998,0.85,0.01918429136276245,true,false
12,30,-0.04999999999999993,0.85,0.020288944244384766,true,false
13,30,0.0,0.85,0.021097004413604736,true,false
14,30,0.050000000000000044,0.85,0.021228313446044922,true,false
15,30,0.09999999999999998,0.85,0.023013830184936523,true,false
16,30,0.15000000000000002,0.85,0.025948405265808105,true,false
17,30,0.20000000000000007,0.85,0.03911948204040527,true,false
18,30,0.25,0.85,0.032868027687072754,true,false
19,30,0.30000000000000004,0.85,0.026529669761657715,true,false
20,30,0.35,0.85,0.027106165885925293,true,false
21,30,0.4,0.85,0.027766525745391846,true,false
22,30,0.45000000000000007,0.85,0.028096914291381836,true,false
23,30,0.5000000000000001,0.85,0.028611302375793457,true,false
24,30,0.5500000000000002,0.85,0.029257237911224365,true,false
25,30,0.6,0.85,0.029629594102576748,false,true
26,30,0.65,0.85,0.029967904090881348,false,true
0,31,-0.65,0.9,0.018409546692966156,false,true
1,31,-0.6,0.9,0.01843641593110043,false,true
2,31,-0.55,0.9,0.018082022666931152,true,false
3,31,-0.5,0.9,0.018141865730285645,true,false
4,31,-0.45,0.9,0.017882466316223145,true,false
5,31,-0.4,0.9,0.018172502517700195,true,false
6,31,-0.35,0.9,0.01839393377304077,true,false
7,31,-0.3,0.9,0.01890122890472412,true,false
8,31,-0.25,0.9,0.01879560947418213,true,false
9,31,-0.2,0.9,0.01945549249649048,true,false
10,31,-0.15000000000000002,0.9,0.01976996660232544,true,false
11,31,-0.09999999999999998,0.9,0.02120649814605713,true,false
12,31,-0.04999999999999993,0.9,0.0215604305267334,true,false
13,31,0.0,0.9,0.022314608097076416,true,false
14,31,0.050000000000000044,0.9,0.022795677185058594,true,false
15,31,0.09999999999999998,0.9,0.023769795894622803,true,false
16,31,0.15000000000000002,0.9,0.024656832218170166,true,false
17,31,0.20000000000000007,0.9,0.03190648555755615,true,false
18,31,0.25,0.9,0.02696359157562256,true,false
19,31,0.30000000000000004,0.9,0.026750802993774414,true,false
20,31,0.35,0.9,0.02747410535812378,true,false
21,31,0.4,0.9,0.028009116649627686,true,false
22,31,0.45000000000000007,0.9,0.028680086135864258,true,false
23,31,0.5000000000000001,0.9,0.029222428798675537,true,false
24,31,0.5500000000000002,0.9,0.02965569496154785,true,false
25,31,0.6,0.9,0.029600947312462395,false,true
26,31,0.65,0.9,0.02983376929782486,false,true
0,32,-0.65,0.9500000000000001,0.019796252250671387,false,true
1,32,-0.6,0.9500000000000001,0.019598770204253334,false,true
2,32,-0.55,0.9500000000000001,0.019533991813659668,true,false
3,32,-0.5,0.9500000000000001,0.01837337017059326,true,false
4,32,-0.45,0.9500000000000001,0.018844962120056152,true,false
5,32,-0.4,0.9500000000000001,0.0188601016998291,true,false
6,32,-0.35,0.9500000000000001,0.01898038387298584,true,false
7,32,-0.3,0.9500000000000001,0.019442319869995117,true,false
8,32,-0.25,0.9500000000000001,0.019261419773101807,true,false
9,32,-0.2,0.9500000000000001,0.020317256450653076,true,false
10,32,-0.15000000000000002,0.9500000000000001,0.020846664905548096,true,false
11,32,-0.09999999999999998,0.9500000000000001,0.021219193935394287,true,false
12,32,-0.04999999999999993,0.9500000000000001,0.022237300872802734,true,false
13,32,0.0,0.9500000000000001,0.022632181644439697,true,false
14,32,0.050000000000000044,0.9500000000000001,0.023416996002197266,true,false
15,32,0.09999999999999998,0.9500000000000001,0.024453043937683105,true,false
16,32,0.15000000000000002,0.9500000000000001,0.025171995162963867,true,false
17,32,0.20000000000000007,0.9500000000000001,0.02585005760192871,true,false
18,32,0.25,0.9500000000000001,0.026882469654083252,true,false
19,32,0.30000000000000004,0.9500000000000001,0.027609527111053467,true,false
20,32,0.35,0.9500000000000001,0.02833378314971924,true,false
21,32,0.4,0.9500000000000001,0.029099702835083008,true,false
22,32,0.45000000000000007,0.9500000000000001,0.029398977756500244,true,false
23,32,0.5000000000000001,0.9500000000000001,0.029956161975860596,true,false
24,32,0.5500000000000002,0.9500000000000001,0.029867231845855713,true,false
25,32,0.6,0.9500000000000001,0.030177509258864612,false,true
26,32,0.65,0.9500000000000001,0.030236484784239147,false,true
0,33,-0.65,1.0,0.0203848392562255,false,true
1,33,-0.6,1.0,0.019796252250671387,true,false
2,33,-0.55,1.0,0.020927846431732178,true,false
3,33,-0.5,1.0,0.01935124397277832,true,false
4,33,-0.45,1.0,0.01924312114715576,true,false
5,33,-0.4,1.0,0.019552528858184814,true,false
6,33,-0.35,1.0,0.019050419330596924,true,false
7,33,-0.3,1.0,0.0199282169342041,true,false
8,33,-0.25,1.0,0.0211789608001709,true,false
9,33,-0.2,1.0,0.0212172269821167,true,false
10,33,-0.15000000000000002,1.0,0.021471858024597168,true,false
11,33,-0.09999999999999998,1.0,0.022508680820465088,true,false
12,33,-0.04999999999999993,1.0,0.022883355617523193,true,false
13,33,0.0,1.0,0.02328801155090332,true,false
14,33,0.050000000000000044,1.0,0.024297356605529785,true,false
15,33,0.09999999999999998,1.0,0.024869799613952637,true,false
16,33,0.15000000000000002,1.0,0.025939345359802246,true,false
17,33,0.20000000000000007,1.0,0.02587181329727173,true,false
18,33,0.25,1.0,0.026916146278381348,true,false
19,33,0.30000000000000004,1.0,0.027910709381103516,true,false
20,33,0.35,1.0,0.02913355827331543,true,false
21,33,0.4,1.0,0.029902100563049316,true,false
22,33,0.45000000000000007,1.0,0.03012681007385254,true,false
23,33,0.5000000000000001,1.0,0.03057962656021118,true,false
24,33,0.5500000000000002,1.0,0.031138122081756592,true,false
25,33,0.6,1.0,0.030955426243848637,false,true
26,33,0.65,1.0,0.030894871089805865,false,true
0,34,-0.65,1.0500000000000003,0.020628639976562585,false,true
1,34,-0.6,1.0500000000000003,0.0212172269821167,true,false
2,34,-0.55,1.0500000000000003,0.0212172269821167,true,false
3,34,-0.5,1.0500000000000003,0.021096765995025635,true,false
4,34,-0.45,1.0500000000000003,0.02015864849090576,true,false
5,34,-0.4,1.0500000000000003,0.019962608814239502,true,false
6,34,-0.35,1.0500000000000003,0.019748032093048096,true,false
7,34,-0.3,1.0500000000000003,0.02033621072769165,true,false
8,34,-0.25,1.0500000000000003,0.0212172269821167,true,false
9,34,-0.2,1.0500000000000003,0.022151827812194824,true,false
10,34,-0.15000000000000002,1.0500000000000003,0.022707641124725342,true,false
11,34,-0.09999999999999998,1.0500000000000003,0.02329111099243164,true,false
12,34,-0.04999999999999993,1.0500000000000003,0.02365630865097046,true,false
13,34,0.0,1.0500000000000003,0.02429497241973877,true,false
14,34,0.050000000000000044,1.0500000000000003,0.026768207550048828,true,false
15,34,0.09999999999999998,1.0500000000000003,0.04783952236175537,true,false
16,34,0.15000000000000002,1.0500000000000003,0.03490668535232544,true,false
17,34,0.20000000000000007,1.0500000000000003,0.02829200029373169,true,false
18,34,0.25,1.0500000000000003,0.028744757175445557,true,false
19,34,0.30000000000000004,1.0500000000000003,0.029954195022583008,true,false
20,34,0.35,1.0500000000000003,0.030708670616149902,true,false
21,34,0.4,1.0500000000000003,0.03161919116973877,true,false
22,34,0.45000000000000007,1.0500000000000003,0.03161412477493286,true,false
23,34,0.5000000000000001,1.0500000000000003,0.03248155117034912,true,false
24,34,0.5500000000000002,1.0500000000000003,0.03178524971008301,true,false
25,34,0.6,1.0500000000000003,0.03152659500062823,false,true
26,34,0.65,1.0500000000000003,0.03146808391104412,false,true
0,35,-0.65,1.1,0.023914486169815063,false,true
1,35,-0.6,1.1,0.023063352589274246,false,true
2,35,-0.55,1.1,0.021495521068572998,true,false
3,35,-0.5,1.1,0.02129065990447998,true,false
4,35,-0.45,1.1,0.0212172269821167,true,false
5,35,-0.4,1.1,0.0212172269821167,true,false
6,35,-0.35,1.1,0.020514070987701416,true,false
7,35,-0.3,1.1,0.0212172269821167,true,false
8,35,-0.25,1.1,0.021350622177124023,true,false
9,35,-0.2,1.1,0.021908700466156006,true,false
10,35,-0.15000000000000002,1.1,0.02239370346069336,true,false
11,35,-0.09999999999999998,1.1,0.023321807384490967,true,false
12,35,-0.04999999999999993,1.1,0.02400106191635132,true,false
13,35,0.0,1.1,0.02470099925994873,true,false
14,35,0.050000000000000044,1.1,0.03635585308074951,true,false
15,35,0.09999999999999998,1.1,0.0397147536277771,true,false
16,35,0.15000000000000002,1.1,0.027310967445373535,true,false
17,35,0.20000000000000007,1.1,0.028454303741455078,true,false
18,35,0.25,1.1,0.02902299165725708,true,false
19,35,0.30000000000000004,1.1,0.029925048351287842,true,false
20,35,0.35,1.1,0.031100571155548096,true,false
21,35,0.4,1.1,0.03170865774154663,true,false
22,35,0.45000000000000007,1.1,0.03179746866226196,true,false
23,35,0.5000000000000001,1.1,0.031959712505340576,true,false
24,35,0.5500000000000002,1.1,0.031549274921417236,true,false
25,35,0.6,1.1,0.03189799440180056,false,true
26,35,0.65,1.1,0.031957307905456554,false,true
0,36,-0.65,1.15,0.026399641709664627,false,true
1,36,-0.6,1.15,0.026611745357513428,true,false
2,36,-0.55,1.15,0.02471935749053955,true,false
3,36,-0.5,1.15,0.023441970348358154,true,false
4,36,-0.45,1.15,0.022876977920532227,true,false
5,36,-0.4,1.15,0.0212172269821167,true,false
6,36,-0.35,1.15,0.0212172269821167,true,false
7,36,-0.3,1.15,0.021414518356323242,true,false
8,36,-0.25,1.15,0.02252805233001709,true,false
9,36,-0.2,1.15,0.023092031478881836,true,false
10,36,-0.15000000000000002,1.15,0.023319482803344727,true,false
11,36,-0.09999999999999998,1.15,0.024146974086761475,true,false
12,36,-0.04999999999999993,1.15,0.02487766742706299,true,false
13,36,0.0,1.15,0.025508999824523926,true,false
14,36,0.050000000000000044,1.15,0.03628277778625488,true,false
15,36,0.09999999999999998,1.15,0.03453022241592407,true,false
16,36,0.15000000000000002,1.15,0.026973247528076172,true,false
17,36,0.20000000000000007,1.15,0.028471052646636963,true,false
18,36,0.25,1.15,0.02935636043548584,true,false
19,36,0.30000000000000004,1.15,0.030415892601013184,true,false
20,36,0.35,1.15,0.03134089708328247,true,false
21,36,0.4,1.15,0.03220248222351074,true,false
22,36,0.45000000000000007,1.15,0.03193986415863037,true,false
23,36,0.5000000000000001,1.15,0.032501220703125,true,false
24,36,0.5500000000000002,1.15,0.03250390291213989,true,false
25,36,0.6,1.15,0.03247190277158707,false,true
26,36,0.65,1.15,0.03256879283148594,false,true
0,37,-0.65,1.2000000000000002,0.02596872404254803,false,true
1,37,-0.6,1.2000000000000002,0.026099681854248047,true,false
2,37,-0.55,1.2000000000000002,0.02530813217163086,true,false
3,37,-0.5,1.2000000000000002,0.024732649326324463,true,false
4,37,-0.45,1.2000000000000002,0.023971974849700928,true,false
5,37,-0.4,1.2000000000000002,0.022068142890930176,true,false
6,37,-0.35,1.2000000000000002,0.02254730463027954,true,false
7,37,-0.3,1.2000000000000002,0.02274143695831299,true,false
8,37,-0.25,1.2000000000000002,0.023237645626068115,true,false
9,37,-0.2,1.2000000000000002,0.023909270763397217,true,false
10,37,-0.15000000000000002,1.2000000000000002,0.02425694465637207,true,false
11,37,-0.09999999999999998,1.2000000000000002,0.024958670139312744,true,false
12,37,-0.04999999999999993,1.2000000000000002,0.02596944570541382,true,false
13,37,0.0,1.2000000000000002,0.02601444721221924,true,false
14,37,0.050000000000000044,1.2000000000000002,0.03162050247192383,true,false
15,37,0.09999999999999998,1.2000000000000002,0.03040093183517456,true,false
16,37,0.15000000000000002,1.2000000000000002,0.02837461233139038,true,false
17,37,0.20000000000000007,1.2000000000000002,0.029429256916046143,true,false
18,37,0.25,1.2000000000000002,0.030465006828308105,true,false
19,37,0.30000000000000004,1.2000000000000002,0.031427979469299316,true,false
20,37,0.35,1.2000000000000002,0.032083988189697266,true,false
21,37,0.4,1.2000000000000002,0.03283149003982544,true,false
22,37,0.45000000000000007,1.2000000000000002,0.032948315143585205,true,false
23,37,0.5000000000000001,1.2000000000000002,0.03320324420928955,true,false
24,37,0.5500000000000002,1.2000000000000002,0.03334927558898926,true,false
25,37,0.6,1.2000000000000002,0.03337661449793946,false,true
26,37,0.65,1.2000000000000002,0.033376152557131424,false,true
0,38,-0.65,1.25,0.025133609771728516,true,false
1,38,-0.6,1.25,0.02632153034210205,true,false
2,38,-0.55,1.25,0.02518630027770996,true,false
3,38,-0.5,1.25,0.02535092830657959,true,false
4,38,-0.45,1.25,0.02486419677734375,true,false
5,38,-0.4,1.25,0.02311718463897705,true,false
6,38,-0.35,1.25,0.023246824741363525,true,false
7,38,-0.3,1.25,0.02349376678466797,true,false
8,38,-0.25,1.25,0.02383488416671753,true,false
9,38,-0.2,1.25,0.024598419666290283,true,false
10,38,-0.15000000000000002,1.25,0.024890661239624023,true,false
11,38,-0.09999999999999998,1.25,0.02522832155227661,true,false
12,38,-0.04999999999999993,1.25,0.026295125484466553,true,false
13,38,0.0,1.25,0.027063608169555664,true,false
14,38,0.050000000000000044,1.25,0.027198433876037598,true,false
15,38,0.09999999999999998,1.25,0.02687859535217285,true,false
16,38,0.15000000000000002,1.25,0.026077747344970703,true,false
17,38,0.20000000000000007,1.25,0.030144155025482178,true,false
18,38,0.25,1.25,0.03119945526123047,true,false
19,38,0.30000000000000004,1.25,0.0320584774017334,true,false
20,38,0.35,1.25,0.03294169902801514,true,false
21,38,0.4,1.25,0.032105445861816406,true,false
22,38,0.45000000000000007,1.25,0.03256487846374512,true,false
23,38,0.5000000000000001,1.25,0.03349483013153076,true,false
24,38,0.5500000000000002,1.25,0.034287989139556885,true,false
25,38,0.6,1.25,0.03427974905972005,false,true
26,38,0.65,1.25,0.03429454426186975,false,true
0,39,-0.65,1.3000000000000003,0.026439941842636358,false,true
1,39,-0.6,1.3000000000000003,0.02649557590484619,true,false
2,39,-0.55,1.3000000000000003,0.02609705924987793,true,false
3,39,-0.5,1.3000000000000003,0.02673196792602539,true,false
4,39,-0.45,1.3000000000000003,0.02614802122116089,true,false
5,39,-0.4,1.3000000000000003,0.02421271800994873,true,false
6,39,-0.35,1.3000000000000003,0.02417886257171631,true,false
7,39,-0.3,1.3000000000000003,0.024560213088989258,true,false
8,39,-0.25,1.3000000000000003,0.025255978107452393,true,false
9,39,-0.2,1.3000000000000003,0.025397956371307373,true,false
10,39,-0.15000000000000002,1.3000000000000003,0.025461971759796143,true,false
11,39,-0.09999999999999998,1.3000000000000003,0.025954008102416992,true,false
12,39,-0.04999999999999993,1.3000000000000003,0.0262831449508667,true,false
13,39,0.0,1.3000000000000003,0.027061104774475098,true,false
14,39,0.050000000000000044,1.3000000000000003,0.02777838706970215,true,false
15,39,0.09999999999999998,1.3000000000000003,0.02732837200164795,true,false
16,39,0.15000000000000002,1.3000000000000003,0.03623640537261963,true,false
17,39,0.20000000000000007,1.3000000000000003,0.030878722667694092,true,false
18,39,0.25,1.3000000000000003,0.03193974494934082,true,false
19,39,0.30000000000000004,1.3000000000000003,0.032718002796173096,true,false
20,39,0.35,1.3000000000000003,0.03365296125411987,true,false
21,39,0.4,1.3000000000000003,0.03389084339141846,true,false
22,39,0.45000000000000007,1.3000000000000003,0.033409178256988525,true,false
23,39,0.5000000000000001,1.3000000000000003,0.03245168924331665,true,false
24,39,0.5500000000000002,1.3000000000000003,0.03519856929779053,true,false
25,39,0.6,1.3000000000000003,0.0352333976013382,false,true
26,39,0.65,1.3000000000000003,0.037442439625687954,false,true
0,40,-0.65,1.35,0.027937239923325658,false,true
1,40,-0.6,1.35,0.028327107429504395,true,false
2,40,-0.55,1.35,0.029684782028198242,true,false
3,40,-0.5,1.35,0.029211997985839844,true,false
4,40,-0.45,1.35,0.0280303955078125,true,false
5,40,-0.4,1.35,0.025819361209869385,true,false
6,40,-0.35,1.35,0.025511503219604492,true,false
7,40,-0.3,1.35,0.025455117225646973,true,false
8,40,-0.25,1.35,0.025972187519073486,true,false
9,40,-0.2,1.35,0.026285648345947266,true,false
10,40,-0.15000000000000002,1.35,0.026310324668884277,true,false
11,40,-0.09999999999999998,1.35,0.026736021041870117,true,false
12,40,-0.04999999999999993,1.35,0.02729707956314087,true,false
13,40,0.0,1.35,0.027591049671173096,true,false
14,40,0.050000000000000044,1.35,0.028062760829925537,true,false
15,40,0.09999999999999998,1.35,0.02864140272140503,true,false
16,40,0.15000000000000002,1.35,0.05121725797653198,true,false
17,40,0.20000000000000007,1.35,0.031596839427948,true,false
18,40,0.25,1.35,0.03245103359222412,true,false
19,40,0.30000000000000004,1.35,0.033780574798583984,true,false
20,40,0.35,1.35,0.03450495004653931,true,false
21,40,0.4,1.35,0.03497868776321411,true,false
22,40,0.45000000000000007,1.35,0.034779250621795654,true,false
23,40,0.5000000000000001,1.35,0.034324705600738525,true,false
24,40,0.5500000000000002,1.35,0.036228060722351074,true,false
25,40,0.6,1.35,0.03785458238133782,false,true
26,40,0.65,1.35,0.041596412658691406,false,true
0,41,-0.65,1.4000000000000004,0.02849717669052924,false,true
1,41,-0.6,1.4000000000000004,0.028827548027038574,true,false
2,41,-0.55,1.4000000000000004,0.02797079086303711,true,false
3,41,-0.5,1.4000000000000004,0.02887892723083496,true,false
4,41,-0.45,1.4000000000000004,0.02584773302078247,true,false
5,41,-0.4,1.4000000000000004,0.024143457412719727,true,false
6,41,-0.35,1.4000000000000004,0.024792909622192383,true,false
7,41,-0.3,1.4000000000000004,0.025516927242279053,true,false
8,41,-0.25,1.4000000000000004,0.02633446455001831,true,false
9,41,-0.2,1.4000000000000004,0.026872634887695312,true,false
10,41,-0.15000000000000002,1.4000000000000004,0.026959717273712158,true,false
11,41,-0.09999999999999998,1.4000000000000004,0.027554214000701904,true,false
12,41,-0.04999999999999993,1.4000000000000004,0.027896523475646973,true,false
13,41,0.0,1.4000000000000004,0.02844536304473877,true,false
14,41,0.050000000000000044,1.4000000000000004,0.02920210361480713,true,false
15,41,0.09999999999999998,1.4000000000000004,0.030056238174438477,true,false
16,41,0.15000000000000002,1.4000000000000004,0.05121725797653198,true,false
17,41,0.20000000000000007,1.4000000000000004,0.05281412601470947,true,false
18,41,0.25,1.4000000000000004,0.3138439655303955,true,false
19,41,0.30000000000000004,1.4000000000000004,0.03368330001831055,true,false
20,41,0.35,1.4000000000000004,0.034947991371154785,true,false
21,41,0.4,1.4000000000000004,0.03581720590591431,true,false
22,41,0.45000000000000007,1.4000000000000004,0.03591799736022949,true,false
23,41,0.5000000000000001,1.4000000000000004,0.03600621223449707,true,false
24,41,0.5500000000000002,1.4000000000000004,0.037519097328186035,true,false
25,41,0.6,1.4000000000000004,0.041596412658691406,true,false
26,41,0.65,1.4000000000000004,0.04230904980725754,false,true
0,42,-0.65,1.4500000000000002,0.0289302201134021,false,true
1,42,-0.6,1.4500000000000002,0.02820003032684326,true,false
2,42,-0.55,1.4500000000000002,0.028220415115356445,true,false
3,42,-0.5,1.4500000000000002,0.027473270893096924,true,false
4,42,-0.45,1.4500000000000002,0.02487891912460327,true,false
5,42,-0.4,1.4500000000000002,0.025105178356170654,true,false
6,42,-0.35,1.4500000000000002,0.025216519832611084,true,false
7,42,-0.3,1.4500000000000002,0.02520543336868286,true,false
8,42,-0.25,1.4500000000000002,0.025570213794708252,true,false
9,42,-0.2,1.4500000000000002,0.025684773921966553,true,false
10,42,-0.15000000000000002,1.4500000000000002,0.02613145112991333,true,false
11,42,-0.09999999999999998,1.4500000000000002,0.026724696159362793,true,false
12,42,-0.04999999999999993,1.4500000000000002,0.027140796184539795,true,false
13,42,0.0,1.4500000000000002,0.027892231941223145,true,false
14,42,0.050000000000000044,1.4500000000000002,0.028831839561462402,true,false
15,42,0.09999999999999998,1.4500000000000002,0.029231548309326172,true,false
16,42,0.15000000000000002,1.4500000000000002,0.0385400652885437,true,false
17,42,0.20000000000000007,1.4500000000000002,0.0500604510307312,true,false
18,42,0.25,1.4500000000000002,0.04392743110656738,true,false
19,42,0.30000000000000004,1.4500000000000002,0.03363347053527832,true,false
20,42,0.35,1.4500000000000002,0.03470367193222046,true,false
21,42,0.4,1.4500000000000002,0.03570663928985596,true,false
22,42,0.45000000000000007,1.4500000000000002,0.03571438789367676,true,false
23,42,0.5000000000000001,1.4500000000000002,0.03654968738555908,true,false
24,42,0.5500000000000002,1.4500000000000002,0.036335289478302,true,false
25,42,0.6,1.4500000000000002,0.04331687092781067,true,false
26,42,0.65,1.4500000000000002,0.04295645472393014,false,true
0,43,-0.65,1.5,0.02904888610138444,false,true
1,43,-0.6,1.5,0.030065536499023438,true,false
2,43,-0.55,1.5,0.028073787689208984,true,false
3,43,-0.5,1.5,0.02767246961593628,true,false
4,43,-0.45,1.5,0.025339186191558838,true,false
5,43,-0.4,1.5,0.02573162317276001,true,false
6,43,-0.35,1.5,0.025623798370361328,true,false
7,43,-0.3,1.5,0.025831758975982666,true,false
8,43,-0.25,1.5,0.025682568550109863,true,false
9,43,-0.2,1.5,0.026481032371520996,true,false
10,43,-0.15000000000000002,1.5,0.026838958263397217,true,false
11,43,-0.09999999999999998,1.5,0.027723252773284912,true,false
12,43,-0.04999999999999993,1.5,0.027903079986572266,true,false
13,43,0.0,1.5,0.028539001941680908,true,false
14,43,0.050000000000000044,1.5,0.029307961463928223,true,false
15,43,0.09999999999999998,1.5,0.030321061611175537,true,false
16,43,0.15000000000000002,1.5,0.0363544225692749,true,false
17,43,0.20000000000000007,1.5,0.04695442318916321,true,false
18,43,0.25,1.5,0.04345959424972534,true,false
19,43,0.30000000000000004,1.5,0.03369426727294922,true,false
20,43,0.35,1.5,0.03468203544616699,true,false
21,43,0.4,1.5,0.035769879817962646,true,false
22,43,0.45000000000000007,1.5,0.03629022836685181,true,false
23,43,0.5000000000000001,1.5,0.03672230243682861,true,false
24,43,0.5500000000000002,1.5,0.03619182109832764,true,false
25,43,0.6,1.5,0.04380679130554199,true,false
26,43,0.65,1.5,0.043859950295167385,false,true
0,44,-0.65,1.5500000000000003,0.028839468955993652,true,false
1,44,-0.6,1.5500000000000003,0.028756141662597656,true,false
2,44,-0.55,1.5500000000000003,0.02744603157043457,true,false
3,44,-0.5,1.5500000000000003,0.027753353118896484,true,false
4,44,-0.45,1.5500000000000003,0.025832653045654297,true,false
5,44,-0.4,1.5500000000000003,0.026168882846832275,true,false
6,44,-0.35,1.5500000000000003,0.02645432949066162,true,false
7,44,-0.3,1.5500000000000003,0.026226520538330078,true,false
8,44,-0.25,1.5500000000000003,0.026616930961608887,true,false
9,44,-0.2,1.5500000000000003,0.026720046997070312,true,false
10,44,-0.15000000000000002,1.5500000000000003,0.02671182155609131,true,false
11,44,-0.09999999999999998,1.5500000000000003,0.02714461088180542,true,false
12,44,-0.04999999999999993,1.5500000000000003,0.027440190315246582,true,false
13,44,0.0,1.5500000000000003,0.02857232093811035,true,false
14,44,0.050000000000000044,1.5500000000000003,0.03094780445098877,true,false
15,44,0.09999999999999998,1.5500000000000003,0.031544387340545654,true,false
16,44,0.15000000000000002,1.5500000000000003,0.03558540344238281,true,false
17,44,0.20000000000000007,1.5500000000000003,0.037382423877716064,true,false
18,44,0.25,1.5500000000000003,0.03514820337295532,true,false
19,44,0.30000000000000004,1.5500000000000003,0.0350039005279541,true,false
20,44,0.35,1.5500000000000003,0.03622037172317505,true,false
21,44,0.4,1.5500000000000003,0.03705555200576782,true,false
22,44,0.45000000000000007,1.5500000000000003,0.03807973861694336,true,false
23,44,0.5000000000000001,1.5500000000000003,0.038847923278808594,true,false
24,44,0.5500000000000002,1.5500000000000003,0.03729373216629028,true,false
25,44,0.6,1.5500000000000003,0.04447820782661438,true,false
26,44,0.65,1.5500000000000003,0.044656268619614116,false,true
0,45,-0.65,1.6,0.02880495366095319,false,true
1,45,-0.6,1.6,0.02903559625820619,false,true
2,45,-0.55,1.6,0.027806758880615234,true,false
3,45,-0.5,1.6,0.0249214768409729,true,false
4,45,-0.45,1.6,0.0260772705078125,true,false
5,45,-0.4,1.6,0.027368903160095215,true,false
6,45,-0.35,1.6,0.02778935432434082,true,false
7,45,-0.3,1.6,0.02732980251312256,true,false
8,45,-0.25,1.6,0.02707207202911377,true,false
9,45,-0.2,1.6,0.027305126190185547,true,false
10,45,-0.15000000000000002,1.6,0.027502477169036865,true,false
11,45,-0.09999999999999998,1.6,0.027951955795288086,true,false
12,45,-0.04999999999999993,1.6,0.028665006160736084,true,false
13,45,0.0,1.6,0.029533743858337402,true,false
14,45,0.050000000000000044,1.6,0.05121725797653198,true,false
15,45,0.09999999999999998,1.6,0.03226268291473389,true,false
16,45,0.15000000000000002,1.6,0.03302478790283203,true,false
17,45,0.20000000000000007,1.6,0.03338587284088135,true,false
18,45,0.25,1.6,0.034134626388549805,true,false
19,45,0.30000000000000004,1.6,0.0350489616394043,true,false
20,45,0.35,1.6,0.036262452602386475,true,false
21,45,0.4,1.6,0.037032127380371094,true,false
22,45,0.45000000000000007,1.6,0.03771775960922241,true,false
23,45,0.5000000000000001,1.6,0.03899496793746948,true,false
24,45,0.5500000000000002,1.6,0.038360416889190674,true,false
25,45,0.6,1.6,0.045757561922073364,true,false
26,45,0.65,1.6,0.04521749626573303,false,true
0,46,-0.65,1.6500000000000004,0.030662929909256714,false,true
1,46,-0.6,1.6500000000000004,0.03179325209874838,false,true
2,46,-0.55,1.6500000000000004,0.03295433521270752,true,false
3,46,-0.5,1.6500000000000004,0.027397990226745605,true,false
4,46,-0.45,1.6500000000000004,0.02756601572036743,true,false
5,46,-0.4,1.6500000000000004,0.027811288833618164,true,false
6,46,-0.35,1.6500000000000004,0.02866184711456299,true,false
7,46,-0.3,1.6500000000000004,0.027905285358428955,true,false
8,46,-0.25,1.6500000000000004,0.027764081954956055,true,false
9,46,-0.2,1.6500000000000004,0.02771937847137451,true,false
10,46,-0.15000000000000002,1.6500000000000004,0.027729034423828125,true,false
11,46,-0.09999999999999998,1.6500000000000004,0.028286397457122803,true,false
12,46,-0.04999999999999993,1.6500000000000004,0.02874922752380371,true,false
13,46,0.0,1.6500000000000004,0.0314708948135376,true,false
14,46,0.050000000000000044,1.6500000000000004,0.05298331379890442,true,false
15,46,0.09999999999999998,1.6500000000000004,0.05097675323486328,true,false
16,46,0.15000000000000002,1.6500000000000004,0.032624661922454834,true,false
17,46,0.20000000000000007,1.6500000000000004,0.033097803592681885,true,false
18,46,0.25,1.6500000000000004,0.03436744213104248,true,false
19,46,0.30000000000000004,1.6500000000000004,0.03559768199920654,true,false
20,46,0.35,1.6500000000000004,0.036587536334991455,true,false
21,46,0.4,1.6500000000000004,0.03745293617248535,true,false
22,46,0.45000000000000007,1.6500000000000004,0.037869274616241455,true,false
23,46,0.5000000000000001,1.6500000000000004,0.039126694202423096,true,false
24,46,0.5500000000000002,1.6500000000000004,0.039130210876464844,true,false
25,46,0.6,1.6500000000000004,0.04519301652908325,true,false
26,46,0.65,1.6500000000000004,0.04585434403827678,false,true
0,47,-0.65,1.7000000000000002,0.03283567907217269,false,true
1,47,-0.6,1.7000000000000002,0.033319321798994786,false,true
2,47,-0.55,1.7000000000000002,0.034137725830078125,true,false
3,47,-0.5,1.7000000000000002,0.028599858283996582,true,false
4,47,-0.45,1.7000000000000002,0.028540432453155518,true,false
5,47,-0.4,1.7000000000000002,0.02961784601211548,true,false
6,47,-0.35,1.7000000000000002,0.028809428215026855,true,false
7,47,-0.3,1.7000000000000002,0.02863013744354248,true,false
8,47,-0.25,1.7000000000000002,0.02821969985961914,true,false
9,47,-0.2,1.7000000000000002,0.02841198444366455,true,false
10,47,-0.15000000000000002,1.7000000000000002,0.028564274311065674,true,false
11,47,-0.09999999999999998,1.7000000000000002,0.028665482997894287,true,false
12,47,-0.04999999999999993,1.7000000000000002,0.028824687004089355,true,false
13,47,0.0,1.7000000000000002,0.04215461015701294,true,false
14,47,0.050000000000000044,1.7000000000000002,0.050019651651382446,true,false
15,47,0.09999999999999998,1.7000000000000002,0.03593844175338745,true,false
16,47,0.15000000000000002,1.7000000000000002,0.032936930656433105,true,false
17,47,0.20000000000000007,1.7000000000000002,0.03383052349090576,true,false
18,47,0.25,1.7000000000000002,0.035018742084503174,true,false
19,47,0.30000000000000004,1.7000000000000002,0.035877346992492676,true,false
20,47,0.35,1.7000000000000002,0.03736025094985962,true,false
21,47,0.4,1.7000000000000002,0.037954747676849365,true,false
22,47,0.45000000000000007,1.7000000000000002,0.038459181785583496,true,false
23,47,0.5000000000000001,1.7000000000000002,0.03910166025161743,true,false
24,47,0.5500000000000002,1.7000000000000002,0.03965789079666138,true,false
25,47,0.6,1.7000000000000002,0.0468863844871521,true,false
26,47,0.65,1.7000000000000002,0.047037569002802634,false,true
0,48,-0.65,1.7500000000000004,0.033401944586318226,false,true
1,48,-0.6,1.7500000000000004,0.033194131941982084,false,true
2,48,-0.55,1.7500000000000004,0.03252691030502319,true,false
3,48,-0.5,1.7500000000000004,0.03064250946044922,true,false
4,48,-0.45,1.7500000000000004,0.030360758304595947,true,false
5,48,-0.4,1.7500000000000004,0.030182600021362305,true,false
6,48,-0.35,1.7500000000000004,0.029079854488372803,true,false
7,48,-0.3,1.7500000000000004,0.029168903827667236,true,false
8,48,-0.25,1.7500000000000004,0.028895914554595947,true,false
9,48,-0.2,1.7500000000000004,0.02894461154937744,true,false
10,48,-0.15000000000000002,1.7500000000000004,0.029137849807739258,true,false
11,48,-0.09999999999999998,1.7500000000000004,0.029662489891052246,true,false
12,48,-0.04999999999999993,1.7500000000000004,0.030062556266784668,true,false
13,48,0.0,1.7500000000000004,0.03532242774963379,true,false
14,48,0.050000000000000044,1.7500000000000004,0.04201382398605347,true,false
15,48,0.09999999999999998,1.7500000000000004,0.03201889991760254,true,false
16,48,0.15000000000000002,1.7500000000000004,0.03313380479812622,true,false
17,48,0.20000000000000007,1.7500000000000004,0.03430771827697754,true,false
18,48,0.25,1.7500000000000004,0.0352933406829834,true,false
19,48,0.30000000000000004,1.7500000000000004,0.03651559352874756,true,false
20,48,0.35,1.7500000000000004,0.037917256355285645,true,false
21,48,0.4,1.7500000000000004,0.03859758377075195,true,false
22,48,0.45000000000000007,1.7500000000000004,0.03887605667114258,true,false
23,48,0.5000000000000001,1.7500000000000004,0.03969240188598633,true,false
24,48,0.5500000000000002,1.7500000000000004,0.039958655834198,true,false
25,48,0.6,1.7500000000000004,0.04909592866897583,true,false
26,48,0.65,1.7500000000000004,0.049070091130504374,false,true
0,49,-0.65,1.8000000000000003,0.03229811226535963,false,true
1,49,-0.6,1.8000000000000003,0.03377845883369446,false,true
2,49,-0.55,1.8000000000000003,0.03274102636714817,false,true
3,49,-0.5,1.8000000000000003,0.032157719135284424,true,false
4,49,-0.45,1.8000000000000003,0.03220003843307495,true,false
5,49,-0.4,1.8000000000000003,0.03057861328125,true,false
6,49,-0.35,1.8000000000000003,0.030160903930664062,true,false
7,49,-0.3,1.8000000000000003,0.02980440855026245,true,false
8,49,-0.25,1.8000000000000003,0.02976834774017334,true,false
9,49,-0.2,1.8000000000000003,0.029613614082336426,true,false
10,49,-0.15000000000000002,1.8000000000000003,0.029375851154327393,true,false
11,49,-0.09999999999999998,1.8000000000000003,0.029524922370910645,true,false
12,49,-0.04999999999999993,1.8000000000000003,0.029704689979553223,true,false
13,49,0.0,1.8000000000000003,0.03217148780822754,true,false
14,49,0.050000000000000044,1.8000000000000003,0.03246009349822998,true,false
15,49,0.09999999999999998,1.8000000000000003,0.03227508068084717,true,false
16,49,0.15000000000000002,1.8000000000000003,0.03224414587020874,true,false
17,49,0.20000000000000007,1.8000000000000003,0.03472781181335449,true,false
18,49,0.25,1.8000000000000003,0.03557777404785156,true,false
19,49,0.30000000000000004,1.8000000000000003,0.03670305013656616,true,false
20,49,0.35,1.8000000000000003,0.03686237335205078,true,false
21,49,0.4,1.8000000000000003,0.03652679920196533,true,false
22,49,0.45000000000000007,1.8000000000000003,0.037484169006347656,true,false
23,49,0.5000000000000001,1.8000000000000003,0.03972518444061279,true,false
24,49,0.5500000000000002,1.8000000000000003,0.04035216569900513,true,false
25,49,0.6,1.8000000000000003,0.05121725797653198,true,false
26,49,0.65,1.8000000000000003,0.05087711027411453,false,true
0,50,-0.65,1.85,0.02939516423510263,false,true
1,50,-0.6,1.85,0.02930856639478558,false,true
2,50,-0.55,1.85,0.03503000736236572,true,false
3,50,-0.5,1.85,0.032730162143707275,true,false
4,50,-0.45,1.85,0.0317913293838501,true,false
5,50,-0.4,1.85,0.0312807559967041,true,false
6,50,-0.35,1.85,0.030314624309539795,true,false
7,50,-0.3,1.85,0.029712378978729248,true,false
8,50,-0.25,1.85,0.02966165542602539,true,false
9,50,-0.2,1.85,0.029528558254241943,true,false
10,50,-0.15000000000000002,1.85,0.029341578483581543,true,false
11,50,-0.09999999999999998,1.85,0.029015541076660156,true,false
12,50,-0.04999999999999993,1.85,0.029624223709106445,true,false
13,50,0.0,1.85,0.030699968338012695,true,false
14,50,0.050000000000000044,1.85,0.031335532665252686,true,false
15,50,0.09999999999999998,1.85,0.03247535228729248,true,false
16,50,0.15000000000000002,1.85,0.04797819256782532,true,false
17,50,0.20000000000000007,1.85,0.0357135534286499,true,false
18,50,0.25,1.85,0.03661876916885376,true,false
19,50,0.30000000000000004,1.85,0.036895036697387695,true,false
20,50,0.35,1.85,0.03698599338531494,true,false
21,50,0.4,1.85,0.037525296211242676,true,false
22,50,0.45000000000000007,1.85,0.03796947002410889,true,false
23,50,0.5000000000000001,1.85,0.03919553756713867,true,false
24,50,0.5500000000000002,1.85,0.040939152240753174,true,false
25,50,0.6,1.85,0.052177250385284424,true,false
26,50,0.65,1.85,0.05228453727222789,false,true
0,51,-0.65,1.9000000000000004,0.02479192085467799,false,true
1,51,-0.6,1.9000000000000004,0.02513433747675939,false,true
2,51,-0.55,1.9000000000000004,0.0212172269821167,true,false
3,51,-0.5,1.9000000000000004,0.026597559452056885,true,false
4,51,-0.45,1.9000000000000004,0.027809083461761475,true,false
5,51,-0.4,1.9000000000000004,0.029136180877685547,true,false
6,51,-0.35,1.9000000000000004,0.0283777117729187,true,false
7,51,-0.3,1.9000000000000004,0.028238356113433838,true,false
8,51,-0.25,1.9000000000000004,0.028273403644561768,true,false
9,51,-0.2,1.9000000000000004,0.028205692768096924,true,false
10,51,-0.15000000000000002,1.9000000000000004,0.02914184331893921,true,false
11,51,-0.09999999999999998,1.9000000000000004,0.0288543701171875,true,false
12,51,-0.04999999999999993,1.9000000000000004,0.029615819454193115,true,false
13,51,0.0,1.9000000000000004,0.03348100185394287,true,false
14,51,0.050000000000000044,1.9000000000000004,0.03362441062927246,true,false
15,51,0.09999999999999998,1.9000000000000004,0.03124260902404785,true,false
16,51,0.15000000000000002,1.9000000000000004,0.05121725797653198,true,false
17,51,0.20000000000000007,1.9000000000000004,0.05121725797653198,true,false
18,51,0.25,1.9000000000000004,0.037525713443756104,true,false
19,51,0.30000000000000004,1.9000000000000004,0.033747196197509766,true,false
20,51,0.35,1.9000000000000004,0.034532785415649414,true,false
21,51,0.4,1.9000000000000004,0.035387396812438965,true,false
22,51,0.45000000000000007,1.9000000000000004,0.03668713569641113,true,false
23,51,0.5000000000000001,1.9000000000000004,0.04035496711730957,true,false
24,51,0.5500000000000002,1.9000000000000004,0.04264232516288757,true,false
25,51,0.6,1.9000000000000004,0.05350354313850403,true,false
26,51,0.65,1.9000000000000004,0.0511814991151596,false,true
0,52,-0.65,1.9500000000000002,0.02099157115391548,false,true
1,52,-0.6,1.9500000000000002,0.01979102508364091,false,true
2,52,-0.55,1.9500000000000002,0.020778298377990723,true,false
3,52,-0.5,1.9500000000000002,0.0212172269821167,true,false
4,52,-0.45,1.9500000000000002,0.024784088134765625,true,false
5,52,-0.4,1.9500000000000002,0.02561020851135254,true,false
6,52,-0.35,1.9500000000000002,0.02529686689376831,true,false
7,52,-0.3,1.9500000000000002,0.026234209537506104,true,false
8,52,-0.25,1.9500000000000002,0.02683234214782715,true,false
9,52,-0.2,1.9500000000000002,0.026877164840698242,true,false
10,52,-0.15000000000000002,1.9500000000000002,0.02716308832168579,true,false
11,52,-0.09999999999999998,1.9500000000000002,0.027474403381347656,true,false
12,52,-0.04999999999999993,1.9500000000000002,0.028813540935516357,true,false
13,52,0.0,1.9500000000000002,0.03507763147354126,true,false
14,52,0.050000000000000044,1.9500000000000002,0.032235801219940186,true,false
15,52,0.09999999999999998,1.9500000000000002,0.03140842914581299,true,false
16,52,0.15000000000000002,1.9500000000000002,0.05121725797653198,true,false
17,52,0.20000000000000007,1.9500000000000002,0.05487993359565735,true,false
18,52,0.25,1.9500000000000002,0.04565167427062988,true,false
19,52,0.30000000000000004,1.9500000000000002,0.03311645984649658,true,false
20,52,0.35,1.9500000000000002,0.03434038162231445,true,false
21,52,0.4,1.9500000000000002,0.03577256202697754,true,false
22,52,0.45000000000000007,1.9500000000000002,0.0375332236289978,true,false
23,52,0.5000000000000001,1.9500000000000002,0.039582252502441406,true,false
24,52,0.5500000000000002,1.9500000000000002,0.0403217077255249,true,false
25,52,0.6,1.9500000000000002,0.0469018816947937,true,false
26,52,0.65,1.9500000000000002,0.04726003711405798,false,true
0,53,-0.65,2.0000000000000004,0.01844891430424013,false,true
1,53,-0.6,2.0000000000000004,0.018546633365907596,false,true
2,53,-0.55,2.0000000000000004,0.016968607902526855,true,false
3,53,-0.5,2.0000000000000004,0.019987821578979492,true,false
4,53,-0.45,2.0000000000000004,0.02490311861038208,true,false
5,53,-0.4,2.0000000000000004,0.02615940570831299,true,false
6,53,-0.35,2.0000000000000004,0.026185035705566406,true,false
7,53,-0.3,2.0000000000000004,0.02689516544342041,true,false
8,53,-0.25,2.0000000000000004,0.027562499046325684,true,false
9,53,-0.2,2.0000000000000004,0.02772897481918335,true,false
10,53,-0.15000000000000002,2.0000000000000004,0.028210341930389404,true,false
11,53,-0.09999999999999998,2.0000000000000004,0.028739333152770996,true,false
12,53,-0.04999999999999993,2.0000000000000004,0.029385924339294434,true,false
13,53,0.0,2.0000000000000004,0.030421853065490723,true,false
14,53,0.050000000000000044,2.0000000000000004,0.03177976608276367,true,false
15,53,0.09999999999999998,2.0000000000000004,0.03275406360626221,true,false
16,53,0.15000000000000002,2.0000000000000004,0.05121725797653198,true,false
17,53,0.20000000000000007,2.0000000000000004,0.06433415412902832,true,false
18,53,0.25,2.0000000000000004,0.05121725797653198,true,false
19,53,0.30000000000000004,2.0000000000000004,0.035675644874572754,true,false
20,53,0.35,2.0000000000000004,0.03652006387710571,true,false
21,53,0.4,2.0000000000000004,0.03712201118469238,true,false
22,53,0.45000000000000007,2.0000000000000004,0.037986159324645996,true,false
23,53,0.5000000000000001,2.0000000000000004,0.038784682750701904,true,false
24,53,0.5500000000000002,2.0000000000000004,0.04023599624633789,true,false
25,53,0.6,2.0000000000000004,0.0415230393409729,true,false
26,53,0.65,2.0000000000000004,0.04362028805071754,false,true
0,54,-0.65,2.0500000000000003,0.017622247451229246,false,true
1,54,-0.6,2.0500000000000003,0.016968607902526855,false,true
2,54,-0.55,2.0500000000000003,0.021304007195666882,false,true
3,54,-0.5,2.0500000000000003,0.024745997615740086,false,true
4,54,-0.45,2.0500000000000003,0.027302086353302002,true,false
5,54,-0.4,2.0500000000000003,0.027842819690704346,true,false
6,54,-0.35,2.0500000000000003,0.026993989944458008,true,false
7,54,-0.3,2.0500000000000003,0.027321159839630127,true,false
8,54,-0.25,2.0500000000000003,0.02794426679611206,true,false
9,54,-0.2,2.0500000000000003,0.028555214405059814,true,false
10,54,-0.15000000000000002,2.0500000000000003,0.02898627519607544,true,false
11,54,-0.09999999999999998,2.0500000000000003,0.0293160080909729,true,false
12,54,-0.04999999999999993,2.0500000000000003,0.029994487762451172,true,false
13,54,0.0,2.0500000000000003,0.031116843223571777,true,false
14,54,0.050000000000000044,2.0500000000000003,0.03252267837524414,true,false
15,54,0.09999999999999998,2.0500000000000003,0.03348100185394287,true,false
16,54,0.15000000000000002,2.0500000000000003,0.05121725797653198,true,false
17,54,0.20000000000000007,2.0500000000000003,0.05365988612174988,true,false
18,54,0.25,2.0500000000000003,0.05121725797653198,true,false
19,54,0.30000000000000004,2.0500000000000003,0.036373674869537354,true,false
20,54,0.35,2.0500000000000003,0.0367816686630249,true,false
21,54,0.4,2.0500000000000003,0.037728190422058105,true,false
22,54,0.45000000000000007,2.0500000000000003,0.03842270374298096,true,false
23,54,0.5000000000000001,2.0500000000000003,0.03922593593597412,true,false
24,54,0.5500000000000002,2.0500000000000003,0.04131603240966797,true,false
25,54,0.6,2.0500000000000003,0.043304651975631714,true,false
26,54,0.65,2.0500000000000003,0.043011832358887316,false,true
0,55,-0.65,2.1,0.016968607902526855,false,true
1,55,-0.6,2.1,0.024261247742818324,false,true
2,55,-0.55,2.1,0.029283027342089544,false,true
3,55,-0.5,2.1,0.028751373291015625,true,false
4,55,-0.45,2.1,0.029816031455993652,true,false
5,55,-0.4,2.1,0.029086589813232422,true,false
6,55,-0.35,2.1,0.02862238883972168,true,false
7,55,-0.3,2.1,0.028853952884674072,true,false
8,55,-0.25,2.1,0.029256701469421387,true,false
9,55,-0.2,2.1,0.029623687267303467,true,false
10,55,-0.15000000000000002,2.1,0.03027474880218506,true,false
11,55,-0.09999999999999998,2.1,0.030788958072662354,true,false
12,55,-0.04999999999999993,2.1,0.03140687942504883,true,false
13,55,0.0,2.1,0.032466769218444824,true,false
14,55,0.050000000000000044,2.1,0.033299267292022705,true,false
15,55,0.09999999999999998,2.1,0.03424513339996338,true,false
16,55,0.15000000000000002,2.1,0.03488427400588989,true,false
17,55,0.20000000000000007,2.1,0.04286229610443115,true,false
18,55,0.25,2.1,0.035527825355529785,true,false
19,55,0.30000000000000004,2.1,0.03627800941467285,true,false
20,55,0.35,2.1,0.03698623180389404,true,false
21,55,0.4,2.1,0.03794461488723755,true,false
22,55,0.45000000000000007,2.1,0.03847604990005493,true,false
23,55,0.5000000000000001,2.1,0.03978818655014038,true,false
24,55,0.5500000000000002,2.1,0.04190167784690857,true,false
25,55,0.6,2.1,0.0440865159034729,true,false
26,55,0.65,2.1,0.04449996889240497,false,true
0,56,-0.65,2.1500000000000004,0.02611942632397566,false,true
1,56,-0.6,2.1500000000000004,0.031037274411726018,false,true
2,56,-0.55,2.1500000000000004,0.03042996964107444,false,true
3,56,-0.5,2.1500000000000004,0.030034899711608887,true,false
4,56,-0.45,2.1500000000000004,0.03143244981765747,true,false
5,56,-0.4,2.1500000000000004,0.029156804084777832,true,false
6,56,-0.35,2.1500000000000004,0.028550803661346436,true,false
7,56,-0.3,2.1500000000000004,0.02904963493347168,true,false
8,56,-0.25,2.1500000000000004,0.0301131010055542,true,false
9,56,-0.2,2.1500000000000004,0.030318260192871094,true,false
10,56,-0.15000000000000002,2.1500000000000004,0.031079411506652832,true,false
11,56,-0.09999999999999998,2.1500000000000004,0.03148388862609863,true,false
12,56,-0.04999999999999993,2.1500000000000004,0.032294631004333496,true,false
13,56,0.0,2.1500000000000004,0.03352713584899902,true,false
14,56,0.050000000000000044,2.1500000000000004,0.03445017337799072,true,false
15,56,0.09999999999999998,2.1500000000000004,0.03527665138244629,true,false
16,56,0.15000000000000002,2.1500000000000004,0.03608614206314087,true,false
17,56,0.20000000000000007,2.1500000000000004,0.03605419397354126,true,false
18,56,0.25,2.1500000000000004,0.036562204360961914,true,false
19,56,0.30000000000000004,2.1500000000000004,0.03728264570236206,true,false
20,56,0.35,2.1500000000000004,0.03795325756072998,true,false
21,56,0.4,2.1500000000000004,0.03836125135421753,true,false
22,56,0.45000000000000007,2.1500000000000004,0.03828710317611694,true,false
23,56,0.5000000000000001,2.1500000000000004,0.03892982006072998,true,false
24,56,0.5500000000000002,2.1500000000000004,0.04272550344467163,true,false
25,56,0.6,2.1500000000000004,0.04627999663352966,true,false
26,56,0.65,2.1500000000000004,0.046364309060589054,false,true
0,57,-0.65,2.2,0.03426353009594736,false,true
1,57,-0.6,2.2,0.03396392896017232,false,true
2,57,-0.55,2.2,0.03365038012451183,false,true
3,57,-0.5,2.2,0.03266727924346924,true,false
4,57,-0.45,2.2,0.031468868255615234,true,false
5,57,-0.4,2.2,0.029384136199951172,true,false
6,57,-0.35,2.2,0.02971029281616211,true,false
7,57,-0.3,2.2,0.03024303913116455,true,false
8,57,-0.25,2.2,0.03078681230545044,true,false
9,57,-0.2,2.2,0.03114938735961914,true,false
10,57,-0.15000000000000002,2.2,0.03191477060317993,true,false
11,57,-0.09999999999999998,2.2,0.03231227397918701,true,false
12,57,-0.04999999999999993,2.2,0.03284287452697754,true,false
13,57,0.0,2.2,0.033840060234069824,true,false
14,57,0.050000000000000044,2.2,0.03563201427459717,true,false
15,57,0.09999999999999998,2.2,0.03605985641479492,true,false
16,57,0.15000000000000002,2.2,0.03729599714279175,true,false
17,57,0.20000000000000007,2.2,0.03730213642120361,true,false
18,57,0.25,2.2,0.03745049238204956,true,false
19,57,0.30000000000000004,2.2,0.03772139549255371,true,false
20,57,0.35,2.2,0.03862559795379639,true,false
21,57,0.4,2.2,0.03934723138809204,true,false
22,57,0.45000000000000007,2.2,0.03955560922622681,true,false
23,57,0.5000000000000001,2.2,0.040181756019592285,true,false
24,57,0.5500000000000002,2.2,0.04405766725540161,true,false
25,57,0.6,2.2,0.048761337995529175,true,false
26,57,0.65,2.2,0.048141001391964686,false,true
0,58,-0.65,2.2500000000000004,0.03780638852909234,false,true
1,58,-0.6,2.2500000000000004,0.03791348576968415,false,true
2,58,-0.55,2.2500000000000004,0.03794131329512756,false,true
3,58,-0.5,2.2500000000000004,0.03865617513656616,true,false
4,58,-0.45,2.2500000000000004,0.03365647792816162,true,false
5,58,-0.4,2.2500000000000004,0.030469119548797607,true,false
6,58,-0.35,2.2500000000000004,0.03112131357192993,true,false
7,58,-0.3,2.2500000000000004,0.031699419021606445,true,false
8,58,-0.25,2.2500000000000004,0.03210878372192383,true,false
9,58,-0.2,2.2500000000000004,0.032582759857177734,true,false
10,58,-0.15000000000000002,2.2500000000000004,0.03306543827056885,true,false
11,58,-0.09999999999999998,2.2500000000000004,0.03370088338851929,true,false
12,58,-0.04999999999999993,2.2500000000000004,0.03424227237701416,true,false
13,58,0.0,2.2500000000000004,0.0354958176612854,true,false
14,58,0.050000000000000044,2.2500000000000004,0.03641831874847412,true,false
15,58,0.09999999999999998,2.2500000000000004,0.03703957796096802,true,false
16,58,0.15000000000000002,2.2500000000000004,0.03781181573867798,true,false
17,58,0.20000000000000007,2.2500000000000004,0.03823202848434448,true,false
18,58,0.25,2.2500000000000004,0.038533568382263184,true,false
19,58,0.30000000000000004,2.2500000000000004,0.038849592208862305,true,false
20,58,0.35,2.2500000000000004,0.03945893049240112,true,false
21,58,0.4,2.2500000000000004,0.04000669717788696,true,false
22,58,0.45000000000000007,2.2500000000000004,0.039810240268707275,true,false
23,58,0.5000000000000001,2.2500000000000004,0.039522767066955566,true,false
24,58,0.5500000000000002,2.2500000000000004,0.0448785126209259,true,false
25,58,0.6,2.2500000000000004,0.049124717712402344,true,false
26,58,0.65,2.2500000000000004,0.04885146828527044,false,true
0,59,-0.65,2.3000000000000003,0.04116959512917535,false,true
1,59,-0.6,2.3000000000000003,0.0414973897278747,false,true
2,59,-0.55,2.3000000000000003,0.04213723735096713,false,true
3,59,-0.5,2.3000000000000003,0.04220438003540039,true,false
4,59,-0.45,2.3000000000000003,0.034883856773376465,true,false
5,59,-0.4,2.3000000000000003,0.031875014305114746,true,false
6,59,-0.35,2.3000000000000003,0.03219175338745117,true,false
7,59,-0.3,2.3000000000000003,0.03254103660583496,true,false
8,59,-0.25,2.3000000000000003,0.03296101093292236,true,false
9,59,-0.2,2.3000000000000003,0.03346717357635498,true,false
10,59,-0.15000000000000002,2.3000000000000003,0.03419607877731323,true,false
11,59,-0.09999999999999998,2.3000000000000003,0.034714579582214355,true,false
12,59,-0.04999999999999993,2.3000000000000003,0.035050153732299805,true,false
13,59,0.0,2.3000000000000003,0.0362553596496582,true,false
14,59,0.050000000000000044,2.3000000000000003,0.037117838859558105,true,false
15,59,0.09999999999999998,2.3000000000000003,0.03814208507537842,true,false
16,59,0.15000000000000002,2.3000000000000003,0.03854823112487793,true,false
17,59,0.20000000000000007,2.3000000000000003,0.03918957710266113,true,false
18,59,0.25,2.3000000000000003,0.03931069374084473,true,false
19,59,0.30000000000000004,2.3000000000000003,0.03949403762817383,true,false
20,59,0.35,2.3000000000000003,0.04018425941467285,true,false
21,59,0.4,2.3000000000000003,0.04114532470703125,true,false
22,59,0.45000000000000007,2.3000000000000003,0.040926218032836914,true,false
23,59,0.5000000000000001,2.3000000000000003,0.04096353054046631,true,false
24,59,0.5500000000000002,2.3000000000000003,0.045128196477890015,true,false
25,59,0.6,2.3000000000000003,0.0485551655292511,true,false
26,59,0.65,2.3000000000000003,0.04884204949526556,false,true
0,60,-0.65,2.35,0.043530708506968066,false,true
1,60,-0.6,2.35,0.04396213292151329,false,true
2,60,-0.55,2.35,0.044148584974192315,false,true
3,60,-0.5,2.35,0.04552334547042847,true,false
4,60,-0.45,2.35,0.039031654596328735,true,false
5,60,-0.4,2.35,0.033235251903533936,true,false
6,60,-0.35,2.35,0.033022284507751465,true,false
7,60,-0.3,2.35,0.03281217813491821,true,false
8,60,-0.25,2.35,0.03292280435562134,true,false
9,60,-0.2,2.35,0.03353691101074219,true,false
10,60,-0.15000000000000002,2.35,0.03419572114944458,true,false
11,60,-0.09999999999999998,2.35,0.03478074073791504,true,false
12,60,-0.04999999999999993,2.35,0.03542715311050415,true,false
13,60,0.0,2.35,0.03647643327713013,true,false
14,60,0.050000000000000044,2.35,0.03733623027801514,true,false
15,60,0.09999999999999998,2.35,0.03803586959838867,true,false
16,60,0.15000000000000002,2.35,0.03948080539703369,true,false
17,60,0.20000000000000007,2.35,0.03947991132736206,true,false
18,60,0.25,2.35,0.03981351852416992,true,false
19,60,0.30000000000000004,2.35,0.04048323631286621,true,false
20,60,0.35,2.35,0.040943801403045654,true,false
21,60,0.4,2.35,0.0417630672454834,true,false
22,60,0.45000000000000007,2.35,0.04161107540130615,true,false
23,60,0.5000000000000001,2.35,0.04162222146987915,true,false
24,60,0.5500000000000002,2.35,0.04643741250038147,true,false
25,60,0.6,2.35,0.04896509647369385,true,false
26,60,0.65,2.35,0.049135074307023116,false,true
0,61,-0.65,2.4000000000000004,0.04483020529060016,false,true
1,61,-0.6,2.4000000000000004,0.04495390102787269,false,true
2,61,-0.55,2.4000000000000004,0.04552334547042847,false,true
3,61,-0.5,2.4000000000000004,0.035698832388829344,false,true
4,61,-0.45,2.4000000000000004,0.028335928916931152,true,false
5,61,-0.4,2.4000000000000004,0.0304756760597229,true,false
6,61,-0.35,2.4000000000000004,0.0314980149269104,true,false
7,61,-0.3,2.4000000000000004,0.03154939413070679,true,false
8,61,-0.25,2.4000000000000004,0.03156256675720215,true,false
9,61,-0.2,2.4000000000000004,0.032539963722229004,true,false
10,61,-0.15000000000000002,2.4000000000000004,0.03331106901168823,true,false
11,61,-0.09999999999999998,2.4000000000000004,0.034039199352264404,true,false
12,61,-0.04999999999999993,2.4000000000000004,0.034866511821746826,true,false
13,61,0.0,2.4000000000000004,0.03570669889450073,true,false
14,61,0.050000000000000044,2.4000000000000004,0.03633761405944824,true,false
15,61,0.09999999999999998,2.4000000000000004,0.037330031394958496,true,false
16,61,0.15000000000000002,2.4000000000000004,0.038549065589904785,true,false
17,61,0.20000000000000007,2.4000000000000004,0.03949087858200073,true,false
18,61,0.25,2.4000000000000004,0.03974628448486328,true,false
19,61,0.30000000000000004,2.4000000000000004,0.04017138481140137,true,false
20,61,0.35,2.4000000000000004,0.04135853052139282,true,false
21,61,0.4,2.4000000000000004,0.04197460412979126,true,false
22,61,0.45000000000000007,2.4000000000000004,0.04207375645637512,true,false
23,61,0.5000000000000001,2.4000000000000004,0.04195299744606018,true,false
24,61,0.5500000000000002,2.4000000000000004,0.04840880632400513,true,false
25,61,0.6,2.4000000000000004,0.04995536804199219,true,false
26,61,0.65,2.4000000000000004,0.04937534149000242,false,true
0,62,-0.65,2.45,0.04069960461217708,false,true
1,62,-0.6,2.45,0.04552334547042847,false,true
2,62,-0.55,2.45,0.034905252578643235,false,true
3,62,-0.5,2.45,0.028513668110828547,false,true
4,62,-0.45,2.45,0.02888476848602295,true,false
5,62,-0.4,2.45,0.03017479181289673,true,false
6,62,-0.35,2.45,0.03081488609313965,true,false
7,62,-0.3,2.45,0.03168034553527832,true,false
8,62,-0.25,2.45,0.03197777271270752,true,false
9,62,-0.2,2.45,0.032543718814849854,true,false
10,62,-0.15000000000000002,2.45,0.03344714641571045,true,false
11,62,-0.09999999999999998,2.45,0.03415536880493164,true,false
12,62,-0.04999999999999993,2.45,0.03487682342529297,true,false
13,62,0.0,2.45,0.03566241264343262,true,false
14,62,0.050000000000000044,2.45,0.03617948293685913,true,false
15,62,0.09999999999999998,2.45,0.037030577659606934,true,false
16,62,0.15000000000000002,2.45,0.038190484046936035,true,false
17,62,0.20000000000000007,2.45,0.038398921489715576,true,false
18,62,0.25,2.45,0.03931397199630737,true,false
19,62,0.30000000000000004,2.45,0.039425671100616455,true,false
20,62,0.35,2.45,0.0402836799621582,true,false
21,62,0.4,2.45,0.04080098867416382,true,false
22,62,0.45000000000000007,2.45,0.04075825214385986,true,false
23,62,0.5000000000000001,2.45,0.04086160659790039,true,false
24,62,0.5500000000000002,2.45,0.044727712869644165,true,false
25,62,0.6,2.45,0.04896530508995056,true,false
26,62,0.65,2.45,0.048817271706525764,false,true
0,63,-0.65,2.5000000000000004,0.03422397782456242,false,true
1,63,-0.6,2.5000000000000004,0.02962350845336914,false,true
2,63,-0.55,2.5000000000000004,0.028688056318818794,false,true
3,63,-0.5,2.5000000000000004,0.02813448723379386,false,true
4,63,-0.45,2.5000000000000004,0.028166592121124268,true,false
5,63,-0.4,2.5000000000000004,0.029796481132507324,true,false
6,63,-0.35,2.5000000000000004,0.03030252456665039,true,false
7,63,-0.3,2.5000000000000004,0.031104087829589844,true,false
8,63,-0.25,2.5000000000000004,0.031619131565093994,true,false
9,63,-0.2,2.5000000000000004,0.03250741958618164,true,false
10,63,-0.15000000000000002,2.5000000000000004,0.03331726789474487,true,false
11,63,-0.09999999999999998,2.5000000000000004,0.034146904945373535,true,false
12,63,-0.04999999999999993,2.5000000000000004,0.03494995832443237,true,false
13,63,0.0,2.5000000000000004,0.03548520803451538,true,false
14,63,0.050000000000000044,2.5000000000000004,0.03604811429977417,true,false
15,63,0.09999999999999998,2.5000000000000004,0.03670632839202881,true,false
16,63,0.15000000000000002,2.5000000000000004,0.03825724124908447,true,false
17,63,0.20000000000000007,2.5000000000000004,0.03892207145690918,true,false
18,63,0.25,2.5000000000000004,0.039378345012664795,true,false
19,63,0.30000000000000004,2.5000000000000004,0.040094733238220215,true,false
20,63,0.35,2.5000000000000004,0.0405278205871582,true,false
21,63,0.4,2.5000000000000004,0.040939509868621826,true,false
22,63,0.45000000000000007,2.5000000000000004,0.041046738624572754,true,false
23,63,0.5000000000000001,2.5000000000000004,0.040790855884552,true,false
24,63,0.5500000000000002,2.5000000000000004,0.045006781816482544,true,false
25,63,0.6,2.5000000000000004,0.04746982455253601,true,false
26,63,0.65,2.5000000000000004,0.04774570137800572,false,true
0,64,-0.65,2.5500000000000003,0.029452136679607912,false,true
1,64,-0.6,2.5500000000000003,0.02943065635671995,false,true
2,64,-0.55,2.5500000000000003,0.02962350845336914,false,true
3,64,-0.5,2.5500000000000003,0.02832238033892981,false,true
4,64,-0.45,2.5500000000000003,0.027338802814483643,true,false
5,64,-0.4,2.5500000000000003,0.029293835163116455,true,false
6,64,-0.35,2.5500000000000003,0.03049522638320923,true,false
7,64,-0.3,2.5500000000000003,0.03156203031539917,true,false
8,64,-0.25,2.5500000000000003,0.03198462724685669,true,false
9,64,-0.2,2.5500000000000003,0.032685697078704834,true,false
10,64,-0.15000000000000002,2.5500000000000003,0.033268511295318604,true,false
11,64,-0.09999999999999998,2.5500000000000003,0.034263432025909424,true,false
12,64,-0.04999999999999993,2.5500000000000003,0.03503549098968506,true,false
13,64,0.0,2.5500000000000003,0.0358891487121582,true,false
14,64,0.050000000000000044,2.5500000000000003,0.03633302450180054,true,false
15,64,0.09999999999999998,2.5500000000000003,0.037417054176330566,true,false
16,64,0.15000000000000002,2.5500000000000003,0.03839367628097534,true,false
17,64,0.20000000000000007,2.5500000000000003,0.038786351680755615,true,false
18,64,0.25,2.5500000000000003,0.03991144895553589,true,false
19,64,0.30000000000000004,2.5500000000000003,0.04039287567138672,true,false
20,64,0.35,2.5500000000000003,0.04113680124282837,true,false
21,64,0.4,2.5500000000000003,0.041741132736206055,true,false
22,64,0.45000000000000007,2.5500000000000003,0.04151010513305664,true,false
23,64,0.5000000000000001,2.5500000000000003,0.04114389419555664,true,false
24,64,0.5500000000000002,2.5500000000000003,0.043561726808547974,true,false
25,64,0.6,2.5500000000000003,0.04691624641418457,true,false
26,64,0.65,2.5500000000000003,0.04776502701076813,false,true
0,65,-0.65,2.6,0.02934427910338561,false,true
1,65,-0.6,2.6,0.029311142669798982,false,true
2,65,-0.55,2.6,0.029157922306106577,false,true
3,65,-0.5,2.6,0.02962350845336914,true,false
4,65,-0.45,2.6,0.02802908420562744,true,false
5,65,-0.4,2.6,0.030167818069458008,true,false
6,65,-0.35,2.6,0.03123176097869873,true,false
7,65,-0.3,2.6,0.032392263412475586,true,false
8,65,-0.25,2.6,0.032888829708099365,true,false
9,65,-0.2,2.6,0.03403604030609131,true,false
10,65,-0.15000000000000002,2.6,0.034249186515808105,true,false
11,65,-0.09999999999999998,2.6,0.03473168611526489,true,false
12,65,-0.04999999999999993,2.6,0.035641252994537354,true,false
13,65,0.0,2.6,0.03640139102935791,true,false
14,65,0.050000000000000044,2.6,0.037529945373535156,true,false
15,65,0.09999999999999998,2.6,0.03833651542663574,true,false
16,65,0.15000000000000002,2.6,0.03855413198471069,true,false
17,65,0.20000000000000007,2.6,0.03922557830810547,true,false
18,65,0.25,2.6,0.039859652519226074,true,false
19,65,0.30000000000000004,2.6,0.04018765687942505,true,false
20,65,0.35,2.6,0.040896058082580566,true,false
21,65,0.4,2.6,0.041776299476623535,true,false
22,65,0.45000000000000007,2.6,0.04179820418357849,true,false
23,65,0.5000000000000001,2.6,0.0411839485168457,true,false
24,65,0.5500000000000002,2.6,0.04367026686668396,true,false
25,65,0.6,2.6,0.04926058650016785,true,false
26,65,0.65,2.6,0.047231796725841504,false,true
0,66,-0.65,2.6500000000000004,0.02941789912979705,false,true
1,66,-0.6,2.6500000000000004,0.02930476384383815,false,true
2,66,-0.55,2.6500000000000004,0.02921546320259436,false,true
3,66,-0.5,2.6500000000000004,0.028499484062194824,true,false
4,66,-0.45,2.6500000000000004,0.028616726398468018,true,false
5,66,-0.4,2.6500000000000004,0.03111577033996582,true,false
6,66,-0.35,2.6500000000000004,0.031966567039489746,true,false
7,66,-0.3,2.6500000000000004,0.032960712909698486,true,false
8,66,-0.25,2.6500000000000004,0.033832550048828125,true,false
9,66,-0.2,2.6500000000000004,0.03487038612365723,true,false
10,66,-0.15000000000000002,2.6500000000000004,0.03555935621261597,true,false
11,66,-0.09999999999999998,2.6500000000000004,0.03609412908554077,true,false
12,66,-0.04999999999999993,2.6500000000000004,0.03691524267196655,true,false
13,66,0.0,2.6500000000000004,0.03783351182937622,true,false
14,66,0.050000000000000044,2.6500000000000004,0.03823786973953247,true,false
15,66,0.09999999999999998,2.6500000000000004,0.03904378414154053,true,false
16,66,0.15000000000000002,2.6500000000000004,0.03969001770019531,true,false
17,66,0.20000000000000007,2.6500000000000004,0.040541231632232666,true,false
18,66,0.25,2.6500000000000004,0.0405268669128418,true,false
19,66,0.30000000000000004,2.6500000000000004,0.041150569915771484,true,false
20,66,0.35,2.6500000000000004,0.04191961884498596,true,false
21,66,0.4,2.6500000000000004,0.041445255279541016,true,false
22,66,0.45000000000000007,2.6500000000000004,0.04125845432281494,true,false
23,66,0.5000000000000001,2.6500000000000004,0.0408286452293396,true,false
24,66,0.5500000000000002,2.6500000000000004,0.042821288108825684,true,false
25,66,0.6,2.6500000000000004,0.046117693185806274,true,false
26,66,0.65,2.6500000000000004,0.04621392488479614,true,false
0,67,-0.65,2.7,0.029790779140461923,false,true
1,67,-0.6,2.7,0.029684653045581152,false,true
2,67,-0.55,2.7,0.029577895559545316,false,true
3,67,-0.5,2.7,0.029819965362548828,true,false
4,67,-0.45,2.7,0.028802990913391113,true,false
5,67,-0.4,2.7,0.03219646215438843,true,false
6,67,-0.35,2.7,0.03332412242889404,true,false
7,67,-0.3,2.7,0.03439962863922119,true,false
8,67,-0.25,2.7,0.035097718238830566,true,false
9,67,-0.2,2.7,0.03626030683517456,true,false
10,67,-0.15000000000000002,2.7,0.03672713041305542,true,false
11,67,-0.09999999999999998,2.7,0.0373227596282959,true,false
12,67,-0.04999999999999993,2.7,0.038103461265563965,true,false
13,67,0.0,2.7,0.038915157318115234,true,false
14,67,0.050000000000000044,2.7,0.03920412063598633,true,false
15,67,0.09999999999999998,2.7,0.03976219892501831,true,false
16,67,0.15000000000000002,2.7,0.040208518505096436,true,false
17,67,0.20000000000000007,2.7,0.041064321994781494,true,false
18,67,0.25,2.7,0.041845083236694336,true,false
19,67,0.30000000000000004,2.7,0.04178836941719055,true,false
20,67,0.35,2.7,0.042694151401519775,true,false
21,67,0.4,2.7,0.042724281549453735,true,false
22,67,0.45000000000000007,2.7,0.04228803515434265,true,false
23,67,0.5000000000000001,2.7,0.04131495952606201,true,false
24,67,0.5500000000000002,2.7,0.04267185926437378,true,false
25,67,0.6,2.7,0.046231210231781006,true,false
26,67,0.65,2.7,0.0455508828163147,true,false
0,68,-0.65,2.7500000000000004,0.030488829739342607,false,true
1,68,-0.6,2.7500000000000004,0.030426879399787773,false,true
2,68,-0.55,2.7500000000000004,0.03030482077320467,false,true
3,68,-0.5,2.7500000000000004,0.030313968658447266,true,false
4,68,-0.45,2.7500000000000004,0.029389500617980957,true,false
5,68,-0.4,2.7500000000000004,0.033219993114471436,true,false
6,68,-0.35,2.7500000000000004,0.03406989574432373,true,false
7,68,-0.3,2.7500000000000004,0.03535127639770508,true,false
8,68,-0.25,2.7500000000000004,0.03612321615219116,true,false
9,68,-0.2,2.7500000000000004,0.0371854305267334,true,false
10,68,-0.15000000000000002,2.7500000000000004,0.037821412086486816,true,false
11,68,-0.09999999999999998,2.7500000000000004,0.038298845291137695,true,false
12,68,-0.04999999999999993,2.7500000000000004,0.0391918420791626,true,false
13,68,0.0,2.7500000000000004,0.03977084159851074,true,false
14,68,0.050000000000000044,2.7500000000000004,0.040125370025634766,true,false
15,68,0.09999999999999998,2.7500000000000004,0.040802061557769775,true,false
16,68,0.15000000000000002,2.7500000000000004,0.04131215810775757,true,false
17,68,0.20000000000000007,2.7500000000000004,0.04191562533378601,true,false
18,68,0.25,2.7500000000000004,0.04270926117897034,true,false
19,68,0.30000000000000004,2.7500000000000004,0.043022215366363525,true,false
20,68,0.35,2.7500000000000004,0.04404652118682861,true,false
21,68,0.4,2.7500000000000004,0.04409843683242798,true,false
22,68,0.45000000000000007,2.7500000000000004,0.04365217685699463,true,false
23,68,0.5000000000000001,2.7500000000000004,0.043247371912002563,true,false
24,68,0.5500000000000002,2.7500000000000004,0.043921083211898804,true,false
25,68,0.6,2.7500000000000004,0.04695248603820801,true,false
26,68,0.65,2.7500000000000004,0.045850396156311035,true,false
0,69,-0.65,2.8000000000000003,0.031344303252803185,false,true
1,69,-0.6,2.8000000000000003,0.03138061744349611,false,true
2,69,-0.55,2.8000000000000003,0.0314484802051487,false,true
3,69,-0.5,2.8000000000000003,0.0307767391204834,true,false
4,69,-0.45,2.8000000000000003,0.02986931800842285,true,false
5,69,-0.4,2.8000000000000003,0.03443324565887451,true,false
6,69,-0.35,2.8000000000000003,0.03500401973724365,true,false
7,69,-0.3,2.8000000000000003,0.036359965801239014,true,false
8,69,-0.25,2.8000000000000003,0.03710836172103882,true,false
9,69,-0.2,2.8000000000000003,0.03831017017364502,true,false
10,69,-0.15000000000000002,2.8000000000000003,0.03848910331726074,true,false
11,69,-0.09999999999999998,2.8000000000000003,0.038844168186187744,true,false
12,69,-0.04999999999999993,2.8000000000000003,0.03984194993972778,true,false
13,69,0.0,2.8000000000000003,0.04024636745452881,true,false
14,69,0.050000000000000044,2.8000000000000003,0.040225327014923096,true,false
15,69,0.09999999999999998,2.8000000000000003,0.04137086868286133,true,false
16,69,0.15000000000000002,2.8000000000000003,0.041996896266937256,true,false
17,69,0.20000000000000007,2.8000000000000003,0.04232993721961975,true,false
18,69,0.25,2.8000000000000003,0.042727530002593994,true,false
19,69,0.30000000000000004,2.8000000000000003,0.04297453165054321,true,false
20,69,0.35,2.8000000000000003,0.04412788152694702,true,false
21,69,0.4,2.8000000000000003,0.04464834928512573,true,false
22,69,0.45000000000000007,2.8000000000000003,0.0448344349861145,true,false
23,69,0.5000000000000001,2.8000000000000003,0.044105857610702515,true,false
24,69,0.5500000000000002,2.8000000000000003,0.04573899507522583,true,false
25,69,0.6,2.8000000000000003,0.04759383201599121,true,false
26,69,0.65,2.8000000000000003,0.04753074049949646,true,false
0,70,-0.65,2.85,0.032064120060220885,false,true
1,70,-0.6,2.85,0.032210371084834065,false,true
2,70,-0.55,2.85,0.032360441675878364,false,true
3,70,-0.5,2.85,0.03353297710418701,true,false
4,70,-0.45,2.85,0.03081369400024414,true,false
5,70,-0.4,2.85,0.03317183256149292,true,false
6,70,-0.35,2.85,0.03484213352203369,true,false
7,70,-0.3,2.85,0.03428637981414795,true,false
8,70,-0.25,2.85,0.03583335876464844,true,false
9,70,-0.2,2.85,0.03846240043640137,true,false
10,70,-0.15000000000000002,2.85,0.03786027431488037,true,false
11,70,-0.09999999999999998,2.85,0.03826779127120972,true,false
12,70,-0.04999999999999993,2.85,0.039512038230895996,true,false
13,70,0.0,2.85,0.039890289306640625,true,false
14,70,0.050000000000000044,2.85,0.04027026891708374,true,false
15,70,0.09999999999999998,2.85,0.04123985767364502,true,false
16,70,0.15000000000000002,2.85,0.04193967580795288,true,false
17,70,0.20000000000000007,2.85,0.042821139097213745,true,false
18,70,0.25,2.85,0.04281646013259888,true,false
19,70,0.30000000000000004,2.85,0.04369521141052246,true,false
20,70,0.35,2.85,0.04392179846763611,true,false
21,70,0.4,2.85,0.044695913791656494,true,false
22,70,0.45000000000000007,2.85,0.04497087001800537,true,false
23,70,0.5000000000000001,2.85,0.044918566942214966,true,false
24,70,0.5500000000000002,2.85,0.04608917236328125,true,false
25,70,0.6,2.85,0.05121725797653198,true,false
26,70,0.65,2.85,0.05005711317062378,true,false
0,71,-0.65,2.9000000000000004,0.0324128560939064,false,true
1,71,-0.6,2.9000000000000004,0.032540792494426735,false,true
2,71,-0.55,2.9000000000000004,0.03276003009935123,false,true
3,71,-0.5,2.9000000000000004,0.03228592872619629,true,false
4,71,-0.45,2.9000000000000004,0.031151950359344482,true,false
5,71,-0.4,2.9000000000000004,0.03287571668624878,true,false
6,71,-0.35,2.9000000000000004,0.033983588218688965,true,false
7,71,-0.3,2.9000000000000004,0.03481477499008179,true,false
8,71,-0.25,2.9000000000000004,0.03579974174499512,true,false
9,71,-0.2,2.9000000000000004,0.03690230846405029,true,false
10,71,-0.15000000000000002,2.9000000000000004,0.037189364433288574,true,false
11,71,-0.09999999999999998,2.9000000000000004,0.03828996419906616,true,false
12,71,-0.04999999999999993,2.9000000000000004,0.03951847553253174,true,false
13,71,0.0,2.9000000000000004,0.03964012861251831,true,false
14,71,0.050000000000000044,2.9000000000000004,0.04065299034118652,true,false
15,71,0.09999999999999998,2.9000000000000004,0.041033029556274414,true,false
16,71,0.15000000000000002,2.9000000000000004,0.042301952838897705,true,false
17,71,0.20000000000000007,2.9000000000000004,0.04269632697105408,true,false
18,71,0.25,2.9000000000000004,0.043713152408599854,true,false
19,71,0.30000000000000004,2.9000000000000004,0.04368734359741211,true,false
20,71,0.35,2.9000000000000004,0.0440516471862793,true,false
21,71,0.4,2.9000000000000004,0.044722527265548706,true,false
22,71,0.45000000000000007,2.9000000000000004,0.0446334183216095,true,false
23,71,0.5000000000000001,2.9000000000000004,0.04444250464439392,true,false
24,71,0.5500000000000002,2.9000000000000004,0.04547068476676941,true,false
25,71,0.6,2.9000000000000004,0.04363492131233215,true,false
26,71,0.65,2.9000000000000004,0.047503029955332975,false,true
0,72,-0.65,2.95,0.03302057327240126,false,true
1,72,-0.6,2.95,0.03243441171024169,false,true
2,72,-0.55,2.95,0.03241109451870869,false,true
3,72,-0.5,2.95,0.03265756368637085,true,false
4,72,-0.45,2.95,0.03215855360031128,true,false
5,72,-0.4,2.95,0.033293306827545166,true,false
6,72,-0.35,2.95,0.03417611122131348,true,false
7,72,-0.3,2.95,0.035390377044677734,true,false
8,72,-0.25,2.95,0.03646177053451538,true,false
9,72,-0.2,2.95,0.037772297859191895,true,false
10,72,-0.15000000000000002,2.95,0.037798941135406494,true,false
11,72,-0.09999999999999998,2.95,0.03870111703872681,true,false
12,72,-0.04999999999999993,2.95,0.038959503173828125,true,false
13,72,0.0,2.95,0.039865732192993164,true,false
14,72,0.050000000000000044,2.95,0.04056131839752197,true,false
15,72,0.09999999999999998,2.95,0.041203975677490234,true,false
16,72,0.15000000000000002,2.95,0.041986823081970215,true,false
17,72,0.20000000000000007,2.95,0.0429365336894989,true,false
18,72,0.25,2.95,0.043555617332458496,true,false
19,72,0.30000000000000004,2.95,0.04406660795211792,true,false
20,72,0.35,2.95,0.04511624574661255,true,false
21,72,0.4,2.95,0.04523313045501709,true,false
22,72,0.45000000000000007,2.95,0.04564851522445679,true,false
23,72,0.5000000000000001,2.95,0.045092642307281494,true,false
24,72,0.5500000000000002,2.95,0.046135932207107544,true,false
25,72,0.6,2.95,0.045647114515304565,true,false
26,72,0.65,2.95,0.04497517266598222,false,true
0,73,-0.65,3.0000000000000004,0.03400367498397827,false,true
1,73,-0.6,3.0000000000000004,0.03293899590761922,false,true
2,73,-0.55,3.0000000000000004,0.032141768809634555,false,true
3,73,-0.5,3.0000000000000004,0.032187700271606445,true,false
4,73,-0.45,3.0000000000000004,0.03224325180053711,true,false
5,73,-0.4,3.0000000000000004,0.03300827741622925,true,false
6,73,-0.35,3.0000000000000004,0.03413814306259155,true,false
7,73,-0.3,3.0000000000000004,0.03506726026535034,true,false
8,73,-0.25,3.0000000000000004,0.03621971607208252,true,false
9,73,-0.2,3.0000000000000004,0.03737276792526245,true,false
10,73,-0.15000000000000002,3.0000000000000004,0.03753763437271118,true,false
11,73,-0.09999999999999998,3.0000000000000004,0.03822767734527588,true,false
12,73,-0.04999999999999993,3.0000000000000004,0.03901851177215576,true,false
13,73,0.0,3.0000000000000004,0.03960615396499634,true,false
14,73,0.050000000000000044,3.0000000000000004,0.04017794132232666,true,false
15,73,0.09999999999999998,3.0000000000000004,0.041087329387664795,true,false
16,73,0.15000000000000002,3.0000000000000004,0.041692376136779785,true,false
17,73,0.20000000000000007,3.0000000000000004,0.043152064085006714,true,false
18,73,0.25,3.0000000000000004,0.04354572296142578,true,false
19,73,0.30000000000000004,3.0000000000000004,0.04425963759422302,true,false
20,73,0.35,3.0000000000000004,0.04508969187736511,true,false
21,73,0.4,3.0000000000000004,0.04596772789955139,true,false
22,73,0.45000000000000007,3.0000000000000004,0.04591602087020874,true,false
23,73,0.5000000000000001,3.0000000000000004,0.04616764187812805,true,false
24,73,0.5500000000000002,3.0000000000000004,0.04677313566207886,true,false
25,73,0.6,3.0000000000000004,0.04536515474319458,true,false
26,73,0.65,3.0000000000000004,0.0456393032468341,false,true
0,74,-0.65,3.0500000000000003,0.03400642592331429,false,true
1,74,-0.6,3.0500000000000003,0.03400367498397827,false,true
2,74,-0.55,3.0500000000000003,0.03308866308142918,false,true
3,74,-0.5,3.0500000000000003,0.03156101703643799,true,false
4,74,-0.45,3.0500000000000003,0.03081876039505005,true,false
5,74,-0.4,3.0500000000000003,0.03276371955871582,true,false
6,74,-0.35,3.0500000000000003,0.03340959548950195,true,false
7,74,-0.3,3.0500000000000003,0.034477412700653076,true,false
8,74,-0.25,3.0500000000000003,0.03575408458709717,true,false
9,74,-0.2,3.0500000000000003,0.036491990089416504,true,false
10,74,-0.15000000000000002,3.0500000000000003,0.03653901815414429,true,false
11,74,-0.09999999999999998,3.0500000000000003,0.03655695915222168,true,false
12,74,-0.04999999999999993,3.0500000000000003,0.03814423084259033,true,false
13,74,0.0,3.0500000000000003,0.03815793991088867,true,false
14,74,0.050000000000000044,3.0500000000000003,0.03865706920623779,true,false
15,74,0.09999999999999998,3.0500000000000003,0.03939032554626465,true,false
16,74,0.15000000000000002,3.0500000000000003,0.04068267345428467,true,false
17,74,0.20000000000000007,3.0500000000000003,0.042205989360809326,true,false
18,74,0.25,3.0500000000000003,0.04238811135292053,true,false
19,74,0.30000000000000004,3.0500000000000003,0.04343327879905701,true,false
20,74,0.35,3.0500000000000003,0.04527100920677185,true,false
21,74,0.4,3.0500000000000003,0.04649248719215393,true,false
22,74,0.45000000000000007,3.0500000000000003,0.046831995248794556,true,false
23,74,0.5000000000000001,3.0500000000000003,0.046894997358322144,true,false
24,74,0.5500000000000002,3.0500000000000003,0.047290921211242676,true,false
25,74,0.6,3.0500000000000003,0.04601919651031494,true,false
26,74,0.65,3.0500000000000003,0.04614186371576742,false,true
0,75,-0.65,3.1,0.03415185971787852,false,true
1,75,-0.6,3.1,0.03401031633903255,false,true
2,75,-0.55,3.1,0.03400367498397827,true,false
3,75,-0.5,3.1,0.03485602140426636,true,false
4,75,-0.45,3.1,0.033409178256988525,true,false
5,75,-0.4,3.1,0.03443348407745361,true,false
6,75,-0.35,3.1,0.03531312942504883,true,false
7,75,-0.3,3.1,0.03688991069793701,true,false
8,75,-0.25,3.1,0.03852027654647827,true,false
9,75,-0.2,3.1,0.039189934730529785,true,false
10,75,-0.15000000000000002,3.1,0.03907895088195801,true,false
11,75,-0.09999999999999998,3.1,0.039747655391693115,true,false
12,75,-0.04999999999999993,3.1,0.03932744264602661,true,false
13,75,0.0,3.1,0.039128780364990234,true,false
14,75,0.050000000000000044,3.1,0.04118221998214722,true,false
15,75,0.09999999999999998,3.1,0.040598392486572266,true,false
16,75,0.15000000000000002,3.1,0.04010564088821411,true,false
17,75,0.20000000000000007,3.1,0.04118090867996216,true,false
18,75,0.25,3.1,0.04169344902038574,true,false
19,75,0.30000000000000004,3.1,0.04271063208580017,true,false
20,75,0.35,3.1,0.043911635875701904,true,false
21,75,0.4,3.1,0.045735716819763184,true,false
22,75,0.45000000000000007,3.1,0.04613900184631348,true,false
23,75,0.5000000000000001,3.1,0.04727110266685486,true,false
24,75,0.5500000000000002,3.1,0.046452999114990234,true,false
25,75,0.6,3.1,0.047092050313949585,true,false
26,75,0.65,3.1,0.046804171253548035,false,true
0,76,-0.65,3.1500000000000004,0.03465725187171751,false,true
1,76,-0.6,3.1500000000000004,0.03450021701780685,false,true
2,76,-0.55,3.1500000000000004,0.03401970863342285,true,false
3,76,-0.5,3.1500000000000004,0.036325931549072266,true,false
4,76,-0.45,3.1500000000000004,0.037238240242004395,true,false
5,76,-0.4,3.1500000000000004,0.03814572095870972,true,false
6,76,-0.35,3.1500000000000004,0.038929879665374756,true,false
7,76,-0.3,3.1500000000000004,0.039009928703308105,true,false
8,76,-0.25,3.1500000000000004,0.039381980895996094,true,false
9,76,-0.2,3.1500000000000004,0.039916038513183594,true,false
10,76,-0.15000000000000002,3.1500000000000004,0.040040016174316406,true,false
11,76,-0.09999999999999998,3.1500000000000004,0.04096764326095581,true,false
12,76,-0.04999999999999993,3.1500000000000004,0.0412447452545166,true,false
13,76,0.0,3.1500000000000004,0.04167419672012329,true,false
14,76,0.050000000000000044,3.1500000000000004,0.04300692677497864,true,false
15,76,0.09999999999999998,3.1500000000000004,0.04346337914466858,true,false
16,76,0.15000000000000002,3.1500000000000004,0.04392898082733154,true,false
17,76,0.20000000000000007,3.1500000000000004,0.04419562220573425,true,false
18,76,0.25,3.1500000000000004,0.04497602581977844,true,false
19,76,0.30000000000000004,3.1500000000000004,0.04428368806838989,true,false
20,76,0.35,3.1500000000000004,0.043944716453552246,true,false
21,76,0.4,3.1500000000000004,0.04460218548774719,true,false
22,76,0.45000000000000007,3.1500000000000004,0.04532134532928467,true,false
23,76,0.5000000000000001,3.1500000000000004,0.04486614465713501,true,false
24,76,0.5500000000000002,3.1500000000000004,0.04628676176071167,true,false
25,76,0.6,3.1500000000000004,0.04718202352523804,true,false
26,76,0.65,3.1500000000000004,0.047920025675625234,false,true
0,77,-0.65,3.2,0.03546602757443231,false,true
1,77,-0.6,3.2,0.0355262682245682,false,true
2,77,-0.55,3.2,0.03567630052566528,true,false
3,77,-0.5,3.2,0.03767573833465576,true,false
4,77,-0.45,3.2,0.03838372230529785,true,false
5,77,-0.4,3.2,0.03915339708328247,true,false
6,77,-0.35,3.2,0.0393524169921875,true,false
7,77,-0.3,3.2,0.03894108533859253,true,false
8,77,-0.25,3.2,0.03902560472488403,true,false
9,77,-0.2,3.2,0.039292335510253906,true,false
10,77,-0.15000000000000002,3.2,0.03898853063583374,true,false
11,77,-0.09999999999999998,3.2,0.03867274522781372,true,false
12,77,-0.04999999999999993,3.2,0.03991210460662842,true,false
13,77,0.0,3.2,0.04058551788330078,true,false
14,77,0.050000000000000044,3.2,0.04181525111198425,true,false
15,77,0.09999999999999998,3.2,0.04285597801208496,true,false
16,77,0.15000000000000002,3.2,0.04277828335762024,true,false
17,77,0.20000000000000007,3.2,0.04458761215209961,true,false
18,77,0.25,3.2,0.04480263590812683,true,false
19,77,0.30000000000000004,3.2,0.04563245177268982,true,false
20,77,0.35,3.2,0.04665979743003845,true,false
21,77,0.4,3.2,0.04743281006813049,true,false
22,77,0.45000000000000007,3.2,0.04714229702949524,true,false
23,77,0.5000000000000001,3.2,0.04788956046104431,true,false
24,77,0.5500000000000002,3.2,0.04846674203872681,true,false
25,77,0.6,3.2,0.049791693687438965,true,false
26,77,0.65,3.2,0.0489756639166476,false,true
0,78,-0.65,3.2500000000000004,0.036245195079746065,false,true
1,78,-0.6,3.2500000000000004,0.03634664498662942,false,true
2,78,-0.55,3.2500000000000004,0.03682065010070801,true,false
3,78,-0.5,3.2500000000000004,0.037734031677246094,true,false
4,78,-0.45,3.2500000000000004,0.0382004976272583,true,false
5,78,-0.4,3.2500000000000004,0.03971600532531738,true,false
6,78,-0.35,3.2500000000000004,0.040535569190979004,true,false
7,78,-0.3,3.2500000000000004,0.04009449481964111,true,false
8,78,-0.25,3.2500000000000004,0.03929799795150757,true,false
9,78,-0.2,3.2500000000000004,0.03905379772186279,true,false
10,78,-0.15000000000000002,3.2500000000000004,0.037797749042510986,true,false
11,78,-0.09999999999999998,3.2500000000000004,0.037836432456970215,true,false
12,78,-0.04999999999999993,3.2500000000000004,0.03781092166900635,true,false
13,78,0.0,3.2500000000000004,0.03934347629547119,true,false
14,78,0.050000000000000044,3.2500000000000004,0.03999394178390503,true,false
15,78,0.09999999999999998,3.2500000000000004,0.042559921741485596,true,false
16,78,0.15000000000000002,3.2500000000000004,0.04265034198760986,true,false
17,78,0.20000000000000007,3.2500000000000004,0.04437011480331421,true,false
18,78,0.25,3.2500000000000004,0.043797433376312256,true,false
19,78,0.30000000000000004,3.2500000000000004,0.045613229274749756,true,false
20,78,0.35,3.2500000000000004,0.04591473937034607,true,false
21,78,0.4,3.2500000000000004,0.0473560094833374,true,false
22,78,0.45000000000000007,3.2500000000000004,0.047218114137649536,true,false
23,78,0.5000000000000001,3.2500000000000004,0.04759231209754944,true,false
24,78,0.5500000000000002,3.2500000000000004,0.047092437744140625,true,false
25,78,0.6,3.2500000000000004,0.04961526393890381,true,false
26,78,0.65,3.2500000000000004,0.048869274846725604,false,true
0,79,-0.65,3.3000000000000003,0.036624310753822456,false,true
1,79,-0.6,3.3000000000000003,0.03682065010070801,false,true
2,79,-0.55,3.3000000000000003,0.0371989851373318,false,true
3,79,-0.5,3.3000000000000003,0.03760313312085489,false,true
4,79,-0.45,3.3000000000000003,0.03850775484151344,false,true
5,79,-0.4,3.3000000000000003,0.03951216809613312,false,true
6,79,-0.35,3.3000000000000003,0.0401663367999849,false,true
7,79,-0.3,3.3000000000000003,0.03999039398051592,false,true
8,79,-0.25,3.3000000000000003,0.039459761891694395,false,true
9,79,-0.2,3.3000000000000003,0.0387574341724767,false,true
10,79,-0.15000000000000002,3.3000000000000003,0.038176967292968385,false,true
11,79,-0.09999999999999998,3.3000000000000003,0.037817630410393356,false,true
12,79,-0.04999999999999993,3.3000000000000003,0.03826726846336029,false,true
13,79,0.0,3.3000000000000003,0.03940984257488328,false,true
14,79,0.050000000000000044,3.3000000000000003,0.040193796157836914,true,false
15,79,0.09999999999999998,3.3000000000000003,0.0420001745223999,true,false
16,79,0.15000000000000002,3.3000000000000003,0.042139142751693726,true,false
17,79,0.20000000000000007,3.3000000000000003,0.04373502731323242,true,false
18,79,0.25,3.3000000000000003,0.04316169023513794,true,false
19,79,0.30000000000000004,3.3000000000000003,0.04381707310676575,true,false
20,79,0.35,3.3000000000000003,0.0444701611995697,true,false
21,79,0.4,3.3000000000000003,0.04596877098083496,true,false
22,79,0.45000000000000007,3.3000000000000003,0.0460110604763031,true,false
23,79,0.5000000000000001,3.3000000000000003,0.04667249321937561,true,false
24,79,0.5500000000000002,3.3000000000000003,0.046042442321777344,true,false
25,79,0.6,3.3000000000000003,0.046891868114471436,true,false
26,79,0.65,3.3000000000000003,0.04830869921480732,false,true
0,80,-0.65,3.35,0.03682065010070801,false,true
1,80,-0.6,3.35,0.03697736160399851,false,true
2,80,-0.55,3.35,0.037206545574436194,false,true
3,80,-0.5,3.35,0.037749718484656095,false,true
4,80,-0.45,3.35,0.03853698310510565,false,true
5,80,-0.4,3.35,0.03940958384228684,false,true
6,80,-0.35,3.35,0.03992320276394534,false,true
7,80,-0.3,3.35,0.03988650789873666,false,true
8,80,-0.25,3.35,0.03940947340585146,false,true
9,80,-0.2,3.35,0.038793126386066495,false,true
10,80,-0.15000000000000002,3.35,0.03824173476954638,false,true
11,80,-0.09999999999999998,3.35,0.03805457368320364,false,true
12,80,-0.04999999999999993,3.35,0.03897504711758444,false,true
13,80,0.0,3.35,0.040193796157836914,false,true
14,80,0.050000000000000044,3.35,0.04094202257521623,false,true
15,80,0.09999999999999998,3.35,0.041511801400798735,false,true
16,80,0.15000000000000002,3.35,0.04256586366578681,false,true
17,80,0.20000000000000007,3.35,0.04309967700488047,false,true
18,80,0.25,3.35,0.0435215739762324,false,true
19,80,0.30000000000000004,3.35,0.04381640098160956,false,true
20,80,0.35,3.35,0.04565420416550626,false,true
21,80,0.4,3.35,0.047914862632751465,true,false
22,80,0.45000000000000007,3.35,0.04819437861442566,true,false
23,80,0.5000000000000001,3.35,0.0509168803691864,true,false
24,80,0.5500000000000002,3.35,0.048647165298461914,true,false
25,80,0.6,3.35,0.04900583624839783,true,false
26,80,0.65,3.35,0.048130201976900974,false,true
