grid_x,grid_y,local_x_m,local_y_m,height_m,measured,interpolated
0,0,-0.8,-0.65,-0.7175634415331732,false,true
1,0,-0.75,-0.65,-0.7227283222296861,false,true
2,0,-0.7000000000000001,-0.65,-0.7278891713801277,false,true
3,0,-0.65,-0.65,-0.7281953494199982,false,true
4,0,-0.6000000000000001,-0.65,-0.7287523461777549,false,true
5,0,-0.55,-0.65,-0.7354512306868334,false,true
6,0,-0.5,-0.65,-0.7450688095274818,false,true
7,0,-0.45,-0.65,-0.7451649237249283,false,true
8,0,-0.4,-0.65,-0.745363857786804,false,true
9,0,-0.35000000000000003,-0.65,-0.7459479529268355,false,true
10,0,-0.30000000000000004,-0.65,-0.7470873223024725,false,true
11,0,-0.25,-0.65,-0.7489776053353512,false,true
12,0,-0.19999999999999996,-0.65,-0.7497070045653236,false,true
13,0,-0.15000000000000002,-0.65,-0.7493157473606518,false,true
14,0,-0.09999999999999998,-0.65,-0.7491309619759391,false,true
15,0,-0.050000000000000044,-0.65,-0.7603595973099959,false,true
16,0,0.0,-0.65,-0.7804385335627448,false,true
17,0,0.050000000000000044,-0.65,-0.78582641308995,false,true
18,0,0.09999999999999998,-0.65,-0.7880581458625507,false,true
19,0,0.15000000000000002,-0.65,-0.793446025389756,false,true
20,0,0.19999999999999996,-0.65,-0.7923553341889963,false,true
21,0,0.25,-0.65,-0.798600506229283,false,true
22,0,0.30000000000000004,-0.65,-0.8063558550063026,false,true
23,0,0.3500000000000001,-0.65,-0.8065921869292729,false,true
24,0,0.40000000000000013,-0.65,-0.8120601645447599,false,true
25,0,0.44999999999999996,-0.65,-0.818235448140229,false,true
26,0,0.5,-0.65,-0.8182159968121647,false,true
27,0,0.55,-0.65,-0.8181911317380542,false,true
0,1,-0.8,-0.6,-0.7176466085384449,false,true
1,1,-0.75,-0.6,-0.7175634415331732,false,true
2,1,-0.7000000000000001,-0.6,-0.722734023696817,false,true
3,1,-0.65,-0.6,-0.7278891713801277,false,true
4,1,-0.6000000000000001,-0.6,-0.7286283505564839,false,true
5,1,-0.55,-0.6,-0.7297908772646586,false,true
6,1,-0.5,-0.6,-0.7366777489610101,false,true
7,1,-0.45,-0.6,-0.7450688095274818,false,true
8,1,-0.4,-0.6,-0.7453008497264938,false,true
9,1,-0.35000000000000003,-0.6,-0.7457480128995558,false,true
10,1,-0.30000000000000004,-0.6,-0.7468778140254174,false,true
11,1,-0.25,-0.6,-0.7487229211522298,false,true
12,1,-0.19999999999999996,-0.6,-0.7504060481877656,false,true
13,1,-0.15000000000000002,-0.6,-0.7497070045653236,false,true
14,1,-0.09999999999999998,-0.6,-0.7487624261154286,false,true
15,1,-0.050000000000000044,-0.6,-0.7490761077987091,false,true
16,1,0.0,-0.6,-0.7595181284356577,false,true
17,1,0.050000000000000044,-0.6,-0.7804385335627448,true,false
18,1,0.09999999999999998,-0.6,-0.793446025389756,true,false
19,1,0.15000000000000002,-0.6,-0.790812863900521,false,true
20,1,0.19999999999999996,-0.6,-0.7964647938066151,false,true
21,1,0.25,-0.6,-0.8063558550063026,false,true
22,1,0.30000000000000004,-0.6,-0.8069264107399593,false,true
23,1,0.3500000000000001,-0.6,-0.8110598828351219,false,true
24,1,0.40000000000000013,-0.6,-0.818235448140229,false,true
25,1,0.44999999999999996,-0.6,-0.81818848848021,false,true
26,1,0.5,-0.6,-0.8181559672130178,false,true
27,1,0.55,-0.6,-0.8180879424015123,false,true
0,2,-0.8,-0.55,-0.7178132575154883,false,true
1,2,-0.75,-0.55,-0.7177642244452421,false,true
2,2,-0.7000000000000001,-0.55,-0.7175634415331732,false,true
3,2,-0.65,-0.55,-0.7227558513482326,false,true
4,2,-0.6000000000000001,-0.55,-0.7278891713801277,false,true
5,2,-0.55,-0.55,-0.7296737077727108,false,true
6,2,-0.5,-0.55,-0.7318582858337985,false,true
7,2,-0.45,-0.55,-0.7386307886113705,false,true
8,2,-0.4,-0.55,-0.7450688095274818,false,true
9,2,-0.35000000000000003,-0.55,-0.7456290041229526,false,true
10,2,-0.30000000000000004,-0.55,-0.7465955200975438,false,true
11,2,-0.25,-0.55,-0.7485258478292567,false,true
12,2,-0.19999999999999996,-0.55,-0.7511290259730463,false,true
13,2,-0.15000000000000002,-0.55,-0.7522524005285834,false,true
14,2,-0.09999999999999998,-0.55,-0.7497070045653236,true,false
15,2,-0.050000000000000044,-0.55,-0.7474265904608619,true,false
16,2,0.0,-0.55,-0.7507779808226478,true,false
17,2,0.050000000000000044,-0.55,-0.7543841810408485,true,false
18,2,0.09999999999999998,-0.55,-0.7870890112105262,true,false
19,2,0.15000000000000002,-0.55,-0.7934885252553939,false,true
20,2,0.19999999999999996,-0.55,-0.8063558550063026,false,true
21,2,0.25,-0.55,-0.8077332983965864,false,true
22,2,0.30000000000000004,-0.55,-0.8114617411884352,false,true
23,2,0.3500000000000001,-0.55,-0.818235448140229,false,true
24,2,0.40000000000000013,-0.55,-0.8181220774921266,false,true
25,2,0.44999999999999996,-0.55,-0.8180304942686779,false,true
26,2,0.5,-0.55,-0.8178636863798511,false,true
27,2,0.55,-0.55,-0.8165577625280867,false,true
0,3,-0.8,-0.5,-0.7183129872130312,false,true
1,3,-0.75,-0.5,-0.7181324167307502,false,true
2,3,-0.7000000000000001,-0.5,-0.7180481743625827,false,true
3,3,-0.65,-0.5,-0.7175634415331732,false,true
4,3,-0.6000000000000001,-0.5,-0.7228394169209809,false,true
5,3,-0.55,-0.5,-0.7278891713801277,false,true
6,3,-0.5,-0.5,-0.7321974233416502,false,true
7,3,-0.45,-0.5,-0.7353477874243561,false,true
8,3,-0.4,-0.5,-0.7406022821906475,false,true
9,3,-0.35000000000000003,-0.5,-0.7450688095274818,true,false
10,3,-0.30000000000000004,-0.5,-0.7464212389174354,true,false
11,3,-0.25,-0.5,-0.7483687014761817,true,false
12,3,-0.19999999999999996,-0.5,-0.7508526952448737,true,false
13,3,-0.15000000000000002,-0.5,-0.754280141133393,true,false
14,3,-0.09999999999999998,-0.5,-0.7543841810408485,true,false
15,3,-0.050000000000000044,-0.5,-0.753617665309037,true,false
16,3,0.0,-0.5,-0.7527395696822059,true,false
17,3,0.050000000000000044,-0.5,-0.7612872333708656,true,false
18,3,0.09999999999999998,-0.5,-0.784384152430619,true,false
19,3,0.15000000000000002,-0.5,-0.8063558550063026,true,false
20,3,0.19999999999999996,-0.5,-0.8096812975205266,false,true
21,3,0.25,-0.5,-0.812260973494565,false,true
22,3,0.30000000000000004,-0.5,-0.818235448140229,false,true
23,3,0.3500000000000001,-0.5,-0.8179617471840054,false,true
24,3,0.40000000000000013,-0.5,-0.8176960221604399,false,true
25,3,0.44999999999999996,-0.5,-0.8173029823008022,false,true
26,3,0.5,-0.5,-0.8161866076669909,false,true
27,3,0.55,-0.5,-0.8143841834250344,false,true
0,4,-0.8,-0.45,-0.7193182563813515,false,true
1,4,-0.75,-0.45,-0.719117115205826,false,true
2,4,-0.7000000000000001,-0.45,-0.7188205286279159,false,true
3,4,-0.65,-0.45,-0.7187336901040613,false,true
4,4,-0.6000000000000001,-0.45,-0.7175634415331732,false,true
5,4,-0.55,-0.45,-0.7231593416263855,false,true
6,4,-0.5,-0.45,-0.7278891713801277,true,false
7,4,-0.45,-0.45,-0.7382902116957557,true,false
8,4,-0.4,-0.45,-0.7386451871577155,true,false
9,4,-0.35000000000000003,-0.45,-0.7393654794875038,true,false
10,4,-0.30000000000000004,-0.45,-0.7431832761946571,true,false
11,4,-0.25,-0.45,-0.7456177087012184,true,false
12,4,-0.19999999999999996,-0.45,-0.7491712184134376,true,false
13,4,-0.15000000000000002,-0.45,-0.7536063404265296,true,false
14,4,-0.09999999999999998,-0.45,-0.7543841810408485,true,false
15,4,-0.050000000000000044,-0.45,-0.757507315415467,true,false
16,4,0.0,-0.45,-0.7539144368353736,true,false
17,4,0.050000000000000044,-0.45,-0.7562835128489387,true,false
18,4,0.09999999999999998,-0.45,-0.784384152430619,true,false
19,4,0.15000000000000002,-0.45,-0.8143841834250343,true,false
20,4,0.19999999999999996,-0.45,-0.8133651216598884,false,true
21,4,0.25,-0.45,-0.818235448140229,false,true
22,4,0.30000000000000004,-0.45,-0.8175746755796796,false,true
23,4,0.3500000000000001,-0.45,-0.8167808042484628,false,true
24,4,0.40000000000000013,-0.45,-0.8159280448094249,false,true
25,4,0.44999999999999996,-0.45,-0.8153129417256034,false,true
26,4,0.5,-0.45,-0.8143841834250344,false,true
27,4,0.55,-0.45,-0.8143509421504372,false,true
0,5,-0.8,-0.4,-0.7209756259087582,false,true
1,5,-0.75,-0.4,-0.7207885526103326,false,true
2,5,-0.7000000000000001,-0.4,-0.7206054928099673,false,true
3,5,-0.65,-0.4,-0.72020042394083,false,true
4,5,-0.6000000000000001,-0.4,-0.7203886715043593,false,true
5,5,-0.55,-0.4,-0.7175634415331733,true,false
6,5,-0.5,-0.4,-0.7243841500464332,true,false
7,5,-0.45,-0.4,-0.7356401593867194,true,false
8,5,-0.4,-0.4,-0.7324530990305793,true,false
9,5,-0.35000000000000003,-0.4,-0.7345938594523322,true,false
10,5,-0.30000000000000004,-0.4,-0.7410983653250587,true,false
11,5,-0.25,-0.4,-0.7432884187880409,true,false
12,5,-0.19999999999999996,-0.4,-0.7474903376284492,true,false
13,5,-0.15000000000000002,-0.4,-0.7482475550356757,true,false
14,5,-0.09999999999999998,-0.4,-0.7492609830084693,true,false
15,5,-0.050000000000000044,-0.4,-0.7543841810408485,true,false
16,5,0.0,-0.4,-0.7543841810408485,true,false
17,5,0.050000000000000044,-0.4,-0.7543841810408485,true,false
18,5,0.09999999999999998,-0.4,-0.7843705029669654,true,false
19,5,0.15000000000000002,-0.4,-0.812045535582627,true,false
20,5,0.19999999999999996,-0.4,-0.818235448140229,true,false
21,5,0.25,-0.4,-0.8166402020629064,false,true
22,5,0.30000000000000004,-0.4,-0.8142034567533105,false,true
23,5,0.3500000000000001,-0.4,-0.8126883584707156,false,true
24,5,0.40000000000000013,-0.4,-0.8133734367522003,false,true
25,5,0.44999999999999996,-0.4,-0.8143841834250344,false,true
26,5,0.5,-0.4,-0.8143039318890712,false,true
27,5,0.55,-0.4,-0.8142746306751589,false,true
0,6,-0.8,-0.35,-0.7231416914587311,false,true
1,6,-0.75,-0.35,-0.7230986982074817,false,true
2,6,-0.7000000000000001,-0.35,-0.7230154622451511,false,true
3,6,-0.65,-0.35,-0.7230501494043027,false,true
4,6,-0.6000000000000001,-0.35,-0.7225711840910596,false,true
5,6,-0.55,-0.35,-0.7243841500464332,true,false
6,6,-0.5,-0.35,-0.7306419224921119,true,false
7,6,-0.45,-0.35,-0.7330317707243812,true,false
8,6,-0.4,-0.35,-0.7303774566832435,true,false
9,6,-0.35000000000000003,-0.35,-0.7325718910876167,true,false
10,6,-0.30000000000000004,-0.35,-0.7395535023394477,true,false
11,6,-0.25,-0.35,-0.7427422018233192,true,false
12,6,-0.19999999999999996,-0.35,-0.7450079531851661,true,false
13,6,-0.15000000000000002,-0.35,-0.7463781447592628,true,false
14,6,-0.09999999999999998,-0.35,-0.74686451866063,true,false
15,6,-0.050000000000000044,-0.35,-0.7517903657141578,true,false
16,6,0.0,-0.35,-0.7508881302061927,true,false
17,6,0.050000000000000044,-0.35,-0.7543841810408485,true,false
18,6,0.09999999999999998,-0.35,-0.7777474136534583,true,false
19,6,0.15000000000000002,-0.35,-0.7990251989546668,true,false
20,6,0.19999999999999996,-0.35,-0.8143841834250343,true,false
21,6,0.25,-0.35,-0.8067253871015126,false,true
22,6,0.30000000000000004,-0.35,-0.8056593688221779,false,true
23,6,0.3500000000000001,-0.35,-0.8095055046000553,false,true
24,6,0.40000000000000013,-0.35,-0.8143841834250344,false,true
25,6,0.44999999999999996,-0.35,-0.8141904390785107,false,true
26,6,0.5,-0.35,-0.8141236397511746,false,true
27,6,0.55,-0.35,-0.8139704634925635,false,true
0,7,-0.8,-0.3,-0.7254567045419992,false,true
1,7,-0.75,-0.3,-0.7255556319461368,false,true
2,7,-0.7000000000000001,-0.3,-0.7257096170318015,false,true
3,7,-0.65,-0.3,-0.7257814454985596,false,true
4,7,-0.6000000000000001,-0.3,-0.7263889865461407,false,true
5,7,-0.55,-0.3,-0.7250150056067359,true,false
6,7,-0.5,-0.3,-0.7313982160273444,true,false
7,7,-0.45,-0.3,-0.7321031303587806,true,false
8,7,-0.4,-0.3,-0.7316822619620216,true,false
9,7,-0.35000000000000003,-0.3,-0.7317679138365638,true,false
10,7,-0.30000000000000004,-0.3,-0.7350442619505775,true,false
11,7,-0.25,-0.3,-0.7398050637427223,true,false
12,7,-0.19999999999999996,-0.3,-0.7430977435294044,true,false
13,7,-0.15000000000000002,-0.3,-0.7455266328040016,true,false
14,7,-0.09999999999999998,-0.3,-0.7477960796538246,true,false
15,7,-0.050000000000000044,-0.3,-0.7484687180701148,true,false
16,7,0.0,-0.3,-0.7496647746745002,true,false
17,7,0.050000000000000044,-0.3,-0.7543841810408485,true,false
18,7,0.09999999999999998,-0.3,-0.7796004028502357,true,false
19,7,0.15000000000000002,-0.3,-0.7964079590025794,true,false
20,7,0.19999999999999996,-0.3,-0.784384152430619,true,false
21,7,0.25,-0.3,-0.7931709580730767,false,true
22,7,0.30000000000000004,-0.3,-0.8033473160658551,false,true
23,7,0.3500000000000001,-0.3,-0.8143841834250344,false,true
24,7,0.40000000000000013,-0.3,-0.8139164431960239,false,true
25,7,0.44999999999999996,-0.3,-0.8137686275626392,false,true
26,7,0.5,-0.3,-0.8134203711536943,false,true
27,7,0.55,-0.3,-0.8130068082026364,false,true
0,8,-0.8,-0.25,-0.7274710256729079,false,true
1,8,-0.75,-0.25,-0.7276748063998948,false,true
2,8,-0.7000000000000001,-0.25,-0.7278780338505724,false,true
3,8,-0.65,-0.25,-0.7282675038674467,false,true
4,8,-0.6000000000000001,-0.25,-0.7281325141168722,false,true
5,8,-0.55,-0.25,-0.7303369255247962,true,false
6,8,-0.5,-0.25,-0.7336003990355384,true,false
7,8,-0.45,-0.25,-0.7327117533865821,true,false
8,8,-0.4,-0.25,-0.7325517149153602,true,false
9,8,-0.35000000000000003,-0.25,-0.7336043925467384,true,false
10,8,-0.30000000000000004,-0.25,-0.7339769215765846,true,false
11,8,-0.25,-0.25,-0.7408162565413368,true,false
12,8,-0.19999999999999996,-0.25,-0.742698601025666,true,false
13,8,-0.15000000000000002,-0.25,-0.7445314140501869,true,false
14,8,-0.09999999999999998,-0.25,-0.7471215040865791,true,false
15,8,-0.050000000000000044,-0.25,-0.7483516247454536,true,false
16,8,0.0,-0.25,-0.7543841810408485,true,false
17,8,0.050000000000000044,-0.25,-0.7571684928122413,true,false
18,8,0.09999999999999998,-0.25,-0.7801452191058051,true,false
19,8,0.15000000000000002,-0.25,-0.7966825576010597,true,false
20,8,0.19999999999999996,-0.25,-0.784384152430619,true,false
21,8,0.25,-0.25,-0.7987523010136846,false,true
22,8,0.30000000000000004,-0.25,-0.8143841834250344,false,true
23,8,0.3500000000000001,-0.25,-0.8132549586204898,false,true
24,8,0.40000000000000013,-0.25,-0.8129440288267806,false,true
25,8,0.44999999999999996,-0.25,-0.8121577942921645,false,true
26,8,0.5,-0.25,-0.811305110319817,false,true
27,8,0.55,-0.25,-0.7791520983026584,false,true
0,9,-0.8,-0.2,-0.7289137961848595,false,true
1,9,-0.75,-0.2,-0.7290982299318237,false,true
2,9,-0.7000000000000001,-0.2,-0.7293525887509931,false,true
3,9,-0.65,-0.2,-0.7294238284225841,false,true
4,9,-0.6000000000000001,-0.2,-0.7303369255247963,false,true
5,9,-0.55,-0.2,-0.7287767405883043,false,true
6,9,-0.5,-0.2,-0.7269117446127784,true,false
7,9,-0.45,-0.2,-0.7319559068861854,true,false
8,9,-0.4,-0.2,-0.7338990183058631,true,false
9,9,-0.35000000000000003,-0.2,-0.7356538982573402,true,false
10,9,-0.30000000000000004,-0.2,-0.738232424992646,true,false
11,9,-0.25,-0.2,-0.7404992790404212,true,false
12,9,-0.19999999999999996,-0.2,-0.7418542714301002,true,false
13,9,-0.15000000000000002,-0.2,-0.743991336363877,true,false
14,9,-0.09999999999999998,-0.2,-0.7454548092070472,true,false
15,9,-0.050000000000000044,-0.2,-0.7496086569014442,true,false
16,9,0.0,-0.2,-0.7567674727621925,true,false
17,9,0.050000000000000044,-0.2,-0.7623503418150794,true,false
18,9,0.09999999999999998,-0.2,-0.784384152430619,true,false
19,9,0.15000000000000002,-0.2,-0.8019750328246009,true,false
20,9,0.19999999999999996,-0.2,-0.8113332600775611,true,false
21,9,0.25,-0.2,-0.8143841834250343,true,false
22,9,0.30000000000000004,-0.2,-0.8116579935869348,false,true
23,9,0.3500000000000001,-0.2,-0.8110641530973174,false,true
24,9,0.40000000000000013,-0.2,-0.8092872418462449,false,true
25,9,0.44999999999999996,-0.2,-0.8076357158388828,false,true
26,9,0.5,-0.2,-0.7768661749931136,false,true
27,9,0.55,-0.2,-0.7243841500464332,false,true
0,10,-0.8,-0.15000000000000002,-0.7297439226557205,false,true
1,10,-0.75,-0.15000000000000002,-0.7298919572635081,false,true
2,10,-0.7000000000000001,-0.15000000000000002,-0.7299587083212965,false,true
3,10,-0.65,-0.15000000000000002,-0.7303369255247963,false,true
4,10,-0.6000000000000001,-0.15000000000000002,-0.7274594475899724,false,true
5,10,-0.55,-0.15000000000000002,-0.7251244653548256,false,true
6,10,-0.5,-0.15000000000000002,-0.7243841500464332,true,false
7,10,-0.45,-0.15000000000000002,-0.7277616472426307,true,false
8,10,-0.4,-0.15000000000000002,-0.7325687320414436,true,false
9,10,-0.35000000000000003,-0.15000000000000002,-0.7340327413264167,true,false
10,10,-0.30000000000000004,-0.15000000000000002,-0.7350602061930549,true,false
11,10,-0.25,-0.15000000000000002,-0.7372144074622047,true,false
12,10,-0.19999999999999996,-0.15000000000000002,-0.7412148924055946,true,false
13,10,-0.15000000000000002,-0.15000000000000002,-0.743701836604203,true,false
14,10,-0.09999999999999998,-0.15000000000000002,-0.7465033741179359,true,false
15,10,-0.050000000000000044,-0.15000000000000002,-0.7501071901503455,true,false
16,10,0.0,-0.15000000000000002,-0.7554448456946266,true,false
17,10,0.050000000000000044,-0.15000000000000002,-0.7591326148692024,true,false
18,10,0.09999999999999998,-0.15000000000000002,-0.784384152430619,true,false
19,10,0.15000000000000002,-0.15000000000000002,-0.7969970317068946,true,false
20,10,0.19999999999999996,-0.15000000000000002,-0.8051620931807411,true,false
21,10,0.25,-0.15000000000000002,-0.8078025789442909,true,false
22,10,0.30000000000000004,-0.15000000000000002,-0.8069043054952976,false,true
23,10,0.3500000000000001,-0.15000000000000002,-0.8028065930815996,false,true
24,10,0.40000000000000013,-0.15000000000000002,-0.7999917923727616,false,true
25,10,0.44999999999999996,-0.15000000000000002,-0.772280645182382,false,true
26,10,0.5,-0.15000000000000002,-0.7243841500464332,false,true
27,10,0.55,-0.15000000000000002,-0.7394275020186287,false,true
0,11,-0.8,-0.09999999999999998,-0.7301417055254028,false,true
1,11,-0.75,-0.09999999999999998,-0.7301802628295839,false,true
2,11,-0.7000000000000001,-0.09999999999999998,-0.7303369255247963,false,true
3,11,-0.65,-0.09999999999999998,-0.7277145741213576,false,true
4,11,-0.6000000000000001,-0.09999999999999998,-0.7257819573062514,false,true
5,11,-0.55,-0.09999999999999998,-0.7253749498156284,false,true
6,11,-0.5,-0.09999999999999998,-0.7243841500464332,true,false
7,11,-0.45,-0.09999999999999998,-0.7281691940012824,true,false
8,11,-0.4,-0.09999999999999998,-0.7306311340514076,true,false
9,11,-0.35000000000000003,-0.09999999999999998,-0.732297411698426,true,false
10,11,-0.30000000000000004,-0.09999999999999998,-0.7339376421156776,true,false
11,11,-0.25,-0.09999999999999998,-0.7383342595282447,true,false
12,11,-0.19999999999999996,-0.09999999999999998,-0.7420375855151069,true,false
13,11,-0.15000000000000002,-0.09999999999999998,-0.7442858131113899,true,false
14,11,-0.09999999999999998,-0.09999999999999998,-0.7458521039667976,true,false
15,11,-0.050000000000000044,-0.09999999999999998,-0.749522319573487,true,false
16,11,0.0,-0.09999999999999998,-0.7543841810408485,true,false
17,11,0.050000000000000044,-0.09999999999999998,-0.7543841810408485,true,false
18,11,0.09999999999999998,-0.09999999999999998,-0.7731567235175025,true,false
19,11,0.15000000000000002,-0.09999999999999998,-0.784384152430619,true,false
20,11,0.19999999999999996,-0.09999999999999998,-0.784384152430619,true,false
21,11,0.25,-0.09999999999999998,-0.7981540770712745,true,false
22,11,0.30000000000000004,-0.09999999999999998,-0.7881601521061082,false,true
23,11,0.3500000000000001,-0.09999999999999998,-0.7849387023103896,false,true
24,11,0.40000000000000013,-0.09999999999999998,-0.763820441344363,false,true
25,11,0.44999999999999996,-0.09999999999999998,-0.7243841500464332,false,true
26,11,0.5,-0.09999999999999998,-0.7395500760799754,false,true
27,11,0.55,-0.09999999999999998,-0.7543841810408485,false,true
0,12,-0.8,-0.04999999999999993,-0.7302720337117214,false,true
1,12,-0.75,-0.04999999999999993,-0.7303369255247963,false,true
2,12,-0.7000000000000001,-0.04999999999999993,-0.7283595701918363,false,true
3,12,-0.65,-0.04999999999999993,-0.727011386658087,false,true
4,12,-0.6000000000000001,-0.04999999999999993,-0.7269942686434857,false,true
5,12,-0.55,-0.04999999999999993,-0.727015044770904,false,true
6,12,-0.5,-0.04999999999999993,-0.7277669520560157,true,false
7,12,-0.45,-0.04999999999999993,-0.7250537486258399,true,false
8,12,-0.4,-0.04999999999999993,-0.7265620441618812,true,false
9,12,-0.35000000000000003,-0.04999999999999993,-0.7291664095106971,true,false
10,12,-0.30000000000000004,-0.04999999999999993,-0.7329170317831886,true,false
11,12,-0.25,-0.04999999999999993,-0.7360020489874732,true,false
12,12,-0.19999999999999996,-0.04999999999999993,-0.740210613745774,true,false
13,12,-0.15000000000000002,-0.04999999999999993,-0.7409118623915565,true,false
14,12,-0.09999999999999998,-0.04999999999999993,-0.7429859252158058,true,false
15,12,-0.050000000000000044,-0.04999999999999993,-0.7446965487185371,true,false
16,12,0.0,-0.04999999999999993,-0.746865293521012,true,false
17,12,0.050000000000000044,-0.04999999999999993,-0.7543841810408485,true,false
18,12,0.09999999999999998,-0.04999999999999993,-0.7618894190970313,true,false
19,12,0.15000000000000002,-0.04999999999999993,-0.7722990722838294,true,false
20,12,0.19999999999999996,-0.04999999999999993,-0.7681844146433723,true,false
21,12,0.25,-0.04999999999999993,-0.7543841810408485,true,false
22,12,0.30000000000000004,-0.04999999999999993,-0.7584172811338725,false,true
23,12,0.3500000000000001,-0.04999999999999993,-0.7507398965384653,false,true
24,12,0.40000000000000013,-0.04999999999999993,-0.7243841500464332,false,true
25,12,0.44999999999999996,-0.04999999999999993,-0.7400193419412251,false,true
26,12,0.5,-0.04999999999999993,-0.7543841810408485,false,true
27,12,0.55,-0.04999999999999993,-0.7548257393925881,false,true
0,13,-0.8,0.0,-0.7303369255247963,false,true
1,13,-0.75,0.0,-0.728919331797286,false,true
2,13,-0.7000000000000001,0.0,-0.7280131479628303,false,true
3,13,-0.65,0.0,-0.7281147829708084,false,true
4,13,-0.6000000000000001,0.0,-0.7282650245383328,false,true
5,13,-0.55,0.0,-0.7285842055901747,false,true
6,13,-0.5,0.0,-0.7285825820151222,true,false
7,13,-0.45,0.0,-0.7243841500464332,true,false
8,13,-0.4,0.0,-0.7253750772658241,true,false
9,13,-0.35000000000000003,0.0,-0.726872047919358,true,false
10,13,-0.30000000000000004,0.0,-0.7310821922007453,true,false
11,13,-0.25,0.0,-0.7347301454726112,true,false
12,13,-0.19999999999999996,0.0,-0.7382807345572364,true,false
13,13,-0.15000000000000002,0.0,-0.7395668537798774,true,false
14,13,-0.09999999999999998,0.0,-0.7412948818388831,true,false
15,13,-0.050000000000000044,0.0,-0.7425962002459419,true,false
16,13,0.0,0.0,-0.7437529773894203,true,false
17,13,0.050000000000000044,0.0,-0.7459690184775245,true,false
18,13,0.09999999999999998,0.0,-0.7543841810408485,true,false
19,13,0.15000000000000002,0.0,-0.7781321020308387,true,false
20,13,0.19999999999999996,0.0,-0.7630375237646949,true,false
21,13,0.25,0.0,-0.7243841500464332,true,false
22,13,0.30000000000000004,0.0,-0.7397348336879425,false,true
23,13,0.3500000000000001,0.0,-0.7243841500464332,false,true
24,13,0.40000000000000013,0.0,-0.7418158920931511,false,true
25,13,0.44999999999999996,0.0,-0.7543841810408485,false,true
26,13,0.5,0.0,-0.7554501972021974,false,true
27,13,0.55,0.0,-0.7771919359657244,false,true
0,14,-0.8,0.050000000000000044,-0.7292932875316738,false,true
1,14,-0.75,0.050000000000000044,-0.7286567742685094,false,true
2,14,-0.7000000000000001,0.050000000000000044,-0.7287558505960456,false,true
3,14,-0.65,0.050000000000000044,-0.7288711756608794,false,true
4,14,-0.6000000000000001,0.050000000000000044,-0.7290228236357065,false,true
5,14,-0.55,0.050000000000000044,-0.7290636141333942,false,true
6,14,-0.5,0.050000000000000044,-0.7294037552061927,true,false
7,14,-0.45,0.050000000000000044,-0.7243841500464332,true,false
8,14,-0.4,0.050000000000000044,-0.7256275029364478,true,false
9,14,-0.35000000000000003,0.050000000000000044,-0.726781568068589,true,false
10,14,-0.30000000000000004,0.050000000000000044,-0.7304575057211768,true,false
11,14,-0.25,0.050000000000000044,-0.7335383506003272,true,false
12,14,-0.19999999999999996,0.050000000000000044,-0.7359498651209724,true,false
13,14,-0.15000000000000002,0.050000000000000044,-0.7346537025156867,true,false
14,14,-0.09999999999999998,0.050000000000000044,-0.7410103888693702,true,false
15,14,-0.050000000000000044,0.050000000000000044,-0.7427016408625495,true,false
16,14,0.0,0.050000000000000044,-0.7428789646807563,true,false
17,14,0.050000000000000044,0.050000000000000044,-0.7450827570143592,true,false
18,14,0.09999999999999998,0.050000000000000044,-0.7543841810408485,true,false
19,14,0.15000000000000002,0.050000000000000044,-0.784384152430619,true,false
20,14,0.19999999999999996,0.050000000000000044,-0.7798154266062629,true,false
21,14,0.25,0.050000000000000044,-0.7685037763300788,true,false
22,14,0.30000000000000004,0.050000000000000044,-0.7243841500464332,true,false
23,14,0.3500000000000001,0.050000000000000044,-0.7486938534257517,false,true
24,14,0.40000000000000013,0.050000000000000044,-0.7543841810408485,false,true
25,14,0.44999999999999996,0.050000000000000044,-0.7569577717152859,false,true
26,14,0.5,0.050000000000000044,-0.7781493719474609,false,true
27,14,0.55,0.050000000000000044,-0.8143841834250344,false,true
0,15,-0.8,0.09999999999999998,-0.7290236906074534,false,true
1,15,-0.75,0.09999999999999998,-0.7290914819513776,false,true
2,15,-0.7000000000000001,0.09999999999999998,-0.7291602854880768,false,true
3,15,-0.65,0.09999999999999998,-0.7292338239505133,false,true
4,15,-0.6000000000000001,0.09999999999999998,-0.7292628641607193,false,true
5,15,-0.55,0.09999999999999998,-0.7294037552061926,false,true
6,15,-0.5,0.09999999999999998,-0.7267029125530837,false,true
7,15,-0.45,0.09999999999999998,-0.7251734049502265,true,false
8,15,-0.4,0.09999999999999998,-0.7271399707976234,true,false
9,15,-0.35000000000000003,0.09999999999999998,-0.7286997051421058,true,false
10,15,-0.30000000000000004,0.09999999999999998,-0.7302115769568336,true,false
11,15,-0.25,0.09999999999999998,-0.731781384486283,true,false
12,15,-0.19999999999999996,0.09999999999999998,-0.7333002896490943,true,false
13,15,-0.15000000000000002,0.09999999999999998,-0.7354162545386207,true,false
14,15,-0.09999999999999998,0.09999999999999998,-0.7388528199377906,true,false
15,15,-0.050000000000000044,0.09999999999999998,-0.7411111207190406,true,false
16,15,0.0,0.09999999999999998,-0.740790447730149,true,false
17,15,0.050000000000000044,0.09999999999999998,-0.7432213635626685,true,false
18,15,0.09999999999999998,0.09999999999999998,-0.7543841810408485,true,false
19,15,0.15000000000000002,0.09999999999999998,-0.784384152430619,true,false
20,15,0.19999999999999996,0.09999999999999998,-0.784384152430619,true,false
21,15,0.25,0.09999999999999998,-0.784384152430619,true,false
22,15,0.30000000000000004,0.09999999999999998,-0.7750256271544349,true,false
23,15,0.3500000000000001,0.09999999999999998,-0.7543841810408485,true,false
24,15,0.40000000000000013,0.09999999999999998,-0.7605973785510723,false,true
25,15,0.44999999999999996,0.09999999999999998,-0.7806402494891875,false,true
26,15,0.5,0.09999999999999998,-0.8143841834250344,false,true
27,15,0.55,0.09999999999999998,-0.8141281147009338,false,true
0,16,-0.8,0.15000000000000002,-0.7292578589029898,false,true
1,16,-0.75,0.15000000000000002,-0.7292947355084082,false,true
2,16,-0.7000000000000001,0.15000000000000002,-0.7293298104119703,false,true
3,16,-0.65,0.15000000000000002,-0.7293453962243407,false,true
4,16,-0.6000000000000001,0.15000000000000002,-0.7294037552061926,false,true
5,16,-0.55,0.15000000000000002,-0.727495101539491,false,true
6,16,-0.5,0.15000000000000002,-0.7265646211689781,false,true
7,16,-0.45,0.15000000000000002,-0.7273651571455848,true,false
8,16,-0.4,0.15000000000000002,-0.7277752371016395,true,false
9,16,-0.35000000000000003,0.15000000000000002,-0.7298064143839729,true,false
10,16,-0.30000000000000004,0.15000000000000002,-0.7288864762965095,true,false
11,16,-0.25,0.15000000000000002,-0.7298551411810767,true,false
12,16,-0.19999999999999996,0.15000000000000002,-0.7331328005972755,true,false
13,16,-0.15000000000000002,0.15000000000000002,-0.7348126383009803,true,false
14,16,-0.09999999999999998,0.15000000000000002,-0.7378346533957374,true,false
15,16,-0.050000000000000044,0.15000000000000002,-0.7397348196688545,true,false
16,16,0.0,0.15000000000000002,-0.740039727229203,true,false
17,16,0.050000000000000044,0.15000000000000002,-0.7433849485102546,true,false
18,16,0.09999999999999998,0.15000000000000002,-0.7529649348441017,true,false
19,16,0.15000000000000002,0.15000000000000002,-0.7798033268633735,true,false
20,16,0.19999999999999996,0.15000000000000002,-0.7894568653288734,true,false
21,16,0.25,0.15000000000000002,-0.7847441048804176,true,false
22,16,0.30000000000000004,0.15000000000000002,-0.8070206256094825,true,false
23,16,0.3500000000000001,0.15000000000000002,-0.7693841667357337,true,false
24,16,0.40000000000000013,0.15000000000000002,-0.7875200888272064,false,true
25,16,0.44999999999999996,0.15000000000000002,-0.8143841834250344,false,true
26,16,0.5,0.15000000000000002,-0.8137659788384111,false,true
27,16,0.55,0.15000000000000002,-0.8137659788384111,false,true
0,17,-0.8,0.20000000000000007,-0.7293557729364268,false,true
1,17,-0.75,0.20000000000000007,-0.7293720844590851,false,true
2,17,-0.7000000000000001,0.20000000000000007,-0.7293795821244232,false,true
3,17,-0.65,0.20000000000000007,-0.7294037552061926,false,true
4,17,-0.6000000000000001,0.20000000000000007,-0.7276000162396387,false,true
5,17,-0.55,0.20000000000000007,-0.726669259420976,false,true
6,17,-0.5,0.20000000000000007,-0.7269039445840768,false,true
7,17,-0.45,0.20000000000000007,-0.7268237085524452,true,false
8,17,-0.4,0.20000000000000007,-0.7272808165732276,true,false
9,17,-0.35000000000000003,0.20000000000000007,-0.7286836714926612,true,false
10,17,-0.30000000000000004,0.20000000000000007,-0.7283464284125221,true,false
11,17,-0.25,0.20000000000000007,-0.7294938178244483,true,false
12,17,-0.19999999999999996,0.20000000000000007,-0.7319039018336189,true,false
13,17,-0.15000000000000002,0.20000000000000007,-0.7340029092017066,true,false
14,17,-0.09999999999999998,0.20000000000000007,-0.736916175622071,true,false
15,17,-0.050000000000000044,0.20000000000000007,-0.7399989576521766,true,false
16,17,0.0,0.20000000000000007,-0.7426669211569679,true,false
17,17,0.050000000000000044,0.20000000000000007,-0.7445101947966468,true,false
18,17,0.09999999999999998,0.20000000000000007,-0.7543841810408485,true,false
19,17,0.15000000000000002,0.20000000000000007,-0.7713293345156562,true,false
20,17,0.19999999999999996,0.20000000000000007,-0.7922005863371742,true,false
21,17,0.25,0.20000000000000007,-0.7967501194659126,true,false
22,17,0.30000000000000004,0.20000000000000007,-0.8062522025290382,true,false
23,17,0.3500000000000001,0.20000000000000007,-0.8083124966803443,true,false
24,17,0.40000000000000013,0.20000000000000007,-0.8143841834250343,true,false
25,17,0.44999999999999996,0.20000000000000007,-0.8128917055276873,false,true
26,17,0.5,0.20000000000000007,-0.8131477742517879,false,true
27,17,0.55,0.20000000000000007,-0.8129977726661093,false,true
0,18,-0.8,0.25,-0.729390331613987,false,true
1,18,-0.75,0.25,-0.7293937423878792,false,true
2,18,-0.7000000000000001,0.25,-0.7294037552061926,false,true
3,18,-0.65,0.25,-0.7274730152863235,false,true
4,18,-0.6000000000000001,0.25,-0.7264141924037157,false,true
5,18,-0.55,0.25,-0.7264703477465289,false,true
6,18,-0.5,0.25,-0.7264420027324291,false,true
7,18,-0.45,0.25,-0.7265562029066932,true,false
8,18,-0.4,0.25,-0.7280259342375648,true,false
9,18,-0.35000000000000003,0.25,-0.7295988412085426,true,false
10,18,-0.30000000000000004,0.25,-0.729337057608689,true,false
11,18,-0.25,0.25,-0.7302187295142066,true,false
12,18,-0.19999999999999996,0.25,-0.7336117239180457,true,false
13,18,-0.15000000000000002,0.25,-0.7341805310431373,true,false
14,18,-0.09999999999999998,0.25,-0.7374342293921363,true,false
15,18,-0.050000000000000044,0.25,-0.7443091483298194,true,false
16,18,0.0,0.25,-0.7445066781226051,true,false
17,18,0.050000000000000044,0.25,-0.7458739490691078,true,false
18,18,0.09999999999999998,0.25,-0.7543841810408485,true,false
19,18,0.15000000000000002,0.25,-0.7769645066443336,true,false
20,18,0.19999999999999996,0.25,-0.7870577485743415,true,false
21,18,0.25,0.25,-0.8023063750449073,true,false
22,18,0.30000000000000004,0.25,-0.8061028928938758,true,false
23,18,0.3500000000000001,0.25,-0.8077792735281837,true,false
24,18,0.40000000000000013,0.25,-0.8107810230437171,true,false
25,18,0.44999999999999996,0.25,-0.8122735009410641,false,true
26,18,0.5,0.25,-0.8120174322169635,false,true
27,18,0.55,0.25,-0.812167433802642,false,true
0,19,-0.8,0.30000000000000004,-0.7293996077610495,false,true
1,19,-0.75,0.30000000000000004,-0.7294037552061926,false,true
2,19,-0.7000000000000001,0.30000000000000004,-0.7273194311014309,false,true
3,19,-0.65,0.30000000000000004,-0.7261260697790781,false,true
4,19,-0.6000000000000001,0.30000000000000004,-0.7261129374336495,false,true
5,19,-0.55,0.30000000000000004,-0.7260797097390495,false,true
6,19,-0.5,0.30000000000000004,-0.7260768368123466,false,true
7,19,-0.45,0.30000000000000004,-0.725898793477143,true,false
8,19,-0.4,0.30000000000000004,-0.7281847508135688,true,false
9,19,-0.35000000000000003,0.30000000000000004,-0.7310032458487403,true,false
10,19,-0.30000000000000004,0.30000000000000004,-0.7317104549590003,true,false
11,19,-0.25,0.30000000000000004,-0.7328008921328437,true,false
12,19,-0.19999999999999996,0.30000000000000004,-0.7351480336371314,true,false
13,19,-0.15000000000000002,0.30000000000000004,-0.7359907837096107,true,false
14,19,-0.09999999999999998,0.30000000000000004,-0.738553902644242,true,false
15,19,-0.050000000000000044,0.30000000000000004,-0.7409272403899085,true,false
16,19,0.0,0.30000000000000004,-0.7420102567854774,true,false
17,19,0.050000000000000044,0.30000000000000004,-0.7432589442911994,true,false
18,19,0.09999999999999998,0.30000000000000004,-0.7543841810408485,true,false
19,19,0.15000000000000002,0.30000000000000004,-0.7754186601820838,true,false
20,19,0.19999999999999996,0.30000000000000004,-0.7874435694399726,true,false
21,19,0.25,0.30000000000000004,-0.8025607974711311,true,false
22,19,0.30000000000000004,0.30000000000000004,-0.806892058390702,true,false
23,19,0.3500000000000001,0.30000000000000004,-0.8053799481573951,true,false
24,19,0.40000000000000013,0.30000000000000004,-0.8080018078400666,false,true
25,19,0.44999999999999996,0.30000000000000004,-0.8107810230437171,false,true
26,19,0.5,0.30000000000000004,-0.8113992276303403,false,true
27,19,0.55,0.30000000000000004,-0.8113992276303403,false,true
0,20,-0.8,0.35,-0.7294037552061926,false,true
1,20,-0.75,0.35,-0.7272235993713547,false,true
2,20,-0.7000000000000001,0.35,-0.725943734094459,false,true
3,20,-0.65,0.35,-0.7259058352660858,false,true
4,20,-0.6000000000000001,0.35,-0.7258565190954515,false,true
5,20,-0.55,0.35,-0.7258025181771193,false,true
6,20,-0.5,0.35,-0.7257214796775767,false,true
7,20,-0.45,0.35,-0.7258492620173347,true,false
8,20,-0.4,0.35,-0.7276147813979041,true,false
9,20,-0.35000000000000003,0.35,-0.7299266667548072,true,false
10,20,-0.30000000000000004,0.35,-0.7307851524535072,true,false
11,20,-0.25,0.35,-0.7310671122256172,true,false
12,20,-0.19999999999999996,0.35,-0.7317938716593635,true,false
13,20,-0.15000000000000002,0.35,-0.7326904745283973,true,false
14,20,-0.09999999999999998,0.35,-0.7338846237841499,true,false
15,20,-0.050000000000000044,0.35,-0.7379462928954017,true,false
16,20,0.0,0.35,-0.74182843281659,true,false
17,20,0.050000000000000044,0.35,-0.7450653524580848,true,false
18,20,0.09999999999999998,0.35,-0.7543841810408485,true,false
19,20,0.15000000000000002,0.35,-0.7797169895354163,true,false
20,20,0.19999999999999996,0.35,-0.7942293496313941,true,false
21,20,0.25,0.35,-0.8030168326083076,true,false
22,20,0.30000000000000004,0.35,-0.8084503622237098,true,false
23,20,0.3500000000000001,0.35,-0.8062042092420653,false,true
24,20,0.40000000000000013,0.35,-0.8053799481573951,false,true
25,20,0.44999999999999996,0.35,-0.8080599346646428,false,true
26,20,0.5,0.35,-0.8107810230437171,false,true
27,20,0.55,0.35,-0.8110370917678178,false,true
0,21,-0.8,0.4,-0.7271964245273361,false,true
1,21,-0.75,0.4,-0.7258878799198796,false,true
2,21,-0.7000000000000001,0.4,-0.7258545645241602,false,true
3,21,-0.65,0.4,-0.7258149954469231,false,true
4,21,-0.6000000000000001,0.4,-0.7257684766958771,false,true
5,21,-0.55,0.4,-0.7257096972829395,false,true
6,21,-0.5,0.4,-0.7256428052870192,false,true
7,21,-0.45,0.4,-0.7253634543600929,true,false
8,21,-0.4,0.4,-0.7274568886938941,true,false
9,21,-0.35000000000000003,0.4,-0.7277279110136878,true,false
10,21,-0.30000000000000004,0.4,-0.727504155177201,true,false
11,21,-0.25,0.4,-0.7277033539000404,true,false
12,21,-0.19999999999999996,0.4,-0.7295129509154212,true,false
13,21,-0.15000000000000002,0.4,-0.7307973118010413,true,false
14,21,-0.09999999999999998,0.4,-0.7334611029806983,true,false
15,21,-0.050000000000000044,0.4,-0.7429583878699195,true,false
16,21,0.0,0.4,-0.7470973940077674,true,false
17,21,0.050000000000000044,0.4,-0.7492217929545295,true,false
18,21,0.09999999999999998,0.4,-0.7543841810408485,true,false
19,21,0.15000000000000002,0.4,-0.784384152430619,true,false
20,21,0.19999999999999996,0.4,-0.7890655012312782,true,false
21,21,0.25,0.4,-0.7961515994254005,true,false
22,21,0.30000000000000004,0.4,-0.8035055012884986,true,false
23,21,0.3500000000000001,0.4,-0.804237908215183,false,true
24,21,0.40000000000000013,0.4,-0.8034583625169528,false,true
25,21,0.44999999999999996,0.4,-0.8053799481573951,false,true
26,21,0.5,0.4,-0.8080751176164613,false,true
27,21,0.55,0.4,-0.8107810230437171,false,true
0,22,-0.8,0.45000000000000007,-0.7259161422737621,false,true
1,22,-0.75,0.45000000000000007,-0.7258981742314715,false,true
2,22,-0.7000000000000001,0.45000000000000007,-0.7258791408297627,false,true
3,22,-0.65,0.45000000000000007,-0.7258592529079138,false,true
4,22,-0.6000000000000001,0.45000000000000007,-0.7258392592470289,false,true
5,22,-0.55,0.45000000000000007,-0.7258175618575993,false,true
6,22,-0.5,0.45000000000000007,-0.7257925144561471,false,true
7,22,-0.45,0.45000000000000007,-0.7258314104262245,true,false
8,22,-0.4,0.45000000000000007,-0.7243841500464332,true,false
9,22,-0.35000000000000003,0.45000000000000007,-0.7243841500464332,true,false
10,22,-0.30000000000000004,0.45000000000000007,-0.726206889885987,true,false
11,22,-0.25,0.45000000000000007,-0.7272955985251319,true,false
12,22,-0.19999999999999996,0.45000000000000007,-0.7291593165579688,true,false
13,22,-0.15000000000000002,0.45000000000000007,-0.733286193150605,true,false
14,22,-0.09999999999999998,0.45000000000000007,-0.7374183149519813,true,false
15,22,-0.050000000000000044,0.45000000000000007,-0.7457038374129188,true,false
16,22,0.0,0.45000000000000007,-0.7482015700522315,true,false
17,22,0.050000000000000044,0.45000000000000007,-0.7506761164847267,true,false
18,22,0.09999999999999998,0.45000000000000007,-0.7543841810408485,true,false
19,22,0.15000000000000002,0.45000000000000007,-0.7687077434245002,true,false
20,22,0.19999999999999996,0.45000000000000007,-0.785774281758393,true,false
21,22,0.25,0.45000000000000007,-0.7948066206160438,true,false
22,22,0.30000000000000004,0.45000000000000007,-0.8010612340155494,true,false
23,22,0.3500000000000001,0.45000000000000007,-0.7968925392189391,false,true
24,22,0.40000000000000013,0.45000000000000007,-0.7930332637383891,false,true
25,22,0.44999999999999996,0.45000000000000007,-0.7954491855251872,false,true
26,22,0.5,0.45000000000000007,-0.8053799481573951,false,true
27,22,0.55,0.45000000000000007,-0.8080770222224224,false,true
0,23,-0.8,0.5000000000000001,-0.7259731334167339,false,true
1,23,-0.75,0.5000000000000001,-0.7259698152767415,false,true
2,23,-0.7000000000000001,0.5000000000000001,-0.7259687012336176,false,true
3,23,-0.65,0.5000000000000001,-0.7259714119814086,false,true
4,23,-0.6000000000000001,0.5000000000000001,-0.7259783044263354,false,true
5,23,-0.55,0.5000000000000001,-0.7259995059535174,false,true
6,23,-0.5,0.5000000000000001,-0.7260277408030149,false,true
7,23,-0.45,0.5000000000000001,-0.7261665673437965,true,false
8,23,-0.4,0.5000000000000001,-0.6785714240256202,true,false
9,23,-0.35000000000000003,0.5000000000000001,-0.6343841762724769,true,false
10,23,-0.30000000000000004,0.5000000000000001,-0.7257198007288825,true,false
11,23,-0.25,0.5000000000000001,-0.7278931052866828,true,false
12,23,-0.19999999999999996,0.5000000000000001,-0.7296455414477241,true,false
13,23,-0.15000000000000002,0.5000000000000001,-0.7337428541365516,true,false
14,23,-0.09999999999999998,0.5000000000000001,-0.7390536875906837,true,false
15,23,-0.050000000000000044,0.5000000000000001,-0.7444382519904029,true,false
16,23,0.0,0.5000000000000001,-0.7461845488730323,true,false
17,23,0.050000000000000044,0.5000000000000001,-0.748069545764054,true,false
18,23,0.09999999999999998,0.5000000000000001,-0.7501564533892524,true,false
19,23,0.15000000000000002,0.5000000000000001,-0.7556918473425758,true,false
20,23,0.19999999999999996,0.5000000000000001,-0.784384152430619,true,false
21,23,0.25,0.5000000000000001,-0.7543841810408485,true,false
22,23,0.30000000000000004,0.5000000000000001,-0.784384152430619,true,false
23,23,0.3500000000000001,0.5000000000000001,-0.7763707795360674,false,true
24,23,0.40000000000000013,0.5000000000000001,-0.7768124186907679,false,true
25,23,0.44999999999999996,0.5000000000000001,-0.7898779052335402,false,true
26,23,0.5,0.5000000000000001,-0.8080691309157264,false,true
27,23,0.55,0.5000000000000001,-0.8069968943079135,false,true
0,24,-0.8,0.5500000000000002,-0.7260465159308181,false,true
1,24,-0.75,0.5500000000000002,-0.7260527851605753,false,true
2,24,-0.7000000000000001,0.5500000000000002,-0.7260620652186156,false,true
3,24,-0.65,0.5500000000000002,-0.7260743159830312,false,true
4,24,-0.6000000000000001,0.5500000000000002,-0.7260938173266949,false,true
5,24,-0.55,0.5500000000000002,-0.7261090635077876,false,true
6,24,-0.5,0.5500000000000002,-0.7261665673437966,false,true
7,24,-0.45,0.5500000000000002,-0.7070584388706285,false,true
8,24,-0.4,0.5500000000000002,-0.6943841786566627,true,false
9,24,-0.35000000000000003,0.5500000000000002,-0.7243841500464332,true,false
10,24,-0.30000000000000004,0.5500000000000002,-0.7282420904818427,true,false
11,24,-0.25,0.5500000000000002,-0.7279334874335182,true,false
12,24,-0.19999999999999996,0.5500000000000002,-0.7290331335249793,true,false
13,24,-0.15000000000000002,0.5500000000000002,-0.732258281249131,true,false
14,24,-0.09999999999999998,0.5500000000000002,-0.7388843507948768,true,false
15,24,-0.050000000000000044,0.5500000000000002,-0.7448162646475684,true,false
16,24,0.0,0.5500000000000002,-0.7460341365519416,true,false
17,24,0.050000000000000044,0.5500000000000002,-0.7468913109484565,true,false
18,24,0.09999999999999998,0.5500000000000002,-0.7481928677740943,true,false
19,24,0.15000000000000002,0.5500000000000002,-0.7543841810408485,true,false
20,24,0.19999999999999996,0.5500000000000002,-0.784384152430619,true,false
21,24,0.25,0.5500000000000002,-0.784384152430619,true,false
22,24,0.30000000000000004,0.5500000000000002,-0.7403477044287574,true,false
23,24,0.3500000000000001,0.5500000000000002,-0.757356870244849,false,true
24,24,0.40000000000000013,0.5500000000000002,-0.7794736569205454,false,true
25,24,0.44999999999999996,0.5500000000000002,-0.8080691309157264,false,true
26,24,0.5,0.5500000000000002,-0.8070974689055905,false,true
27,24,0.55,0.5500000000000002,-0.8068642225538989,false,true
0,25,-0.8,0.6,-0.7261059847299768,false,true
1,25,-0.75,0.6,-0.7261143505551463,false,true
2,25,-0.7000000000000001,0.6,-0.7261237451035928,false,true
3,25,-0.65,0.6,-0.7261353932586367,false,true
4,25,-0.6000000000000001,0.6,-0.7261427484750332,false,true
5,25,-0.55,0.6,-0.7261665673437966,false,true
6,25,-0.5,0.6,-0.7199917328918765,false,true
7,25,-0.45,0.6,-0.7177022853274996,false,true
8,25,-0.4,0.6,-0.7264465899649513,true,false
9,25,-0.35000000000000003,0.6,-0.7292610616866004,true,false
10,25,-0.30000000000000004,0.6,-0.727125337857331,true,false
11,25,-0.25,0.6,-0.7272933931532752,true,false
12,25,-0.19999999999999996,0.6,-0.7281703562918556,true,false
13,25,-0.15000000000000002,0.6,-0.7303056926909339,true,false
14,25,-0.09999999999999998,0.6,-0.7383501441660774,true,false
15,25,-0.050000000000000044,0.6,-0.7434138567629707,true,false
16,25,0.0,0.6,-0.7460790188494575,true,false
17,25,0.050000000000000044,0.6,-0.7472562403860938,true,false
18,25,0.09999999999999998,0.6,-0.7495203824225318,true,false
19,25,0.15000000000000002,0.6,-0.7543841810408485,true,false
20,25,0.19999999999999996,0.6,-0.7841515155020606,true,false
21,25,0.25,0.6,-0.784384152430619,true,false
22,25,0.30000000000000004,0.6,-0.7543841810408485,true,false
23,25,0.3500000000000001,0.6,-0.7734142868314338,false,true
24,25,0.40000000000000013,0.6,-0.8080691309157264,false,true
25,25,0.44999999999999996,0.6,-0.8057233313128136,false,true
26,25,0.5,0.6,-0.8053294540381348,false,true
27,25,0.55,0.6,-0.8043839057548745,false,true
0,26,-0.8,0.65,-0.7261416849906458,false,true
1,26,-0.75,0.65,-0.726147353235963,false,true
2,26,-0.7000000000000001,0.65,-0.7261533499938515,false,true
3,26,-0.65,0.65,-0.7261567012453144,false,true
4,26,-0.6000000000000001,0.65,-0.7261665673437966,false,true
5,26,-0.55,0.65,-0.7244866050985779,false,true
6,26,-0.5,0.65,-0.7244365478333253,false,true
7,26,-0.45,0.65,-0.7274302600816945,false,true
8,26,-0.4,0.65,-0.7286540777865302,true,false
9,26,-0.35000000000000003,0.65,-0.7282337160292518,true,false
10,26,-0.30000000000000004,0.65,-0.7258252711478126,true,false
11,26,-0.25,0.65,-0.7250987501326454,true,false
12,26,-0.19999999999999996,0.65,-0.726549348372544,true,false
13,26,-0.15000000000000002,0.65,-0.7294143648329627,true,false
14,26,-0.09999999999999998,0.65,-0.7347494573775184,true,false
15,26,-0.050000000000000044,0.65,-0.7391125769797218,true,false
16,26,0.0,0.65,-0.7415258200350654,true,false
17,26,0.050000000000000044,0.65,-0.7458861084166419,true,false
18,26,0.09999999999999998,0.65,-0.7494281144324195,true,false
19,26,0.15000000000000002,0.65,-0.7541554184142005,true,false
20,26,0.19999999999999996,0.65,-0.7775572450343025,true,false
21,26,0.25,0.65,-0.784384152430619,true,false
22,26,0.30000000000000004,0.65,-0.784384152430619,true,false
23,26,0.3500000000000001,0.65,-0.8080691309157264,true,false
24,26,0.40000000000000013,0.65,-0.8024058696997649,false,true
25,26,0.44999999999999996,0.65,-0.802032750576782,false,true
26,26,0.5,0.65,-0.8003331353980933,false,true
27,26,0.55,0.65,-0.799257506622469,false,true
0,27,-0.8,0.7000000000000001,-0.7261581391700128,false,true
1,27,-0.75,0.7000000000000001,-0.7261610033167428,false,true
2,27,-0.7000000000000001,0.7000000000000001,-0.7261624806719975,false,true
3,27,-0.65,0.7000000000000001,-0.7261665673437966,false,true
4,27,-0.6000000000000001,0.7000000000000001,-0.7254625462168084,false,true
5,27,-0.55,0.7000000000000001,-0.7256571264339444,false,true
6,27,-0.5,0.7000000000000001,-0.7266764435772316,false,true
7,27,-0.45,0.7000000000000001,-0.7269370618756654,false,true
8,27,-0.4,0.7000000000000001,-0.7266831906023872,true,false
9,27,-0.35000000000000003,0.7000000000000001,-0.7268061847868812,true,false
10,27,-0.30000000000000004,0.7000000000000001,-0.7248160751047981,true,false
11,27,-0.25,0.7000000000000001,-0.7243841500464332,true,false
12,27,-0.19999999999999996,0.7000000000000001,-0.7254888625327003,true,false
13,27,-0.15000000000000002,0.7000000000000001,-0.7274435968581092,true,false
14,27,-0.09999999999999998,0.7000000000000001,-0.7316429526987922,true,false
15,27,-0.050000000000000044,0.7000000000000001,-0.734081348914231,true,false
16,27,0.0,0.7000000000000001,-0.7369379909220588,true,false
17,27,0.050000000000000044,0.7000000000000001,-0.7422690899554145,true,false
18,27,0.09999999999999998,0.7000000000000001,-0.7465646774950874,true,false
19,27,0.15000000000000002,0.7000000000000001,-0.7514475197974098,true,false
20,27,0.19999999999999996,0.7000000000000001,-0.7592948885146034,true,false
21,27,0.25,0.7000000000000001,-0.7731665582838905,true,false
22,27,0.30000000000000004,0.7000000000000001,-0.7817527861777198,true,false
23,27,0.3500000000000001,0.7000000000000001,-0.7943968088808906,true,false
24,27,0.40000000000000013,0.7000000000000001,-0.7954687001137344,false,true
25,27,0.44999999999999996,0.7000000000000001,-0.7925393206468562,false,true
26,27,0.5,0.7000000000000001,-0.7916643904042365,false,true
27,27,0.55,0.7000000000000001,-0.790720573210319,false,true
0,28,-0.8,0.7500000000000001,-0.7261642365159725,false,true
1,28,-0.75,0.7500000000000001,-0.7261648745889124,false,true
2,28,-0.7000000000000001,0.7500000000000001,-0.7261665673437966,false,true
3,28,-0.65,0.7500000000000001,-0.7248431609878763,false,true
4,28,-0.6000000000000001,0.7500000000000001,-0.7246574203684643,false,true
5,28,-0.55,0.7500000000000001,-0.7251676731270117,false,true
6,28,-0.5,0.7500000000000001,-0.7254361729061675,false,true
7,28,-0.45,0.7500000000000001,-0.7255540571405208,false,true
8,28,-0.4,0.7500000000000001,-0.7255790741625678,true,false
9,28,-0.35000000000000003,0.7500000000000001,-0.7250747294608009,true,false
10,28,-0.30000000000000004,0.7500000000000001,-0.7243841500464332,true,false
11,28,-0.25,0.7500000000000001,-0.7240178795042884,true,false
12,28,-0.19999999999999996,0.7500000000000001,-0.7243841500464332,true,false
13,28,-0.15000000000000002,0.7500000000000001,-0.7247825474921119,true,false
14,28,-0.09999999999999998,0.7500000000000001,-0.7276354046049964,true,false
15,28,-0.050000000000000044,0.7500000000000001,-0.7294393093768012,true,false
16,28,0.0,0.7500000000000001,-0.7321658344450843,true,false
17,28,0.050000000000000044,0.7500000000000001,-0.7350450368109596,true,false
18,28,0.09999999999999998,0.7500000000000001,-0.7377079637232673,true,false
19,28,0.15000000000000002,0.7500000000000001,-0.7395895929518592,true,false
20,28,0.19999999999999996,0.7500000000000001,-0.7543841810408485,true,false
21,28,0.25,0.7500000000000001,-0.759136042136277,true,false
22,28,0.30000000000000004,0.7500000000000001,-0.7559649260226142,true,false
23,28,0.3500000000000001,0.7500000000000001,-0.784384152430619,true,false
24,28,0.40000000000000013,0.7500000000000001,-0.7785300034225509,false,true
25,28,0.44999999999999996,0.7500000000000001,-0.780058692016448,false,true
26,28,0.5,0.7500000000000001,-0.7797732519465056,false,true
27,28,0.55,0.7500000000000001,-0.7799463354414444,false,true
0,29,-0.8,0.8000000000000002,-0.7261658661817657,false,true
1,29,-0.75,0.8000000000000002,-0.7261665673437966,false,true
2,29,-0.7000000000000001,0.8000000000000002,-0.7232557455286102,false,true
3,29,-0.65,0.8000000000000002,-0.7222387756464511,false,true
4,29,-0.6000000000000001,0.8000000000000002,-0.7226148734449267,false,true
5,29,-0.55,0.8000000000000002,-0.722936107931608,false,true
6,29,-0.5,0.8000000000000002,-0.7232791866476154,false,true
7,29,-0.45,0.8000000000000002,-0.7237685704536573,false,true
8,29,-0.4,0.8000000000000002,-0.7243895442667854,true,false
9,29,-0.35000000000000003,0.8000000000000002,-0.7243841500464332,true,false
10,29,-0.30000000000000004,0.8000000000000002,-0.7208362431708228,true,false
11,29,-0.25,0.8000000000000002,-0.721833339470948,true,false
12,29,-0.19999999999999996,0.8000000000000002,-0.7227239222708595,true,false
13,29,-0.15000000000000002,0.8000000000000002,-0.7235760302725684,true,false
14,29,-0.09999999999999998,0.8000000000000002,-0.7242900939169776,true,false
15,29,-0.050000000000000044,0.8000000000000002,-0.7260255427542579,true,false
16,29,0.0,0.8000000000000002,-0.7279676408949745,true,false
17,29,0.050000000000000044,0.8000000000000002,-0.7317192168417823,true,false
18,29,0.09999999999999998,0.8000000000000002,-0.7325127930823219,true,false
19,29,0.15000000000000002,0.8000000000000002,-0.7317072959128272,true,false
20,29,0.19999999999999996,0.8000000000000002,-0.7543841810408485,true,false
21,29,0.25,0.8000000000000002,-0.7543841810408485,true,false
22,29,0.30000000000000004,0.8000000000000002,-0.7243841500464332,true,false
23,29,0.3500000000000001,0.8000000000000002,-0.7543841810408485,true,false
24,29,0.40000000000000013,0.8000000000000002,-0.7668105760612962,false,true
25,29,0.44999999999999996,0.8000000000000002,-0.7666035100279982,false,true
26,29,0.5,0.8000000000000002,-0.7684730575046178,false,true
27,29,0.55,0.8000000000000002,-0.7693289819645898,false,true
0,30,-0.8,0.85,-0.7261665673437966,false,true
1,30,-0.75,0.85,-0.7209668793516754,false,true
2,30,-0.7000000000000001,0.85,-0.7186931868392943,false,true
3,30,-0.65,0.85,-0.7189900189805296,false,true
4,30,-0.6000000000000001,0.85,-0.7192882483170551,false,true
5,30,-0.55,0.85,-0.7196077795950756,false,true
6,30,-0.5,0.85,-0.7199508563839095,false,true
7,30,-0.45,0.85,-0.7203122229389999,false,true
8,30,-0.4,0.85,-0.7210798771563423,true,false
9,30,-0.35000000000000003,0.85,-0.7202704162779701,true,false
10,30,-0.30000000000000004,0.85,-0.7190978737059486,true,false
11,30,-0.25,0.85,-0.7214871556940925,true,false
12,30,-0.19999999999999996,0.85,-0.7243841500464332,true,false
13,30,-0.15000000000000002,0.85,-0.7265694351378333,true,false
14,30,-0.09999999999999998,0.85,-0.7250580699625861,true,false
15,30,-0.050000000000000044,0.85,-0.724581381815995,true,false
16,30,0.0,0.85,-0.7277531237784278,true,false
17,30,0.050000000000000044,0.85,-0.7305813045683753,true,false
18,30,0.09999999999999998,0.85,-0.7320633144560706,true,false
19,30,0.15000000000000002,0.85,-0.7313061268511665,true,false
20,30,0.19999999999999996,0.85,-0.7474890561285865,true,false
21,30,0.25,0.85,-0.7287109704199684,true,false
22,30,0.30000000000000004,0.85,-0.7189737172308814,true,false
23,30,0.3500000000000001,0.85,-0.7304323535102147,false,true
24,30,0.40000000000000013,0.85,-0.7543841810408485,false,true
25,30,0.44999999999999996,0.85,-0.7595313623897233,false,true
26,30,0.5,0.85,-0.7600951719623331,false,true
27,30,0.55,0.85,-0.7615007451216647,false,true
0,31,-0.8,0.9,-0.7182446408187538,false,true
1,31,-0.75,0.9,-0.7143696669346024,false,true
2,31,-0.7000000000000001,0.9,-0.7145400306838497,false,true
3,31,-0.65,0.9,-0.7147278139922546,false,true
4,31,-0.6000000000000001,0.9,-0.7149434045437211,false,true
5,31,-0.55,0.9,-0.7151885032355232,false,true
6,31,-0.5,0.9,-0.7154511886948314,false,true
7,31,-0.45,0.9,-0.7156220928309651,false,true
8,31,-0.4,0.9,-0.7151492746058357,true,false
9,31,-0.35000000000000003,0.9,-0.7156454534712684,true,false
10,31,-0.30000000000000004,0.9,-0.7185559482756507,true,false
11,31,-0.25,0.9,-0.7243841500464332,true,false
12,31,-0.19999999999999996,0.9,-0.7284618528071296,true,false
13,31,-0.15000000000000002,0.9,-0.72603692724141,true,false
14,31,-0.09999999999999998,0.9,-0.7243841500464332,true,false
15,31,-0.050000000000000044,0.9,-0.7234059186163795,true,false
16,31,0.0,0.9,-0.7278863997641456,true,false
17,31,0.050000000000000044,0.9,-0.7309740991774452,true,false
18,31,0.09999999999999998,0.9,-0.7323797555151832,true,false
19,31,0.15000000000000002,0.9,-0.7330692620459449,true,false
20,31,0.19999999999999996,0.9,-0.7483138950053108,true,false
21,31,0.25,0.9,-0.7543841810408485,true,false
22,31,0.30000000000000004,0.9,-0.7188125164690864,true,false
23,31,0.3500000000000001,0.9,-0.7204916247716019,false,true
24,31,0.40000000000000013,0.9,-0.7329455091332817,false,true
25,31,0.44999999999999996,0.9,-0.7543841810408485,false,true
26,31,0.5,0.9,-0.7565162133635461,false,true
27,31,0.55,0.9,-0.7548054207930918,false,true
0,32,-0.8,0.9500000000000001,-0.7081791101308516,false,true
1,32,-0.75,0.9500000000000001,-0.7097991469748028,false,true
2,32,-0.7000000000000001,0.9500000000000001,-0.7098052163051881,false,true
3,32,-0.65,0.9500000000000001,-0.7098244766856366,false,true
4,32,-0.6000000000000001,0.9500000000000001,-0.7098624885856508,false,true
5,32,-0.55,0.9500000000000001,-0.7099324075983,false,true
6,32,-0.5,0.9500000000000001,-0.7100546567479451,false,true
7,32,-0.45,0.9500000000000001,-0.7103484595034767,false,true
8,32,-0.4,0.9500000000000001,-0.7108329744521034,true,false
9,32,-0.35000000000000003,0.9500000000000001,-0.712533167141999,true,false
10,32,-0.30000000000000004,0.9500000000000001,-0.7212425084296119,true,false
11,32,-0.25,0.9500000000000001,-0.7243841500464332,true,false
12,32,-0.19999999999999996,0.9500000000000001,-0.7256337614241493,true,false
13,32,-0.15000000000000002,0.9500000000000001,-0.7243841500464332,true,false
14,32,-0.09999999999999998,0.9500000000000001,-0.7231002659979713,true,false
15,32,-0.050000000000000044,0.9500000000000001,-0.7228919477644813,true,false
16,32,0.0,0.9500000000000001,-0.7244007201376808,true,false
17,32,0.050000000000000044,0.9500000000000001,-0.7299974174681556,true,false
18,32,0.09999999999999998,0.9500000000000001,-0.7329495461169135,true,false
19,32,0.15000000000000002,0.9500000000000001,-0.7345517487707984,true,false
20,32,0.19999999999999996,0.9500000000000001,-0.7381227226439369,true,false
21,32,0.25,0.9500000000000001,-0.7543841810408485,true,false
22,32,0.30000000000000004,0.9500000000000001,-0.7243841500464332,true,false
23,32,0.3500000000000001,0.9500000000000001,-0.7227522563539149,false,true
24,32,0.40000000000000013,0.9500000000000001,-0.7225681032895831,false,true
25,32,0.44999999999999996,0.9500000000000001,-0.742047733526911,false,true
26,32,0.5,0.9500000000000001,-0.7522616964418851,false,true
27,32,0.55,0.9500000000000001,-0.751152894038285,false,true
0,33,-0.8,1.0,-0.7042462439719093,false,true
1,33,-0.75,1.0,-0.7052593879118153,false,true
2,33,-0.7000000000000001,1.0,-0.7050496799364105,false,true
3,33,-0.65,1.0,-0.7048553803268747,false,true
4,33,-0.6000000000000001,1.0,-0.7046517918830205,false,true
5,33,-0.55,1.0,-0.7044375935198224,false,true
6,33,-0.5,1.0,-0.7042407400963524,false,true
7,33,-0.45,1.0,-0.7040717208233894,false,true
8,33,-0.4,1.0,-0.7048624367895973,true,false
9,33,-0.35000000000000003,1.0,-0.7086515040579688,true,false
10,33,-0.30000000000000004,1.0,-0.7137244553748023,true,false
11,33,-0.25,1.0,-0.7184962840262306,true,false
12,33,-0.19999999999999996,1.0,-0.7219937057677162,true,false
13,33,-0.15000000000000002,1.0,-0.7224776358786476,true,false
14,33,-0.09999999999999998,1.0,-0.7229808182898414,true,false
15,33,-0.050000000000000044,1.0,-0.7222523303213966,true,false
16,33,0.0,1.0,-0.7243841500464332,true,false
17,33,0.050000000000000044,1.0,-0.7279389412585151,true,false
18,33,0.09999999999999998,1.0,-0.7310624630633247,true,false
19,33,0.15000000000000002,1.0,-0.7354671271029365,true,false
20,33,0.19999999999999996,1.0,-0.7370873601618659,true,false
21,33,0.25,1.0,-0.7543841810408485,true,false
22,33,0.30000000000000004,1.0,-0.7243841500464332,true,false
23,33,0.3500000000000001,1.0,-0.7243841500464333,false,true
24,33,0.40000000000000013,1.0,-0.7384861001137438,false,true
25,33,0.44999999999999996,1.0,-0.751707295240085,false,true
26,33,0.5,1.0,-0.751152894038285,false,true
27,33,0.55,1.0,-0.7505615375656879,false,true
0,34,-0.8,1.0500000000000003,-0.7042540571340158,false,true
1,34,-0.75,1.0500000000000003,-0.7042462439719093,false,true
2,34,-0.7000000000000001,1.0500000000000003,-0.7024429332818486,false,true
3,34,-0.65,1.0500000000000003,-0.7005496643301542,false,true
4,34,-0.6000000000000001,1.0500000000000003,-0.7001361896065398,false,true
5,34,-0.55,1.0500000000000003,-0.699674098398014,false,true
6,34,-0.5,1.0500000000000003,-0.6990989230729705,false,true
7,34,-0.45,1.0500000000000003,-0.698372050037355,false,true
8,34,-0.4,1.0500000000000003,-0.6961922259512794,true,false
9,34,-0.35000000000000003,1.0500000000000003,-0.7015974135580909,true,false
10,34,-0.30000000000000004,1.0500000000000003,-0.7046985240164649,true,false
11,34,-0.25,1.0500000000000003,-0.7126771719637763,true,false
12,34,-0.19999999999999996,1.0500000000000003,-0.7167461128416908,true,false
13,34,-0.15000000000000002,1.0500000000000003,-0.7193808765593421,true,false
14,34,-0.09999999999999998,1.0500000000000003,-0.7198014171305549,true,false
15,34,-0.050000000000000044,1.0500000000000003,-0.7192891748133552,true,false
16,34,0.0,1.0500000000000003,-0.7196129174414527,true,false
17,34,0.050000000000000044,1.0500000000000003,-0.7243841500464332,true,false
18,34,0.09999999999999998,1.0500000000000003,-0.727963379162873,true,false
19,34,0.15000000000000002,1.0500000000000003,-0.7320850701514137,true,false
20,34,0.19999999999999996,1.0500000000000003,-0.7416186542693031,true,false
21,34,0.25,1.0500000000000003,-0.7543841810408485,true,false
22,34,0.30000000000000004,1.0500000000000003,-0.7243841500464332,true,false
23,34,0.3500000000000001,1.0500000000000003,-0.7416899231280772,false,true
24,34,0.40000000000000013,1.0500000000000003,-0.7524913369386667,false,true
25,34,0.44999999999999996,1.0500000000000003,-0.751152894038285,false,true
26,34,0.5,1.0500000000000003,-0.7497252332219436,false,true
27,34,0.55,1.0500000000000003,-0.750099107359443,false,true
0,35,-0.8,1.1,-0.7042708750477984,false,true
1,35,-0.75,1.1,-0.7042651066138317,false,true
2,35,-0.7000000000000001,1.1,-0.7042462439719093,false,true
3,35,-0.65,1.1,-0.700157706430472,false,true
4,35,-0.6000000000000001,1.1,-0.6970322783391218,false,true
5,35,-0.55,1.1,-0.6964882813474077,false,true
6,35,-0.5,1.1,-0.695920877445094,false,true
7,35,-0.45,1.1,-0.6951540790276425,false,true
8,35,-0.4,1.1,-0.6949644000712287,true,false
9,35,-0.35000000000000003,1.1,-0.7011168809119117,true,false
10,35,-0.30000000000000004,1.1,-0.7063816995802772,true,false
11,35,-0.25,1.1,-0.7158802957716834,true,false
12,35,-0.19999999999999996,1.1,-0.7210193188372505,true,false
13,35,-0.15000000000000002,1.1,-0.7222959609213722,true,false
14,35,-0.09999999999999998,1.1,-0.7177318544569862,true,false
15,35,-0.050000000000000044,1.1,-0.7165415198984992,true,false
16,35,0.0,1.1,-0.7159315557661903,true,false
17,35,0.050000000000000044,1.1,-0.721466443080033,true,false
18,35,0.09999999999999998,1.1,-0.7236202271166694,true,false
19,35,0.15000000000000002,1.1,-0.7243841500464332,true,false
20,35,0.19999999999999996,1.1,-0.734478077429856,true,false
21,35,0.25,1.1,-0.752680769700135,true,false
22,35,0.30000000000000004,1.1,-0.7560543925944221,true,false
23,35,0.3500000000000001,1.1,-0.7543841810408485,true,false
24,35,0.40000000000000013,1.1,-0.751152894038285,true,false
25,35,0.44999999999999996,1.1,-0.747706215933005,false,true
26,35,0.5,1.1,-0.7495740585564732,false,true
27,35,0.55,1.1,-0.7493702740205404,false,true
0,36,-0.8,1.15,-0.7043276128374191,false,true
1,36,-0.75,1.15,-0.7043036639212367,false,true
2,36,-0.7000000000000001,1.15,-0.7042917824178605,false,true
3,36,-0.65,1.15,-0.7042462439719093,false,true
4,36,-0.6000000000000001,1.15,-0.698817180808041,false,true
5,36,-0.55,1.15,-0.6951597862038018,false,true
6,36,-0.5,1.15,-0.6946800699158403,false,true
7,36,-0.45,1.15,-0.6945541215743993,false,true
8,36,-0.4,1.15,-0.6943841786566627,true,false
9,36,-0.35000000000000003,1.15,-0.7032709331694496,true,false
10,36,-0.30000000000000004,1.15,-0.7099349708739173,true,false
11,36,-0.25,1.15,-0.716215959328736,true,false
12,36,-0.19999999999999996,1.15,-0.719030878085221,true,false
13,36,-0.15000000000000002,1.15,-0.7204378457251441,true,false
14,36,-0.09999999999999998,1.15,-0.7172470302763831,true,false
15,36,-0.050000000000000044,1.15,-0.7158283801260841,true,false
16,36,0.0,1.15,-0.7159930081549537,true,false
17,36,0.050000000000000044,1.15,-0.7202801616373908,true,false
18,36,0.09999999999999998,1.15,-0.7240439863387,true,false
19,36,0.15000000000000002,1.15,-0.7243841500464332,true,false
20,36,0.19999999999999996,1.15,-0.7283813865366828,true,false
21,36,0.25,1.15,-0.7509260685625923,true,false
22,36,0.30000000000000004,1.15,-0.7586605460825813,true,false
23,36,0.3500000000000001,1.15,-0.7586876363936317,true,false
24,36,0.40000000000000013,1.15,-0.7428318770113838,true,false
25,36,0.44999999999999996,1.15,-0.7506367514451485,false,true
26,36,0.5,1.15,-0.7487271199646189,false,true
27,36,0.55,1.15,-0.7485015437068259,false,true
0,37,-0.8,1.2000000000000002,-0.7044654658184638,false,true
1,37,-0.75,1.2000000000000002,-0.7044239879430757,false,true
2,37,-0.7000000000000001,1.2000000000000002,-0.70437788685378,false,true
3,37,-0.65,1.2000000000000002,-0.7043561835057341,false,true
4,37,-0.6000000000000001,1.2000000000000002,-0.7042462439719093,false,true
5,37,-0.55,1.2000000000000002,-0.6986405625636171,false,true
6,37,-0.5,1.2000000000000002,-0.6950771162430359,false,true
7,37,-0.45,1.2000000000000002,-0.6943841786566627,false,true
8,37,-0.4,1.2000000000000002,-0.6943841786566627,true,false
9,37,-0.35000000000000003,1.2000000000000002,-0.706726214427079,true,false
10,37,-0.30000000000000004,1.2000000000000002,-0.7102290005865943,true,false
11,37,-0.25,1.2000000000000002,-0.7144644172373664,true,false
12,37,-0.19999999999999996,1.2000000000000002,-0.7175344736758125,true,false
13,37,-0.15000000000000002,1.2000000000000002,-0.7168508382025611,true,false
14,37,-0.09999999999999998,1.2000000000000002,-0.7154015512648475,true,false
15,37,-0.050000000000000044,1.2000000000000002,-0.7136601419630897,true,false
16,37,0.0,1.2000000000000002,-0.7162137837592017,true,false
17,37,0.050000000000000044,1.2000000000000002,-0.7210152657214057,true,false
18,37,0.09999999999999998,1.2000000000000002,-0.7246306748572242,true,false
19,37,0.15000000000000002,1.2000000000000002,-0.7254844815913093,true,false
20,37,0.19999999999999996,1.2000000000000002,-0.7302869470301521,true,false
21,37,0.25,1.2000000000000002,-0.7543841810408485,true,false
22,37,0.30000000000000004,1.2000000000000002,-0.7640969963255775,true,false
23,37,0.3500000000000001,1.2000000000000002,-0.7634042115393531,true,false
24,37,0.40000000000000013,1.2000000000000002,-0.7611583681288612,true,false
25,37,0.44999999999999996,1.2000000000000002,-0.747047397257333,false,true
26,37,0.5,1.2000000000000002,-0.7471100158540582,false,true
27,37,0.55,1.2000000000000002,-0.745805476539152,false,true
0,38,-0.8,1.25,-0.7047502799857236,false,true
1,38,-0.75,1.25,-0.7046859262896035,false,true
2,38,-0.7000000000000001,1.25,-0.704621390254013,false,true
3,38,-0.65,1.25,-0.7045402229048059,false,true
4,38,-0.6000000000000001,1.25,-0.7045116614855103,false,true
5,38,-0.55,1.25,-0.7042462439719093,false,true
6,38,-0.5,1.25,-0.6997128986527986,false,true
7,38,-0.45,1.25,-0.6965800726441999,false,true
8,38,-0.4,1.25,-0.6943841786566627,true,false
9,38,-0.35000000000000003,1.25,-0.7090156288329017,true,false
10,38,-0.30000000000000004,1.25,-0.7115594060603034,true,false
11,38,-0.25,1.25,-0.7145702750864875,true,false
12,38,-0.19999999999999996,1.25,-0.7160649211588752,true,false
13,38,-0.15000000000000002,1.25,-0.7133397967997444,true,false
14,38,-0.09999999999999998,1.25,-0.7107289047423255,true,false
15,38,-0.050000000000000044,1.25,-0.7093146355334174,true,false
16,38,0.0,1.25,-0.7118558795634162,true,false
17,38,0.050000000000000044,1.25,-0.7171538086119544,true,false
18,38,0.09999999999999998,1.25,-0.7224078388396156,true,false
19,38,0.15000000000000002,1.25,-0.7243841500464332,true,false
20,38,0.19999999999999996,1.25,-0.7319615097227943,true,false
21,38,0.25,1.25,-0.7543841810408485,true,false
22,38,0.30000000000000004,1.25,-0.7610133500281226,true,false
23,38,0.3500000000000001,1.25,-0.7543841810408485,true,false
24,38,0.40000000000000013,1.25,-0.7313069911185157,true,false
25,38,0.44999999999999996,1.25,-0.7436718363317133,false,true
26,38,0.5,1.25,-0.7410389359218955,false,true
27,38,0.55,1.25,-0.7414668006954506,false,true
0,39,-0.8,1.3000000000000003,-0.7027921729600205,false,true
1,39,-0.75,1.3000000000000003,-0.7051675818982134,false,true
2,39,-0.7000000000000001,1.3000000000000003,-0.7050852334622207,false,true
3,39,-0.65,1.3000000000000003,-0.7050013849683622,false,true
4,39,-0.6000000000000001,1.3000000000000003,-0.7048745937842308,false,true
5,39,-0.55,1.3000000000000003,-0.7048870185329361,false,true
6,39,-0.5,1.3000000000000003,-0.7042462439719093,false,true
7,39,-0.45,1.3000000000000003,-0.7030609852456431,false,true
8,39,-0.4,1.3000000000000003,-0.7018814296904456,true,false
9,39,-0.35000000000000003,1.3000000000000003,-0.7119437666121375,true,false
10,39,-0.30000000000000004,1.3000000000000003,-0.7134139747801673,true,false
11,39,-0.25,1.3000000000000003,-0.7135379524413001,true,false
12,39,-0.19999999999999996,1.3000000000000003,-0.7121851058188331,true,false
13,39,-0.15000000000000002,1.3000000000000003,-0.7099206657591712,true,false
14,39,-0.09999999999999998,1.3000000000000003,-0.7078080387297523,true,false
15,39,-0.050000000000000044,1.3000000000000003,-0.7077266783896339,true,false
16,39,0.0,1.3000000000000003,-0.709823867816056,true,false
17,39,0.050000000000000044,1.3000000000000003,-0.7139973850432288,true,false
18,39,0.09999999999999998,1.3000000000000003,-0.7191345901671302,true,false
19,39,0.15000000000000002,1.3000000000000003,-0.7233623178187263,true,false
20,39,0.19999999999999996,1.3000000000000003,-0.7303766818228614,true,false
21,39,0.25,1.3000000000000003,-0.7543841810408485,true,false
22,39,0.30000000000000004,1.3000000000000003,-0.7559573860350501,true,false
23,39,0.3500000000000001,1.3000000000000003,-0.7102616341296089,true,false
24,39,0.40000000000000013,1.3000000000000003,-0.7253820252063846,false,true
25,39,0.44999999999999996,1.3000000000000003,-0.7313069911185156,false,true
26,39,0.5,1.3000000000000003,-0.7364286777024661,false,true
27,39,0.55,1.3000000000000003,-0.736278883802589,false,true
0,40,-0.8,1.35,-0.6988008828345191,false,true
1,40,-0.75,1.35,-0.7031836207207128,false,true
2,40,-0.7000000000000001,1.35,-0.7058302318174348,false,true
3,40,-0.65,1.35,-0.7057488236968351,false,true
4,40,-0.6000000000000001,1.35,-0.7056704182634022,false,true
5,40,-0.55,1.35,-0.7054853723484241,false,true
6,40,-0.5,1.35,-0.7057932106075641,false,true
7,40,-0.45,1.35,-0.7042462439719093,true,false
8,40,-0.4,1.35,-0.7117297263327491,true,false
9,40,-0.35000000000000003,1.35,-0.7148906798544776,true,false
10,40,-0.30000000000000004,1.35,-0.7140703411284339,true,false
11,40,-0.25,1.35,-0.7137026400748145,true,false
12,40,-0.19999999999999996,1.35,-0.7128042788687599,true,false
13,40,-0.15000000000000002,1.35,-0.7110006423178565,true,false
14,40,-0.09999999999999998,1.35,-0.7091205628100288,true,false
15,40,-0.050000000000000044,1.35,-0.7088750810805213,true,false
16,40,0.0,1.35,-0.7113567204657447,true,false
17,40,0.050000000000000044,1.35,-0.7141213030997169,true,false
18,40,0.09999999999999998,1.35,-0.7178759188834083,true,false
19,40,0.15000000000000002,1.35,-0.7243841500464332,true,false
20,40,0.19999999999999996,1.35,-0.7337184162321937,true,false
21,40,0.25,1.35,-0.7481240840140235,true,false
22,40,0.30000000000000004,1.35,-0.7543841810408485,true,false
23,40,0.3500000000000001,1.35,-0.7093841643515479,true,false
24,40,0.40000000000000013,1.35,-0.7104922892405386,false,true
25,40,0.44999999999999996,1.35,-0.719856027814031,false,true
26,40,0.5,1.35,-0.7313069911185156,false,true
27,40,0.55,1.35,-0.7334284631638123,false,true
0,41,-0.8,1.4000000000000004,-0.6987802538331297,false,true
1,41,-0.75,1.4000000000000004,-0.6988008828345191,false,true
2,41,-0.7000000000000001,1.4000000000000004,-0.7037372620308753,false,true
3,41,-0.65,1.4000000000000004,-0.7067742071347467,false,true
4,41,-0.6000000000000001,1.4000000000000004,-0.7067339356367637,false,true
5,41,-0.55,1.4000000000000004,-0.7067155124364917,false,true
6,41,-0.5,1.4000000000000004,-0.7062891516838459,false,true
7,41,-0.45,1.4000000000000004,-0.7079809518042457,true,false
8,41,-0.4,1.4000000000000004,-0.7134875865164649,true,false
9,41,-0.35000000000000003,1.4000000000000004,-0.7165234894934547,true,false
10,41,-0.30000000000000004,1.4000000000000004,-0.7180960984412086,true,false
11,41,-0.25,1.4000000000000004,-0.7173459739867103,true,false
12,41,-0.19999999999999996,1.4000000000000004,-0.7166521461192024,true,false
13,41,-0.15000000000000002,1.4000000000000004,-0.7128592045489204,true,false
14,41,-0.09999999999999998,1.4000000000000004,-0.710958859461869,true,false
15,41,-0.050000000000000044,1.4000000000000004,-0.7099652500334632,true,false
16,41,0.0,1.4000000000000004,-0.7118359418097389,true,false
17,41,0.050000000000000044,1.4000000000000004,-0.7161280722800147,true,false
18,41,0.09999999999999998,1.4000000000000004,-0.7196788103762519,true,false
19,41,0.15000000000000002,1.4000000000000004,-0.7259822995844734,true,false
20,41,0.19999999999999996,1.4000000000000004,-0.7327282936755073,true,false
21,41,0.25,1.4000000000000004,-0.743006548422898,true,false
22,41,0.30000000000000004,1.4000000000000004,-0.7517765970412147,true,false
23,41,0.3500000000000001,1.4000000000000004,-0.7122900695982826,true,false
24,41,0.40000000000000013,1.4000000000000004,-0.7113782488993879,false,true
25,41,0.44999999999999996,1.4000000000000004,-0.7149717842113273,false,true
26,41,0.5,1.4000000000000004,-0.7221112414462078,false,true
27,41,0.55,1.4000000000000004,-0.7313069911185156,false,true
0,42,-0.8,1.4500000000000002,-0.6987364666007659,false,true
1,42,-0.75,1.4500000000000002,-0.6987510800195867,false,true
2,42,-0.7000000000000001,1.4500000000000002,-0.6988008828345191,false,true
3,42,-0.65,1.4500000000000002,-0.704411905819341,false,true
4,42,-0.6000000000000001,1.4500000000000002,-0.7079349485047162,false,true
5,42,-0.55,1.4500000000000002,-0.7080085532647904,false,true
6,42,-0.5,1.4500000000000002,-0.7082407794242744,false,true
7,42,-0.45,1.4500000000000002,-0.7059394927206886,true,false
8,42,-0.4,1.4500000000000002,-0.7144969613734138,true,false
9,42,-0.35000000000000003,1.4500000000000002,-0.7172972471896064,true,false
10,42,-0.30000000000000004,1.4500000000000002,-0.717977902430619,true,false
11,42,-0.25,1.4500000000000002,-0.7178918035212409,true,false
12,42,-0.19999999999999996,1.4500000000000002,-0.7162826867285621,true,false
13,42,-0.15000000000000002,1.4500000000000002,-0.7127091498556983,true,false
14,42,-0.09999999999999998,1.4500000000000002,-0.7110302658263099,true,false
15,42,-0.050000000000000044,1.4500000000000002,-0.709950170058335,true,false
16,42,0.0,1.4500000000000002,-0.7123709531012428,true,false
17,42,0.050000000000000044,1.4500000000000002,-0.7158448012057197,true,false
18,42,0.09999999999999998,1.4500000000000002,-0.7198128910246742,true,false
19,42,0.15000000000000002,1.4500000000000002,-0.7243841500464332,true,false
20,42,0.19999999999999996,1.4500000000000002,-0.7299127788725746,true,false
21,42,0.25,1.4500000000000002,-0.7372414679709327,true,false
22,42,0.30000000000000004,1.4500000000000002,-0.7316494198027503,true,false
23,42,0.3500000000000001,1.4500000000000002,-0.7120828242483985,true,false
24,42,0.40000000000000013,1.4500000000000002,-0.7245333055571271,false,true
25,42,0.44999999999999996,1.4500000000000002,-0.7214584184251694,false,true
26,42,0.5,1.4500000000000002,-0.7200386111423702,false,true
27,42,0.55,1.4500000000000002,-0.7237530372363072,false,true
0,43,-0.8,1.5,-0.6985952371722992,false,true
1,43,-0.75,1.5,-0.6986513838719238,false,true
2,43,-0.7000000000000001,1.5,-0.698680648203265,false,true
3,43,-0.65,1.5,-0.6988008828345191,false,true
4,43,-0.6000000000000001,1.5,-0.7050427260593638,false,true
5,43,-0.55,1.5,-0.7090502917229885,false,true
6,43,-0.5,1.5,-0.7093995374614548,false,true
7,43,-0.45,1.5,-0.7117551179114234,true,false
8,43,-0.4,1.5,-0.7154685170832527,true,false
9,43,-0.35000000000000003,1.5,-0.715381524104203,true,false
10,43,-0.30000000000000004,1.5,-0.7144359560194862,true,false
11,43,-0.25,1.5,-0.7147442014399421,true,false
12,43,-0.19999999999999996,1.5,-0.7131771059218299,true,false
13,43,-0.15000000000000002,1.5,-0.7110378356161964,true,false
14,43,-0.09999999999999998,1.5,-0.7096797437849891,true,false
15,43,-0.050000000000000044,1.5,-0.7085802169028175,true,false
16,43,0.0,1.5,-0.7097519250098121,true,false
17,43,0.050000000000000044,1.5,-0.7143548042956245,true,false
18,43,0.09999999999999998,1.5,-0.7180111022177589,true,false
19,43,0.15000000000000002,1.5,-0.7222586782160652,true,false
20,43,0.19999999999999996,1.5,-0.7250129194441688,true,false
21,43,0.25,1.5,-0.7355237217131507,true,false
22,43,0.30000000000000004,1.5,-0.7243841500464332,true,false
23,43,0.3500000000000001,1.5,-0.7543841810408485,true,false
24,43,0.40000000000000013,1.5,-0.7271900408661701,false,true
25,43,0.44999999999999996,1.5,-0.7230975273581222,false,true
26,43,0.5,1.5,-0.7199649207551251,false,true
27,43,0.55,1.5,-0.7180212181496349,false,true
0,44,-0.8,1.5500000000000003,-0.6982835372613686,false,true
1,44,-0.75,1.5500000000000003,-0.6983599909009202,false,true
2,44,-0.7000000000000001,1.5500000000000003,-0.6984604988950519,false,true
3,44,-0.65,1.5500000000000003,-0.6985106107570787,false,true
4,44,-0.6000000000000001,1.5500000000000003,-0.6988008828345191,false,true
5,44,-0.55,1.5500000000000003,-0.7052366444831207,false,true
6,44,-0.5,1.5500000000000003,-0.7093658959617625,false,true
7,44,-0.45,1.5500000000000003,-0.7095282883826148,true,false
8,44,-0.4,1.5500000000000003,-0.713528028267945,true,false
9,44,-0.35000000000000003,1.5500000000000003,-0.7135631056013954,true,false
10,44,-0.30000000000000004,1.5500000000000003,-0.7114511342230689,true,false
11,44,-0.25,1.5500000000000003,-0.71240287138852,true,false
12,44,-0.19999999999999996,1.5500000000000003,-0.7118885429087531,true,false
13,44,-0.15000000000000002,1.5500000000000003,-0.7106833965960395,true,false
14,44,-0.09999999999999998,1.5500000000000003,-0.7098356397333991,true,false
15,44,-0.050000000000000044,1.5500000000000003,-0.7098787338915717,true,false
16,44,0.0,1.5500000000000003,-0.7109830589476478,true,false
17,44,0.050000000000000044,1.5500000000000003,-0.7131550820055854,true,false
18,44,0.09999999999999998,1.5500000000000003,-0.7154183597746742,true,false
19,44,0.15000000000000002,1.5500000000000003,-0.7171037407103431,true,false
20,44,0.19999999999999996,1.5500000000000003,-0.7235144288721931,true,false
21,44,0.25,1.5500000000000003,-0.7286850423994911,true,false
22,44,0.30000000000000004,1.5500000000000003,-0.695732048291291,true,false
23,44,0.3500000000000001,1.5500000000000003,-0.7038389356318366,true,false
24,44,0.40000000000000013,1.5500000000000003,-0.7158740610518404,false,true
25,44,0.44999999999999996,1.5500000000000003,-0.7140412483415424,false,true
26,44,0.5,1.5500000000000003,-0.7132550145709954,false,true
27,44,0.55,1.5500000000000003,-0.7124790546055102,false,true
0,45,-0.8,1.6,-0.697727744345571,false,true
1,45,-0.75,1.6,-0.6978075688768666,false,true
2,45,-0.7000000000000001,1.6,-0.6978971938301476,false,true
3,45,-0.65,1.6,-0.6980492460806705,false,true
4,45,-0.6000000000000001,1.6,-0.6981001040483842,false,true
5,45,-0.55,1.6,-0.6988008828345191,false,true
6,45,-0.5,1.6,-0.704335649468895,false,true
7,45,-0.45,1.6,-0.7067470164481056,true,false
8,45,-0.4,1.6,-0.7120611281577003,true,false
9,45,-0.35000000000000003,1.6,-0.7096805484476936,true,false
10,45,-0.30000000000000004,1.6,-0.7072917730990302,true,false
11,45,-0.25,1.6,-0.7076933891955268,true,false
12,45,-0.19999999999999996,1.6,-0.7089337916556251,true,false
13,45,-0.15000000000000002,1.6,-0.7097403021040809,true,false
14,45,-0.09999999999999998,1.6,-0.7102186889830482,true,false
15,45,-0.050000000000000044,1.6,-0.7099970789137733,true,false
16,45,0.0,1.6,-0.7103189439955604,true,false
17,45,0.050000000000000044,1.6,-0.7116537602129829,true,false
18,45,0.09999999999999998,1.6,-0.7128871293249976,true,false
19,45,0.15000000000000002,1.6,-0.7137442441168678,true,false
20,45,0.19999999999999996,1.6,-0.7166749150935066,true,false
21,45,0.25,1.6,-0.7243821532908332,true,false
22,45,0.30000000000000004,1.6,-0.6943841786566627,true,false
23,45,0.3500000000000001,1.6,-0.6943841786566627,true,false
24,45,0.40000000000000013,1.6,-0.6983004672247214,false,true
25,45,0.44999999999999996,1.6,-0.7023005993223654,false,true
26,45,0.5,1.6,-0.7038958153488477,false,true
27,45,0.55,1.6,-0.7047270923906372,false,true
0,46,-0.8,1.6500000000000004,-0.6969523901521055,false,true
1,46,-0.75,1.6500000000000004,-0.6969826088554537,false,true
2,46,-0.7000000000000001,1.6500000000000004,-0.6970278900342242,false,true
3,46,-0.65,1.6500000000000004,-0.6970687425483375,false,true
4,46,-0.6000000000000001,1.6500000000000004,-0.6972256852991262,false,true
5,46,-0.55,1.6500000000000004,-0.6971090531848086,false,true
6,46,-0.5,1.6500000000000004,-0.6988008828345191,true,false
7,46,-0.45,1.6500000000000004,-0.7035601647082221,true,false
8,46,-0.4,1.6500000000000004,-0.7054583044234168,true,false
9,46,-0.35000000000000003,1.6500000000000004,-0.7024276168528449,true,false
10,46,-0.30000000000000004,1.6500000000000004,-0.7032910199347389,true,false
11,46,-0.25,1.6500000000000004,-0.7052966864291084,true,false
12,46,-0.19999999999999996,1.6500000000000004,-0.7061389596644294,true,false
13,46,-0.15000000000000002,1.6500000000000004,-0.7067074687662971,true,false
14,46,-0.09999999999999998,1.6500000000000004,-0.7044256539526832,true,false
15,46,-0.050000000000000044,1.6500000000000004,-0.7031792016211402,true,false
16,46,0.0,1.6500000000000004,-0.70656271888646,true,false
17,46,0.050000000000000044,1.6500000000000004,-0.7067418010416877,true,false
18,46,0.09999999999999998,1.6500000000000004,-0.708631685513581,true,false
19,46,0.15000000000000002,1.6500000000000004,-0.7107698531332862,true,false
20,46,0.19999999999999996,1.6500000000000004,-0.711712649602021,true,false
21,46,0.25,1.6500000000000004,-0.7152323336783302,true,false
22,46,0.30000000000000004,1.6500000000000004,-0.6703670532885444,true,false
23,46,0.3500000000000001,1.6500000000000004,-0.6935629230111722,false,true
24,46,0.40000000000000013,1.6500000000000004,-0.6943841786566627,false,true
25,46,0.44999999999999996,1.6500000000000004,-0.6960063584957193,false,true
26,46,0.5,1.6500000000000004,-0.6973747734768672,false,true
27,46,0.55,1.6500000000000004,-0.6986056208931022,false,true
0,47,-0.8,1.7000000000000002,-0.6960915645584156,false,true
1,47,-0.75,1.7000000000000002,-0.6960544757272323,false,true
2,47,-0.7000000000000001,1.7000000000000002,-0.6960039866236224,false,true
3,47,-0.65,1.7000000000000002,-0.6959487598082612,false,true
4,47,-0.6000000000000001,1.7000000000000002,-0.6958154304816094,false,true
5,47,-0.55,1.7000000000000002,-0.6958154304816094,false,true
6,47,-0.5,1.7000000000000002,-0.6947164447489631,true,false
7,47,-0.45,1.7000000000000002,-0.6968822689238441,true,false
8,47,-0.4,1.7000000000000002,-0.702500721949662,true,false
9,47,-0.35000000000000003,1.7000000000000002,-0.6987101049605262,true,false
10,47,-0.30000000000000004,1.7000000000000002,-0.7005634219828498,true,false
11,47,-0.25,1.7000000000000002,-0.7026242823782813,true,false
12,47,-0.19999999999999996,1.7000000000000002,-0.7035167129221809,true,false
13,47,-0.15000000000000002,1.7000000000000002,-0.7027545185271156,true,false
14,47,-0.09999999999999998,1.7000000000000002,-0.702156266707505,true,false
15,47,-0.050000000000000044,1.7000000000000002,-0.7020666809264076,true,false
16,47,0.0,1.7000000000000002,-0.7027495117369544,true,false
17,47,0.050000000000000044,1.7000000000000002,-0.7050245912257087,true,false
18,47,0.09999999999999998,1.7000000000000002,-0.7067947597685706,true,false
19,47,0.15000000000000002,1.7000000000000002,-0.7075070948782813,true,false
20,47,0.19999999999999996,1.7000000000000002,-0.7078281254950416,true,false
21,47,0.25,1.7000000000000002,-0.7107303948584449,true,false
22,47,0.30000000000000004,1.7000000000000002,-0.7243841500464332,true,false
23,47,0.3500000000000001,1.7000000000000002,-0.699776120521396,false,true
24,47,0.40000000000000013,1.7000000000000002,-0.6957933506361826,false,true
25,47,0.44999999999999996,1.7000000000000002,-0.6943841786566627,false,true
26,47,0.5,1.7000000000000002,-0.6950561075466082,false,true
27,47,0.55,1.7000000000000002,-0.6955384256588849,false,true
0,48,-0.8,1.7500000000000004,-0.6953356420208696,false,true
1,48,-0.75,1.7500000000000004,-0.6952529717894496,false,true
2,48,-0.7000000000000001,1.7500000000000004,-0.6951524637953179,false,true
3,48,-0.65,1.7500000000000004,-0.6950173332101979,false,true
4,48,-0.6000000000000001,1.7500000000000004,-0.6948603904594093,false,true
5,48,-0.55,1.7500000000000004,-0.6945218077784102,false,true
6,48,-0.5,1.7500000000000004,-0.6943841786566627,true,false
7,48,-0.45,1.7500000000000004,-0.6985901208105934,true,false
8,48,-0.4,1.7500000000000004,-0.7005448551360023,true,false
9,48,-0.35000000000000003,1.7500000000000004,-0.6989133866015327,true,false
10,48,-0.30000000000000004,1.7500000000000004,-0.7002582760039222,true,false
11,48,-0.25,1.7500000000000004,-0.7019382925215614,true,false
12,48,-0.19999999999999996,1.7500000000000004,-0.70383673025998,true,false
13,48,-0.15000000000000002,1.7500000000000004,-0.7028328390303504,true,false
14,48,-0.09999999999999998,1.7500000000000004,-0.7026866288367164,true,false
15,48,-0.050000000000000044,1.7500000000000004,-0.703346988696183,true,false
16,48,0.0,1.7500000000000004,-0.703924825924958,true,false
17,48,0.050000000000000044,1.7500000000000004,-0.706319263714875,true,false
18,48,0.09999999999999998,1.7500000000000004,-0.7073776037875068,true,false
19,48,0.15000000000000002,1.7500000000000004,-0.7067820937815559,true,false
20,48,0.19999999999999996,1.7500000000000004,-0.7060652287188423,true,false
21,48,0.25,1.7500000000000004,-0.7074775309744727,true,false
22,48,0.30000000000000004,1.7500000000000004,-0.6943841786566627,true,false
23,48,0.3500000000000001,1.7500000000000004,-0.6943841611988665,false,true
24,48,0.40000000000000013,1.7500000000000004,-0.6899331494617433,false,true
25,48,0.44999999999999996,1.7500000000000004,-0.6902472767087269,false,true
26,48,0.5,1.7500000000000004,-0.6943841786566627,false,true
27,48,0.55,1.7500000000000004,-0.6956543153947666,false,true
0,49,-0.8,1.8000000000000003,-0.6946055551736513,false,true
1,49,-0.75,1.8000000000000003,-0.6947337216769857,false,true
2,49,-0.7000000000000001,1.8000000000000003,-0.6946440967237045,false,true
3,49,-0.65,1.8000000000000003,-0.694547271288543,false,true
4,49,-0.6000000000000001,1.8000000000000003,-0.694441186505468,false,true
5,49,-0.55,1.8000000000000003,-0.6943841786566627,false,true
6,49,-0.5,1.8000000000000003,-0.6959359583750775,false,true
7,49,-0.45,1.8000000000000003,-0.696405431765641,true,false
8,49,-0.4,1.8000000000000003,-0.7002826543036353,true,false
9,49,-0.35000000000000003,1.8000000000000003,-0.700242421168412,true,false
10,49,-0.30000000000000004,1.8000000000000003,-0.7036520750704658,true,false
11,49,-0.25,1.8000000000000003,-0.7063538046065223,true,false
12,49,-0.19999999999999996,1.8000000000000003,-0.708640834826554,true,false
13,49,-0.15000000000000002,1.8000000000000003,-0.7103890688601386,true,false
14,49,-0.09999999999999998,1.8000000000000003,-0.706174901265229,true,false
15,49,-0.050000000000000044,1.8000000000000003,-0.7089701802912605,true,false
16,49,0.0,1.8000000000000003,-0.710768839854325,true,false
17,49,0.050000000000000044,1.8000000000000003,-0.7083975286665809,true,false
18,49,0.09999999999999998,1.8000000000000003,-0.7074655504408729,true,false
19,49,0.15000000000000002,1.8000000000000003,-0.704908004540528,true,false
20,49,0.19999999999999996,1.8000000000000003,-0.7023082585516822,true,false
21,49,0.25,1.8000000000000003,-0.697610458869065,true,false
22,49,0.30000000000000004,1.8000000000000003,-0.6643841476622474,true,false
23,49,0.3500000000000001,1.8000000000000003,-0.6737954972371692,false,true
24,49,0.40000000000000013,1.8000000000000003,-0.6792949829532874,false,true
25,49,0.44999999999999996,1.8000000000000003,-0.687818391000675,false,true
26,49,0.5,1.8000000000000003,-0.6980487678440201,false,true
27,49,0.55,1.8000000000000003,-0.6974829718132071,false,true
0,50,-0.8,1.85,-0.6934454460694008,false,true
1,50,-0.75,1.85,-0.6937768837505959,false,true
2,50,-0.7000000000000001,1.85,-0.6944417283831104,false,true
3,50,-0.65,1.85,-0.6944077920807995,false,true
4,50,-0.6000000000000001,1.85,-0.6943841786566627,false,true
5,50,-0.55,1.85,-0.6951071850307764,false,true
6,50,-0.5,1.85,-0.6954842384223765,false,true
7,50,-0.45,1.85,-0.6948124082270515,true,false
8,50,-0.4,1.85,-0.6998858065787208,true,false
9,50,-0.35000000000000003,1.85,-0.7028995366278541,true,false
10,50,-0.30000000000000004,1.85,-0.7073707194510352,true,false
11,50,-0.25,1.85,-0.7097691209498298,true,false
12,50,-0.19999999999999996,1.85,-0.7120949239912879,true,false
13,50,-0.15000000000000002,1.85,-0.7127403528872382,true,false
14,50,-0.09999999999999998,1.85,-0.7131153555098426,true,false
15,50,-0.050000000000000044,1.85,-0.7139300019923103,true,false
16,50,0.0,1.85,-0.7127933414164436,true,false
17,50,0.050000000000000044,1.85,-0.7117561311903846,true,false
18,50,0.09999999999999998,1.85,-0.7095225961390388,true,false
19,50,0.15000000000000002,1.85,-0.7037074179831397,true,false
20,50,0.19999999999999996,1.85,-0.6968055577460182,true,false
21,50,0.25,1.85,-0.686981579798783,true,false
22,50,0.30000000000000004,1.85,-0.6665164740267646,true,false
23,50,0.3500000000000001,1.85,-0.6719832519935197,false,true
24,50,0.40000000000000013,1.85,-0.6832896141178155,false,true
25,50,0.44999999999999996,1.85,-0.6980487678440201,false,true
26,50,0.5,1.85,-0.6997816085494387,false,true
27,50,0.55,1.85,-0.7000865059754455,false,true
0,51,-0.8,1.9000000000000004,-0.6914686845574465,false,true
1,51,-0.75,1.9000000000000004,-0.6916884467979888,false,true
2,51,-0.7000000000000001,1.9000000000000004,-0.6919694384813141,false,true
3,51,-0.65,1.9000000000000004,-0.6943841786566627,false,true
4,51,-0.6000000000000001,1.9000000000000004,-0.6945275203959038,false,true
5,51,-0.55,1.9000000000000004,-0.6947437815689887,false,true
6,51,-0.5,1.9000000000000004,-0.6947676630862895,false,true
7,51,-0.45,1.9000000000000004,-0.6955131564529526,true,false
8,51,-0.4,1.9000000000000004,-0.6986809049041856,true,false
9,51,-0.35000000000000003,1.9000000000000004,-0.7025032315643418,true,false
10,51,-0.30000000000000004,1.9000000000000004,-0.707389796047163,true,false
11,51,-0.25,1.9000000000000004,-0.7091192217055213,true,false
12,51,-0.19999999999999996,1.9000000000000004,-0.7099900455656898,true,false
13,51,-0.15000000000000002,1.9000000000000004,-0.7105734887408733,true,false
14,51,-0.09999999999999998,1.9000000000000004,-0.7118965926455975,true,false
15,51,-0.050000000000000044,1.9000000000000004,-0.7125684562015057,true,false
16,51,0.0,1.9000000000000004,-0.7122481377306831,true,false
17,51,0.050000000000000044,1.9000000000000004,-0.7106403384597886,true,false
18,51,0.09999999999999998,1.9000000000000004,-0.7082824917021644,true,false
19,51,0.15000000000000002,1.9000000000000004,-0.7043007257270336,true,false
20,51,0.19999999999999996,1.9000000000000004,-0.6993193538370979,true,false
21,51,0.25,1.9000000000000004,-0.6940595121565711,true,false
22,51,0.30000000000000004,1.9000000000000004,-0.6873135478678596,true,false
23,51,0.3500000000000001,1.9000000000000004,-0.6879007462869943,false,true
24,51,0.40000000000000013,1.9000000000000004,-0.6980487678440201,false,true
25,51,0.44999999999999996,1.9000000000000004,-0.7022322153764737,false,true
26,51,0.5,1.9000000000000004,-0.7025554341818623,false,true
27,51,0.55,1.9000000000000004,-0.7034727623993423,false,true
0,52,-0.8,1.9500000000000002,-0.689121217761909,false,true
1,52,-0.75,1.9500000000000002,-0.6888496946232247,false,true
2,52,-0.7000000000000001,1.9500000000000002,-0.6885377829633949,false,true
3,52,-0.65,1.9500000000000002,-0.6861161265762437,false,true
4,52,-0.6000000000000001,1.9500000000000002,-0.6910650604362888,false,true
5,52,-0.55,1.9500000000000002,-0.6938447321087287,false,true
6,52,-0.5,1.9500000000000002,-0.6939695511499445,false,true
7,52,-0.45,1.9500000000000002,-0.6936686311157334,true,false
8,52,-0.4,1.9500000000000002,-0.6986301813514817,true,false
9,52,-0.35000000000000003,1.9500000000000002,-0.7026245866211045,true,false
10,52,-0.30000000000000004,1.9500000000000002,-0.7046397898586381,true,false
11,52,-0.25,1.9500000000000002,-0.7047926161678422,true,false
12,52,-0.19999999999999996,1.9500000000000002,-0.7039427433403123,true,false
13,52,-0.15000000000000002,1.9500000000000002,-0.7063233826549637,true,false
14,52,-0.09999999999999998,1.9500000000000002,-0.7083413873108018,true,false
15,52,-0.050000000000000044,1.9500000000000002,-0.7102893267067063,true,false
16,52,0.0,1.9500000000000002,-0.7089607391746628,true,false
17,52,0.050000000000000044,1.9500000000000002,-0.7054016266258347,true,false
18,52,0.09999999999999998,1.9500000000000002,-0.7064087663086045,true,false
19,52,0.15000000000000002,1.9500000000000002,-0.7034285936744797,true,false
20,52,0.19999999999999996,1.9500000000000002,-0.7003090355785477,true,false
21,52,0.25,1.9500000000000002,-0.6957639727981675,true,false
22,52,0.30000000000000004,1.9500000000000002,-0.6957639727981675,true,false
23,52,0.3500000000000001,1.9500000000000002,-0.6980487678440201,true,false
24,52,0.40000000000000013,1.9500000000000002,-0.7081485036143458,false,true
25,52,0.44999999999999996,1.9500000000000002,-0.707519200937899,false,true
26,52,0.5,1.9500000000000002,-0.7084612142555535,false,true
27,52,0.55,1.9500000000000002,-0.7086160487959834,false,true
0,53,-0.8,2.0000000000000004,-0.6873733212601085,false,true
1,53,-0.75,2.0000000000000004,-0.6869379804310553,false,true
2,53,-0.7000000000000001,2.0000000000000004,-0.686171060464729,false,true
3,53,-0.65,2.0000000000000004,-0.6861161265762438,false,true
4,53,-0.6000000000000001,2.0000000000000004,-0.6861161265762437,false,true
5,53,-0.55,2.0000000000000004,-0.6904541393096433,false,true
6,53,-0.5,2.0000000000000004,-0.6927452803502381,false,true
7,53,-0.45,2.0000000000000004,-0.6928515110405076,true,false
8,53,-0.4,2.0000000000000004,-0.6961274419220078,true,false
9,53,-0.35000000000000003,2.0000000000000004,-0.7018256459625352,true,false
10,53,-0.30000000000000004,2.0000000000000004,-0.7042371306808579,true,false
11,53,-0.25,2.0000000000000004,-0.7028931949527848,true,false
12,53,-0.19999999999999996,2.0000000000000004,-0.699485388794719,true,false
13,53,-0.15000000000000002,2.0000000000000004,-0.7012890849502671,true,false
14,53,-0.09999999999999998,2.0000000000000004,-0.7061578307541001,true,false
15,53,-0.050000000000000044,2.0000000000000004,-0.7070814643295396,true,false
16,53,0.0,2.0000000000000004,-0.7061261806877244,true,false
17,53,0.050000000000000044,2.0000000000000004,-0.7048873279483903,true,false
18,53,0.09999999999999998,2.0000000000000004,-0.7041389022262681,true,false
19,53,0.15000000000000002,2.0000000000000004,-0.7032892380149949,true,false
20,53,0.19999999999999996,2.0000000000000004,-0.7011114631088364,true,false
21,53,0.25,2.0000000000000004,-0.6970205281169999,true,false
22,53,0.30000000000000004,2.0000000000000004,-0.7101773891838181,true,false
23,53,0.3500000000000001,2.0000000000000004,-0.722431686917125,true,false
24,53,0.40000000000000013,2.0000000000000004,-0.7160996656519089,false,true
25,53,0.44999999999999996,2.0000000000000004,-0.7160224211443966,false,true
26,53,0.5,2.0000000000000004,-0.7148956325171042,false,true
27,53,0.55,2.0000000000000004,-0.7142377025750181,false,true
0,54,-0.8,2.0500000000000003,-0.6867856702041857,false,true
1,54,-0.75,2.0500000000000003,-0.6865126128016942,false,true
2,54,-0.7000000000000001,2.0500000000000003,-0.6864227665163488,false,true
3,54,-0.65,2.0500000000000003,-0.686303682603344,false,true
4,54,-0.6000000000000001,2.0500000000000003,-0.6861161265762438,false,true
5,54,-0.55,2.0500000000000003,-0.6861161265762437,false,true
6,54,-0.5,2.0500000000000003,-0.6898334411777443,false,true
7,54,-0.45,2.0500000000000003,-0.6916716967018235,true,false
8,54,-0.4,2.0500000000000003,-0.6957639727981675,true,false
9,54,-0.35000000000000003,2.0500000000000003,-0.7037676546962846,true,false
10,54,-0.30000000000000004,2.0500000000000003,-0.7052745495231736,true,false
11,54,-0.25,2.0500000000000003,-0.7017961416633713,true,false
12,54,-0.19999999999999996,2.0500000000000003,-0.6977123592289078,true,false
13,54,-0.15000000000000002,2.0500000000000003,-0.7022532496841538,true,false
14,54,-0.09999999999999998,2.0500000000000003,-0.7074398074539292,true,false
15,54,-0.050000000000000044,2.0500000000000003,-0.7100320134552109,true,false
16,54,0.0,2.0500000000000003,-0.7070757422836411,true,false
17,54,0.050000000000000044,2.0500000000000003,-0.7068897161872971,true,false
18,54,0.09999999999999998,2.0500000000000003,-0.7070791993530381,true,false
19,54,0.15000000000000002,2.0500000000000003,-0.7053456578643906,true,false
20,54,0.19999999999999996,2.0500000000000003,-0.7015995953472245,true,false
21,54,0.25,2.0500000000000003,-0.6980169985683549,true,false
22,54,0.30000000000000004,2.0500000000000003,-0.7015002642067063,true,false
23,54,0.3500000000000001,2.0500000000000003,-0.7251957331092942,true,false
24,54,0.40000000000000013,2.0500000000000003,-0.7237870984443046,false,true
25,54,0.44999999999999996,2.0500000000000003,-0.720678544337665,false,true
26,54,0.5,2.0500000000000003,-0.7190837374472927,false,true
27,54,0.55,2.0500000000000003,-0.7207071543371139,false,true
0,55,-0.8,2.1,-0.6870395541632667,false,true
1,55,-0.75,2.1,-0.6870195214592258,false,true
2,55,-0.7000000000000001,2.1,-0.6869812269739235,false,true
3,55,-0.65,2.1,-0.686897816541286,false,true
4,55,-0.6000000000000001,2.1,-0.6867564829076744,false,true
5,55,-0.55,2.1,-0.6861161265762437,false,true
6,55,-0.5,2.1,-0.6861161265762437,true,false
7,55,-0.45,2.1,-0.6894727621467698,true,false
8,55,-0.4,2.1,-0.6957639727981675,true,false
9,55,-0.35000000000000003,2.1,-0.7031787310035813,true,false
10,55,-0.30000000000000004,2.1,-0.7037617836387742,true,false
11,55,-0.25,2.1,-0.7007359538467515,true,false
12,55,-0.19999999999999996,2.1,-0.6983186874778855,true,false
13,55,-0.15000000000000002,2.1,-0.6998687658699143,true,false
14,55,-0.09999999999999998,2.1,-0.7056084547432053,true,false
15,55,-0.050000000000000044,2.1,-0.7055188093574631,true,false
16,55,0.0,2.1,-0.7071059618385422,true,false
17,55,0.050000000000000044,2.1,-0.7066962097080338,true,false
18,55,0.09999999999999998,2.1,-0.7064765963943589,true,false
19,55,0.15000000000000002,2.1,-0.7068466220291245,true,false
20,55,0.19999999999999996,2.1,-0.7007368777187455,true,false
21,55,0.25,2.1,-0.6957639727981675,true,false
22,55,0.30000000000000004,2.1,-0.7100829158218491,true,false
23,55,0.3500000000000001,2.1,-0.7231503997238267,true,false
24,55,0.40000000000000013,2.1,-0.7208612636464409,false,true
25,55,0.44999999999999996,2.1,-0.7198896562164581,false,true
26,55,0.5,2.1,-0.7216631535509879,false,true
27,55,0.55,2.1,-0.7257639441879381,false,true
0,56,-0.8,2.1500000000000004,-0.6875318782963384,false,true
1,56,-0.75,2.1500000000000004,-0.6875948260465847,false,true
2,56,-0.7000000000000001,2.1500000000000004,-0.6876704329825816,false,true
3,56,-0.65,2.1500000000000004,-0.6877767315095826,false,true
4,56,-0.6000000000000001,2.1500000000000004,-0.687879382447801,false,true
5,56,-0.55,2.1500000000000004,-0.6883024398477662,false,true
6,56,-0.5,2.1500000000000004,-0.6896224270987996,false,true
7,56,-0.45,2.1500000000000004,-0.6926924858482468,true,false
8,56,-0.4,2.1500000000000004,-0.6957639727981675,true,false
9,56,-0.35000000000000003,2.1500000000000004,-0.696194795170604,true,false
10,56,-0.30000000000000004,2.1500000000000004,-0.6957639727981675,true,false
11,56,-0.25,2.1500000000000004,-0.6957639727981675,true,false
12,56,-0.19999999999999996,2.1500000000000004,-0.6957639727981675,true,false
13,56,-0.15000000000000002,2.1500000000000004,-0.6957639727981675,true,false
14,56,-0.09999999999999998,2.1500000000000004,-0.6997908924015153,true,false
15,56,-0.050000000000000044,2.1500000000000004,-0.702818033495723,true,false
16,56,0.0,2.1500000000000004,-0.7046942387016404,true,false
17,56,0.050000000000000044,2.1500000000000004,-0.7045964572818864,true,false
18,56,0.09999999999999998,2.1500000000000004,-0.7063212666900742,true,false
19,56,0.15000000000000002,2.1500000000000004,-0.7054715428741563,true,false
20,56,0.19999999999999996,2.1500000000000004,-0.701617625752269,true,false
21,56,0.25,2.1500000000000004,-0.6957639727981675,true,false
22,56,0.30000000000000004,2.1500000000000004,-0.6994828853996384,true,false
23,56,0.3500000000000001,2.1500000000000004,-0.7132894668968308,true,false
24,56,0.40000000000000013,2.1500000000000004,-0.7146181535838272,false,true
25,56,0.44999999999999996,2.1500000000000004,-0.7193564730124072,false,true
26,56,0.5,2.1500000000000004,-0.7257639441879381,false,true
27,56,0.55,2.1500000000000004,-0.7257939306314694,false,true
0,57,-0.8,2.2,-0.6878463426057427,false,true
1,57,-0.75,2.2,-0.6879552135713319,false,true
2,57,-0.7000000000000001,2.2,-0.6881015007649498,false,true
3,57,-0.65,2.2,-0.6882927206053321,false,true
4,57,-0.6000000000000001,2.2,-0.6886518097624719,false,true
5,57,-0.55,2.2,-0.6890443448066654,false,true
6,57,-0.5,2.2,-0.6904887531192887,true,false
7,57,-0.45,2.2,-0.6891638610752213,true,false
8,57,-0.4,2.2,-0.692029801407634,true,false
9,57,-0.35000000000000003,2.2,-0.6927199933918107,true,false
10,57,-0.30000000000000004,2.2,-0.6909285757930863,true,false
11,57,-0.25,2.2,-0.690604237118541,true,false
12,57,-0.19999999999999996,2.2,-0.6918013964088547,true,false
13,57,-0.15000000000000002,2.2,-0.6930707965286362,true,false
14,57,-0.09999999999999998,2.2,-0.6972922954948533,true,false
15,57,-0.050000000000000044,2.2,-0.6996423278244126,true,false
16,57,0.0,2.2,-0.701389936009227,true,false
17,57,0.050000000000000044,2.2,-0.7021307919414628,true,false
18,57,0.09999999999999998,2.2,-0.7030805621536362,true,false
19,57,0.15000000000000002,2.2,-0.7010714981945145,true,false
20,57,0.19999999999999996,2.2,-0.699793336191951,true,false
21,57,0.25,2.2,-0.6957639727981675,true,false
22,57,0.30000000000000004,2.2,-0.6957639727981675,true,false
23,57,0.3500000000000001,2.2,-0.7079649541767228,true,false
24,57,0.40000000000000013,2.2,-0.7154911453401768,false,true
25,57,0.44999999999999996,2.2,-0.7257639441879381,false,true
26,57,0.5,2.2,-0.7258363378665985,false,true
27,57,0.55,2.2,-0.7258708738207841,false,true
0,58,-0.8,2.2500000000000004,-0.6855305629335685,false,true
1,58,-0.75,2.2500000000000004,-0.687943892368816,false,true
2,58,-0.7000000000000001,2.2500000000000004,-0.6880331128268663,false,true
3,58,-0.65,2.2500000000000004,-0.6881558443286536,false,true
4,58,-0.6000000000000001,2.2500000000000004,-0.6881982300067352,false,true
5,58,-0.55,2.2500000000000004,-0.6884460512939724,false,true
6,58,-0.5,2.2500000000000004,-0.6870016429813492,true,false
7,58,-0.45,2.2500000000000004,-0.6859622273834336,true,false
8,58,-0.4,2.2500000000000004,-0.6892614338787186,true,false
9,58,-0.35000000000000003,2.2500000000000004,-0.6903061542900193,true,false
10,58,-0.30000000000000004,2.2500000000000004,-0.6899097834022629,true,false
11,58,-0.25,2.2500000000000004,-0.6895388040931809,true,false
12,58,-0.19999999999999996,2.2500000000000004,-0.6935027215870011,true,false
13,58,-0.15000000000000002,2.2500000000000004,-0.6952497933300126,true,false
14,58,-0.09999999999999998,2.2500000000000004,-0.6957639727981675,true,false
15,58,-0.050000000000000044,2.2500000000000004,-0.6972361479194749,true,false
16,58,0.0,2.2500000000000004,-0.6957639727981675,true,false
17,58,0.050000000000000044,2.2500000000000004,-0.6981829677017319,true,false
18,58,0.09999999999999998,2.2500000000000004,-0.7001247380169022,true,false
19,58,0.15000000000000002,2.2500000000000004,-0.7012850318344224,true,false
20,58,0.19999999999999996,2.2500000000000004,-0.6973086569698441,true,false
21,58,0.25,2.2500000000000004,-0.692941484251796,true,false
22,58,0.30000000000000004,2.2500000000000004,-0.701065150299846,true,false
23,58,0.3500000000000001,2.2500000000000004,-0.7138085339458573,true,false
24,58,0.40000000000000013,2.2500000000000004,-0.725763944187938,true,false
25,58,0.44999999999999996,2.2500000000000004,-0.7259387179887903,false,true
26,58,0.5,2.2500000000000004,-0.7260266446684288,false,true
27,58,0.55,2.2500000000000004,-0.7260638720071173,false,true
0,59,-0.8,2.3000000000000003,-0.6815310988815415,false,true
1,59,-0.75,2.3000000000000003,-0.6853490453826041,false,true
2,59,-0.7000000000000001,2.3000000000000003,-0.6876601071908667,false,true
3,59,-0.65,2.3000000000000003,-0.6875999364940422,false,true
4,59,-0.6000000000000001,2.3000000000000003,-0.6875999364940422,false,true
5,59,-0.55,2.3000000000000003,-0.6870016429813492,false,true
6,59,-0.5,2.3000000000000003,-0.6845685239018932,false,true
7,59,-0.45,2.3000000000000003,-0.6838047180564988,true,false
8,59,-0.4,2.3000000000000003,-0.6842921052368272,true,false
9,59,-0.35000000000000003,2.3000000000000003,-0.6839804325492966,true,false
10,59,-0.30000000000000004,2.3000000000000003,-0.6891950939090836,true,false
11,59,-0.25,2.3000000000000003,-0.6926281426342118,true,false
12,59,-0.19999999999999996,2.3000000000000003,-0.6950090799720872,true,false
13,59,-0.15000000000000002,2.3000000000000003,-0.691909876862346,true,false
14,59,-0.09999999999999998,2.3000000000000003,-0.6922872636707413,true,false
15,59,-0.050000000000000044,2.3000000000000003,-0.6934108410270798,true,false
16,59,0.0,2.3000000000000003,-0.6914891276748765,true,false
17,59,0.050000000000000044,2.3000000000000003,-0.6943038378151047,true,false
18,59,0.09999999999999998,2.3000000000000003,-0.6957639727981675,true,false
19,59,0.15000000000000002,2.3000000000000003,-0.6963082228096116,true,false
20,59,0.19999999999999996,2.3000000000000003,-0.6928577099235642,true,false
21,59,0.25,2.3000000000000003,-0.6899090085418809,true,false
22,59,0.30000000000000004,2.3000000000000003,-0.7015105162056077,true,false
23,59,0.3500000000000001,2.3000000000000003,-0.7247491155059922,true,false
24,59,0.40000000000000013,2.3000000000000003,-0.726185885468303,true,false
25,59,0.44999999999999996,2.3000000000000003,-0.7264136922517584,false,true
26,59,0.5,2.3000000000000003,-0.7263440535549006,false,true
27,59,0.55,2.3000000000000003,-0.7263563834043907,false,true
0,60,-0.8,2.35,-0.6814454408452203,false,true
1,60,-0.75,2.35,-0.6815310988815415,false,true
2,60,-0.7000000000000001,2.35,-0.6847960347078318,false,true
3,60,-0.65,2.35,-0.6872494642685865,false,true
4,60,-0.6000000000000001,2.35,-0.6870016429813492,false,true
5,60,-0.55,2.35,-0.6830801990931287,false,true
6,60,-0.5,2.35,-0.6809769973463283,false,true
7,60,-0.45,2.35,-0.6808140550048936,true,false
8,60,-0.4,2.35,-0.6800968323143113,true,false
9,60,-0.35000000000000003,2.35,-0.6784624431522477,true,false
10,60,-0.30000000000000004,2.35,-0.6833898697288621,true,false
11,60,-0.25,2.35,-0.6890071902664292,true,false
12,60,-0.19999999999999996,2.35,-0.6883781824501145,true,false
13,60,-0.15000000000000002,2.35,-0.6874538336189377,true,false
14,60,-0.09999999999999998,2.35,-0.6858873639495957,true,false
15,60,-0.050000000000000044,2.35,-0.6881084118278611,true,false
16,60,0.0,2.35,-0.6887636754901993,true,false
17,60,0.050000000000000044,2.35,-0.6888222370536912,true,false
18,60,0.09999999999999998,2.35,-0.690531519451915,true,false
19,60,0.15000000000000002,2.35,-0.6931030426414597,true,false
20,60,0.19999999999999996,2.35,-0.6879180345924485,true,false
21,60,0.25,2.35,-0.6909166846664536,true,false
22,60,0.30000000000000004,2.35,-0.705014375248729,true,false
23,60,0.3500000000000001,2.35,-0.7247816596420396,true,false
24,60,0.40000000000000013,2.35,-0.727385607758342,true,false
25,60,0.44999999999999996,2.35,-0.7266509051314488,false,true
26,60,0.5,2.35,-0.726703559180723,false,true
27,60,0.55,2.35,-0.7266970774290704,false,true
0,61,-0.8,2.4000000000000004,-0.6812758630140775,false,true
1,61,-0.75,2.4000000000000004,-0.6813243020885287,false,true
2,61,-0.7000000000000001,2.4000000000000004,-0.6815310988815415,false,true
3,61,-0.65,2.4000000000000004,-0.6831397760882928,false,true
4,61,-0.6000000000000001,2.4000000000000004,-0.682208879059774,false,true
5,61,-0.55,2.4000000000000004,-0.679443497095962,false,true
6,61,-0.5,2.4000000000000004,-0.6790204915882896,false,true
7,61,-0.45,2.4000000000000004,-0.6783797119052994,true,false
8,61,-0.4,2.4000000000000004,-0.6780481610687363,true,false
9,61,-0.35000000000000003,2.4000000000000004,-0.6779822383316148,true,false
10,61,-0.30000000000000004,2.4000000000000004,-0.6827246818931687,true,false
11,61,-0.25,2.4000000000000004,-0.6841325734050858,true,false
12,61,-0.19999999999999996,2.4000000000000004,-0.6834892902763474,true,false
13,61,-0.15000000000000002,2.4000000000000004,-0.6835027013214219,true,false
14,61,-0.09999999999999998,2.4000000000000004,-0.6824913893135178,true,false
15,61,-0.050000000000000044,2.4000000000000004,-0.6844888005645859,true,false
16,61,0.0,2.4000000000000004,-0.6857936654480088,true,false
17,61,0.050000000000000044,2.4000000000000004,-0.6852639589698899,true,false
18,61,0.09999999999999998,2.4000000000000004,-0.6869173918159592,true,false
19,61,0.15000000000000002,2.4000000000000004,-0.6883981500061143,true,false
20,61,0.19999999999999996,2.4000000000000004,-0.6877066169174302,true,false
21,61,0.25,2.4000000000000004,-0.6893053326995957,true,false
22,61,0.30000000000000004,2.4000000000000004,-0.6957639727981675,true,false
23,61,0.3500000000000001,2.4000000000000004,-0.7196984563263047,true,false
24,61,0.40000000000000013,2.4000000000000004,-0.7260768983753312,true,false
25,61,0.44999999999999996,2.4000000000000004,-0.7270678901802853,false,true
26,61,0.5,2.4000000000000004,-0.7270409347221449,false,true
27,61,0.55,2.4000000000000004,-0.726999404317094,false,true
0,62,-0.8,2.45,-0.6807022736462959,false,true
1,62,-0.75,2.45,-0.6809521239505755,false,true
2,62,-0.7000000000000001,2.45,-0.6810318472591946,false,true
3,62,-0.65,2.45,-0.6815310988815415,false,true
4,62,-0.6000000000000001,2.45,-0.6815529223185045,false,true
5,62,-0.55,2.45,-0.6800758510637063,false,true
6,62,-0.5,2.45,-0.6785082169715044,false,true
7,62,-0.45,2.45,-0.6781331274898637,true,false
8,62,-0.4,2.45,-0.6787535820396531,true,false
9,62,-0.35000000000000003,2.45,-0.6767968807609666,true,false
10,62,-0.30000000000000004,2.45,-0.6797458801658738,true,false
11,62,-0.25,2.45,-0.6816414270790208,true,false
12,62,-0.19999999999999996,2.45,-0.681390998163997,true,false
13,62,-0.15000000000000002,2.45,-0.6798023853691209,true,false
14,62,-0.09999999999999998,2.45,-0.6790591750534165,true,false
15,62,-0.050000000000000044,2.45,-0.6797877226265061,true,false
16,62,0.0,2.45,-0.6808684144409287,true,false
17,62,0.050000000000000044,2.45,-0.6832497988136399,true,false
18,62,0.09999999999999998,2.45,-0.6862932715805161,true,false
19,62,0.15000000000000002,2.45,-0.6853328023346055,true,false
20,62,0.19999999999999996,2.45,-0.6853629324825394,true,false
21,62,0.25,2.45,-0.6876653407009232,true,false
22,62,0.30000000000000004,2.45,-0.6957639727981675,true,false
23,62,0.3500000000000001,2.45,-0.7255055282505143,true,false
24,62,0.40000000000000013,2.45,-0.7281516466529954,true,false
25,62,0.44999999999999996,2.45,-0.727392843538359,false,true
26,62,0.5,2.45,-0.7272365165913912,false,true
27,62,0.55,2.45,-0.726846443089845,false,true
0,63,-0.8,2.5000000000000004,-0.6803388085641419,false,true
1,63,-0.75,2.5000000000000004,-0.6802409207638193,false,true
2,63,-0.7000000000000001,2.5000000000000004,-0.6802604032353231,false,true
3,63,-0.65,2.5000000000000004,-0.6803257988438347,false,true
4,63,-0.6000000000000001,2.5000000000000004,-0.6815310988815415,false,true
5,63,-0.55,2.5000000000000004,-0.6815837853190353,false,true
6,63,-0.5,2.5000000000000004,-0.6797603910402644,false,true
7,63,-0.45,2.5000000000000004,-0.6791671786697495,true,false
8,63,-0.4,2.5000000000000004,-0.6782106135280717,true,false
9,63,-0.35000000000000003,2.5000000000000004,-0.6724959884079087,true,false
10,63,-0.30000000000000004,2.5000000000000004,-0.6743295464904893,true,false
11,63,-0.25,2.5000000000000004,-0.6790247533710587,true,false
12,63,-0.19999999999999996,2.5000000000000004,-0.6787127826603043,true,false
13,63,-0.15000000000000002,2.5000000000000004,-0.6788601551445115,true,false
14,63,-0.09999999999999998,2.5000000000000004,-0.6763347957523453,true,false
15,63,-0.050000000000000044,2.5000000000000004,-0.6770535979660142,true,false
16,63,0.0,2.5000000000000004,-0.679036763706981,true,false
17,63,0.050000000000000044,2.5000000000000004,-0.680674490729152,true,false
18,63,0.09999999999999998,2.5000000000000004,-0.6825284932048905,true,false
19,63,0.15000000000000002,2.5000000000000004,-0.6819466028602708,true,false
20,63,0.19999999999999996,2.5000000000000004,-0.6819715176017869,true,false
21,63,0.25,2.5000000000000004,-0.684762773314296,true,false
22,63,0.30000000000000004,2.5000000000000004,-0.6950403724105942,true,false
23,63,0.3500000000000001,2.5000000000000004,-0.7201019797714341,true,false
24,63,0.40000000000000013,2.5000000000000004,-0.7276356790454972,true,false
25,63,0.44999999999999996,2.5000000000000004,-0.7271840633139308,false,true
26,63,0.5,2.5000000000000004,-0.7261003042213362,false,true
27,63,0.55,2.5000000000000004,-0.7253388895464677,false,true
0,64,-0.8,2.5500000000000003,-0.6805162105949509,false,true
1,64,-0.75,2.5500000000000003,-0.6800879242061793,false,true
2,64,-0.7000000000000001,2.5500000000000003,-0.679363521868693,false,true
3,64,-0.65,2.5500000000000003,-0.6788972242326278,false,true
4,64,-0.6000000000000001,2.5500000000000003,-0.6786212471837811,false,true
5,64,-0.55,2.5500000000000003,-0.6815310988815415,true,false
6,64,-0.5,2.5500000000000003,-0.6816582951934922,true,false
7,64,-0.45,2.5500000000000003,-0.6777718339355576,true,false
8,64,-0.4,2.5500000000000003,-0.6728599641712296,true,false
9,64,-0.35000000000000003,2.5500000000000003,-0.6698696289451707,true,false
10,64,-0.30000000000000004,2.5500000000000003,-0.67312258223611,true,false
11,64,-0.25,2.5500000000000003,-0.6778437171371567,true,false
12,64,-0.19999999999999996,2.5500000000000003,-0.6767515216262925,true,false
13,64,-0.15000000000000002,2.5500000000000003,-0.6769065831096757,true,false
14,64,-0.09999999999999998,2.5500000000000003,-0.673119274178325,true,false
15,64,-0.050000000000000044,2.5500000000000003,-0.6747974429519761,true,false
16,64,0.0,2.5500000000000003,-0.6769036326797593,true,false
17,64,0.050000000000000044,2.5500000000000003,-0.6780436311157334,true,false
18,64,0.09999999999999998,2.5500000000000003,-0.676327315369426,true,false
19,64,0.15000000000000002,2.5500000000000003,-0.6785752449424851,true,false
20,64,0.19999999999999996,2.5500000000000003,-0.680809703865825,true,false
21,64,0.25,2.5500000000000003,-0.683994678059398,true,false
22,64,0.30000000000000004,2.5500000000000003,-0.6938222024829972,true,false
23,64,0.3500000000000001,2.5500000000000003,-0.7145122859867203,true,false
24,64,0.40000000000000013,2.5500000000000003,-0.7255777988823044,true,false
25,64,0.44999999999999996,2.5500000000000003,-0.7232750980972211,false,true
26,64,0.5,2.5500000000000003,-0.7223644595417554,false,true
27,64,0.55,2.5500000000000003,-0.7215359005338892,false,true
0,65,-0.8,2.6,-0.6845942464643621,false,true
1,65,-0.75,2.6,-0.6805162105949509,false,true
2,65,-0.7000000000000001,2.6,-0.6794822357865986,false,true
3,65,-0.65,2.6,-0.6777401137755742,false,true
4,65,-0.6000000000000001,2.6,-0.6766536400690967,false,true
5,65,-0.55,2.6,-0.674506095448314,true,false
6,65,-0.5,2.6,-0.6773758802803147,true,false
7,65,-0.45,2.6,-0.6722310457618821,true,false
8,65,-0.4,2.6,-0.6711729441078294,true,false
9,65,-0.35000000000000003,2.6,-0.6709609899910081,true,false
10,65,-0.30000000000000004,2.6,-0.6747111950309861,true,false
11,65,-0.25,2.6,-0.6769672010334122,true,false
12,65,-0.19999999999999996,2.6,-0.6749046121032822,true,false
13,65,-0.15000000000000002,2.6,-0.6726956937702286,true,false
14,65,-0.09999999999999998,2.6,-0.6713236842544663,true,false
15,65,-0.050000000000000044,2.6,-0.6740578089149583,true,false
16,65,0.0,2.6,-0.6767610583694565,true,false
17,65,0.050000000000000044,2.6,-0.6761483822258103,true,false
18,65,0.09999999999999998,2.6,-0.6748003635795701,true,false
19,65,0.15000000000000002,2.6,-0.6768629823120225,true,false
20,65,0.19999999999999996,2.6,-0.6790085707100022,true,false
21,65,0.25,2.6,-0.6831344340236771,true,false
22,65,0.30000000000000004,2.6,-0.6933595214279282,true,false
23,65,0.3500000000000001,2.6,-0.7078933689983475,true,false
24,65,0.40000000000000013,2.6,-0.7156580064685929,true,false
25,65,0.44999999999999996,2.6,-0.7162570183740204,false,true
26,65,0.5,2.6,-0.7187740125043272,false,true
27,65,0.55,2.6,-0.7194327704811374,false,true
0,66,-0.8,2.6500000000000004,-0.6884976418894692,false,true
1,66,-0.75,2.6500000000000004,-0.6848412253492356,false,true
2,66,-0.7000000000000001,2.6500000000000004,-0.6805162105949509,false,true
3,66,-0.65,2.6500000000000004,-0.6780199745894744,false,true
4,66,-0.6000000000000001,2.6500000000000004,-0.6752236064402587,false,true
5,66,-0.55,2.6500000000000004,-0.674813267985164,true,false
6,66,-0.5,2.6500000000000004,-0.6739636335762131,true,false
7,66,-0.45,2.6500000000000004,-0.670487997332393,true,false
8,66,-0.4,2.6500000000000004,-0.6702444527538407,true,false
9,66,-0.35000000000000003,2.6500000000000004,-0.6711528275402177,true,false
10,66,-0.30000000000000004,2.6500000000000004,-0.6740420434864152,true,false
11,66,-0.25,2.6500000000000004,-0.6741335962207902,true,false
12,66,-0.19999999999999996,2.6500000000000004,-0.6722366784008134,true,false
13,66,-0.15000000000000002,2.6500000000000004,-0.671459642449199,true,false
14,66,-0.09999999999999998,2.6500000000000004,-0.6726321850212205,true,false
15,66,-0.050000000000000044,2.6500000000000004,-0.67698040346223,true,false
16,66,0.0,2.6500000000000004,-0.6780837450416672,true,false
17,66,0.050000000000000044,2.6500000000000004,-0.6783050868900407,true,false
18,66,0.09999999999999998,2.6500000000000004,-0.6761830721290696,true,false
19,66,0.15000000000000002,2.6500000000000004,-0.676883396902858,true,false
20,66,0.19999999999999996,2.6500000000000004,-0.6782147262485612,true,false
21,66,0.25,2.6500000000000004,-0.6798318896682847,true,false
22,66,0.30000000000000004,2.6500000000000004,-0.6929577265174973,true,false
23,66,0.3500000000000001,2.6500000000000004,-0.6957639727981675,true,false
24,66,0.40000000000000013,2.6500000000000004,-0.7077833686264146,true,false
25,66,0.44999999999999996,2.6500000000000004,-0.7157893827666786,false,true
26,66,0.5,2.6500000000000004,-0.7200730258857749,false,true
27,66,0.55,2.6500000000000004,-0.7189800415428269,false,true
0,67,-0.8,2.7,-0.689321962395488,false,true
1,67,-0.75,2.7,-0.6873318766501149,false,true
2,67,-0.7000000000000001,2.7,-0.6829546699771114,false,true
3,67,-0.65,2.7,-0.6805162105949509,true,false
4,67,-0.6000000000000001,2.7,-0.6744897637756455,true,false
5,67,-0.55,2.7,-0.672266629734813,true,false
6,67,-0.5,2.7,-0.6740997109802354,true,false
7,67,-0.45,2.7,-0.6689499292762864,true,false
8,67,-0.4,2.7,-0.667736497917949,true,false
9,67,-0.35000000000000003,2.7,-0.670019475022136,true,false
10,67,-0.30000000000000004,2.7,-0.6757639918716538,true,false
11,67,-0.25,2.7,-0.6749725613983262,true,false
12,67,-0.19999999999999996,2.7,-0.6715068493278611,true,false
13,67,-0.15000000000000002,2.7,-0.6723856602104294,true,false
14,67,-0.09999999999999998,2.7,-0.6747781906517136,true,false
15,67,-0.050000000000000044,2.7,-0.6781553004177201,true,false
16,67,0.0,2.7,-0.6797499928863633,true,false
17,67,0.050000000000000044,2.7,-0.6794044647606003,true,false
18,67,0.09999999999999998,2.7,-0.28065496424752356,true,false
19,67,0.15000000000000002,2.7,-0.678837445774852,true,false
20,67,0.19999999999999996,2.7,-0.6810533974559891,true,false
21,67,0.25,2.7,-0.6808038030059922,true,false
22,67,0.30000000000000004,2.7,-0.6830925021560776,true,false
23,67,0.3500000000000001,2.7,-0.6957639727981675,true,false
24,67,0.40000000000000013,2.7,-0.7158083591850388,true,false
25,67,0.44999999999999996,2.7,-0.7216187391670335,true,false
26,67,0.5,2.7,-0.7189800415428269,true,false
27,67,0.55,2.7,-0.7189800415428269,false,true
0,68,-0.8,2.7500000000000004,-0.6880021597295524,false,true
1,68,-0.75,2.7500000000000004,-0.689321962395488,true,false
2,68,-0.7000000000000001,2.7500000000000004,-0.6845174703987229,true,false
3,68,-0.65,2.7500000000000004,-0.677825746336757,true,false
4,68,-0.6000000000000001,2.7500000000000004,-0.6701506052406419,true,false
5,68,-0.55,2.7500000000000004,-0.6720863852890122,true,false
6,68,-0.5,2.7500000000000004,-0.6735428843887437,true,false
7,68,-0.45,2.7500000000000004,-0.6665301595123398,true,false
8,68,-0.4,2.7500000000000004,-0.6669826779754746,true,false
9,68,-0.35000000000000003,2.7500000000000004,-0.6724306617172349,true,false
10,68,-0.30000000000000004,2.7500000000000004,-0.6744756672771561,true,false
11,68,-0.25,2.7500000000000004,-0.6732982669265855,true,false
12,68,-0.19999999999999996,2.7500000000000004,-0.6715330753715623,true,false
13,68,-0.15000000000000002,2.7500000000000004,-0.6728571627529252,true,false
14,68,-0.09999999999999998,2.7500000000000004,-0.6733241651447404,true,false
15,68,-0.050000000000000044,2.7500000000000004,-0.6755765352638352,true,false
16,68,0.0,2.7500000000000004,-0.6794010374935258,true,false
17,68,0.050000000000000044,2.7500000000000004,-0.6803435955436814,true,false
18,68,0.09999999999999998,2.7500000000000004,-0.6805584702880967,true,false
19,68,0.15000000000000002,2.7500000000000004,-0.6826534841449845,true,false
20,68,0.19999999999999996,2.7500000000000004,-0.683218446770488,true,false
21,68,0.25,2.7500000000000004,-0.6824691567810166,true,false
22,68,0.30000000000000004,2.7500000000000004,-0.6834084365757096,true,false
23,68,0.3500000000000001,2.7500000000000004,-0.693171558180629,true,false
24,68,0.40000000000000013,2.7500000000000004,-0.707515356341182,true,false
25,68,0.44999999999999996,2.7500000000000004,-0.7201621804626572,true,false
26,68,0.5,2.7500000000000004,-0.7187146354357884,false,true
27,68,0.55,2.7500000000000004,-0.7189800415428269,false,true
0,69,-0.8,2.8000000000000003,-0.6874554795656657,false,true
1,69,-0.75,2.8000000000000003,-0.68613567689973,true,false
2,69,-0.7000000000000001,2.8000000000000003,-0.6809511754901993,true,false
3,69,-0.65,2.8000000000000003,-0.6772193584831345,true,false
4,69,-0.6000000000000001,2.8000000000000003,-0.6705761824043381,true,false
5,69,-0.55,2.8000000000000003,-0.6722206149490464,true,false
6,69,-0.5,2.8000000000000003,-0.6706821594627488,true,false
7,69,-0.45,2.8000000000000003,-0.6657639418037522,true,false
8,69,-0.4,2.8000000000000003,-0.6659090791137803,true,false
9,69,-0.35000000000000003,2.8000000000000003,-0.6692782614620316,true,false
10,69,-0.30000000000000004,2.8000000000000003,-0.671355483332454,true,false
11,69,-0.25,2.8000000000000003,-0.6704201970489609,true,false
12,69,-0.19999999999999996,2.8000000000000003,-0.6705631289871323,true,false
13,69,-0.15000000000000002,2.8000000000000003,-0.6723246250541794,true,false
14,69,-0.09999999999999998,2.8000000000000003,-0.6734498415382493,true,false
15,69,-0.050000000000000044,2.8000000000000003,-0.6750441465767014,true,false
16,69,0.0,2.8000000000000003,-0.6779361937435258,true,false
17,69,0.050000000000000044,2.8000000000000003,-0.6798227403553116,true,false
18,69,0.09999999999999998,2.8000000000000003,-0.6808983955772507,true,false
19,69,0.15000000000000002,2.8000000000000003,-0.6840400073917496,true,false
20,69,0.19999999999999996,2.8000000000000003,-0.6847115133197892,true,false
21,69,0.25,2.8000000000000003,-0.6838014398010361,true,false
22,69,0.30000000000000004,2.8000000000000003,-0.685539392033397,true,false
23,69,0.3500000000000001,2.8000000000000003,-0.6957639727981675,true,false
24,69,0.40000000000000013,2.8000000000000003,-0.7063071999939072,true,false
25,69,0.44999999999999996,2.8000000000000003,-0.7133880529792893,true,false
26,69,0.5,2.8000000000000003,-0.7142368623248927,false,true
27,69,0.55,2.8000000000000003,-0.7130403194816697,false,true
0,70,-0.8,2.85,-0.68613567689973,false,true
1,70,-0.75,2.85,-0.6803827188894085,false,true
2,70,-0.7000000000000001,2.85,-0.6742278013618577,true,false
3,70,-0.65,2.85,-0.674429384270488,true,false
4,70,-0.6000000000000001,2.85,-0.6741036448867905,true,false
5,70,-0.55,2.85,-0.6744111452491868,true,false
6,70,-0.5,2.85,-0.6689961228759873,true,false
7,70,-0.45,2.85,-0.6657639418037522,true,false
8,70,-0.4,2.85,-0.66615596155244,true,false
9,70,-0.35000000000000003,2.85,-0.6683149609954941,true,false
10,70,-0.30000000000000004,2.85,-0.6691130373867142,true,false
11,70,-0.25,2.85,-0.6689190540702927,true,false
12,70,-0.19999999999999996,2.85,-0.6689697478206742,true,false
13,70,-0.15000000000000002,2.85,-0.6711322043331254,true,false
14,70,-0.09999999999999998,2.85,-0.674493876496135,true,false
15,70,-0.050000000000000044,2.85,-0.6764127884300339,true,false
16,70,0.0,2.85,-0.6782432172687638,true,false
17,70,0.050000000000000044,2.85,-0.6805877361686814,true,false
18,70,0.09999999999999998,2.85,-0.6826182876022446,true,false
19,70,0.15000000000000002,2.85,-0.6846940789611924,true,false
20,70,0.19999999999999996,2.85,-0.6853282127769578,true,false
21,70,0.25,2.85,-0.6845078144462693,true,false
22,70,0.30000000000000004,2.85,-0.687918690243541,true,false
23,70,0.3500000000000001,2.85,-0.6966281507404435,true,false
24,70,0.40000000000000013,2.85,-0.7095172677429307,true,false
25,70,0.44999999999999996,2.85,-0.7112041089923966,true,false
26,70,0.5,2.85,-0.7130403194816697,true,false
27,70,0.55,2.85,-0.7122850319953479,false,true
0,71,-0.8,2.9000000000000004,-0.6802342358225333,false,true
1,71,-0.75,2.9000000000000004,-0.6742278013618577,false,true
2,71,-0.7000000000000001,2.9000000000000004,-0.6732571324352296,false,true
3,71,-0.65,2.9000000000000004,-0.6714575562866318,true,false
4,71,-0.6000000000000001,2.9000000000000004,-0.6736499045284379,true,false
5,71,-0.55,2.9000000000000004,-0.6706341777237046,true,false
6,71,-0.5,2.9000000000000004,-0.6657639418037522,true,false
7,71,-0.45,2.9000000000000004,-0.6636361751945603,true,false
8,71,-0.4,2.9000000000000004,-0.6659830484779465,true,false
9,71,-0.35000000000000003,2.9000000000000004,-0.667684999504863,true,false
10,71,-0.30000000000000004,2.9000000000000004,-0.6674034569652665,true,false
11,71,-0.25,2.9000000000000004,-0.6683128450306046,true,false
12,71,-0.19999999999999996,2.9000000000000004,-0.6688395712764847,true,false
13,71,-0.15000000000000002,2.9000000000000004,-0.6699287567527878,true,false
14,71,-0.09999999999999998,2.9000000000000004,-0.6728753123672593,true,false
15,71,-0.050000000000000044,2.9000000000000004,-0.6758530412109482,true,false
16,71,0.0,2.9000000000000004,-0.6774587605388749,true,false
17,71,0.050000000000000044,2.9000000000000004,-0.68026569227296,true,false
18,71,0.09999999999999998,2.9000000000000004,-0.6816028032692063,true,false
19,71,0.15000000000000002,2.9000000000000004,-0.6837897274883378,true,false
20,71,0.19999999999999996,2.9000000000000004,-0.6844437394531357,true,false
21,71,0.25,2.9000000000000004,-0.6845843766124833,true,false
22,71,0.30000000000000004,2.9000000000000004,-0.6886777255924332,true,false
23,71,0.3500000000000001,2.9000000000000004,-0.699327347079097,true,false
24,71,0.40000000000000013,2.9000000000000004,-0.7057323727996934,true,false
25,71,0.44999999999999996,2.9000000000000004,-0.70203864316064,true,false
26,71,0.5,2.9000000000000004,-0.7112168941887009,true,false
27,71,0.55,2.9000000000000004,-0.7110379430480916,false,true
0,72,-0.8,2.95,-0.6742278013618577,false,true
1,72,-0.75,2.95,-0.6729509357134267,false,true
2,72,-0.7000000000000001,2.95,-0.6714575562866318,false,true
3,72,-0.65,2.95,-0.6712347015727269,false,true
4,72,-0.6000000000000001,2.95,-0.669304040470897,true,false
5,72,-0.55,2.95,-0.6657639418037522,true,false
6,72,-0.5,2.95,-0.6643690143020737,true,false
7,72,-0.45,2.95,-0.6640083167942155,true,false
8,72,-0.4,2.95,-0.6657639418037522,true,false
9,72,-0.35000000000000003,2.95,-0.6662509117515671,true,false
10,72,-0.30000000000000004,2.95,-0.6672535512836564,true,false
11,72,-0.25,2.95,-0.6687148485572922,true,false
12,72,-0.19999999999999996,2.95,-0.6697783146293748,true,false
13,72,-0.15000000000000002,2.95,-0.67065596322137,true,false
14,72,-0.09999999999999998,2.95,-0.6713510427864182,true,false
15,72,-0.050000000000000044,2.95,-0.6729452286155808,true,false
16,72,0.0,2.95,-0.6757813070209611,true,false
17,72,0.050000000000000044,2.95,-0.6794345353038895,true,false
18,72,0.09999999999999998,2.95,-0.6814880941303361,true,false
19,72,0.15000000000000002,2.95,-0.6841254208477128,true,false
20,72,0.19999999999999996,2.95,-0.6824963066967118,true,false
21,72,0.25,2.95,-0.675824579993068,true,false
22,72,0.30000000000000004,2.95,-0.6780092988403428,true,false
23,72,0.3500000000000001,2.95,-0.6957639727981675,true,false
24,72,0.40000000000000013,2.95,-0.698362079659282,true,false
25,72,0.44999999999999996,2.95,-0.7086546097190964,true,false
26,72,0.5,2.95,-0.708782491484462,true,false
27,72,0.55,2.95,-0.7056824756861828,false,true
0,73,-0.8,3.0000000000000004,-0.6678530923365615,false,true
1,73,-0.75,3.0000000000000004,-0.6714575562866318,false,true
2,73,-0.7000000000000001,3.0000000000000004,-0.6663771860936157,false,true
3,73,-0.65,3.0000000000000004,-0.669304040470897,false,true
4,73,-0.6000000000000001,3.0000000000000004,-0.6653661689442626,false,true
5,73,-0.55,3.0000000000000004,-0.6651240263374436,true,false
6,73,-0.5,3.0000000000000004,-0.6613356147201646,true,false
7,73,-0.45,3.0000000000000004,-0.6625824246795762,true,false
8,73,-0.4,3.0000000000000004,-0.6633599672706711,true,false
9,73,-0.35000000000000003,3.0000000000000004,-0.6651516828926194,true,false
10,73,-0.30000000000000004,3.0000000000000004,-0.6659793529899705,true,false
11,73,-0.25,3.0000000000000004,-0.6683281634243119,true,false
12,73,-0.19999999999999996,3.0000000000000004,-0.6698392007740128,true,false
13,73,-0.15000000000000002,3.0000000000000004,-0.6709911499412644,true,false
14,73,-0.09999999999999998,3.0000000000000004,-0.6665944133194077,true,false
15,73,-0.050000000000000044,3.0000000000000004,-0.6718490395935166,true,false
16,73,0.0,3.0000000000000004,-0.6740985784919846,true,false
17,73,0.050000000000000044,3.0000000000000004,-0.6782541249187577,true,false
18,73,0.09999999999999998,3.0000000000000004,-0.6770228419693101,true,false
19,73,0.15000000000000002,3.0000000000000004,-0.30576398710328223,true,false
20,73,0.19999999999999996,3.0000000000000004,-0.4707639489563096,true,false
21,73,0.25,3.0000000000000004,-0.6683219943435776,true,false
22,73,0.30000000000000004,3.0000000000000004,-0.6629461024196732,true,false
23,73,0.3500000000000001,3.0000000000000004,-0.6657639418037522,true,false
24,73,0.40000000000000013,3.0000000000000004,-0.6807639573009598,true,false
25,73,0.44999999999999996,3.0000000000000004,-0.6957639727981675,true,false
26,73,0.5,3.0000000000000004,-0.6957639727981675,true,false
27,73,0.55,3.0000000000000004,-0.6820034148132604,false,true
0,74,-0.8,3.0500000000000003,-0.6553278282141916,false,true
1,74,-0.75,3.0500000000000003,-0.648642567196666,false,true
2,74,-0.7000000000000001,3.0500000000000003,-0.6536372468648776,false,true
3,74,-0.65,3.0500000000000003,-0.6501957450302231,false,true
4,74,-0.6000000000000001,3.0500000000000003,-0.6576187085880534,false,true
5,74,-0.55,3.0500000000000003,-0.6597418461235154,true,false
6,74,-0.5,3.0500000000000003,-0.6603526447208512,true,false
7,74,-0.45,3.0500000000000003,-0.6616363797577012,true,false
8,74,-0.4,3.0500000000000003,-0.6619182203205216,true,false
9,74,-0.35000000000000003,3.0500000000000003,-0.6636552784832108,true,false
10,74,-0.30000000000000004,3.0500000000000003,-0.6657639418037522,true,false
11,74,-0.25,3.0500000000000003,-0.6670934234054673,true,false
12,74,-0.19999999999999996,3.0500000000000003,-0.6687061164768326,true,false
13,74,-0.15000000000000002,3.0500000000000003,-0.6679405246170151,true,false
14,74,-0.09999999999999998,3.0500000000000003,-0.667163816490947,true,false
15,74,-0.050000000000000044,3.0500000000000003,-0.6734118733795273,true,false
16,74,0.0,3.0500000000000003,-0.6752433452995408,true,false
17,74,0.050000000000000044,3.0500000000000003,-0.6776762280853379,true,false
18,74,0.09999999999999998,3.0500000000000003,-0.6657639418037522,true,false
19,74,0.15000000000000002,3.0500000000000003,-0.30576398710328223,true,false
20,74,0.19999999999999996,3.0500000000000003,-0.6625151310356248,true,false
21,74,0.25,3.0500000000000003,-0.6657639418037522,true,false
22,74,0.30000000000000004,3.0500000000000003,-0.6657639418037522,true,false
23,74,0.3500000000000001,3.0500000000000003,-0.6357639704139817,true,false
24,74,0.40000000000000013,3.0500000000000003,-0.6057639394195664,true,false
25,74,0.44999999999999996,3.0500000000000003,-0.6357639704139817,true,false
26,74,0.5,3.0500000000000003,-0.6357639704139817,true,false
27,74,0.55,3.0500000000000003,-0.6709111580682197,false,true
0,75,-0.8,3.1,-0.6486524869407401,false,true
1,75,-0.75,3.1,-0.6486524869407402,false,true
2,75,-0.7000000000000001,3.1,-0.648642567196666,false,true
3,75,-0.65,3.1,-0.6499010155548518,false,true
4,75,-0.6000000000000001,3.1,-0.6501957450302231,true,false
5,75,-0.55,3.1,-0.6576084766777146,true,false
6,75,-0.5,3.1,-0.6582743201645005,true,false
7,75,-0.45,3.1,-0.6594468031318772,true,false
8,75,-0.4,3.1,-0.6602790329845536,true,false
9,75,-0.35000000000000003,3.1,-0.6621198330314744,true,false
10,75,-0.30000000000000004,3.1,-0.6638243172557938,true,false
11,75,-0.25,3.1,-0.6657639418037522,true,false
12,75,-0.19999999999999996,3.1,-0.6667841051014054,true,false
13,75,-0.15000000000000002,3.1,-0.6683135304840195,true,false
14,75,-0.09999999999999998,3.1,-0.6718818221481431,true,false
15,75,-0.050000000000000044,3.1,-0.6759327326210129,true,false
16,75,0.0,3.1,-0.6770575616748917,true,false
17,75,0.050000000000000044,3.1,-0.6776838872821915,true,false
18,75,0.09999999999999998,3.1,-0.671539512673198,true,false
19,75,0.15000000000000002,3.1,-0.32276147345620276,true,false
20,75,0.19999999999999996,3.1,-0.6513363991172898,true,false
21,75,0.25,3.1,-0.6613091502578843,true,false
22,75,0.30000000000000004,3.1,-0.6723676596077073,true,false
23,75,0.3500000000000001,3.1,-0.6657639418037522,true,false
24,75,0.40000000000000013,3.1,-0.6057639394195664,true,false
25,75,0.44999999999999996,3.1,-0.6357639704139817,true,false
26,75,0.5,3.1,-0.6957639727981675,true,false
27,75,0.55,3.1,-0.6781903789710485,false,true
0,76,-0.8,3.1500000000000004,-0.6486648136183325,false,true
1,76,-0.75,3.1500000000000004,-0.6486624066848142,false,true
2,76,-0.7000000000000001,3.1500000000000004,-0.648666515577345,false,true
3,76,-0.65,3.1500000000000004,-0.648642567196666,true,false
4,76,-0.6000000000000001,3.1500000000000004,-0.6512639198692429,true,false
5,76,-0.55,3.1500000000000004,-0.6555421028526414,true,false
6,76,-0.5,3.1500000000000004,-0.6558250759037125,true,false
7,76,-0.45,3.1500000000000004,-0.6571500573547471,true,false
8,76,-0.4,3.1500000000000004,-0.6585705552490342,true,false
9,76,-0.35000000000000003,3.1500000000000004,-0.6604773078353989,true,false
10,76,-0.30000000000000004,3.1500000000000004,-0.6633075151832688,true,false
11,76,-0.25,3.1500000000000004,-0.6657639418037522,true,false
12,76,-0.19999999999999996,3.1500000000000004,-0.6676997814567673,true,false
13,76,-0.15000000000000002,3.1500000000000004,-0.6700076136978257,true,false
14,76,-0.09999999999999998,3.1500000000000004,-0.6737776372821915,true,false
15,76,-0.050000000000000044,3.1500000000000004,-0.6754716608913529,true,false
16,76,0.0,3.1500000000000004,-0.6749322984607804,true,false
17,76,0.050000000000000044,3.1500000000000004,-0.675004598894893,true,false
18,76,0.09999999999999998,3.1500000000000004,-0.6766538296135056,true,false
19,76,0.15000000000000002,3.1500000000000004,-0.6657639418037522,true,false
20,76,0.19999999999999996,3.1500000000000004,-0.6562049065025437,true,false
21,76,0.25,3.1500000000000004,-0.6657639418037522,true,false
22,76,0.30000000000000004,3.1500000000000004,-0.6765446935089219,true,false
23,76,0.3500000000000001,3.1500000000000004,-0.6899547253044236,true,false
24,76,0.40000000000000013,3.1500000000000004,-0.6957639727981675,true,false
25,76,0.44999999999999996,3.1500000000000004,-0.6957639727981675,true,false
26,76,0.5,3.1500000000000004,-0.6957639727981675,true,false
27,76,0.55,3.1500000000000004,-0.6957639727981675,false,true
0,77,-0.8,3.2,-0.6486781372804318,false,true
1,77,-0.75,3.2,-0.6486805442139499,false,true
2,77,-0.7000000000000001,3.2,-0.6486764353214192,false,true
3,77,-0.65,3.2,-0.6487003837020981,true,false
4,77,-0.6000000000000001,3.2,-0.6520098719986069,true,false
5,77,-0.55,3.2,-0.6543576393516648,true,false
6,77,-0.5,3.2,-0.6549299035461533,true,false
7,77,-0.45,3.2,-0.6560641501339066,true,false
8,77,-0.4,3.2,-0.658025530377208,true,false
9,77,-0.35000000000000003,3.2,-0.6622588310630906,true,false
10,77,-0.30000000000000004,3.2,-0.6643139396103013,true,false
11,77,-0.25,3.2,-0.6660079036148179,true,false
12,77,-0.19999999999999996,3.2,-0.6678042683990586,true,false
13,77,-0.15000000000000002,3.2,-0.6698434029014695,true,false
14,77,-0.09999999999999998,3.2,-0.6704368267448533,true,false
15,77,-0.050000000000000044,3.2,-0.6704630527885544,true,false
16,77,0.0,3.2,-0.6704512510688889,true,false
17,77,0.050000000000000044,3.2,-0.6712286744506943,true,false
18,77,0.09999999999999998,3.2,-0.6715740833671677,true,false
19,77,0.15000000000000002,3.2,-0.6709981236847031,true,false
20,77,0.19999999999999996,3.2,-0.6657639418037522,true,false
21,77,0.25,3.2,-0.6547682855518449,true,false
22,77,0.30000000000000004,3.2,-0.6764821384342301,true,false
23,77,0.3500000000000001,3.2,-0.6950487766655076,true,false
24,77,0.40000000000000013,3.2,-0.7033745918663132,true,false
25,77,0.44999999999999996,3.2,-0.701373097697078,true,false
26,77,0.5,3.2,-0.7018103003915207,false,true
27,77,0.55,3.2,-0.6957639727981675,false,true
0,78,-0.8,3.2500000000000004,-0.648690463958024,false,true
1,78,-0.75,3.2500000000000004,-0.648690463958024,false,true
2,78,-0.7000000000000001,3.2500000000000004,-0.6487003837020981,false,true
3,78,-0.65,3.2500000000000004,-0.6528585876091401,false,true
4,78,-0.6000000000000001,3.2500000000000004,-0.653667894402324,true,false
5,78,-0.55,3.2500000000000004,-0.6551882300766099,true,false
6,78,-0.5,3.2500000000000004,-0.6553186450393784,true,false
7,78,-0.45,3.2500000000000004,-0.6560131881626237,true,false
8,78,-0.4,3.2500000000000004,-0.6584601972492325,true,false
9,78,-0.35000000000000003,3.2500000000000004,-0.6606880102546799,true,false
10,78,-0.30000000000000004,3.2500000000000004,-0.6637535963447678,true,false
11,78,-0.25,3.2500000000000004,-0.6657639418037522,true,false
12,78,-0.19999999999999996,3.2500000000000004,-0.667163041630565,true,false
13,78,-0.15000000000000002,3.2500000000000004,-0.6680401835830796,true,false
14,78,-0.09999999999999998,3.2500000000000004,-0.667125609913646,true,false
15,78,-0.050000000000000044,3.2500000000000004,-0.6657639418037522,true,false
16,78,0.0,3.2500000000000004,-0.6657639418037522,true,false
17,78,0.050000000000000044,3.2500000000000004,-0.6659661207588303,true,false
18,78,0.09999999999999998,3.2500000000000004,-0.6677692804725754,true,false
19,78,0.15000000000000002,3.2500000000000004,-0.6675211761386979,true,false
20,78,0.19999999999999996,3.2500000000000004,-0.6657639418037522,true,false
21,78,0.25,3.2500000000000004,-0.6657639418037522,true,false
22,78,0.30000000000000004,3.2500000000000004,-0.6775514457615006,true,false
23,78,0.3500000000000001,3.2500000000000004,-0.6880887422950852,true,false
24,78,0.40000000000000013,3.2500000000000004,-0.6957639727981675,true,false
25,78,0.44999999999999996,3.2500000000000004,-0.7170257244499314,true,false
26,78,0.5,3.2500000000000004,-0.7105421941621356,false,true
27,78,0.55,3.2500000000000004,-0.7057481020146412,false,true
0,79,-0.8,3.3000000000000003,-0.6486962748095674,false,true
1,79,-0.75,3.3000000000000003,-0.6487003837020981,false,true
2,79,-0.7000000000000001,3.3000000000000003,-0.6544760399967142,false,true
3,79,-0.65,3.3000000000000003,-0.657807572183825,false,true
4,79,-0.6000000000000001,3.3000000000000003,-0.6584433589370835,true,false
5,79,-0.55,3.3000000000000003,-0.6569587860496628,true,false
6,79,-0.5,3.3000000000000003,-0.6556793127449143,true,false
7,79,-0.45,3.3000000000000003,-0.6560876343639481,true,false
8,79,-0.4,3.3000000000000003,-0.657173958817302,true,false
9,79,-0.35000000000000003,3.3000000000000003,-0.6591350708397019,true,false
10,79,-0.30000000000000004,3.3000000000000003,-0.6620677385719407,true,false
11,79,-0.25,3.3000000000000003,-0.6646532092483628,true,false
12,79,-0.19999999999999996,3.3000000000000003,-0.6657639418037522,true,false
13,79,-0.15000000000000002,3.3000000000000003,-0.6676434252651322,true,false
14,79,-0.09999999999999998,3.3000000000000003,-0.6660000954063523,true,false
15,79,-0.050000000000000044,3.3000000000000003,-0.6652245197685349,true,false
16,79,0.0,3.3000000000000003,-0.6635421488674271,true,false
17,79,0.050000000000000044,3.3000000000000003,-0.6642526660354722,true,false
18,79,0.09999999999999998,3.3000000000000003,-0.6651340995224106,true,false
19,79,0.15000000000000002,3.3000000000000003,-0.665068713227092,true,false
20,79,0.19999999999999996,3.3000000000000003,-0.6633906636627305,true,false
21,79,0.25,3.3000000000000003,-0.6653788659961808,true,false
22,79,0.30000000000000004,3.3000000000000003,-0.6657639418037522,true,false
23,79,0.3500000000000001,3.3000000000000003,-0.650763956108867,true,false
24,79,0.40000000000000013,3.3000000000000003,-0.6488619122894395,true,false
25,79,0.44999999999999996,3.3000000000000003,-0.6862924923840384,false,true
26,79,0.5,3.3000000000000003,-0.7170257244499314,false,true
27,79,0.55,3.3000000000000003,-0.708899319515767,false,true
0,80,-0.8,3.35,-0.6487003837020981,false,true
1,80,-0.75,3.35,-0.6551152639186454,false,true
2,80,-0.7000000000000001,3.35,-0.6590477787145673,false,true
3,80,-0.65,3.35,-0.6595500058452451,false,true
4,80,-0.6000000000000001,3.35,-0.6610481117160905,true,false
5,80,-0.55,3.35,-0.6595962617786515,true,false
6,80,-0.5,3.35,-0.6571652565391648,true,false
7,80,-0.45,3.35,-0.6556270692737687,true,false
8,80,-0.4,3.35,-0.6557972703369248,true,false
9,80,-0.35000000000000003,3.35,-0.657561389008342,true,false
10,80,-0.30000000000000004,3.35,-0.6611085210235703,true,false
11,80,-0.25,3.35,-0.6654789421947587,true,false
12,80,-0.19999999999999996,3.35,-0.667396036186992,true,false
13,80,-0.15000000000000002,3.35,-0.6676720354946244,true,false
14,80,-0.09999999999999998,3.35,-0.6657639418037522,true,false
15,80,-0.050000000000000044,3.35,-0.6629697952659714,true,false
16,80,0.0,3.35,-0.6623381052406419,true,false
17,80,0.050000000000000044,3.35,-0.6640242312343705,true,false
18,80,0.09999999999999998,3.35,-0.6647923264892686,true,false
19,80,0.15000000000000002,3.35,-0.6634099457653153,true,false
20,80,0.19999999999999996,3.35,-0.6610232863815415,true,false
21,80,0.25,3.35,-0.6589617405326951,true,false
22,80,0.30000000000000004,3.35,-0.6357639704139817,true,false
23,80,0.3500000000000001,3.35,-0.6357639704139817,true,false
24,80,0.40000000000000013,3.35,-0.6603378700111672,false,true
25,80,0.44999999999999996,3.35,-0.6757314309093979,false,true
26,80,0.5,3.35,-0.6957639727981675,false,true
27,80,0.55,3.35,-0.7035980288998676,false,true
0,81,-0.8,3.4,-0.6551976970696457,false,true
1,81,-0.75,3.4,-0.6591146204027964,false,true
2,81,-0.7000000000000001,3.4,-0.659265082685191,false,true
3,81,-0.65,3.4,-0.6595777288257133,false,true
4,81,-0.6000000000000001,3.4,-0.6585380111129868,true,false
5,81,-0.55,3.4,-0.6568097148330796,true,false
6,81,-0.5,3.4,-0.658117619553386,true,false
7,81,-0.45,3.4,-0.655981776514827,true,false
8,81,-0.4,3.4,-0.6533240650089371,true,false
9,81,-0.35000000000000003,3.4,-0.654577431479274,true,false
10,81,-0.30000000000000004,3.4,-0.6583588693531144,true,false
11,81,-0.25,3.4,-0.6657309208305466,true,false
12,81,-0.19999999999999996,3.4,-0.6658684287460435,true,false
13,81,-0.15000000000000002,3.4,-0.6657639418037522,true,false
14,81,-0.09999999999999998,3.4,-0.6629295025261033,true,false
15,81,-0.050000000000000044,3.4,-0.6607266936691392,true,false
16,81,0.0,3.4,-0.660394904413997,true,false
17,81,0.050000000000000044,3.4,-0.6616246674450028,true,false
18,81,0.09999999999999998,3.4,-0.6624035809429276,true,false
19,81,0.15000000000000002,3.4,-0.6608819935711014,true,false
20,81,0.19999999999999996,3.4,-0.6533481750877488,true,false
21,81,0.25,3.4,-0.6517107162864793,true,false
22,81,0.30000000000000004,3.4,-0.6538329098613846,true,false
23,81,0.3500000000000001,3.4,-0.6657639418037522,true,false
24,81,0.40000000000000013,3.4,-0.6742706571014512,true,false
25,81,0.44999999999999996,3.4,-0.6957639727981675,true,false
26,81,0.5,3.4,-0.7012493617372197,false,true
27,81,0.55,3.4,-0.7003082177850611,false,true
0,82,-0.8,3.4500000000000006,-0.6589212435469222,false,true
1,82,-0.75,3.4500000000000006,-0.6589293528035023,false,true
2,82,-0.7000000000000001,3.4500000000000006,-0.6589686762906377,false,true
3,82,-0.65,3.4500000000000006,-0.6585380111129868,false,true
4,82,-0.6000000000000001,3.4500000000000006,-0.6578221273540503,false,true
5,82,-0.55,3.4500000000000006,-0.6576989975169968,false,true
6,82,-0.5,3.4500000000000006,-0.6571089691875104,false,true
7,82,-0.45,3.4500000000000006,-0.6546728999494988,false,true
8,82,-0.4,3.4500000000000006,-0.6526722286136735,true,false
9,82,-0.35000000000000003,3.4500000000000006,-0.6537167702110398,true,false
10,82,-0.30000000000000004,3.4500000000000006,-0.6571732733638871,true,false
11,82,-0.25,3.4500000000000006,-0.6618814740570176,true,false
12,82,-0.19999999999999996,3.4500000000000006,-0.6633518312366593,true,false
13,82,-0.15000000000000002,3.4500000000000006,-0.662918177643596,true,false
14,82,-0.09999999999999998,3.4500000000000006,-0.660727140703975,true,false
15,82,-0.050000000000000044,3.4500000000000006,-0.6583313618095505,true,false
16,82,0.0,3.4500000000000006,-0.6571426365764725,true,false
17,82,0.050000000000000044,3.4500000000000006,-0.6572773728759873,true,false
18,82,0.09999999999999998,3.4500000000000006,-0.657498506108104,true,false
19,82,0.15000000000000002,3.4500000000000006,-0.6560780082138169,true,false
20,82,0.19999999999999996,3.4500000000000006,-0.6464678023250687,true,false
21,82,0.25,3.4500000000000006,-0.6467908594997513,true,false
22,82,0.30000000000000004,3.4500000000000006,-0.6657639418037522,true,false
23,82,0.3500000000000001,3.4500000000000006,-0.6835698757560837,true,false
24,82,0.40000000000000013,3.4500000000000006,-0.6957639727981675,true,false
25,82,0.44999999999999996,3.4500000000000006,-0.709006873169719,true,false
26,82,0.5,3.4500000000000006,-0.7035214842306666,false,true
27,82,0.55,3.4500000000000006,-0.7044626281828252,false,true
0,83,-0.8,3.5000000000000004,-0.658726522903179,false,true
1,83,-0.75,3.5000000000000004,-0.6587163984704116,false,true
2,83,-0.7000000000000001,3.5000000000000004,-0.6585380111129868,false,true
3,83,-0.65,3.5000000000000004,-0.6582414823509527,false,true
4,83,-0.6000000000000001,3.5000000000000004,-0.6579957409581949,false,true
5,83,-0.55,3.5000000000000004,-0.6575622461146889,false,true
6,83,-0.5,3.5000000000000004,-0.655328904841951,false,true
7,83,-0.45,3.5000000000000004,-0.6534185528125613,false,true
8,83,-0.4,3.5000000000000004,-0.653555360832988,true,false
9,83,-0.35000000000000003,3.5000000000000004,-0.652147171297847,true,false
10,83,-0.30000000000000004,3.5000000000000004,-0.6530813250930894,true,false
11,83,-0.25,3.5000000000000004,-0.6575230334194291,true,false
12,83,-0.19999999999999996,3.5000000000000004,-0.6609888348968613,true,false
13,83,-0.15000000000000002,3.5000000000000004,-0.6654122743995774,true,false
14,83,-0.09999999999999998,3.5000000000000004,-0.6657639418037522,true,false
15,83,-0.050000000000000044,3.5000000000000004,-0.6630168233306992,true,false
16,83,0.0,3.5000000000000004,-0.6641902003677476,true,false
17,83,0.050000000000000044,3.5000000000000004,-0.6627943191917527,true,false
18,83,0.09999999999999998,3.5000000000000004,-0.665092614689647,true,false
19,83,0.15000000000000002,3.5000000000000004,-0.665337679186641,true,false
20,83,0.19999999999999996,3.5000000000000004,-0.6540519074374145,false,true
21,83,0.25,3.5000000000000004,-0.652253325390829,false,true
22,83,0.30000000000000004,3.5000000000000004,-0.6654220919661991,false,true
23,83,0.3500000000000001,3.5000000000000004,-0.6875136650707022,false,true
24,83,0.40000000000000013,3.5000000000000004,-0.7010029826553452,true,false
25,83,0.44999999999999996,3.5000000000000004,-0.702591154628294,false,true
26,83,0.5,3.5000000000000004,-0.709006873169719,false,true
27,83,0.55,3.5000000000000004,-0.7067347506762722,false,true
0,84,-0.8,3.5500000000000003,-0.6586119015757881,false,true
1,84,-0.75,3.5500000000000003,-0.6585380111129868,false,true
2,84,-0.7000000000000001,3.5500000000000003,-0.6584151848781186,false,true
3,84,-0.65,3.5500000000000003,-0.6582563576270152,false,true
4,84,-0.6000000000000001,3.5500000000000003,-0.6579407492456618,false,true
5,84,-0.55,3.5500000000000003,-0.6556972078346096,false,true
6,84,-0.5,3.5500000000000003,-0.6537380944429593,false,true
7,84,-0.45,3.5500000000000003,-0.6537990716688403,false,true
8,84,-0.4,3.5500000000000003,-0.6539714012535203,true,false
9,84,-0.35000000000000003,3.5500000000000003,-0.65281048158723,true,false
10,84,-0.30000000000000004,3.5500000000000003,-0.6511928115280259,true,false
11,84,-0.25,3.5500000000000003,-0.6617285881431687,true,false
12,84,-0.19999999999999996,3.5500000000000003,-0.6657639418037522,true,false
13,84,-0.15000000000000002,3.5500000000000003,-0.6770067487152207,true,false
14,84,-0.09999999999999998,3.5500000000000003,-0.6924268875511277,true,false
15,84,-0.050000000000000044,3.5500000000000003,-0.6778781984241593,true,false
16,84,0.0,3.5500000000000003,-0.6668357525261033,true,false
17,84,0.050000000000000044,3.5500000000000003,-0.6679710421951401,true,false
18,84,0.09999999999999998,3.5500000000000003,-0.6795818779857743,true,false
19,84,0.15000000000000002,3.5500000000000003,-0.6759280287508879,false,true
20,84,0.19999999999999996,3.5500000000000003,-0.665337679186641,false,true
21,84,0.25,3.5500000000000003,-0.6591854832861684,false,true
22,84,0.30000000000000004,3.5500000000000003,-0.6776914673077918,false,true
23,84,0.3500000000000001,3.5500000000000003,-0.7010029826553452,false,true
24,84,0.40000000000000013,3.5500000000000003,-0.7010029826553452,false,true
25,84,0.44999999999999996,3.5500000000000003,-0.7010029826553452,false,true
26,84,0.5,3.5500000000000003,-0.7043744409774052,false,true
27,84,0.55,3.5500000000000003,-0.709006873169719,false,true
0,85,-0.8,3.6,-0.6585380111129868,false,true
1,85,-0.75,3.6,-0.6584871348206891,false,true
2,85,-0.7000000000000001,3.6,-0.6584046404245929,false,true
3,85,-0.65,3.6,-0.658210437497127,false,true
4,85,-0.6000000000000001,3.6,-0.6559369827693134,false,true
5,85,-0.55,3.6,-0.6538735001884691,false,true
6,85,-0.5,3.6,-0.6539000200023477,false,true
7,85,-0.45,3.6,-0.6539714012535203,false,true
8,85,-0.4,3.6,-0.6534905325829172,false,true
9,85,-0.35000000000000003,3.6,-0.6526767024944552,false,true
10,85,-0.30000000000000004,3.6,-0.654752473644153,false,true
11,85,-0.25,3.6,-0.6703510398338554,false,true
12,85,-0.19999999999999996,3.6,-0.6957639727981675,true,false
13,85,-0.15000000000000002,3.6,-0.6957639727981675,true,false
14,85,-0.09999999999999998,3.6,-0.6987381253631699,true,false
15,85,-0.050000000000000044,3.6,-0.6983784411342728,true,false
16,85,0.0,3.6,-0.6957639727981675,true,false
17,85,0.050000000000000044,3.6,-0.6977780137451279,true,false
18,85,0.09999999999999998,3.6,-0.6965731356533158,true,false
19,85,0.15000000000000002,3.6,-0.6895351262856444,false,true
20,85,0.19999999999999996,3.6,-0.6810873554121334,false,true
21,85,0.25,3.6,-0.665337679186641,false,true
22,85,0.30000000000000004,3.6,-0.7010029826553452,false,true
23,85,0.3500000000000001,3.6,-0.7010029826553452,false,true
24,85,0.40000000000000013,3.6,-0.7010029826553452,false,true
25,85,0.44999999999999996,3.6,-0.7010029826553452,false,true
26,85,0.5,3.6,-0.7010029826553452,false,true
27,85,0.55,3.6,-0.704840242281963,false,true
0,86,-0.8,3.65,-0.6585169374627139,false,true
1,86,-0.75,3.65,-0.6584778740924947,false,true
2,86,-0.7000000000000001,3.65,-0.6583719217532712,false,true
3,86,-0.65,3.65,-0.6560857974600702,false,true
4,86,-0.6000000000000001,3.65,-0.6539304796089492,false,true
5,86,-0.55,3.65,-0.6539418341711855,false,true
6,86,-0.5,3.65,-0.6539714012535203,false,true
7,86,-0.45,3.65,-0.6537722189284362,false,true
8,86,-0.4,3.65,-0.6533930104414999,false,true
9,86,-0.35000000000000003,3.65,-0.6535230471021872,false,true
10,86,-0.30000000000000004,3.65,-0.6695651261931184,false,true
11,86,-0.25,3.65,-0.6957639727981675,false,true
12,86,-0.19999999999999996,3.65,-0.7018242732507457,false,true
13,86,-0.15000000000000002,3.65,-0.7121698532493699,true,false
14,86,-0.09999999999999998,3.65,-0.7085336122902024,true,false
15,86,-0.050000000000000044,3.65,-0.7056574497612107,true,false
16,86,0.0,3.65,-0.709652510681926,true,false
17,86,0.050000000000000044,3.65,-0.7036987815292466,true,false
18,86,0.09999999999999998,3.65,-0.6995200542605152,false,true
19,86,0.15000000000000002,3.65,-0.6965731356533158,false,true
20,86,0.19999999999999996,3.65,-0.6936578967211174,false,true
21,86,0.25,3.65,-0.6863898892016761,false,true
22,86,0.30000000000000004,3.65,-0.6905568571224379,false,true
23,86,0.3500000000000001,3.65,-0.7010029826553452,false,true
24,86,0.40000000000000013,3.65,-0.7010029826553452,false,true
25,86,0.44999999999999996,3.65,-0.7010029826553452,false,true
26,86,0.5,3.65,-0.7010029826553452,false,true
27,86,0.55,3.65,-0.7010029826553452,false,true
0,87,-0.8,3.7000000000000006,-0.6585007568849771,false,true
1,87,-0.75,3.7000000000000006,-0.6584582827670599,false,true
2,87,-0.7000000000000001,3.7000000000000006,-0.6566244448479999,false,true
3,87,-0.65,3.7000000000000006,-0.6539472767761706,false,true
4,87,-0.6000000000000001,3.7000000000000006,-0.6539591541670174,false,true
5,87,-0.55,3.7000000000000006,-0.6539714012535203,false,true
6,87,-0.5,3.7000000000000006,-0.6538888972330854,false,true
7,87,-0.45,3.7000000000000006,-0.6537194904864208,false,true
8,87,-0.4,3.7000000000000006,-0.6535421648919525,false,true
9,87,-0.35000000000000003,3.7000000000000006,-0.6691906196847743,false,true
10,87,-0.30000000000000004,3.7000000000000006,-0.6957639727981675,false,true
11,87,-0.25,3.7000000000000006,-0.7034072472124037,false,true
12,87,-0.19999999999999996,3.7000000000000006,-0.7121698532493699,false,true
13,87,-0.15000000000000002,3.7000000000000006,-0.7106636729280261,false,true
14,87,-0.09999999999999998,3.7000000000000006,-0.7087562341081673,false,true
15,87,-0.050000000000000044,3.7000000000000006,-0.7080469728760993,false,true
16,87,0.0,3.7000000000000006,-0.7089571032913315,true,false
17,87,0.050000000000000044,3.7000000000000006,-0.7071963325254221,false,true
18,87,0.09999999999999998,3.7000000000000006,-0.7036987815292466,false,true
19,87,0.15000000000000002,3.7000000000000006,-0.6999750819934782,false,true
20,87,0.19999999999999996,3.7000000000000006,-0.6965731356533158,false,true
21,87,0.25,3.7000000000000006,-0.6953656041500411,false,true
22,87,0.30000000000000004,3.7000000000000006,-0.6932657626394266,false,true
23,87,0.3500000000000001,3.7000000000000006,-0.6979433833238826,false,true
24,87,0.40000000000000013,3.7000000000000006,-0.7010029826553452,false,true
25,87,0.44999999999999996,3.7000000000000006,-0.7010029826553452,false,true
26,87,0.5,3.7000000000000006,-0.7010029826553452,false,true
27,87,0.55,3.7000000000000006,-0.7010029826553452,false,true
