grid_x,grid_y,local_x_m,local_y_m,height_m,measured,interpolated
0,0,-0.8,-0.65,-0.7240606858395041,false,true
1,0,-0.75,-0.65,-0.7292255665360168,false,true
2,0,-0.7000000000000001,-0.65,-0.7343864156864582,false,true
3,0,-0.65,-0.65,-0.7346925937263289,false,true
4,0,-0.6000000000000001,-0.65,-0.7352495904840856,false,true
5,0,-0.55,-0.65,-0.7419484749931641,false,true
6,0,-0.5,-0.65,-0.7515660538338125,false,true
7,0,-0.45,-0.65,-0.751662168031259,false,true
8,0,-0.4,-0.65,-0.7518611020931347,false,true
9,0,-0.35000000000000003,-0.65,-0.7524451972331662,false,true
10,0,-0.30000000000000004,-0.65,-0.7535845666088031,false,true
11,0,-0.25,-0.65,-0.7554748496416819,false,true
12,0,-0.19999999999999996,-0.65,-0.7562042488716543,false,true
13,0,-0.15000000000000002,-0.65,-0.7558129916669825,false,true
14,0,-0.09999999999999998,-0.65,-0.7556282062822698,false,true
15,0,-0.050000000000000044,-0.65,-0.7668568416163268,false,true
16,0,0.0,-0.65,-0.7869357778690755,false,true
17,0,0.050000000000000044,-0.65,-0.7923236573962807,false,true
18,0,0.09999999999999998,-0.65,-0.7945553901688814,false,true
19,0,0.15000000000000002,-0.65,-0.7999432696960866,false,true
20,0,0.19999999999999996,-0.65,-0.7988525784953269,false,true
21,0,0.25,-0.65,-0.8050977505356137,false,true
22,0,0.30000000000000004,-0.65,-0.8128530993126332,false,true
23,0,0.3500000000000001,-0.65,-0.8130894312356035,false,true
24,0,0.40000000000000013,-0.65,-0.8185574088510906,false,true
25,0,0.44999999999999996,-0.65,-0.8247326924465597,false,true
26,0,0.5,-0.65,-0.8247132411184954,false,true
27,0,0.55,-0.65,-0.8246883760443849,false,true
0,1,-0.8,-0.6,-0.7241438528447759,false,true
1,1,-0.75,-0.6,-0.7240606858395041,false,true
2,1,-0.7000000000000001,-0.6,-0.7292312680031477,false,true
3,1,-0.65,-0.6,-0.7343864156864582,false,true
4,1,-0.6000000000000001,-0.6,-0.7351255948628146,false,true
5,1,-0.55,-0.6,-0.7362881215709893,false,true
6,1,-0.5,-0.6,-0.7431749932673407,false,true
7,1,-0.45,-0.6,-0.7515660538338125,false,true
8,1,-0.4,-0.6,-0.7517980940328245,false,true
9,1,-0.35000000000000003,-0.6,-0.7522452572058865,false,true
10,1,-0.30000000000000004,-0.6,-0.7533750583317481,false,true
11,1,-0.25,-0.6,-0.7552201654585604,false,true
12,1,-0.19999999999999996,-0.6,-0.7569032924940962,false,true
13,1,-0.15000000000000002,-0.6,-0.7562042488716543,false,true
14,1,-0.09999999999999998,-0.6,-0.7552596704217593,false,true
15,1,-0.050000000000000044,-0.6,-0.7555733521050398,false,true
16,1,0.0,-0.6,-0.7660153727419884,false,true
17,1,0.050000000000000044,-0.6,-0.7869357778690755,true,false
18,1,0.09999999999999998,-0.6,-0.7999432696960866,true,false
19,1,0.15000000000000002,-0.6,-0.7973101082068517,false,true
20,1,0.19999999999999996,-0.6,-0.8029620381129458,false,true
21,1,0.25,-0.6,-0.8128530993126332,false,true
22,1,0.30000000000000004,-0.6,-0.8134236550462899,false,true
23,1,0.3500000000000001,-0.6,-0.8175571271414526,false,true
24,1,0.40000000000000013,-0.6,-0.8247326924465597,false,true
25,1,0.44999999999999996,-0.6,-0.8246857327865407,false,true
26,1,0.5,-0.6,-0.8246532115193485,false,true
27,1,0.55,-0.6,-0.824585186707843,false,true
0,2,-0.8,-0.55,-0.7243105018218191,false,true
1,2,-0.75,-0.55,-0.724261468751573,false,true
2,2,-0.7000000000000001,-0.55,-0.7240606858395041,false,true
3,2,-0.65,-0.55,-0.7292530956545633,false,true
4,2,-0.6000000000000001,-0.55,-0.7343864156864582,false,true
5,2,-0.55,-0.55,-0.7361709520790414,false,true
6,2,-0.5,-0.55,-0.7383555301401292,false,true
7,2,-0.45,-0.55,-0.7451280329177012,false,true
8,2,-0.4,-0.55,-0.7515660538338125,false,true
9,2,-0.35000000000000003,-0.55,-0.7521262484292833,false,true
10,2,-0.30000000000000004,-0.55,-0.7530927644038745,false,true
11,2,-0.25,-0.55,-0.7550230921355874,false,true
12,2,-0.19999999999999996,-0.55,-0.757626270279377,false,true
13,2,-0.15000000000000002,-0.55,-0.7587496448349141,false,true
14,2,-0.09999999999999998,-0.55,-0.7562042488716543,true,false
15,2,-0.050000000000000044,-0.55,-0.7539238347671926,true,false
16,2,0.0,-0.55,-0.7572752251289785,true,false
17,2,0.050000000000000044,-0.55,-0.7608814253471792,true,false
18,2,0.09999999999999998,-0.55,-0.7935862555168569,true,false
19,2,0.15000000000000002,-0.55,-0.7999857695617246,false,true
20,2,0.19999999999999996,-0.55,-0.8128530993126332,false,true
21,2,0.25,-0.55,-0.814230542702917,false,true
22,2,0.30000000000000004,-0.55,-0.8179589854947659,false,true
23,2,0.3500000000000001,-0.55,-0.8247326924465597,false,true
24,2,0.40000000000000013,-0.55,-0.8246193217984573,false,true
25,2,0.44999999999999996,-0.55,-0.8245277385750086,false,true
26,2,0.5,-0.55,-0.8243609306861818,false,true
27,2,0.55,-0.55,-0.8230550068344173,false,true
0,3,-0.8,-0.5,-0.724810231519362,false,true
1,3,-0.75,-0.5,-0.7246296610370812,false,true
2,3,-0.7000000000000001,-0.5,-0.7245454186689139,false,true
3,3,-0.65,-0.5,-0.7240606858395041,false,true
4,3,-0.6000000000000001,-0.5,-0.7293366612273116,false,true
5,3,-0.55,-0.5,-0.7343864156864582,false,true
6,3,-0.5,-0.5,-0.7386946676479809,false,true
7,3,-0.45,-0.5,-0.7418450317306868,false,true
8,3,-0.4,-0.5,-0.7470995264969782,false,true
9,3,-0.35000000000000003,-0.5,-0.7515660538338125,true,false
10,3,-0.30000000000000004,-0.5,-0.7529184832237661,true,false
11,3,-0.25,-0.5,-0.7548659457825124,true,false
12,3,-0.19999999999999996,-0.5,-0.7573499395512044,true,false
13,3,-0.15000000000000002,-0.5,-0.7607773854397237,true,false
14,3,-0.09999999999999998,-0.5,-0.7608814253471792,true,false
15,3,-0.050000000000000044,-0.5,-0.7601149096153677,true,false
16,3,0.0,-0.5,-0.7592368139885366,true,false
17,3,0.050000000000000044,-0.5,-0.7677844776771963,true,false
18,3,0.09999999999999998,-0.5,-0.7908813967369497,true,false
19,3,0.15000000000000002,-0.5,-0.8128530993126333,true,false
20,3,0.19999999999999996,-0.5,-0.8161785418268573,false,true
21,3,0.25,-0.5,-0.8187582178008957,false,true
22,3,0.30000000000000004,-0.5,-0.8247326924465597,false,true
23,3,0.3500000000000001,-0.5,-0.8244589914903361,false,true
24,3,0.40000000000000013,-0.5,-0.8241932664667706,false,true
25,3,0.44999999999999996,-0.5,-0.8238002266071329,false,true
26,3,0.5,-0.5,-0.8226838519733216,false,true
27,3,0.55,-0.5,-0.820881427731365,false,true
0,4,-0.8,-0.45,-0.7258155006876824,false,true
1,4,-0.75,-0.45,-0.7256143595121569,false,true
2,4,-0.7000000000000001,-0.45,-0.7253177729342467,false,true
3,4,-0.65,-0.45,-0.7252309344103923,false,true
4,4,-0.6000000000000001,-0.45,-0.7240606858395041,false,true
5,4,-0.55,-0.45,-0.7296565859327162,false,true
6,4,-0.5,-0.45,-0.7343864156864583,true,false
7,4,-0.45,-0.45,-0.7447874560020864,true,false
8,4,-0.4,-0.45,-0.7451424314640462,true,false
9,4,-0.35000000000000003,-0.45,-0.7458627237938344,true,false
10,4,-0.30000000000000004,-0.45,-0.7496805205009878,true,false
11,4,-0.25,-0.45,-0.752114953007549,true,false
12,4,-0.19999999999999996,-0.45,-0.7556684627197683,true,false
13,4,-0.15000000000000002,-0.45,-0.7601035847328603,true,false
14,4,-0.09999999999999998,-0.45,-0.7608814253471792,true,false
15,4,-0.050000000000000044,-0.45,-0.7640045597217977,true,false
16,4,0.0,-0.45,-0.7604116811417043,true,false
17,4,0.050000000000000044,-0.45,-0.7627807571552694,true,false
18,4,0.09999999999999998,-0.45,-0.7908813967369497,true,false
19,4,0.15000000000000002,-0.45,-0.820881427731365,true,false
20,4,0.19999999999999996,-0.45,-0.8198623659662191,false,true
21,4,0.25,-0.45,-0.8247326924465597,false,true
22,4,0.30000000000000004,-0.45,-0.8240719198860103,false,true
23,4,0.3500000000000001,-0.45,-0.8232780485547935,false,true
24,4,0.40000000000000013,-0.45,-0.8224252891157556,false,true
25,4,0.44999999999999996,-0.45,-0.8218101860319341,false,true
26,4,0.5,-0.45,-0.820881427731365,false,true
27,4,0.55,-0.45,-0.8208481864567677,false,true
0,5,-0.8,-0.4,-0.727472870215089,false,true
1,5,-0.75,-0.4,-0.7272857969166634,false,true
2,5,-0.7000000000000001,-0.4,-0.7271027371162982,false,true
3,5,-0.65,-0.4,-0.7266976682471606,false,true
4,5,-0.6000000000000001,-0.4,-0.72688591581069,false,true
5,5,-0.55,-0.4,-0.724060685839504,true,false
6,5,-0.5,-0.4,-0.7308813943527639,true,false
7,5,-0.45,-0.4,-0.7421374036930501,true,false
8,5,-0.4,-0.4,-0.73895034333691,true,false
9,5,-0.35000000000000003,-0.4,-0.7410911037586629,true,false
10,5,-0.30000000000000004,-0.4,-0.7475956096313894,true,false
11,5,-0.25,-0.4,-0.7497856630943716,true,false
12,5,-0.19999999999999996,-0.4,-0.7539875819347799,true,false
13,5,-0.15000000000000002,-0.4,-0.7547447993420064,true,false
14,5,-0.09999999999999998,-0.4,-0.7557582273148,true,false
15,5,-0.050000000000000044,-0.4,-0.7608814253471792,true,false
16,5,0.0,-0.4,-0.7608814253471792,true,false
17,5,0.050000000000000044,-0.4,-0.7608814253471792,true,false
18,5,0.09999999999999998,-0.4,-0.7908677472732961,true,false
19,5,0.15000000000000002,-0.4,-0.8185427798889577,true,false
20,5,0.19999999999999996,-0.4,-0.8247326924465597,true,false
21,5,0.25,-0.4,-0.8231374463692371,false,true
22,5,0.30000000000000004,-0.4,-0.8207007010596412,false,true
23,5,0.3500000000000001,-0.4,-0.8191856027770463,false,true
24,5,0.40000000000000013,-0.4,-0.819870681058531,false,true
25,5,0.44999999999999996,-0.4,-0.820881427731365,false,true
26,5,0.5,-0.4,-0.8208011761954018,false,true
27,5,0.55,-0.4,-0.8207718749814896,false,true
0,6,-0.8,-0.35,-0.7296389357650618,false,true
1,6,-0.75,-0.35,-0.7295959425138124,false,true
2,6,-0.7000000000000001,-0.35,-0.7295127065514818,false,true
3,6,-0.65,-0.35,-0.7295473937106335,false,true
4,6,-0.6000000000000001,-0.35,-0.7290684283973904,false,true
5,6,-0.55,-0.35,-0.7308813943527639,true,false
6,6,-0.5,-0.35,-0.7371391667984426,true,false
7,6,-0.45,-0.35,-0.7395290150307119,true,false
8,6,-0.4,-0.35,-0.7368747009895742,true,false
9,6,-0.35000000000000003,-0.35,-0.7390691353939474,true,false
10,6,-0.30000000000000004,-0.35,-0.7460507466457784,true,false
11,6,-0.25,-0.35,-0.7492394461296499,true,false
12,6,-0.19999999999999996,-0.35,-0.7515051974914968,true,false
13,6,-0.15000000000000002,-0.35,-0.7528753890655935,true,false
14,6,-0.09999999999999998,-0.35,-0.7533617629669607,true,false
15,6,-0.050000000000000044,-0.35,-0.7582876100204885,true,false
16,6,0.0,-0.35,-0.7573853745125234,true,false
17,6,0.050000000000000044,-0.35,-0.7608814253471792,true,false
18,6,0.09999999999999998,-0.35,-0.784244657959789,true,false
19,6,0.15000000000000002,-0.35,-0.8055224432609975,true,false
20,6,0.19999999999999996,-0.35,-0.820881427731365,true,false
21,6,0.25,-0.35,-0.8132226314078433,false,true
22,6,0.30000000000000004,-0.35,-0.8121566131285086,false,true
23,6,0.3500000000000001,-0.35,-0.816002748906386,false,true
24,6,0.40000000000000013,-0.35,-0.820881427731365,false,true
25,6,0.44999999999999996,-0.35,-0.8206876833848414,false,true
26,6,0.5,-0.35,-0.8206208840575054,false,true
27,6,0.55,-0.35,-0.8204677077988941,false,true
0,7,-0.8,-0.3,-0.7319539488483299,false,true
1,7,-0.75,-0.3,-0.7320528762524676,false,true
2,7,-0.7000000000000001,-0.3,-0.7322068613381323,false,true
3,7,-0.65,-0.3,-0.7322786898048903,false,true
4,7,-0.6000000000000001,-0.3,-0.7328862308524714,false,true
5,7,-0.55,-0.3,-0.7315122499130666,true,false
6,7,-0.5,-0.3,-0.7378954603336751,true,false
7,7,-0.45,-0.3,-0.7386003746651113,true,false
8,7,-0.4,-0.3,-0.7381795062683523,true,false
9,7,-0.35000000000000003,-0.3,-0.7382651581428945,true,false
10,7,-0.30000000000000004,-0.3,-0.7415415062569082,true,false
11,7,-0.25,-0.3,-0.746302308049053,true,false
12,7,-0.19999999999999996,-0.3,-0.7495949878357351,true,false
13,7,-0.15000000000000002,-0.3,-0.7520238771103323,true,false
14,7,-0.09999999999999998,-0.3,-0.7542933239601552,true,false
15,7,-0.050000000000000044,-0.3,-0.7549659623764455,true,false
16,7,0.0,-0.3,-0.7561620189808309,true,false
17,7,0.050000000000000044,-0.3,-0.7608814253471792,true,false
18,7,0.09999999999999998,-0.3,-0.7860976471565664,true,false
19,7,0.15000000000000002,-0.3,-0.8029052033089101,true,false
20,7,0.19999999999999996,-0.3,-0.7908813967369497,true,false
21,7,0.25,-0.3,-0.7996682023794073,false,true
22,7,0.30000000000000004,-0.3,-0.8098445603721858,false,true
23,7,0.3500000000000001,-0.3,-0.820881427731365,false,true
24,7,0.40000000000000013,-0.3,-0.8204136875023545,false,true
25,7,0.44999999999999996,-0.3,-0.8202658718689699,false,true
26,7,0.5,-0.3,-0.819917615460025,false,true
27,7,0.55,-0.3,-0.8195040525089671,false,true
0,8,-0.8,-0.25,-0.7339682699792386,false,true
1,8,-0.75,-0.25,-0.7341720507062255,false,true
2,8,-0.7000000000000001,-0.25,-0.7343752781569031,false,true
3,8,-0.65,-0.25,-0.7347647481737773,false,true
4,8,-0.6000000000000001,-0.25,-0.7346297584232029,false,true
5,8,-0.55,-0.25,-0.7368341698311269,true,false
6,8,-0.5,-0.25,-0.7400976433418691,true,false
7,8,-0.45,-0.25,-0.7392089976929128,true,false
8,8,-0.4,-0.25,-0.7390489592216909,true,false
9,8,-0.35000000000000003,-0.25,-0.7401016368530691,true,false
10,8,-0.30000000000000004,-0.25,-0.7404741658829153,true,false
11,8,-0.25,-0.25,-0.7473135008476675,true,false
12,8,-0.19999999999999996,-0.25,-0.7491958453319967,true,false
13,8,-0.15000000000000002,-0.25,-0.7510286583565176,true,false
14,8,-0.09999999999999998,-0.25,-0.7536187483929098,true,false
15,8,-0.050000000000000044,-0.25,-0.7548488690517843,true,false
16,8,0.0,-0.25,-0.7608814253471792,true,false
17,8,0.050000000000000044,-0.25,-0.763665737118572,true,false
18,8,0.09999999999999998,-0.25,-0.7866424634121358,true,false
19,8,0.15000000000000002,-0.25,-0.8031798019073904,true,false
20,8,0.19999999999999996,-0.25,-0.7908813967369497,true,false
21,8,0.25,-0.25,-0.8052495453200152,false,true
22,8,0.30000000000000004,-0.25,-0.820881427731365,false,true
23,8,0.3500000000000001,-0.25,-0.8197522029268205,false,true
24,8,0.40000000000000013,-0.25,-0.8194412731331113,false,true
25,8,0.44999999999999996,-0.25,-0.8186550385984952,false,true
26,8,0.5,-0.25,-0.8178023546261477,false,true
27,8,0.55,-0.25,-0.7856493426089891,false,true
0,9,-0.8,-0.2,-0.7354110404911902,false,true
1,9,-0.75,-0.2,-0.7355954742381544,false,true
2,9,-0.7000000000000001,-0.2,-0.7358498330573238,false,true
3,9,-0.65,-0.2,-0.7359210727289148,false,true
4,9,-0.6000000000000001,-0.2,-0.7368341698311269,false,true
5,9,-0.55,-0.2,-0.735273984894635,false,true
6,9,-0.5,-0.2,-0.7334089889191091,true,false
7,9,-0.45,-0.2,-0.7384531511925161,true,false
8,9,-0.4,-0.2,-0.7403962626121938,true,false
9,9,-0.35000000000000003,-0.2,-0.7421511425636709,true,false
10,9,-0.30000000000000004,-0.2,-0.7447296692989767,true,false
11,9,-0.25,-0.2,-0.7469965233467519,true,false
12,9,-0.19999999999999996,-0.2,-0.7483515157364309,true,false
13,9,-0.15000000000000002,-0.2,-0.7504885806702077,true,false
14,9,-0.09999999999999998,-0.2,-0.7519520535133779,true,false
15,9,-0.050000000000000044,-0.2,-0.7561059012077749,true,false
16,9,0.0,-0.2,-0.7632647170685232,true,false
17,9,0.050000000000000044,-0.2,-0.7688475861214101,true,false
18,9,0.09999999999999998,-0.2,-0.7908813967369497,true,false
19,9,0.15000000000000002,-0.2,-0.8084722771309316,true,false
20,9,0.19999999999999996,-0.2,-0.8178305043838918,true,false
21,9,0.25,-0.2,-0.820881427731365,true,false
22,9,0.30000000000000004,-0.2,-0.8181552378932655,false,true
23,9,0.3500000000000001,-0.2,-0.8175613974036482,false,true
24,9,0.40000000000000013,-0.2,-0.8157844861525756,false,true
25,9,0.44999999999999996,-0.2,-0.8141329601452135,false,true
26,9,0.5,-0.2,-0.7833634192994443,false,true
27,9,0.55,-0.2,-0.7308813943527639,false,true
0,10,-0.8,-0.15000000000000002,-0.7362411669620512,false,true
1,10,-0.75,-0.15000000000000002,-0.7363892015698388,false,true
2,10,-0.7000000000000001,-0.15000000000000002,-0.7364559526276272,false,true
3,10,-0.65,-0.15000000000000002,-0.7368341698311269,false,true
4,10,-0.6000000000000001,-0.15000000000000002,-0.733956691896303,false,true
5,10,-0.55,-0.15000000000000002,-0.7316217096611562,false,true
6,10,-0.5,-0.15000000000000002,-0.7308813943527639,true,false
7,10,-0.45,-0.15000000000000002,-0.7342588915489614,true,false
8,10,-0.4,-0.15000000000000002,-0.7390659763477743,true,false
9,10,-0.35000000000000003,-0.15000000000000002,-0.7405299856327474,true,false
10,10,-0.30000000000000004,-0.15000000000000002,-0.7415574504993856,true,false
11,10,-0.25,-0.15000000000000002,-0.7437116517685354,true,false
12,10,-0.19999999999999996,-0.15000000000000002,-0.7477121367119253,true,false
13,10,-0.15000000000000002,-0.15000000000000002,-0.7501990809105337,true,false
14,10,-0.09999999999999998,-0.15000000000000002,-0.7530006184242666,true,false
15,10,-0.050000000000000044,-0.15000000000000002,-0.7566044344566762,true,false
16,10,0.0,-0.15000000000000002,-0.7619420900009573,true,false
17,10,0.050000000000000044,-0.15000000000000002,-0.7656298591755331,true,false
18,10,0.09999999999999998,-0.15000000000000002,-0.7908813967369497,true,false
19,10,0.15000000000000002,-0.15000000000000002,-0.8034942760132253,true,false
20,10,0.19999999999999996,-0.15000000000000002,-0.8116593374870718,true,false
21,10,0.25,-0.15000000000000002,-0.8142998232506216,true,false
22,10,0.30000000000000004,-0.15000000000000002,-0.8134015498016283,false,true
23,10,0.3500000000000001,-0.15000000000000002,-0.8093038373879303,false,true
24,10,0.40000000000000013,-0.15000000000000002,-0.8064890366790923,false,true
25,10,0.44999999999999996,-0.15000000000000002,-0.7787778894887127,false,true
26,10,0.5,-0.15000000000000002,-0.7308813943527639,false,true
27,10,0.55,-0.15000000000000002,-0.7459247463249594,false,true
0,11,-0.8,-0.09999999999999998,-0.7366389498317335,false,true
1,11,-0.75,-0.09999999999999998,-0.7366775071359145,false,true
2,11,-0.7000000000000001,-0.09999999999999998,-0.7368341698311269,false,true
3,11,-0.65,-0.09999999999999998,-0.7342118184276883,false,true
4,11,-0.6000000000000001,-0.09999999999999998,-0.7322792016125821,false,true
5,11,-0.55,-0.09999999999999998,-0.7318721941219591,false,true
6,11,-0.5,-0.09999999999999998,-0.7308813943527639,true,false
7,11,-0.45,-0.09999999999999998,-0.7346664383076131,true,false
8,11,-0.4,-0.09999999999999998,-0.7371283783577383,true,false
9,11,-0.35000000000000003,-0.09999999999999998,-0.7387946560047567,true,false
10,11,-0.30000000000000004,-0.09999999999999998,-0.7404348864220083,true,false
11,11,-0.25,-0.09999999999999998,-0.7448315038345754,true,false
12,11,-0.19999999999999996,-0.09999999999999998,-0.7485348298214376,true,false
13,11,-0.15000000000000002,-0.09999999999999998,-0.7507830574177206,true,false
14,11,-0.09999999999999998,-0.09999999999999998,-0.7523493482731283,true,false
15,11,-0.050000000000000044,-0.09999999999999998,-0.7560195638798177,true,false
16,11,0.0,-0.09999999999999998,-0.7608814253471792,true,false
17,11,0.050000000000000044,-0.09999999999999998,-0.7608814253471792,true,false
18,11,0.09999999999999998,-0.09999999999999998,-0.7796539678238332,true,false
19,11,0.15000000000000002,-0.09999999999999998,-0.7908813967369497,true,false
20,11,0.19999999999999996,-0.09999999999999998,-0.7908813967369497,true,false
21,11,0.25,-0.09999999999999998,-0.8046513213776052,true,false
22,11,0.30000000000000004,-0.09999999999999998,-0.7946573964124389,false,true
23,11,0.3500000000000001,-0.09999999999999998,-0.7914359466167203,false,true
24,11,0.40000000000000013,-0.09999999999999998,-0.7703176856506937,false,true
25,11,0.44999999999999996,-0.09999999999999998,-0.7308813943527639,false,true
26,11,0.5,-0.09999999999999998,-0.7460473203863061,false,true
27,11,0.55,-0.09999999999999998,-0.7608814253471792,false,true
0,12,-0.8,-0.04999999999999993,-0.736769278018052,false,true
1,12,-0.75,-0.04999999999999993,-0.7368341698311269,false,true
2,12,-0.7000000000000001,-0.04999999999999993,-0.734856814498167,false,true
3,12,-0.65,-0.04999999999999993,-0.7335086309644177,false,true
4,12,-0.6000000000000001,-0.04999999999999993,-0.7334915129498164,false,true
5,12,-0.55,-0.04999999999999993,-0.7335122890772346,false,true
6,12,-0.5,-0.04999999999999993,-0.7342641963623464,true,false
7,12,-0.45,-0.04999999999999993,-0.7315509929321706,true,false
8,12,-0.4,-0.04999999999999993,-0.7330592884682119,true,false
9,12,-0.35000000000000003,-0.04999999999999993,-0.7356636538170278,true,false
10,12,-0.30000000000000004,-0.04999999999999993,-0.7394142760895193,true,false
11,12,-0.25,-0.04999999999999993,-0.7424992932938039,true,false
12,12,-0.19999999999999996,-0.04999999999999993,-0.7467078580521047,true,false
13,12,-0.15000000000000002,-0.04999999999999993,-0.7474091066978872,true,false
14,12,-0.09999999999999998,-0.04999999999999993,-0.7494831695221364,true,false
15,12,-0.050000000000000044,-0.04999999999999993,-0.7511937930248678,true,false
16,12,0.0,-0.04999999999999993,-0.7533625378273427,true,false
17,12,0.050000000000000044,-0.04999999999999993,-0.7608814253471792,true,false
18,12,0.09999999999999998,-0.04999999999999993,-0.768386663403362,true,false
19,12,0.15000000000000002,-0.04999999999999993,-0.7787963165901601,true,false
20,12,0.19999999999999996,-0.04999999999999993,-0.774681658949703,true,false
21,12,0.25,-0.04999999999999993,-0.7608814253471792,true,false
22,12,0.30000000000000004,-0.04999999999999993,-0.7649145254402032,false,true
23,12,0.3500000000000001,-0.04999999999999993,-0.757237140844796,false,true
24,12,0.40000000000000013,-0.04999999999999993,-0.7308813943527639,false,true
25,12,0.44999999999999996,-0.04999999999999993,-0.7465165862475559,false,true
26,12,0.5,-0.04999999999999993,-0.7608814253471792,false,true
27,12,0.55,-0.04999999999999993,-0.7613229836989188,false,true
0,13,-0.8,0.0,-0.7368341698311269,false,true
1,13,-0.75,0.0,-0.7354165761036168,false,true
2,13,-0.7000000000000001,0.0,-0.7345103922691613,false,true
3,13,-0.65,0.0,-0.7346120272771394,false,true
4,13,-0.6000000000000001,0.0,-0.7347622688446634,false,true
5,13,-0.55,0.0,-0.7350814498965055,false,true
6,13,-0.5,0.0,-0.7350798263214529,true,false
7,13,-0.45,0.0,-0.7308813943527639,true,false
8,13,-0.4,0.0,-0.7318723215721548,true,false
9,13,-0.35000000000000003,0.0,-0.7333692922256887,true,false
10,13,-0.30000000000000004,0.0,-0.737579436507076,true,false
11,13,-0.25,0.0,-0.7412273897789419,true,false
12,13,-0.19999999999999996,0.0,-0.7447779788635671,true,false
13,13,-0.15000000000000002,0.0,-0.7460640980862081,true,false
14,13,-0.09999999999999998,0.0,-0.7477921261452138,true,false
15,13,-0.050000000000000044,0.0,-0.7490934445522726,true,false
16,13,0.0,0.0,-0.750250221695751,true,false
17,13,0.050000000000000044,0.0,-0.7524662627838552,true,false
18,13,0.09999999999999998,0.0,-0.7608814253471792,true,false
19,13,0.15000000000000002,0.0,-0.7846293463371694,true,false
20,13,0.19999999999999996,0.0,-0.7695347680710256,true,false
21,13,0.25,0.0,-0.7308813943527639,true,false
22,13,0.30000000000000004,0.0,-0.7462320779942732,false,true
23,13,0.3500000000000001,0.0,-0.7308813943527639,false,true
24,13,0.40000000000000013,0.0,-0.7483131363994818,false,true
25,13,0.44999999999999996,0.0,-0.7608814253471792,false,true
26,13,0.5,0.0,-0.7619474415085281,false,true
27,13,0.55,0.0,-0.7836891802720551,false,true
0,14,-0.8,0.050000000000000044,-0.7357905318380046,false,true
1,14,-0.75,0.050000000000000044,-0.7351540185748404,false,true
2,14,-0.7000000000000001,0.050000000000000044,-0.7352530949023766,false,true
3,14,-0.65,0.050000000000000044,-0.7353684199672104,false,true
4,14,-0.6000000000000001,0.050000000000000044,-0.7355200679420374,false,true
5,14,-0.55,0.050000000000000044,-0.7355608584397249,false,true
6,14,-0.5,0.050000000000000044,-0.7359009995125234,true,false
7,14,-0.45,0.050000000000000044,-0.7308813943527639,true,false
8,14,-0.4,0.050000000000000044,-0.7321247472427785,true,false
9,14,-0.35000000000000003,0.050000000000000044,-0.7332788123749197,true,false
10,14,-0.30000000000000004,0.050000000000000044,-0.7369547500275075,true,false
11,14,-0.25,0.050000000000000044,-0.7400355949066579,true,false
12,14,-0.19999999999999996,0.050000000000000044,-0.7424471094273031,true,false
13,14,-0.15000000000000002,0.050000000000000044,-0.7411509468220174,true,false
14,14,-0.09999999999999998,0.050000000000000044,-0.7475076331757009,true,false
15,14,-0.050000000000000044,0.050000000000000044,-0.7491988851688802,true,false
16,14,0.0,0.050000000000000044,-0.749376208987087,true,false
17,14,0.050000000000000044,0.050000000000000044,-0.7515800013206899,true,false
18,14,0.09999999999999998,0.050000000000000044,-0.7608814253471792,true,false
19,14,0.15000000000000002,0.050000000000000044,-0.7908813967369497,true,false
20,14,0.19999999999999996,0.050000000000000044,-0.7863126709125936,true,false
21,14,0.25,0.050000000000000044,-0.7750010206364095,true,false
22,14,0.30000000000000004,0.050000000000000044,-0.7308813943527639,true,false
23,14,0.3500000000000001,0.050000000000000044,-0.7551910977320824,false,true
24,14,0.40000000000000013,0.050000000000000044,-0.7608814253471792,false,true
25,14,0.44999999999999996,0.050000000000000044,-0.7634550160216166,false,true
26,14,0.5,0.050000000000000044,-0.7846466162537916,false,true
27,14,0.55,0.050000000000000044,-0.820881427731365,false,true
0,15,-0.8,0.09999999999999998,-0.7355209349137842,false,true
1,15,-0.75,0.09999999999999998,-0.7355887262577084,false,true
2,15,-0.7000000000000001,0.09999999999999998,-0.7356575297944078,false,true
3,15,-0.65,0.09999999999999998,-0.7357310682568441,false,true
4,15,-0.6000000000000001,0.09999999999999998,-0.7357601084670502,false,true
5,15,-0.55,0.09999999999999998,-0.7359009995125235,false,true
6,15,-0.5,0.09999999999999998,-0.7332001568594144,false,true
7,15,-0.45,0.09999999999999998,-0.7316706492565572,true,false
8,15,-0.4,0.09999999999999998,-0.7336372151039541,true,false
9,15,-0.35000000000000003,0.09999999999999998,-0.7351969494484365,true,false
10,15,-0.30000000000000004,0.09999999999999998,-0.7367088212631643,true,false
11,15,-0.25,0.09999999999999998,-0.7382786287926137,true,false
12,15,-0.19999999999999996,0.09999999999999998,-0.739797533955425,true,false
13,15,-0.15000000000000002,0.09999999999999998,-0.7419134988449514,true,false
14,15,-0.09999999999999998,0.09999999999999998,-0.7453500642441213,true,false
15,15,-0.050000000000000044,0.09999999999999998,-0.7476083650253713,true,false
16,15,0.0,0.09999999999999998,-0.7472876920364797,true,false
17,15,0.050000000000000044,0.09999999999999998,-0.7497186078689992,true,false
18,15,0.09999999999999998,0.09999999999999998,-0.7608814253471792,true,false
19,15,0.15000000000000002,0.09999999999999998,-0.7908813967369497,true,false
20,15,0.19999999999999996,0.09999999999999998,-0.7908813967369497,true,false
21,15,0.25,0.09999999999999998,-0.7908813967369497,true,false
22,15,0.30000000000000004,0.09999999999999998,-0.7815228714607656,true,false
23,15,0.3500000000000001,0.09999999999999998,-0.7608814253471792,true,false
24,15,0.40000000000000013,0.09999999999999998,-0.767094622857403,false,true
25,15,0.44999999999999996,0.09999999999999998,-0.7871374937955182,false,true
26,15,0.5,0.09999999999999998,-0.820881427731365,false,true
27,15,0.55,0.09999999999999998,-0.8206253590072644,false,true
0,16,-0.8,0.15000000000000002,-0.7357551032093207,false,true
1,16,-0.75,0.15000000000000002,-0.7357919798147391,false,true
2,16,-0.7000000000000001,0.15000000000000002,-0.7358270547183012,false,true
3,16,-0.65,0.15000000000000002,-0.7358426405306715,false,true
4,16,-0.6000000000000001,0.15000000000000002,-0.7359009995125235,false,true
5,16,-0.55,0.15000000000000002,-0.7339923458458217,false,true
6,16,-0.5,0.15000000000000002,-0.7330618654753088,false,true
7,16,-0.45,0.15000000000000002,-0.7338624014519155,true,false
8,16,-0.4,0.15000000000000002,-0.7342724814079702,true,false
9,16,-0.35000000000000003,0.15000000000000002,-0.7363036586903036,true,false
10,16,-0.30000000000000004,0.15000000000000002,-0.7353837206028402,true,false
11,16,-0.25,0.15000000000000002,-0.7363523854874074,true,false
12,16,-0.19999999999999996,0.15000000000000002,-0.7396300449036062,true,false
13,16,-0.15000000000000002,0.15000000000000002,-0.741309882607311,true,false
14,16,-0.09999999999999998,0.15000000000000002,-0.7443318977020681,true,false
15,16,-0.050000000000000044,0.15000000000000002,-0.7462320639751852,true,false
16,16,0.0,0.15000000000000002,-0.7465369715355337,true,false
17,16,0.050000000000000044,0.15000000000000002,-0.7498821928165853,true,false
18,16,0.09999999999999998,0.15000000000000002,-0.7594621791504323,true,false
19,16,0.15000000000000002,0.15000000000000002,-0.7863005711697042,true,false
20,16,0.19999999999999996,0.15000000000000002,-0.7959541096352041,true,false
21,16,0.25,0.15000000000000002,-0.7912413491867483,true,false
22,16,0.30000000000000004,0.15000000000000002,-0.8135178699158132,true,false
23,16,0.3500000000000001,0.15000000000000002,-0.7758814110420644,true,false
24,16,0.40000000000000013,0.15000000000000002,-0.7940173331335371,false,true
25,16,0.44999999999999996,0.15000000000000002,-0.820881427731365,false,true
26,16,0.5,0.15000000000000002,-0.8202632231447418,false,true
27,16,0.55,0.15000000000000002,-0.8202632231447418,false,true
0,17,-0.8,0.20000000000000007,-0.7358530172427579,false,true
1,17,-0.75,0.20000000000000007,-0.735869328765416,false,true
2,17,-0.7000000000000001,0.20000000000000007,-0.7358768264307542,false,true
3,17,-0.65,0.20000000000000007,-0.7359009995125235,false,true
4,17,-0.6000000000000001,0.20000000000000007,-0.7340972605459695,false,true
5,17,-0.55,0.20000000000000007,-0.7331665037273067,false,true
6,17,-0.5,0.20000000000000007,-0.7334011888904075,false,true
7,17,-0.45,0.20000000000000007,-0.7333209528587759,true,false
8,17,-0.4,0.20000000000000007,-0.7337780608795583,true,false
9,17,-0.35000000000000003,0.20000000000000007,-0.7351809157989919,true,false
10,17,-0.30000000000000004,0.20000000000000007,-0.7348436727188528,true,false
11,17,-0.25,0.20000000000000007,-0.735991062130779,true,false
12,17,-0.19999999999999996,0.20000000000000007,-0.7384011461399496,true,false
13,17,-0.15000000000000002,0.20000000000000007,-0.7405001535080373,true,false
14,17,-0.09999999999999998,0.20000000000000007,-0.7434134199284017,true,false
15,17,-0.050000000000000044,0.20000000000000007,-0.7464962019585073,true,false
16,17,0.0,0.20000000000000007,-0.7491641654632986,true,false
17,17,0.050000000000000044,0.20000000000000007,-0.7510074391029775,true,false
18,17,0.09999999999999998,0.20000000000000007,-0.7608814253471792,true,false
19,17,0.15000000000000002,0.20000000000000007,-0.7778265788219869,true,false
20,17,0.19999999999999996,0.20000000000000007,-0.7986978306435049,true,false
21,17,0.25,0.20000000000000007,-0.8032473637722433,true,false
22,17,0.30000000000000004,0.20000000000000007,-0.8127494468353689,true,false
23,17,0.3500000000000001,0.20000000000000007,-0.814809740986675,true,false
24,17,0.40000000000000013,0.20000000000000007,-0.820881427731365,true,false
25,17,0.44999999999999996,0.20000000000000007,-0.819388949834018,false,true
26,17,0.5,0.20000000000000007,-0.8196450185581186,false,true
27,17,0.55,0.20000000000000007,-0.81949501697244,false,true
0,18,-0.8,0.25,-0.7358875759203181,false,true
1,18,-0.75,0.25,-0.7358909866942104,false,true
2,18,-0.7000000000000001,0.25,-0.7359009995125235,false,true
3,18,-0.65,0.25,-0.7339702595926544,false,true
4,18,-0.6000000000000001,0.25,-0.7329114367100464,false,true
5,18,-0.55,0.25,-0.7329675920528596,false,true
6,18,-0.5,0.25,-0.7329392470387598,false,true
7,18,-0.45,0.25,-0.7330534472130239,true,false
8,18,-0.4,0.25,-0.7345231785438955,true,false
9,18,-0.35000000000000003,0.25,-0.7360960855148733,true,false
10,18,-0.30000000000000004,0.25,-0.7358343019150198,true,false
11,18,-0.25,0.25,-0.7367159738205373,true,false
12,18,-0.19999999999999996,0.25,-0.7401089682243764,true,false
13,18,-0.15000000000000002,0.25,-0.740677775349468,true,false
14,18,-0.09999999999999998,0.25,-0.743931473698467,true,false
15,18,-0.050000000000000044,0.25,-0.7508063926361501,true,false
16,18,0.0,0.25,-0.7510039224289358,true,false
17,18,0.050000000000000044,0.25,-0.7523711933754385,true,false
18,18,0.09999999999999998,0.25,-0.7608814253471792,true,false
19,18,0.15000000000000002,0.25,-0.7834617509506643,true,false
20,18,0.19999999999999996,0.25,-0.7935549928806722,true,false
21,18,0.25,0.25,-0.808803619351238,true,false
22,18,0.30000000000000004,0.25,-0.8126001372002065,true,false
23,18,0.3500000000000001,0.25,-0.8142765178345144,true,false
24,18,0.40000000000000013,0.25,-0.8172782673500478,true,false
25,18,0.44999999999999996,0.25,-0.8187707452473948,false,true
26,18,0.5,0.25,-0.8185146765232942,false,true
27,18,0.55,0.25,-0.8186646781089727,false,true
0,19,-0.8,0.30000000000000004,-0.7358968520673806,false,true
1,19,-0.75,0.30000000000000004,-0.7359009995125235,false,true
2,19,-0.7000000000000001,0.30000000000000004,-0.7338166754077616,false,true
3,19,-0.65,0.30000000000000004,-0.7326233140854088,false,true
4,19,-0.6000000000000001,0.30000000000000004,-0.7326101817399802,false,true
5,19,-0.55,0.30000000000000004,-0.7325769540453801,false,true
6,19,-0.5,0.30000000000000004,-0.7325740811186773,false,true
7,19,-0.45,0.30000000000000004,-0.7323960377834737,true,false
8,19,-0.4,0.30000000000000004,-0.7346819951198995,true,false
9,19,-0.35000000000000003,0.30000000000000004,-0.737500490155071,true,false
10,19,-0.30000000000000004,0.30000000000000004,-0.738207699265331,true,false
11,19,-0.25,0.30000000000000004,-0.7392981364391744,true,false
12,19,-0.19999999999999996,0.30000000000000004,-0.7416452779434621,true,false
13,19,-0.15000000000000002,0.30000000000000004,-0.7424880280159414,true,false
14,19,-0.09999999999999998,0.30000000000000004,-0.7450511469505727,true,false
15,19,-0.050000000000000044,0.30000000000000004,-0.7474244846962392,true,false
16,19,0.0,0.30000000000000004,-0.7485075010918081,true,false
17,19,0.050000000000000044,0.30000000000000004,-0.7497561885975301,true,false
18,19,0.09999999999999998,0.30000000000000004,-0.7608814253471792,true,false
19,19,0.15000000000000002,0.30000000000000004,-0.7819159044884145,true,false
20,19,0.19999999999999996,0.30000000000000004,-0.7939408137463033,true,false
21,19,0.25,0.30000000000000004,-0.8090580417774618,true,false
22,19,0.30000000000000004,0.30000000000000004,-0.8133893026970327,true,false
23,19,0.3500000000000001,0.30000000000000004,-0.8118771924637258,true,false
24,19,0.40000000000000013,0.30000000000000004,-0.8144990521463973,false,true
25,19,0.44999999999999996,0.30000000000000004,-0.8172782673500478,false,true
26,19,0.5,0.30000000000000004,-0.817896471936671,false,true
27,19,0.55,0.30000000000000004,-0.817896471936671,false,true
0,20,-0.8,0.35,-0.7359009995125235,false,true
1,20,-0.75,0.35,-0.7337208436776855,false,true
2,20,-0.7000000000000001,0.35,-0.7324409784007897,false,true
3,20,-0.65,0.35,-0.7324030795724163,false,true
4,20,-0.6000000000000001,0.35,-0.7323537634017822,false,true
5,20,-0.55,0.35,-0.73229976248345,false,true
6,20,-0.5,0.35,-0.7322187239839074,false,true
7,20,-0.45,0.35,-0.7323465063236654,true,false
8,20,-0.4,0.35,-0.7341120257042348,true,false
9,20,-0.35000000000000003,0.35,-0.7364239110611379,true,false
10,20,-0.30000000000000004,0.35,-0.7372823967598379,true,false
11,20,-0.25,0.35,-0.7375643565319479,true,false
12,20,-0.19999999999999996,0.35,-0.7382911159656942,true,false
13,20,-0.15000000000000002,0.35,-0.739187718834728,true,false
14,20,-0.09999999999999998,0.35,-0.7403818680904806,true,false
15,20,-0.050000000000000044,0.35,-0.7444435372017324,true,false
16,20,0.0,0.35,-0.7483256771229208,true,false
17,20,0.050000000000000044,0.35,-0.7515625967644155,true,false
18,20,0.09999999999999998,0.35,-0.7608814253471792,true,false
19,20,0.15000000000000002,0.35,-0.786214233841747,true,false
20,20,0.19999999999999996,0.35,-0.8007265939377248,true,false
21,20,0.25,0.35,-0.8095140769146383,true,false
22,20,0.30000000000000004,0.35,-0.8149476065300405,true,false
23,20,0.3500000000000001,0.35,-0.812701453548396,false,true
24,20,0.40000000000000013,0.35,-0.8118771924637258,false,true
25,20,0.44999999999999996,0.35,-0.8145571789709735,false,true
26,20,0.5,0.35,-0.8172782673500478,false,true
27,20,0.55,0.35,-0.8175343360741485,false,true
0,21,-0.8,0.4,-0.7336936688336668,false,true
1,21,-0.75,0.4,-0.7323851242262103,false,true
2,21,-0.7000000000000001,0.4,-0.7323518088304907,false,true
3,21,-0.65,0.4,-0.7323122397532538,false,true
4,21,-0.6000000000000001,0.4,-0.7322657210022078,false,true
5,21,-0.55,0.4,-0.7322069415892702,false,true
6,21,-0.5,0.4,-0.7321400495933499,false,true
7,21,-0.45,0.4,-0.7318606986664236,true,false
8,21,-0.4,0.4,-0.7339541330002248,true,false
9,21,-0.35000000000000003,0.4,-0.7342251553200185,true,false
10,21,-0.30000000000000004,0.4,-0.7340013994835317,true,false
11,21,-0.25,0.4,-0.7342005982063711,true,false
12,21,-0.19999999999999996,0.4,-0.7360101952217519,true,false
13,21,-0.15000000000000002,0.4,-0.737294556107372,true,false
14,21,-0.09999999999999998,0.4,-0.739958347287029,true,false
15,21,-0.050000000000000044,0.4,-0.7494556321762502,true,false
16,21,0.0,0.4,-0.7535946383140981,true,false
17,21,0.050000000000000044,0.4,-0.7557190372608602,true,false
18,21,0.09999999999999998,0.4,-0.7608814253471792,true,false
19,21,0.15000000000000002,0.4,-0.7908813967369497,true,false
20,21,0.19999999999999996,0.4,-0.7955627455376089,true,false
21,21,0.25,0.4,-0.8026488437317312,true,false
22,21,0.30000000000000004,0.4,-0.8100027455948293,true,false
23,21,0.3500000000000001,0.4,-0.8107351525215137,false,true
24,21,0.40000000000000013,0.4,-0.8099556068232835,false,true
25,21,0.44999999999999996,0.4,-0.8118771924637258,false,true
26,21,0.5,0.4,-0.814572361922792,false,true
27,21,0.55,0.4,-0.8172782673500478,false,true
0,22,-0.8,0.45000000000000007,-0.7324133865800928,false,true
1,22,-0.75,0.45000000000000007,-0.7323954185378021,false,true
2,22,-0.7000000000000001,0.45000000000000007,-0.7323763851360934,false,true
3,22,-0.65,0.45000000000000007,-0.7323564972142443,false,true
4,22,-0.6000000000000001,0.45000000000000007,-0.7323365035533594,false,true
5,22,-0.55,0.45000000000000007,-0.7323148061639299,false,true
6,22,-0.5,0.45000000000000007,-0.7322897587624778,false,true
7,22,-0.45,0.45000000000000007,-0.7323286547325552,true,false
8,22,-0.4,0.45000000000000007,-0.7308813943527639,true,false
9,22,-0.35000000000000003,0.45000000000000007,-0.7308813943527639,true,false
10,22,-0.30000000000000004,0.45000000000000007,-0.7327041341923177,true,false
11,22,-0.25,0.45000000000000007,-0.7337928428314626,true,false
12,22,-0.19999999999999996,0.45000000000000007,-0.7356565608642995,true,false
13,22,-0.15000000000000002,0.45000000000000007,-0.7397834374569356,true,false
14,22,-0.09999999999999998,0.45000000000000007,-0.743915559258312,true,false
15,22,-0.050000000000000044,0.45000000000000007,-0.7522010817192495,true,false
16,22,0.0,0.45000000000000007,-0.7546988143585622,true,false
17,22,0.050000000000000044,0.45000000000000007,-0.7571733607910573,true,false
18,22,0.09999999999999998,0.45000000000000007,-0.7608814253471792,true,false
19,22,0.15000000000000002,0.45000000000000007,-0.7752049877308309,true,false
20,22,0.19999999999999996,0.45000000000000007,-0.7922715260647237,true,false
21,22,0.25,0.45000000000000007,-0.8013038649223745,true,false
22,22,0.30000000000000004,0.45000000000000007,-0.8075584783218801,true,false
23,22,0.3500000000000001,0.45000000000000007,-0.8033897835252698,false,true
24,22,0.40000000000000013,0.45000000000000007,-0.7995305080447198,false,true
25,22,0.44999999999999996,0.45000000000000007,-0.8019464298315179,false,true
26,22,0.5,0.45000000000000007,-0.8118771924637258,false,true
27,22,0.55,0.45000000000000007,-0.8145742665287531,false,true
0,23,-0.8,0.5000000000000001,-0.7324703777230646,false,true
1,23,-0.75,0.5000000000000001,-0.7324670595830722,false,true
2,23,-0.7000000000000001,0.5000000000000001,-0.7324659455399483,false,true
3,23,-0.65,0.5000000000000001,-0.7324686562877392,false,true
4,23,-0.6000000000000001,0.5000000000000001,-0.7324755487326658,false,true
5,23,-0.55,0.5000000000000001,-0.7324967502598481,false,true
6,23,-0.5,0.5000000000000001,-0.7325249851093456,false,true
7,23,-0.45,0.5000000000000001,-0.7326638116501272,true,false
8,23,-0.4,0.5000000000000001,-0.6850686683319509,true,false
9,23,-0.35000000000000003,0.5000000000000001,-0.6408814205788076,true,false
10,23,-0.30000000000000004,0.5000000000000001,-0.7322170450352132,true,false
11,23,-0.25,0.5000000000000001,-0.7343903495930135,true,false
12,23,-0.19999999999999996,0.5000000000000001,-0.7361427857540548,true,false
13,23,-0.15000000000000002,0.5000000000000001,-0.7402400984428823,true,false
14,23,-0.09999999999999998,0.5000000000000001,-0.7455509318970144,true,false
15,23,-0.050000000000000044,0.5000000000000001,-0.7509354962967336,true,false
16,23,0.0,0.5000000000000001,-0.752681793179363,true,false
17,23,0.050000000000000044,0.5000000000000001,-0.7545667900703847,true,false
18,23,0.09999999999999998,0.5000000000000001,-0.7566536976955831,true,false
19,23,0.15000000000000002,0.5000000000000001,-0.7621890916489065,true,false
20,23,0.19999999999999996,0.5000000000000001,-0.7908813967369497,true,false
21,23,0.25,0.5000000000000001,-0.7608814253471792,true,false
22,23,0.30000000000000004,0.5000000000000001,-0.7908813967369497,true,false
23,23,0.3500000000000001,0.5000000000000001,-0.7828680238423981,false,true
24,23,0.40000000000000013,0.5000000000000001,-0.7833096629970986,false,true
25,23,0.44999999999999996,0.5000000000000001,-0.7963751495398709,false,true
26,23,0.5,0.5000000000000001,-0.814566375222057,false,true
27,23,0.55,0.5000000000000001,-0.8134941386142442,false,true
0,24,-0.8,0.5500000000000002,-0.7325437602371488,false,true
1,24,-0.75,0.5500000000000002,-0.732550029466906,false,true
2,24,-0.7000000000000001,0.5500000000000002,-0.7325593095249463,false,true
3,24,-0.65,0.5500000000000002,-0.7325715602893618,false,true
4,24,-0.6000000000000001,0.5500000000000002,-0.7325910616330255,false,true
5,24,-0.55,0.5500000000000002,-0.7326063078141181,false,true
6,24,-0.5,0.5500000000000002,-0.7326638116501272,false,true
7,24,-0.45,0.5500000000000002,-0.7135556831769592,false,true
8,24,-0.4,0.5500000000000002,-0.7008814229629934,true,false
9,24,-0.35000000000000003,0.5500000000000002,-0.7308813943527639,true,false
10,24,-0.30000000000000004,0.5500000000000002,-0.7347393347881734,true,false
11,24,-0.25,0.5500000000000002,-0.7344307317398489,true,false
12,24,-0.19999999999999996,0.5500000000000002,-0.73553037783131,true,false
13,24,-0.15000000000000002,0.5500000000000002,-0.7387555255554616,true,false
14,24,-0.09999999999999998,0.5500000000000002,-0.7453815951012075,true,false
15,24,-0.050000000000000044,0.5500000000000002,-0.7513135089538991,true,false
16,24,0.0,0.5500000000000002,-0.7525313808582723,true,false
17,24,0.050000000000000044,0.5500000000000002,-0.7533885552547872,true,false
18,24,0.09999999999999998,0.5500000000000002,-0.754690112080425,true,false
19,24,0.15000000000000002,0.5500000000000002,-0.7608814253471792,true,false
20,24,0.19999999999999996,0.5500000000000002,-0.7908813967369497,true,false
21,24,0.25,0.5500000000000002,-0.7908813967369497,true,false
22,24,0.30000000000000004,0.5500000000000002,-0.7468449487350881,true,false
23,24,0.3500000000000001,0.5500000000000002,-0.7638541145511796,false,true
24,24,0.40000000000000013,0.5500000000000002,-0.785970901226876,false,true
25,24,0.44999999999999996,0.5500000000000002,-0.814566375222057,false,true
26,24,0.5,0.5500000000000002,-0.8135947132119212,false,true
27,24,0.55,0.5500000000000002,-0.8133614668602296,false,true
0,25,-0.8,0.6,-0.7326032290363075,false,true
1,25,-0.75,0.6,-0.732611594861477,false,true
2,25,-0.7000000000000001,0.6,-0.7326209894099235,false,true
3,25,-0.65,0.6,-0.7326326375649674,false,true
4,25,-0.6000000000000001,0.6,-0.7326399927813638,false,true
5,25,-0.55,0.6,-0.7326638116501272,false,true
6,25,-0.5,0.6,-0.7264889771982072,false,true
7,25,-0.45,0.6,-0.7241995296338303,false,true
8,25,-0.4,0.6,-0.732943834271282,true,false
9,25,-0.35000000000000003,0.6,-0.7357583059929311,true,false
10,25,-0.30000000000000004,0.6,-0.7336225821636617,true,false
11,25,-0.25,0.6,-0.7337906374596059,true,false
12,25,-0.19999999999999996,0.6,-0.7346676005981863,true,false
13,25,-0.15000000000000002,0.6,-0.7368029369972646,true,false
14,25,-0.09999999999999998,0.6,-0.7448473884724081,true,false
15,25,-0.050000000000000044,0.6,-0.7499111010693014,true,false
16,25,0.0,0.6,-0.7525762631557882,true,false
17,25,0.050000000000000044,0.6,-0.7537534846924245,true,false
18,25,0.09999999999999998,0.6,-0.7560176267288625,true,false
19,25,0.15000000000000002,0.6,-0.7608814253471792,true,false
20,25,0.19999999999999996,0.6,-0.7906487598083913,true,false
21,25,0.25,0.6,-0.7908813967369497,true,false
22,25,0.30000000000000004,0.6,-0.7608814253471792,true,false
23,25,0.3500000000000001,0.6,-0.7799115311377645,false,true
24,25,0.40000000000000013,0.6,-0.814566375222057,false,true
25,25,0.44999999999999996,0.6,-0.8122205756191443,false,true
26,25,0.5,0.6,-0.8118266983444655,false,true
27,25,0.55,0.6,-0.8108811500612052,false,true
0,26,-0.8,0.65,-0.7326389292969765,false,true
1,26,-0.75,0.65,-0.7326445975422937,false,true
2,26,-0.7000000000000001,0.65,-0.7326505943001822,false,true
3,26,-0.65,0.65,-0.7326539455516451,false,true
4,26,-0.6000000000000001,0.65,-0.7326638116501272,false,true
5,26,-0.55,0.65,-0.7309838494049086,false,true
6,26,-0.5,0.65,-0.7309337921396561,false,true
7,26,-0.45,0.65,-0.7339275043880252,false,true
8,26,-0.4,0.65,-0.7351513220928609,true,false
9,26,-0.35000000000000003,0.65,-0.7347309603355825,true,false
10,26,-0.30000000000000004,0.65,-0.7323225154541433,true,false
11,26,-0.25,0.65,-0.731595994438976,true,false
12,26,-0.19999999999999996,0.65,-0.7330465926788747,true,false
13,26,-0.15000000000000002,0.65,-0.7359116091392934,true,false
14,26,-0.09999999999999998,0.65,-0.7412467016838491,true,false
15,26,-0.050000000000000044,0.65,-0.7456098212860525,true,false
16,26,0.0,0.65,-0.7480230643413961,true,false
17,26,0.050000000000000044,0.65,-0.7523833527229726,true,false
18,26,0.09999999999999998,0.65,-0.7559253587387502,true,false
19,26,0.15000000000000002,0.65,-0.7606526627205312,true,false
20,26,0.19999999999999996,0.65,-0.7840544893406332,true,false
21,26,0.25,0.65,-0.7908813967369497,true,false
22,26,0.30000000000000004,0.65,-0.7908813967369497,true,false
23,26,0.3500000000000001,0.65,-0.8145663752220571,true,false
24,26,0.40000000000000013,0.65,-0.8089031140060956,false,true
25,26,0.44999999999999996,0.65,-0.8085299948831127,false,true
26,26,0.5,0.65,-0.806830379704424,false,true
27,26,0.55,0.65,-0.8057547509287997,false,true
0,27,-0.8,0.7000000000000001,-0.7326553834763435,false,true
1,27,-0.75,0.7000000000000001,-0.7326582476230735,false,true
2,27,-0.7000000000000001,0.7000000000000001,-0.7326597249783282,false,true
3,27,-0.65,0.7000000000000001,-0.7326638116501272,false,true
4,27,-0.6000000000000001,0.7000000000000001,-0.7319597905231391,false,true
5,27,-0.55,0.7000000000000001,-0.7321543707402751,false,true
6,27,-0.5,0.7000000000000001,-0.7331736878835623,false,true
7,27,-0.45,0.7000000000000001,-0.7334343061819961,false,true
8,27,-0.4,0.7000000000000001,-0.7331804349087179,true,false
9,27,-0.35000000000000003,0.7000000000000001,-0.7333034290932119,true,false
10,27,-0.30000000000000004,0.7000000000000001,-0.7313133194111288,true,false
11,27,-0.25,0.7000000000000001,-0.7308813943527639,true,false
12,27,-0.19999999999999996,0.7000000000000001,-0.731986106839031,true,false
13,27,-0.15000000000000002,0.7000000000000001,-0.7339408411644399,true,false
14,27,-0.09999999999999998,0.7000000000000001,-0.7381401970051229,true,false
15,27,-0.050000000000000044,0.7000000000000001,-0.7405785932205617,true,false
16,27,0.0,0.7000000000000001,-0.7434352352283895,true,false
17,27,0.050000000000000044,0.7000000000000001,-0.7487663342617452,true,false
18,27,0.09999999999999998,0.7000000000000001,-0.7530619218014181,true,false
19,27,0.15000000000000002,0.7000000000000001,-0.7579447641037405,true,false
20,27,0.19999999999999996,0.7000000000000001,-0.7657921328209341,true,false
21,27,0.25,0.7000000000000001,-0.7796638025902212,true,false
22,27,0.30000000000000004,0.7000000000000001,-0.7882500304840505,true,false
23,27,0.3500000000000001,0.7000000000000001,-0.8008940531872213,true,false
24,27,0.40000000000000013,0.7000000000000001,-0.8019659444200651,false,true
25,27,0.44999999999999996,0.7000000000000001,-0.7990365649531869,false,true
26,27,0.5,0.7000000000000001,-0.7981616347105672,false,true
27,27,0.55,0.7000000000000001,-0.7972178175166497,false,true
0,28,-0.8,0.7500000000000001,-0.7326614808223032,false,true
1,28,-0.75,0.7500000000000001,-0.732662118895243,false,true
2,28,-0.7000000000000001,0.7500000000000001,-0.7326638116501272,false,true
3,28,-0.65,0.7500000000000001,-0.731340405294207,false,true
4,28,-0.6000000000000001,0.7500000000000001,-0.731154664674795,false,true
5,28,-0.55,0.7500000000000001,-0.7316649174333424,false,true
6,28,-0.5,0.7500000000000001,-0.7319334172124982,false,true
7,28,-0.45,0.7500000000000001,-0.7320513014468515,false,true
8,28,-0.4,0.7500000000000001,-0.7320763184688985,true,false
9,28,-0.35000000000000003,0.7500000000000001,-0.7315719737671316,true,false
10,28,-0.30000000000000004,0.7500000000000001,-0.7308813943527639,true,false
11,28,-0.25,0.7500000000000001,-0.7305151238106191,true,false
12,28,-0.19999999999999996,0.7500000000000001,-0.7308813943527639,true,false
13,28,-0.15000000000000002,0.7500000000000001,-0.7312797917984426,true,false
14,28,-0.09999999999999998,0.7500000000000001,-0.7341326489113271,true,false
15,28,-0.050000000000000044,0.7500000000000001,-0.7359365536831319,true,false
16,28,0.0,0.7500000000000001,-0.738663078751415,true,false
17,28,0.050000000000000044,0.7500000000000001,-0.7415422811172903,true,false
18,28,0.09999999999999998,0.7500000000000001,-0.744205208029598,true,false
19,28,0.15000000000000002,0.7500000000000001,-0.7460868372581899,true,false
20,28,0.19999999999999996,0.7500000000000001,-0.7608814253471792,true,false
21,28,0.25,0.7500000000000001,-0.7656332864426076,true,false
22,28,0.30000000000000004,0.7500000000000001,-0.7624621703289449,true,false
23,28,0.3500000000000001,0.7500000000000001,-0.7908813967369497,true,false
24,28,0.40000000000000013,0.7500000000000001,-0.7850272477288815,false,true
25,28,0.44999999999999996,0.7500000000000001,-0.7865559363227786,false,true
26,28,0.5,0.7500000000000001,-0.7862704962528363,false,true
27,28,0.55,0.7500000000000001,-0.7864435797477751,false,true
0,29,-0.8,0.8000000000000002,-0.7326631104880964,false,true
1,29,-0.75,0.8000000000000002,-0.7326638116501272,false,true
2,29,-0.7000000000000001,0.8000000000000002,-0.7297529898349406,false,true
3,29,-0.65,0.8000000000000002,-0.7287360199527818,false,true
4,29,-0.6000000000000001,0.8000000000000002,-0.7291121177512574,false,true
5,29,-0.55,0.8000000000000002,-0.7294333522379387,false,true
6,29,-0.5,0.8000000000000002,-0.7297764309539461,false,true
7,29,-0.45,0.8000000000000002,-0.730265814759988,false,true
8,29,-0.4,0.8000000000000002,-0.7308867885731161,true,false
9,29,-0.35000000000000003,0.8000000000000002,-0.7308813943527639,true,false
10,29,-0.30000000000000004,0.8000000000000002,-0.7273334874771535,true,false
11,29,-0.25,0.8000000000000002,-0.7283305837772787,true,false
12,29,-0.19999999999999996,0.8000000000000002,-0.7292211665771902,true,false
13,29,-0.15000000000000002,0.8000000000000002,-0.7300732745788991,true,false
14,29,-0.09999999999999998,0.8000000000000002,-0.7307873382233083,true,false
15,29,-0.050000000000000044,0.8000000000000002,-0.7325227870605886,true,false
16,29,0.0,0.8000000000000002,-0.7344648852013052,true,false
17,29,0.050000000000000044,0.8000000000000002,-0.738216461148113,true,false
18,29,0.09999999999999998,0.8000000000000002,-0.7390100373886526,true,false
19,29,0.15000000000000002,0.8000000000000002,-0.7382045402191579,true,false
20,29,0.19999999999999996,0.8000000000000002,-0.7608814253471792,true,false
21,29,0.25,0.8000000000000002,-0.7608814253471792,true,false
22,29,0.30000000000000004,0.8000000000000002,-0.7308813943527639,true,false
23,29,0.3500000000000001,0.8000000000000002,-0.7608814253471792,true,false
24,29,0.40000000000000013,0.8000000000000002,-0.7733078203676269,false,true
25,29,0.44999999999999996,0.8000000000000002,-0.7731007543343289,false,true
26,29,0.5,0.8000000000000002,-0.7749703018109485,false,true
27,29,0.55,0.8000000000000002,-0.7758262262709205,false,true
0,30,-0.8,0.85,-0.7326638116501272,false,true
1,30,-0.75,0.85,-0.7274641236580062,false,true
2,30,-0.7000000000000001,0.85,-0.7251904311456253,false,true
3,30,-0.65,0.85,-0.7254872632868605,false,true
4,30,-0.6000000000000001,0.85,-0.7257854926233858,false,true
5,30,-0.55,0.85,-0.7261050239014063,false,true
6,30,-0.5,0.85,-0.7264481006902402,false,true
7,30,-0.45,0.85,-0.7268094672453306,false,true
8,30,-0.4,0.85,-0.727577121462673,true,false
9,30,-0.35000000000000003,0.85,-0.7267676605843008,true,false
10,30,-0.30000000000000004,0.85,-0.7255951180122793,true,false
11,30,-0.25,0.85,-0.7279844000004232,true,false
12,30,-0.19999999999999996,0.85,-0.7308813943527639,true,false
13,30,-0.15000000000000002,0.85,-0.733066679444164,true,false
14,30,-0.09999999999999998,0.85,-0.7315553142689168,true,false
15,30,-0.050000000000000044,0.85,-0.7310786261223257,true,false
16,30,0.0,0.85,-0.7342503680847585,true,false
17,30,0.050000000000000044,0.85,-0.737078548874706,true,false
18,30,0.09999999999999998,0.85,-0.7385605587624013,true,false
19,30,0.15000000000000002,0.85,-0.7378033711574972,true,false
20,30,0.19999999999999996,0.85,-0.7539863004349172,true,false
21,30,0.25,0.85,-0.735208214726299,true,false
22,30,0.30000000000000004,0.85,-0.7254709615372121,true,false
23,30,0.3500000000000001,0.85,-0.7369295978165454,false,true
24,30,0.40000000000000013,0.85,-0.7608814253471792,false,true
25,30,0.44999999999999996,0.85,-0.766028606696054,false,true
26,30,0.5,0.85,-0.7665924162686638,false,true
27,30,0.55,0.85,-0.7679979894279954,false,true
0,31,-0.8,0.9,-0.7247418851250849,false,true
1,31,-0.75,0.9,-0.7208669112409334,false,true
2,31,-0.7000000000000001,0.9,-0.7210372749901807,false,true
3,31,-0.65,0.9,-0.7212250582985854,false,true
4,31,-0.6000000000000001,0.9,-0.7214406488500519,false,true
5,31,-0.55,0.9,-0.7216857475418539,false,true
6,31,-0.5,0.9,-0.7219484330011621,false,true
7,31,-0.45,0.9,-0.7221193371372958,false,true
8,31,-0.4,0.9,-0.7216465189121664,true,false
9,31,-0.35000000000000003,0.9,-0.7221426977775991,true,false
10,31,-0.30000000000000004,0.9,-0.7250531925819814,true,false
11,31,-0.25,0.9,-0.7308813943527639,true,false
12,31,-0.19999999999999996,0.9,-0.7349590971134603,true,false
13,31,-0.15000000000000002,0.9,-0.7325341715477407,true,false
14,31,-0.09999999999999998,0.9,-0.7308813943527639,true,false
15,31,-0.050000000000000044,0.9,-0.7299031629227102,true,false
16,31,0.0,0.9,-0.7343836440704763,true,false
17,31,0.050000000000000044,0.9,-0.7374713434837759,true,false
18,31,0.09999999999999998,0.9,-0.7388769998215139,true,false
19,31,0.15000000000000002,0.9,-0.7395665063522756,true,false
20,31,0.19999999999999996,0.9,-0.7548111393116415,true,false
21,31,0.25,0.9,-0.7608814253471792,true,false
22,31,0.30000000000000004,0.9,-0.7253097607754171,true,false
23,31,0.3500000000000001,0.9,-0.7269888690779326,false,true
24,31,0.40000000000000013,0.9,-0.7394427534396125,false,true
25,31,0.44999999999999996,0.9,-0.7608814253471792,false,true
26,31,0.5,0.9,-0.7630134576698768,false,true
27,31,0.55,0.9,-0.7613026650994225,false,true
0,32,-0.8,0.9500000000000001,-0.7146763544371824,false,true
1,32,-0.75,0.9500000000000001,-0.7162963912811336,false,true
2,32,-0.7000000000000001,0.9500000000000001,-0.7163024606115189,false,true
3,32,-0.65,0.9500000000000001,-0.7163217209919674,false,true
4,32,-0.6000000000000001,0.9500000000000001,-0.7163597328919817,false,true
5,32,-0.55,0.9500000000000001,-0.7164296519046309,false,true
6,32,-0.5,0.9500000000000001,-0.7165519010542758,false,true
7,32,-0.45,0.9500000000000001,-0.7168457038098074,false,true
8,32,-0.4,0.9500000000000001,-0.7173302187584341,true,false
9,32,-0.35000000000000003,0.9500000000000001,-0.7190304114483297,true,false
10,32,-0.30000000000000004,0.9500000000000001,-0.7277397527359426,true,false
11,32,-0.25,0.9500000000000001,-0.7308813943527639,true,false
12,32,-0.19999999999999996,0.9500000000000001,-0.73213100573048,true,false
13,32,-0.15000000000000002,0.9500000000000001,-0.7308813943527639,true,false
14,32,-0.09999999999999998,0.9500000000000001,-0.729597510304302,true,false
15,32,-0.050000000000000044,0.9500000000000001,-0.729389192070812,true,false
16,32,0.0,0.9500000000000001,-0.7308979644440114,true,false
17,32,0.050000000000000044,0.9500000000000001,-0.7364946617744863,true,false
18,32,0.09999999999999998,0.9500000000000001,-0.7394467904232442,true,false
19,32,0.15000000000000002,0.9500000000000001,-0.7410489930771291,true,false
20,32,0.19999999999999996,0.9500000000000001,-0.7446199669502676,true,false
21,32,0.25,0.9500000000000001,-0.7608814253471792,true,false
22,32,0.30000000000000004,0.9500000000000001,-0.7308813943527639,true,false
23,32,0.3500000000000001,0.9500000000000001,-0.7292495006602456,false,true
24,32,0.40000000000000013,0.9500000000000001,-0.7290653475959138,false,true
25,32,0.44999999999999996,0.9500000000000001,-0.7485449778332418,false,true
26,32,0.5,0.9500000000000001,-0.7587589407482158,false,true
27,32,0.55,0.9500000000000001,-0.7576501383446157,false,true
0,33,-0.8,1.0,-0.71074348827824,false,true
1,33,-0.75,1.0,-0.7117566322181461,false,true
2,33,-0.7000000000000001,1.0,-0.7115469242427415,false,true
3,33,-0.65,1.0,-0.7113526246332056,false,true
4,33,-0.6000000000000001,1.0,-0.7111490361893512,false,true
5,33,-0.55,1.0,-0.7109348378261531,false,true
6,33,-0.5,1.0,-0.7107379844026831,false,true
7,33,-0.45,1.0,-0.7105689651297201,false,true
8,33,-0.4,1.0,-0.711359681095928,true,false
9,33,-0.35000000000000003,1.0,-0.7151487483642995,true,false
10,33,-0.30000000000000004,1.0,-0.720221699681133,true,false
11,33,-0.25,1.0,-0.7249935283325613,true,false
12,33,-0.19999999999999996,1.0,-0.7284909500740469,true,false
13,33,-0.15000000000000002,1.0,-0.7289748801849782,true,false
14,33,-0.09999999999999998,1.0,-0.7294780625961721,true,false
15,33,-0.050000000000000044,1.0,-0.7287495746277273,true,false
16,33,0.0,1.0,-0.7308813943527639,true,false
17,33,0.050000000000000044,1.0,-0.7344361855648458,true,false
18,33,0.09999999999999998,1.0,-0.7375597073696554,true,false
19,33,0.15000000000000002,1.0,-0.7419643714092672,true,false
20,33,0.19999999999999996,1.0,-0.7435846044681966,true,false
21,33,0.25,1.0,-0.7608814253471792,true,false
22,33,0.30000000000000004,1.0,-0.7308813943527639,true,false
23,33,0.3500000000000001,1.0,-0.730881394352764,false,true
24,33,0.40000000000000013,1.0,-0.7449833444200746,false,true
25,33,0.44999999999999996,1.0,-0.7582045395464156,false,true
26,33,0.5,1.0,-0.7576501383446157,false,true
27,33,0.55,1.0,-0.7570587818720186,false,true
0,34,-0.8,1.0500000000000003,-0.7107513014403464,false,true
1,34,-0.75,1.0500000000000003,-0.71074348827824,false,true
2,34,-0.7000000000000001,1.0500000000000003,-0.7089401775881793,false,true
3,34,-0.65,1.0500000000000003,-0.7070469086364849,false,true
4,34,-0.6000000000000001,1.0500000000000003,-0.7066334339128705,false,true
5,34,-0.55,1.0500000000000003,-0.7061713427043447,false,true
6,34,-0.5,1.0500000000000003,-0.7055961673793012,false,true
7,34,-0.45,1.0500000000000003,-0.7048692943436857,false,true
8,34,-0.4,1.0500000000000003,-0.7026894702576101,true,false
9,34,-0.35000000000000003,1.0500000000000003,-0.7080946578644216,true,false
10,34,-0.30000000000000004,1.0500000000000003,-0.7111957683227956,true,false
11,34,-0.25,1.0500000000000003,-0.719174416270107,true,false
12,34,-0.19999999999999996,1.0500000000000003,-0.7232433571480215,true,false
13,34,-0.15000000000000002,1.0500000000000003,-0.7258781208656728,true,false
14,34,-0.09999999999999998,1.0500000000000003,-0.7262986614368856,true,false
15,34,-0.050000000000000044,1.0500000000000003,-0.7257864191196859,true,false
16,34,0.0,1.0500000000000003,-0.7261101617477834,true,false
17,34,0.050000000000000044,1.0500000000000003,-0.7308813943527639,true,false
18,34,0.09999999999999998,1.0500000000000003,-0.7344606234692037,true,false
19,34,0.15000000000000002,1.0500000000000003,-0.7385823144577444,true,false
20,34,0.19999999999999996,1.0500000000000003,-0.7481158985756338,true,false
21,34,0.25,1.0500000000000003,-0.7608814253471792,true,false
22,34,0.30000000000000004,1.0500000000000003,-0.7308813943527639,true,false
23,34,0.3500000000000001,1.0500000000000003,-0.7481871674344078,false,true
24,34,0.40000000000000013,1.0500000000000003,-0.7589885812449974,false,true
25,34,0.44999999999999996,1.0500000000000003,-0.7576501383446157,false,true
26,34,0.5,1.0500000000000003,-0.7562224775282743,false,true
27,34,0.55,1.0500000000000003,-0.7565963516657737,false,true
0,35,-0.8,1.1,-0.7107681193541291,false,true
1,35,-0.75,1.1,-0.7107623509201624,false,true
2,35,-0.7000000000000001,1.1,-0.71074348827824,false,true
3,35,-0.65,1.1,-0.7066549507368027,false,true
4,35,-0.6000000000000001,1.1,-0.7035295226454525,false,true
5,35,-0.55,1.1,-0.7029855256537384,false,true
6,35,-0.5,1.1,-0.7024181217514247,false,true
7,35,-0.45,1.1,-0.7016513233339732,false,true
8,35,-0.4,1.1,-0.7014616443775594,true,false
9,35,-0.35000000000000003,1.1,-0.7076141252182424,true,false
10,35,-0.30000000000000004,1.1,-0.7128789438866079,true,false
11,35,-0.25,1.1,-0.7223775400780141,true,false
12,35,-0.19999999999999996,1.1,-0.7275165631435812,true,false
13,35,-0.15000000000000002,1.1,-0.7287932052277029,true,false
14,35,-0.09999999999999998,1.1,-0.7242290987633169,true,false
15,35,-0.050000000000000044,1.1,-0.7230387642048299,true,false
16,35,0.0,1.1,-0.722428800072521,true,false
17,35,0.050000000000000044,1.1,-0.7279636873863637,true,false
18,35,0.09999999999999998,1.1,-0.7301174714230001,true,false
19,35,0.15000000000000002,1.1,-0.7308813943527639,true,false
20,35,0.19999999999999996,1.1,-0.7409753217361867,true,false
21,35,0.25,1.1,-0.7591780140064657,true,false
22,35,0.30000000000000004,1.1,-0.7625516369007528,true,false
23,35,0.3500000000000001,1.1,-0.7608814253471792,true,false
24,35,0.40000000000000013,1.1,-0.7576501383446157,true,false
25,35,0.44999999999999996,1.1,-0.7542034602393357,false,true
26,35,0.5,1.1,-0.7560713028628039,false,true
27,35,0.55,1.1,-0.7558675183268709,false,true
0,36,-0.8,1.15,-0.7108248571437498,false,true
1,36,-0.75,1.15,-0.7108009082275674,false,true
2,36,-0.7000000000000001,1.15,-0.7107890267241912,false,true
3,36,-0.65,1.15,-0.71074348827824,false,true
4,36,-0.6000000000000001,1.15,-0.7053144251143717,false,true
5,36,-0.55,1.15,-0.7016570305101325,false,true
6,36,-0.5,1.15,-0.701177314222171,false,true
7,36,-0.45,1.15,-0.70105136588073,false,true
8,36,-0.4,1.15,-0.7008814229629934,true,false
9,36,-0.35000000000000003,1.15,-0.7097681774757802,true,false
10,36,-0.30000000000000004,1.15,-0.716432215180248,true,false
11,36,-0.25,1.15,-0.7227132036350667,true,false
12,36,-0.19999999999999996,1.15,-0.7255281223915517,true,false
13,36,-0.15000000000000002,1.15,-0.7269350900314748,true,false
14,36,-0.09999999999999998,1.15,-0.7237442745827138,true,false
15,36,-0.050000000000000044,1.15,-0.7223256244324148,true,false
16,36,0.0,1.15,-0.7224902524612844,true,false
17,36,0.050000000000000044,1.15,-0.7267774059437215,true,false
18,36,0.09999999999999998,1.15,-0.7305412306450307,true,false
19,36,0.15000000000000002,1.15,-0.7308813943527639,true,false
20,36,0.19999999999999996,1.15,-0.7348786308430135,true,false
21,36,0.25,1.15,-0.757423312868923,true,false
22,36,0.30000000000000004,1.15,-0.765157790388912,true,false
23,36,0.3500000000000001,1.15,-0.7651848806999624,true,false
24,36,0.40000000000000013,1.15,-0.7493291213177145,true,false
25,36,0.44999999999999996,1.15,-0.7571339957514792,false,true
26,36,0.5,1.15,-0.7552243642709496,false,true
27,36,0.55,1.15,-0.7549987880131566,false,true
0,37,-0.8,1.2000000000000002,-0.7109627101247946,false,true
1,37,-0.75,1.2000000000000002,-0.7109212322494065,false,true
2,37,-0.7000000000000001,1.2000000000000002,-0.7108751311601107,false,true
3,37,-0.65,1.2000000000000002,-0.7108534278120648,false,true
4,37,-0.6000000000000001,1.2000000000000002,-0.71074348827824,false,true
5,37,-0.55,1.2000000000000002,-0.7051378068699478,false,true
6,37,-0.5,1.2000000000000002,-0.7015743605493666,false,true
7,37,-0.45,1.2000000000000002,-0.7008814229629934,false,true
8,37,-0.4,1.2000000000000002,-0.7008814229629934,true,false
9,37,-0.35000000000000003,1.2000000000000002,-0.7132234587334096,true,false
10,37,-0.30000000000000004,1.2000000000000002,-0.716726244892925,true,false
11,37,-0.25,1.2000000000000002,-0.7209616615436971,true,false
12,37,-0.19999999999999996,1.2000000000000002,-0.7240317179821432,true,false
13,37,-0.15000000000000002,1.2000000000000002,-0.7233480825088918,true,false
14,37,-0.09999999999999998,1.2000000000000002,-0.7218987955711782,true,false
15,37,-0.050000000000000044,1.2000000000000002,-0.7201573862694204,true,false
16,37,0.0,1.2000000000000002,-0.7227110280655324,true,false
17,37,0.050000000000000044,1.2000000000000002,-0.7275125100277364,true,false
18,37,0.09999999999999998,1.2000000000000002,-0.7311279191635549,true,false
19,37,0.15000000000000002,1.2000000000000002,-0.73198172589764,true,false
20,37,0.19999999999999996,1.2000000000000002,-0.7367841913364828,true,false
21,37,0.25,1.2000000000000002,-0.7608814253471792,true,false
22,37,0.30000000000000004,1.2000000000000002,-0.7705942406319082,true,false
23,37,0.3500000000000001,1.2000000000000002,-0.7699014558456838,true,false
24,37,0.40000000000000013,1.2000000000000002,-0.7676556124351919,true,false
25,37,0.44999999999999996,1.2000000000000002,-0.7535446415636637,false,true
26,37,0.5,1.2000000000000002,-0.7536072601603889,false,true
27,37,0.55,1.2000000000000002,-0.7523027208454827,false,true
0,38,-0.8,1.25,-0.7112475242920543,false,true
1,38,-0.75,1.25,-0.711183170595934,false,true
2,38,-0.7000000000000001,1.25,-0.7111186345603437,false,true
3,38,-0.65,1.25,-0.7110374672111366,false,true
4,38,-0.6000000000000001,1.25,-0.711008905791841,false,true
5,38,-0.55,1.25,-0.71074348827824,false,true
6,38,-0.5,1.25,-0.7062101429591293,false,true
7,38,-0.45,1.25,-0.7030773169505306,false,true
8,38,-0.4,1.25,-0.7008814229629934,true,false
9,38,-0.35000000000000003,1.25,-0.7155128731392324,true,false
10,38,-0.30000000000000004,1.25,-0.7180566503666341,true,false
11,38,-0.25,1.25,-0.7210675193928182,true,false
12,38,-0.19999999999999996,1.25,-0.7225621654652059,true,false
13,38,-0.15000000000000002,1.25,-0.719837041106075,true,false
14,38,-0.09999999999999998,1.25,-0.7172261490486562,true,false
15,38,-0.050000000000000044,1.25,-0.7158118798397481,true,false
16,38,0.0,1.25,-0.7183531238697469,true,false
17,38,0.050000000000000044,1.25,-0.7236510529182851,true,false
18,38,0.09999999999999998,1.25,-0.7289050831459463,true,false
19,38,0.15000000000000002,1.25,-0.7308813943527639,true,false
20,38,0.19999999999999996,1.25,-0.738458754029125,true,false
21,38,0.25,1.25,-0.7608814253471792,true,false
22,38,0.30000000000000004,1.25,-0.7675105943344533,true,false
23,38,0.3500000000000001,1.25,-0.7608814253471792,true,false
24,38,0.40000000000000013,1.25,-0.7378042354248464,true,false
25,38,0.44999999999999996,1.25,-0.750169080638044,false,true
26,38,0.5,1.25,-0.7475361802282262,false,true
27,38,0.55,1.25,-0.7479640450017813,false,true
0,39,-0.8,1.3000000000000003,-0.7092894172663512,false,true
1,39,-0.75,1.3000000000000003,-0.7116648262045441,false,true
2,39,-0.7000000000000001,1.3000000000000003,-0.7115824777685514,false,true
3,39,-0.65,1.3000000000000003,-0.711498629274693,false,true
4,39,-0.6000000000000001,1.3000000000000003,-0.7113718380905615,false,true
5,39,-0.55,1.3000000000000003,-0.7113842628392668,false,true
6,39,-0.5,1.3000000000000003,-0.71074348827824,false,true
7,39,-0.45,1.3000000000000003,-0.7095582295519738,false,true
8,39,-0.4,1.3000000000000003,-0.7083786739967763,true,false
9,39,-0.35000000000000003,1.3000000000000003,-0.7184410109184682,true,false
10,39,-0.30000000000000004,1.3000000000000003,-0.719911219086498,true,false
11,39,-0.25,1.3000000000000003,-0.7200351967476308,true,false
12,39,-0.19999999999999996,1.3000000000000003,-0.7186823501251638,true,false
13,39,-0.15000000000000002,1.3000000000000003,-0.7164179100655019,true,false
14,39,-0.09999999999999998,1.3000000000000003,-0.714305283036083,true,false
15,39,-0.050000000000000044,1.3000000000000003,-0.7142239226959646,true,false
16,39,0.0,1.3000000000000003,-0.7163211121223867,true,false
17,39,0.050000000000000044,1.3000000000000003,-0.7204946293495595,true,false
18,39,0.09999999999999998,1.3000000000000003,-0.7256318344734609,true,false
19,39,0.15000000000000002,1.3000000000000003,-0.729859562125057,true,false
20,39,0.19999999999999996,1.3000000000000003,-0.7368739261291921,true,false
21,39,0.25,1.3000000000000003,-0.7608814253471792,true,false
22,39,0.30000000000000004,1.3000000000000003,-0.7624546303413808,true,false
23,39,0.3500000000000001,1.3000000000000003,-0.7167588784359396,true,false
24,39,0.40000000000000013,1.3000000000000003,-0.7318792695127153,false,true
25,39,0.44999999999999996,1.3000000000000003,-0.7378042354248463,false,true
26,39,0.5,1.3000000000000003,-0.7429259220087968,false,true
27,39,0.55,1.3000000000000003,-0.7427761281089197,false,true
0,40,-0.8,1.35,-0.7052981271408498,false,true
1,40,-0.75,1.35,-0.7096808650270434,false,true
2,40,-0.7000000000000001,1.35,-0.7123274761237655,false,true
3,40,-0.65,1.35,-0.7122460680031656,false,true
4,40,-0.6000000000000001,1.35,-0.7121676625697327,false,true
5,40,-0.55,1.35,-0.7119826166547548,false,true
6,40,-0.5,1.35,-0.7122904549138948,false,true
7,40,-0.45,1.35,-0.71074348827824,true,false
8,40,-0.4,1.35,-0.7182269706390798,true,false
9,40,-0.35000000000000003,1.35,-0.7213879241608083,true,false
10,40,-0.30000000000000004,1.35,-0.7205675854347646,true,false
11,40,-0.25,1.35,-0.7201998843811452,true,false
12,40,-0.19999999999999996,1.35,-0.7193015231750906,true,false
13,40,-0.15000000000000002,1.35,-0.7174978866241872,true,false
14,40,-0.09999999999999998,1.35,-0.7156178071163595,true,false
15,40,-0.050000000000000044,1.35,-0.715372325386852,true,false
16,40,0.0,1.35,-0.7178539647720754,true,false
17,40,0.050000000000000044,1.35,-0.7206185474060476,true,false
18,40,0.09999999999999998,1.35,-0.724373163189739,true,false
19,40,0.15000000000000002,1.35,-0.7308813943527639,true,false
20,40,0.19999999999999996,1.35,-0.7402156605385244,true,false
21,40,0.25,1.35,-0.7546213283203542,true,false
22,40,0.30000000000000004,1.35,-0.7608814253471792,true,false
23,40,0.3500000000000001,1.35,-0.7158814086578786,true,false
24,40,0.40000000000000013,1.35,-0.7169895335468693,false,true
25,40,0.44999999999999996,1.35,-0.7263532721203617,false,true
26,40,0.5,1.35,-0.7378042354248463,false,true
27,40,0.55,1.35,-0.739925707470143,false,true
0,41,-0.8,1.4000000000000004,-0.7052774981394604,false,true
1,41,-0.75,1.4000000000000004,-0.7052981271408498,false,true
2,41,-0.7000000000000001,1.4000000000000004,-0.7102345063372059,false,true
3,41,-0.65,1.4000000000000004,-0.7132714514410774,false,true
4,41,-0.6000000000000001,1.4000000000000004,-0.7132311799430944,false,true
5,41,-0.55,1.4000000000000004,-0.7132127567428224,false,true
6,41,-0.5,1.4000000000000004,-0.7127863959901767,false,true
7,41,-0.45,1.4000000000000004,-0.7144781961105764,true,false
8,41,-0.4,1.4000000000000004,-0.7199848308227956,true,false
9,41,-0.35000000000000003,1.4000000000000004,-0.7230207337997854,true,false
10,41,-0.30000000000000004,1.4000000000000004,-0.7245933427475393,true,false
11,41,-0.25,1.4000000000000004,-0.723843218293041,true,false
12,41,-0.19999999999999996,1.4000000000000004,-0.7231493904255331,true,false
13,41,-0.15000000000000002,1.4000000000000004,-0.7193564488552511,true,false
14,41,-0.09999999999999998,1.4000000000000004,-0.7174561037681997,true,false
15,41,-0.050000000000000044,1.4000000000000004,-0.7164624943397939,true,false
16,41,0.0,1.4000000000000004,-0.7183331861160696,true,false
17,41,0.050000000000000044,1.4000000000000004,-0.7226253165863454,true,false
18,41,0.09999999999999998,1.4000000000000004,-0.7261760546825826,true,false
19,41,0.15000000000000002,1.4000000000000004,-0.732479543890804,true,false
20,41,0.19999999999999996,1.4000000000000004,-0.739225537981838,true,false
21,41,0.25,1.4000000000000004,-0.7495037927292287,true,false
22,41,0.30000000000000004,1.4000000000000004,-0.7582738413475454,true,false
23,41,0.3500000000000001,1.4000000000000004,-0.7187873139046133,true,false
24,41,0.40000000000000013,1.4000000000000004,-0.7178754932057186,false,true
25,41,0.44999999999999996,1.4000000000000004,-0.721469028517658,false,true
26,41,0.5,1.4000000000000004,-0.7286084857525384,false,true
27,41,0.55,1.4000000000000004,-0.7378042354248463,false,true
0,42,-0.8,1.4500000000000002,-0.7052337109070966,false,true
1,42,-0.75,1.4500000000000002,-0.7052483243259174,false,true
2,42,-0.7000000000000001,1.4500000000000002,-0.7052981271408498,false,true
3,42,-0.65,1.4500000000000002,-0.7109091501256717,false,true
4,42,-0.6000000000000001,1.4500000000000002,-0.7144321928110469,false,true
5,42,-0.55,1.4500000000000002,-0.7145057975711211,false,true
6,42,-0.5,1.4500000000000002,-0.7147380237306052,false,true
7,42,-0.45,1.4500000000000002,-0.7124367370270193,true,false
8,42,-0.4,1.4500000000000002,-0.7209942056797445,true,false
9,42,-0.35000000000000003,1.4500000000000002,-0.7237944914959371,true,false
10,42,-0.30000000000000004,1.4500000000000002,-0.7244751467369497,true,false
11,42,-0.25,1.4500000000000002,-0.7243890478275716,true,false
12,42,-0.19999999999999996,1.4500000000000002,-0.7227799310348928,true,false
13,42,-0.15000000000000002,1.4500000000000002,-0.719206394162029,true,false
14,42,-0.09999999999999998,1.4500000000000002,-0.7175275101326406,true,false
15,42,-0.050000000000000044,1.4500000000000002,-0.7164474143646657,true,false
16,42,0.0,1.4500000000000002,-0.7188681974075735,true,false
17,42,0.050000000000000044,1.4500000000000002,-0.7223420455120504,true,false
18,42,0.09999999999999998,1.4500000000000002,-0.7263101353310049,true,false
19,42,0.15000000000000002,1.4500000000000002,-0.7308813943527639,true,false
20,42,0.19999999999999996,1.4500000000000002,-0.7364100231789052,true,false
21,42,0.25,1.4500000000000002,-0.7437387122772634,true,false
22,42,0.30000000000000004,1.4500000000000002,-0.738146664109081,true,false
23,42,0.3500000000000001,1.4500000000000002,-0.7185800685547292,true,false
24,42,0.40000000000000013,1.4500000000000002,-0.7310305498634578,false,true
25,42,0.44999999999999996,1.4500000000000002,-0.7279556627315001,false,true
26,42,0.5,1.4500000000000002,-0.7265358554487009,false,true
27,42,0.55,1.4500000000000002,-0.7302502815426379,false,true
0,43,-0.8,1.5,-0.7050924814786299,false,true
1,43,-0.75,1.5,-0.7051486281782545,false,true
2,43,-0.7000000000000001,1.5,-0.7051778925095957,false,true
3,43,-0.65,1.5,-0.7052981271408498,false,true
4,43,-0.6000000000000001,1.5,-0.7115399703656945,false,true
5,43,-0.55,1.5,-0.7155475360293192,false,true
6,43,-0.5,1.5,-0.7158967817677855,false,true
7,43,-0.45,1.5,-0.7182523622177541,true,false
8,43,-0.4,1.5,-0.7219657613895833,true,false
9,43,-0.35000000000000003,1.5,-0.7218787684105337,true,false
10,43,-0.30000000000000004,1.5,-0.7209332003258169,true,false
11,43,-0.25,1.5,-0.7212414457462728,true,false
12,43,-0.19999999999999996,1.5,-0.7196743502281606,true,false
13,43,-0.15000000000000002,1.5,-0.7175350799225271,true,false
14,43,-0.09999999999999998,1.5,-0.7161769880913198,true,false
15,43,-0.050000000000000044,1.5,-0.7150774612091482,true,false
16,43,0.0,1.5,-0.7162491693161428,true,false
17,43,0.050000000000000044,1.5,-0.7208520486019552,true,false
18,43,0.09999999999999998,1.5,-0.7245083465240896,true,false
19,43,0.15000000000000002,1.5,-0.7287559225223958,true,false
20,43,0.19999999999999996,1.5,-0.7315101637504995,true,false
21,43,0.25,1.5,-0.7420209660194814,true,false
22,43,0.30000000000000004,1.5,-0.7308813943527639,true,false
23,43,0.3500000000000001,1.5,-0.7608814253471792,true,false
24,43,0.40000000000000013,1.5,-0.7336872851725008,false,true
25,43,0.44999999999999996,1.5,-0.7295947716644529,false,true
26,43,0.5,1.5,-0.7264621650614557,false,true
27,43,0.55,1.5,-0.7245184624559655,false,true
0,44,-0.8,1.5500000000000003,-0.7047807815676993,false,true
1,44,-0.75,1.5500000000000003,-0.7048572352072509,false,true
2,44,-0.7000000000000001,1.5500000000000003,-0.7049577432013826,false,true
3,44,-0.65,1.5500000000000003,-0.7050078550634093,false,true
4,44,-0.6000000000000001,1.5500000000000003,-0.7052981271408498,false,true
5,44,-0.55,1.5500000000000003,-0.7117338887894514,false,true
6,44,-0.5,1.5500000000000003,-0.7158631402680932,false,true
7,44,-0.45,1.5500000000000003,-0.7160255326889455,true,false
8,44,-0.4,1.5500000000000003,-0.7200252725742757,true,false
9,44,-0.35000000000000003,1.5500000000000003,-0.720060349907726,true,false
10,44,-0.30000000000000004,1.5500000000000003,-0.7179483785293996,true,false
11,44,-0.25,1.5500000000000003,-0.7189001156948507,true,false
12,44,-0.19999999999999996,1.5500000000000003,-0.7183857872150838,true,false
13,44,-0.15000000000000002,1.5500000000000003,-0.7171806409023702,true,false
14,44,-0.09999999999999998,1.5500000000000003,-0.7163328840397298,true,false
15,44,-0.050000000000000044,1.5500000000000003,-0.7163759781979024,true,false
16,44,0.0,1.5500000000000003,-0.7174803032539785,true,false
17,44,0.050000000000000044,1.5500000000000003,-0.7196523263119161,true,false
18,44,0.09999999999999998,1.5500000000000003,-0.7219156040810049,true,false
19,44,0.15000000000000002,1.5500000000000003,-0.7236009850166738,true,false
20,44,0.19999999999999996,1.5500000000000003,-0.7300116731785238,true,false
21,44,0.25,1.5500000000000003,-0.7351822867058218,true,false
22,44,0.30000000000000004,1.5500000000000003,-0.7022292925976217,true,false
23,44,0.3500000000000001,1.5500000000000003,-0.7103361799381673,true,false
24,44,0.40000000000000013,1.5500000000000003,-0.7223713053581711,false,true
25,44,0.44999999999999996,1.5500000000000003,-0.720538492647873,false,true
26,44,0.5,1.5500000000000003,-0.7197522588773261,false,true
27,44,0.55,1.5500000000000003,-0.718976298911841,false,true
0,45,-0.8,1.6,-0.7042249886519018,false,true
1,45,-0.75,1.6,-0.7043048131831973,false,true
2,45,-0.7000000000000001,1.6,-0.7043944381364783,false,true
3,45,-0.65,1.6,-0.7045464903870012,false,true
4,45,-0.6000000000000001,1.6,-0.7045973483547149,false,true
5,45,-0.55,1.6,-0.7052981271408498,false,true
6,45,-0.5,1.6,-0.7108328937752257,false,true
7,45,-0.45,1.6,-0.7132442607544363,true,false
8,45,-0.4,1.6,-0.718558372464031,true,false
9,45,-0.35000000000000003,1.6,-0.7161777927540243,true,false
10,45,-0.30000000000000004,1.6,-0.7137890174053609,true,false
11,45,-0.25,1.6,-0.7141906335018575,true,false
12,45,-0.19999999999999996,1.6,-0.7154310359619558,true,false
13,45,-0.15000000000000002,1.6,-0.7162375464104116,true,false
14,45,-0.09999999999999998,1.6,-0.7167159332893789,true,false
15,45,-0.050000000000000044,1.6,-0.716494323220104,true,false
16,45,0.0,1.6,-0.7168161883018911,true,false
17,45,0.050000000000000044,1.6,-0.7181510045193136,true,false
18,45,0.09999999999999998,1.6,-0.7193843736313283,true,false
19,45,0.15000000000000002,1.6,-0.7202414884231985,true,false
20,45,0.19999999999999996,1.6,-0.7231721593998373,true,false
21,45,0.25,1.6,-0.7308793975971639,true,false
22,45,0.30000000000000004,1.6,-0.7008814229629934,true,false
23,45,0.3500000000000001,1.6,-0.7008814229629934,true,false
24,45,0.40000000000000013,1.6,-0.704797711531052,false,true
25,45,0.44999999999999996,1.6,-0.708797843628696,false,true
26,45,0.5,1.6,-0.7103930596551784,false,true
27,45,0.55,1.6,-0.7112243366969679,false,true
0,46,-0.8,1.6500000000000004,-0.7034496344584362,false,true
1,46,-0.75,1.6500000000000004,-0.7034798531617844,false,true
2,46,-0.7000000000000001,1.6500000000000004,-0.7035251343405549,false,true
3,46,-0.65,1.6500000000000004,-0.7035659868546682,false,true
4,46,-0.6000000000000001,1.6500000000000004,-0.7037229296054569,false,true
5,46,-0.55,1.6500000000000004,-0.7036062974911393,false,true
6,46,-0.5,1.6500000000000004,-0.7052981271408498,true,false
7,46,-0.45,1.6500000000000004,-0.7100574090145528,true,false
8,46,-0.4,1.6500000000000004,-0.7119555487297475,true,false
9,46,-0.35000000000000003,1.6500000000000004,-0.7089248611591756,true,false
10,46,-0.30000000000000004,1.6500000000000004,-0.7097882642410696,true,false
11,46,-0.25,1.6500000000000004,-0.7117939307354391,true,false
12,46,-0.19999999999999996,1.6500000000000004,-0.7126362039707601,true,false
13,46,-0.15000000000000002,1.6500000000000004,-0.7132047130726278,true,false
14,46,-0.09999999999999998,1.6500000000000004,-0.7109228982590139,true,false
15,46,-0.050000000000000044,1.6500000000000004,-0.7096764459274709,true,false
16,46,0.0,1.6500000000000004,-0.7130599631927907,true,false
17,46,0.050000000000000044,1.6500000000000004,-0.7132390453480184,true,false
18,46,0.09999999999999998,1.6500000000000004,-0.7151289298199117,true,false
19,46,0.15000000000000002,1.6500000000000004,-0.7172670974396169,true,false
20,46,0.19999999999999996,1.6500000000000004,-0.7182098939083517,true,false
21,46,0.25,1.6500000000000004,-0.7217295779846609,true,false
22,46,0.30000000000000004,1.6500000000000004,-0.6768642975948751,true,false
23,46,0.3500000000000001,1.6500000000000004,-0.7000601673175029,false,true
24,46,0.40000000000000013,1.6500000000000004,-0.7008814229629934,false,true
25,46,0.44999999999999996,1.6500000000000004,-0.70250360280205,false,true
26,46,0.5,1.6500000000000004,-0.7038720177831979,false,true
27,46,0.55,1.6500000000000004,-0.7051028651994329,false,true
0,47,-0.8,1.7000000000000002,-0.7025888088647463,false,true
1,47,-0.75,1.7000000000000002,-0.702551720033563,false,true
2,47,-0.7000000000000001,1.7000000000000002,-0.7025012309299531,false,true
3,47,-0.65,1.7000000000000002,-0.7024460041145919,false,true
4,47,-0.6000000000000001,1.7000000000000002,-0.7023126747879401,false,true
5,47,-0.55,1.7000000000000002,-0.7023126747879401,false,true
6,47,-0.5,1.7000000000000002,-0.7012136890552938,true,false
7,47,-0.45,1.7000000000000002,-0.7033795132301748,true,false
8,47,-0.4,1.7000000000000002,-0.7089979662559927,true,false
9,47,-0.35000000000000003,1.7000000000000002,-0.7052073492668569,true,false
10,47,-0.30000000000000004,1.7000000000000002,-0.7070606662891805,true,false
11,47,-0.25,1.7000000000000002,-0.709121526684612,true,false
12,47,-0.19999999999999996,1.7000000000000002,-0.7100139572285116,true,false
13,47,-0.15000000000000002,1.7000000000000002,-0.7092517628334463,true,false
14,47,-0.09999999999999998,1.7000000000000002,-0.7086535110138357,true,false
15,47,-0.050000000000000044,1.7000000000000002,-0.7085639252327383,true,false
16,47,0.0,1.7000000000000002,-0.7092467560432851,true,false
17,47,0.050000000000000044,1.7000000000000002,-0.7115218355320394,true,false
18,47,0.09999999999999998,1.7000000000000002,-0.7132920040749013,true,false
19,47,0.15000000000000002,1.7000000000000002,-0.714004339184612,true,false
20,47,0.19999999999999996,1.7000000000000002,-0.7143253698013723,true,false
21,47,0.25,1.7000000000000002,-0.7172276391647756,true,false
22,47,0.30000000000000004,1.7000000000000002,-0.7308813943527639,true,false
23,47,0.3500000000000001,1.7000000000000002,-0.7062733648277267,false,true
24,47,0.40000000000000013,1.7000000000000002,-0.7022905949425133,false,true
25,47,0.44999999999999996,1.7000000000000002,-0.7008814229629934,false,true
26,47,0.5,1.7000000000000002,-0.7015533518529389,false,true
27,47,0.55,1.7000000000000002,-0.7020356699652156,false,true
0,48,-0.8,1.7500000000000004,-0.7018328863272002,false,true
1,48,-0.75,1.7500000000000004,-0.7017502160957801,false,true
2,48,-0.7000000000000001,1.7500000000000004,-0.7016497081016485,false,true
3,48,-0.65,1.7500000000000004,-0.7015145775165286,false,true
4,48,-0.6000000000000001,1.7500000000000004,-0.70135763476574,false,true
5,48,-0.55,1.7500000000000004,-0.7010190520847409,false,true
6,48,-0.5,1.7500000000000004,-0.7008814229629934,true,false
7,48,-0.45,1.7500000000000004,-0.705087365116924,true,false
8,48,-0.4,1.7500000000000004,-0.707042099442333,true,false
9,48,-0.35000000000000003,1.7500000000000004,-0.7054106309078634,true,false
10,48,-0.30000000000000004,1.7500000000000004,-0.7067555203102529,true,false
11,48,-0.25,1.7500000000000004,-0.7084355368278921,true,false
12,48,-0.19999999999999996,1.7500000000000004,-0.7103339745663106,true,false
13,48,-0.15000000000000002,1.7500000000000004,-0.7093300833366811,true,false
14,48,-0.09999999999999998,1.7500000000000004,-0.7091838731430471,true,false
15,48,-0.050000000000000044,1.7500000000000004,-0.7098442330025136,true,false
16,48,0.0,1.7500000000000004,-0.7104220702312887,true,false
17,48,0.050000000000000044,1.7500000000000004,-0.7128165080212057,true,false
18,48,0.09999999999999998,1.7500000000000004,-0.7138748480938375,true,false
19,48,0.15000000000000002,1.7500000000000004,-0.7132793380878866,true,false
20,48,0.19999999999999996,1.7500000000000004,-0.712562473025173,true,false
21,48,0.25,1.7500000000000004,-0.7139747752808034,true,false
22,48,0.30000000000000004,1.7500000000000004,-0.7008814229629934,true,false
23,48,0.3500000000000001,1.7500000000000004,-0.7008814055051972,false,true
24,48,0.40000000000000013,1.7500000000000004,-0.696430393768074,false,true
25,48,0.44999999999999996,1.7500000000000004,-0.6967445210150576,false,true
26,48,0.5,1.7500000000000004,-0.7008814229629934,false,true
27,48,0.55,1.7500000000000004,-0.7017474273536921,false,true
0,49,-0.8,1.8000000000000003,-0.7010681304055683,false,true
1,49,-0.75,1.8000000000000003,-0.7012309659833161,false,true
2,49,-0.7000000000000001,1.8000000000000003,-0.7011413410300352,false,true
3,49,-0.65,1.8000000000000003,-0.7010445155948736,false,true
4,49,-0.6000000000000001,1.8000000000000003,-0.7009384308117986,false,true
5,49,-0.55,1.8000000000000003,-0.7008814229629934,false,true
6,49,-0.5,1.8000000000000003,-0.7024332026814084,false,true
7,49,-0.45,1.8000000000000003,-0.7029026760719717,true,false
8,49,-0.4,1.8000000000000003,-0.706779898609966,true,false
9,49,-0.35000000000000003,1.8000000000000003,-0.7067396654747427,true,false
10,49,-0.30000000000000004,1.8000000000000003,-0.7101493193767965,true,false
11,49,-0.25,1.8000000000000003,-0.712851048912853,true,false
12,49,-0.19999999999999996,1.8000000000000003,-0.7151380791328847,true,false
13,49,-0.15000000000000002,1.8000000000000003,-0.7168863131664693,true,false
14,49,-0.09999999999999998,1.8000000000000003,-0.7126721455715597,true,false
15,49,-0.050000000000000044,1.8000000000000003,-0.7154674245975912,true,false
16,49,0.0,1.8000000000000003,-0.7172660841606557,true,false
17,49,0.050000000000000044,1.8000000000000003,-0.7148947729729116,true,false
18,49,0.09999999999999998,1.8000000000000003,-0.7139627947472036,true,false
19,49,0.15000000000000002,1.8000000000000003,-0.7114052488468587,true,false
20,49,0.19999999999999996,1.8000000000000003,-0.7088055028580129,true,false
21,49,0.25,1.8000000000000003,-0.7041077031753957,true,false
22,49,0.30000000000000004,1.8000000000000003,-0.6708813919685781,true,false
23,49,0.3500000000000001,1.8000000000000003,-0.6802927415435,false,true
24,49,0.40000000000000013,1.8000000000000003,-0.6857922272596181,false,true
25,49,0.44999999999999996,1.8000000000000003,-0.6937982125039414,false,true
26,49,0.5,1.8000000000000003,-0.703166218008846,false,true
27,49,0.55,1.8000000000000003,-0.7030045543254383,false,true
0,50,-0.8,1.85,-0.6997609328756256,false,true
1,50,-0.75,1.85,-0.7001557604328683,false,true
2,50,-0.7000000000000001,1.85,-0.700938972689441,false,true
3,50,-0.65,1.85,-0.7009050363871302,false,true
4,50,-0.6000000000000001,1.85,-0.7008814229629934,false,true
5,50,-0.55,1.85,-0.7013270288208555,false,true
6,50,-0.5,1.85,-0.7016508127879829,false,true
7,50,-0.45,1.85,-0.7013096525333822,true,false
8,50,-0.4,1.85,-0.7063830508850515,true,false
9,50,-0.35000000000000003,1.85,-0.7093967809341848,true,false
10,50,-0.30000000000000004,1.85,-0.7138679637573659,true,false
11,50,-0.25,1.85,-0.7162663652561605,true,false
12,50,-0.19999999999999996,1.85,-0.7185921682976186,true,false
13,50,-0.15000000000000002,1.85,-0.719237597193569,true,false
14,50,-0.09999999999999998,1.85,-0.7196125998161733,true,false
15,50,-0.050000000000000044,1.85,-0.720427246298641,true,false
16,50,0.0,1.85,-0.7192905857227743,true,false
17,50,0.050000000000000044,1.85,-0.7182533754967153,true,false
18,50,0.09999999999999998,1.85,-0.7160198404453695,true,false
19,50,0.15000000000000002,1.85,-0.7102046622894704,true,false
20,50,0.19999999999999996,1.85,-0.7033028020523489,true,false
21,50,0.25,1.85,-0.6934788241051137,true,false
22,50,0.30000000000000004,1.85,-0.6730137183330953,true,false
23,50,0.3500000000000001,1.85,-0.6784804962998504,false,true
24,50,0.40000000000000013,1.85,-0.6892398437150674,false,true
25,50,0.44999999999999996,1.85,-0.703166218008846,false,true
26,50,0.5,1.85,-0.7048990587142646,false,true
27,50,0.55,1.85,-0.7052039561402714,false,true
0,51,-0.8,1.9000000000000004,-0.6974721496939478,false,true
1,51,-0.75,1.9000000000000004,-0.6977325292816835,false,true
2,51,-0.7000000000000001,1.9000000000000004,-0.6980625504402395,false,true
3,51,-0.65,1.9000000000000004,-0.7008814229629934,false,true
4,51,-0.6000000000000001,1.9000000000000004,-0.7004724713349644,false,true
5,51,-0.55,1.9000000000000004,-0.7004004601194691,false,true
6,51,-0.5,1.9000000000000004,-0.7003931371303735,false,true
7,51,-0.45,1.9000000000000004,-0.7008814229629934,true,false
8,51,-0.4,1.9000000000000004,-0.704405368771404,true,false
9,51,-0.35000000000000003,1.9000000000000004,-0.7076206817291677,true,false
10,51,-0.30000000000000004,1.9000000000000004,-0.7130790962837636,true,false
11,51,-0.25,1.9000000000000004,-0.715616466011852,true,false
12,51,-0.19999999999999996,1.9000000000000004,-0.7164599909447134,true,false
13,51,-0.15000000000000002,1.9000000000000004,-0.716530682053417,true,false
14,51,-0.09999999999999998,1.9000000000000004,-0.7177039398811758,true,false
15,51,-0.050000000000000044,1.9000000000000004,-0.718375803437084,true,false
16,51,0.0,1.9000000000000004,-0.7183758630417287,true,false
17,51,0.050000000000000044,1.9000000000000004,-0.7157577886246145,true,false
18,51,0.09999999999999998,1.9000000000000004,-0.7147797360084951,true,false
19,51,0.15000000000000002,1.9000000000000004,-0.7101080729626119,true,false
20,51,0.19999999999999996,1.9000000000000004,-0.7058165981434286,true,false
21,51,0.25,1.9000000000000004,-0.7005567564629018,true,false
22,51,0.30000000000000004,1.9000000000000004,-0.6938107921741903,true,false
23,51,0.3500000000000001,1.9000000000000004,-0.6937080935225726,false,true
24,51,0.40000000000000013,1.9000000000000004,-0.703166218008846,false,true
25,51,0.44999999999999996,1.9000000000000004,-0.7073496655412996,false,true
26,51,0.5,1.9000000000000004,-0.7076728843466882,false,true
27,51,0.55,1.9000000000000004,-0.7085902125641682,false,true
0,52,-0.8,1.9500000000000002,-0.6947324470965643,false,true
1,52,-0.75,1.9500000000000002,-0.6944203066106865,false,true
2,52,-0.7000000000000001,1.9500000000000002,-0.694059365475626,false,true
3,52,-0.65,1.9500000000000002,-0.6912335767410696,false,true
4,52,-0.6000000000000001,1.9500000000000002,-0.6963498335387246,false,true
5,52,-0.55,1.9500000000000002,-0.6991414081479564,false,true
6,52,-0.5,1.9500000000000002,-0.6991604637214514,false,true
7,52,-0.45,1.9500000000000002,-0.6987860812805593,true,false
8,52,-0.4,1.9500000000000002,-0.7037476315163076,true,false
9,52,-0.35000000000000003,1.9500000000000002,-0.7077420367859304,true,false
10,52,-0.30000000000000004,1.9500000000000002,-0.709757240023464,true,false
11,52,-0.25,1.9500000000000002,-0.7099100663326681,true,false
12,52,-0.19999999999999996,1.9500000000000002,-0.7090601935051382,true,false
13,52,-0.15000000000000002,1.9500000000000002,-0.7114408328197896,true,false
14,52,-0.09999999999999998,1.9500000000000002,-0.7134588374756277,true,false
15,52,-0.050000000000000044,1.9500000000000002,-0.7154067768715322,true,false
16,52,0.0,1.9500000000000002,-0.7140781893394887,true,false
17,52,0.050000000000000044,1.9500000000000002,-0.7105190767906606,true,false
18,52,0.09999999999999998,1.9500000000000002,-0.7115262164734304,true,false
19,52,0.15000000000000002,1.9500000000000002,-0.7085460438393056,true,false
20,52,0.19999999999999996,1.9500000000000002,-0.7054264857433736,true,false
21,52,0.25,1.9500000000000002,-0.7008814229629934,true,false
22,52,0.30000000000000004,1.9500000000000002,-0.7008814229629934,true,false
23,52,0.3500000000000001,1.9500000000000002,-0.703166218008846,true,false
24,52,0.40000000000000013,1.9500000000000002,-0.7132659537791717,false,true
25,52,0.44999999999999996,1.9500000000000002,-0.7126366511027248,false,true
26,52,0.5,1.9500000000000002,-0.7135786644203795,false,true
27,52,0.55,1.9500000000000002,-0.7137334989608094,false,true
0,53,-0.8,2.0000000000000004,-0.6926725289250403,false,true
1,53,-0.75,2.0000000000000004,-0.6921737982199392,false,true
2,53,-0.7000000000000001,2.0000000000000004,-0.6912885106295548,false,true
3,53,-0.65,2.0000000000000004,-0.6912335767410696,false,true
4,53,-0.6000000000000001,2.0000000000000004,-0.6912335767410696,false,true
5,53,-0.55,2.0000000000000004,-0.6955868040370552,false,true
6,53,-0.5,2.0000000000000004,-0.6978627305150641,false,true
7,53,-0.45,2.0000000000000004,-0.6979689612053335,true,false
8,53,-0.4,2.0000000000000004,-0.7012448920868337,true,false
9,53,-0.35000000000000003,2.0000000000000004,-0.7069430961273611,true,false
10,53,-0.30000000000000004,2.0000000000000004,-0.7093545808456838,true,false
11,53,-0.25,2.0000000000000004,-0.7080106451176107,true,false
12,53,-0.19999999999999996,2.0000000000000004,-0.7046028389595449,true,false
13,53,-0.15000000000000002,2.0000000000000004,-0.706406535115093,true,false
14,53,-0.09999999999999998,2.0000000000000004,-0.711275280918926,true,false
15,53,-0.050000000000000044,2.0000000000000004,-0.7121989144943655,true,false
16,53,0.0,2.0000000000000004,-0.7112436308525503,true,false
17,53,0.050000000000000044,2.0000000000000004,-0.7100047781132162,true,false
18,53,0.09999999999999998,2.0000000000000004,-0.709256352391094,true,false
19,53,0.15000000000000002,2.0000000000000004,-0.7084066881798208,true,false
20,53,0.19999999999999996,2.0000000000000004,-0.7062289132736623,true,false
21,53,0.25,2.0000000000000004,-0.7021379782818258,true,false
22,53,0.30000000000000004,2.0000000000000004,-0.715294839348644,true,false
23,53,0.3500000000000001,2.0000000000000004,-0.7275491370819509,true,false
24,53,0.40000000000000013,2.0000000000000004,-0.7212171158167348,false,true
25,53,0.44999999999999996,2.0000000000000004,-0.7211398713092224,false,true
26,53,0.5,2.0000000000000004,-0.7200130826819301,false,true
27,53,0.55,2.0000000000000004,-0.7193551527398439,false,true
0,54,-0.8,2.0500000000000003,-0.6919377894434252,false,true
1,54,-0.75,2.0500000000000003,-0.6916300629665201,false,true
2,54,-0.7000000000000001,2.0500000000000003,-0.6915402166811747,false,true
3,54,-0.65,2.0500000000000003,-0.6914211327681699,false,true
4,54,-0.6000000000000001,2.0500000000000003,-0.6912335767410696,false,true
5,54,-0.55,2.0500000000000003,-0.6912335767410696,false,true
6,54,-0.5,2.0500000000000003,-0.69495089134257,false,true
7,54,-0.45,2.0500000000000003,-0.6967891468666494,true,false
8,54,-0.4,2.0500000000000003,-0.7008814229629934,true,false
9,54,-0.35000000000000003,2.0500000000000003,-0.7088851048611104,true,false
10,54,-0.30000000000000004,2.0500000000000003,-0.7103919996879995,true,false
11,54,-0.25,2.0500000000000003,-0.7069135918281972,true,false
12,54,-0.19999999999999996,2.0500000000000003,-0.7028298093937337,true,false
13,54,-0.15000000000000002,2.0500000000000003,-0.7073706998489797,true,false
14,54,-0.09999999999999998,2.0500000000000003,-0.7125572576187551,true,false
15,54,-0.050000000000000044,2.0500000000000003,-0.7151494636200368,true,false
16,54,0.0,2.0500000000000003,-0.712193192448467,true,false
17,54,0.050000000000000044,2.0500000000000003,-0.712007166352123,true,false
18,54,0.09999999999999998,2.0500000000000003,-0.712196649517864,true,false
19,54,0.15000000000000002,2.0500000000000003,-0.7104631080292165,true,false
20,54,0.19999999999999996,2.0500000000000003,-0.7067170455120504,true,false
21,54,0.25,2.0500000000000003,-0.7031344487331808,true,false
22,54,0.30000000000000004,2.0500000000000003,-0.7066177143715322,true,false
23,54,0.3500000000000001,2.0500000000000003,-0.7303131832741201,true,false
24,54,0.40000000000000013,2.0500000000000003,-0.7289045486091303,false,true
25,54,0.44999999999999996,2.0500000000000003,-0.7257959945024909,false,true
26,54,0.5,2.0500000000000003,-0.7242011876121185,false,true
27,54,0.55,2.0500000000000003,-0.7258246045019396,false,true
0,55,-0.8,2.1,-0.6921570043280926,false,true
1,55,-0.75,2.1,-0.6921369716240517,false,true
2,55,-0.7000000000000001,2.1,-0.6920986771387495,false,true
3,55,-0.65,2.1,-0.6920152667061118,false,true
4,55,-0.6000000000000001,2.1,-0.6918739330725003,false,true
5,55,-0.55,2.1,-0.6912335767410696,false,true
6,55,-0.5,2.1,-0.6912335767410696,true,false
7,55,-0.45,2.1,-0.6945902123115957,true,false
8,55,-0.4,2.1,-0.7008814229629934,true,false
9,55,-0.35000000000000003,2.1,-0.7082961811684072,true,false
10,55,-0.30000000000000004,2.1,-0.7088792338036001,true,false
11,55,-0.25,2.1,-0.7058534040115774,true,false
12,55,-0.19999999999999996,2.1,-0.7034361376427114,true,false
13,55,-0.15000000000000002,2.1,-0.7049862160347402,true,false
14,55,-0.09999999999999998,2.1,-0.7107259049080312,true,false
15,55,-0.050000000000000044,2.1,-0.710636259522289,true,false
16,55,0.0,2.1,-0.7122234120033681,true,false
17,55,0.050000000000000044,2.1,-0.7118136598728597,true,false
18,55,0.09999999999999998,2.1,-0.7115940465591848,true,false
19,55,0.15000000000000002,2.1,-0.7119640721939504,true,false
20,55,0.19999999999999996,2.1,-0.7058543278835714,true,false
21,55,0.25,2.1,-0.7008814229629934,true,false
22,55,0.30000000000000004,2.1,-0.715200365986675,true,false
23,55,0.3500000000000001,2.1,-0.7282678498886526,true,false
24,55,0.40000000000000013,2.1,-0.7259787138112668,false,true
25,55,0.44999999999999996,2.1,-0.7250071063812839,false,true
26,55,0.5,2.1,-0.7267806037158137,false,true
27,55,0.55,2.1,-0.7308813943527639,false,true
0,56,-0.8,2.1500000000000004,-0.6926493284611643,false,true
1,56,-0.75,2.1500000000000004,-0.6927122762114106,false,true
2,56,-0.7000000000000001,2.1500000000000004,-0.6927878831474074,false,true
3,56,-0.65,2.1500000000000004,-0.6928941816744084,false,true
4,56,-0.6000000000000001,2.1500000000000004,-0.692996832612627,false,true
5,56,-0.55,2.1500000000000004,-0.693419890012592,false,true
6,56,-0.5,2.1500000000000004,-0.6947398772636255,false,true
7,56,-0.45,2.1500000000000004,-0.6978099360130727,true,false
8,56,-0.4,2.1500000000000004,-0.7008814229629934,true,false
9,56,-0.35000000000000003,2.1500000000000004,-0.7013122453354299,true,false
10,56,-0.30000000000000004,2.1500000000000004,-0.7008814229629934,true,false
11,56,-0.25,2.1500000000000004,-0.7008814229629934,true,false
12,56,-0.19999999999999996,2.1500000000000004,-0.7008814229629934,true,false
13,56,-0.15000000000000002,2.1500000000000004,-0.7008814229629934,true,false
14,56,-0.09999999999999998,2.1500000000000004,-0.7049083425663412,true,false
15,56,-0.050000000000000044,2.1500000000000004,-0.7079354836605489,true,false
16,56,0.0,2.1500000000000004,-0.7098116888664663,true,false
17,56,0.050000000000000044,2.1500000000000004,-0.7097139074467123,true,false
18,56,0.09999999999999998,2.1500000000000004,-0.7114387168549001,true,false
19,56,0.15000000000000002,2.1500000000000004,-0.7105889930389822,true,false
20,56,0.19999999999999996,2.1500000000000004,-0.706735075917095,true,false
21,56,0.25,2.1500000000000004,-0.7008814229629934,true,false
22,56,0.30000000000000004,2.1500000000000004,-0.7046003355644643,true,false
23,56,0.3500000000000001,2.1500000000000004,-0.7184069170616567,true,false
24,56,0.40000000000000013,2.1500000000000004,-0.7197356037486531,false,true
25,56,0.44999999999999996,2.1500000000000004,-0.724473923177233,false,true
26,56,0.5,2.1500000000000004,-0.7308813943527639,false,true
27,56,0.55,2.1500000000000004,-0.7309113807962951,false,true
0,57,-0.8,2.2,-0.6929637927705687,false,true
1,57,-0.75,2.2,-0.6930726637361578,false,true
2,57,-0.7000000000000001,2.2,-0.6932189509297758,false,true
3,57,-0.65,2.2,-0.6934101707701581,false,true
4,57,-0.6000000000000001,2.2,-0.6937692599272978,false,true
5,57,-0.55,2.2,-0.6941617949714914,false,true
6,57,-0.5,2.2,-0.6956062032841146,true,false
7,57,-0.45,2.2,-0.6942813112400472,true,false
8,57,-0.4,2.2,-0.6971472515724599,true,false
9,57,-0.35000000000000003,2.2,-0.6978374435566366,true,false
10,57,-0.30000000000000004,2.2,-0.6960460259579122,true,false
11,57,-0.25,2.2,-0.6957216872833669,true,false
12,57,-0.19999999999999996,2.2,-0.6969188465736806,true,false
13,57,-0.15000000000000002,2.2,-0.6981882466934621,true,false
14,57,-0.09999999999999998,2.2,-0.7024097456596792,true,false
15,57,-0.050000000000000044,2.2,-0.7047597779892385,true,false
16,57,0.0,2.2,-0.706507386174053,true,false
17,57,0.050000000000000044,2.2,-0.7072482421062887,true,false
18,57,0.09999999999999998,2.2,-0.7081980123184621,true,false
19,57,0.15000000000000002,2.2,-0.7061889483593404,true,false
20,57,0.19999999999999996,2.2,-0.704910786356777,true,false
21,57,0.25,2.2,-0.7008814229629934,true,false
22,57,0.30000000000000004,2.2,-0.7008814229629934,true,false
23,57,0.3500000000000001,2.2,-0.7130824043415487,true,false
24,57,0.40000000000000013,2.2,-0.7206085955050027,false,true
25,57,0.44999999999999996,2.2,-0.7308813943527639,false,true
26,57,0.5,2.2,-0.7309537880314244,false,true
27,57,0.55,2.2,-0.7309883239856099,false,true
0,58,-0.8,2.2500000000000004,-0.6906480130983944,false,true
1,58,-0.75,2.2500000000000004,-0.693061342533642,false,true
2,58,-0.7000000000000001,2.2500000000000004,-0.6931505629916922,false,true
3,58,-0.65,2.2500000000000004,-0.6932732944934796,false,true
4,58,-0.6000000000000001,2.2500000000000004,-0.6933156801715612,false,true
5,58,-0.55,2.2500000000000004,-0.6935635014587984,false,true
6,58,-0.5,2.2500000000000004,-0.6921190931461751,true,false
7,58,-0.45,2.2500000000000004,-0.6910796775482595,true,false
8,58,-0.4,2.2500000000000004,-0.6943788840435445,true,false
9,58,-0.35000000000000003,2.2500000000000004,-0.6954236044548452,true,false
10,58,-0.30000000000000004,2.2500000000000004,-0.6950272335670888,true,false
11,58,-0.25,2.2500000000000004,-0.6946562542580068,true,false
12,58,-0.19999999999999996,2.2500000000000004,-0.698620171751827,true,false
13,58,-0.15000000000000002,2.2500000000000004,-0.7003672434948385,true,false
14,58,-0.09999999999999998,2.2500000000000004,-0.7008814229629934,true,false
15,58,-0.050000000000000044,2.2500000000000004,-0.7023535980843008,true,false
16,58,0.0,2.2500000000000004,-0.7008814229629934,true,false
17,58,0.050000000000000044,2.2500000000000004,-0.7033004178665578,true,false
18,58,0.09999999999999998,2.2500000000000004,-0.7052421881817281,true,false
19,58,0.15000000000000002,2.2500000000000004,-0.7064024819992483,true,false
20,58,0.19999999999999996,2.2500000000000004,-0.70242610713467,true,false
21,58,0.25,2.2500000000000004,-0.6980589344166219,true,false
22,58,0.30000000000000004,2.2500000000000004,-0.7061826004646719,true,false
23,58,0.3500000000000001,2.2500000000000004,-0.7189259841106832,true,false
24,58,0.40000000000000013,2.2500000000000004,-0.7308813943527639,true,false
25,58,0.44999999999999996,2.2500000000000004,-0.7310561681536162,false,true
26,58,0.5,2.2500000000000004,-0.7311440948332546,false,true
27,58,0.55,2.2500000000000004,-0.7311813221719432,false,true
0,59,-0.8,2.3000000000000003,-0.6866485490463674,false,true
1,59,-0.75,2.3000000000000003,-0.69046649554743,false,true
2,59,-0.7000000000000001,2.3000000000000003,-0.6927775573556927,false,true
3,59,-0.65,2.3000000000000003,-0.6927173866588682,false,true
4,59,-0.6000000000000001,2.3000000000000003,-0.6927173866588682,false,true
5,59,-0.55,2.3000000000000003,-0.6921190931461751,false,true
6,59,-0.5,2.3000000000000003,-0.689685974066719,false,true
7,59,-0.45,2.3000000000000003,-0.6889221682213247,true,false
8,59,-0.4,2.3000000000000003,-0.689409555401653,true,false
9,59,-0.35000000000000003,2.3000000000000003,-0.6890978827141225,true,false
10,59,-0.30000000000000004,2.3000000000000003,-0.6943125440739095,true,false
11,59,-0.25,2.3000000000000003,-0.6977455927990377,true,false
12,59,-0.19999999999999996,2.3000000000000003,-0.7001265301369131,true,false
13,59,-0.15000000000000002,2.3000000000000003,-0.6970273270271719,true,false
14,59,-0.09999999999999998,2.3000000000000003,-0.6974047138355672,true,false
15,59,-0.050000000000000044,2.3000000000000003,-0.6985282911919057,true,false
16,59,0.0,2.3000000000000003,-0.6966065778397024,true,false
17,59,0.050000000000000044,2.3000000000000003,-0.6994212879799306,true,false
18,59,0.09999999999999998,2.3000000000000003,-0.7008814229629934,true,false
19,59,0.15000000000000002,2.3000000000000003,-0.7014256729744375,true,false
20,59,0.19999999999999996,2.3000000000000003,-0.6979751600883901,true,false
21,59,0.25,2.3000000000000003,-0.6950264587067068,true,false
22,59,0.30000000000000004,2.3000000000000003,-0.7066279663704336,true,false
23,59,0.3500000000000001,2.3000000000000003,-0.7298665656708181,true,false
24,59,0.40000000000000013,2.3000000000000003,-0.7313033356331289,true,false
25,59,0.44999999999999996,2.3000000000000003,-0.7315311424165843,false,true
26,59,0.5,2.3000000000000003,-0.7314615037197266,false,true
27,59,0.55,2.3000000000000003,-0.7314738335692165,false,true
0,60,-0.8,2.35,-0.6865628910100463,false,true
1,60,-0.75,2.35,-0.6866485490463674,false,true
2,60,-0.7000000000000001,2.35,-0.6899134848726579,false,true
3,60,-0.65,2.35,-0.6923669144334125,false,true
4,60,-0.6000000000000001,2.35,-0.6921190931461751,false,true
5,60,-0.55,2.35,-0.6881976492579546,false,true
6,60,-0.5,2.35,-0.686094447511154,false,true
7,60,-0.45,2.35,-0.6859315051697195,true,false
8,60,-0.4,2.35,-0.6852142824791372,true,false
9,60,-0.35000000000000003,2.35,-0.6835798933170736,true,false
10,60,-0.30000000000000004,2.35,-0.688507319893688,true,false
11,60,-0.25,2.35,-0.6941246404312551,true,false
12,60,-0.19999999999999996,2.35,-0.6934956326149404,true,false
13,60,-0.15000000000000002,2.35,-0.6925712837837636,true,false
14,60,-0.09999999999999998,2.35,-0.6910048141144216,true,false
15,60,-0.050000000000000044,2.35,-0.693225861992687,true,false
16,60,0.0,2.35,-0.6938811256550252,true,false
17,60,0.050000000000000044,2.35,-0.6939396872185171,true,false
18,60,0.09999999999999998,2.35,-0.6956489696167409,true,false
19,60,0.15000000000000002,2.35,-0.6982204928062856,true,false
20,60,0.19999999999999996,2.35,-0.6930354847572744,true,false
21,60,0.25,2.35,-0.6960341348312795,true,false
22,60,0.30000000000000004,2.35,-0.7101318254135549,true,false
23,60,0.3500000000000001,2.35,-0.7298991098068655,true,false
24,60,0.40000000000000013,2.35,-0.7325030579231679,true,false
25,60,0.44999999999999996,2.35,-0.7317683552962748,false,true
26,60,0.5,2.35,-0.7318210093455492,false,true
27,60,0.55,2.35,-0.7318145275938964,false,true
0,61,-0.8,2.4000000000000004,-0.6863933131789032,false,true
1,61,-0.75,2.4000000000000004,-0.6864417522533546,false,true
2,61,-0.7000000000000001,2.4000000000000004,-0.6866485490463674,false,true
3,61,-0.65,2.4000000000000004,-0.6882572262531187,false,true
4,61,-0.6000000000000001,2.4000000000000004,-0.6873263292246,false,true
5,61,-0.55,2.4000000000000004,-0.6845609472607879,false,true
6,61,-0.5,2.4000000000000004,-0.6841379417531156,false,true
7,61,-0.45,2.4000000000000004,-0.6834971620701253,true,false
8,61,-0.4,2.4000000000000004,-0.6831656112335622,true,false
9,61,-0.35000000000000003,2.4000000000000004,-0.6830996884964406,true,false
10,61,-0.30000000000000004,2.4000000000000004,-0.6878421320579946,true,false
11,61,-0.25,2.4000000000000004,-0.6892500235699117,true,false
12,61,-0.19999999999999996,2.4000000000000004,-0.6886067404411733,true,false
13,61,-0.15000000000000002,2.4000000000000004,-0.6886201514862478,true,false
14,61,-0.09999999999999998,2.4000000000000004,-0.6876088394783437,true,false
15,61,-0.050000000000000044,2.4000000000000004,-0.6896062507294118,true,false
16,61,0.0,2.4000000000000004,-0.6909111156128347,true,false
17,61,0.050000000000000044,2.4000000000000004,-0.6903814091347158,true,false
18,61,0.09999999999999998,2.4000000000000004,-0.6920348419807851,true,false
19,61,0.15000000000000002,2.4000000000000004,-0.6935156001709402,true,false
20,61,0.19999999999999996,2.4000000000000004,-0.6928240670822561,true,false
21,61,0.25,2.4000000000000004,-0.6944227828644216,true,false
22,61,0.30000000000000004,2.4000000000000004,-0.7008814229629934,true,false
23,61,0.3500000000000001,2.4000000000000004,-0.7248159064911306,true,false
24,61,0.40000000000000013,2.4000000000000004,-0.7311943485401571,true,false
25,61,0.44999999999999996,2.4000000000000004,-0.7321853403451113,false,true
26,61,0.5,2.4000000000000004,-0.7321583848869709,false,true
27,61,0.55,2.4000000000000004,-0.7321168544819201,false,true
0,62,-0.8,2.45,-0.6858197238111217,false,true
1,62,-0.75,2.45,-0.6860695741154014,false,true
2,62,-0.7000000000000001,2.45,-0.6861492974240205,false,true
3,62,-0.65,2.45,-0.6866485490463674,false,true
4,62,-0.6000000000000001,2.45,-0.6866703724833304,false,true
5,62,-0.55,2.45,-0.6851933012285322,false,true
6,62,-0.5,2.45,-0.6836256671363304,false,true
7,62,-0.45,2.45,-0.6832505776546896,true,false
8,62,-0.4,2.45,-0.683871032204479,true,false
9,62,-0.35000000000000003,2.45,-0.6819143309257925,true,false
10,62,-0.30000000000000004,2.45,-0.6848633303306997,true,false
11,62,-0.25,2.45,-0.6867588772438467,true,false
12,62,-0.19999999999999996,2.45,-0.6865084483288229,true,false
13,62,-0.15000000000000002,2.45,-0.6849198355339468,true,false
14,62,-0.09999999999999998,2.45,-0.6841766252182424,true,false
15,62,-0.050000000000000044,2.45,-0.684905172791332,true,false
16,62,0.0,2.45,-0.6859858646057546,true,false
17,62,0.050000000000000044,2.45,-0.6883672489784658,true,false
18,62,0.09999999999999998,2.45,-0.691410721745342,true,false
19,62,0.15000000000000002,2.45,-0.6904502524994314,true,false
20,62,0.19999999999999996,2.45,-0.6904803826473653,true,false
21,62,0.25,2.45,-0.6927827908657491,true,false
22,62,0.30000000000000004,2.45,-0.7008814229629934,true,false
23,62,0.3500000000000001,2.45,-0.7306229784153402,true,false
24,62,0.40000000000000013,2.45,-0.7332690968178213,true,false
25,62,0.44999999999999996,2.45,-0.7325102937031849,false,true
26,62,0.5,2.45,-0.7323539667562172,false,true
27,62,0.55,2.45,-0.7319638932546711,false,true
0,63,-0.8,2.5000000000000004,-0.6854562587289678,false,true
1,63,-0.75,2.5000000000000004,-0.685358370928645,false,true
2,63,-0.7000000000000001,2.5000000000000004,-0.685377853400149,false,true
3,63,-0.65,2.5000000000000004,-0.6854432490086607,false,true
4,63,-0.6000000000000001,2.5000000000000004,-0.6866485490463674,false,true
5,63,-0.55,2.5000000000000004,-0.6867012354838612,false,true
6,63,-0.5,2.5000000000000004,-0.6848778412050902,false,true
7,63,-0.45,2.5000000000000004,-0.6842846288345754,true,false
8,63,-0.4,2.5000000000000004,-0.6833280636928976,true,false
9,63,-0.35000000000000003,2.5000000000000004,-0.6776134385727346,true,false
10,63,-0.30000000000000004,2.5000000000000004,-0.6794469966553152,true,false
11,63,-0.25,2.5000000000000004,-0.6841422035358846,true,false
12,63,-0.19999999999999996,2.5000000000000004,-0.6838302328251302,true,false
13,63,-0.15000000000000002,2.5000000000000004,-0.6839776053093374,true,false
14,63,-0.09999999999999998,2.5000000000000004,-0.6814522459171712,true,false
15,63,-0.050000000000000044,2.5000000000000004,-0.6821710481308401,true,false
16,63,0.0,2.5000000000000004,-0.6841542138718069,true,false
17,63,0.050000000000000044,2.5000000000000004,-0.6857919408939779,true,false
18,63,0.09999999999999998,2.5000000000000004,-0.6876459433697164,true,false
19,63,0.15000000000000002,2.5000000000000004,-0.6870640530250967,true,false
20,63,0.19999999999999996,2.5000000000000004,-0.6870889677666128,true,false
21,63,0.25,2.5000000000000004,-0.6898802234791219,true,false
22,63,0.30000000000000004,2.5000000000000004,-0.7001578225754201,true,false
23,63,0.3500000000000001,2.5000000000000004,-0.72521942993626,true,false
24,63,0.40000000000000013,2.5000000000000004,-0.7327531292103231,true,false
25,63,0.44999999999999996,2.5000000000000004,-0.7323015134787568,false,true
26,63,0.5,2.5000000000000004,-0.7312177543861622,false,true
27,63,0.55,2.5000000000000004,-0.7304563397112938,false,true
0,64,-0.8,2.5500000000000003,-0.6856336607597768,false,true
1,64,-0.75,2.5500000000000003,-0.6852053743710051,false,true
2,64,-0.7000000000000001,2.5500000000000003,-0.6844809720335189,false,true
3,64,-0.65,2.5500000000000003,-0.6840146743974538,false,true
4,64,-0.6000000000000001,2.5500000000000003,-0.683738697348607,false,true
5,64,-0.55,2.5500000000000003,-0.6866485490463674,true,false
6,64,-0.5,2.5500000000000003,-0.6867757453583181,true,false
7,64,-0.45,2.5500000000000003,-0.6828892841003835,true,false
8,64,-0.4,2.5500000000000003,-0.6779774143360555,true,false
9,64,-0.35000000000000003,2.5500000000000003,-0.6749870791099966,true,false
10,64,-0.30000000000000004,2.5500000000000003,-0.6782400324009359,true,false
11,64,-0.25,2.5500000000000003,-0.6829611673019826,true,false
12,64,-0.19999999999999996,2.5500000000000003,-0.6818689717911184,true,false
13,64,-0.15000000000000002,2.5500000000000003,-0.6820240332745016,true,false
14,64,-0.09999999999999998,2.5500000000000003,-0.6782367243431509,true,false
15,64,-0.050000000000000044,2.5500000000000003,-0.679914893116802,true,false
16,64,0.0,2.5500000000000003,-0.6820210828445852,true,false
17,64,0.050000000000000044,2.5500000000000003,-0.6831610812805593,true,false
18,64,0.09999999999999998,2.5500000000000003,-0.6814447655342519,true,false
19,64,0.15000000000000002,2.5500000000000003,-0.683692695107311,true,false
20,64,0.19999999999999996,2.5500000000000003,-0.6859271540306509,true,false
21,64,0.25,2.5500000000000003,-0.6891121282242239,true,false
22,64,0.30000000000000004,2.5500000000000003,-0.6989396526478231,true,false
23,64,0.3500000000000001,2.5500000000000003,-0.7196297361515462,true,false
24,64,0.40000000000000013,2.5500000000000003,-0.7306952490471303,true,false
25,64,0.44999999999999996,2.5500000000000003,-0.7283925482620469,false,true
26,64,0.5,2.5500000000000003,-0.7274819097065812,false,true
27,64,0.55,2.5500000000000003,-0.7266533506987151,false,true
0,65,-0.8,2.6,-0.689711696629188,false,true
1,65,-0.75,2.6,-0.6856336607597768,false,true
2,65,-0.7000000000000001,2.6,-0.6845996859514245,false,true
3,65,-0.65,2.6,-0.6828575639404002,false,true
4,65,-0.6000000000000001,2.6,-0.6817710902339225,false,true
5,65,-0.55,2.6,-0.6796235456131399,true,false
6,65,-0.5,2.6,-0.6824933304451406,true,false
7,65,-0.45,2.6,-0.677348495926708,true,false
8,65,-0.4,2.6,-0.6762903942726552,true,false
9,65,-0.35000000000000003,2.6,-0.676078440155834,true,false
10,65,-0.30000000000000004,2.6,-0.679828645195812,true,false
11,65,-0.25,2.6,-0.6820846511982381,true,false
12,65,-0.19999999999999996,2.6,-0.6800220622681081,true,false
13,65,-0.15000000000000002,2.6,-0.6778131439350545,true,false
14,65,-0.09999999999999998,2.6,-0.6764411344192922,true,false
15,65,-0.050000000000000044,2.6,-0.6791752590797842,true,false
16,65,0.0,2.6,-0.6818785085342824,true,false
17,65,0.050000000000000044,2.6,-0.6812658323906362,true,false
18,65,0.09999999999999998,2.6,-0.679917813744396,true,false
19,65,0.15000000000000002,2.6,-0.6819804324768484,true,false
20,65,0.19999999999999996,2.6,-0.6841260208748281,true,false
21,65,0.25,2.6,-0.688251884188503,true,false
22,65,0.30000000000000004,2.6,-0.6984769715927541,true,false
23,65,0.3500000000000001,2.6,-0.7130108191631734,true,false
24,65,0.40000000000000013,2.6,-0.7207754566334188,true,false
25,65,0.44999999999999996,2.6,-0.7213744685388461,false,true
26,65,0.5,2.6,-0.7238914626691529,false,true
27,65,0.55,2.6,-0.7245502206459632,false,true
0,66,-0.8,2.6500000000000004,-0.6936150920542951,false,true
1,66,-0.75,2.6500000000000004,-0.6899586755140616,false,true
2,66,-0.7000000000000001,2.6500000000000004,-0.6856336607597768,false,true
3,66,-0.65,2.6500000000000004,-0.6831374247543004,false,true
4,66,-0.6000000000000001,2.6500000000000004,-0.6803410566050846,false,true
5,66,-0.55,2.6500000000000004,-0.6799307181499898,true,false
6,66,-0.5,2.6500000000000004,-0.679081083741039,true,false
7,66,-0.45,2.6500000000000004,-0.6756054474972188,true,false
8,66,-0.4,2.6500000000000004,-0.6753619029186666,true,false
9,66,-0.35000000000000003,2.6500000000000004,-0.6762702777050436,true,false
10,66,-0.30000000000000004,2.6500000000000004,-0.6791594936512411,true,false
11,66,-0.25,2.6500000000000004,-0.6792510463856161,true,false
12,66,-0.19999999999999996,2.6500000000000004,-0.6773541285656393,true,false
13,66,-0.15000000000000002,2.6500000000000004,-0.6765770926140249,true,false
14,66,-0.09999999999999998,2.6500000000000004,-0.6777496351860464,true,false
15,66,-0.050000000000000044,2.6500000000000004,-0.6820978536270559,true,false
16,66,0.0,2.6500000000000004,-0.6832011952064931,true,false
17,66,0.050000000000000044,2.6500000000000004,-0.6834225370548666,true,false
18,66,0.09999999999999998,2.6500000000000004,-0.6813005222938955,true,false
19,66,0.15000000000000002,2.6500000000000004,-0.6820008470676839,true,false
20,66,0.19999999999999996,2.6500000000000004,-0.6833321764133871,true,false
21,66,0.25,2.6500000000000004,-0.6849493398331106,true,false
22,66,0.30000000000000004,2.6500000000000004,-0.6980751766823232,true,false
23,66,0.3500000000000001,2.6500000000000004,-0.7008814229629934,true,false
24,66,0.40000000000000013,2.6500000000000004,-0.7129008187912405,true,false
25,66,0.44999999999999996,2.6500000000000004,-0.7209068329315044,false,true
26,66,0.5,2.6500000000000004,-0.7251904760506007,false,true
27,66,0.55,2.6500000000000004,-0.7240974917076527,false,true
0,67,-0.8,2.7,-0.6944394125603139,false,true
1,67,-0.75,2.7,-0.6924493268149408,false,true
2,67,-0.7000000000000001,2.7,-0.6880721201419373,false,true
3,67,-0.65,2.7,-0.6856336607597768,true,false
4,67,-0.6000000000000001,2.7,-0.6796072139404714,true,false
5,67,-0.55,2.7,-0.6773840798996389,true,false
6,67,-0.5,2.7,-0.6792171611450613,true,false
7,67,-0.45,2.7,-0.6740673794411123,true,false
8,67,-0.4,2.7,-0.6728539480827749,true,false
9,67,-0.35000000000000003,2.7,-0.6751369251869619,true,false
10,67,-0.30000000000000004,2.7,-0.6808814420364797,true,false
11,67,-0.25,2.7,-0.6800900115631521,true,false
12,67,-0.19999999999999996,2.7,-0.676624299492687,true,false
13,67,-0.15000000000000002,2.7,-0.6775031103752553,true,false
14,67,-0.09999999999999998,2.7,-0.6798956408165395,true,false
15,67,-0.050000000000000044,2.7,-0.683272750582546,true,false
16,67,0.0,2.7,-0.6848674430511892,true,false
17,67,0.050000000000000044,2.7,-0.6845219149254262,true,false
18,67,0.09999999999999998,2.7,-0.28577241441234946,true,false
19,67,0.15000000000000002,2.7,-0.683954895939678,true,false
20,67,0.19999999999999996,2.7,-0.686170847620815,true,false
21,67,0.25,2.7,-0.6859212531708181,true,false
22,67,0.30000000000000004,2.7,-0.6882099523209035,true,false
23,67,0.3500000000000001,2.7,-0.7008814229629934,true,false
24,67,0.40000000000000013,2.7,-0.7209258093498647,true,false
25,67,0.44999999999999996,2.7,-0.7267361893318594,true,false
26,67,0.5,2.7,-0.7240974917076528,true,false
27,67,0.55,2.7,-0.7240974917076528,false,true
0,68,-0.8,2.7500000000000004,-0.6931196098943783,false,true
1,68,-0.75,2.7500000000000004,-0.6944394125603139,true,false
2,68,-0.7000000000000001,2.7500000000000004,-0.6896349205635488,true,false
3,68,-0.65,2.7500000000000004,-0.6829431965015829,true,false
4,68,-0.6000000000000001,2.7500000000000004,-0.6752680554054677,true,false
5,68,-0.55,2.7500000000000004,-0.6772038354538381,true,false
6,68,-0.5,2.7500000000000004,-0.6786603345535696,true,false
7,68,-0.45,2.7500000000000004,-0.6716476096771657,true,false
8,68,-0.4,2.7500000000000004,-0.6721001281403005,true,false
9,68,-0.35000000000000003,2.7500000000000004,-0.6775481118820608,true,false
10,68,-0.30000000000000004,2.7500000000000004,-0.679593117441982,true,false
11,68,-0.25,2.7500000000000004,-0.6784157170914114,true,false
12,68,-0.19999999999999996,2.7500000000000004,-0.6766505255363882,true,false
13,68,-0.15000000000000002,2.7500000000000004,-0.6779746129177511,true,false
14,68,-0.09999999999999998,2.7500000000000004,-0.6784416153095663,true,false
15,68,-0.050000000000000044,2.7500000000000004,-0.6806939854286611,true,false
16,68,0.0,2.7500000000000004,-0.6845184876583517,true,false
17,68,0.050000000000000044,2.7500000000000004,-0.6854610457085073,true,false
18,68,0.09999999999999998,2.7500000000000004,-0.6856759204529226,true,false
19,68,0.15000000000000002,2.7500000000000004,-0.6877709343098104,true,false
20,68,0.19999999999999996,2.7500000000000004,-0.6883358969353139,true,false
21,68,0.25,2.7500000000000004,-0.6875866069458425,true,false
22,68,0.30000000000000004,2.7500000000000004,-0.6885258867405355,true,false
23,68,0.3500000000000001,2.7500000000000004,-0.6982890083454549,true,false
24,68,0.40000000000000013,2.7500000000000004,-0.7126328065060079,true,false
25,68,0.44999999999999996,2.7500000000000004,-0.7252796306274831,true,false
26,68,0.5,2.7500000000000004,-0.7238320856006142,false,true
27,68,0.55,2.7500000000000004,-0.7240974917076527,false,true
0,69,-0.8,2.8000000000000003,-0.6925729297304916,false,true
1,69,-0.75,2.8000000000000003,-0.6912531270645559,true,false
2,69,-0.7000000000000001,2.8000000000000003,-0.6860686256550252,true,false
3,69,-0.65,2.8000000000000003,-0.6823368086479604,true,false
4,69,-0.6000000000000001,2.8000000000000003,-0.675693632569164,true,false
5,69,-0.55,2.8000000000000003,-0.6773380651138723,true,false
6,69,-0.5,2.8000000000000003,-0.6757996096275747,true,false
7,69,-0.45,2.8000000000000003,-0.6708813919685781,true,false
8,69,-0.4,2.8000000000000003,-0.6710265292786062,true,false
9,69,-0.35000000000000003,2.8000000000000003,-0.6743957116268575,true,false
10,69,-0.30000000000000004,2.8000000000000003,-0.6764729334972799,true,false
11,69,-0.25,2.8000000000000003,-0.6755376472137868,true,false
12,69,-0.19999999999999996,2.8000000000000003,-0.6756805791519582,true,false
13,69,-0.15000000000000002,2.8000000000000003,-0.6774420752190053,true,false
14,69,-0.09999999999999998,2.8000000000000003,-0.6785672917030752,true,false
15,69,-0.050000000000000044,2.8000000000000003,-0.6801615967415273,true,false
16,69,0.0,2.8000000000000003,-0.6830536439083517,true,false
17,69,0.050000000000000044,2.8000000000000003,-0.6849401905201375,true,false
18,69,0.09999999999999998,2.8000000000000003,-0.6860158457420766,true,false
19,69,0.15000000000000002,2.8000000000000003,-0.6891574575565755,true,false
20,69,0.19999999999999996,2.8000000000000003,-0.6898289634846151,true,false
21,69,0.25,2.8000000000000003,-0.688918889965862,true,false
22,69,0.30000000000000004,2.8000000000000003,-0.6906568421982229,true,false
23,69,0.3500000000000001,2.8000000000000003,-0.7008814229629934,true,false
24,69,0.40000000000000013,2.8000000000000003,-0.7114246501587331,true,false
25,69,0.44999999999999996,2.8000000000000003,-0.7185055031441152,true,false
26,69,0.5,2.8000000000000003,-0.7193543124897188,false,true
27,69,0.55,2.8000000000000003,-0.7181577696464956,false,true
0,70,-0.8,2.85,-0.6912531270645559,false,true
1,70,-0.75,2.85,-0.6855001690542344,false,true
2,70,-0.7000000000000001,2.85,-0.6793452515266836,true,false
3,70,-0.65,2.85,-0.6795468344353139,true,false
4,70,-0.6000000000000001,2.85,-0.6792210950516164,true,false
5,70,-0.55,2.85,-0.6795285954140127,true,false
6,70,-0.5,2.85,-0.6741135730408132,true,false
7,70,-0.45,2.85,-0.6708813919685781,true,false
8,70,-0.4,2.85,-0.6712734117172658,true,false
9,70,-0.35000000000000003,2.85,-0.67343241116032,true,false
10,70,-0.30000000000000004,2.85,-0.6742304875515401,true,false
11,70,-0.25,2.85,-0.6740365042351186,true,false
12,70,-0.19999999999999996,2.85,-0.6740871979855001,true,false
13,70,-0.15000000000000002,2.85,-0.6762496544979513,true,false
14,70,-0.09999999999999998,2.85,-0.6796113266609609,true,false
15,70,-0.050000000000000044,2.85,-0.6815302385948598,true,false
16,70,0.0,2.85,-0.6833606674335897,true,false
17,70,0.050000000000000044,2.85,-0.6857051863335073,true,false
18,70,0.09999999999999998,2.85,-0.6877357377670705,true,false
19,70,0.15000000000000002,2.85,-0.6898115291260183,true,false
20,70,0.19999999999999996,2.85,-0.6904456629417837,true,false
21,70,0.25,2.85,-0.6896252646110952,true,false
22,70,0.30000000000000004,2.85,-0.6930361404083669,true,false
23,70,0.3500000000000001,2.85,-0.7017456009052694,true,false
24,70,0.40000000000000013,2.85,-0.7146347179077566,true,false
25,70,0.44999999999999996,2.85,-0.7163215591572225,true,false
26,70,0.5,2.85,-0.7181577696464956,true,false
27,70,0.55,2.85,-0.7174024821601738,false,true
0,71,-0.8,2.9000000000000004,-0.6853516859873592,false,true
1,71,-0.75,2.9000000000000004,-0.6793452515266836,false,true
2,71,-0.7000000000000001,2.9000000000000004,-0.6783745826000555,false,true
3,71,-0.65,2.9000000000000004,-0.6765750064514577,true,false
4,71,-0.6000000000000001,2.9000000000000004,-0.6787673546932638,true,false
5,71,-0.55,2.9000000000000004,-0.6757516278885305,true,false
6,71,-0.5,2.9000000000000004,-0.6708813919685781,true,false
7,71,-0.45,2.9000000000000004,-0.6687536253593862,true,false
8,71,-0.4,2.9000000000000004,-0.6711004986427724,true,false
9,71,-0.35000000000000003,2.9000000000000004,-0.6728024496696889,true,false
10,71,-0.30000000000000004,2.9000000000000004,-0.6725209071300924,true,false
11,71,-0.25,2.9000000000000004,-0.6734302951954305,true,false
12,71,-0.19999999999999996,2.9000000000000004,-0.6739570214413106,true,false
13,71,-0.15000000000000002,2.9000000000000004,-0.6750462069176137,true,false
14,71,-0.09999999999999998,2.9000000000000004,-0.6779927625320852,true,false
15,71,-0.050000000000000044,2.9000000000000004,-0.6809704913757741,true,false
16,71,0.0,2.9000000000000004,-0.6825762107037008,true,false
17,71,0.050000000000000044,2.9000000000000004,-0.6853831424377859,true,false
18,71,0.09999999999999998,2.9000000000000004,-0.6867202534340322,true,false
19,71,0.15000000000000002,2.9000000000000004,-0.6889071776531637,true,false
20,71,0.19999999999999996,2.9000000000000004,-0.6895611896179616,true,false
21,71,0.25,2.9000000000000004,-0.6897018267773092,true,false
22,71,0.30000000000000004,2.9000000000000004,-0.6937951757572591,true,false
23,71,0.3500000000000001,2.9000000000000004,-0.704444797243923,true,false
24,71,0.40000000000000013,2.9000000000000004,-0.7108498229645193,true,false
25,71,0.44999999999999996,2.9000000000000004,-0.7071560933254659,true,false
26,71,0.5,2.9000000000000004,-0.7163343443535268,true,false
27,71,0.55,2.9000000000000004,-0.7161553932129177,false,true
0,72,-0.8,2.95,-0.6793452515266836,false,true
1,72,-0.75,2.95,-0.6780683858782526,false,true
2,72,-0.7000000000000001,2.95,-0.6765750064514577,false,true
3,72,-0.65,2.95,-0.6763521517375528,false,true
4,72,-0.6000000000000001,2.95,-0.6744214906357229,true,false
5,72,-0.55,2.95,-0.6708813919685781,true,false
6,72,-0.5,2.95,-0.6694864644668996,true,false
7,72,-0.45,2.95,-0.6691257669590414,true,false
8,72,-0.4,2.95,-0.6708813919685781,true,false
9,72,-0.35000000000000003,2.95,-0.671368361916393,true,false
10,72,-0.30000000000000004,2.95,-0.6723710014484823,true,false
11,72,-0.25,2.95,-0.6738322987221181,true,false
12,72,-0.19999999999999996,2.95,-0.6748957647942007,true,false
13,72,-0.15000000000000002,2.95,-0.6757734133861959,true,false
14,72,-0.09999999999999998,2.95,-0.6764684929512441,true,false
15,72,-0.050000000000000044,2.95,-0.6780626787804067,true,false
16,72,0.0,2.95,-0.680898757185787,true,false
17,72,0.050000000000000044,2.95,-0.6845519854687154,true,false
18,72,0.09999999999999998,2.95,-0.686605544295162,true,false
19,72,0.15000000000000002,2.95,-0.6892428710125387,true,false
20,72,0.19999999999999996,2.95,-0.6876137568615377,true,false
21,72,0.25,2.95,-0.6809420301578939,true,false
22,72,0.30000000000000004,2.95,-0.6831267490051687,true,false
23,72,0.3500000000000001,2.95,-0.7008814229629934,true,false
24,72,0.40000000000000013,2.95,-0.7034795298241079,true,false
25,72,0.44999999999999996,2.95,-0.7137720598839223,true,false
26,72,0.5,2.95,-0.7138999416492879,true,false
27,72,0.55,2.95,-0.7107999258510087,false,true
0,73,-0.8,3.0000000000000004,-0.6729705425013874,false,true
1,73,-0.75,3.0000000000000004,-0.6765750064514577,false,true
2,73,-0.7000000000000001,3.0000000000000004,-0.6714946362584416,false,true
3,73,-0.65,3.0000000000000004,-0.6744214906357229,false,true
4,73,-0.6000000000000001,3.0000000000000004,-0.6704836191090884,false,true
5,73,-0.55,3.0000000000000004,-0.6702414765022695,true,false
6,73,-0.5,3.0000000000000004,-0.6664530648849905,true,false
7,73,-0.45,3.0000000000000004,-0.6676998748444021,true,false
8,73,-0.4,3.0000000000000004,-0.668477417435497,true,false
9,73,-0.35000000000000003,3.0000000000000004,-0.6702691330574453,true,false
10,73,-0.30000000000000004,3.0000000000000004,-0.6710968031547964,true,false
11,73,-0.25,3.0000000000000004,-0.6734456135891378,true,false
12,73,-0.19999999999999996,3.0000000000000004,-0.6749566509388387,true,false
13,73,-0.15000000000000002,3.0000000000000004,-0.6761086001060903,true,false
14,73,-0.09999999999999998,3.0000000000000004,-0.6717118634842336,true,false
15,73,-0.050000000000000044,3.0000000000000004,-0.6769664897583425,true,false
16,73,0.0,3.0000000000000004,-0.6792160286568105,true,false
17,73,0.050000000000000044,3.0000000000000004,-0.6833715750835836,true,false
18,73,0.09999999999999998,3.0000000000000004,-0.682140292134136,true,false
19,73,0.15000000000000002,3.0000000000000004,-0.31088143726810813,true,false
20,73,0.19999999999999996,3.0000000000000004,-0.4758813991211355,true,false
21,73,0.25,3.0000000000000004,-0.6734394445084035,true,false
22,73,0.30000000000000004,3.0000000000000004,-0.6680635525844991,true,false
23,73,0.3500000000000001,3.0000000000000004,-0.6708813919685781,true,false
24,73,0.40000000000000013,3.0000000000000004,-0.6858814074657857,true,false
25,73,0.44999999999999996,3.0000000000000004,-0.7008814229629934,true,false
26,73,0.5,3.0000000000000004,-0.7008814229629934,true,false
27,73,0.55,3.0000000000000004,-0.6871208649780863,false,true
0,74,-0.8,3.0500000000000003,-0.6604452783790175,false,true
1,74,-0.75,3.0500000000000003,-0.6537600173614919,false,true
2,74,-0.7000000000000001,3.0500000000000003,-0.6587546970297035,false,true
3,74,-0.65,3.0500000000000003,-0.655313195195049,false,true
4,74,-0.6000000000000001,3.0500000000000003,-0.6627361587528793,false,true
5,74,-0.55,3.0500000000000003,-0.6648592962883413,true,false
6,74,-0.5,3.0500000000000003,-0.6654700948856771,true,false
7,74,-0.45,3.0500000000000003,-0.6667538299225271,true,false
8,74,-0.4,3.0500000000000003,-0.6670356704853475,true,false
9,74,-0.35000000000000003,3.0500000000000003,-0.6687727286480367,true,false
10,74,-0.30000000000000004,3.0500000000000003,-0.6708813919685781,true,false
11,74,-0.25,3.0500000000000003,-0.6722108735702932,true,false
12,74,-0.19999999999999996,3.0500000000000003,-0.6738235666416585,true,false
13,74,-0.15000000000000002,3.0500000000000003,-0.673057974781841,true,false
14,74,-0.09999999999999998,3.0500000000000003,-0.6722812666557729,true,false
15,74,-0.050000000000000044,3.0500000000000003,-0.6785293235443532,true,false
16,74,0.0,3.0500000000000003,-0.6803607954643667,true,false
17,74,0.050000000000000044,3.0500000000000003,-0.6827936782501638,true,false
18,74,0.09999999999999998,3.0500000000000003,-0.6708813919685781,true,false
19,74,0.15000000000000002,3.0500000000000003,-0.31088143726810813,true,false
20,74,0.19999999999999996,3.0500000000000003,-0.6676325812004507,true,false
21,74,0.25,3.0500000000000003,-0.6708813919685781,true,false
22,74,0.30000000000000004,3.0500000000000003,-0.6708813919685781,true,false
23,74,0.3500000000000001,3.0500000000000003,-0.6408814205788076,true,false
24,74,0.40000000000000013,3.0500000000000003,-0.6108813895843923,true,false
25,74,0.44999999999999996,3.0500000000000003,-0.6408814205788076,true,false
26,74,0.5,3.0500000000000003,-0.6408814205788076,true,false
27,74,0.55,3.0500000000000003,-0.6760286082330456,false,true
0,75,-0.8,3.1,-0.6537699371055661,false,true
1,75,-0.75,3.1,-0.6537699371055661,false,true
2,75,-0.7000000000000001,3.1,-0.6537600173614919,false,true
3,75,-0.65,3.1,-0.6550184657196777,false,true
4,75,-0.6000000000000001,3.1,-0.655313195195049,true,false
5,75,-0.55,3.1,-0.6627259268425405,true,false
6,75,-0.5,3.1,-0.6633917703293264,true,false
7,75,-0.45,3.1,-0.6645642532967031,true,false
8,75,-0.4,3.1,-0.6653964831493795,true,false
9,75,-0.35000000000000003,3.1,-0.6672372831963003,true,false
10,75,-0.30000000000000004,3.1,-0.6689417674206197,true,false
11,75,-0.25,3.1,-0.6708813919685781,true,false
12,75,-0.19999999999999996,3.1,-0.6719015552662313,true,false
13,75,-0.15000000000000002,3.1,-0.6734309806488454,true,false
14,75,-0.09999999999999998,3.1,-0.676999272312969,true,false
15,75,-0.050000000000000044,3.1,-0.6810501827858388,true,false
16,75,0.0,3.1,-0.6821750118397176,true,false
17,75,0.050000000000000044,3.1,-0.6828013374470174,true,false
18,75,0.09999999999999998,3.1,-0.6766569628380239,true,false
19,75,0.15000000000000002,3.1,-0.32787892362102866,true,false
20,75,0.19999999999999996,3.1,-0.6564538492821157,true,false
21,75,0.25,3.1,-0.6664266004227102,true,false
22,75,0.30000000000000004,3.1,-0.6774851097725332,true,false
23,75,0.3500000000000001,3.1,-0.6708813919685781,true,false
24,75,0.40000000000000013,3.1,-0.6108813895843923,true,false
25,75,0.44999999999999996,3.1,-0.6408814205788076,true,false
26,75,0.5,3.1,-0.7008814229629934,true,false
27,75,0.55,3.1,-0.6833078291358744,false,true
0,76,-0.8,3.1500000000000004,-0.6537822637831584,false,true
1,76,-0.75,3.1500000000000004,-0.6537798568496401,false,true
2,76,-0.7000000000000001,3.1500000000000004,-0.6537839657421709,false,true
3,76,-0.65,3.1500000000000004,-0.6537600173614919,true,false
4,76,-0.6000000000000001,3.1500000000000004,-0.6563813700340688,true,false
5,76,-0.55,3.1500000000000004,-0.6606595530174673,true,false
6,76,-0.5,3.1500000000000004,-0.6609425260685384,true,false
7,76,-0.45,3.1500000000000004,-0.662267507519573,true,false
8,76,-0.4,3.1500000000000004,-0.6636880054138601,true,false
9,76,-0.35000000000000003,3.1500000000000004,-0.6655947580002248,true,false
10,76,-0.30000000000000004,3.1500000000000004,-0.6684249653480947,true,false
11,76,-0.25,3.1500000000000004,-0.6708813919685781,true,false
12,76,-0.19999999999999996,3.1500000000000004,-0.6728172316215932,true,false
13,76,-0.15000000000000002,3.1500000000000004,-0.6751250638626516,true,false
14,76,-0.09999999999999998,3.1500000000000004,-0.6788950874470174,true,false
15,76,-0.050000000000000044,3.1500000000000004,-0.6805891110561788,true,false
16,76,0.0,3.1500000000000004,-0.6800497486256063,true,false
17,76,0.050000000000000044,3.1500000000000004,-0.6801220490597188,true,false
18,76,0.09999999999999998,3.1500000000000004,-0.6817712797783315,true,false
19,76,0.15000000000000002,3.1500000000000004,-0.6708813919685781,true,false
20,76,0.19999999999999996,3.1500000000000004,-0.6613223566673696,true,false
21,76,0.25,3.1500000000000004,-0.6708813919685781,true,false
22,76,0.30000000000000004,3.1500000000000004,-0.6816621436737478,true,false
23,76,0.3500000000000001,3.1500000000000004,-0.6950721754692495,true,false
24,76,0.40000000000000013,3.1500000000000004,-0.7008814229629934,true,false
25,76,0.44999999999999996,3.1500000000000004,-0.7008814229629934,true,false
26,76,0.5,3.1500000000000004,-0.7008814229629934,true,false
27,76,0.55,3.1500000000000004,-0.7008814229629934,false,true
0,77,-0.8,3.2,-0.6537955874452577,false,true
1,77,-0.75,3.2,-0.6537979943787758,false,true
2,77,-0.7000000000000001,3.2,-0.6537938854862451,false,true
3,77,-0.65,3.2,-0.653817833866924,true,false
4,77,-0.6000000000000001,3.2,-0.6571273221634328,true,false
5,77,-0.55,3.2,-0.6594750895164907,true,false
6,77,-0.5,3.2,-0.6600473537109792,true,false
7,77,-0.45,3.2,-0.6611816002987325,true,false
8,77,-0.4,3.2,-0.6631429805420339,true,false
9,77,-0.35000000000000003,3.2,-0.6673762812279165,true,false
10,77,-0.30000000000000004,3.2,-0.6694313897751272,true,false
11,77,-0.25,3.2,-0.6711253537796438,true,false
12,77,-0.19999999999999996,3.2,-0.6729217185638845,true,false
13,77,-0.15000000000000002,3.2,-0.6749608530662954,true,false
14,77,-0.09999999999999998,3.2,-0.6755542769096792,true,false
15,77,-0.050000000000000044,3.2,-0.6755805029533803,true,false
16,77,0.0,3.2,-0.6755687012337148,true,false
17,77,0.050000000000000044,3.2,-0.6763461246155202,true,false
18,77,0.09999999999999998,3.2,-0.6766915335319936,true,false
19,77,0.15000000000000002,3.2,-0.676115573849529,true,false
20,77,0.19999999999999996,3.2,-0.6708813919685781,true,false
21,77,0.25,3.2,-0.6598857357166708,true,false
22,77,0.30000000000000004,3.2,-0.681599588599056,true,false
23,77,0.3500000000000001,3.2,-0.7001662268303335,true,false
24,77,0.40000000000000013,3.2,-0.7084920420311391,true,false
25,77,0.44999999999999996,3.2,-0.7064905478619039,true,false
26,77,0.5,3.2,-0.7069277505563466,false,true
27,77,0.55,3.2,-0.7008814229629934,false,true
0,78,-0.8,3.2500000000000004,-0.65380791412285,false,true
1,78,-0.75,3.2500000000000004,-0.6538079141228499,false,true
2,78,-0.7000000000000001,3.2500000000000004,-0.653817833866924,false,true
3,78,-0.65,3.2500000000000004,-0.657976037773966,false,true
4,78,-0.6000000000000001,3.2500000000000004,-0.6587853445671499,true,false
5,78,-0.55,3.2500000000000004,-0.6603056802414358,true,false
6,78,-0.5,3.2500000000000004,-0.6604360952042043,true,false
7,78,-0.45,3.2500000000000004,-0.6611306383274496,true,false
8,78,-0.4,3.2500000000000004,-0.6635776474140584,true,false
9,78,-0.35000000000000003,3.2500000000000004,-0.6658054604195058,true,false
10,78,-0.30000000000000004,3.2500000000000004,-0.6688710465095937,true,false
11,78,-0.25,3.2500000000000004,-0.6708813919685781,true,false
12,78,-0.19999999999999996,3.2500000000000004,-0.6722804917953908,true,false
13,78,-0.15000000000000002,3.2500000000000004,-0.6731576337479055,true,false
14,78,-0.09999999999999998,3.2500000000000004,-0.6722430600784719,true,false
15,78,-0.050000000000000044,3.2500000000000004,-0.6708813919685781,true,false
16,78,0.0,3.2500000000000004,-0.6708813919685781,true,false
17,78,0.050000000000000044,3.2500000000000004,-0.6710835709236562,true,false
18,78,0.09999999999999998,3.2500000000000004,-0.6728867306374013,true,false
19,78,0.15000000000000002,3.2500000000000004,-0.6726386263035238,true,false
20,78,0.19999999999999996,3.2500000000000004,-0.6708813919685781,true,false
21,78,0.25,3.2500000000000004,-0.6708813919685781,true,false
22,78,0.30000000000000004,3.2500000000000004,-0.6826688959263265,true,false
23,78,0.3500000000000001,3.2500000000000004,-0.6932061924599111,true,false
24,78,0.40000000000000013,3.2500000000000004,-0.7008814229629934,true,false
25,78,0.44999999999999996,3.2500000000000004,-0.7221431746147573,true,false
26,78,0.5,3.2500000000000004,-0.7156596443269615,false,true
27,78,0.55,3.2500000000000004,-0.7108655521794671,false,true
0,79,-0.8,3.3000000000000003,-0.6538137249743933,false,true
1,79,-0.75,3.3000000000000003,-0.653817833866924,false,true
2,79,-0.7000000000000001,3.3000000000000003,-0.65959349016154,false,true
3,79,-0.65,3.3000000000000003,-0.6629250223486507,false,true
4,79,-0.6000000000000001,3.3000000000000003,-0.6635608091019094,true,false
5,79,-0.55,3.3000000000000003,-0.6620762362144887,true,false
6,79,-0.5,3.3000000000000003,-0.6607967629097402,true,false
7,79,-0.45,3.3000000000000003,-0.661205084528774,true,false
8,79,-0.4,3.3000000000000003,-0.6622914089821279,true,false
9,79,-0.35000000000000003,3.3000000000000003,-0.6642525210045278,true,false
10,79,-0.30000000000000004,3.3000000000000003,-0.6671851887367666,true,false
11,79,-0.25,3.3000000000000003,-0.6697706594131887,true,false
12,79,-0.19999999999999996,3.3000000000000003,-0.6708813919685781,true,false
13,79,-0.15000000000000002,3.3000000000000003,-0.6727608754299581,true,false
14,79,-0.09999999999999998,3.3000000000000003,-0.6711175455711782,true,false
15,79,-0.050000000000000044,3.3000000000000003,-0.6703419699333608,true,false
16,79,0.0,3.3000000000000003,-0.668659599032253,true,false
17,79,0.050000000000000044,3.3000000000000003,-0.6693701162002981,true,false
18,79,0.09999999999999998,3.3000000000000003,-0.6702515496872365,true,false
19,79,0.15000000000000002,3.3000000000000003,-0.6701861633919179,true,false
20,79,0.19999999999999996,3.3000000000000003,-0.6685081138275564,true,false
21,79,0.25,3.3000000000000003,-0.6704963161610067,true,false
22,79,0.30000000000000004,3.3000000000000003,-0.6708813919685781,true,false
23,79,0.3500000000000001,3.3000000000000003,-0.6558814062736928,true,false
24,79,0.40000000000000013,3.3000000000000003,-0.6539793624542654,true,false
25,79,0.44999999999999996,3.3000000000000003,-0.6914099425488645,false,true
26,79,0.5,3.3000000000000003,-0.7221431746147574,false,true
27,79,0.55,3.3000000000000003,-0.7140167696805929,false,true
0,80,-0.8,3.35,-0.653817833866924,false,true
1,80,-0.75,3.35,-0.6602327140834713,false,true
2,80,-0.7000000000000001,3.35,-0.6641652288793931,false,true
3,80,-0.65,3.35,-0.664667456010071,false,true
4,80,-0.6000000000000001,3.35,-0.6661655618809164,true,false
5,80,-0.55,3.35,-0.6647137119434774,true,false
6,80,-0.5,3.35,-0.6622827067039907,true,false
7,80,-0.45,3.35,-0.6607445194385946,true,false
8,80,-0.4,3.35,-0.6609147205017507,true,false
9,80,-0.35000000000000003,3.35,-0.6626788391731679,true,false
10,80,-0.30000000000000004,3.35,-0.6662259711883962,true,false
11,80,-0.25,3.35,-0.6705963923595846,true,false
12,80,-0.19999999999999996,3.35,-0.6725134863518178,true,false
13,80,-0.15000000000000002,3.35,-0.6727894856594503,true,false
14,80,-0.09999999999999998,3.35,-0.6708813919685781,true,false
15,80,-0.050000000000000044,3.35,-0.6680872454307973,true,false
16,80,0.0,3.35,-0.6674555554054677,true,false
17,80,0.050000000000000044,3.35,-0.6691416813991964,true,false
18,80,0.09999999999999998,3.35,-0.6699097766540945,true,false
19,80,0.15000000000000002,3.35,-0.6685273959301412,true,false
20,80,0.19999999999999996,3.35,-0.6661407365463674,true,false
21,80,0.25,3.35,-0.664079190697521,true,false
22,80,0.30000000000000004,3.35,-0.6408814205788076,true,false
23,80,0.3500000000000001,3.35,-0.6408814205788076,true,false
24,80,0.40000000000000013,3.35,-0.6654553201759931,false,true
25,80,0.44999999999999996,3.35,-0.6808488810742238,false,true
26,80,0.5,3.35,-0.7008814229629934,false,true
27,80,0.55,3.35,-0.7087154790646935,false,true
0,81,-0.8,3.4,-0.6603151472344716,false,true
1,81,-0.75,3.4,-0.6642320705676225,false,true
2,81,-0.7000000000000001,3.4,-0.664382532850017,false,true
3,81,-0.65,3.4,-0.6646951789905391,false,true
4,81,-0.6000000000000001,3.4,-0.6636554612778127,true,false
5,81,-0.55,3.4,-0.6619271649979055,true,false
6,81,-0.5,3.4,-0.6632350697182119,true,false
7,81,-0.45,3.4,-0.6610992266796529,true,false
8,81,-0.4,3.4,-0.658441515173763,true,false
9,81,-0.35000000000000003,3.4,-0.6596948816441,true,false
10,81,-0.30000000000000004,3.4,-0.6634763195179403,true,false
11,81,-0.25,3.4,-0.6708483709953725,true,false
12,81,-0.19999999999999996,3.4,-0.6709858789108694,true,false
13,81,-0.15000000000000002,3.4,-0.6708813919685781,true,false
14,81,-0.09999999999999998,3.4,-0.6680469526909292,true,false
15,81,-0.050000000000000044,3.4,-0.6658441438339651,true,false
16,81,0.0,3.4,-0.6655123545788229,true,false
17,81,0.050000000000000044,3.4,-0.6667421176098287,true,false
18,81,0.09999999999999998,3.4,-0.6675210311077535,true,false
19,81,0.15000000000000002,3.4,-0.6659994437359273,true,false
20,81,0.19999999999999996,3.4,-0.6584656252525747,true,false
21,81,0.25,3.4,-0.6568281664513052,true,false
22,81,0.30000000000000004,3.4,-0.6589503600262105,true,false
23,81,0.3500000000000001,3.4,-0.6708813919685781,true,false
24,81,0.40000000000000013,3.4,-0.6793881072662771,true,false
25,81,0.44999999999999996,3.4,-0.7008814229629934,true,false
26,81,0.5,3.4,-0.7063668119020456,false,true
27,81,0.55,3.4,-0.705425667949887,false,true
0,82,-0.8,3.4500000000000006,-0.6640386937117482,false,true
1,82,-0.75,3.4500000000000006,-0.6640468029683282,false,true
2,82,-0.7000000000000001,3.4500000000000006,-0.6640861264554635,false,true
3,82,-0.65,3.4500000000000006,-0.6636554612778127,false,true
4,82,-0.6000000000000001,3.4500000000000006,-0.6629395775188761,false,true
5,82,-0.55,3.4500000000000006,-0.6628164476818227,false,true
6,82,-0.5,3.4500000000000006,-0.6622264193523362,false,true
7,82,-0.45,3.4500000000000006,-0.6597903501143246,false,true
8,82,-0.4,3.4500000000000006,-0.6577896787784994,true,false
9,82,-0.35000000000000003,3.4500000000000006,-0.6588342203758657,true,false
10,82,-0.30000000000000004,3.4500000000000006,-0.662290723528713,true,false
11,82,-0.25,3.4500000000000006,-0.6669989242218435,true,false
12,82,-0.19999999999999996,3.4500000000000006,-0.6684692814014852,true,false
13,82,-0.15000000000000002,3.4500000000000006,-0.6680356278084219,true,false
14,82,-0.09999999999999998,3.4500000000000006,-0.6658445908688009,true,false
15,82,-0.050000000000000044,3.4500000000000006,-0.6634488119743764,true,false
16,82,0.0,3.4500000000000006,-0.6622600867412984,true,false
17,82,0.050000000000000044,3.4500000000000006,-0.6623948230408132,true,false
18,82,0.09999999999999998,3.4500000000000006,-0.6626159562729299,true,false
19,82,0.15000000000000002,3.4500000000000006,-0.6611954583786428,true,false
20,82,0.19999999999999996,3.4500000000000006,-0.6515852524898946,true,false
21,82,0.25,3.4500000000000006,-0.6519083096645772,true,false
22,82,0.30000000000000004,3.4500000000000006,-0.6708813919685781,true,false
23,82,0.3500000000000001,3.4500000000000006,-0.6886873259209096,true,false
24,82,0.40000000000000013,3.4500000000000006,-0.7008814229629934,true,false
25,82,0.44999999999999996,3.4500000000000006,-0.7141243233345449,true,false
26,82,0.5,3.4500000000000006,-0.7086389343954925,false,true
27,82,0.55,3.4500000000000006,-0.7095800783476511,false,true
0,83,-0.8,3.5000000000000004,-0.6638439730680049,false,true
1,83,-0.75,3.5000000000000004,-0.6638338486352375,false,true
2,83,-0.7000000000000001,3.5000000000000004,-0.6636554612778127,false,true
3,83,-0.65,3.5000000000000004,-0.6633589325157785,false,true
4,83,-0.6000000000000001,3.5000000000000004,-0.6631131911230208,false,true
5,83,-0.55,3.5000000000000004,-0.6626796962795148,false,true
6,83,-0.5,3.5000000000000004,-0.660446355006777,false,true
7,83,-0.45,3.5000000000000004,-0.6585360029773872,false,true
8,83,-0.4,3.5000000000000004,-0.6586728109978139,true,false
9,83,-0.35000000000000003,3.5000000000000004,-0.657264621462673,true,false
10,83,-0.30000000000000004,3.5000000000000004,-0.6581987752579153,true,false
11,83,-0.25,3.5000000000000004,-0.662640483584255,true,false
12,83,-0.19999999999999996,3.5000000000000004,-0.6661062850616872,true,false
13,83,-0.15000000000000002,3.5000000000000004,-0.6705297245644033,true,false
14,83,-0.09999999999999998,3.5000000000000004,-0.6708813919685781,true,false
15,83,-0.050000000000000044,3.5000000000000004,-0.6681342734955251,true,false
16,83,0.0,3.5000000000000004,-0.6693076505325735,true,false
17,83,0.050000000000000044,3.5000000000000004,-0.6679117693565786,true,false
18,83,0.09999999999999998,3.5000000000000004,-0.6702100648544729,true,false
19,83,0.15000000000000002,3.5000000000000004,-0.6704551293514669,true,false
20,83,0.19999999999999996,3.5000000000000004,-0.6591693576022404,false,true
21,83,0.25,3.5000000000000004,-0.657370775555655,false,true
22,83,0.30000000000000004,3.5000000000000004,-0.6705395421310248,false,true
23,83,0.3500000000000001,3.5000000000000004,-0.692631115235528,false,true
24,83,0.40000000000000013,3.5000000000000004,-0.7061204328201711,true,false
25,83,0.44999999999999996,3.5000000000000004,-0.7077086047931199,false,true
26,83,0.5,3.5000000000000004,-0.7141243233345448,false,true
27,83,0.55,3.5000000000000004,-0.711852200841098,false,true
0,84,-0.8,3.5500000000000003,-0.663729351740614,false,true
1,84,-0.75,3.5500000000000003,-0.6636554612778127,false,true
2,84,-0.7000000000000001,3.5500000000000003,-0.6635326350429445,false,true
3,84,-0.65,3.5500000000000003,-0.663373807791841,false,true
4,84,-0.6000000000000001,3.5500000000000003,-0.6630581994104878,false,true
5,84,-0.55,3.5500000000000003,-0.6608146579994354,false,true
6,84,-0.5,3.5500000000000003,-0.6588555446077852,false,true
7,84,-0.45,3.5500000000000003,-0.6589165218336662,false,true
8,84,-0.4,3.5500000000000003,-0.6590888514183462,true,false
9,84,-0.35000000000000003,3.5500000000000003,-0.6579279317520559,true,false
10,84,-0.30000000000000004,3.5500000000000003,-0.6563102616928518,true,false
11,84,-0.25,3.5500000000000003,-0.6668460383079946,true,false
12,84,-0.19999999999999996,3.5500000000000003,-0.6708813919685781,true,false
13,84,-0.15000000000000002,3.5500000000000003,-0.6821241988800466,true,false
14,84,-0.09999999999999998,3.5500000000000003,-0.6975443377159536,true,false
15,84,-0.050000000000000044,3.5500000000000003,-0.6829956485889852,true,false
16,84,0.0,3.5500000000000003,-0.6719532026909292,true,false
17,84,0.050000000000000044,3.5500000000000003,-0.673088492359966,true,false
18,84,0.09999999999999998,3.5500000000000003,-0.6846993281506002,true,false
19,84,0.15000000000000002,3.5500000000000003,-0.6810454789157137,false,true
20,84,0.19999999999999996,3.5500000000000003,-0.6704551293514669,false,true
21,84,0.25,3.5500000000000003,-0.6643029334509944,false,true
22,84,0.30000000000000004,3.5500000000000003,-0.6828089174726176,false,true
23,84,0.3500000000000001,3.5500000000000003,-0.7061204328201711,false,true
24,84,0.40000000000000013,3.5500000000000003,-0.7061204328201711,false,true
25,84,0.44999999999999996,3.5500000000000003,-0.7061204328201711,false,true
26,84,0.5,3.5500000000000003,-0.709491891142231,false,true
27,84,0.55,3.5500000000000003,-0.7141243233345448,false,true
0,85,-0.8,3.6,-0.6636554612778127,false,true
1,85,-0.75,3.6,-0.6636045849855151,false,true
2,85,-0.7000000000000001,3.6,-0.6635220905894187,false,true
3,85,-0.65,3.6,-0.6633278876619529,false,true
4,85,-0.6000000000000001,3.6,-0.6610544329341393,false,true
5,85,-0.55,3.6,-0.658990950353295,false,true
6,85,-0.5,3.6,-0.6590174701671736,false,true
7,85,-0.45,3.6,-0.6590888514183462,false,true
8,85,-0.4,3.6,-0.6586079827477431,false,true
9,85,-0.35000000000000003,3.6,-0.657794152659281,false,true
10,85,-0.30000000000000004,3.6,-0.6598699238089789,false,true
11,85,-0.25,3.6,-0.6754684899986813,false,true
12,85,-0.19999999999999996,3.6,-0.7008814229629934,true,false
13,85,-0.15000000000000002,3.6,-0.7008814229629934,true,false
14,85,-0.09999999999999998,3.6,-0.7038555755279958,true,false
15,85,-0.050000000000000044,3.6,-0.7034958912990987,true,false
16,85,0.0,3.6,-0.7008814229629934,true,false
17,85,0.050000000000000044,3.6,-0.7028954639099538,true,false
18,85,0.09999999999999998,3.6,-0.7016905858181417,true,false
19,85,0.15000000000000002,3.6,-0.6946525764504702,false,true
20,85,0.19999999999999996,3.6,-0.6862048055769593,false,true
21,85,0.25,3.6,-0.6704551293514669,false,true
22,85,0.30000000000000004,3.6,-0.7061204328201711,false,true
23,85,0.3500000000000001,3.6,-0.706120432820171,false,true
24,85,0.40000000000000013,3.6,-0.706120432820171,false,true
25,85,0.44999999999999996,3.6,-0.706120432820171,false,true
26,85,0.5,3.6,-0.7061204328201711,false,true
27,85,0.55,3.6,-0.7099576924467887,false,true
0,86,-0.8,3.65,-0.6636343876275398,false,true
1,86,-0.75,3.65,-0.6635953242573207,false,true
2,86,-0.7000000000000001,3.65,-0.663489371918097,false,true
3,86,-0.65,3.65,-0.661203247624896,false,true
4,86,-0.6000000000000001,3.65,-0.6590479297737751,false,true
5,86,-0.55,3.65,-0.6590592843360114,false,true
6,86,-0.5,3.65,-0.6590888514183462,false,true
7,86,-0.45,3.65,-0.6588896690932621,false,true
8,86,-0.4,3.65,-0.6585104606063257,false,true
9,86,-0.35000000000000003,3.65,-0.658640497267013,false,true
10,86,-0.30000000000000004,3.65,-0.6746825763579442,false,true
11,86,-0.25,3.65,-0.7008814229629934,false,true
12,86,-0.19999999999999996,3.65,-0.7069417234155716,false,true
13,86,-0.15000000000000002,3.65,-0.7172873034141958,true,false
14,86,-0.09999999999999998,3.65,-0.7136510624550283,true,false
15,86,-0.050000000000000044,3.65,-0.7107748999260366,true,false
16,86,0.0,3.65,-0.7147699608467519,true,false
17,86,0.050000000000000044,3.65,-0.7088162316940725,true,false
18,86,0.09999999999999998,3.65,-0.7046375044253411,false,true
19,86,0.15000000000000002,3.65,-0.7016905858181417,false,true
20,86,0.19999999999999996,3.65,-0.6987753468859432,false,true
21,86,0.25,3.65,-0.6915073393665022,false,true
22,86,0.30000000000000004,3.65,-0.6956743072872638,false,true
23,86,0.3500000000000001,3.65,-0.706120432820171,false,true
24,86,0.40000000000000013,3.65,-0.706120432820171,false,true
25,86,0.44999999999999996,3.65,-0.706120432820171,false,true
26,86,0.5,3.65,-0.706120432820171,false,true
27,86,0.55,3.65,-0.7061204328201711,false,true
0,87,-0.8,3.7000000000000006,-0.6636182070498031,false,true
1,87,-0.75,3.7000000000000006,-0.6635757329318858,false,true
2,87,-0.7000000000000001,3.7000000000000006,-0.6617418950128258,false,true
3,87,-0.65,3.7000000000000006,-0.6590647269409964,false,true
4,87,-0.6000000000000001,3.7000000000000006,-0.6590766043318433,false,true
5,87,-0.55,3.7000000000000006,-0.6590888514183462,false,true
6,87,-0.5,3.7000000000000006,-0.6590063473979114,false,true
7,87,-0.45,3.7000000000000006,-0.6588369406512465,false,true
8,87,-0.4,3.7000000000000006,-0.6586596150567784,false,true
9,87,-0.35000000000000003,3.7000000000000006,-0.6743080698496001,false,true
10,87,-0.30000000000000004,3.7000000000000006,-0.7008814229629934,false,true
11,87,-0.25,3.7000000000000006,-0.7085246973772295,false,true
12,87,-0.19999999999999996,3.7000000000000006,-0.7172873034141957,false,true
13,87,-0.15000000000000002,3.7000000000000006,-0.715781123092852,false,true
14,87,-0.09999999999999998,3.7000000000000006,-0.7138736842729931,false,true
15,87,-0.050000000000000044,3.7000000000000006,-0.7131644230409252,false,true
16,87,0.0,3.7000000000000006,-0.7140745534561574,true,false
17,87,0.050000000000000044,3.7000000000000006,-0.712313782690248,false,true
18,87,0.09999999999999998,3.7000000000000006,-0.7088162316940724,false,true
19,87,0.15000000000000002,3.7000000000000006,-0.705092532158304,false,true
20,87,0.19999999999999996,3.7000000000000006,-0.7016905858181417,false,true
21,87,0.25,3.7000000000000006,-0.7004830543148669,false,true
22,87,0.30000000000000004,3.7000000000000006,-0.6983832128042525,false,true
23,87,0.3500000000000001,3.7000000000000006,-0.7030608334887084,false,true
24,87,0.40000000000000013,3.7000000000000006,-0.706120432820171,false,true
25,87,0.44999999999999996,3.7000000000000006,-0.706120432820171,false,true
26,87,0.5,3.7000000000000006,-0.706120432820171,false,true
27,87,0.55,3.7000000000000006,-0.706120432820171,false,true
