grid_x,grid_y,local_x_m,local_y_m,height_m,measured,interpolated
0,0,-0.65,-0.5,-0.729224219359264,false,true
1,0,-0.6,-0.5,-0.7309311312206859,false,true
2,0,-0.55,-0.5,-0.7332904354572048,false,true
3,0,-0.5,-0.5,-0.7361014111061361,false,true
4,0,-0.45,-0.5,-0.7390733979155316,false,true
5,0,-0.4,-0.5,-0.7419792836985599,false,true
6,0,-0.35,-0.5,-0.7446533475958741,false,true
7,0,-0.3,-0.5,-0.747113196856405,false,true
8,0,-0.25,-0.5,-0.749609577480654,false,true
9,0,-0.2,-0.5,-0.752288343283026,false,true
10,0,-0.15000000000000002,-0.5,-0.7549644581740994,false,true
11,0,-0.09999999999999998,-0.5,-0.7575391259416562,false,true
12,0,-0.04999999999999993,-0.5,-0.7606554943284932,false,true
13,0,0.0,-0.5,-0.7655757099233681,false,true
14,0,0.050000000000000044,-0.5,-0.7729248650295953,false,true
15,0,0.09999999999999998,-0.5,-0.7814641432445443,true,false
16,0,0.15000000000000002,-0.5,-0.7887518201875058,false,true
17,0,0.20000000000000007,-0.5,-0.79323252923951,false,true
18,0,0.25,-0.5,-0.7951738533951491,false,true
19,0,0.30000000000000004,-0.5,-0.7958484714135885,false,true
20,0,0.35,-0.5,-0.7964807968642258,false,true
21,0,0.4,-0.5,-0.7977854360161895,false,true
22,0,0.45000000000000007,-0.5,-0.7998528334080415,false,true
23,0,0.5000000000000001,-0.5,-0.8021856974476711,false,true
24,0,0.5500000000000002,-0.5,-0.804075965967252,false,true
25,0,0.6,-0.5,-0.8051925651354146,false,true
26,0,0.65,-0.5,-0.8057011282962604,false,true
0,1,-0.65,-0.45,-0.7285741697878206,false,true
1,1,-0.6,-0.45,-0.7301165304069123,false,true
2,1,-0.55,-0.45,-0.7323347276635188,false,true
3,1,-0.5,-0.45,-0.7350437471991655,false,true
4,1,-0.45,-0.45,-0.7379203207755333,false,true
5,1,-0.4,-0.45,-0.740762878616837,false,true
6,1,-0.35,-0.45,-0.7435030457438357,false,true
7,1,-0.3,-0.45,-0.7461603164492191,false,true
8,1,-0.25,-0.45,-0.7488599449371977,false,true
9,1,-0.2,-0.45,-0.75165512810723,false,true
10,1,-0.15000000000000002,-0.45,-0.7543581726844801,false,true
11,1,-0.09999999999999998,-0.45,-0.7568335248971021,false,true
12,1,-0.04999999999999993,-0.45,-0.7596491093012695,false,true
13,1,0.0,-0.45,-0.7641977477233064,false,true
14,1,0.050000000000000044,-0.45,-0.7714871077038262,true,false
15,1,0.09999999999999998,-0.45,-0.7804405075946377,true,false
16,1,0.15000000000000002,-0.45,-0.788287050696287,true,false
17,1,0.20000000000000007,-0.45,-0.793133944511374,false,true
18,1,0.25,-0.45,-0.7953034749954357,false,true
19,1,0.30000000000000004,-0.45,-0.7962718405399575,false,true
20,1,0.35,-0.45,-0.7972921868078557,false,true
21,1,0.4,-0.45,-0.7989097575234636,false,true
22,1,0.45000000000000007,-0.45,-0.801015117823685,false,true
23,1,0.5000000000000001,-0.45,-0.8030818925628537,false,true
24,1,0.5500000000000002,-0.45,-0.804588023109503,false,true
25,1,0.6,-0.45,-0.8054021219627068,false,true
26,1,0.65,-0.45,-0.8057400593982967,false,true
0,2,-0.65,-0.4,-0.7278694564734995,false,true
1,2,-0.6,-0.4,-0.729230320375374,false,true
2,2,-0.55,-0.4,-0.7312797022027947,false,true
3,2,-0.5,-0.4,-0.7338534535833562,false,true
4,2,-0.45,-0.4,-0.7365832407529933,false,true
5,2,-0.4,-0.4,-0.7392663155632612,false,true
6,2,-0.35,-0.4,-0.7419561141592299,false,true
7,2,-0.3,-0.4,-0.7447556490960674,false,true
8,2,-0.25,-0.4,-0.7477023415886166,false,true
9,2,-0.2,-0.4,-0.7507054858468547,false,true
10,2,-0.15000000000000002,-0.4,-0.7535140771236798,false,true
11,2,-0.09999999999999998,-0.4,-0.7559506893107211,false,true
12,2,-0.04999999999999993,-0.4,-0.7585059484968321,true,false
13,2,0.0,-0.4,-0.7626456728171946,true,false
14,2,0.050000000000000044,-0.4,-0.7697310481614855,true,false
15,2,0.09999999999999998,-0.4,-0.7789674992629505,true,false
16,2,0.15000000000000002,-0.4,-0.7874308924250205,true,false
17,2,0.20000000000000007,-0.4,-0.7929055598593442,false,true
18,2,0.25,-0.4,-0.795622323393169,false,true
19,2,0.30000000000000004,-0.4,-0.7971234836844545,false,true
20,2,0.35,-0.4,-0.7986217019615821,false,true
21,2,0.4,-0.4,-0.800475893696544,false,true
22,2,0.45000000000000007,-0.4,-0.8024346468070992,false,true
23,2,0.5000000000000001,-0.4,-0.804052358718197,false,true
24,2,0.5500000000000002,-0.4,-0.8050583592172668,false,true
25,2,0.6,-0.4,-0.8055093535759902,false,true
26,2,0.65,-0.4,-0.8056406805883023,false,true
0,3,-0.65,-0.35,-0.7272273780724331,false,true
1,3,-0.6,-0.35,-0.7284232893278839,false,true
2,3,-0.55,-0.35,-0.7303154036496068,false,true
3,3,-0.5,-0.35,-0.7327595115652825,false,true
4,3,-0.45,-0.35,-0.7353250832397188,false,true
5,3,-0.4,-0.35,-0.7377593509126389,false,true
6,3,-0.35,-0.35,-0.7402256023760457,false,true
7,3,-0.3,-0.35,-0.7429960189091074,false,true
8,3,-0.25,-0.35,-0.7461127016263134,true,false
9,3,-0.2,-0.35,-0.7493314706052274,true,false
10,3,-0.15000000000000002,-0.35,-0.752282204748769,true,false
11,3,-0.09999999999999998,-0.35,-0.7547521418417923,true,false
12,3,-0.04999999999999993,-0.35,-0.7571600221800017,true,false
13,3,0.0,-0.35,-0.760915542795004,true,false
14,3,0.050000000000000044,-0.35,-0.767602397783828,true,false
15,3,0.09999999999999998,-0.35,-0.7768836962970338,true,false
16,3,0.15000000000000002,-0.35,-0.7860308421202316,true,false
17,3,0.20000000000000007,-0.35,-0.7925357350070195,true,false
18,3,0.25,-0.35,-0.796229495676368,false,true
19,3,0.30000000000000004,-0.35,-0.7984620158173361,false,true
20,3,0.35,-0.35,-0.800360362030959,false,true
21,3,0.4,-0.35,-0.8022033527304592,false,true
22,3,0.45000000000000007,-0.35,-0.8037678811306587,false,true
23,3,0.5000000000000001,-0.35,-0.8048061865417988,false,true
24,3,0.5500000000000002,-0.35,-0.8052870392011489,false,true
25,3,0.6,-0.35,-0.8053835049782468,false,true
26,3,0.65,-0.35,-0.8053125468344388,false,true
0,4,-0.65,-0.3,-0.7267141474677873,false,true
1,4,-0.6,-0.3,-0.7277595951963147,false,true
2,4,-0.55,-0.3,-0.7295089913789307,false,true
3,4,-0.5,-0.3,-0.7318525671725614,false,true
4,4,-0.45,-0.3,-0.7342989221372949,false,true
5,4,-0.4,-0.3,-0.7364852210496645,false,true
6,4,-0.35,-0.3,-0.7386118191995301,true,false
7,4,-0.3,-0.3,-0.7411425374741923,true,false
8,4,-0.25,-0.3,-0.7442198042274427,true,false
9,4,-0.2,-0.3,-0.7474973010584711,true,false
10,4,-0.15000000000000002,-0.3,-0.750485779172176,true,false
11,4,-0.09999999999999998,-0.3,-0.7529696514967669,true,false
12,4,-0.04999999999999993,-0.3,-0.7553163735914437,true,false
13,4,0.0,-0.3,-0.7587597410484362,true,false
14,4,0.050000000000000044,-0.3,-0.7649563938671224,true,false
15,4,0.09999999999999998,-0.3,-0.7741595131787851,true,false
16,4,0.15000000000000002,-0.3,-0.7841297357654057,true,false
17,4,0.20000000000000007,-0.3,-0.7920434528968151,true,false
18,4,0.25,-0.3,-0.7970098741236871,false,true
19,4,0.30000000000000004,-0.3,-0.7999743346529317,false,true
20,4,0.35,-0.3,-0.8020323068428821,false,true
21,4,0.4,-0.3,-0.8035866958381928,false,true
22,4,0.45000000000000007,-0.3,-0.8046172473768443,false,true
23,4,0.5000000000000001,-0.3,-0.8051019448398643,false,true
24,4,0.5500000000000002,-0.3,-0.8051595538900389,false,true
25,4,0.6,-0.3,-0.8049965697393585,false,true
26,4,0.65,-0.3,-0.8047888178373083,false,true
0,5,-0.65,-0.25,-0.7263129892113572,false,true
1,5,-0.6,-0.25,-0.7271864864854519,false,true
2,5,-0.55,-0.25,-0.7287529545792061,true,false
3,5,-0.5,-0.25,-0.730984687555787,true,false
4,5,-0.45,-0.25,-0.7333846888504427,true,false
5,5,-0.4,-0.25,-0.7354378334053265,true,false
6,5,-0.35,-0.25,-0.7372508467007118,true,false
7,5,-0.3,-0.25,-0.7394054792696297,true,false
8,5,-0.25,-0.25,-0.7422002674772317,true,false
9,5,-0.2,-0.25,-0.7452910973396834,true,false
10,5,-0.15000000000000002,-0.25,-0.7481341695082283,true,false
11,5,-0.09999999999999998,-0.25,-0.7505441681642966,true,false
12,5,-0.04999999999999993,-0.25,-0.7528661036239964,true,false
13,5,0.0,-0.25,-0.7561447357989732,true,false
14,5,0.050000000000000044,-0.25,-0.7620191830689277,true,false
15,5,0.09999999999999998,-0.25,-0.7712536620795859,true,false
16,5,0.15000000000000002,-0.25,-0.7820924434900184,true,false
17,5,0.20000000000000007,-0.25,-0.7913914656532569,true,false
18,5,0.25,-0.25,-0.7975132846333275,false,true
19,5,0.30000000000000004,-0.25,-0.8010143415549748,false,true
20,5,0.35,-0.25,-0.8030439238577225,false,true
21,5,0.4,-0.25,-0.804238081140873,false,true
22,5,0.45000000000000007,-0.25,-0.8048160567983803,false,true
23,5,0.5000000000000001,-0.25,-0.8049215415546351,false,true
24,5,0.5500000000000002,-0.25,-0.8047382547295147,false,true
25,5,0.6,-0.25,-0.804461213404283,false,true
26,5,0.65,-0.25,-0.8042189430700022,false,true
0,6,-0.65,-0.19999999999999996,-0.7259401697439745,false,true
1,6,-0.6,-0.19999999999999996,-0.7266120905870997,false,true
2,6,-0.55,-0.19999999999999996,-0.7279271355349154,false,true
3,6,-0.5,-0.19999999999999996,-0.7299849328844344,true,false
4,6,-0.45,-0.19999999999999996,-0.732374208299244,true,false
5,6,-0.4,-0.19999999999999996,-0.7344422419556346,true,false
6,6,-0.35,-0.19999999999999996,-0.7360740861178665,true,false
7,6,-0.3,-0.19999999999999996,-0.7378292426646343,true,false
8,6,-0.25,-0.19999999999999996,-0.7401768922860203,true,false
9,6,-0.2,-0.19999999999999996,-0.7429211979340871,true,false
10,6,-0.15000000000000002,-0.19999999999999996,-0.7455651937567429,true,false
11,6,-0.09999999999999998,-0.19999999999999996,-0.7479341292939756,true,false
12,6,-0.04999999999999993,-0.19999999999999996,-0.7503358437765205,true,false
13,6,0.0,-0.19999999999999996,-0.7536905402196437,true,false
14,6,0.050000000000000044,-0.19999999999999996,-0.7595750572513912,true,false
15,6,0.09999999999999998,-0.19999999999999996,-0.76897435548267,true,false
16,6,0.15000000000000002,-0.19999999999999996,-0.780371470846405,true,false
17,6,0.20000000000000007,-0.19999999999999996,-0.7904455557928771,true,false
18,6,0.25,-0.19999999999999996,-0.7971896308656877,true,false
19,6,0.30000000000000004,-0.19999999999999996,-0.8009939834100992,false,true
20,6,0.35,-0.19999999999999996,-0.8030371026654484,false,true
21,6,0.4,-0.19999999999999996,-0.8040694637052502,false,true
22,6,0.45000000000000007,-0.19999999999999996,-0.8044453600419118,false,true
23,6,0.5000000000000001,-0.19999999999999996,-0.8044054202361842,false,true
24,6,0.5500000000000002,-0.19999999999999996,-0.8041653803960138,false,true
25,6,0.6,-0.19999999999999996,-0.8039012196221679,false,true
26,6,0.65,-0.19999999999999996,-0.8037018064736058,false,true
0,7,-0.65,-0.14999999999999997,-0.7254669021866594,false,true
1,7,-0.6,-0.14999999999999997,-0.7259464665138113,false,true
2,7,-0.55,-0.14999999999999997,-0.726991938204948,false,true
3,7,-0.5,-0.14999999999999997,-0.7288232719097917,true,false
4,7,-0.45,-0.14999999999999997,-0.7311755125815907,true,false
5,7,-0.4,-0.14999999999999997,-0.7333417555955598,true,false
6,7,-0.35,-0.14999999999999997,-0.7349540428259179,true,false
7,7,-0.3,-0.14999999999999997,-0.7364169222416302,true,false
8,7,-0.25,-0.14999999999999997,-0.7383267485326145,true,false
9,7,-0.2,-0.14999999999999997,-0.7407496391359478,true,false
10,7,-0.15000000000000002,-0.14999999999999997,-0.7433300111601305,true,false
11,7,-0.09999999999999998,-0.14999999999999997,-0.7458532948467036,true,false
12,7,-0.04999999999999993,-0.14999999999999997,-0.7485307064515807,true,false
13,7,0.0,-0.14999999999999997,-0.7521965598643553,true,false
14,7,0.050000000000000044,-0.14999999999999997,-0.7583205696697454,true,false
15,7,0.09999999999999998,-0.14999999999999997,-0.7678243794172123,true,false
16,7,0.15000000000000002,-0.14999999999999997,-0.7792177453155584,true,false
17,7,0.20000000000000007,-0.14999999999999997,-0.7892315005152803,true,false
18,7,0.25,-0.14999999999999997,-0.7959516958947385,true,false
19,7,0.30000000000000004,-0.14999999999999997,-0.799853072104283,false,true
20,7,0.35,-0.14999999999999997,-0.8020656848955672,false,true
21,7,0.4,-0.14999999999999997,-0.803234541971372,false,true
22,7,0.45000000000000007,-0.14999999999999997,-0.8036837697145409,false,true
23,7,0.5000000000000001,-0.14999999999999997,-0.8036923375731645,false,true
24,7,0.5500000000000002,-0.14999999999999997,-0.8035111312581318,false,true
25,7,0.6,-0.14999999999999997,-0.8033156879180865,false,true
26,7,0.65,-0.14999999999999997,-0.8031774611304481,false,true
0,8,-0.65,-0.09999999999999998,-0.7248275111665595,false,true
1,8,-0.6,-0.09999999999999998,-0.725176187803154,false,true
2,8,-0.55,-0.09999999999999998,-0.7260134417979278,false,true
3,8,-0.5,-0.09999999999999998,-0.7276190827846734,true,false
4,8,-0.45,-0.09999999999999998,-0.7298691018305943,true,false
5,8,-0.4,-0.09999999999999998,-0.7321191609691259,true,false
6,8,-0.35,-0.09999999999999998,-0.7338509834371613,true,false
7,8,-0.3,-0.09999999999999998,-0.7352599876308054,true,false
8,8,-0.25,-0.09999999999999998,-0.7369478395671198,true,false
9,8,-0.2,-0.09999999999999998,-0.7392101923638239,true,false
10,8,-0.15000000000000002,-0.09999999999999998,-0.7418690633568601,true,false
11,8,-0.09999999999999998,-0.09999999999999998,-0.7446794648185934,true,false
12,8,-0.04999999999999993,-0.09999999999999998,-0.7477477909911066,true,false
13,8,0.0,-0.09999999999999998,-0.7518118991887726,true,false
14,8,0.050000000000000044,-0.09999999999999998,-0.758173133255246,true,false
15,8,0.09999999999999998,-0.09999999999999998,-0.7675823294394638,true,false
16,8,0.15000000000000002,-0.09999999999999998,-0.7785705975306486,true,false
17,8,0.20000000000000007,-0.09999999999999998,-0.7880637676911,true,false
18,8,0.25,-0.09999999999999998,-0.7943758376547971,true,false
19,8,0.30000000000000004,-0.09999999999999998,-0.7981581404919681,true,false
20,8,0.35,-0.09999999999999998,-0.8005443975021092,false,true
21,8,0.4,-0.09999999999999998,-0.801994222857706,false,true
22,8,0.45000000000000007,-0.09999999999999998,-0.802659612072055,false,true
23,8,0.5000000000000001,-0.09999999999999998,-0.8027958144785148,false,true
24,8,0.5500000000000002,-0.09999999999999998,-0.8027029692511741,false,true
25,8,0.6,-0.09999999999999998,-0.8025815053446866,false,true
26,8,0.65,-0.09999999999999998,-0.8025010944858281,false,true
0,9,-0.65,-0.04999999999999999,-0.7241607796024049,false,true
1,9,-0.6,-0.04999999999999999,-0.7244805221324574,false,true
2,9,-0.55,-0.04999999999999999,-0.7252213585040026,false,true
3,9,-0.5,-0.04999999999999999,-0.7266359983101836,true,false
4,9,-0.45,-0.04999999999999999,-0.728686666197322,true,false
5,9,-0.4,-0.04999999999999999,-0.730900144669286,true,false
6,9,-0.35,-0.04999999999999999,-0.7327999485652611,true,false
7,9,-0.3,-0.04999999999999999,-0.7344161218628446,true,false
8,9,-0.25,-0.04999999999999999,-0.7361949202444656,true,false
9,9,-0.2,-0.04999999999999999,-0.7384767571501516,true,false
10,9,-0.15000000000000002,-0.04999999999999999,-0.7412158995203266,true,false
11,9,-0.09999999999999998,-0.04999999999999999,-0.7442186246361269,true,false
12,9,-0.04999999999999993,-0.04999999999999999,-0.7475680511201784,true,false
13,9,0.0,-0.04999999999999999,-0.7518856335497983,true,false
14,9,0.050000000000000044,-0.04999999999999999,-0.7582357819657816,true,false
15,9,0.09999999999999998,-0.04999999999999999,-0.7672297602190546,true,false
16,9,0.15000000000000002,-0.04999999999999999,-0.777593556976273,true,false
17,9,0.20000000000000007,-0.04999999999999999,-0.7865518669048343,true,false
18,9,0.25,-0.04999999999999999,-0.7925003631745646,true,false
19,9,0.30000000000000004,-0.04999999999999999,-0.7961297270336335,true,false
20,9,0.35,-0.04999999999999999,-0.7986481312343553,false,true
21,9,0.4,-0.04999999999999999,-0.8003907648132995,false,true
22,9,0.45000000000000007,-0.04999999999999999,-0.8013004596746548,false,true
23,9,0.5000000000000001,-0.04999999999999999,-0.8015904678287121,false,true
24,9,0.5500000000000002,-0.04999999999999999,-0.8016238124682125,false,true
25,9,0.6,-0.04999999999999999,-0.8016267248946608,false,true
26,9,0.65,-0.04999999999999999,-0.8016545146697313,false,true
0,10,-0.65,0.0,-0.7237639269804873,false,true
1,10,-0.6,0.0,-0.724149586923875,false,true
2,10,-0.55,0.0,-0.7248799096456237,false,true
3,10,-0.5,0.0,-0.7261032912217118,false,true
4,10,-0.45,0.0,-0.7278116787074321,true,false
5,10,-0.4,0.0,-0.7297786138014731,true,false
6,10,-0.35,0.0,-0.7317543632880841,true,false
7,10,-0.3,0.0,-0.7337024097085667,true,false
8,10,-0.25,0.0,-0.735799580179899,true,false
9,10,-0.2,0.0,-0.7382192363933396,true,false
10,10,-0.15000000000000002,0.0,-0.7409505442927932,true,false
11,10,-0.09999999999999998,0.0,-0.7439204262192104,true,false
12,10,-0.04999999999999993,0.0,-0.7472764960108149,true,false
13,10,0.0,0.0,-0.7515085285584413,true,false
14,10,0.050000000000000044,0.0,-0.7573775722902372,true,false
15,10,0.09999999999999998,0.0,-0.7653440758925245,true,false
16,10,0.15000000000000002,0.0,-0.7744520777132128,true,false
17,10,0.20000000000000007,0.0,-0.7824761935317811,true,false
18,10,0.25,0.0,-0.7881038040567,true,false
19,10,0.30000000000000004,0.0,-0.7920395748401989,true,false
20,10,0.35,0.0,-0.7953110945483154,true,false
21,10,0.4,0.0,-0.7978697441906203,false,true
22,10,0.45000000000000007,0.0,-0.7993704751566093,false,true
23,10,0.5000000000000001,0.0,-0.8000443552902492,false,true
24,10,0.5500000000000002,0.0,-0.8003848114315013,false,true
25,10,0.6,0.0,-0.8006644614636291,false,true
26,10,0.65,0.0,-0.8009196741999164,false,true
0,11,-0.65,0.050000000000000044,-0.723856478762342,false,true
1,11,-0.6,0.050000000000000044,-0.7243160756987588,false,true
2,11,-0.55,0.050000000000000044,-0.7250149944672125,false,true
3,11,-0.5,0.050000000000000044,-0.7259831505651774,false,true
4,11,-0.45,0.050000000000000044,-0.7272303900174065,true,false
5,11,-0.4,0.050000000000000044,-0.7287829155949682,true,false
6,11,-0.35,0.050000000000000044,-0.7306747608916564,true,false
7,11,-0.3,0.050000000000000044,-0.7328787150078804,true,false
8,11,-0.25,0.050000000000000044,-0.7353010991616327,true,false
9,11,-0.2,0.050000000000000044,-0.737852609851608,true,false
10,11,-0.15000000000000002,0.050000000000000044,-0.7404805471020882,true,false
11,11,-0.09999999999999998,0.050000000000000044,-0.7432440711957948,true,false
12,11,-0.04999999999999993,0.050000000000000044,-0.7463757799306466,true,false
13,11,0.0,0.050000000000000044,-0.7502159759339841,true,false
14,11,0.050000000000000044,0.050000000000000044,-0.7551793324327076,true,false
15,11,0.09999999999999998,0.050000000000000044,-0.7613895989442108,true,false
16,11,0.15000000000000002,0.050000000000000044,-0.7679537619223852,true,false
17,11,0.20000000000000007,0.050000000000000044,-0.7734693540686562,true,false
18,11,0.25,0.050000000000000044,-0.7779906759320961,true,false
19,11,0.30000000000000004,0.050000000000000044,-0.7830109810728185,true,false
20,11,0.35,0.050000000000000044,-0.7888208397004178,true,false
21,11,0.4,0.050000000000000044,-0.7938786446671451,false,true
22,11,0.45000000000000007,0.050000000000000044,-0.7970296888185232,false,true
23,11,0.5000000000000001,0.050000000000000044,-0.7986166018219989,false,true
24,11,0.5500000000000002,0.050000000000000044,-0.7995123233331517,false,true
25,11,0.6,0.050000000000000044,-0.8001929306465508,false,true
26,11,0.65,0.050000000000000044,-0.8007417900008427,false,true
0,12,-0.65,0.10000000000000009,-0.7243754573269777,false,true
1,12,-0.6,0.10000000000000009,-0.7248063469053393,false,true
2,12,-0.55,0.10000000000000009,-0.7253637976105344,false,true
3,12,-0.5,0.10000000000000009,-0.7260234769717602,false,true
4,12,-0.45,0.10000000000000009,-0.7268392458745494,true,false
5,12,-0.4,0.10000000000000009,-0.7280062228998032,true,false
6,12,-0.35,0.10000000000000009,-0.7297280316985473,true,false
7,12,-0.3,0.10000000000000009,-0.731983641592381,true,false
8,12,-0.25,0.10000000000000009,-0.7345092730457844,true,false
9,12,-0.2,0.10000000000000009,-0.7370269530347774,true,false
10,12,-0.15000000000000002,0.10000000000000009,-0.7394526958896485,true,false
11,12,-0.09999999999999998,0.10000000000000009,-0.7419666425017074,true,false
12,12,-0.04999999999999993,0.10000000000000009,-0.7448469767774943,true,false
13,12,0.0,0.10000000000000009,-0.7482624808157441,true,false
14,12,0.050000000000000044,0.10000000000000009,-0.752314540659071,true,false
15,12,0.09999999999999998,0.10000000000000009,-0.7565822663573653,true,false
16,12,0.15000000000000002,0.10000000000000009,-0.759647141781049,true,false
17,12,0.20000000000000007,0.10000000000000009,-0.7608545996913599,true,false
18,12,0.25,0.10000000000000009,-0.7629818844549637,true,false
19,12,0.30000000000000004,0.10000000000000009,-0.769724571982209,true,false
20,12,0.35,0.10000000000000009,-0.7801469976176078,true,false
21,12,0.4,0.10000000000000009,-0.7896521922056489,false,true
22,12,0.45000000000000007,0.10000000000000009,-0.7954831834339219,false,true
23,12,0.5000000000000001,0.10000000000000009,-0.7982587536870823,false,true
24,12,0.5500000000000002,0.10000000000000009,-0.7996425875554033,false,true
25,12,0.6,0.10000000000000009,-0.8005675495728958,false,true
26,12,0.65,0.10000000000000009,-0.8012632611792905,false,true
0,13,-0.65,0.15000000000000002,-0.7249618987951386,false,true
1,13,-0.6,0.15000000000000002,-0.7252314339538377,false,true
2,13,-0.55,0.15000000000000002,-0.7255553739820504,false,true
3,13,-0.5,0.15000000000000002,-0.7259417852439418,false,true
4,13,-0.45,0.15000000000000002,-0.7265073318060222,false,true
5,13,-0.4,0.15000000000000002,-0.7274905273153146,true,false
6,13,-0.35,0.15000000000000002,-0.7290749213117367,true,false
7,13,-0.3,0.15000000000000002,-0.7311791435915771,true,false
8,13,-0.25,0.15000000000000002,-0.7334964183818338,true,false
9,13,-0.2,0.15000000000000002,-0.7357417171487214,true,false
10,13,-0.15000000000000002,0.15000000000000002,-0.7378863888459541,true,false
11,13,-0.09999999999999998,0.15000000000000002,-0.7402090962622759,true,false
12,13,-0.04999999999999993,0.15000000000000002,-0.7429675259190075,true,false
13,13,0.0,0.15000000000000002,-0.746159123213009,true,false
14,13,0.050000000000000044,0.15000000000000002,-0.7497260451750215,true,false
15,13,0.09999999999999998,0.15000000000000002,-0.7528141391074239,true,false
16,13,0.15000000000000002,0.15000000000000002,-0.7531971202884643,true,false
17,13,0.20000000000000007,0.15000000000000002,-0.7505307585612233,true,false
18,13,0.25,0.15000000000000002,-0.7504448415997683,true,false
19,13,0.30000000000000004,0.15000000000000002,-0.7592406396712257,true,false
20,13,0.35,0.15000000000000002,-0.7745675000069235,false,true
21,13,0.4,0.15000000000000002,-0.7883479268434287,false,true
22,13,0.45000000000000007,0.15000000000000002,-0.7962604458082988,false,true
23,13,0.5000000000000001,0.15000000000000002,-0.7995178876381626,false,true
24,13,0.5500000000000002,0.15000000000000002,-0.8007862098471898,false,true
25,13,0.6,0.15000000000000002,-0.8015056572750204,false,true
26,13,0.65,0.15000000000000002,-0.8020390052520606,false,true
0,14,-0.65,0.20000000000000007,-0.7251184558256528,false,true
1,14,-0.6,0.20000000000000007,-0.7251584622965261,false,true
2,14,-0.55,0.20000000000000007,-0.7252392534136386,false,true
3,14,-0.5,0.20000000000000007,-0.7254508344368149,false,true
4,14,-0.45,0.20000000000000007,-0.7259677949479761,false,true
5,14,-0.4,0.20000000000000007,-0.726980325894277,true,false
6,14,-0.35,0.20000000000000007,-0.7285161197832596,true,false
7,14,-0.3,0.20000000000000007,-0.7303700412624787,true,false
8,14,-0.25,0.20000000000000007,-0.732286498952484,true,false
9,14,-0.2,0.20000000000000007,-0.7341466980050815,true,false
10,14,-0.15000000000000002,0.20000000000000007,-0.7360482132391782,true,false
11,14,-0.09999999999999998,0.20000000000000007,-0.738286415904831,true,false
12,14,-0.04999999999999993,0.20000000000000007,-0.7410262563136992,true,false
13,14,0.0,0.20000000000000007,-0.7441714941146883,true,false
14,14,0.050000000000000044,0.20000000000000007,-0.7477519126410397,true,false
15,14,0.09999999999999998,0.20000000000000007,-0.7509774941114338,true,false
16,14,0.15000000000000002,0.20000000000000007,-0.7513214573488604,true,false
17,14,0.20000000000000007,0.20000000000000007,-0.7483306800464509,true,false
18,14,0.25,0.20000000000000007,-0.7486115959285102,true,false
19,14,0.30000000000000004,0.20000000000000007,-0.7592536696171244,false,true
20,14,0.35,0.20000000000000007,-0.7767837056780439,false,true
21,14,0.4,0.20000000000000007,-0.7915510230057412,false,true
22,14,0.45000000000000007,0.20000000000000007,-0.7991236081384242,false,true
23,14,0.5000000000000001,0.20000000000000007,-0.8015185972886018,false,true
24,14,0.5500000000000002,0.20000000000000007,-0.8019988123917756,false,true
25,14,0.6,0.20000000000000007,-0.8021597902722449,false,true
26,14,0.65,0.20000000000000007,-0.8023331978917042,false,true
0,15,-0.65,0.25,-0.7244119423087071,false,true
1,15,-0.6,0.25,-0.7242463846025899,false,true
2,15,-0.55,0.25,-0.7241415604755377,false,true
3,15,-0.5,0.25,-0.7242698767714617,false,true
4,15,-0.45,0.25,-0.7248570816064807,false,true
5,15,-0.4,0.25,-0.7260326007126047,true,false
6,15,-0.35,0.25,-0.7276404702577836,true,false
7,15,-0.3,0.25,-0.7293242420463703,true,false
8,15,-0.25,0.25,-0.730901655424014,true,false
9,15,-0.2,0.25,-0.7324869313239574,true,false
10,15,-0.15000000000000002,0.25,-0.7343035252185924,true,false
11,15,-0.09999999999999998,0.25,-0.736556452374525,true,false
12,15,-0.04999999999999993,0.25,-0.7392822773455201,true,false
13,15,0.0,0.25,-0.7424267308416141,true,false
14,15,0.050000000000000044,0.25,-0.7463078944630253,true,false
15,15,0.09999999999999998,0.25,-0.7507192584691438,true,false
16,15,0.15000000000000002,0.25,-0.7537303258506233,true,false
17,15,0.20000000000000007,0.25,-0.7545834762205521,true,false
18,15,0.25,0.25,-0.7581251311395366,true,false
19,15,0.30000000000000004,0.25,-0.7694758336196597,true,false
20,15,0.35,0.25,-0.784984491905593,true,false
21,15,0.4,0.25,-0.7966370147096345,false,true
22,15,0.45000000000000007,0.25,-0.8016253528814474,false,true
23,15,0.5000000000000001,0.25,-0.802445034983173,false,true
24,15,0.5500000000000002,0.25,-0.802072130955228,false,true
25,15,0.6,0.25,-0.801754003506378,false,true
26,15,0.65,0.25,-0.8016413979154959,false,true
0,16,-0.65,0.30000000000000004,-0.7226356936867018,false,true
1,16,-0.6,0.30000000000000004,-0.7223713386255621,false,true
2,16,-0.55,0.30000000000000004,-0.7221901819225075,false,true
3,16,-0.5,0.30000000000000004,-0.7223154557040667,false,true
4,16,-0.45,0.30000000000000004,-0.7230313030616382,false,true
5,16,-0.4,0.30000000000000004,-0.7244672104432496,false,true
6,16,-0.35,0.30000000000000004,-0.7263344251927919,true,false
7,16,-0.3,0.30000000000000004,-0.7281037737504672,true,false
8,16,-0.25,0.30000000000000004,-0.7295953452946856,true,false
9,16,-0.2,0.30000000000000004,-0.7311012506446529,true,false
10,16,-0.15000000000000002,0.30000000000000004,-0.7329455707726998,true,false
11,16,-0.09999999999999998,0.30000000000000004,-0.7352348599121521,true,false
12,16,-0.04999999999999993,0.30000000000000004,-0.7379201185660001,true,false
13,16,0.0,0.30000000000000004,-0.7410674575871926,true,false
14,16,0.050000000000000044,0.30000000000000004,-0.7452937920248958,true,false
15,16,0.09999999999999998,0.30000000000000004,-0.7511237413268257,true,false
16,16,0.15000000000000002,0.30000000000000004,-0.7576977712869306,true,false
17,16,0.20000000000000007,0.30000000000000004,-0.763923867244876,true,false
18,16,0.25,0.30000000000000004,-0.7713842635158082,true,false
19,16,0.30000000000000004,0.30000000000000004,-0.7819118930977881,true,false
20,16,0.35,0.30000000000000004,-0.7927487103982418,true,false
21,16,0.4,0.30000000000000004,-0.7995103070331686,false,true
22,16,0.45000000000000007,0.30000000000000004,-0.801565591296976,false,true
23,16,0.5000000000000001,0.30000000000000004,-0.8012305455651508,false,true
24,16,0.5500000000000002,0.30000000000000004,-0.8005240898040813,false,true
25,16,0.6,0.30000000000000004,-0.8000995964607485,false,true
26,16,0.65,0.30000000000000004,-0.7999236827158966,false,true
0,17,-0.65,0.3500000000000001,-0.7198983062120992,false,true
1,17,-0.6,0.3500000000000001,-0.7196815670813871,false,true
2,17,-0.55,0.3500000000000001,-0.719565906896506,false,true
3,17,-0.5,0.3500000000000001,-0.7197900940024896,false,true
4,17,-0.45,0.3500000000000001,-0.7207052458599094,false,true
5,17,-0.4,0.3500000000000001,-0.7225099590908268,true,false
6,17,-0.35,0.3500000000000001,-0.7248449390219278,true,false
7,17,-0.3,0.3500000000000001,-0.7269828981202929,true,false
8,17,-0.25,0.3500000000000001,-0.7286375887367958,true,false
9,17,-0.2,0.3500000000000001,-0.7301757387250671,true,false
10,17,-0.15000000000000002,0.3500000000000001,-0.7320207338167256,true,false
11,17,-0.09999999999999998,0.3500000000000001,-0.7342830619365326,true,false
12,17,-0.04999999999999993,0.3500000000000001,-0.736917514757017,true,false
13,17,0.0,0.3500000000000001,-0.7400855236793202,true,false
14,17,0.050000000000000044,0.3500000000000001,-0.7445483481941862,true,false
15,17,0.09999999999999998,0.3500000000000001,-0.7513127924745366,true,false
16,17,0.15000000000000002,0.3500000000000001,-0.7603895090958263,true,false
17,17,0.20000000000000007,0.3500000000000001,-0.7704669720869399,true,false
18,17,0.25,0.3500000000000001,-0.7803997118366843,true,false
19,17,0.30000000000000004,0.3500000000000001,-0.7894076174447887,true,false
20,17,0.35,0.3500000000000001,-0.7959030337047005,true,false
21,17,0.4,0.3500000000000001,-0.7987770409826038,true,false
22,17,0.45000000000000007,0.3500000000000001,-0.7989902355270693,false,true
23,17,0.5000000000000001,0.3500000000000001,-0.7983391180728658,false,true
24,17,0.5500000000000002,0.3500000000000001,-0.7978373902737966,false,true
25,17,0.6,0.3500000000000001,-0.7976226964182446,false,true
26,17,0.65,0.3500000000000001,-0.7975623089533221,false,true
0,18,-0.65,0.4,-0.716519181516607,false,true
1,18,-0.6,0.4,-0.7164355430921737,false,true
2,18,-0.55,0.4,-0.7164719883697007,false,true
3,18,-0.5,0.4,-0.716871302973059,false,true
4,18,-0.45,0.4,-0.7180523073148091,false,true
5,18,-0.4,0.4,-0.7203053131962415,true,false
6,18,-0.35,0.4,-0.723232869448185,true,false
7,18,-0.3,0.4,-0.725907291399939,true,false
8,18,-0.25,0.4,-0.7278682686410367,true,false
9,18,-0.2,0.4,-0.7294761576748919,true,false
10,18,-0.15000000000000002,0.4,-0.7312663720436844,true,false
11,18,-0.09999999999999998,0.4,-0.7334644888542342,true,false
12,18,-0.04999999999999993,0.4,-0.7360950218169539,true,false
13,18,0.0,0.4,-0.7393399877507427,true,false
14,18,0.050000000000000044,0.4,-0.743924418274287,true,false
15,18,0.09999999999999998,0.4,-0.7509850111724923,true,false
16,18,0.15000000000000002,0.4,-0.7609574686632095,true,false
17,18,0.20000000000000007,0.4,-0.7725225884108031,true,false
18,18,0.25,0.4,-0.7832530723878759,true,false
19,18,0.30000000000000004,0.4,-0.7910984510266332,true,false
20,18,0.35,0.4,-0.7951586111489594,true,false
21,18,0.4,0.4,-0.7960829068895826,true,false
22,18,0.45000000000000007,0.4,-0.7956183891456172,false,true
23,18,0.5000000000000001,0.4,-0.7951545372613692,false,true
24,18,0.5500000000000002,0.4,-0.7950495871681484,false,true
25,18,0.6,0.4,-0.7951307259204694,false,true
26,18,0.65,0.4,-0.7952363569793013,false,true
0,19,-0.65,0.45000000000000007,-0.7128047668109354,false,true
1,19,-0.6,0.45000000000000007,-0.712805254301634,false,true
2,19,-0.55,0.45000000000000007,-0.7129324172353173,false,true
3,19,-0.5,0.45000000000000007,-0.713450218507291,false,true
4,19,-0.45,0.45000000000000007,-0.7148635528699019,false,true
5,19,-0.4,0.45000000000000007,-0.717565104357874,true,false
6,19,-0.35,0.45000000000000007,-0.7211309720427755,true,false
7,19,-0.3,0.45000000000000007,-0.724438397326973,true,false
8,19,-0.25,0.45000000000000007,-0.7268207175632906,true,false
9,19,-0.2,0.45000000000000007,-0.7285826545738054,true,false
10,19,-0.15000000000000002,0.45000000000000007,-0.7303801681263135,true,false
11,19,-0.09999999999999998,0.45000000000000007,-0.7326154171425947,true,false
12,19,-0.04999999999999993,0.45000000000000007,-0.7353911492549092,true,false
13,19,0.0,0.45000000000000007,-0.7388184046437056,true,false
14,19,0.050000000000000044,0.45000000000000007,-0.743456587373739,true,false
15,19,0.09999999999999998,0.45000000000000007,-0.7503739498251953,true,false
16,19,0.15000000000000002,0.45000000000000007,-0.7601898395979647,true,false
17,19,0.20000000000000007,0.45000000000000007,-0.7717794386509075,true,false
18,19,0.25,0.45000000000000007,-0.7824794511436813,true,false
19,19,0.30000000000000004,0.45000000000000007,-0.7898653074986979,true,false
20,19,0.35,0.45000000000000007,-0.7932148742183341,true,false
21,19,0.4,0.45000000000000007,-0.7936940289308154,true,false
22,19,0.45000000000000007,0.45000000000000007,-0.7932415237649469,false,true
23,19,0.5000000000000001,0.45000000000000007,-0.7930453317681007,false,true
24,19,0.5500000000000002,0.45000000000000007,-0.7932099024810038,false,true
25,19,0.6,0.45000000000000007,-0.7934659135259837,false,true
26,19,0.65,0.45000000000000007,-0.793665735028738,false,true
0,20,-0.65,0.5,-0.7090874229725567,false,true
1,20,-0.6,0.5,-0.7090295544224159,false,true
2,20,-0.55,0.5,-0.7090654446734809,false,true
3,20,-0.5,0.5,-0.7095106907234483,false,true
4,20,-0.45,0.5,-0.7110094677418097,false,true
5,20,-0.4,0.5,-0.7141011803172123,true,false
6,20,-0.35,0.5,-0.7183406640314681,true,false
7,20,-0.3,0.5,-0.7223841249375629,true,false
8,20,-0.25,0.5,-0.7253250067175667,true,false
9,20,-0.2,0.5,-0.7273878006753789,true,false
10,20,-0.15000000000000002,0.5,-0.7293506741400494,true,false
11,20,-0.09999999999999998,0.5,-0.7318034346540958,true,false
12,20,-0.04999999999999993,0.5,-0.7348891349279976,true,false
13,20,0.0,0.5,-0.7385558718809353,true,false
14,20,0.050000000000000044,0.5,-0.7431299624097565,true,false
15,20,0.09999999999999998,0.5,-0.7495888747919048,true,false
16,20,0.15000000000000002,0.5,-0.7587435469052337,true,false
17,20,0.20000000000000007,0.5,-0.7698260885548809,true,false
18,20,0.25,0.5,-0.7803631474782258,true,false
19,20,0.30000000000000004,0.5,-0.7878857345854291,true,false
20,20,0.35,0.5,-0.7916047793826718,true,false
21,20,0.4,0.5,-0.7925822565720589,true,false
22,20,0.45000000000000007,0.5,-0.7925559015378146,false,true
23,20,0.5000000000000001,0.5,-0.7925844144999095,false,true
24,20,0.5500000000000002,0.5,-0.7928038985780813,false,true
25,20,0.6,0.5,-0.7930392280973467,false,true
26,20,0.65,0.5,-0.793204148927517,false,true
0,21,-0.65,0.55,-0.7060332736999304,false,true
1,21,-0.6,0.55,-0.705795165359055,false,true
2,21,-0.55,0.55,-0.7055804805427612,false,true
3,21,-0.5,0.55,-0.7057857477517469,false,true
4,21,-0.45,0.55,-0.7072408632185534,false,true
5,21,-0.4,0.55,-0.710647624259641,true,false
6,21,-0.35,0.55,-0.7155089769759109,true,false
7,21,-0.3,0.55,-0.7202371130434898,true,false
8,21,-0.25,0.55,-0.7237061814228021,true,false
9,21,-0.2,0.55,-0.7260891812092214,true,false
10,21,-0.15000000000000002,0.55,-0.728280683951009,true,false
11,21,-0.09999999999999998,0.55,-0.7310214420017929,true,false
12,21,-0.04999999999999993,0.55,-0.7344443716427006,true,false
13,21,0.0,0.55,-0.7382904906026464,true,false
14,21,0.050000000000000044,0.55,-0.7426491657765617,true,false
15,21,0.09999999999999998,0.55,-0.7484391452884029,true,false
16,21,0.15000000000000002,0.55,-0.7567154946511006,true,false
17,21,0.20000000000000007,0.55,-0.7671677012365633,true,false
18,21,0.25,0.55,-0.7776418848401,true,false
19,21,0.30000000000000004,0.55,-0.785667696357913,true,false
20,21,0.35,0.55,-0.7902778800593542,true,false
21,21,0.4,0.55,-0.7922285430440547,true,false
22,21,0.45000000000000007,0.55,-0.7928973221705983,false,true
23,21,0.5000000000000001,0.55,-0.7931987017966585,false,true
24,21,0.5500000000000002,0.55,-0.7933957028783112,false,true
25,21,0.6,0.55,-0.7935044641168347,false,true
26,21,0.65,0.55,-0.7935479187032358,false,true
0,22,-0.65,0.6000000000000001,-0.7046906704594692,false,true
1,22,-0.6,0.6000000000000001,-0.704274460942953,false,true
2,22,-0.55,0.6000000000000001,-0.7038185566112061,false,true
3,22,-0.5,0.6000000000000001,-0.7038023972686671,false,true
4,22,-0.45,0.6000000000000001,-0.7051984484099936,false,true
5,22,-0.4,0.6000000000000001,-0.7087606230464737,true,false
6,22,-0.35,0.6000000000000001,-0.7138741606025446,true,false
7,22,-0.3,0.6000000000000001,-0.7188028625998996,true,false
8,22,-0.25,0.6000000000000001,-0.7223797348431868,true,false
9,22,-0.2,0.6000000000000001,-0.7248245601099048,true,false
10,22,-0.15000000000000002,0.6000000000000001,-0.7271094362145624,true,false
11,22,-0.09999999999999998,0.6000000000000001,-0.7300324893154415,true,false
12,22,-0.04999999999999993,0.6000000000000001,-0.7336796714763897,true,false
13,22,0.0,0.6000000000000001,-0.7376169468529403,true,false
14,22,0.050000000000000044,0.6000000000000001,-0.7417366728689493,true,false
15,22,0.09999999999999998,0.6000000000000001,-0.7468916372378432,true,false
16,22,0.15000000000000002,0.6000000000000001,-0.7543303122281829,true,false
17,22,0.20000000000000007,0.6000000000000001,-0.7641769484880758,true,false
18,22,0.25,0.6000000000000001,-0.7746327716009891,true,false
19,22,0.30000000000000004,0.6000000000000001,-0.7832263117145781,true,false
20,22,0.35,0.6000000000000001,-0.7887466773759003,true,false
21,22,0.4,0.6000000000000001,-0.7916397459672212,false,true
22,22,0.45000000000000007,0.6000000000000001,-0.7930036463539873,false,true
23,22,0.5000000000000001,0.6000000000000001,-0.7936410293741991,false,true
24,22,0.5500000000000002,0.6000000000000001,-0.7938925725044117,false,true
25,22,0.6,0.6000000000000001,-0.793923190646062,false,true
26,22,0.65,0.6000000000000001,-0.7938657016008264,false,true
0,23,-0.65,0.6500000000000001,-0.7059693643916832,false,true
1,23,-0.6,0.6500000000000001,-0.7055360307558299,false,true
2,23,-0.55,0.6500000000000001,-0.7050617786618806,false,true
3,23,-0.5,0.6500000000000001,-0.7050381296252051,false,true
4,23,-0.45,0.6500000000000001,-0.7063869183096145,false,true
5,23,-0.4,0.6500000000000001,-0.7096967746747881,true,false
6,23,-0.35,0.6500000000000001,-0.7142485236140311,true,false
7,23,-0.3,0.6500000000000001,-0.7184634771253552,true,false
8,23,-0.25,0.6500000000000001,-0.7214535688439929,true,false
9,23,-0.2,0.6500000000000001,-0.7235738411858246,true,false
10,23,-0.15000000000000002,0.6500000000000001,-0.7257489424855801,true,false
11,23,-0.09999999999999998,0.6500000000000001,-0.7286817372620854,true,false
12,23,-0.04999999999999993,0.6500000000000001,-0.7323926501864348,true,false
13,23,0.0,0.6500000000000001,-0.7363622137809906,true,false
14,23,0.050000000000000044,0.6500000000000001,-0.7403483161917978,true,false
15,23,0.09999999999999998,0.6500000000000001,-0.745096505529125,true,false
16,23,0.15000000000000002,0.6500000000000001,-0.751914414676585,true,false
17,23,0.20000000000000007,0.6500000000000001,-0.7612291233584323,true,false
18,23,0.25,0.6500000000000001,-0.7715947026070645,true,false
19,23,0.30000000000000004,0.6500000000000001,-0.7806041525004889,true,false
20,23,0.35,0.6500000000000001,-0.7867901673017882,true,false
21,23,0.4,0.6500000000000001,-0.7902985098153873,false,true
22,23,0.45000000000000007,0.6500000000000001,-0.7920910844346077,false,true
23,23,0.5000000000000001,0.6500000000000001,-0.7929786716188116,false,true
24,23,0.5500000000000002,0.6500000000000001,-0.7933498539128528,false,true
25,23,0.6,0.6500000000000001,-0.79341839680265,false,true
26,23,0.65,0.6500000000000001,-0.7933612377169877,false,true
0,24,-0.65,0.7000000000000002,-0.7098863535795931,false,true
1,24,-0.6,0.7000000000000002,-0.7096632075628526,false,true
2,24,-0.55,0.7000000000000002,-0.7094732870604002,false,true
3,24,-0.5,0.7000000000000002,-0.7096812383435731,false,true
4,24,-0.45,0.7000000000000002,-0.7108791598695821,false,true
5,24,-0.4,0.7000000000000002,-0.7133066558103018,false,true
6,24,-0.35,0.7000000000000002,-0.7163147161921476,true,false
7,24,-0.3,0.7000000000000002,-0.7188937543596936,true,false
8,24,-0.25,0.7000000000000002,-0.7207118352413712,true,false
9,24,-0.2,0.7000000000000002,-0.7222446212351836,true,false
10,24,-0.15000000000000002,0.7000000000000002,-0.7241817139039491,true,false
11,24,-0.09999999999999998,0.7000000000000002,-0.7269664350663912,true,false
12,24,-0.04999999999999993,0.7000000000000002,-0.7305434436404539,true,false
13,24,0.0,0.7000000000000002,-0.7344197316592654,true,false
14,24,0.050000000000000044,0.7000000000000002,-0.7383078594954037,true,false
15,24,0.09999999999999998,0.7000000000000002,-0.7428181430805919,true,false
16,24,0.15000000000000002,0.7000000000000002,-0.7491900085447754,true,false
17,24,0.20000000000000007,0.7000000000000002,-0.7580266410071781,true,false
18,24,0.25,0.7000000000000002,-0.7682325907540487,true,false
19,24,0.30000000000000004,0.7000000000000002,-0.7775545728006635,true,false
20,24,0.35,0.7000000000000002,-0.784289006901185,true,false
21,24,0.4,0.7000000000000002,-0.7882381092752802,false,true
22,24,0.45000000000000007,0.7000000000000002,-0.7902499391596446,false,true
23,24,0.5000000000000001,0.7000000000000002,-0.7912356387339184,false,true
24,24,0.5500000000000002,0.7000000000000002,-0.791692183054402,false,true
25,24,0.6,0.7000000000000002,-0.7918556084224856,false,true
26,24,0.65,0.7000000000000002,-0.7918819817503464,false,true
0,25,-0.65,0.75,-0.7152920568514926,false,true
1,25,-0.6,0.75,-0.7153755398242109,false,true
2,25,-0.55,0.75,-0.715572246028272,false,true
3,25,-0.5,0.75,-0.7160139623198639,false,true
4,25,-0.45,0.75,-0.7168208987543148,false,true
5,25,-0.4,0.75,-0.7178814529417789,false,true
6,25,-0.35,0.75,-0.7188091606233593,true,false
7,25,-0.3,0.75,-0.7193609356730468,true,false
8,25,-0.25,0.75,-0.7198071229807532,true,false
9,25,-0.2,0.75,-0.7206717684153661,true,false
10,25,-0.15000000000000002,0.75,-0.7223029315475452,true,false
11,25,-0.09999999999999998,0.75,-0.7247952207670832,true,false
12,25,-0.04999999999999993,0.75,-0.7280033571231236,true,false
13,25,0.0,0.75,-0.7315503859744451,true,false
14,25,0.050000000000000044,0.75,-0.7352064646119199,true,false
15,25,0.09999999999999998,0.75,-0.7394569141866749,true,false
16,25,0.15000000000000002,0.75,-0.7454187331884552,true,false
17,25,0.20000000000000007,0.75,-0.7538360020187475,true,false
18,25,0.25,0.75,-0.7639621352358317,true,false
19,25,0.30000000000000004,0.75,-0.7737100663151136,true,false
20,25,0.35,0.75,-0.7811552536982339,true,false
21,25,0.4,0.75,-0.7857278412176046,false,true
22,25,0.45000000000000007,0.75,-0.7880748511252385,false,true
23,25,0.5000000000000001,0.75,-0.7891657103308299,false,true
24,25,0.5500000000000002,0.75,-0.7896620905940244,false,true
25,25,0.6,0.75,-0.789887752331475,false,true
26,25,0.65,0.75,-0.7899903529905541,false,true
0,26,-0.65,0.8,-0.7204850781362205,false,true
1,26,-0.6,0.8,-0.7207389347264961,false,true
2,26,-0.55,0.8,-0.7210878468873462,false,true
3,26,-0.5,0.8,-0.7214447421381002,false,true
4,26,-0.45,0.8,-0.7215914534865158,false,true
5,26,-0.4,0.8,-0.7212529173619964,true,false
6,26,-0.35,0.8,-0.7203325637526243,true,false
7,26,-0.3,0.8,-0.7191711581753235,true,false
8,26,-0.25,0.8,-0.7184568181931434,true,false
9,26,-0.2,0.8,-0.7187219573908448,true,false
10,26,-0.15000000000000002,0.8,-0.7200181651607028,true,false
11,26,-0.09999999999999998,0.8,-0.7221124739895202,true,false
12,26,-0.04999999999999993,0.8,-0.7247628217622604,true,false
13,26,0.0,0.8,-0.7277496085580462,true,false
14,26,0.050000000000000044,0.8,-0.7309779224364846,true,false
15,26,0.09999999999999998,0.8,-0.7348442880279483,true,false
16,26,0.15000000000000002,0.8,-0.7403518991784364,true,false
17,26,0.20000000000000007,0.8,-0.748407364450522,true,false
18,26,0.25,0.8,-0.7585994185402533,true,false
19,26,0.30000000000000004,0.8,-0.7689575788052229,true,false
20,26,0.35,0.8,-0.7773526265767502,true,false
21,26,0.4,0.8,-0.7828863264529449,false,true
22,26,0.45000000000000007,0.8,-0.7859297628987779,false,true
23,26,0.5000000000000001,0.8,-0.7873703073962464,false,true
24,26,0.5500000000000002,0.8,-0.7879872565861081,false,true
25,26,0.6,0.8,-0.7882522397208528,false,true
26,26,0.65,0.8,-0.788379215812807,false,true
0,27,-0.65,0.8500000000000001,-0.7242166175762464,false,true
1,27,-0.6,0.8500000000000001,-0.7243801737958847,false,true
2,27,-0.55,0.8500000000000001,-0.7244859788769116,false,true
3,27,-0.5,0.8500000000000001,-0.7243275619557201,false,true
4,27,-0.45,0.8500000000000001,-0.723622665040149,false,true
5,27,-0.4,0.8500000000000001,-0.7221726126664203,true,false
6,27,-0.35,0.8500000000000001,-0.720083862386981,true,false
7,27,-0.3,0.8500000000000001,-0.7179367344526977,true,false
8,27,-0.25,0.8500000000000001,-0.7165746255799474,true,false
9,27,-0.2,0.8500000000000001,-0.7165019984952807,true,false
10,27,-0.15000000000000002,0.8500000000000001,-0.7175582672226817,true,false
11,27,-0.09999999999999998,0.8500000000000001,-0.7192607039804906,true,false
12,27,-0.04999999999999993,0.8500000000000001,-0.7212990240363002,true,false
13,27,0.0,0.8500000000000001,-0.723625689122707,true,false
14,27,0.050000000000000044,0.8500000000000001,-0.7263138670891611,true,false
15,27,0.09999999999999998,0.8500000000000001,-0.7296936571853202,true,false
16,27,0.15000000000000002,0.8500000000000001,-0.7346349782549582,true,false
17,27,0.20000000000000007,0.8500000000000001,-0.7421723364950124,true,false
18,27,0.25,0.8500000000000001,-0.7522262521341565,true,false
19,27,0.30000000000000004,0.8500000000000001,-0.7629983396149088,true,false
20,27,0.35,0.8500000000000001,-0.7722808653915004,true,false
21,27,0.4,0.8500000000000001,-0.7789831832042967,true,false
22,27,0.45000000000000007,0.8500000000000001,-0.7831922413512672,false,true
23,27,0.5000000000000001,0.8500000000000001,-0.785510888629,false,true
24,27,0.5500000000000002,0.8500000000000001,-0.78661714208891,false,true
25,27,0.6,0.8500000000000001,-0.7870793889918625,false,true
26,27,0.65,0.8500000000000001,-0.7872596318274462,false,true
0,28,-0.65,0.9000000000000001,-0.7261063642756628,false,true
1,28,-0.6,0.9000000000000001,-0.7259256419937844,false,true
2,28,-0.55,0.9000000000000001,-0.7254441772410193,false,true
3,28,-0.5,0.9000000000000001,-0.7244574507991293,false,true
4,28,-0.45,0.9000000000000001,-0.7228443113946423,false,true
5,28,-0.4,0.9000000000000001,-0.7206312989844825,false,true
6,28,-0.35,0.9000000000000001,-0.7180474490290811,true,false
7,28,-0.3,0.9000000000000001,-0.715678721316056,true,false
8,28,-0.25,0.9000000000000001,-0.714318654057635,true,false
9,28,-0.2,0.9000000000000001,-0.7143490130839153,true,false
10,28,-0.15000000000000002,0.9000000000000001,-0.7154042049231814,true,false
11,28,-0.09999999999999998,0.9000000000000001,-0.7168306117563183,true,false
12,28,-0.04999999999999993,0.9000000000000001,-0.7183312005206443,true,false
13,28,0.0,0.9000000000000001,-0.7200559698541114,true,false
14,28,0.050000000000000044,0.9000000000000001,-0.722238589403833,true,false
15,28,0.09999999999999998,0.9000000000000001,-0.7251121425882168,true,false
16,28,0.15000000000000002,0.9000000000000001,-0.7292935690294151,true,false
17,28,0.20000000000000007,0.9000000000000001,-0.7357677807184755,true,false
18,28,0.25,0.9000000000000001,-0.7447750937763414,true,false
19,28,0.30000000000000004,0.9000000000000001,-0.7549683594090182,true,false
20,28,0.35,0.9000000000000001,-0.764439509480326,true,false
21,28,0.4,0.9000000000000001,-0.7721753043414185,true,false
22,28,0.45000000000000007,0.9000000000000001,-0.7780470510205447,false,true
23,28,0.5000000000000001,0.9000000000000001,-0.7821293035591902,false,true
24,28,0.5500000000000002,0.9000000000000001,-0.7845587563846552,false,true
25,28,0.6,0.9000000000000001,-0.7857331920799538,false,true
26,28,0.65,0.9000000000000001,-0.7861924666240733,false,true
0,29,-0.65,0.9500000000000002,-0.7261524758768941,false,true
1,29,-0.6,0.9500000000000002,-0.7253849409565918,false,true
2,29,-0.55,0.9500000000000002,-0.7240877068736216,false,true
3,29,-0.5,0.9500000000000002,-0.7222005468004484,false,true
4,29,-0.45,0.9500000000000002,-0.7198587467853241,false,true
5,29,-0.4,0.9500000000000002,-0.7172781321981778,false,true
6,29,-0.35,0.9500000000000002,-0.7147336865864171,true,false
7,29,-0.3,0.9500000000000002,-0.7127601956633149,true,false
8,29,-0.25,0.9500000000000002,-0.7119981022336161,true,false
9,29,-0.2,0.9500000000000002,-0.7125629749646463,true,false
10,29,-0.15000000000000002,0.9500000000000002,-0.7138297936728226,true,false
11,29,-0.09999999999999998,0.9500000000000002,-0.7150710004609753,true,false
12,29,-0.04999999999999993,0.9500000000000002,-0.7161397377883226,true,false
13,29,0.0,0.9500000000000002,-0.7174211541139157,true,false
14,29,0.050000000000000044,0.9500000000000002,-0.7192615580883394,true,false
15,29,0.09999999999999998,0.9500000000000002,-0.7217273929108472,true,false
16,29,0.15000000000000002,0.9500000000000002,-0.725010055323723,true,false
17,29,0.20000000000000007,0.9500000000000002,-0.7297322920314268,true,false
18,29,0.25,0.9500000000000002,-0.7363241532857709,true,false
19,29,0.30000000000000004,0.9500000000000002,-0.7442706173683651,true,false
20,29,0.35,0.9500000000000002,-0.7525609178391679,true,false
21,29,0.4,0.9500000000000002,-0.7606377248647761,false,true
22,29,0.45000000000000007,0.9500000000000002,-0.7683261818433469,false,true
23,29,0.5000000000000001,0.9500000000000002,-0.7750812273258902,false,true
24,29,0.5500000000000002,0.9500000000000002,-0.780010887305459,false,true
25,29,0.6,0.9500000000000002,-0.7828141895821437,false,true
26,29,0.65,0.9500000000000002,-0.7840565519029095,false,true
0,30,-0.65,1.0,-0.7239492836297204,false,true
1,30,-0.6,1.0,-0.7223920317349802,false,true
2,30,-0.55,1.0,-0.7202378893492015,false,true
3,30,-0.5,1.0,-0.7177037831636695,false,true
4,30,-0.45,1.0,-0.7151198524540632,false,true
5,30,-0.4,1.0,-0.7126902380932773,false,true
6,30,-0.35,1.0,-0.71065010666173,true,false
7,30,-0.3,1.0,-0.7095198310334251,true,false
8,30,-0.25,1.0,-0.7097516642295616,true,false
9,30,-0.2,1.0,-0.7110850752209322,true,false
10,30,-0.15000000000000002,1.0,-0.7126235989235599,true,false
11,30,-0.09999999999999998,1.0,-0.7136947286950907,true,false
12,30,-0.04999999999999993,1.0,-0.7144257805416273,true,false
13,30,0.0,1.0,-0.7154353058552173,true,false
14,30,0.050000000000000044,1.0,-0.7171155884147942,true,false
15,30,0.09999999999999998,1.0,-0.7193382560718279,true,false
16,30,0.15000000000000002,1.0,-0.7217782892643294,true,false
17,30,0.20000000000000007,1.0,-0.7243889457170981,true,false
18,30,0.25,1.0,-0.7275080552739294,true,false
19,30,0.30000000000000004,1.0,-0.7316522212008656,true,false
20,30,0.35,1.0,-0.7372291081838759,true,false
21,30,0.4,1.0,-0.7444642208281351,false,true
22,30,0.45000000000000007,1.0,-0.7533393792385841,false,true
23,30,0.5000000000000001,1.0,-0.7629230791364754,false,true
24,30,0.5500000000000002,1.0,-0.7711794834848357,false,true
25,30,0.6,1.0,-0.7765836206846616,false,true
26,30,0.65,1.0,-0.7793254424758244,false,true
0,31,-0.65,1.05,-0.7185824577281839,false,true
1,31,-0.6,1.05,-0.7162713589675156,false,true
2,31,-0.55,1.05,-0.7135212582674386,false,true
3,31,-0.5,1.05,-0.7108451264404692,false,true
4,31,-0.45,1.05,-0.7086329499969862,false,true
5,31,-0.4,1.05,-0.7069223785556707,false,true
6,31,-0.35,1.05,-0.705845041729491,false,true
7,31,-0.3,1.05,-0.7058815051943481,true,false
8,31,-0.25,1.05,-0.7072751433217022,true,false
9,31,-0.2,1.05,-0.709424798889822,true,false
10,31,-0.15000000000000002,1.05,-0.7112641634377005,true,false
11,31,-0.09999999999999998,1.05,-0.7122586825665924,true,false
12,31,-0.04999999999999993,1.05,-0.712797477288638,true,false
13,31,0.0,1.05,-0.7136554773263528,true,false
14,31,0.050000000000000044,1.05,-0.7152395427608352,true,false
15,31,0.09999999999999998,1.05,-0.7173013456948301,true,false
16,31,0.15000000000000002,1.05,-0.7190738339950623,true,false
17,31,0.20000000000000007,1.05,-0.7197254631326626,true,false
18,31,0.25,1.05,-0.7192278721641633,true,false
19,31,0.30000000000000004,1.05,-0.7190279647409733,true,false
20,31,0.35,1.05,-0.7211269807243142,true,false
21,31,0.4,1.05,-0.7266385143528218,false,true
22,31,0.45000000000000007,1.05,-0.7356987165031114,false,true
23,31,0.5000000000000001,1.05,-0.7472684972842419,false,true
24,31,0.5500000000000002,1.05,-0.758583383471113,false,true
25,31,0.6,1.05,-0.7668882011229843,false,true
26,31,0.65,1.05,-0.7716350301859766,false,true
0,32,-0.65,1.1,-0.7097398360800092,false,true
1,32,-0.6,1.1,-0.7071246777188727,false,true
2,32,-0.55,1.1,-0.7043133130260387,false,true
3,32,-0.5,1.1,-0.7019782004562846,false,true
4,32,-0.45,1.1,-0.7005285605148377,false,true
5,32,-0.4,1.1,-0.6999242041635817,false,true
6,32,-0.35,1.1,-0.7001816404288026,false,true
7,32,-0.3,1.1,-0.7016004248773168,true,false
8,32,-0.25,1.1,-0.7041903810226087,true,false
9,32,-0.2,1.1,-0.7071716428666089,true,false
10,32,-0.15000000000000002,1.1,-0.7094538256606846,true,false
11,32,-0.09999999999999998,1.1,-0.7106073667938798,true,false
12,32,-0.04999999999999993,1.1,-0.7111349455814674,true,false
13,32,0.0,1.1,-0.711871988486879,true,false
14,32,0.050000000000000044,1.1,-0.7132772259681452,true,false
15,32,0.09999999999999998,1.1,-0.7151244553586155,true,false
16,32,0.15000000000000002,1.1,-0.7163963838469413,true,false
17,32,0.20000000000000007,1.1,-0.715624250905827,true,false
18,32,0.25,1.1,-0.712369269236689,true,false
19,32,0.30000000000000004,1.1,-0.7087706402388254,true,false
20,32,0.35,1.1,-0.708178808557556,true,false
21,32,0.4,1.1,-0.7123504540930392,false,true
22,32,0.45000000000000007,1.1,-0.7212608241434727,false,true
23,32,0.5000000000000001,1.1,-0.7337278835527433,false,true
24,32,0.5500000000000002,1.1,-0.7468075012798288,false,true
25,32,0.6,1.1,-0.7571399215245729,false,true
26,32,0.65,1.1,-0.7635530455187794,false,true
0,33,-0.65,1.1500000000000001,-0.6990420314110284,false,true
1,33,-0.6,1.1500000000000001,-0.6967896379750949,false,true
2,33,-0.55,1.1500000000000001,-0.6944840933328725,false,true
3,33,-0.5,1.1500000000000001,-0.6927661295245278,false,true
4,33,-0.45,1.1500000000000001,-0.6921088816574119,false,true
5,33,-0.4,1.1500000000000001,-0.6926086321121301,false,true
6,33,-0.35,1.1500000000000001,-0.6942422348388436,false,true
7,33,-0.3,1.1500000000000001,-0.6970481190524137,true,false
8,33,-0.25,1.1500000000000001,-0.7007914737306477,true,false
9,33,-0.2,1.1500000000000001,-0.7046155657728156,true,false
10,33,-0.15000000000000002,1.1500000000000001,-0.7074632575249192,true,false
11,33,-0.09999999999999998,1.1500000000000001,-0.708933640638924,true,false
12,33,-0.04999999999999993,1.1500000000000001,-0.7095254286241263,true,false
13,33,0.0,1.1500000000000001,-0.7101048393096774,true,false
14,33,0.050000000000000044,1.1500000000000001,-0.7112457251705652,true,false
15,33,0.09999999999999998,1.1500000000000001,-0.7128486707660127,true,false
16,33,0.15000000000000002,1.1500000000000001,-0.7138559995664174,true,false
17,33,0.20000000000000007,1.1500000000000001,-0.7125389959111221,true,false
18,33,0.25,1.1500000000000001,-0.708309082094671,true,false
19,33,0.30000000000000004,1.1500000000000001,-0.7036824761695688,true,false
20,33,0.35,1.1500000000000001,-0.7025790099682616,true,false
21,33,0.4,1.1500000000000001,-0.7067893510715691,false,true
22,33,0.45000000000000007,1.1500000000000001,-0.7158771797722614,false,true
23,33,0.5000000000000001,1.1500000000000001,-0.7284214948176817,false,true
24,33,0.5500000000000002,1.1500000000000001,-0.7415924382276222,false,true
25,33,0.6,1.1500000000000001,-0.7521758517400261,false,true
26,33,0.65,1.1500000000000001,-0.7589424631802787,false,true
0,34,-0.65,1.2000000000000002,-0.68949604570029,false,true
1,34,-0.6,1.2000000000000002,-0.6880259729406192,false,true
2,34,-0.55,1.2000000000000002,-0.6865459781224389,false,true
3,34,-0.5,1.2000000000000002,-0.685555231581791,false,true
4,34,-0.45,1.2000000000000002,-0.6855688888085312,false,true
5,34,-0.4,1.2000000000000002,-0.6868798314790568,false,true
6,34,-0.35,1.2000000000000002,-0.6895299958994152,false,true
7,34,-0.3,1.2000000000000002,-0.6933983191797448,true,false
8,34,-0.25,1.2000000000000002,-0.698049728732251,true,false
9,34,-0.2,1.2000000000000002,-0.7025342755515299,true,false
10,34,-0.15000000000000002,1.2000000000000002,-0.705796316614266,true,false
11,34,-0.09999999999999998,1.2000000000000002,-0.7074567040687777,true,false
12,34,-0.04999999999999993,1.2000000000000002,-0.7080375502753681,true,false
13,34,0.0,1.2000000000000002,-0.7084728229376508,true,false
14,34,0.050000000000000044,1.2000000000000002,-0.7094552204658144,true,false
15,34,0.09999999999999998,1.2000000000000002,-0.7110049937795618,true,false
16,34,0.15000000000000002,1.2000000000000002,-0.7122061055921034,true,false
17,34,0.20000000000000007,1.2000000000000002,-0.7115807137101815,true,false
18,34,0.25,1.2000000000000002,-0.7087580811616981,true,false
19,34,0.30000000000000004,1.2000000000000002,-0.7060419931038757,true,false
20,34,0.35,1.2000000000000002,-0.7066596083934702,true,false
21,34,0.4,1.2000000000000002,-0.711819284893735,false,true
22,34,0.45000000000000007,1.2000000000000002,-0.7209432941080824,false,true
23,34,0.5000000000000001,1.2000000000000002,-0.7326258133073298,false,true
24,34,0.5500000000000002,1.2000000000000002,-0.7442763187305513,false,true
25,34,0.6,1.2000000000000002,-0.7532825907985935,false,true
26,34,0.65,1.2000000000000002,-0.7588900526815984,false,true
0,35,-0.65,1.25,-0.6831994218038069,false,true
1,35,-0.6,1.25,-0.6824965268719604,false,true
2,35,-0.55,1.25,-0.6818506628636982,false,true
3,35,-0.5,1.25,-0.6816373079200764,false,true
4,35,-0.45,1.25,-0.6823204606397756,false,true
5,35,-0.4,1.25,-0.684226116744948,false,true
6,35,-0.35,1.25,-0.6874253357574843,true,false
7,35,-0.3,1.25,-0.6917710814103541,true,false
8,35,-0.25,1.25,-0.6967714136220559,true,false
9,35,-0.2,1.25,-0.7014260587105846,true,false
10,35,-0.15000000000000002,1.25,-0.70467419239299,true,false
11,35,-0.09999999999999998,1.25,-0.7062040505841012,true,false
12,35,-0.04999999999999993,1.25,-0.7066538744571191,true,false
13,35,0.0,1.25,-0.7070588929018046,true,false
14,35,0.050000000000000044,1.25,-0.7081541953996371,true,false
15,35,0.09999999999999998,1.25,-0.7099883423108714,true,false
16,35,0.15000000000000002,1.25,-0.7119002396367324,true,false
17,35,0.20000000000000007,1.25,-0.7130484517519,true,false
18,35,0.25,1.25,-0.7134655764873925,true,false
19,35,0.30000000000000004,1.25,-0.7145998501285216,true,false
20,35,0.35,1.25,-0.717976491307132,true,false
21,35,0.4,1.25,-0.7239697868743099,false,true
22,35,0.45000000000000007,1.25,-0.7323274944149669,false,true
23,35,0.5000000000000001,1.25,-0.7420612101193507,false,true
24,35,0.5500000000000002,1.25,-0.7510265715138751,false,true
25,35,0.6,1.25,-0.7574221616838623,false,true
26,35,0.65,1.25,-0.7611166824962323,false,true
0,36,-0.65,1.3,-0.6801485268848088,false,true
1,36,-0.6,1.3,-0.6800174039408762,false,true
2,36,-0.55,1.3,-0.6801165215081417,false,true
3,36,-0.5,1.3,-0.6807707176539052,false,true
4,36,-0.45,1.3,-0.682290276944332,false,true
5,36,-0.4,1.3,-0.6847808446929273,false,true
6,36,-0.35,1.3,-0.6881745359716636,false,true
7,36,-0.3,1.3,-0.6923666215308465,true,false
8,36,-0.25,1.3,-0.6970159303361834,true,false
9,36,-0.2,1.3,-0.7012322114097865,true,false
10,36,-0.15000000000000002,1.3,-0.7040049089200794,true,false
11,36,-0.09999999999999998,1.3,-0.7051164643336173,true,false
12,36,-0.04999999999999993,1.3,-0.7053525100835839,true,false
13,36,0.0,1.3,-0.7058246023616548,true,false
14,36,0.050000000000000044,1.3,-0.7072164749565588,true,false
15,36,0.09999999999999998,1.3,-0.7095279960437417,true,false
16,36,0.15000000000000002,1.3,-0.7123467750150024,true,false
17,36,0.20000000000000007,1.3,-0.7154610864406024,true,false
18,36,0.25,1.3,-0.7192307007963619,true,false
19,36,0.30000000000000004,1.3,-0.7241804006169993,true,false
20,36,0.35,1.3,-0.7301682532984256,true,false
21,36,0.4,1.3,-0.7367419021043032,true,false
22,36,0.45000000000000007,1.3,-0.7439024577783253,false,true
23,36,0.5000000000000001,1.3,-0.7512048939339641,false,true
24,36,0.5500000000000002,1.3,-0.7572505306011287,false,true
25,36,0.6,1.3,-0.7611180235190206,false,true
26,36,0.65,1.3,-0.7631189915905701,false,true
0,37,-0.65,1.35,-0.6792483781867968,false,true
1,37,-0.6,1.35,-0.6796283801811519,false,true
2,37,-0.55,1.35,-0.6805219597384013,false,true
3,37,-0.5,1.35,-0.6821981847756629,false,true
4,37,-0.45,1.35,-0.6846754930342138,false,true
5,37,-0.4,1.35,-0.687671626243376,false,true
6,37,-0.35,1.35,-0.6909384428776746,false,true
7,37,-0.3,1.35,-0.6945064758666771,true,false
8,37,-0.25,1.35,-0.6983083941825944,true,false
9,37,-0.2,1.35,-0.7016553869992009,true,false
10,37,-0.15000000000000002,1.35,-0.7036500245525165,true,false
11,37,-0.09999999999999998,1.35,-0.704193209069034,true,false
12,37,-0.04999999999999993,1.35,-0.7041782627559094,true,false
13,37,0.0,1.35,-0.7047081635678645,true,false
14,37,0.050000000000000044,1.35,-0.7063508446948707,true,false
15,37,0.09999999999999998,1.35,-0.709038534788239,true,false
16,37,0.15000000000000002,1.35,-0.7124701166019874,true,false
17,37,0.20000000000000007,1.35,-0.7166801928869478,true,false
18,37,0.25,1.35,-0.7221992540037004,true,false
19,37,0.30000000000000004,1.35,-0.7293785073357445,true,false
20,37,0.35,1.35,-0.7374120179085657,true,false
21,37,0.4,1.35,-0.7449446790290154,true,false
22,37,0.45000000000000007,1.35,-0.7514694595519406,true,false
23,37,0.5000000000000001,1.35,-0.7568848594337005,true,false
24,37,0.5500000000000002,1.35,-0.7607555995532539,false,true
25,37,0.6,1.35,-0.7629632238178701,false,true
26,37,0.65,1.35,-0.7639955081737693,false,true
0,38,-0.65,1.4000000000000001,-0.6797045494771325,false,true
1,38,-0.6,1.4000000000000001,-0.6807358056494336,false,true
2,38,-0.55,1.4000000000000001,-0.6825824707321928,false,true
3,38,-0.5,1.4000000000000001,-0.6853182238772795,false,true
4,38,-0.45,1.4000000000000001,-0.6885490124642637,false,true
5,38,-0.4,1.4000000000000001,-0.6916834791862079,false,true
6,38,-0.35,1.4000000000000001,-0.6945047355646983,false,true
7,38,-0.3,1.4000000000000001,-0.6972777699774644,true,false
8,38,-0.25,1.4000000000000001,-0.700127395947034,true,false
9,38,-0.2,1.4000000000000001,-0.7024812619781283,true,false
10,38,-0.15000000000000002,1.4000000000000001,-0.7035921485227383,true,false
11,38,-0.09999999999999998,1.4000000000000001,-0.7035347891465875,true,false
12,38,-0.04999999999999993,1.4000000000000001,-0.7032659941620623,true,false
13,38,0.0,1.4000000000000001,-0.7037913716512108,true,false
14,38,0.050000000000000044,1.4000000000000001,-0.7055268141898758,true,false
15,38,0.09999999999999998,1.4000000000000001,-0.7083155548714386,true,false
16,38,0.15000000000000002,1.4000000000000001,-0.7117088776122595,true,false
17,38,0.20000000000000007,1.4000000000000001,-0.7154594597133414,true,false
18,38,0.25,1.4000000000000001,-0.7202700274183766,true,false
19,38,0.30000000000000004,1.4000000000000001,-0.7276072023676355,true,false
20,38,0.35,1.4000000000000001,-0.7373050886789907,true,false
21,38,0.4,1.4000000000000001,-0.7467454044282864,true,false
22,38,0.45000000000000007,1.4000000000000001,-0.7538223036057599,true,false
23,38,0.5000000000000001,1.4000000000000001,-0.7584579470312452,true,false
24,38,0.5500000000000002,1.4000000000000001,-0.7612817599093428,false,true
25,38,0.6,1.4000000000000001,-0.7628517977754268,false,true
26,38,0.65,1.4000000000000001,-0.7636505126045445,false,true
0,39,-0.65,1.4500000000000002,-0.681383039834292,false,true
1,39,-0.6,1.4500000000000002,-0.6831980444124908,false,true
2,39,-0.55,1.4500000000000002,-0.685970244230323,false,true
3,39,-0.5,1.4500000000000002,-0.6894313601338308,false,true
4,39,-0.45,1.4500000000000002,-0.6928460065011917,false,true
5,39,-0.4,1.4500000000000002,-0.6956262665912157,false,true
6,39,-0.35,1.4500000000000002,-0.6978347858012586,false,true
7,39,-0.3,1.4500000000000002,-0.6999353774383757,true,false
8,39,-0.25,1.4500000000000002,-0.7020360103462702,true,false
9,39,-0.2,1.4500000000000002,-0.7035399797379851,true,false
10,39,-0.15000000000000002,1.4500000000000002,-0.7038539418192536,true,false
11,39,-0.09999999999999998,1.4500000000000002,-0.7032572972341228,true,false
12,39,-0.04999999999999993,1.4500000000000002,-0.7027494297683365,true,false
13,39,0.0,1.4500000000000002,-0.703218440332174,true,false
14,39,0.050000000000000044,1.4500000000000002,-0.7049378253249451,true,false
15,39,0.09999999999999998,1.4500000000000002,-0.7076183325472157,true,false
16,39,0.15000000000000002,1.4500000000000002,-0.710423747328567,true,false
17,39,0.20000000000000007,1.4500000000000002,-0.7124881557325644,true,false
18,39,0.25,1.4500000000000002,-0.7148084498992581,true,false
19,39,0.30000000000000004,1.4500000000000002,-0.7208607467995197,true,false
20,39,0.35,1.4500000000000002,-0.7318535321060767,true,false
21,39,0.4,1.4500000000000002,-0.7436139473806107,true,false
22,39,0.45000000000000007,1.4500000000000002,-0.7518439091255659,true,false
23,39,0.5000000000000001,1.4500000000000002,-0.7563479504008375,false,true
24,39,0.5500000000000002,1.4500000000000002,-0.7588381637197256,false,true
25,39,0.6,1.4500000000000002,-0.7604423994002982,false,true
26,39,0.65,1.4500000000000002,-0.7615254284730225,false,true
0,40,-0.65,1.5,-0.6842555753153153,false,true
1,40,-0.6,1.5,-0.6866775685196468,false,true
2,40,-0.55,1.5,-0.6899312326689041,false,true
3,40,-0.5,1.5,-0.693442493661519,false,true
4,40,-0.45,1.5,-0.6964109671160466,false,true
5,40,-0.4,1.5,-0.6985343387208469,false,true
6,40,-0.35,1.5,-0.7001796943446007,false,true
7,40,-0.3,1.5,-0.7018461222004203,true,false
8,40,-0.25,1.5,-0.7034854685209263,true,false
9,40,-0.2,1.5,-0.7044298992871645,true,false
10,40,-0.15000000000000002,1.5,-0.7042101491865591,true,false
11,40,-0.09999999999999998,1.5,-0.703251854875042,true,false
12,40,-0.04999999999999993,1.5,-0.7025619504105574,true,false
13,40,0.0,1.5,-0.702949564414649,true,false
14,40,0.050000000000000044,1.5,-0.7046196288375828,true,false
15,40,0.09999999999999998,1.5,-0.7071852602840081,true,false
16,40,0.15000000000000002,1.5,-0.709506857080264,true,false
17,40,0.20000000000000007,1.5,-0.7103127414100355,true,false
18,40,0.25,1.5,-0.7108140076943293,true,false
19,40,0.30000000000000004,1.5,-0.7156596681405305,true,false
20,40,0.35,1.5,-0.7267508843326784,true,false
21,40,0.4,1.5,-0.7389860137455143,true,false
22,40,0.45000000000000007,1.5,-0.7469987190774654,true,false
23,40,0.5000000000000001,1.5,-0.7508249218186569,false,true
24,40,0.5500000000000002,1.5,-0.7529572979222539,false,true
25,40,0.6,1.5,-0.7547685900159141,false,true
26,40,0.65,1.5,-0.7563527341800709,false,true
0,41,-0.65,1.5500000000000003,-0.6876695774231758,false,true
1,41,-0.6,1.5500000000000003,-0.6901639473223284,false,true
2,41,-0.55,1.5500000000000003,-0.6932153719304733,false,true
3,41,-0.5,1.5500000000000003,-0.696159649097442,false,true
4,41,-0.45,1.5500000000000003,-0.6983688650977546,false,true
5,41,-0.4,1.5500000000000003,-0.6998396783181545,false,true
6,41,-0.35,1.5500000000000003,-0.7010700457711592,false,true
7,41,-0.3,1.5500000000000003,-0.7024710714690549,true,false
8,41,-0.25,1.5500000000000003,-0.7038619655866917,true,false
9,41,-0.2,1.5500000000000003,-0.704559234820743,true,false
10,41,-0.15000000000000002,1.5500000000000003,-0.7041715228963603,true,false
11,41,-0.09999999999999998,1.5500000000000003,-0.7031492047266862,true,false
12,41,-0.04999999999999993,1.5500000000000003,-0.7024280502409604,true,false
13,41,0.0,1.5500000000000003,-0.7027536531562887,true,false
14,41,0.050000000000000044,1.5500000000000003,-0.7043460681040499,true,false
15,41,0.09999999999999998,1.5500000000000003,-0.7068592242395852,true,false
16,41,0.15000000000000002,1.5500000000000003,-0.7092541786280954,true,false
17,41,0.20000000000000007,1.5500000000000003,-0.7104636284686324,true,false
18,41,0.25,1.5500000000000003,-0.711582372546723,true,false
19,41,0.30000000000000004,1.5500000000000003,-0.7163020473669279,true,false
20,41,0.35,1.5500000000000003,-0.7256120815387912,true,false
21,41,0.4,1.5500000000000003,-0.7348735197003352,true,false
22,41,0.45000000000000007,1.5500000000000003,-0.7400454538315042,true,false
23,41,0.5000000000000001,1.5500000000000003,-0.742061531730253,false,true
24,41,0.5500000000000002,1.5500000000000003,-0.7435204395742907,false,true
25,41,0.6,1.5500000000000003,-0.7454163958867459,false,true
26,41,0.65,1.5500000000000003,-0.7474005784275399,false,true
0,42,-0.65,1.6,-0.6903837793793557,false,true
1,42,-0.6,1.6,-0.6924015987217755,false,true
2,42,-0.55,1.6,-0.6947689173936338,false,true
3,42,-0.5,1.6,-0.6969361558227383,false,true
4,42,-0.45,1.6,-0.6984723066103968,false,true
5,42,-0.4,1.6,-0.699481880891206,false,true
6,42,-0.35,1.6,-0.700425554525669,false,true
7,42,-0.3,1.6,-0.7016344386881385,true,false
8,42,-0.25,1.6,-0.7029118797061695,true,false
9,42,-0.2,1.6,-0.7036315007963757,true,false
10,42,-0.15000000000000002,1.6,-0.7034284211565663,true,false
11,42,-0.09999999999999998,1.6,-0.7026608067362122,true,false
12,42,-0.04999999999999993,1.6,-0.7021074753173938,true,false
13,42,0.0,1.6,-0.7024217602878816,true,false
14,42,0.050000000000000044,1.6,-0.7038625735094354,true,false
15,42,0.09999999999999998,1.6,-0.7062354491659925,true,false
16,42,0.15000000000000002,1.6,-0.7089044614465919,true,false
17,42,0.20000000000000007,1.6,-0.711376726314605,true,false
18,42,0.25,1.6,-0.7144030302670523,true,false
19,42,0.30000000000000004,1.6,-0.7195249379182348,true,false
20,42,0.35,1.6,-0.7260061677181533,true,false
21,42,0.4,1.6,-0.7305222072045862,true,false
22,42,0.45000000000000007,1.6,-0.7316947614389749,true,false
23,42,0.5000000000000001,1.6,-0.7316133165630063,false,true
24,42,0.5500000000000002,1.6,-0.7324151634192175,false,true
25,42,0.6,1.6,-0.734275579863613,false,true
26,42,0.65,1.6,-0.7363868727328089,false,true
0,43,-0.65,1.65,-0.6916076183700933,false,true
1,43,-0.6,1.65,-0.6929295036795095,false,true
2,43,-0.55,1.65,-0.6945237003724342,false,true
3,43,-0.5,1.65,-0.6960317060708762,false,true
4,43,-0.45,1.65,-0.6971345666148926,false,true
5,43,-0.4,1.65,-0.6978783821154174,false,true
6,43,-0.35,1.65,-0.6986203427105904,false,true
7,43,-0.3,1.65,-0.6996752028537837,true,false
8,43,-0.25,1.65,-0.7009289367712338,true,false
9,43,-0.2,1.65,-0.7018501590112446,true,false
10,43,-0.15000000000000002,1.65,-0.7020530529945481,true,false
11,43,-0.09999999999999998,1.65,-0.7017305333616998,true,false
12,43,-0.04999999999999993,1.65,-0.7014659302088192,true,false
13,43,0.0,1.65,-0.7018020267531444,true,false
14,43,0.050000000000000044,1.65,-0.7030143971356605,true,false
15,43,0.09999999999999998,1.65,-0.7050673221527775,true,false
16,43,0.15000000000000002,1.65,-0.7077178055368459,true,false
17,43,0.20000000000000007,1.65,-0.7109506402486456,true,false
18,43,0.25,1.65,-0.7152153523502361,true,false
19,43,0.30000000000000004,1.65,-0.720410334496107,true,false
20,43,0.35,1.65,-0.7246156104159539,true,false
21,43,0.4,1.65,-0.7256784015186668,true,false
22,43,0.45000000000000007,1.65,-0.7242333651817794,true,false
23,43,0.5000000000000001,1.65,-0.7229998147000579,false,true
24,43,0.5500000000000002,1.65,-0.7235197942549088,false,true
25,43,0.6,1.65,-0.7253100634955698,false,true
26,43,0.65,1.65,-0.7273290748889307,false,true
0,44,-0.65,1.7000000000000002,-0.6916704283074729,false,true
1,44,-0.6,1.7000000000000002,-0.6923908258318012,false,true
2,44,-0.55,1.7000000000000002,-0.6933443443335653,false,true
3,44,-0.5,1.7000000000000002,-0.6943450824812615,false,true
4,44,-0.45,1.7000000000000002,-0.695149624832946,false,true
5,44,-0.4,1.7000000000000002,-0.6957164993586694,false,true
6,44,-0.35,1.7000000000000002,-0.6962964801287015,false,true
7,44,-0.3,1.7000000000000002,-0.6972095434797191,true,false
8,44,-0.25,1.7000000000000002,-0.6984542324711025,true,false
9,44,-0.2,1.7000000000000002,-0.6996035949545065,true,false
10,44,-0.15000000000000002,1.7000000000000002,-0.7002309212905248,true,false
11,44,-0.09999999999999998,1.7000000000000002,-0.7003508978210576,true,false
12,44,-0.04999999999999993,1.7000000000000002,-0.7003715908601632,true,false
13,44,0.0,1.7000000000000002,-0.7007457038977772,true,false
14,44,0.050000000000000044,1.7000000000000002,-0.7017473889422904,true,false
15,44,0.09999999999999998,1.7000000000000002,-0.7034461840032493,true,false
16,44,0.15000000000000002,1.7000000000000002,-0.7058263552842237,true,false
17,44,0.20000000000000007,1.7000000000000002,-0.7090936981770335,true,false
18,44,0.25,1.7000000000000002,-0.7135623725749833,true,false
19,44,0.30000000000000004,1.7000000000000002,-0.7185392882620896,true,false
20,44,0.35,1.7000000000000002,-0.7218719508405345,true,false
21,44,0.4,1.7000000000000002,-0.722080155583569,true,false
22,44,0.45000000000000007,1.7000000000000002,-0.7204003514593303,false,true
23,44,0.5000000000000001,1.7000000000000002,-0.7193150371110205,false,true
24,44,0.5500000000000002,1.7000000000000002,-0.7198986122053249,false,true
25,44,0.6,1.7000000000000002,-0.7215498493161842,false,true
26,44,0.65,1.7000000000000002,-0.7233372171544237,false,true
0,45,-0.65,1.75,-0.6913743034605779,false,true
1,45,-0.6,1.75,-0.6917000798047789,false,true
2,45,-0.55,1.75,-0.6921896334142358,false,true
3,45,-0.5,1.75,-0.6927725392873038,false,true
4,45,-0.45,1.75,-0.6932918121513564,false,true
5,45,-0.4,1.75,-0.6936763373707385,false,true
6,45,-0.35,1.75,-0.6940959526360319,false,true
7,45,-0.3,1.75,-0.6948557529795902,true,false
8,45,-0.25,1.75,-0.6960391537909159,true,false
9,45,-0.2,1.75,-0.6973112294881616,true,false
10,45,-0.15000000000000002,1.75,-0.6982209022288725,true,false
11,45,-0.09999999999999998,1.75,-0.6986570656510452,true,false
12,45,-0.04999999999999993,1.75,-0.6989121460222095,true,false
13,45,0.0,1.75,-0.6993767083861229,true,false
14,45,0.050000000000000044,1.75,-0.7003013260932859,true,false
15,45,0.09999999999999998,1.75,-0.701781261114542,true,false
16,45,0.15000000000000002,1.75,-0.7038717239644419,true,false
17,45,0.20000000000000007,1.75,-0.7068499577142594,true,false
18,45,0.25,1.75,-0.7110756182742783,true,false
19,45,0.30000000000000004,1.75,-0.7159675960767804,true,false
20,45,0.35,1.75,-0.719684867087933,true,false
21,45,0.4,1.75,-0.7209798809664701,true,false
22,45,0.45000000000000007,1.75,-0.7206886587965059,true,false
23,45,0.5000000000000001,1.75,-0.720507650143611,false,true
24,45,0.5500000000000002,1.75,-0.7212203002069443,false,true
25,45,0.6,1.75,-0.7225461925306766,false,true
26,45,0.65,1.75,-0.7239226418003057,false,true
0,46,-0.65,1.8000000000000003,-0.6911637009141074,false,true
1,46,-0.6,1.8000000000000003,-0.6912821128094006,false,true
2,46,-0.55,1.8000000000000003,-0.6914840945538234,false,true
3,46,-0.5,1.8000000000000003,-0.6917524851667073,false,true
4,46,-0.45,1.8000000000000003,-0.6920090655206091,false,true
5,46,-0.4,1.8000000000000003,-0.6922089479310496,false,true
6,46,-0.35,1.8000000000000003,-0.692485640130861,false,true
7,46,-0.3,1.8000000000000003,-0.6931160212858632,false,true
8,46,-0.25,1.8000000000000003,-0.6942136591217933,true,false
9,46,-0.2,1.8000000000000003,-0.6954950900873703,true,false
10,46,-0.15000000000000002,1.8000000000000003,-0.6965204219016822,true,false
11,46,-0.09999999999999998,1.8000000000000003,-0.697148633136113,true,false
12,46,-0.04999999999999993,1.8000000000000003,-0.6976218002677452,true,false
13,46,0.0,1.8000000000000003,-0.6982614115265903,true,false
14,46,0.050000000000000044,1.8000000000000003,-0.6992357777520897,true,false
15,46,0.09999999999999998,1.8000000000000003,-0.7005761910737788,true,false
16,46,0.15000000000000002,1.8000000000000003,-0.7023284061943023,true,false
17,46,0.20000000000000007,1.8000000000000003,-0.7048500881255976,true,false
18,46,0.25,1.8000000000000003,-0.7087269711247723,true,false
19,46,0.30000000000000004,1.8000000000000003,-0.7137793160118945,true,false
20,46,0.35,1.8000000000000003,-0.7185336718242026,true,false
21,46,0.4,1.8000000000000003,-0.7216076260528115,true,false
22,46,0.45000000000000007,1.8000000000000003,-0.7230534281500683,true,false
23,46,0.5000000000000001,1.8000000000000003,-0.723771176516394,false,true
24,46,0.5500000000000002,1.8000000000000003,-0.7244460781388976,false,true
25,46,0.6,1.8000000000000003,-0.725255620796031,false,true
26,46,0.65,1.8000000000000003,-0.7260615437004696,false,true
0,47,-0.65,1.85,-0.6910744401092247,false,true
1,47,-0.6,1.85,-0.6911094616932938,false,true
2,47,-0.55,1.85,-0.691172481469654,false,true
3,47,-0.5,1.85,-0.691259139617774,false,true
4,47,-0.45,1.85,-0.6913405802837621,false,true
5,47,-0.4,1.85,-0.6914177424131954,false,true
6,47,-0.35,1.85,-0.6916296808462784,false,true
7,47,-0.3,1.85,-0.6922287409625885,true,false
8,47,-0.25,1.85,-0.6933009782885917,true,false
9,47,-0.2,1.85,-0.694559472898624,true,false
10,47,-0.15000000000000002,1.85,-0.6956114548533566,true,false
11,47,-0.09999999999999998,1.85,-0.6963749240625642,true,false
12,47,-0.04999999999999993,1.85,-0.6970714626203198,true,false
13,47,0.0,1.85,-0.6979066464698835,true,false
14,47,0.050000000000000044,1.85,-0.6988969946932281,true,false
15,47,0.09999999999999998,1.85,-0.6999585283782204,true,false
16,47,0.15000000000000002,1.85,-0.7011321819135431,true,false
17,47,0.20000000000000007,1.85,-0.7029361755359567,true,false
18,47,0.25,1.85,-0.7063048918612808,true,false
19,47,0.30000000000000004,1.85,-0.7115175753699088,true,false
20,47,0.35,1.85,-0.7173275903820976,true,false
21,47,0.4,1.85,-0.7219755332059142,true,false
22,47,0.45000000000000007,1.85,-0.7247421255863638,true,false
23,47,0.5000000000000001,1.85,-0.726018452117393,false,true
24,47,0.5500000000000002,1.85,-0.7265471833377097,false,true
25,47,0.6,1.85,-0.7268707608368686,false,true
26,47,0.65,1.85,-0.7271618840067996,false,true
0,48,-0.65,1.9000000000000004,-0.6910071526125445,false,true
1,48,-0.6,1.9000000000000004,-0.6910253064140073,false,true
2,48,-0.55,1.9000000000000004,-0.6910408902166498,false,true
3,48,-0.5,1.9000000000000004,-0.6910467019208788,false,true
4,48,-0.45,1.9000000000000004,-0.6910440736604821,false,true
5,48,-0.4,1.9000000000000004,-0.6910854293223377,false,true
6,48,-0.35,1.9000000000000004,-0.6913406323157758,true,false
7,48,-0.3,1.9000000000000004,-0.6920359946842918,true,false
8,48,-0.25,1.9000000000000004,-0.6931787301650183,true,false
9,48,-0.2,1.9000000000000004,-0.6944351521556839,true,false
10,48,-0.15000000000000002,1.9000000000000004,-0.6954854329091241,true,false
11,48,-0.09999999999999998,1.9000000000000004,-0.6963519412896503,true,false
12,48,-0.04999999999999993,1.9000000000000004,-0.697227457184183,true,false
13,48,0.0,1.9000000000000004,-0.6981580607417393,true,false
14,48,0.050000000000000044,1.9000000000000004,-0.6989855948398751,true,false
15,48,0.09999999999999998,1.9000000000000004,-0.6995304846533346,true,false
16,48,0.15000000000000002,1.9000000000000004,-0.6998782421254451,true,false
17,48,0.20000000000000007,1.9000000000000004,-0.7007442147916493,true,false
18,48,0.25,1.9000000000000004,-0.7033916868161341,true,false
19,48,0.30000000000000004,1.9000000000000004,-0.7084797598070486,true,false
20,48,0.35,1.9000000000000004,-0.7149001783194935,true,false
21,48,0.4,1.9000000000000004,-0.7205344401388674,true,false
22,48,0.45000000000000007,1.9000000000000004,-0.7241066816032113,true,false
23,48,0.5000000000000001,1.9000000000000004,-0.7257500697437023,true,false
24,48,0.5500000000000002,1.9000000000000004,-0.7262761222297565,false,true
25,48,0.6,1.9000000000000004,-0.726398867011932,false,true
26,48,0.65,1.9000000000000004,-0.7264417586154722,false,true
0,49,-0.65,1.9500000000000002,-0.690828934477181,false,true
1,49,-0.6,1.9500000000000002,-0.6908697188674051,false,true
2,49,-0.55,1.9500000000000002,-0.6908786731335878,false,true
3,49,-0.5,1.9500000000000002,-0.6908365893500332,false,true
4,49,-0.45,1.9500000000000002,-0.6907757792502631,false,true
5,49,-0.4,1.9500000000000002,-0.6908161010607569,false,true
6,49,-0.35,1.9500000000000002,-0.6911715423746765,false,true
7,49,-0.3,1.9500000000000002,-0.6920282769105643,true,false
8,49,-0.25,1.9500000000000002,-0.6932794776692175,true,false
9,49,-0.2,1.9500000000000002,-0.6945277263668552,true,false
10,49,-0.15000000000000002,1.9500000000000002,-0.6955341468067799,true,false
11,49,-0.09999999999999998,1.9500000000000002,-0.696427933251366,true,false
12,49,-0.04999999999999993,1.9500000000000002,-0.697369019720821,true,false
13,49,0.0,1.9500000000000002,-0.6982544397513387,true,false
14,49,0.050000000000000044,1.9500000000000002,-0.6987878411000393,true,false
15,49,0.09999999999999998,1.9500000000000002,-0.6987481938464666,true,false
16,49,0.15000000000000002,1.9500000000000002,-0.6982969779183075,true,false
17,49,0.20000000000000007,1.9500000000000002,-0.698293330422875,true,false
18,49,0.25,1.9500000000000002,-0.700169662988153,true,false
19,49,0.30000000000000004,1.9500000000000002,-0.7047979524013753,true,false
20,49,0.35,1.9500000000000002,-0.7112255443937998,true,false
21,49,0.4,1.9500000000000002,-0.7172349818588588,true,false
22,49,0.45000000000000007,1.9500000000000002,-0.7212807189145513,true,false
23,49,0.5000000000000001,1.9500000000000002,-0.723313308362881,true,false
24,49,0.5500000000000002,1.9500000000000002,-0.7240857115506798,false,true
25,49,0.6,1.9500000000000002,-0.7243145772587956,false,true
26,49,0.65,1.9500000000000002,-0.7243723555090117,false,true
0,50,-0.65,2.0,-0.6903660665041252,false,true
1,50,-0.6,2.0,-0.6904588299559001,false,true
2,50,-0.55,2.0,-0.6904729759994523,false,true
3,50,-0.5,2.0,-0.6903650984188733,false,true
4,50,-0.45,2.0,-0.6902068304462995,false,true
5,50,-0.4,2.0,-0.6902027614609645,false,true
6,50,-0.35,2.0,-0.6906135673211841,false,true
7,50,-0.3,2.0,-0.6915753363057442,true,false
8,50,-0.25,2.0,-0.6928652185701529,true,false
9,50,-0.2,2.0,-0.6940339264124511,true,false
10,50,-0.15000000000000002,2.0,-0.69492277354159,true,false
11,50,-0.09999999999999998,2.0,-0.695754771848538,true,false
12,50,-0.04999999999999993,2.0,-0.6966732550492306,true,false
13,50,0.0,2.0,-0.6974749015654543,true,false
14,50,0.050000000000000044,2.0,-0.6977806857095593,true,false
15,50,0.09999999999999998,2.0,-0.6973686072041945,true,false
16,50,0.15000000000000002,2.0,-0.6964635627580459,true,false
17,50,0.20000000000000007,2.0,-0.6959585772957841,true,false
18,50,0.25,2.0,-0.6972518189235752,true,false
19,50,0.30000000000000004,2.0,-0.701252956131227,true,false
20,50,0.35,2.0,-0.7072289429167117,true,false
21,50,0.4,2.0,-0.7131832297405543,true,false
22,50,0.45000000000000007,2.0,-0.7175462985391637,true,false
23,50,0.5000000000000001,2.0,-0.7200379644956351,false,true
24,50,0.5500000000000002,2.0,-0.7211935153843662,false,true
25,50,0.6,2.0,-0.7216560884796077,false,true
26,50,0.65,2.0,-0.7218337482653725,false,true
0,51,-0.65,2.0500000000000003,-0.6894937735678316,false,true
1,51,-0.6,2.0500000000000003,-0.6896402965326764,false,true
2,51,-0.55,2.0500000000000003,-0.6896505495617111,false,true
3,51,-0.5,2.0500000000000003,-0.6894519423921234,false,true
4,51,-0.45,2.0500000000000003,-0.6891549949244371,false,true
5,51,-0.4,2.0500000000000003,-0.6890425276215172,false,true
6,51,-0.35,2.0500000000000003,-0.6894109730317562,false,true
7,51,-0.3,2.0500000000000003,-0.6903513583399464,true,false
8,51,-0.25,2.0500000000000003,-0.691550200456609,true,false
9,51,-0.2,2.0500000000000003,-0.6925377666807023,true,false
10,51,-0.15000000000000002,2.0500000000000003,-0.6932554085887183,true,false
11,51,-0.09999999999999998,2.0500000000000003,-0.6940241777822491,true,false
12,51,-0.04999999999999993,2.0500000000000003,-0.6949721695872367,true,false
13,51,0.0,2.0500000000000003,-0.6958097900071583,true,false
14,51,0.050000000000000044,2.0500000000000003,-0.6961082609760637,true,false
15,51,0.09999999999999998,2.0500000000000003,-0.6956650519325879,true,false
16,51,0.15000000000000002,2.0500000000000003,-0.6947230679364484,true,false
17,51,0.20000000000000007,2.0500000000000003,-0.6940913613218326,true,false
18,51,0.25,2.0500000000000003,-0.6949987708731715,true,false
19,51,0.30000000000000004,2.0500000000000003,-0.6983308117612316,true,false
20,51,0.35,2.0500000000000003,-0.7036727428656919,true,false
21,51,0.4,2.0500000000000003,-0.7094525217322568,true,false
22,51,0.45000000000000007,2.0500000000000003,-0.7141588813485096,true,false
23,51,0.5000000000000001,2.0500000000000003,-0.7171727325722244,true,false
24,51,0.5500000000000002,2.0500000000000003,-0.7187115403199694,false,true
25,51,0.6,2.0500000000000003,-0.7193631454855669,false,true
26,51,0.65,2.0500000000000003,-0.7196193105764593,false,true
0,52,-0.65,2.1,-0.6882792755375098,false,true
1,52,-0.6,2.1,-0.6884516074776361,false,true
2,52,-0.55,2.1,-0.68844555505876,false,true
3,52,-0.5,2.1,-0.6881660293045433,false,true
4,52,-0.45,2.1,-0.6877424698953707,false,true
5,52,-0.4,2.1,-0.6875032068266391,false,true
6,52,-0.35,2.1,-0.6877669143587929,false,true
7,52,-0.3,2.1,-0.6885908503942003,true,false
8,52,-0.25,2.1,-0.6895960544972104,true,false
9,52,-0.2,2.1,-0.6903313748058683,true,false
10,52,-0.15000000000000002,2.1,-0.6908852316186279,true,false
11,52,-0.09999999999999998,2.1,-0.6916943606841481,true,false
12,52,-0.04999999999999993,2.1,-0.6928358121423585,true,false
13,52,0.0,2.1,-0.6938945202359361,true,false
14,52,0.050000000000000044,2.1,-0.6944013052248672,true,false
15,52,0.09999999999999998,2.1,-0.6941858532767357,true,false
16,52,0.15000000000000002,2.1,-0.693450925351707,true,false
17,52,0.20000000000000007,2.1,-0.692824340443022,true,false
18,52,0.25,2.1,-0.6933335071882273,true,false
19,52,0.30000000000000004,2.1,-0.6959126564700976,true,false
20,52,0.35,2.1,-0.7005869935942318,true,false
21,52,0.4,2.1,-0.706278175524558,true,false
22,52,0.45000000000000007,2.1,-0.711480215763712,true,false
23,52,0.5000000000000001,2.1,-0.7151162569269971,true,false
24,52,0.5500000000000002,2.1,-0.7170324841896878,false,true
25,52,0.6,2.1,-0.7178040914148482,false,true
26,52,0.65,2.1,-0.718064983441202,false,true
0,53,-0.65,2.1500000000000004,-0.6869487090159403,false,true
1,53,-0.6,2.1500000000000004,-0.6871426174221295,false,true
2,53,-0.55,2.1500000000000004,-0.6871491419153232,false,true
3,53,-0.5,2.1500000000000004,-0.686845824115154,false,true
4,53,-0.45,2.1500000000000004,-0.6863375478917484,false,true
5,53,-0.4,2.1500000000000004,-0.6859624750555803,false,true
6,53,-0.35,2.1500000000000004,-0.6860676331246959,false,true
7,53,-0.3,2.1500000000000004,-0.68669920782875,true,false
8,53,-0.25,2.1500000000000004,-0.6874431801453044,true,false
9,53,-0.2,2.1500000000000004,-0.6879098076642993,true,false
10,53,-0.15000000000000002,2.1500000000000004,-0.6883596280139228,true,false
11,53,-0.09999999999999998,2.1500000000000004,-0.6893252164779741,true,false
12,53,-0.04999999999999993,2.1500000000000004,-0.6907852772817213,true,false
13,53,0.0,2.1500000000000004,-0.692168721220383,true,false
14,53,0.050000000000000044,2.1500000000000004,-0.6929720797802773,true,false
15,53,0.09999999999999998,2.1500000000000004,-0.6930665740995752,true,false
16,53,0.15000000000000002,2.1500000000000004,-0.6925832251237419,true,false
17,53,0.20000000000000007,2.1500000000000004,-0.6919270479326045,true,false
18,53,0.25,2.1500000000000004,-0.6919439126918346,true,false
19,53,0.30000000000000004,2.1500000000000004,-0.693681566952538,true,false
20,53,0.35,2.1500000000000004,-0.6976376444178959,true,false
21,53,0.4,2.1500000000000004,-0.7032288197834752,true,false
22,53,0.45000000000000007,2.1500000000000004,-0.7089745183696984,true,false
23,53,0.5000000000000001,2.1500000000000004,-0.7133376400620208,true,false
24,53,0.5500000000000002,2.1500000000000004,-0.7157282194541212,false,true
25,53,0.6,2.1500000000000004,-0.7166597721703725,false,true
26,53,0.65,2.1500000000000004,-0.7169211170290708,false,true
0,54,-0.65,2.2,-0.6856893332534948,false,true
1,54,-0.6,2.2,-0.6859442686916163,false,true
2,54,-0.55,2.2,-0.6860373751099451,false,true
3,54,-0.5,2.2,-0.685789501598428,false,true
4,54,-0.45,2.2,-0.6852160834698485,false,true
5,54,-0.4,2.2,-0.684628560924557,false,true
6,54,-0.35,2.2,-0.6844302414916549,false,true
7,54,-0.3,2.2,-0.6847204187493041,true,false
8,54,-0.25,2.2,-0.6851245851633035,true,false
9,54,-0.2,2.2,-0.6853524457799766,true,false
10,54,-0.15000000000000002,2.2,-0.6857812689296489,true,false
11,54,-0.09999999999999998,2.2,-0.6869474440640553,true,false
12,54,-0.04999999999999993,2.2,-0.6887096428796613,true,false
13,54,0.0,2.2,-0.6903730648459357,true,false
14,54,0.050000000000000044,2.2,-0.6914138276752171,true,false
15,54,0.09999999999999998,2.2,-0.6917498972396713,true,false
16,54,0.15000000000000002,2.2,-0.6914752675384955,true,false
17,54,0.20000000000000007,2.2,-0.6908231933110621,true,false
18,54,0.25,2.2,-0.6904780824176465,true,false
19,54,0.30000000000000004,2.2,-0.6915306884740453,true,false
20,54,0.35,2.2,-0.6947903278204904,true,false
21,54,0.4,2.2,-0.7000877100095652,true,false
22,54,0.45000000000000007,2.2,-0.7061361888485751,true,false
23,54,0.5000000000000001,2.2,-0.7111589866837826,true,false
24,54,0.5500000000000002,2.2,-0.7141133675691799,false,true
25,54,0.6,2.2,-0.7153066886125342,false,true
26,54,0.65,2.2,-0.7156225932766983,false,true
0,55,-0.65,2.25,-0.6845838633777592,false,true
1,55,-0.6,2.25,-0.6848999509366459,false,true
2,55,-0.55,2.25,-0.6851039375959411,false,true
3,55,-0.5,2.25,-0.6849416525948603,false,true
4,55,-0.45,2.25,-0.6842789330355448,false,true
5,55,-0.4,2.25,-0.6833470322683594,false,true
6,55,-0.35,2.25,-0.6826285926929884,false,true
7,55,-0.3,2.25,-0.6823816752381804,true,false
8,55,-0.25,2.25,-0.6823853639863656,true,false
9,55,-0.2,2.25,-0.6824571445675537,true,false
10,55,-0.15000000000000002,2.25,-0.6829600600032825,true,false
11,55,-0.09999999999999998,2.25,-0.684303971625559,true,false
12,55,-0.04999999999999993,2.25,-0.686236869855777,true,false
13,55,0.0,2.25,-0.6880251132632942,true,false
14,55,0.050000000000000044,2.25,-0.6891592926656839,true,false
15,55,0.09999999999999998,2.25,-0.6896148075327041,true,false
16,55,0.15000000000000002,2.25,-0.6895252056513939,true,false
17,55,0.20000000000000007,2.25,-0.6890584294302854,true,false
18,55,0.25,2.25,-0.6887562049462546,true,false
19,55,0.30000000000000004,2.25,-0.6896157754062879,true,false
20,55,0.35,2.25,-0.6924807635022604,true,false
21,55,0.4,2.25,-0.6973610385590654,true,false
22,55,0.45000000000000007,2.25,-0.703260864741986,true,false
23,55,0.5000000000000001,2.25,-0.7085195856377918,true,false
24,55,0.5500000000000002,2.25,-0.7118449644364956,false,true
25,55,0.6,2.25,-0.7132754552976674,false,true
26,55,0.65,2.25,-0.7136740949194958,false,true
0,56,-0.65,2.3000000000000003,-0.6836745217064572,false,true
1,56,-0.6,2.3000000000000003,-0.6839438563048386,false,true
2,56,-0.55,2.3000000000000003,-0.6841277197426079,false,true
3,56,-0.5,2.3000000000000003,-0.6839238650862297,false,true
4,56,-0.45,2.3000000000000003,-0.6830534932350371,false,true
5,56,-0.4,2.3000000000000003,-0.6816364834921871,false,true
6,56,-0.35,2.3000000000000003,-0.6802426334496614,false,true
7,56,-0.3,2.3000000000000003,-0.6793848949686507,true,false
8,56,-0.25,2.3000000000000003,-0.6790801179345499,true,false
9,56,-0.2,2.3000000000000003,-0.6791923591701355,true,false
10,56,-0.15000000000000002,2.3000000000000003,-0.6799025767520842,true,false
11,56,-0.09999999999999998,2.3000000000000003,-0.6813882176112248,true,false
12,56,-0.04999999999999993,2.3000000000000003,-0.683322276409102,true,false
13,56,0.0,2.3000000000000003,-0.6850369591919002,true,false
14,56,0.050000000000000044,2.3000000000000003,-0.6861065569082214,true,false
15,56,0.09999999999999998,2.3000000000000003,-0.6865893348825882,true,false
16,56,0.15000000000000002,2.3000000000000003,-0.6867019843179739,true,false
17,56,0.20000000000000007,2.3000000000000003,-0.6866074135020626,true,false
18,56,0.25,2.3000000000000003,-0.6867319613089297,true,false
19,56,0.30000000000000004,2.3000000000000003,-0.6879381363004157,true,false
20,56,0.35,2.3000000000000003,-0.6909165948776236,true,false
21,56,0.4,2.3000000000000003,-0.6955293325465679,true,false
22,56,0.45000000000000007,2.3000000000000003,-0.7009046637219991,true,false
23,56,0.5000000000000001,2.3000000000000003,-0.705759366836853,true,false
24,56,0.5500000000000002,2.3000000000000003,-0.7089741783962413,false,true
25,56,0.6,2.3000000000000003,-0.7104562607933017,false,true
26,56,0.65,2.3000000000000003,-0.7109250850387859,false,true
0,57,-0.65,2.35,-0.6828955246915642,false,true
1,57,-0.6,2.35,-0.6829351111012548,false,true
2,57,-0.55,2.35,-0.6828169335945471,false,true
3,57,-0.5,2.35,-0.6822509759908821,false,true
4,57,-0.45,2.35,-0.6809225010118948,true,false
5,57,-0.4,2.35,-0.6788989387270314,true,false
6,57,-0.35,2.35,-0.6768434201936667,true,false
7,57,-0.3,2.35,-0.6755463726634945,true,false
8,57,-0.25,2.35,-0.6752497059510166,true,false
9,57,-0.2,2.35,-0.6757259006366138,true,false
10,57,-0.15000000000000002,2.35,-0.6768054300343552,true,false
11,57,-0.09999999999999998,2.35,-0.6783912439404067,true,false
12,57,-0.04999999999999993,2.35,-0.6801613066469172,true,false
13,57,0.0,2.35,-0.6816220608336837,true,false
14,57,0.050000000000000044,2.35,-0.6825014893343206,true,false
15,57,0.09999999999999998,2.35,-0.6829550040180548,true,false
16,57,0.15000000000000002,2.35,-0.6832639417251027,true,false
17,57,0.20000000000000007,2.35,-0.6835683418391697,true,false
18,57,0.25,2.35,-0.6842041500119904,true,false
19,57,0.30000000000000004,2.35,-0.6859787744939531,true,false
20,57,0.35,2.35,-0.6894480733875508,true,false
21,57,0.4,2.35,-0.6941283213712772,true,false
22,57,0.45000000000000007,2.35,-0.6989750710749629,true,false
23,57,0.5000000000000001,2.35,-0.7030841144846396,true,false
24,57,0.5500000000000002,2.35,-0.7058400016655592,false,true
25,57,0.6,2.35,-0.707227843690666,false,true
26,57,0.65,2.35,-0.707765426937933,false,true
0,58,-0.65,2.4000000000000004,-0.6818705219147833,false,true
1,58,-0.6,2.4000000000000004,-0.6815042177192508,false,true
2,58,-0.55,2.4000000000000004,-0.6807978376501049,false,true
3,58,-0.5,2.4000000000000004,-0.6795452286525919,true,false
4,58,-0.45,2.4000000000000004,-0.6775517679740796,true,false
5,58,-0.4,2.4000000000000004,-0.6749406675745114,true,false
6,58,-0.35,2.4000000000000004,-0.6724475243692198,true,false
7,58,-0.3,2.4000000000000004,-0.6710517696384001,true,false
8,58,-0.25,2.4000000000000004,-0.6711183331357425,true,false
9,58,-0.2,2.4000000000000004,-0.6722065505641411,true,false
10,58,-0.15000000000000002,2.4000000000000004,-0.6737121179403474,true,false
11,58,-0.09999999999999998,2.4000000000000004,-0.6752995159283993,true,false
12,58,-0.04999999999999993,2.4000000000000004,-0.6767678468373548,true,false
13,58,0.0,2.4000000000000004,-0.6778839583145202,true,false
14,58,0.050000000000000044,2.4000000000000004,-0.6785387988535556,true,false
15,58,0.09999999999999998,2.4000000000000004,-0.6789423758235463,true,false
16,58,0.15000000000000002,2.4000000000000004,-0.6793882297093753,true,false
17,58,0.20000000000000007,2.4000000000000004,-0.6799681726536697,true,false
18,58,0.25,2.4000000000000004,-0.6809527443588189,true,false
19,58,0.30000000000000004,2.4000000000000004,-0.6831779660298095,true,false
20,58,0.35,2.4000000000000004,-0.6871983998651651,true,false
21,58,0.4,2.4000000000000004,-0.6922603065566465,true,false
22,58,0.45000000000000007,2.4000000000000004,-0.6970109575625768,true,false
23,58,0.5000000000000001,2.4000000000000004,-0.7006918545334819,true,false
24,58,0.5500000000000002,2.4000000000000004,-0.7031220442010319,false,true
25,58,0.6,2.4000000000000004,-0.7044469270381796,false,true
26,58,0.65,2.4000000000000004,-0.7050549684590242,false,true
0,59,-0.65,2.45,-0.6798785410911381,false,true
1,59,-0.6,2.45,-0.6790567142276065,false,true
2,59,-0.55,2.45,-0.6777137568306475,false,true
3,59,-0.5,2.45,-0.6757834109605022,false,true
4,59,-0.45,2.45,-0.6732707353837765,true,false
5,59,-0.4,2.45,-0.6703855390817494,true,false
6,59,-0.35,2.45,-0.667846534838873,true,false
7,59,-0.3,2.45,-0.6666521578713104,true,false
8,59,-0.25,2.45,-0.6671805451901774,true,false
9,59,-0.2,2.45,-0.668796679515104,true,false
10,59,-0.15000000000000002,2.45,-0.6705485369278634,true,false
11,59,-0.09999999999999998,2.45,-0.6719587811884831,true,false
12,59,-0.04999999999999993,2.45,-0.6730284911632418,true,false
13,59,0.0,2.45,-0.6738130569162378,true,false
14,59,0.050000000000000044,2.45,-0.6743253763619078,true,false
15,59,0.09999999999999998,2.45,-0.6747429743523946,true,false
16,59,0.15000000000000002,2.45,-0.6752996934706776,true,false
17,59,0.20000000000000007,2.45,-0.676044994908995,true,false
18,59,0.25,2.45,-0.6772303597513433,true,false
19,59,0.30000000000000004,2.45,-0.6797297608230317,true,false
20,59,0.35,2.45,-0.6841667154813392,true,false
21,59,0.4,2.45,-0.6897488366936191,true,false
22,59,0.45000000000000007,2.45,-0.6949461770828382,true,false
23,59,0.5000000000000001,2.45,-0.6988921062673935,false,true
24,59,0.5500000000000002,2.45,-0.7014602131556228,false,true
25,59,0.6,2.45,-0.7028699178188,false,true
26,59,0.65,2.45,-0.7035311047516634,false,true
0,60,-0.65,2.5,-0.6763545652792878,false,true
1,60,-0.6,2.5,-0.6752750909595967,false,true
2,60,-0.55,2.5,-0.6736249017953516,false,true
3,60,-0.5,2.5,-0.6714567481955369,false,true
4,60,-0.45,2.5,-0.6689192921465303,true,false
5,60,-0.4,2.5,-0.666254682555954,true,false
6,60,-0.35,2.5,-0.6640582347198468,true,false
7,60,-0.3,2.5,-0.6631851831847582,true,false
8,60,-0.25,2.5,-0.6639763489419044,true,false
9,60,-0.2,2.5,-0.6657556575259518,true,false
10,60,-0.15000000000000002,2.5,-0.6674332923921525,true,false
11,60,-0.09999999999999998,2.5,-0.6684887955056058,true,false
12,60,-0.04999999999999993,2.5,-0.6691125560500081,true,false
13,60,0.0,2.5,-0.6696137599957321,true,false
14,60,0.050000000000000044,2.5,-0.6701028608726091,true,false
15,60,0.09999999999999998,2.5,-0.6706631994686815,true,false
16,60,0.15000000000000002,2.5,-0.6713883233947118,true,false
17,60,0.20000000000000007,2.5,-0.6722914126978873,true,false
18,60,0.25,2.5,-0.6736678527328146,true,false
19,60,0.30000000000000004,2.5,-0.6763950850361132,true,false
20,60,0.35,2.5,-0.6811066470542325,true,false
21,60,0.4,2.5,-0.6871219670884627,true,false
22,60,0.45000000000000007,2.5,-0.6929685504178366,true,false
23,60,0.5000000000000001,2.5,-0.6976175870702899,true,false
24,60,0.5500000000000002,2.5,-0.7007075284554689,false,true
25,60,0.6,2.5,-0.7023837022177908,false,true
26,60,0.65,2.5,-0.7031383485400111,false,true
0,61,-0.65,2.5500000000000003,-0.6717086926813761,false,true
1,61,-0.6,2.5500000000000003,-0.6707391345338811,false,true
2,61,-0.55,2.5500000000000003,-0.669282387832608,false,true
3,61,-0.5,2.5500000000000003,-0.6673976249144979,false,true
4,61,-0.45,2.5500000000000003,-0.6652590945803374,true,false
5,61,-0.4,2.5500000000000003,-0.6631192989441806,true,false
6,61,-0.35,2.5500000000000003,-0.6614377128375136,true,false
7,61,-0.3,2.5500000000000003,-0.6608545971754733,true,false
8,61,-0.25,2.5500000000000003,-0.6616631934640631,true,false
9,61,-0.2,2.5500000000000003,-0.6632833733931357,true,false
10,61,-0.15000000000000002,2.5500000000000003,-0.6646625368981315,true,false
11,61,-0.09999999999999998,2.5500000000000003,-0.665295693610372,true,false
12,61,-0.04999999999999993,2.5500000000000003,-0.665498889821619,true,false
13,61,0.0,2.5500000000000003,-0.6657716275455641,true,false
14,61,0.050000000000000044,2.5500000000000003,-0.6663152204921772,true,false
15,61,0.09999999999999998,2.5500000000000003,-0.6671011025596438,true,false
16,61,0.15000000000000002,2.5500000000000003,-0.668035790809574,true,false
17,61,0.20000000000000007,2.5500000000000003,-0.6691017986448488,true,false
18,61,0.25,2.5500000000000003,-0.6706885249997486,true,false
19,61,0.30000000000000004,2.5500000000000003,-0.6736571632200224,true,false
20,61,0.35,2.5500000000000003,-0.6785625766585974,true,false
21,61,0.4,2.5500000000000003,-0.6848195291260785,true,false
22,61,0.45000000000000007,2.5500000000000003,-0.691108380898904,true,false
23,61,0.5000000000000001,2.5500000000000003,-0.6963507140194428,true,false
24,61,0.5500000000000002,2.5500000000000003,-0.6999967764423631,false,true
25,61,0.6,2.5500000000000003,-0.7020664597850999,false,true
26,61,0.65,2.5500000000000003,-0.7030462936814458,false,true
0,62,-0.65,2.6,-0.6672639082103043,false,true
1,62,-0.6,2.6,-0.6666524083891809,false,true
2,62,-0.55,2.6,-0.6656684942879814,false,true
3,62,-0.5,2.6,-0.6642685234796113,false,true
4,62,-0.45,2.6,-0.6625711179970504,false,true
5,62,-0.4,2.6,-0.6608781188884422,true,false
6,62,-0.35,2.6,-0.6596131628059628,true,false
7,62,-0.3,2.6,-0.6592449805688954,true,false
8,62,-0.25,2.6,-0.6599925393583155,true,false
9,62,-0.2,2.6,-0.6613610876997955,true,false
10,62,-0.15000000000000002,2.6,-0.6623892064964789,true,false
11,62,-0.09999999999999998,2.6,-0.6626372517433944,true,false
12,62,-0.04999999999999993,2.6,-0.6625250680035439,true,false
13,62,0.0,2.6,-0.6626784744829151,true,false
14,62,0.050000000000000044,2.6,-0.6633348628317219,true,false
15,62,0.09999999999999998,2.6,-0.6643321702016451,true,false
16,62,0.15000000000000002,2.6,-0.6654113283296037,true,false
17,62,0.20000000000000007,2.6,-0.66656633872104,true,false
18,62,0.25,2.6,-0.6682994821722097,true,false
19,62,0.30000000000000004,2.6,-0.6714593862661584,true,false
20,62,0.35,2.6,-0.6765164338697891,true,false
21,62,0.4,2.6,-0.6829067277522601,true,false
22,62,0.45000000000000007,2.6,-0.6893450182110838,true,false
23,62,0.5000000000000001,2.6,-0.694741886776158,false,true
24,62,0.5500000000000002,2.6,-0.6985958567943278,false,true
25,62,0.6,2.6,-0.7009422810380486,false,true
26,62,0.65,2.6,-0.7021861383706787,false,true
0,63,-0.65,2.6500000000000004,-0.6639849086431687,false,true
1,63,-0.6,2.6500000000000004,-0.6637033764299034,false,true
2,63,-0.55,2.6500000000000004,-0.6631287983435468,false,true
3,63,-0.5,2.6500000000000004,-0.6620976079043481,false,true
4,63,-0.45,2.6500000000000004,-0.6606477949481551,false,true
5,63,-0.4,2.6500000000000004,-0.6591462401802611,true,false
6,63,-0.35,2.6500000000000004,-0.6580939152114745,true,false
7,63,-0.3,2.6500000000000004,-0.6578956682766314,true,false
8,63,-0.25,2.6500000000000004,-0.6586435816898304,true,false
9,63,-0.2,2.6500000000000004,-0.6598021131900225,true,false
10,63,-0.15000000000000002,2.6500000000000004,-0.6604916745042386,true,false
11,63,-0.09999999999999998,2.6500000000000004,-0.6604238753958785,true,false
12,63,-0.04999999999999993,2.6500000000000004,-0.6601582694238365,true,false
13,63,0.0,2.6500000000000004,-0.6603724839665368,true,false
14,63,0.050000000000000044,2.6500000000000004,-0.6612202304348986,true,false
15,63,0.09999999999999998,2.6500000000000004,-0.6623695530371472,true,false
16,63,0.15000000000000002,2.6500000000000004,-0.6634710122783971,true,false
17,63,0.20000000000000007,2.6500000000000004,-0.6645931472418435,true,false
18,63,0.25,2.6500000000000004,-0.6663247621669931,true,false
19,63,0.30000000000000004,2.6500000000000004,-0.6694976866262184,true,false
20,63,0.35,2.6500000000000004,-0.6745907649072252,true,false
21,63,0.4,2.6500000000000004,-0.6810863974561226,true,false
22,63,0.45000000000000007,2.6500000000000004,-0.6875542498952434,true,false
23,63,0.5000000000000001,2.6500000000000004,-0.6927174607145269,false,true
24,63,0.5500000000000002,2.6500000000000004,-0.6962179984222734,false,true
25,63,0.6,2.6500000000000004,-0.6983488984215178,false,true
26,63,0.65,2.6500000000000004,-0.6995456457535815,false,true
0,64,-0.65,2.7,-0.661738323906879,false,true
1,64,-0.6,2.7,-0.6615953500536577,false,true
2,64,-0.55,2.7,-0.661206469732337,false,true
3,64,-0.5,2.7,-0.6603534207560489,true,false
4,64,-0.45,2.7,-0.6590063567073257,true,false
5,64,-0.4,2.7,-0.6575497171333254,true,false
6,64,-0.35,2.7,-0.6565908639162087,true,false
7,64,-0.3,2.7,-0.6565549452452026,true,false
8,64,-0.25,2.7,-0.6573702384043495,true,false
9,64,-0.2,2.7,-0.6583593730599662,true,false
10,64,-0.15000000000000002,2.7,-0.6587423630208611,true,false
11,64,-0.09999999999999998,2.7,-0.6584762475975362,true,false
12,64,-0.04999999999999993,2.7,-0.6582740083474663,true,false
13,64,0.0,2.7,-0.6587591470737179,true,false
14,64,0.050000000000000044,2.7,-0.6598838550329317,true,false
15,64,0.09999999999999998,2.7,-0.6611455287603427,true,false
16,64,0.15000000000000002,2.7,-0.6621869896705883,true,false
17,64,0.20000000000000007,2.7,-0.6631591164621357,true,false
18,64,0.25,2.7,-0.6646421751688937,true,false
19,64,0.30000000000000004,2.7,-0.6674336488791239,true,false
20,64,0.35,2.7,-0.6722087419271857,true,false
21,64,0.4,2.7,-0.6786906003088402,true,false
22,64,0.45000000000000007,2.7,-0.6852114329364444,true,false
23,64,0.5000000000000001,2.7,-0.6899861981687309,false,true
24,64,0.5500000000000002,2.7,-0.6926216684668741,false,true
25,64,0.6,2.7,-0.693826561095442,false,true
26,64,0.65,2.7,-0.6943314793442733,false,true
0,65,-0.65,2.75,-0.6600069936044118,false,true
1,65,-0.6,2.75,-0.6598109897511423,false,true
2,65,-0.55,2.75,-0.659399269456853,false,true
3,65,-0.5,2.75,-0.6585808108096158,true,false
4,65,-0.45,2.75,-0.6572892216392193,true,false
5,65,-0.4,2.75,-0.6558603142263388,true,false
6,65,-0.35,2.75,-0.6549611307594051,true,false
7,65,-0.3,2.75,-0.655067666027334,true,false
8,65,-0.25,2.75,-0.655964959875282,true,false
9,65,-0.2,2.75,-0.6568387021564445,true,false
10,65,-0.15000000000000002,2.75,-0.6570484690737368,true,false
11,65,-0.09999999999999998,2.75,-0.6568120136973646,true,false
12,65,-0.04999999999999993,2.75,-0.6569186267759255,true,false
13,65,0.0,2.75,-0.6578263799610263,true,false
14,65,0.050000000000000044,2.75,-0.6592597169509098,true,false
15,65,0.09999999999999998,2.75,-0.6606211607977129,true,false
16,65,0.15000000000000002,2.75,-0.6615879658644295,true,false
17,65,0.20000000000000007,2.75,-0.6622589358766974,true,false
18,65,0.25,2.75,-0.6629748864144581,true,false
19,65,0.30000000000000004,2.75,-0.6645094851957474,true,false
20,65,0.35,2.75,-0.668200025755549,true,false
21,65,0.4,2.75,-0.6744748327513552,true,false
22,65,0.45000000000000007,2.75,-0.6813053528047459,true,false
23,65,0.5000000000000001,2.75,-0.6858918846113607,false,true
24,65,0.5500000000000002,2.75,-0.6874897559435682,false,true
25,65,0.6,2.75,-0.6873028169413616,false,true
26,65,0.65,2.75,-0.6866095406258549,false,true
0,66,-0.65,2.8000000000000003,-0.6586927355284544,false,true
1,66,-0.6,2.8000000000000003,-0.6583376424621206,false,true
2,66,-0.55,2.8000000000000003,-0.6577816911210964,false,true
3,66,-0.5,2.8000000000000003,-0.6568962680750727,true,false
4,66,-0.45,2.8000000000000003,-0.6555968658590604,true,false
5,66,-0.4,2.8000000000000003,-0.6541461479820043,true,false
6,66,-0.35,2.8000000000000003,-0.6532361573192456,true,false
7,66,-0.3,2.8000000000000003,-0.6534070676489661,true,false
8,66,-0.25,2.8000000000000003,-0.6543759150195889,true,false
9,66,-0.2,2.8000000000000003,-0.6552632843854461,true,false
10,66,-0.15000000000000002,2.8000000000000003,-0.6555532317820064,true,false
11,66,-0.09999999999999998,2.8000000000000003,-0.6556110957062707,true,false
12,66,-0.04999999999999993,2.8000000000000003,-0.6561678869843395,true,false
13,66,0.0,2.8000000000000003,-0.6574778605663808,true,false
14,66,0.050000000000000044,2.8000000000000003,-0.6591408756574025,true,false
15,66,0.09999999999999998,2.8000000000000003,-0.6605885015858496,true,false
16,66,0.15000000000000002,2.8000000000000003,-0.6614917818251607,true,false
17,66,0.20000000000000007,2.8000000000000003,-0.6615675369386651,true,false
18,66,0.25,2.8000000000000003,-0.6604575107729247,true,false
19,66,0.30000000000000004,2.8000000000000003,-0.6589763679222715,true,false
20,66,0.35,2.8000000000000003,-0.6601852360936161,true,false
21,66,0.4,2.8000000000000003,-0.6662264102547877,true,false
22,66,0.45000000000000007,2.8000000000000003,-0.6743468920612727,true,false
23,66,0.5000000000000001,2.8000000000000003,-0.6797086309690163,false,true
24,66,0.5500000000000002,2.8000000000000003,-0.6808219337494359,false,true
25,66,0.6,2.8000000000000003,-0.6795566992719707,false,true
26,66,0.65,2.8000000000000003,-0.6779074181739598,false,true
0,67,-0.65,2.85,-0.6579676863481838,false,true
1,67,-0.6,2.85,-0.6574622960335232,false,true
2,67,-0.55,2.85,-0.6567514428927942,false,true
3,67,-0.5,2.85,-0.6557358579225575,false,true
4,67,-0.45,2.85,-0.6543080687013508,true,false
5,67,-0.4,2.85,-0.652699028125547,true,false
6,67,-0.35,2.85,-0.6516439674897505,true,false
7,67,-0.3,2.85,-0.6517518861532633,true,false
8,67,-0.25,2.85,-0.6527550139185242,true,false
9,67,-0.2,2.85,-0.6537902454914889,true,false
10,67,-0.15000000000000002,2.85,-0.6543919597535753,true,false
11,67,-0.09999999999999998,2.85,-0.6548937095488041,true,false
12,67,-0.04999999999999993,2.85,-0.6558588995927097,true,false
13,67,0.0,2.85,-0.6573942769963037,true,false
14,67,0.050000000000000044,2.85,-0.6591391480993202,true,false
15,67,0.09999999999999998,2.85,-0.66065219282859,true,false
16,67,0.15000000000000002,2.85,-0.6614908341166988,true,false
17,67,0.20000000000000007,2.85,-0.6605904026994355,true,false
18,67,0.25,2.85,-0.6563270328367431,true,false
19,67,0.30000000000000004,2.85,-0.6495733789144108,true,false
20,67,0.35,2.85,-0.6464423828612864,true,false
21,67,0.4,2.85,-0.6522579141257314,true,false
22,67,0.45000000000000007,2.85,-0.6632495069018691,true,false
23,67,0.5000000000000001,2.85,-0.6711920437764034,false,true
24,67,0.5500000000000002,2.85,-0.6732855982216001,false,true
25,67,0.6,2.85,-0.6722124137359613,false,true
26,67,0.65,2.85,-0.6707237271681931,false,true
0,68,-0.65,2.9000000000000004,-0.6577474016463953,false,true
1,68,-0.6,2.9000000000000004,-0.6571861963192845,false,true
2,68,-0.55,2.9000000000000004,-0.6563961194772083,false,true
3,68,-0.5,2.9000000000000004,-0.6552414602200178,true,false
4,68,-0.45,2.9000000000000004,-0.6535848328091863,true,false
5,68,-0.4,2.9000000000000004,-0.6516979754634846,true,false
6,68,-0.35,2.9000000000000004,-0.6503857762465203,true,false
7,68,-0.3,2.9000000000000004,-0.6503002025870509,true,false
8,68,-0.25,2.9000000000000004,-0.6512401212792827,true,false
9,68,-0.2,2.9000000000000004,-0.6524353768035688,true,false
10,68,-0.15000000000000002,2.9000000000000004,-0.6534209987451894,true,false
11,68,-0.09999999999999998,2.9000000000000004,-0.6543707330624459,true,false
12,68,-0.04999999999999993,2.9000000000000004,-0.6556328918304711,true,false
13,68,0.0,2.9000000000000004,-0.6572382622870593,true,false
14,68,0.050000000000000044,2.9000000000000004,-0.6589665937014303,true,false
15,68,0.09999999999999998,2.9000000000000004,-0.6605370170754891,true,false
16,68,0.15000000000000002,2.9000000000000004,-0.6613422622578633,true,false
17,68,0.20000000000000007,2.9000000000000004,-0.6594510162783332,true,false
18,68,0.25,2.9000000000000004,-0.6518274905662492,true,false
19,68,0.30000000000000004,2.9000000000000004,-0.6391984602072206,true,false
20,68,0.35,2.9000000000000004,-0.6308034761568782,true,false
21,68,0.4,2.9000000000000004,-0.6358014035264548,true,false
22,68,0.45000000000000007,2.9000000000000004,-0.6500148809032428,true,false
23,68,0.5000000000000001,2.9000000000000004,-0.6617447942841028,false,true
24,68,0.5500000000000002,2.9000000000000004,-0.6664621998254466,false,true
25,68,0.6,2.9000000000000004,-0.667274902933159,false,true
26,68,0.65,2.9000000000000004,-0.6673669547339259,false,true
0,69,-0.65,2.95,-0.6575908085741227,false,true
1,69,-0.6,2.95,-0.6570658666668903,true,false
2,69,-0.55,2.95,-0.6562679032499811,true,false
3,69,-0.5,2.95,-0.6549921987595044,true,false
4,69,-0.45,2.95,-0.653099828967985,true,false
5,69,-0.4,2.95,-0.6509550462633721,true,false
6,69,-0.35,2.95,-0.6494097262573315,true,false
7,69,-0.3,2.95,-0.6490968133527906,true,false
8,69,-0.25,2.95,-0.6498856745137196,true,false
9,69,-0.2,2.95,-0.6511507402812051,true,false
10,69,-0.15000000000000002,2.95,-0.6524395544057593,true,false
11,69,-0.09999999999999998,2.95,-0.653747581654825,true,false
12,69,-0.04999999999999993,2.95,-0.6552271677207852,true,false
13,69,0.0,2.95,-0.6568710248358615,true,false
14,69,0.050000000000000044,2.95,-0.6585884569307734,true,false
15,69,0.09999999999999998,2.95,-0.6602346774390092,true,false
16,69,0.15000000000000002,2.95,-0.6611369656269275,true,false
17,69,0.20000000000000007,2.95,-0.6589782419486468,true,false
18,69,0.25,2.95,-0.6500312485529011,true,false
19,69,0.30000000000000004,2.95,-0.6345908204648714,true,false
20,69,0.35,2.95,-0.6228441818349089,true,false
21,69,0.4,2.95,-0.6260895227404673,true,false
22,69,0.45000000000000007,2.95,-0.6411519591694724,true,false
23,69,0.5000000000000001,2.95,-0.6553549400916625,true,false
24,69,0.5500000000000002,2.95,-0.6629952626692523,false,true
25,69,0.6,2.95,-0.6666154517652438,false,true
26,69,0.65,2.95,-0.6690254523514769,false,true
0,70,-0.65,3.0,-0.6569855212795104,false,true
1,70,-0.6,3.0,-0.6564956280070443,false,true
2,70,-0.55,3.0,-0.6556538148812587,true,false
3,70,-0.5,3.0,-0.6542386242485025,true,false
4,70,-0.45,3.0,-0.6522042168285678,true,false
5,70,-0.4,3.0,-0.6500157951266564,true,false
6,70,-0.35,3.0,-0.6484734696611358,true,false
7,70,-0.3,3.0,-0.6480954032640268,true,false
8,70,-0.25,3.0,-0.6487822065758806,true,false
9,70,-0.2,3.0,-0.6500535469121858,true,false
10,70,-0.15000000000000002,3.0,-0.6514951782908818,true,false
11,70,-0.09999999999999998,3.0,-0.6529849622748228,true,false
12,70,-0.04999999999999993,3.0,-0.654579268424529,true,false
13,70,0.0,3.0,-0.6562879284414477,true,false
14,70,0.050000000000000044,3.0,-0.6580740483428549,true,false
15,70,0.09999999999999998,3.0,-0.6598429493124762,true,false
16,70,0.15000000000000002,3.0,-0.6610121263568587,true,false
17,70,0.20000000000000007,3.0,-0.659605711081357,true,false
18,70,0.25,3.0,-0.6524125376823979,true,false
19,70,0.30000000000000004,3.0,-0.639354689519371,true,false
20,70,0.35,3.0,-0.628662169551614,true,false
21,70,0.4,3.0,-0.6303795402818994,true,false
22,70,0.45000000000000007,3.0,-0.6430363665038388,true,false
23,70,0.5000000000000001,3.0,-0.6564618368706596,true,false
24,70,0.5500000000000002,3.0,-0.6653408538045766,false,true
25,70,0.6,3.0,-0.6709313125631459,false,true
26,70,0.65,3.0,-0.6749572977779239,false,true
0,71,-0.65,3.0500000000000003,-0.6555546003663879,false,true
1,71,-0.6,3.0500000000000003,-0.6549785043335896,false,true
2,71,-0.55,3.0500000000000003,-0.6539518744711865,true,false
3,71,-0.5,3.0500000000000003,-0.6523652847812959,true,false
4,71,-0.45,3.0500000000000003,-0.6503805976973805,true,false
5,71,-0.4,3.0500000000000003,-0.648508886536517,true,false
6,71,-0.35,3.0500000000000003,-0.6473478710101298,true,false
7,71,-0.3,3.0500000000000003,-0.647206177331762,true,false
8,71,-0.25,3.0500000000000003,-0.6479721700929407,true,false
9,71,-0.2,3.0500000000000003,-0.6492721084446936,true,false
10,71,-0.15000000000000002,3.0500000000000003,-0.6507240593608898,true,false
11,71,-0.09999999999999998,3.0500000000000003,-0.6521677155665653,true,false
12,71,-0.04999999999999993,3.0500000000000003,-0.6537228817937336,true,false
13,71,0.0,3.0500000000000003,-0.6555154939355062,true,false
14,71,0.050000000000000044,3.0500000000000003,-0.6574740289342729,true,false
15,71,0.09999999999999998,3.0500000000000003,-0.6594145746631571,true,false
16,71,0.15000000000000002,3.0500000000000003,-0.6608992487515075,true,false
17,71,0.20000000000000007,3.0500000000000003,-0.660690233927031,true,false
18,71,0.25,3.0500000000000003,-0.6568389168549842,true,false
19,71,0.30000000000000004,3.0500000000000003,-0.6493065505076819,true,false
20,71,0.35,3.0500000000000003,-0.6431939172952906,true,false
21,71,0.4,3.0500000000000003,-0.6450333338161334,true,false
22,71,0.45000000000000007,3.0500000000000003,-0.6543746575689559,true,false
23,71,0.5000000000000001,3.0500000000000003,-0.6649153345430558,true,false
24,71,0.5500000000000002,3.0500000000000003,-0.6728725267456392,false,true
25,71,0.6,3.0500000000000003,-0.6784593709648898,false,true
26,71,0.65,3.0500000000000003,-0.6824392256474597,false,true
0,72,-0.65,3.1,-0.6531008947430581,false,true
1,72,-0.6,3.1,-0.6522491957290548,true,false
2,72,-0.55,3.1,-0.6509033437089973,true,false
3,72,-0.5,3.1,-0.6491966963571102,true,false
4,72,-0.45,3.1,-0.6475292966332036,true,false
5,72,-0.4,3.1,-0.6463360170436748,true,false
6,72,-0.35,3.1,-0.6458873624202823,true,false
7,72,-0.3,3.1,-0.6462483722907824,true,false
8,72,-0.25,3.1,-0.6472852435592824,true,false
9,72,-0.2,3.1,-0.648691651139183,true,false
10,72,-0.15000000000000002,3.1,-0.6500991537979085,true,false
11,72,-0.09999999999999998,3.1,-0.6513697578125823,true,false
12,72,-0.04999999999999993,3.1,-0.6527991262648206,true,false
13,72,0.0,3.1,-0.6546825123677971,true,false
14,72,0.050000000000000044,3.1,-0.6568470599516669,true,false
15,72,0.09999999999999998,3.1,-0.6589206879688835,true,false
16,72,0.15000000000000002,3.1,-0.6605607343058206,true,false
17,72,0.20000000000000007,3.1,-0.6611628318019774,true,false
18,72,0.25,3.1,-0.6598992173434135,true,false
19,72,0.30000000000000004,3.1,-0.657051392024034,true,false
20,72,0.35,3.1,-0.6554939647618211,true,false
21,72,0.4,3.1,-0.6586901454112962,true,false
22,72,0.45000000000000007,3.1,-0.6663072628238597,true,false
23,72,0.5000000000000001,3.1,-0.6746458808936234,true,false
24,72,0.5500000000000002,3.1,-0.6811311235751292,true,false
25,72,0.6,3.1,-0.6855503667848758,false,true
26,72,0.65,3.1,-0.688408904133877,false,true
0,73,-0.65,3.1500000000000004,-0.6497603093036916,false,true
1,73,-0.6,3.1500000000000004,-0.6484729715684652,true,false
2,73,-0.55,3.1500000000000004,-0.6467639373491094,true,false
3,73,-0.5,3.1500000000000004,-0.6450644119415078,true,false
4,73,-0.45,3.1500000000000004,-0.643936489587365,true,false
5,73,-0.4,3.1500000000000004,-0.6436189330863304,true,false
6,73,-0.35,3.1500000000000004,-0.6440266358964767,true,false
7,73,-0.3,3.1500000000000004,-0.6450183585442048,true,false
8,73,-0.25,3.1500000000000004,-0.646450857500352,true,false
9,73,-0.2,3.1500000000000004,-0.6480696433927178,true,false
10,73,-0.15000000000000002,3.1500000000000004,-0.6495337517676258,true,false
11,73,-0.09999999999999998,3.1500000000000004,-0.6507529814279049,true,false
12,73,-0.04999999999999993,3.1500000000000004,-0.6521427632280468,true,false
13,73,0.0,3.1500000000000004,-0.6540749621261766,true,false
14,73,0.050000000000000044,3.1500000000000004,-0.6562831853291364,true,false
15,73,0.09999999999999998,3.1500000000000004,-0.6582722796157697,true,false
16,73,0.15000000000000002,3.1500000000000004,-0.659751967119607,true,false
17,73,0.20000000000000007,3.1500000000000004,-0.6604147022902059,true,false
18,73,0.25,3.1500000000000004,-0.6599411962872453,true,false
19,73,0.30000000000000004,3.1500000000000004,-0.658829090100793,true,false
20,73,0.35,3.1500000000000004,-0.6591033636107846,true,false
21,73,0.4,3.1500000000000004,-0.6630078757351631,true,false
22,73,0.45000000000000007,3.1500000000000004,-0.6703910961831858,true,false
23,73,0.5000000000000001,3.1500000000000004,-0.678589503296538,true,false
24,73,0.5500000000000002,3.1500000000000004,-0.6850686807558451,true,false
25,73,0.6,3.1500000000000004,-0.6891066474354658,true,false
26,73,0.65,3.1500000000000004,-0.6912636681437091,false,true
0,74,-0.65,3.2,-0.6460834702170131,true,false
1,74,-0.6,3.2,-0.6443288874539741,true,false
2,74,-0.55,3.2,-0.6423056711366824,true,false
3,74,-0.5,3.2,-0.6407018419305712,true,false
4,74,-0.45,3.2,-0.6401411747636614,true,false
5,74,-0.4,3.2,-0.640642574087299,true,false
6,74,-0.35,3.2,-0.6418462132260109,true,false
7,74,-0.3,3.2,-0.6434733959040525,true,false
8,74,-0.25,3.2,-0.6453664129974085,true,false
9,74,-0.2,3.2,-0.6473051950913986,true,false
10,74,-0.15000000000000002,3.2,-0.6490067842686912,true,false
11,74,-0.09999999999999998,3.2,-0.6504218561751434,true,false
12,74,-0.04999999999999993,3.2,-0.6519137031948473,true,false
13,74,0.0,3.2,-0.6537612868772851,true,false
14,74,0.050000000000000044,3.2,-0.6556912722795396,true,false
15,74,0.09999999999999998,3.2,-0.6572752258747575,true,false
16,74,0.15000000000000002,3.2,-0.658275531402497,true,false
17,74,0.20000000000000007,3.2,-0.6583906481942398,true,false
18,74,0.25,3.2,-0.6572836998226633,true,false
19,74,0.30000000000000004,3.2,-0.6553712231380012,true,false
20,74,0.35,3.2,-0.6544945595364364,true,false
21,74,0.4,3.2,-0.6570853591237775,true,false
22,74,0.45000000000000007,3.2,-0.6640521874811993,true,false
23,74,0.5000000000000001,3.2,-0.6735682941593082,true,false
24,74,0.5500000000000002,3.2,-0.682275837646543,true,false
25,74,0.6,3.2,-0.6880009441735117,true,false
26,74,0.65,3.2,-0.6908885100187465,false,true
0,75,-0.65,3.25,-0.6426038002530404,true,false
1,75,-0.6,3.25,-0.6405397158889936,true,false
2,75,-0.55,3.25,-0.6383574664952026,true,false
3,75,-0.5,3.25,-0.6368903226581475,true,false
4,75,-0.45,3.25,-0.6367546549673282,true,false
5,75,-0.4,3.25,-0.6378284577771829,true,false
6,75,-0.35,3.25,-0.639626470613092,true,false
7,75,-0.3,3.25,-0.6418057652499095,true,false
8,75,-0.25,3.25,-0.644163999327566,true,false
9,75,-0.2,3.25,-0.6464634508708513,true,false
10,75,-0.15000000000000002,3.25,-0.6484637217584205,true,false
11,75,-0.09999999999999998,3.25,-0.6501316336238545,true,false
12,75,-0.04999999999999993,3.25,-0.6516837972669376,true,false
13,75,0.0,3.25,-0.6532454285706298,true,false
14,75,0.050000000000000044,3.25,-0.6546335265692479,true,false
15,75,0.09999999999999998,3.25,-0.6556199534002486,true,false
16,75,0.15000000000000002,3.25,-0.6560177576587557,true,false
17,75,0.20000000000000007,3.25,-0.6553992933414837,true,false
18,75,0.25,3.25,-0.6532127753336715,true,false
19,75,0.30000000000000004,3.25,-0.6496225893490516,true,false
20,75,0.35,3.25,-0.6462985170424818,true,false
21,75,0.4,3.25,-0.6461298274166415,true,false
22,75,0.45000000000000007,3.25,-0.6515766614155015,true,false
23,75,0.5000000000000001,3.25,-0.6622561079749504,true,false
24,75,0.5500000000000002,3.25,-0.674160503586558,true,false
25,75,0.6,3.25,-0.6830418002394508,true,false
26,75,0.65,3.25,-0.6879024317842323,false,true
0,76,-0.65,3.3000000000000003,-0.6393543361840177,false,true
1,76,-0.6,3.3000000000000003,-0.6373120317661429,false,true
2,76,-0.55,3.3000000000000003,-0.6352759877553189,false,true
3,76,-0.5,3.3000000000000003,-0.6340759776893042,true,false
4,76,-0.45,3.3000000000000003,-0.634252596679293,true,false
5,76,-0.4,3.3000000000000003,-0.6356339924318744,true,false
6,76,-0.35,3.3000000000000003,-0.6377568506737407,true,false
7,76,-0.3,3.3000000000000003,-0.640296551531202,true,false
8,76,-0.25,3.3000000000000003,-0.6430073782774881,true,false
9,76,-0.2,3.3000000000000003,-0.6455904227458387,true,false
10,76,-0.15000000000000002,3.3000000000000003,-0.6477852241600157,true,false
11,76,-0.09999999999999998,3.3000000000000003,-0.6495275249084207,true,false
12,76,-0.04999999999999993,3.3000000000000003,-0.6509129125267532,true,false
13,76,0.0,3.3000000000000003,-0.652002874933226,true,false
14,76,0.050000000000000044,3.3000000000000003,-0.6527778503253295,true,false
15,76,0.09999999999999998,3.3000000000000003,-0.6532230809987517,true,false
16,76,0.15000000000000002,3.3000000000000003,-0.6531872732063186,true,false
17,76,0.20000000000000007,3.3000000000000003,-0.6521519720372351,true,false
18,76,0.25,3.3000000000000003,-0.6494749100525434,true,false
19,76,0.30000000000000004,3.3000000000000003,-0.6451917023133047,true,false
20,76,0.35,3.3000000000000003,-0.6406816318326488,true,false
21,76,0.4,3.3000000000000003,-0.6386617495435982,true,false
22,76,0.45000000000000007,3.3000000000000003,-0.6422529452150758,true,false
23,76,0.5000000000000001,3.3000000000000003,-0.6524516774138733,true,false
24,76,0.5500000000000002,3.3000000000000003,-0.6657634771522427,true,false
25,76,0.6,3.3000000000000003,-0.6768772415872331,true,false
26,76,0.65,3.3000000000000003,-0.683586928504912,false,true
0,77,-0.65,3.35,-0.6361479819398497,false,true
1,77,-0.6,3.35,-0.634527859853303,false,true
2,77,-0.55,3.35,-0.6330377979363023,false,true
3,77,-0.5,3.35,-0.6323551733254067,true,false
4,77,-0.45,3.35,-0.63285472110089,true,false
5,77,-0.4,3.35,-0.6343502881876145,true,false
6,77,-0.35,3.35,-0.6364967907598056,true,false
7,77,-0.3,3.35,-0.6390831239954361,true,false
8,77,-0.25,3.35,-0.6418975477678567,true,false
9,77,-0.2,3.35,-0.6446072289476885,true,false
10,77,-0.15000000000000002,3.35,-0.6468778910144929,true,false
11,77,-0.09999999999999998,3.35,-0.6485381294498296,true,false
12,77,-0.04999999999999993,3.35,-0.6495886850531222,true,false
13,77,0.0,3.35,-0.6501380226152105,true,false
14,77,0.050000000000000044,3.35,-0.6503800299717881,true,false
15,77,0.09999999999999998,3.35,-0.6504790187140342,true,false
16,77,0.15000000000000002,3.35,-0.6503058780671636,true,false
17,77,0.20000000000000007,3.35,-0.6493528414851151,true,false
18,77,0.25,3.35,-0.6471256412310045,true,false
19,77,0.30000000000000004,3.35,-0.6438118400496542,true,false
20,77,0.35,3.35,-0.6405583322953875,true,false
21,77,0.4,3.35,-0.6392278710085519,true,false
22,77,0.45000000000000007,3.35,-0.6420302279689157,true,false
23,77,0.5000000000000001,3.35,-0.6502231212518452,false,true
24,77,0.5500000000000002,3.35,-0.6617839428542022,false,true
25,77,0.6,3.35,-0.6723587949817065,false,true
26,77,0.65,3.35,-0.6794144940066259,false,true
0,78,-0.65,3.4000000000000004,-0.6332463244880829,false,true
1,78,-0.6,3.4000000000000004,-0.6323374832650436,false,true
2,78,-0.55,3.4000000000000004,-0.6316676456791839,false,true
3,78,-0.5,3.4000000000000004,-0.6316605646596718,false,true
4,78,-0.45,3.4000000000000004,-0.6324632191204025,true,false
5,78,-0.4,3.4000000000000004,-0.633888323850502,true,false
6,78,-0.35,3.4000000000000004,-0.6357675650138681,true,false
7,78,-0.3,3.4000000000000004,-0.6380844824527578,true,false
8,78,-0.25,3.4000000000000004,-0.6407504753547714,true,false
9,78,-0.2,3.4000000000000004,-0.6434535096728609,true,false
10,78,-0.15000000000000002,3.4000000000000004,-0.645765290204735,true,false
11,78,-0.09999999999999998,3.4000000000000004,-0.6473439628486495,true,false
12,78,-0.04999999999999993,3.4000000000000004,-0.648080972920807,true,false
13,78,0.0,3.4000000000000004,-0.648171335471822,true,false
14,78,0.050000000000000044,3.4000000000000004,-0.6480277478752462,true,false
15,78,0.09999999999999998,3.4000000000000004,-0.6479474511614169,true,false
16,78,0.15000000000000002,3.4000000000000004,-0.6477912091150887,true,false
17,78,0.20000000000000007,3.4000000000000004,-0.6470958243018226,true,false
18,78,0.25,3.4000000000000004,-0.6456288808763607,true,false
19,78,0.30000000000000004,3.4000000000000004,-0.6438911702478138,true,false
20,78,0.35,3.4000000000000004,-0.6429627938123559,true,false
21,78,0.4,3.4000000000000004,-0.643825374568137,true,false
22,78,0.45000000000000007,3.4000000000000004,-0.6471566847038773,false,true
23,78,0.5000000000000001,3.4000000000000004,-0.6534207401695565,false,true
24,78,0.5500000000000002,3.4000000000000004,-0.6617968954789368,false,true
25,78,0.6,3.4000000000000004,-0.6698800081521218,false,true
26,78,0.65,3.4000000000000004,-0.6758037111249758,false,true
0,79,-0.65,3.45,-0.6313169414299472,false,true
1,79,-0.6,3.45,-0.6311355769583081,false,true
2,79,-0.55,3.45,-0.6312300794474935,false,true
3,79,-0.5,3.45,-0.6317508077457752,false,true
4,79,-0.45,3.45,-0.6326446418716618,false,true
5,79,-0.4,3.45,-0.6337807218903431,true,false
6,79,-0.35,3.45,-0.6352140155423328,true,false
7,79,-0.3,3.45,-0.6371379393146994,true,false
8,79,-0.25,3.45,-0.6395829829493956,true,false
9,79,-0.2,3.45,-0.6422541510460383,true,false
10,79,-0.15000000000000002,3.45,-0.6446290388506578,true,false
11,79,-0.09999999999999998,3.45,-0.6461975961198125,true,false
12,79,-0.04999999999999993,3.45,-0.646747923687334,true,false
13,79,0.0,3.45,-0.6465483065591601,true,false
14,79,0.050000000000000044,3.45,-0.646175874268994,true,false
15,79,0.09999999999999998,3.45,-0.6459946848152873,true,false
16,79,0.15000000000000002,3.45,-0.6458098361904999,true,false
17,79,0.20000000000000007,3.45,-0.6451678287391697,true,false
18,79,0.25,3.45,-0.6440519709282114,true,false
19,79,0.30000000000000004,3.45,-0.6432213263184504,true,false
20,79,0.35,3.45,-0.6437637856018354,true,false
21,79,0.4,3.45,-0.6462379480977972,false,true
22,79,0.45000000000000007,3.45,-0.6504068680835561,false,true
23,79,0.5000000000000001,3.45,-0.6558351462590447,false,true
24,79,0.5500000000000002,3.45,-0.6619501858010646,false,true
25,79,0.6,3.45,-0.6676828175091624,false,true
26,79,0.65,3.45,-0.6720895684313034,false,true
0,80,-0.65,3.5,-0.6307141622928234,false,true
1,80,-0.6,3.5,-0.6310111576543104,false,true
2,80,-0.55,3.5,-0.6315123157948772,false,true
3,80,-0.5,3.5,-0.6321599890765444,false,true
4,80,-0.45,3.5,-0.6328270017541868,false,true
5,80,-0.4,3.5,-0.6335355564889134,false,true
6,80,-0.35,3.5,-0.6345621021505042,true,false
7,80,-0.3,3.5,-0.6362258282097814,true,false
8,80,-0.25,3.5,-0.6385813384215766,true,false
9,80,-0.2,3.5,-0.6413058454128089,true,false
10,80,-0.15000000000000002,3.5,-0.6438000145199692,true,false
11,80,-0.09999999999999998,3.5,-0.6454391134703935,true,false
12,80,-0.04999999999999993,3.5,-0.6459426182556154,true,false
13,80,0.0,3.5,-0.6456150378855017,true,false
14,80,0.050000000000000044,3.5,-0.6451087666740422,true,false
15,80,0.09999999999999998,3.5,-0.6448017629871224,true,false
16,80,0.15000000000000002,3.5,-0.6444605821400169,true,false
17,80,0.20000000000000007,3.5,-0.6436483595582545,true,false
18,80,0.25,3.5,-0.6424636571881812,true,false
19,80,0.30000000000000004,3.5,-0.6417321164104127,true,false
20,80,0.35,3.5,-0.6424538595148264,false,true
21,80,0.4,3.5,-0.6451109823780887,false,true
22,80,0.45000000000000007,3.5,-0.6494057016962208,false,true
23,80,0.5000000000000001,3.5,-0.6545966844915638,false,true
24,80,0.5500000000000002,3.5,-0.6598512433984847,false,true
25,80,0.6,3.5,-0.6643929501906805,false,true
26,80,0.65,3.5,-0.667779593826582,false,true
0,81,-0.65,3.55,-0.6311346128338562,false,true
1,81,-0.6,3.55,-0.6315475036082953,false,true
2,81,-0.55,3.55,-0.6320131503149364,false,true
3,81,-0.5,3.55,-0.6324015422743101,false,true
4,81,-0.45,3.55,-0.6326738118835972,false,true
5,81,-0.4,3.55,-0.633050912170302,false,true
6,81,-0.35,3.55,-0.6339387956843499,true,false
7,81,-0.3,3.55,-0.6356560001831361,true,false
8,81,-0.25,3.55,-0.6381999488162001,true,false
9,81,-0.2,3.55,-0.6411887090630735,true,false
10,81,-0.15000000000000002,3.55,-0.6439496858205797,true,false
11,81,-0.09999999999999998,3.55,-0.6457760462658874,true,false
12,81,-0.04999999999999993,3.55,-0.6463359871324048,true,false
13,81,0.0,3.55,-0.6459228771364266,true,false
14,81,0.050000000000000044,3.55,-0.6451921566520701,true,false
15,81,0.09999999999999998,3.55,-0.6445475146781978,true,false
16,81,0.15000000000000002,3.55,-0.6438441274363172,true,false
17,81,0.20000000000000007,3.55,-0.6427667760041506,true,false
18,81,0.25,3.55,-0.6414495528397897,true,false
19,81,0.30000000000000004,3.55,-0.6405632165640892,true,false
20,81,0.35,3.55,-0.6408416697880396,false,true
21,81,0.4,3.55,-0.642712439376521,false,true
22,81,0.45000000000000007,3.55,-0.6461849390267367,false,true
23,81,0.5000000000000001,3.55,-0.6508109863162933,false,true
24,81,0.5500000000000002,3.55,-0.6557045663443373,false,true
25,81,0.6,3.55,-0.6599132525637486,false,true
26,81,0.65,3.55,-0.6629669357540988,false,true
0,82,-0.65,3.6000000000000005,-0.6319049711688732,false,true
1,82,-0.6,3.6000000000000005,-0.6321238150420566,false,true
2,82,-0.55,3.6000000000000005,-0.6322630620213916,false,true
3,82,-0.5,3.6000000000000005,-0.6322714545051216,false,true
4,82,-0.45,3.6000000000000005,-0.6322861589223264,false,true
5,82,-0.4,3.6000000000000005,-0.6326623008732842,false,true
6,82,-0.35,3.6000000000000005,-0.6338256109710609,true,false
7,82,-0.3,3.6000000000000005,-0.6360626216056126,true,false
8,82,-0.25,3.6000000000000005,-0.6393097455503195,true,false
9,82,-0.2,3.6000000000000005,-0.6430385899771929,true,false
10,82,-0.15000000000000002,3.6000000000000005,-0.6463732658359902,true,false
11,82,-0.09999999999999998,3.6000000000000005,-0.6484789929687832,true,false
12,82,-0.04999999999999993,3.6000000000000005,-0.6490088084659698,true,false
13,82,0.0,3.6000000000000005,-0.6482751403143672,true,false
14,82,0.050000000000000044,3.6000000000000005,-0.6469509559465884,true,false
15,82,0.09999999999999998,3.6000000000000005,-0.6455302244563906,false,true
16,82,0.15000000000000002,3.6000000000000005,-0.64410292761918,true,false
17,82,0.20000000000000007,3.6000000000000005,-0.6426060429289768,true,false
18,82,0.25,3.6000000000000005,-0.6411859714082337,true,false
19,82,0.30000000000000004,3.6000000000000005,-0.6402225569428175,true,false
20,82,0.35,3.6000000000000005,-0.6400677993384062,false,true
21,82,0.4,3.6000000000000005,-0.6409713173946764,false,true
22,82,0.45000000000000007,3.6000000000000005,-0.6431418744252052,false,true
23,82,0.5000000000000001,3.6000000000000005,-0.6465865562005245,false,true
24,82,0.5500000000000002,3.6000000000000005,-0.6507615966372765,false,true
25,82,0.6,3.6000000000000005,-0.6547034103665202,false,true
26,82,0.65,3.6000000000000005,-0.6577268134989198,false,true
0,83,-0.65,3.6500000000000004,-0.6323854164268997,false,true
1,83,-0.6,3.6500000000000004,-0.6322946503021866,false,true
2,83,-0.55,3.6500000000000004,-0.6321093725231086,false,true
3,83,-0.5,3.6500000000000004,-0.6319313661078612,false,true
4,83,-0.45,3.6500000000000004,-0.6320342387805574,false,true
5,83,-0.4,3.6500000000000004,-0.6328138012357027,false,true
6,83,-0.35,3.6500000000000004,-0.634734186926273,false,true
7,83,-0.3,3.6500000000000004,-0.6381648815664068,true,false
8,83,-0.25,3.6500000000000004,-0.6429598740180503,true,false
9,83,-0.2,3.6500000000000004,-0.6481727969340676,true,false
10,83,-0.15000000000000002,3.6500000000000004,-0.6524245742702367,true,false
11,83,-0.09999999999999998,3.6500000000000004,-0.6546830529564273,true,false
12,83,-0.04999999999999993,3.6500000000000004,-0.6547350452440743,true,false
13,83,0.0,3.6500000000000004,-0.6531179684679792,true,false
14,83,0.050000000000000044,3.6500000000000004,-0.6506660960303949,false,true
15,83,0.09999999999999998,3.6500000000000004,-0.6480037325482095,false,true
16,83,0.15000000000000002,3.6500000000000004,-0.6454453789745076,false,true
17,83,0.20000000000000007,3.6500000000000004,-0.6432045244255289,false,true
18,83,0.25,3.6500000000000004,-0.6414929729795379,false,true
19,83,0.30000000000000004,3.6500000000000004,-0.6404397799328199,false,true
20,83,0.35,3.6500000000000004,-0.640032348104928,false,true
21,83,0.4,3.6500000000000004,-0.6402580204070419,false,true
22,83,0.45000000000000007,3.6500000000000004,-0.641272211091711,false,true
23,83,0.5000000000000001,3.6500000000000004,-0.6433087848023988,false,true
24,83,0.5500000000000002,3.6500000000000004,-0.646251205201589,false,true
25,83,0.6,3.6500000000000004,-0.6494351091286615,false,true
26,83,0.65,3.6500000000000004,-0.6521439418658951,false,true
0,84,-0.65,3.7,-0.6322895669400559,false,true
1,84,-0.6,3.7,-0.632007654340667,false,true
2,84,-0.55,3.7,-0.6317328802882153,false,true
3,84,-0.5,3.7,-0.6316836765255748,false,true
4,84,-0.45,3.7,-0.6321774071319209,false,true
5,84,-0.4,3.7,-0.6336526725766711,false,true
6,84,-0.35,3.7,-0.6367770969041568,false,true
7,84,-0.3,3.7,-0.6421227026920945,false,true
8,84,-0.25,3.7,-0.6492804853072336,false,true
9,84,-0.2,3.7,-0.6565103049069065,false,true
10,84,-0.15000000000000002,3.7,-0.661712529086083,true,false
11,84,-0.09999999999999998,3.7,-0.6637187462225644,true,false
12,84,-0.04999999999999993,3.7,-0.66266869843264,true,false
13,84,0.0,3.7,-0.659591232021407,true,false
14,84,0.050000000000000044,3.7,-0.6556708302781091,false,true
15,84,0.09999999999999998,3.7,-0.6516297269341934,false,true
16,84,0.15000000000000002,3.7,-0.6477949892202696,false,true
17,84,0.20000000000000007,3.7,-0.6445232959901092,false,true
18,84,0.25,3.7,-0.6421857341586314,false,true
19,84,0.30000000000000004,3.7,-0.6408528240944286,false,true
20,84,0.35,3.7,-0.6402695556732796,false,true
21,84,0.4,3.7,-0.6401601358057051,false,true
22,84,0.45000000000000007,3.7,-0.6404769891403357,false,true
23,84,0.5000000000000001,3.7,-0.6413990093076204,false,true
24,84,0.5500000000000002,3.7,-0.6430229166694095,false,true
25,84,0.6,3.7,-0.645051719421085,false,true
26,84,0.65,3.7,-0.6469761229518545,false,true
0,85,-0.65,3.75,-0.6317977243383642,false,true
1,85,-0.6,3.75,-0.6315286958410403,false,true
2,85,-0.55,3.75,-0.6314005388031698,false,true
3,85,-0.5,3.75,-0.6316698639620574,false,true
4,85,-0.45,3.75,-0.6326489835178289,false,true
5,85,-0.4,3.75,-0.6349044509552445,false,true
6,85,-0.35,3.75,-0.6394562961096727,false,true
7,85,-0.3,3.75,-0.647048788653531,false,true
8,85,-0.25,3.75,-0.6567426597045062,false,true
9,85,-0.2,3.75,-0.6658219657765698,false,true
10,85,-0.15000000000000002,3.75,-0.6715912725667992,true,false
11,85,-0.09999999999999998,3.75,-0.6729581399812944,true,false
12,85,-0.04999999999999993,3.75,-0.6705105362172493,false,true
13,85,0.0,3.75,-0.6658311926449014,false,true
14,85,0.050000000000000044,3.75,-0.6605336041434514,false,true
15,85,0.09999999999999998,3.75,-0.6553936556035446,false,true
16,85,0.15000000000000002,3.75,-0.6505237654331049,false,true
17,85,0.20000000000000007,3.75,-0.646225531444242,false,true
18,85,0.25,3.75,-0.6430745927993429,false,true
19,85,0.30000000000000004,3.75,-0.6412836904113298,false,true
20,85,0.35,3.75,-0.6405041348742024,false,true
21,85,0.4,3.75,-0.6402498728546119,false,true
22,85,0.45000000000000007,3.75,-0.6402630966969749,false,true
23,85,0.5000000000000001,3.75,-0.6405584593514918,false,true
24,85,0.5500000000000002,3.75,-0.6412313231850543,false,true
25,85,0.6,3.75,-0.6422070175138794,false,true
26,85,0.65,3.75,-0.6432335445841384,false,true
0,86,-0.65,3.8,-0.6312584733848821,false,true
1,86,-0.6,3.8,-0.6311201148118221,false,true
2,86,-0.55,3.8,-0.6312243107214404,false,true
3,86,-0.5,3.8,-0.6318169281892458,false,true
4,86,-0.45,3.8,-0.6332071597505903,false,true
5,86,-0.4,3.8,-0.6361511893964824,false,true
6,86,-0.35,3.8,-0.6420347967189746,false,true
7,86,-0.3,3.8,-0.6516410365402275,false,true
8,86,-0.25,3.8,-0.6633617462158695,false,true
9,86,-0.2,3.8,-0.6736330429167061,false,true
10,86,-0.15000000000000002,3.8,-0.6795024771614953,true,false
11,86,-0.09999999999999998,3.8,-0.6801452189659305,true,false
12,86,-0.04999999999999993,3.8,-0.6765048813905616,false,true
13,86,0.0,3.8,-0.6705424527892819,false,true
14,86,0.050000000000000044,3.8,-0.664234763407153,false,true
15,86,0.09999999999999998,3.8,-0.6584147821937635,false,true
16,86,0.15000000000000002,3.8,-0.6529097611421548,false,true
17,86,0.20000000000000007,3.8,-0.6478361295396532,false,true
18,86,0.25,3.8,-0.6439377483173235,false,true
19,86,0.30000000000000004,3.8,-0.641661274976841,false,true
20,86,0.35,3.8,-0.6406717211998245,false,true
21,86,0.4,3.8,-0.6403399186111634,false,true
22,86,0.45000000000000007,3.8,-0.6402515421756736,false,true
23,86,0.5000000000000001,3.8,-0.6402821136228661,false,true
24,86,0.5500000000000002,3.8,-0.6404527333901753,false,true
25,86,0.6,3.8,-0.6407651884985395,false,true
26,86,0.65,3.8,-0.6411392125725466,false,true
