grid_x,grid_y,local_x_m,local_y_m,height_m,measured,interpolated
0,0,-2.5500000000000003,-3.1500000000000004,-0.7513640522956848,false,true
1,0,-2.5000000000000004,-3.1500000000000004,-0.7506788513250695,false,true
2,0,-2.45,-3.1500000000000004,-0.75,false,true
3,0,-2.4000000000000004,-3.1500000000000004,-0.7497610996691234,false,true
4,0,-2.35,-3.1500000000000004,-0.7494232435811422,false,true
5,0,-2.3000000000000003,-3.1500000000000004,-0.7485439088090202,false,true
6,0,-2.25,-3.1500000000000004,-0.7481161952018738,false,true
7,0,-2.2,-3.1500000000000004,-0.7474700009067904,false,true
8,0,-2.1500000000000004,-3.1500000000000004,-0.7471255660057068,false,true
9,0,-2.1,-3.1500000000000004,-0.7456449388534382,false,true
10,0,-2.0500000000000003,-3.1500000000000004,-0.7450316430061507,false,true
11,0,-2.0,-3.1500000000000004,-0.7435510158538818,false,true
12,0,-1.9500000000000002,-3.1500000000000004,-0.7359726252749064,false,true
13,0,-1.9000000000000004,-3.1500000000000004,-0.7260014867693536,false,true
14,0,-1.85,-3.1500000000000004,-0.7080281714927636,false,true
15,0,-1.8000000000000003,-3.1500000000000004,-0.6904466152191162,false,true
16,0,-1.7500000000000002,-3.1500000000000004,-0.690261620150634,false,true
17,0,-1.7000000000000002,-3.1500000000000004,-0.6901849926842964,false,true
18,0,-1.6500000000000004,-3.1500000000000004,-0.6899999976158142,false,true
19,0,-1.6,-3.1500000000000004,-0.6899999976158142,false,true
20,0,-1.5500000000000003,-3.1500000000000004,-0.686303023334977,false,true
21,0,-1.5000000000000002,-3.1500000000000004,-0.6819935142993927,false,true
22,0,-1.4500000000000002,-3.1500000000000004,-0.686015390995017,false,true
23,0,-1.4000000000000001,-3.1500000000000004,-0.6899999976158142,false,true
24,0,-1.35,-3.1500000000000004,-0.6906206577364442,false,true
25,0,-1.3000000000000003,-3.1500000000000004,-0.6914685058019586,false,true
26,0,-1.2500000000000002,-3.1500000000000004,-0.6912578576570145,false,true
27,0,-1.2000000000000002,-3.1500000000000004,-0.690698484153368,false,true
28,0,-1.1500000000000001,-3.1500000000000004,-0.6902609283743333,false,true
29,0,-1.1,-3.1500000000000004,-0.6900887215644569,false,true
30,0,-1.0500000000000003,-3.1500000000000004,-0.6899999976158142,false,true
31,0,-1.0000000000000002,-3.1500000000000004,-0.6899999976158142,false,true
32,0,-0.9500000000000002,-3.1500000000000004,-0.689995333463665,false,true
33,0,-0.9000000000000001,-3.1500000000000004,-0.6899829414912071,false,true
34,0,-0.8500000000000001,-3.1500000000000004,-0.6899609466148109,false,true
35,0,-0.8000000000000003,-3.1500000000000004,-0.6899286761347035,false,true
36,0,-0.7500000000000002,-3.1500000000000004,-0.6898864396391869,false,true
37,0,-0.7000000000000002,-3.1500000000000004,-0.700166413483413,false,true
38,0,-0.6500000000000001,-3.1500000000000004,-0.7119772434234619,false,true
39,0,-0.6000000000000001,-3.1500000000000004,-0.7119772691693029,false,true
40,0,-0.5500000000000003,-3.1500000000000004,-0.7119772945818852,false,true
41,0,-0.5,-3.1500000000000004,-0.7119773333335113,false,true
42,0,-0.4500000000000002,-3.1500000000000004,-0.7171289219990652,false,true
43,0,-0.40000000000000036,-3.1500000000000004,-0.7230349183082581,false,true
44,0,-0.3500000000000001,-3.1500000000000004,-0.7255403399474278,false,true
45,0,-0.30000000000000027,-3.1500000000000004,-0.7280457615852356,false,true
46,0,-0.25,-3.1500000000000004,-0.7306515410346328,false,true
47,0,-0.20000000000000018,-3.1500000000000004,-0.7321779721255974,false,true
48,0,-0.1499999999999999,-3.1500000000000004,-0.7321779727935791,false,true
49,0,-0.10000000000000009,-3.1500000000000004,-0.7321779673407827,false,true
50,0,-0.050000000000000266,-3.1500000000000004,-0.7265044040304005,false,true
51,0,0.0,-3.1500000000000004,-0.7199999690055847,false,true
52,0,0.04999999999999982,-3.1500000000000004,-0.7199999690848977,false,true
53,0,0.10000000000000009,-3.1500000000000004,-0.7227198856560376,false,true
54,0,0.1499999999999999,-3.1500000000000004,-0.7258381247520447,false,true
55,0,0.19999999999999973,-3.1500000000000004,-0.7258381247548867,false,true
56,0,0.25,-3.1500000000000004,-0.7258381247577277,false,true
57,0,0.2999999999999998,-3.1500000000000004,-0.7203362834275983,false,true
58,0,0.3500000000000001,-3.1500000000000004,-0.7140287160873413,false,true
59,0,0.3999999999999999,-3.1500000000000004,-0.7112482190132141,false,true
60,0,0.44999999999999973,-3.1500000000000004,-0.7084677219390869,false,true
61,0,0.5,-3.1500000000000004,-0.7142338454723359,false,true
62,0,0.5499999999999998,-3.1500000000000004,-0.7199999690055847,false,true
0,1,-2.5500000000000003,-3.1000000000000005,-0.7511567931663834,false,true
1,1,-2.5000000000000004,-3.1000000000000005,-0.7513640522956848,false,true
2,1,-2.45,-3.1000000000000005,-0.7506698715702221,false,true
3,1,-2.4000000000000004,-3.1000000000000005,-0.75,false,true
4,1,-2.35,-3.1000000000000005,-0.7494232435811422,false,true
5,1,-2.3000000000000003,-3.1000000000000005,-0.7488464871622843,false,true
6,1,-2.25,-3.1000000000000005,-0.7478415420100698,false,true
7,1,-2.2,-3.1000000000000005,-0.7481161952018738,false,true
8,1,-2.1500000000000004,-3.1000000000000005,-0.7470432486792226,false,true
9,1,-2.1,-3.1000000000000005,-0.7471255660057068,true,false
10,1,-2.0500000000000003,-3.1000000000000005,-0.7435510158538818,true,false
11,1,-2.0,-3.1000000000000005,-0.7377541835693648,false,true
12,1,-1.9500000000000002,-3.1000000000000005,-0.7332401583471586,false,true
13,1,-1.9000000000000004,-3.1000000000000005,-0.7273378960306575,false,true
14,1,-1.85,-3.1000000000000005,-0.7168728470893319,false,true
15,1,-1.8000000000000003,-3.1000000000000005,-0.7010742621012304,false,true
16,1,-1.7500000000000002,-3.1000000000000005,-0.6904466152191162,true,false
17,1,-1.7000000000000002,-3.1000000000000005,-0.6899999976158142,true,false
18,1,-1.6500000000000004,-3.1000000000000005,-0.6899999976158142,false,true
19,1,-1.6,-3.1000000000000005,-0.6871692782925649,false,true
20,1,-1.5500000000000003,-3.1000000000000005,-0.6819935142993927,false,true
21,1,-1.5000000000000002,-3.1000000000000005,-0.6860680988403081,false,true
22,1,-1.4500000000000002,-3.1000000000000005,-0.6899999976158142,false,true
23,1,-1.4000000000000001,-3.1000000000000005,-0.6896128770050401,false,true
24,1,-1.35,-3.1000000000000005,-0.6911108962888697,false,true
25,1,-1.3000000000000003,-3.1000000000000005,-0.6918128824184288,false,true
26,1,-1.2500000000000002,-3.1000000000000005,-0.6913390932334716,false,true
27,1,-1.2000000000000002,-3.1000000000000005,-0.6905879484416273,false,true
28,1,-1.1500000000000001,-3.1000000000000005,-0.6902141961759348,false,true
29,1,-1.1,-3.1000000000000005,-0.6899999976158142,false,true
30,1,-1.0500000000000003,-3.1000000000000005,-0.6899999976158142,false,true
31,1,-1.0000000000000002,-3.1000000000000005,-0.6899887373564386,false,true
32,1,-0.9500000000000002,-3.1000000000000005,-0.6899654165956924,false,true
33,1,-0.9000000000000001,-3.1000000000000005,-0.6899298411623085,false,true
34,1,-0.8500000000000001,-3.1000000000000005,-0.6898830387840714,false,true
35,1,-0.8000000000000003,-3.1000000000000005,-0.6898267082144002,false,true
36,1,-0.7500000000000002,-3.1000000000000005,-0.698001456030659,false,true
37,1,-0.7000000000000002,-3.1000000000000005,-0.7119772434234619,false,true
38,1,-0.6500000000000001,-3.1000000000000005,-0.7119773055794202,false,true
39,1,-0.6000000000000001,-3.1000000000000005,-0.7119773305207037,false,true
40,1,-0.5500000000000003,-3.1000000000000005,-0.7119773881365867,false,true
41,1,-0.5,-3.1000000000000005,-0.7160620284778729,false,true
42,1,-0.4500000000000002,-3.1000000000000005,-0.7230349183082581,false,true
43,1,-0.40000000000000036,-3.1000000000000005,-0.725540339949354,false,true
44,1,-0.3500000000000001,-3.1000000000000005,-0.7280457615852356,false,true
45,1,-0.30000000000000027,-3.1000000000000005,-0.7306515396986707,false,true
46,1,-0.25,-3.1000000000000005,-0.7321779711809284,false,true
47,1,-0.20000000000000018,-3.1000000000000005,-0.7321779727935791,false,true
48,1,-0.1499999999999999,-3.1000000000000005,-0.7321779596293642,false,true
49,1,-0.10000000000000009,-3.1000000000000005,-0.7276794340775449,false,true
50,1,-0.050000000000000266,-3.1000000000000005,-0.7199999690055847,false,true
51,1,0.0,-3.1000000000000005,-0.7199999691970633,false,true
52,1,0.04999999999999982,-3.1000000000000005,-0.7221565725391716,false,true
53,1,0.10000000000000009,-3.1000000000000005,-0.7258381247520447,false,true
54,1,0.1499999999999999,-3.1000000000000005,-0.7258381247589057,false,true
55,1,0.19999999999999973,-3.1000000000000005,-0.7258381247617454,false,true
56,1,0.25,-3.1000000000000005,-0.7214757520786771,false,true
57,1,0.2999999999999998,-3.1000000000000005,-0.7140287160873413,false,true
58,1,0.3500000000000001,-3.1000000000000005,-0.7112482190132141,false,true
59,1,0.3999999999999999,-3.1000000000000005,-0.7084677219390869,false,true
60,1,0.44999999999999973,-3.1000000000000005,-0.7142338454723359,false,true
61,1,0.5,-3.1000000000000005,-0.7199999690055847,false,true
62,1,0.5499999999999998,-3.1000000000000005,-0.7254570424556733,false,true
0,2,-2.5500000000000003,-3.0500000000000003,-0.7507487306983446,false,true
1,2,-2.5000000000000004,-3.0500000000000003,-0.7508636844947998,false,true
2,2,-2.45,-3.0500000000000003,-0.7513640522956848,false,true
3,2,-2.4000000000000004,-3.0500000000000003,-0.7506354932331915,false,true
4,2,-2.35,-3.0500000000000003,-0.75,false,true
5,2,-2.3000000000000003,-3.0500000000000003,-0.7486075868314077,false,true
6,2,-2.25,-3.0500000000000003,-0.7480308304125498,false,true
7,2,-2.2,-3.0500000000000003,-0.7464193846939461,false,true
8,2,-2.1500000000000004,-3.0500000000000003,-0.7481161952018738,true,false
9,2,-2.1,-3.0500000000000003,-0.7454094588756561,true,false
10,2,-2.0500000000000003,-3.0500000000000003,-0.7409352362155914,true,false
11,2,-2.0,-3.0500000000000003,-0.7330912947654724,true,false
12,2,-1.9500000000000002,-3.0500000000000003,-0.7329694926738739,true,false
13,2,-1.9000000000000004,-3.0500000000000003,-0.733771800994873,true,false
14,2,-1.85,-3.0500000000000003,-0.7126073837280273,true,false
15,2,-1.8000000000000003,-3.0500000000000003,-0.7060061693191528,true,false
16,2,-1.7500000000000002,-3.0500000000000003,-0.6975961327552795,true,false
17,2,-1.7000000000000002,-3.0500000000000003,-0.6899999976158142,true,false
18,2,-1.6500000000000004,-3.0500000000000003,-0.6876549529458913,false,true
19,2,-1.6,-3.0500000000000003,-0.6819935142993927,false,true
20,2,-1.5500000000000003,-3.0500000000000003,-0.6862698869849077,false,true
21,2,-1.5000000000000002,-3.0500000000000003,-0.6899999976158142,false,true
22,2,-1.4500000000000002,-3.0500000000000003,-0.6876804264979912,false,true
23,2,-1.4000000000000001,-3.0500000000000003,-0.6890942981270345,false,true
24,2,-1.35,-3.0500000000000003,-0.6917312375764944,false,true
25,2,-1.3000000000000003,-3.0500000000000003,-0.6922501993884461,false,true
26,2,-1.2500000000000002,-3.0500000000000003,-0.691276067670309,false,true
27,2,-1.2000000000000002,-3.0500000000000003,-0.6905171186846982,false,true
28,2,-1.1500000000000001,-3.0500000000000003,-0.6899999976158142,false,true
29,2,-1.1,-3.0500000000000003,-0.6899999976158142,false,true
30,2,-1.0500000000000003,-3.0500000000000003,-0.6899615526855382,false,true
31,2,-1.0000000000000002,-3.0500000000000003,-0.6898978550394389,false,true
32,2,-0.9500000000000002,-3.0500000000000003,-0.689814037600573,false,true
33,2,-0.9000000000000001,-3.0500000000000003,-0.6897169475188819,false,true
34,2,-0.8500000000000001,-3.0500000000000003,-0.6896128063583843,false,true
35,2,-0.8000000000000003,-3.0500000000000003,-0.6978703270816029,false,true
36,2,-0.7500000000000002,-3.0500000000000003,-0.7119772434234619,false,true
37,2,-0.7000000000000002,-3.0500000000000003,-0.7119773934812196,false,true
38,2,-0.6500000000000001,-3.0500000000000003,-0.7119774528902467,false,true
39,2,-0.6000000000000001,-3.0500000000000003,-0.7119775885850338,false,true
40,2,-0.5500000000000003,-3.0500000000000003,-0.7160621607748602,false,true
41,2,-0.5,-3.0500000000000003,-0.7230349183082581,false,true
42,2,-0.4500000000000002,-3.0500000000000003,-0.7255403399567282,false,true
43,2,-0.40000000000000036,-3.0500000000000003,-0.7280457615852356,false,true
44,2,-0.3500000000000001,-3.0500000000000003,-0.7306515364733767,false,true
45,2,-0.30000000000000027,-3.0500000000000003,-0.7321779689002959,false,true
46,2,-0.25,-3.0500000000000003,-0.7321779727935791,false,true
47,2,-0.20000000000000018,-3.0500000000000003,-0.7321779410123528,false,true
48,2,-0.1499999999999999,-3.0500000000000003,-0.7276794231719821,false,true
49,2,-0.10000000000000009,-3.0500000000000003,-0.7199999690055847,false,true
50,2,-0.050000000000000266,-3.0500000000000003,-0.7199999694678549,false,true
51,2,0.0,-3.0500000000000003,-0.7221565726977976,false,true
52,2,0.04999999999999982,-3.0500000000000003,-0.7258381247520447,false,true
53,2,0.10000000000000009,-3.0500000000000003,-0.7258381247686089,false,true
54,2,0.1499999999999999,-3.0500000000000003,-0.7258381247754616,false,true
55,2,0.19999999999999973,-3.0500000000000003,-0.7214757520883742,false,true
56,2,0.25,-3.0500000000000003,-0.7140287160873413,false,true
57,2,0.2999999999999998,-3.0500000000000003,-0.7112482190132142,false,true
58,2,0.3500000000000001,-3.0500000000000003,-0.7084677219390869,false,true
59,2,0.3999999999999999,-3.0500000000000003,-0.7142338454723359,false,true
60,2,0.44999999999999973,-3.0500000000000003,-0.7199999690055847,false,true
61,2,0.5,-3.0500000000000003,-0.7254570424556733,false,true
62,2,0.5499999999999998,-3.0500000000000003,-0.7309141159057618,false,true
0,3,-2.5500000000000003,-3.0000000000000004,-0.7466227118044881,false,true
1,3,-2.5000000000000004,-3.0000000000000004,-0.749970839883011,false,true
2,3,-2.45,-3.0000000000000004,-0.7501560575646136,false,true
3,3,-2.4000000000000004,-3.0000000000000004,-0.7513640522956848,false,true
4,3,-2.35,-3.0000000000000004,-0.7505038782751994,false,true
5,3,-2.3000000000000003,-3.0000000000000004,-0.75,true,false
6,3,-2.25,-3.0000000000000004,-0.7466384172439575,true,false
7,3,-2.2,-3.0000000000000004,-0.7434435623607785,false,true
8,3,-2.1500000000000004,-3.0000000000000004,-0.743800699710846,true,false
9,3,-2.1,-3.0000000000000004,-0.7440105080604553,true,false
10,3,-2.0500000000000003,-3.0000000000000004,-0.7412386536598206,true,false
11,3,-2.0,-3.0000000000000004,-0.7316369414329529,true,false
12,3,-1.9500000000000002,-3.0000000000000004,-0.729964405298233,true,false
13,3,-1.9000000000000004,-3.0000000000000004,-0.730148583650589,true,false
14,3,-1.85,-3.0000000000000004,-0.7201091647148132,true,false
15,3,-1.8000000000000003,-3.0000000000000004,-0.7152087986469269,true,false
16,3,-1.7500000000000002,-3.0000000000000004,-0.6998580098152161,true,false
17,3,-1.7000000000000002,-3.0000000000000004,-0.6899999976158142,true,false
18,3,-1.6500000000000004,-3.0000000000000004,-0.6819935142993927,true,false
19,3,-1.6,-3.0000000000000004,-0.6870424181911444,false,true
20,3,-1.5500000000000003,-3.0000000000000004,-0.6899999976158142,false,true
21,3,-1.5000000000000002,-3.0000000000000004,-0.6864928305248874,false,true
22,3,-1.4500000000000002,-3.0000000000000004,-0.6849828088645029,false,true
23,3,-1.4000000000000001,-3.0000000000000004,-0.689402660980757,false,true
24,3,-1.35,-3.0000000000000004,-0.6927696964596998,false,true
25,3,-1.3000000000000003,-3.0000000000000004,-0.6925912115356357,false,true
26,3,-1.2500000000000002,-3.0000000000000004,-0.6912484383137031,false,true
27,3,-1.2000000000000002,-3.0000000000000004,-0.6899999976158142,false,true
28,3,-1.1500000000000001,-3.0000000000000004,-0.6899999976158142,false,true
29,3,-1.1,-3.0000000000000004,-0.6898687384134613,false,true
30,3,-1.0500000000000003,-3.0000000000000004,-0.6897056303880589,false,true
31,3,-1.0000000000000002,-3.0000000000000004,-0.6895208020859002,false,true
32,3,-0.9500000000000002,-3.0000000000000004,-0.6893311723317722,false,true
33,3,-0.9000000000000001,-3.0000000000000004,-0.689148493712883,false,true
34,3,-0.8500000000000001,-3.0000000000000004,-0.6975853207635667,false,true
35,3,-0.8000000000000003,-3.0000000000000004,-0.7119772434234619,false,true
36,3,-0.7500000000000002,-3.0000000000000004,-0.7119776056949356,false,true
37,3,-0.7000000000000002,-3.0000000000000004,-0.7119777463740835,false,true
38,3,-0.6500000000000001,-3.0000000000000004,-0.7119780634920553,false,true
39,3,-0.6000000000000001,-3.0000000000000004,-0.7160624801454906,false,true
40,3,-0.5500000000000003,-3.0000000000000004,-0.7230349183082581,false,true
41,3,-0.5,-3.0000000000000004,-0.7255403399849596,false,true
42,3,-0.4500000000000002,-3.0000000000000004,-0.7280457615852356,false,true
43,3,-0.40000000000000036,-3.0000000000000004,-0.7306515286868456,false,true
44,3,-0.3500000000000001,-3.0000000000000004,-0.7321779633943619,false,true
45,3,-0.30000000000000027,-3.0000000000000004,-0.7321779727935791,false,true
46,3,-0.25,-3.0000000000000004,-0.7321778960669115,false,true
47,3,-0.20000000000000018,-3.0000000000000004,-0.7276793968436974,false,true
48,3,-0.1499999999999999,-3.0000000000000004,-0.7199999690055847,false,true
49,3,-0.10000000000000009,-3.0000000000000004,-0.7199999701216037,false,true
50,3,-0.050000000000000266,-3.0000000000000004,-0.7221565730807548,false,true
51,3,0.0,-3.0000000000000004,-0.7258381247520447,false,true
52,3,0.04999999999999982,-3.0000000000000004,-0.7258381247920342,false,true
53,3,0.10000000000000009,-3.0000000000000004,-0.7258381248085697,false,true
54,3,0.1499999999999999,-3.0000000000000004,-0.7214757521117793,false,true
55,3,0.19999999999999973,-3.0000000000000004,-0.7140287160873413,false,true
56,3,0.25,-3.0000000000000004,-0.7112482190132144,false,true
57,3,0.2999999999999998,-3.0000000000000004,-0.7084677219390869,false,true
58,3,0.3500000000000001,-3.0000000000000004,-0.7142338454723359,false,true
59,3,0.3999999999999999,-3.0000000000000004,-0.7199999690055847,false,true
60,3,0.44999999999999973,-3.0000000000000004,-0.7254570424556733,false,true
61,3,0.5,-3.0000000000000004,-0.7309141159057618,false,true
62,3,0.5499999999999998,-3.0000000000000004,-0.7361421997072264,false,true
0,4,-2.5500000000000003,-2.95,-0.7410036921501159,false,true
1,4,-2.5000000000000004,-2.95,-0.7455932647794213,false,true
2,4,-2.45,-2.95,-0.7483156901130237,false,true
3,4,-2.4000000000000004,-2.95,-0.7484476950326575,false,true
4,4,-2.35,-2.95,-0.7513640522956848,true,false
5,4,-2.3000000000000003,-2.95,-0.75,true,false
6,4,-2.25,-2.95,-0.7407208681106567,true,false
7,4,-2.2,-2.95,-0.7409728765487671,true,false
8,4,-2.1500000000000004,-2.95,-0.7399644255638123,true,false
9,4,-2.1,-2.95,-0.7413544356822968,true,false
10,4,-2.0500000000000003,-2.95,-0.741908848285675,true,false
11,4,-2.0,-2.95,-0.738132119178772,true,false
12,4,-1.9500000000000002,-2.95,-0.7349011301994324,true,false
13,4,-1.9000000000000004,-2.95,-0.7304385900497437,true,false
14,4,-1.85,-2.95,-0.731435626745224,true,false
15,4,-1.8000000000000003,-2.95,-0.7249757647514343,true,false
16,4,-1.7500000000000002,-2.95,-0.7199999690055847,true,false
17,4,-1.7000000000000002,-2.95,-0.698378324508667,true,false
18,4,-1.6500000000000004,-2.95,-0.6899999976158142,true,false
19,4,-1.6,-2.95,-0.6899999976158142,true,false
20,4,-1.5500000000000003,-2.95,-0.6906670777735406,false,true
21,4,-1.5000000000000002,-2.95,-0.682196781039238,false,true
22,4,-1.4500000000000002,-2.95,-0.6834342314579686,false,true
23,4,-1.4000000000000001,-2.95,-0.6899588558604729,false,true
24,4,-1.35,-2.95,-0.6945845121613283,false,true
25,4,-1.3000000000000003,-2.95,-0.693014000080476,false,true
26,4,-1.2500000000000002,-2.95,-0.6899999976158142,false,true
27,4,-1.2000000000000002,-2.95,-0.6899999976158142,false,true
28,4,-1.1500000000000001,-2.95,-0.6895518506669549,false,true
29,4,-1.1,-2.95,-0.6891805935786477,false,true
30,4,-1.0500000000000003,-2.95,-0.6888186647946388,false,true
31,4,-1.0000000000000002,-2.95,-0.6884963126539884,false,true
32,4,-0.9500000000000002,-2.95,-0.6882246032448044,false,true
33,4,-0.9000000000000001,-2.95,-0.6970319170324759,false,true
34,4,-0.8500000000000001,-2.95,-0.7119772434234619,false,true
35,4,-0.8000000000000003,-2.95,-0.711978118024167,false,true
36,4,-0.7500000000000002,-2.95,-0.7119784482750637,false,true
37,4,-0.7000000000000002,-2.95,-0.7119791819754275,false,true
38,4,-0.6500000000000001,-2.95,-0.7160632282138114,false,true
39,4,-0.6000000000000001,-2.95,-0.7230349183082581,false,true
40,4,-0.5500000000000003,-2.95,-0.7255403400930415,false,true
41,4,-0.5,-2.95,-0.7280457615852356,false,true
42,4,-0.4500000000000002,-2.95,-0.7306515098885826,false,true
43,4,-0.40000000000000036,-2.95,-0.7321779501018614,false,true
44,4,-0.3500000000000001,-2.95,-0.7321779727935791,false,true
45,4,-0.30000000000000027,-2.95,-0.7321777875590173,false,true
46,4,-0.25,-2.95,-0.7276793332819458,false,true
47,4,-0.20000000000000018,-2.95,-0.7199999690055847,false,true
48,4,-0.1499999999999999,-2.95,-0.7199999716998927,false,true
49,4,-0.10000000000000009,-2.95,-0.7221565740052949,false,true
50,4,-0.050000000000000266,-2.95,-0.7258381247520447,false,true
51,4,0.0,-2.95,-0.7258381248485881,false,true
52,4,0.04999999999999982,-2.95,-0.7258381248884794,false,true
53,4,0.10000000000000009,-2.95,-0.7214757521682638,false,true
54,4,0.1499999999999999,-2.95,-0.7140287160873413,false,true
55,4,0.19999999999999973,-2.95,-0.7112482190132154,false,true
56,4,0.25,-2.95,-0.7084677219390869,false,true
57,4,0.2999999999999998,-2.95,-0.7142338454723364,false,true
58,4,0.3500000000000001,-2.95,-0.7199999690055847,false,true
59,4,0.3999999999999999,-2.95,-0.7254570424556733,false,true
60,4,0.44999999999999973,-2.95,-0.7309141159057618,false,true
61,4,0.5,-2.95,-0.7370866585235549,false,true
62,4,0.5499999999999998,-2.95,-0.7407024502751138,false,true
0,5,-2.5500000000000003,-2.9000000000000004,-0.7407230399643635,false,true
1,5,-2.5000000000000004,-2.9000000000000004,-0.7410036921501159,false,true
2,5,-2.45,-2.9000000000000004,-0.7436710170227605,false,true
3,5,-2.4000000000000004,-2.9000000000000004,-0.7450806447827165,false,true
4,5,-2.35,-2.9000000000000004,-0.744323343038559,true,false
5,5,-2.3000000000000003,-2.9000000000000004,-0.742579460144043,true,false
6,5,-2.25,-2.9000000000000004,-0.7417564392089844,true,false
7,5,-2.2,-2.9000000000000004,-0.7399814426898956,true,false
8,5,-2.1500000000000004,-2.9000000000000004,-0.7397789657115936,true,false
9,5,-2.1,-2.9000000000000004,-0.741417407989502,true,false
10,5,-2.0500000000000003,-2.9000000000000004,-0.7440182566642761,true,false
11,5,-2.0,-2.9000000000000004,-0.7426967322826385,true,false
12,5,-1.9500000000000002,-2.9000000000000004,-0.7386455535888672,true,false
13,5,-1.9000000000000004,-2.9000000000000004,-0.7342752516269684,true,false
14,5,-1.85,-2.9000000000000004,-0.7323344349861145,true,false
15,5,-1.8000000000000003,-2.9000000000000004,-0.7354319989681244,true,false
16,5,-1.7500000000000002,-2.9000000000000004,-0.7317163050174713,true,false
17,5,-1.7000000000000002,-2.9000000000000004,-0.7199999690055847,true,false
18,5,-1.6500000000000004,-2.9000000000000004,-0.6979312896728516,true,false
19,5,-1.6,-2.9000000000000004,-0.6934114694595337,true,false
20,5,-1.5500000000000003,-2.9000000000000004,-0.6893935799598694,true,false
21,5,-1.5000000000000002,-2.9000000000000004,-0.6592718474314408,false,true
22,5,-1.4500000000000002,-2.9000000000000004,-0.6749999821186066,true,false
23,5,-1.4000000000000001,-2.9000000000000004,-0.6953620612621307,true,false
24,5,-1.35,-2.9000000000000004,-0.6972764432430267,true,false
25,5,-1.3000000000000003,-2.9000000000000004,-0.6899999976158142,true,false
26,5,-1.2500000000000002,-2.9000000000000004,-0.6899999976158142,false,true
27,5,-1.2000000000000002,-2.9000000000000004,-0.6884699282250829,false,true
28,5,-1.1500000000000001,-2.9000000000000004,-0.6878361527320701,false,true
29,5,-1.1,-2.9000000000000004,-0.687256746580858,false,true
30,5,-1.0500000000000003,-2.9000000000000004,-0.68683112015075,false,true
31,5,-1.0000000000000002,-2.9000000000000004,-0.6865441492722161,false,true
32,5,-0.9500000000000002,-2.9000000000000004,-0.6960522010635551,false,true
33,5,-0.9000000000000001,-2.9000000000000004,-0.7119772434234619,false,true
34,5,-0.8500000000000001,-2.9000000000000004,-0.711979354896346,false,true
35,5,-0.8000000000000003,-2.9000000000000004,-0.7119801201719629,false,true
36,5,-0.7500000000000002,-2.9000000000000004,-0.7119817958649246,false,true
37,5,-0.7000000000000002,-2.9000000000000004,-0.7160649649489922,false,true
38,5,-0.6500000000000001,-2.9000000000000004,-0.7230349183082581,false,true
39,5,-0.6000000000000001,-2.9000000000000004,-0.725540340506825,false,true
40,5,-0.5500000000000003,-2.9000000000000004,-0.7280457615852356,false,true
41,5,-0.5,-2.9000000000000004,-0.7306514645059756,false,true
42,5,-0.4500000000000002,-2.9000000000000004,-0.7321779180109265,false,true
43,5,-0.40000000000000036,-2.9000000000000004,-0.7321779727935791,false,true
44,5,-0.3500000000000001,-2.9000000000000004,-0.7321775255977878,false,true
45,5,-0.30000000000000027,-2.9000000000000004,-0.727679179831996,false,true
46,5,-0.25,-2.9000000000000004,-0.7199999690055847,false,true
47,5,-0.20000000000000018,-2.9000000000000004,-0.7199999755102195,false,true
48,5,-0.1499999999999999,-2.9000000000000004,-0.7221565762373312,false,true
49,5,-0.10000000000000009,-2.9000000000000004,-0.7258381247520447,false,true
50,5,-0.050000000000000266,-2.9000000000000004,-0.725838124985121,false,true
51,5,0.0,-2.9000000000000004,-0.7258381250813292,false,true
52,5,0.04999999999999982,-2.9000000000000004,-0.72147575230456,false,true
53,5,0.10000000000000009,-2.9000000000000004,-0.7140287160873413,false,true
54,5,0.1499999999999999,-2.9000000000000004,-0.7112482190132191,false,true
55,5,0.19999999999999973,-2.9000000000000004,-0.7084677219390869,false,true
56,5,0.25,-2.9000000000000004,-0.7142338454723378,false,true
57,5,0.2999999999999998,-2.9000000000000004,-0.7199999690055847,false,true
58,5,0.3500000000000001,-2.9000000000000004,-0.7254570424556738,false,true
59,5,0.3999999999999999,-2.9000000000000004,-0.7309141159057618,false,true
60,5,0.44999999999999973,-2.9000000000000004,-0.7370866585229408,false,true
61,5,0.5,-2.9000000000000004,-0.7407024502746794,false,true
62,5,0.5499999999999998,-2.9000000000000004,-0.740702450275421,false,true
0,6,-2.5500000000000003,-2.8500000000000005,-0.7402211418712342,false,true
1,6,-2.5000000000000004,-2.8500000000000005,-0.7403261378369627,false,true
2,6,-2.45,-2.8500000000000005,-0.7410036921501159,false,true
3,6,-2.4000000000000004,-2.8500000000000005,-0.7406729913269849,false,true
4,6,-2.35,-2.8500000000000005,-0.7398682236671448,true,false
5,6,-2.3000000000000003,-2.8500000000000005,-0.7410639822483063,true,false
6,6,-2.25,-2.8500000000000005,-0.7417112588882446,true,false
7,6,-2.2,-2.8500000000000005,-0.7399294972419739,true,false
8,6,-2.1500000000000004,-2.8500000000000005,-0.7404886484146118,true,false
9,6,-2.1,-2.8500000000000005,-0.7436886429786682,true,false
10,6,-2.0500000000000003,-2.8500000000000005,-0.7469146847724915,true,false
11,6,-2.0,-2.8500000000000005,-0.7447144687175751,true,false
12,6,-1.9500000000000002,-2.8500000000000005,-0.7417194843292236,true,false
13,6,-1.9000000000000004,-2.8500000000000005,-0.7371639013290405,true,false
14,6,-1.85,-2.8500000000000005,-0.7336816787719727,true,false
15,6,-1.8000000000000003,-2.8500000000000005,-0.7344808578491211,true,false
16,6,-1.7500000000000002,-2.8500000000000005,-0.734485924243927,true,false
17,6,-1.7000000000000002,-2.8500000000000005,-0.7308869361877441,true,false
18,6,-1.6500000000000004,-2.8500000000000005,-0.7199999690055847,true,false
19,6,-1.6,-2.8500000000000005,-0.6915079951286316,true,false
20,6,-1.5500000000000003,-2.8500000000000005,-0.6350988745689392,true,false
21,6,-1.5000000000000002,-2.8500000000000005,-0.6299999952316284,true,false
22,6,-1.4500000000000002,-2.8500000000000005,-0.6599999666213989,true,false
23,6,-1.4000000000000001,-2.8500000000000005,-0.695596307516098,true,false
24,6,-1.35,-2.8500000000000005,-0.7051800191402435,true,false
25,6,-1.3000000000000003,-2.8500000000000005,-0.6899999976158142,true,false
26,6,-1.2500000000000002,-2.8500000000000005,-0.6847760139506075,false,true
27,6,-1.2000000000000002,-2.8500000000000005,-0.6847760139506075,false,true
28,6,-1.1500000000000001,-2.8500000000000005,-0.6841422384575947,false,true
29,6,-1.1,-2.8500000000000005,-0.6838797200528891,false,true
30,6,-1.0500000000000003,-2.8500000000000005,-0.6838637956413643,false,true
31,6,-1.0000000000000002,-2.8500000000000005,-0.6945330943814335,false,true
32,6,-0.9500000000000002,-2.8500000000000005,-0.7119772434234619,false,true
33,6,-0.9000000000000001,-2.8500000000000005,-0.711982340969935,false,true
34,6,-0.8500000000000001,-2.8500000000000005,-0.7119840791836203,false,true
35,6,-0.8000000000000003,-2.8500000000000005,-0.7119878434933951,false,true
36,6,-0.7500000000000002,-2.8500000000000005,-0.7160689521492896,false,true
37,6,-0.7000000000000002,-2.8500000000000005,-0.7230349183082581,false,true
38,6,-0.6500000000000001,-2.8500000000000005,-0.7255403420909653,false,true
39,6,-0.6000000000000001,-2.8500000000000005,-0.7280457615852356,false,true
40,6,-0.5500000000000003,-2.8500000000000005,-0.7306513549446698,false,true
41,6,-0.5,-2.8500000000000005,-0.7321778405365558,false,true
42,6,-0.4500000000000002,-2.8500000000000005,-0.7321779727935791,false,true
43,6,-0.40000000000000036,-2.8500000000000005,-0.7321768931674348,false,true
44,6,-0.3500000000000001,-2.8500000000000005,-0.7276788093792204,false,true
45,6,-0.30000000000000027,-2.8500000000000005,-0.7199999690055847,false,true
46,6,-0.25,-2.8500000000000005,-0.7199999847091623,false,true
47,6,-0.20000000000000018,-2.8500000000000005,-0.722156581625941,false,true
48,6,-0.1499999999999999,-2.8500000000000005,-0.7258381247520447,false,true
49,6,-0.10000000000000009,-2.8500000000000005,-0.7258381253147405,false,true
50,6,-0.050000000000000266,-2.8500000000000005,-0.7258381255466726,false,true
51,6,0.0,-2.8500000000000005,-0.7214757526333718,false,true
52,6,0.04999999999999982,-2.8500000000000005,-0.7140287160873413,false,true
53,6,0.10000000000000009,-2.8500000000000005,-0.7112482190132332,false,true
54,6,0.1499999999999999,-2.8500000000000005,-0.7084677219390869,false,true
55,6,0.19999999999999973,-2.8500000000000005,-0.7142338454723436,false,true
56,6,0.25,-2.8500000000000005,-0.7199999690055847,false,true
57,6,0.2999999999999998,-2.8500000000000005,-0.7254570424556751,false,true
58,6,0.3500000000000001,-2.8500000000000005,-0.7309141159057618,false,true
59,6,0.3999999999999999,-2.8500000000000005,-0.7370866585214578,false,true
60,6,0.44999999999999973,-2.8500000000000005,-0.7407024502736309,false,true
61,6,0.5,-2.8500000000000005,-0.740702450275421,false,true
62,6,0.5499999999999998,-2.8500000000000005,-0.7407024502768641,false,true
0,7,-2.5500000000000003,-2.8000000000000003,-0.736365924993103,false,true
1,7,-2.5000000000000004,-2.8000000000000003,-0.7392901048736249,false,true
2,7,-2.45,-2.8000000000000003,-0.739367931338057,false,true
3,7,-2.4000000000000004,-2.8000000000000003,-0.741003692150116,true,false
4,7,-2.35,-2.8000000000000003,-0.7376930713653564,true,false
5,7,-2.3000000000000003,-2.8000000000000003,-0.7411077618598938,true,false
6,7,-2.25,-2.8000000000000003,-0.7409898936748505,true,false
7,7,-2.2,-2.8000000000000003,-0.7404584884643555,true,false
8,7,-2.1500000000000004,-2.8000000000000003,-0.7424249947071075,true,false
9,7,-2.1,-2.8000000000000003,-0.7449266314506531,true,false
10,7,-2.0500000000000003,-2.8000000000000003,-0.7467950284481049,true,false
11,7,-2.0,-2.8000000000000003,-0.745021402835846,true,false
12,7,-1.9500000000000002,-2.8000000000000003,-0.7441100180149078,true,false
13,7,-1.9000000000000004,-2.8000000000000003,-0.7410863637924194,true,false
14,7,-1.85,-2.8000000000000003,-0.736895740032196,true,false
15,7,-1.8000000000000003,-2.8000000000000003,-0.7332987785339355,true,false
16,7,-1.7500000000000002,-2.8000000000000003,-0.7332327961921692,true,false
17,7,-1.7000000000000002,-2.8000000000000003,-0.7332080602645874,true,false
18,7,-1.6500000000000004,-2.8000000000000003,-0.7199999690055847,true,false
19,7,-1.6,-2.8000000000000003,-0.6803225874900818,true,false
20,7,-1.5500000000000003,-2.8000000000000003,-0.6590442955493927,true,false
21,7,-1.5000000000000002,-2.8000000000000003,-0.6599999666213989,true,false
22,7,-1.4500000000000002,-2.8000000000000003,-0.6899999976158142,true,false
23,7,-1.4000000000000001,-2.8000000000000003,-0.7055395245552063,true,false
24,7,-1.35,-2.8000000000000003,-0.6983092427253723,true,false
25,7,-1.3000000000000003,-2.8000000000000003,-0.6721642017364502,true,false
26,7,-1.2500000000000002,-2.8000000000000003,-0.6795520302854009,false,true
27,7,-1.2000000000000002,-2.8000000000000003,-0.6789182547923881,false,true
28,7,-1.1500000000000001,-2.8000000000000003,-0.6795520302854009,false,true
29,7,-1.1,-2.8000000000000003,-0.6804483241831194,false,true
30,7,-1.0500000000000003,-2.8000000000000003,-0.6926539834320387,false,true
31,7,-1.0000000000000002,-2.8000000000000003,-0.7119772434234619,false,true
32,7,-0.9500000000000002,-2.8000000000000003,-0.7119895499892921,false,true
33,7,-0.9000000000000001,-2.8000000000000003,-0.7119933731491469,false,true
34,7,-0.8500000000000001,-2.8000000000000003,-0.7120016556283807,false,true
35,7,-0.8000000000000003,-2.8000000000000003,-0.7160779795202555,false,true
36,7,-0.7500000000000002,-2.8000000000000003,-0.7230349183082581,false,true
37,7,-0.7000000000000002,-2.8000000000000003,-0.7255403481557311,false,true
38,7,-0.6500000000000001,-2.8000000000000003,-0.7280457615852356,false,true
39,7,-0.6000000000000001,-2.8000000000000003,-0.7306510904499367,false,true
40,7,-0.5500000000000003,-2.8000000000000003,-0.7321776534968795,false,true
41,7,-0.5,-2.8000000000000003,-0.7321779727935791,false,true
42,7,-0.4500000000000002,-2.8000000000000003,-0.7321753663454992,false,true
43,7,-0.40000000000000036,-2.8000000000000003,-0.7276779150665718,false,true
44,7,-0.3500000000000001,-2.8000000000000003,-0.7199999690055847,false,true
45,7,-0.30000000000000027,-2.8000000000000003,-0.7200000069173746,false,true
46,7,-0.25,-2.8000000000000003,-0.7221565946351803,false,true
47,7,-0.20000000000000018,-2.8000000000000003,-0.7258381247520447,false,true
48,7,-0.1499999999999999,-2.8000000000000003,-0.7258381261105123,false,true
49,7,-0.10000000000000009,-2.8000000000000003,-0.7258381266693023,false,true
50,7,-0.050000000000000266,-2.8000000000000003,-0.721475753426388,false,true
51,7,0.0,-2.8000000000000003,-0.7140287160873413,false,true
52,7,0.04999999999999982,-2.8000000000000003,-0.7112482190132873,false,true
53,7,0.10000000000000009,-2.8000000000000003,-0.7084677219390869,false,true
54,7,0.1499999999999999,-2.8000000000000003,-0.7142338454723656,false,true
55,7,0.19999999999999973,-2.8000000000000003,-0.7199999690055847,false,true
56,7,0.25,-2.8000000000000003,-0.7254570424556807,false,true
57,7,0.2999999999999998,-2.8000000000000003,-0.7309141159057618,false,true
58,7,0.3500000000000001,-2.8000000000000003,-0.7370866585178776,false,true
59,7,0.3999999999999999,-2.8000000000000003,-0.7407024502710994,false,true
60,7,0.44999999999999973,-2.8000000000000003,-0.740702450275421,false,true
61,7,0.5,-2.8000000000000003,-0.7407024502789051,false,true
62,7,0.5499999999999998,-2.8000000000000003,-0.7407024502803474,false,true
0,8,-2.5500000000000003,-2.7500000000000004,-0.73138827085495,false,true
1,8,-2.5000000000000004,-2.7500000000000004,-0.7353097632943698,false,true
2,8,-2.45,-2.7500000000000004,-0.7374664543556224,false,true
3,8,-2.4000000000000004,-2.7500000000000004,-0.7370546162128448,true,false
4,8,-2.35,-2.7500000000000004,-0.7370078265666962,true,false
5,8,-2.3000000000000003,-2.7500000000000004,-0.7390986979007721,true,false
6,8,-2.25,-2.7500000000000004,-0.7399287521839142,true,false
7,8,-2.2,-2.7500000000000004,-0.7428102493286133,true,false
8,8,-2.1500000000000004,-2.7500000000000004,-0.7439979016780853,true,false
9,8,-2.1,-2.7500000000000004,-0.7441041469573975,true,false
10,8,-2.0500000000000003,-2.7500000000000004,-0.7466959357261658,true,false
11,8,-2.0,-2.7500000000000004,-0.7465888857841492,true,false
12,8,-1.9500000000000002,-2.7500000000000004,-0.7447913289070129,true,false
13,8,-1.9000000000000004,-2.7500000000000004,-0.7419506907463074,true,false
14,8,-1.85,-2.7500000000000004,-0.7396859526634216,true,false
15,8,-1.8000000000000003,-2.7500000000000004,-0.7369056940078735,true,false
16,8,-1.7500000000000002,-2.7500000000000004,-0.7336978316307068,true,false
17,8,-1.7000000000000002,-2.7500000000000004,-0.7344081401824951,true,false
18,8,-1.6500000000000004,-2.7500000000000004,-0.721716970205307,true,false
19,8,-1.6,-2.7500000000000004,-0.6899999976158142,true,false
20,8,-1.5500000000000003,-2.7500000000000004,-0.6863757967948914,true,false
21,8,-1.5000000000000002,-2.7500000000000004,-0.6934978067874908,true,false
22,8,-1.4500000000000002,-2.7500000000000004,-0.7115134298801422,true,false
23,8,-1.4000000000000001,-2.7500000000000004,-0.6899999976158142,true,false
24,8,-1.35,-2.7500000000000004,-0.6299999952316284,true,false
25,8,-1.3000000000000003,-2.7500000000000004,-0.6478652199048058,false,true
26,8,-1.2500000000000002,-2.7500000000000004,-0.6721642017364502,false,true
27,8,-1.2000000000000002,-2.7500000000000004,-0.6752243405179127,false,true
28,8,-1.1500000000000001,-2.7500000000000004,-0.6780219608946696,false,true
29,8,-1.1,-2.7500000000000004,-0.6913624393095823,false,true
30,8,-1.0500000000000003,-2.7500000000000004,-0.7119772434234619,false,true
31,8,-1.0000000000000002,-2.7500000000000004,-0.7120069541015953,false,true
32,8,-0.9500000000000002,-2.7500000000000004,-0.7120149096393497,false,true
33,8,-0.9000000000000001,-2.7500000000000004,-0.7120326834812887,false,true
34,8,-0.8500000000000001,-2.7500000000000004,-0.7160980752028137,false,true
35,8,-0.8000000000000003,-2.7500000000000004,-0.7230349183082581,false,true
36,8,-0.7500000000000002,-2.7500000000000004,-0.7255403713742448,false,true
37,8,-0.7000000000000002,-2.7500000000000004,-0.7280457615852356,false,true
38,8,-0.6500000000000001,-2.7500000000000004,-0.7306504519497915,false,true
39,8,-0.6000000000000001,-2.7500000000000004,-0.7321772019431565,false,true
40,8,-0.5500000000000003,-2.7500000000000004,-0.7321779727935791,false,true
41,8,-0.5,-2.7500000000000004,-0.732171680271275,false,true
42,8,-0.4500000000000002,-2.7500000000000004,-0.7276757561954103,false,true
43,8,-0.40000000000000036,-2.7500000000000004,-0.7199999690055847,false,true
44,8,-0.3500000000000001,-2.7500000000000004,-0.720000060532742,false,true
45,8,-0.30000000000000027,-2.7500000000000004,-0.7221566260421897,false,true
46,8,-0.25,-2.7500000000000004,-0.7258381247520447,false,true
47,8,-0.20000000000000018,-2.7500000000000004,-0.7258381280316756,false,true
48,8,-0.1499999999999999,-2.7500000000000004,-0.7258381293768081,false,true
49,8,-0.10000000000000009,-2.7500000000000004,-0.7214757553381512,false,true
50,8,-0.050000000000000266,-2.7500000000000004,-0.7140287160873413,false,true
51,8,0.0,-2.7500000000000004,-0.7112482190134944,false,true
52,8,0.04999999999999982,-2.7500000000000004,-0.7084677219390869,false,true
53,8,0.10000000000000009,-2.7500000000000004,-0.7142338454724498,false,true
54,8,0.1499999999999999,-2.7500000000000004,-0.7199999690055847,false,true
55,8,0.19999999999999973,-2.7500000000000004,-0.7254570424557021,false,true
56,8,0.25,-2.7500000000000004,-0.7309141159057618,false,true
57,8,0.2999999999999998,-2.7500000000000004,-0.7370866585092342,false,true
58,8,0.3500000000000001,-2.7500000000000004,-0.7407024502649875,false,true
59,8,0.3999999999999999,-2.7500000000000004,-0.740702450275421,false,true
60,8,0.44999999999999973,-2.7500000000000004,-0.7407024502838327,false,true
61,8,0.5,-2.7500000000000004,-0.7407024502873135,false,true
62,8,0.5499999999999998,-2.7500000000000004,-0.7407024502956903,false,true
0,9,-2.5500000000000003,-2.7,-0.726838370789575,false,true
1,9,-2.5000000000000004,-2.7,-0.73138827085495,false,true
2,9,-2.45,-2.7,-0.7337474012945813,false,true
3,9,-2.4000000000000004,-2.7,-0.7345116436481476,true,false
4,9,-2.35,-2.7,-0.7352447509765625,true,false
5,9,-2.3000000000000003,-2.7,-0.7370139360427856,true,false
6,9,-2.25,-2.7,-0.7393341362476349,true,false
7,9,-2.2,-2.7,-0.7427234351634979,true,false
8,9,-2.1500000000000004,-2.7,-0.7442111372947693,true,false
9,9,-2.1,-2.7,-0.7458053827285767,true,false
10,9,-2.0500000000000003,-2.7,-0.7457316517829895,true,false
11,9,-2.0,-2.7,-0.7445372641086578,true,false
12,9,-1.9500000000000002,-2.7,-0.7441426515579224,true,false
13,9,-1.9000000000000004,-2.7,-0.7434589862823486,true,false
14,9,-1.85,-2.7,-0.7435784935951233,true,false
15,9,-1.8000000000000003,-2.7,-0.7420060038566589,true,false
16,9,-1.7500000000000002,-2.7,-0.7375927567481995,true,false
17,9,-1.7000000000000002,-2.7,-0.7357542812824249,true,false
18,9,-1.6500000000000004,-2.7,-0.7303176522254944,true,false
19,9,-1.6,-2.7,-0.7199999690055847,true,false
20,9,-1.5500000000000003,-2.7,-0.7171637415885925,true,false
21,9,-1.5000000000000002,-2.7,-0.7104040384292603,true,false
22,9,-1.4500000000000002,-2.7,-0.7109440267086029,true,false
23,9,-1.4000000000000001,-2.7,-0.6899999976158142,true,false
24,9,-1.35,-2.7,-0.5883224904537201,true,false
25,9,-1.3000000000000003,-2.7,-0.6215233956914107,false,true
26,9,-1.2500000000000002,-2.7,-0.6589163812615543,false,true
27,9,-1.2000000000000002,-2.7,-0.6810820996761321,false,true
28,9,-1.1500000000000001,-2.7,-0.6928853982731651,false,true
29,9,-1.1,-2.7,-0.7119772434234619,false,true
30,9,-1.0500000000000003,-2.7,-0.7120489713455589,false,true
31,9,-1.0000000000000002,-2.7,-0.7120638266846256,false,true
32,9,-0.9500000000000002,-2.7,-0.7121009529816107,false,true
33,9,-0.9000000000000001,-2.7,-0.7161419317656467,false,true
34,9,-0.8500000000000001,-2.7,-0.7230349183082581,false,true
35,9,-0.8000000000000003,-2.7,-0.7255404602646323,false,true
36,9,-0.7500000000000002,-2.7,-0.7280457615852356,false,true
37,9,-0.7000000000000002,-2.7,-0.7306489106992171,false,true
38,9,-0.6500000000000001,-2.7,-0.7321761117960341,false,true
39,9,-0.6000000000000001,-2.7,-0.7321779727935791,false,true
40,9,-0.5500000000000003,-2.7,-0.732162781300891,false,true
41,9,-0.5,-2.7,-0.7276705451394943,false,true
42,9,-0.4500000000000002,-2.7,-0.7199999690055847,false,true
43,9,-0.40000000000000036,-2.7,-0.7200001899716891,false,true
44,9,-0.3500000000000001,-2.7,-0.7221567018650652,false,true
45,9,-0.30000000000000027,-2.7,-0.7258381247520447,false,true
46,9,-0.25,-2.7,-0.7258381326697741,false,true
47,9,-0.20000000000000018,-2.7,-0.7258381359038762,false,true
48,9,-0.1499999999999999,-2.7,-0.7214757599441971,false,true
49,9,-0.10000000000000009,-2.7,-0.7140287160873413,false,true
50,9,-0.050000000000000266,-2.7,-0.7112482190142875,false,true
51,9,0.0,-2.7,-0.7084677219390869,false,true
52,9,0.04999999999999982,-2.7,-0.7142338454727722,false,true
53,9,0.10000000000000009,-2.7,-0.7199999690055847,false,true
54,9,0.1499999999999999,-2.7,-0.7254570424557832,false,true
55,9,0.19999999999999973,-2.7,-0.7309141159057618,false,true
56,9,0.25,-2.7,-0.7370866584883671,false,true
57,9,0.2999999999999998,-2.7,-0.7407024502502322,false,true
58,9,0.3500000000000001,-2.7,-0.740702450275421,false,true
59,9,0.3999999999999999,-2.7,-0.7407024502957286,false,true
60,9,0.44999999999999973,-2.7,-0.7407024503041285,false,true
61,9,0.5,-2.7,-0.7407024503243219,false,true
62,9,0.5499999999999998,-2.7,-0.7447914075840734,false,true
0,10,-2.5500000000000003,-2.6500000000000004,-0.7223547697067262,false,true
1,10,-2.5000000000000004,-2.6500000000000004,-0.7267446098693152,false,true
2,10,-2.45,-2.6500000000000004,-0.73138827085495,true,false
3,10,-2.4000000000000004,-2.6500000000000004,-0.7326956987380981,true,false
4,10,-2.35,-2.6500000000000004,-0.7326008677482605,true,false
5,10,-2.3000000000000003,-2.6500000000000004,-0.7368454933166504,true,false
6,10,-2.25,-2.6500000000000004,-0.7397234439849854,true,false
7,10,-2.2,-2.6500000000000004,-0.7416266798973083,true,false
8,10,-2.1500000000000004,-2.6500000000000004,-0.7441164255142212,true,false
9,10,-2.1,-2.6500000000000004,-0.7456135153770447,true,false
10,10,-2.0500000000000003,-2.6500000000000004,-0.7467279732227325,true,false
11,10,-2.0,-2.6500000000000004,-0.747346818447113,true,false
12,10,-1.9500000000000002,-2.6500000000000004,-0.7473385334014893,true,false
13,10,-1.9000000000000004,-2.6500000000000004,-0.7463179528713226,true,false
14,10,-1.85,-2.6500000000000004,-0.7470895648002625,true,false
15,10,-1.8000000000000003,-2.6500000000000004,-0.7454840242862701,true,false
16,10,-1.7500000000000002,-2.6500000000000004,-0.7431869506835938,true,false
17,10,-1.7000000000000002,-2.6500000000000004,-0.7381401062011719,true,false
18,10,-1.6500000000000004,-2.6500000000000004,-0.7375627160072327,true,false
19,10,-1.6,-2.6500000000000004,-0.7386343777179718,true,false
20,10,-1.5500000000000003,-2.6500000000000004,-0.7312813997268677,true,false
21,10,-1.5000000000000002,-2.6500000000000004,-0.7200811803340912,true,false
22,10,-1.4500000000000002,-2.6500000000000004,-0.7148348689079285,true,false
23,10,-1.4000000000000001,-2.6500000000000004,-0.6902540624141693,true,false
24,10,-1.35,-2.6500000000000004,-0.6599999666213989,true,false
25,10,-1.3000000000000003,-2.6500000000000004,-0.6601550907459433,false,true
26,10,-1.2500000000000002,-2.6500000000000004,-0.6899999976158142,false,true
27,10,-1.2000000000000002,-2.6500000000000004,-0.7002388946428044,false,true
28,10,-1.1500000000000001,-2.6500000000000004,-0.7119772434234619,false,true
29,10,-1.1,-2.6500000000000004,-0.7121504099457896,false,true
30,10,-1.0500000000000003,-2.6500000000000004,-0.7121714185677714,false,true
31,10,-1.0000000000000002,-2.6500000000000004,-0.7122474563743433,false,true
32,10,-0.9500000000000002,-2.6500000000000004,-0.7162356058397734,false,true
33,10,-0.9000000000000001,-2.6500000000000004,-0.7230349183082581,false,true
34,10,-0.8500000000000001,-2.6500000000000004,-0.7255408005750029,false,true
35,10,-0.8000000000000003,-2.6500000000000004,-0.7280457615852356,false,true
36,10,-0.7500000000000002,-2.6500000000000004,-0.730645190878227,false,true
37,10,-0.7000000000000002,-2.6500000000000004,-0.7321734799480666,false,true
38,10,-0.6500000000000001,-2.6500000000000004,-0.7321779727935791,false,true
39,10,-0.6000000000000001,-2.6500000000000004,-0.7321412972858987,false,true
40,10,-0.5500000000000003,-2.6500000000000004,-0.7276579689803696,false,true
41,10,-0.5,-2.6500000000000004,-0.7199999690055847,false,true
42,10,-0.4500000000000002,-2.6500000000000004,-0.7200005024649511,false,true
43,10,-0.40000000000000036,-2.6500000000000004,-0.7221568849159797,false,true
44,10,-0.3500000000000001,-2.6500000000000004,-0.7258381247520447,false,true
45,10,-0.30000000000000027,-2.6500000000000004,-0.7258381438671349,false,true
46,10,-0.25,-2.6500000000000004,-0.7258381516294189,false,true
47,10,-0.20000000000000018,-2.6500000000000004,-0.7214757710323225,false,true
48,10,-0.1499999999999999,-2.6500000000000004,-0.7140287160873413,false,true
49,10,-0.10000000000000009,-2.6500000000000004,-0.7112482190173235,false,true
50,10,-0.050000000000000266,-2.6500000000000004,-0.7084677219390869,false,true
51,10,0.0,-2.6500000000000004,-0.7142338454740068,false,true
52,10,0.04999999999999982,-2.6500000000000004,-0.7199999690055847,false,true
53,10,0.10000000000000009,-2.6500000000000004,-0.7254570424560945,false,true
54,10,0.1499999999999999,-2.6500000000000004,-0.7309141159057618,false,true
55,10,0.19999999999999973,-2.6500000000000004,-0.7370866584379897,false,true
56,10,0.25,-2.6500000000000004,-0.7407024502146097,false,true
57,10,0.2999999999999998,-2.6500000000000004,-0.740702450275421,false,true
58,10,0.3500000000000001,-2.6500000000000004,-0.7407024503244476,false,true
59,10,0.3999999999999999,-2.6500000000000004,-0.7407024503447155,false,true
60,10,0.44999999999999973,-2.6500000000000004,-0.740702450393369,false,true
61,10,0.5,-2.6500000000000004,-0.7458594590981577,false,true
62,10,0.5499999999999998,-2.6500000000000004,-0.7510164678080803,false,true
0,11,-2.5500000000000003,-2.6000000000000005,-0.7199997550800991,false,true
1,11,-2.5000000000000004,-2.6000000000000005,-0.7223547697067261,true,false
2,11,-2.45,-2.6000000000000005,-0.7263856530189514,true,false
3,11,-2.4000000000000004,-2.6000000000000005,-0.7303760647773743,true,false
4,11,-2.35,-2.6000000000000005,-0.7313483357429504,true,false
5,11,-2.3000000000000003,-2.6000000000000005,-0.7358797192573547,true,false
6,11,-2.25,-2.6000000000000005,-0.7391298711299896,true,false
7,11,-2.2,-2.6000000000000005,-0.7416244447231293,true,false
8,11,-2.1500000000000004,-2.6000000000000005,-0.7448795735836029,true,false
9,11,-2.1,-2.6000000000000005,-0.7476786971092224,true,false
10,11,-2.0500000000000003,-2.6000000000000005,-0.7482745051383972,true,false
11,11,-2.0,-2.6000000000000005,-0.7487947940826416,true,false
12,11,-1.9500000000000002,-2.6000000000000005,-0.7487423121929169,true,false
13,11,-1.9000000000000004,-2.6000000000000005,-0.7487969994544983,true,false
14,11,-1.85,-2.6000000000000005,-0.7490546107292175,true,false
15,11,-1.8000000000000003,-2.6000000000000005,-0.7480887472629547,true,false
16,11,-1.7500000000000002,-2.6000000000000005,-0.7464148700237274,true,false
17,11,-1.7000000000000002,-2.6000000000000005,-0.7429524064064026,true,false
18,11,-1.6500000000000004,-2.6000000000000005,-0.7400444746017456,true,false
19,11,-1.6,-2.6000000000000005,-0.7403386235237122,true,false
20,11,-1.5500000000000003,-2.6000000000000005,-0.7387757897377014,true,false
21,11,-1.5000000000000002,-2.6000000000000005,-0.7312817871570587,true,false
22,11,-1.4500000000000002,-2.6000000000000005,-0.7199999690055847,true,false
23,11,-1.4000000000000001,-2.6000000000000005,-0.7009414732456207,true,false
24,11,-1.35,-2.6000000000000005,-0.6899999976158142,true,false
25,11,-1.3000000000000003,-2.6000000000000005,-0.6899999976158142,true,false
26,11,-1.2500000000000002,-2.6000000000000005,-0.698118349636644,false,true
27,11,-1.2000000000000002,-2.6000000000000005,-0.7119772434234619,false,true
28,11,-1.1500000000000001,-2.6000000000000005,-0.7123953043902145,false,true
29,11,-1.1,-2.6000000000000005,-0.7123953043902145,false,true
30,11,-1.0500000000000003,-2.6000000000000005,-0.712553475100435,false,true
31,11,-1.0000000000000002,-2.6000000000000005,-0.7164318001499603,false,true
32,11,-0.9500000000000002,-2.6000000000000005,-0.7230349183082581,false,true
33,11,-0.9000000000000001,-2.6000000000000005,-0.725542103428457,false,true
34,11,-0.8500000000000001,-2.6000000000000005,-0.7280457615852356,false,true
35,11,-0.8000000000000003,-2.6000000000000005,-0.7306362156846843,false,true
36,11,-0.7500000000000002,-2.6000000000000005,-0.7321671261050092,false,true
37,11,-0.7000000000000002,-2.6000000000000005,-0.7321779727935791,false,true
38,11,-0.6500000000000001,-2.6000000000000005,-0.7320894302855302,false,true
39,11,-0.6000000000000001,-2.6000000000000005,-0.7276276288979032,false,true
40,11,-0.5500000000000003,-2.6000000000000005,-0.7199999690055847,false,true
41,11,-0.5,-2.6000000000000005,-0.7200012568904218,false,true
42,11,-0.4500000000000002,-2.6000000000000005,-0.7221573268317724,false,true
43,11,-0.40000000000000036,-2.6000000000000005,-0.7258381247520447,false,true
44,11,-0.3500000000000001,-2.6000000000000005,-0.725838170899955,false,true
45,11,-0.30000000000000027,-2.6000000000000005,-0.7258381894843207,false,true
46,11,-0.25,-2.6000000000000005,-0.7214757976931543,false,true
47,11,-0.20000000000000018,-2.6000000000000005,-0.7140287160873413,false,true
48,11,-0.1499999999999999,-2.6000000000000005,-0.7112482190289463,false,true
49,11,-0.10000000000000009,-2.6000000000000005,-0.7084677219390869,false,true
50,11,-0.050000000000000266,-2.6000000000000005,-0.7142338454787331,false,true
51,11,0.0,-2.6000000000000005,-0.7199999690055847,false,true
52,11,0.04999999999999982,-2.6000000000000005,-0.725457042457286,false,true
53,11,0.10000000000000009,-2.6000000000000005,-0.7309141159057618,false,true
54,11,0.1499999999999999,-2.6000000000000005,-0.737086658316369,false,true
55,11,0.19999999999999973,-2.6000000000000005,-0.7407024501286095,false,true
56,11,0.25,-2.6000000000000005,-0.740702450275421,false,true
57,11,0.2999999999999998,-2.6000000000000005,-0.7407024503937817,false,true
58,11,0.3500000000000001,-2.6000000000000005,-0.7407024504426728,false,true
59,11,0.3999999999999999,-2.6000000000000005,-0.740702450559816,false,true
60,11,0.44999999999999973,-2.6000000000000005,-0.7458594591765998,false,true
61,11,0.5,-2.6000000000000005,-0.7510164678058221,false,true
62,11,0.5499999999999998,-2.6000000000000005,-0.7510164678096771,false,true
0,12,-2.5500000000000003,-2.5500000000000003,-0.715153619228343,false,true
1,12,-2.5000000000000004,-2.5500000000000003,-0.7166692614555359,true,false
2,12,-2.45,-2.5500000000000003,-0.7212527692317963,true,false
3,12,-2.4000000000000004,-2.5500000000000003,-0.7268304824829102,true,false
4,12,-2.35,-2.5500000000000003,-0.7311342060565948,true,false
5,12,-2.3000000000000003,-2.5500000000000003,-0.7344534397125244,true,false
6,12,-2.25,-2.5500000000000003,-0.7398417890071869,true,false
7,12,-2.2,-2.5500000000000003,-0.7434661388397217,true,false
8,12,-2.1500000000000004,-2.5500000000000003,-0.7456891536712646,true,false
9,12,-2.1,-2.5500000000000003,-0.748235285282135,true,false
10,12,-2.0500000000000003,-2.5500000000000003,-0.7486069798469543,true,false
11,12,-2.0,-2.5500000000000003,-0.7490987777709961,true,false
12,12,-1.9500000000000002,-2.5500000000000003,-0.7491870224475861,true,false
13,12,-1.9000000000000004,-2.5500000000000003,-0.75,true,false
14,12,-1.85,-2.5500000000000003,-0.7500768303871155,true,false
15,12,-1.8000000000000003,-2.5500000000000003,-0.75,true,false
16,12,-1.7500000000000002,-2.5500000000000003,-0.7498598694801331,true,false
17,12,-1.7000000000000002,-2.5500000000000003,-0.7483581006526947,true,false
18,12,-1.6500000000000004,-2.5500000000000003,-0.7430457472801208,true,false
19,12,-1.6,-2.5500000000000003,-0.7405484616756439,true,false
20,12,-1.5500000000000003,-2.5500000000000003,-0.7404772639274597,true,false
21,12,-1.5000000000000002,-2.5500000000000003,-0.7306724786758423,true,false
22,12,-1.4500000000000002,-2.5500000000000003,-0.7199999690055847,true,false
23,12,-1.4000000000000001,-2.5500000000000003,-0.6899999976158142,true,false
24,12,-1.35,-2.5500000000000003,-0.6839196383953094,true,false
25,12,-1.3000000000000003,-2.5500000000000003,-0.6899999976158142,true,false
26,12,-1.2500000000000002,-2.5500000000000003,-0.7119772434234619,true,false
27,12,-1.2000000000000002,-2.5500000000000003,-0.7129865318792946,false,true
28,12,-1.1500000000000001,-2.5500000000000003,-0.7128133653569669,false,true
29,12,-1.1,-2.5500000000000003,-0.7131802274186446,false,true
30,12,-1.0500000000000003,-2.5500000000000003,-0.7168387423630623,false,true
31,12,-1.0000000000000002,-2.5500000000000003,-0.7230349183082581,false,true
32,12,-0.9500000000000002,-2.5500000000000003,-0.72554709130796,false,true
33,12,-0.9000000000000001,-2.5500000000000003,-0.7280457615852356,false,true
34,12,-0.8500000000000001,-2.5500000000000003,-0.7306145729938726,false,true
35,12,-0.8000000000000003,-2.5500000000000003,-0.7321517865709268,false,true
36,12,-0.7500000000000002,-2.5500000000000003,-0.7321779727935791,false,true
37,12,-0.7000000000000002,-2.5500000000000003,-0.7319642122698006,false,true
38,12,-0.6500000000000001,-2.5500000000000003,-0.7275544850361166,false,true
39,12,-0.6000000000000001,-2.5500000000000003,-0.7199999690055847,false,true
40,12,-0.5500000000000003,-2.5500000000000003,-0.7200030782346252,false,true
41,12,-0.5,-2.5500000000000003,-0.7221583936712391,false,true
42,12,-0.4500000000000002,-2.5500000000000003,-0.7258381247520447,false,true
43,12,-0.40000000000000036,-2.5500000000000003,-0.7258382361629554,false,true
44,12,-0.3500000000000001,-2.5500000000000003,-0.7258382804988586,false,true
45,12,-0.30000000000000027,-2.5500000000000003,-0.7214758616907613,false,true
46,12,-0.25,-2.5500000000000003,-0.7140287160873413,false,true
47,12,-0.20000000000000018,-2.5500000000000003,-0.7112482190734437,false,true
48,12,-0.1499999999999999,-2.5500000000000003,-0.7084677219390869,false,true
49,12,-0.10000000000000009,-2.5500000000000003,-0.7142338454968276,false,true
50,12,-0.050000000000000266,-2.5500000000000003,-0.7199999690055847,false,true
51,12,0.0,-2.5500000000000003,-0.7254570424618477,false,true
52,12,0.04999999999999982,-2.5500000000000003,-0.7309141159057618,false,true
53,12,0.10000000000000009,-2.5500000000000003,-0.737086658022756,false,true
54,12,0.1499999999999999,-2.5500000000000003,-0.7407024499209865,false,true
55,12,0.19999999999999973,-2.5500000000000003,-0.740702450275421,false,true
56,12,0.25,-2.5500000000000003,-0.740702450561169,false,true
57,12,0.2999999999999998,-2.5500000000000003,-0.7407024506790675,false,true
58,12,0.3500000000000001,-2.5500000000000003,-0.7407024509608499,false,true
59,12,0.3999999999999999,-2.5500000000000003,-0.7458594593655258,false,true
60,12,0.44999999999999973,-2.5500000000000003,-0.7510164678003702,false,true
61,12,0.5,-2.5500000000000003,-0.7510164678096771,false,true
62,12,0.5499999999999998,-2.5500000000000003,-0.7510164678061669,false,true
0,13,-2.5500000000000003,-2.5000000000000004,-0.710307483376587,false,true
1,13,-2.5000000000000004,-2.5000000000000004,-0.7058090269565582,true,false
2,13,-2.45,-2.5000000000000004,-0.7179387807846069,true,false
3,13,-2.4000000000000004,-2.5000000000000004,-0.7237983047962189,true,false
4,13,-2.35,-2.5000000000000004,-0.730537474155426,true,false
5,13,-2.3000000000000003,-2.5000000000000004,-0.735612690448761,true,false
6,13,-2.25,-2.5000000000000004,-0.7400444746017456,true,false
7,13,-2.2,-2.5000000000000004,-0.7446134388446808,true,false
8,13,-2.1500000000000004,-2.5000000000000004,-0.747173547744751,true,false
9,13,-2.1,-2.5000000000000004,-0.7491973042488098,true,false
10,13,-2.0500000000000003,-2.5000000000000004,-0.7492423355579376,true,false
11,13,-2.0,-2.5000000000000004,-0.7493628263473511,true,false
12,13,-1.9500000000000002,-2.5000000000000004,-0.7494539618492126,true,false
13,13,-1.9000000000000004,-2.5000000000000004,-0.75,true,false
14,13,-1.85,-2.5000000000000004,-0.75,true,false
15,13,-1.8000000000000003,-2.5000000000000004,-0.75,true,false
16,13,-1.7500000000000002,-2.5000000000000004,-0.7520749866962433,true,false
17,13,-1.7000000000000002,-2.5000000000000004,-0.75,true,false
18,13,-1.6500000000000004,-2.5000000000000004,-0.7480382025241852,true,false
19,13,-1.6,-2.5000000000000004,-0.7429640889167786,true,false
20,13,-1.5500000000000003,-2.5000000000000004,-0.7408719658851624,true,false
21,13,-1.5000000000000002,-2.5000000000000004,-0.7393545806407928,true,false
22,13,-1.4500000000000002,-2.5000000000000004,-0.7283385992050171,true,false
23,13,-1.4000000000000001,-2.5000000000000004,-0.7142741978168488,true,false
24,13,-1.35,-2.5000000000000004,-0.6769010424613953,true,false
25,13,-1.3000000000000003,-2.5000000000000004,-0.6850947439670563,true,false
26,13,-1.2500000000000002,-2.5000000000000004,-0.7144138813018799,true,false
27,13,-1.2000000000000002,-2.5000000000000004,-0.7134045928460471,false,true
28,13,-1.1500000000000001,-2.5000000000000004,-0.7144839717502196,false,true
29,13,-1.1,-2.5000000000000004,-0.7176933857319049,false,true
30,13,-1.0500000000000003,-2.5000000000000004,-0.7230349183082581,false,true
31,13,-1.0000000000000002,-2.5000000000000004,-0.7255661870411446,false,true
32,13,-0.9500000000000002,-2.5000000000000004,-0.7280457615852356,false,true
33,13,-0.9000000000000001,-2.5000000000000004,-0.7305624452838093,false,true
34,13,-0.8500000000000001,-2.5000000000000004,-0.7321147536597049,false,true
35,13,-0.8000000000000003,-2.5000000000000004,-0.7321779727935791,false,true
36,13,-0.7500000000000002,-2.5000000000000004,-0.7316619092379729,false,true
37,13,-0.7000000000000002,-2.5000000000000004,-0.7273784002459555,false,true
38,13,-0.6500000000000001,-2.5000000000000004,-0.7199999690055847,false,true
39,13,-0.6000000000000001,-2.5000000000000004,-0.720007475348503,false,true
40,13,-0.5500000000000003,-2.5000000000000004,-0.7221609690581844,false,true
41,13,-0.5,-2.5000000000000004,-0.7258381247520447,false,true
42,13,-0.4500000000000002,-2.5000000000000004,-0.7258383937217765,false,true
43,13,-0.40000000000000036,-2.5000000000000004,-0.7258384989461079,false,true
44,13,-0.3500000000000001,-2.5000000000000004,-0.721476014951729,false,true
45,13,-0.30000000000000027,-2.5000000000000004,-0.7140287160873413,false,true
46,13,-0.25,-2.5000000000000004,-0.7112482192437986,false,true
47,13,-0.20000000000000018,-2.5000000000000004,-0.7084677219390869,false,true
48,13,-0.1499999999999999,-2.5000000000000004,-0.7142338455661006,false,true
49,13,-0.10000000000000009,-2.5000000000000004,-0.7199999690055847,false,true
50,13,-0.050000000000000266,-2.5000000000000004,-0.7254570424793115,false,true
51,13,0.0,-2.5000000000000004,-0.7309141159057618,false,true
52,13,0.04999999999999982,-2.5000000000000004,-0.7370866573139357,false,true
53,13,0.10000000000000009,-2.5000000000000004,-0.7407024494197406,false,true
54,13,0.1499999999999999,-2.5000000000000004,-0.740702450275421,false,true
55,13,0.19999999999999973,-2.5000000000000004,-0.740702450965278,false,true
56,13,0.25,-2.5000000000000004,-0.7407024512494473,false,true
57,13,0.2999999999999998,-2.5000000000000004,-0.7407024519264186,false,true
58,13,0.3500000000000001,-2.5000000000000004,-0.7458594598201752,false,true
59,13,0.3999999999999999,-2.5000000000000004,-0.7510164677872083,false,true
60,13,0.44999999999999973,-2.5000000000000004,-0.7510164678096771,false,true
61,13,0.5,-2.5000000000000004,-0.7510164678012027,false,true
62,13,0.5499999999999998,-2.5000000000000004,-0.7510164677976963,false,true
0,14,-2.5500000000000003,-2.45,-0.7058090269565582,false,true
1,14,-2.5000000000000004,-2.45,-0.7088855316160582,false,true
2,14,-2.45,-2.45,-0.7097679078578949,true,false
3,14,-2.4000000000000004,-2.45,-0.7199999690055847,true,false
4,14,-2.35,-2.45,-0.7285040020942688,true,false
5,14,-2.3000000000000003,-2.45,-0.733375757932663,true,false
6,14,-2.25,-2.45,-0.7386358380317688,true,false
7,14,-2.2,-2.45,-0.7445773482322693,true,false
8,14,-2.1500000000000004,-2.45,-0.7487255334854126,true,false
9,14,-2.1,-2.45,-0.7493993639945984,true,false
10,14,-2.0500000000000003,-2.45,-0.75,true,false
11,14,-2.0,-2.45,-0.75,true,false
12,14,-1.9500000000000002,-2.45,-0.75,true,false
13,14,-1.9000000000000004,-2.45,-0.75,true,false
14,14,-1.85,-2.45,-0.7503708899021149,true,false
15,14,-1.8000000000000003,-2.45,-0.7513842582702637,true,false
16,14,-1.7500000000000002,-2.45,-0.753879725933075,true,false
17,14,-1.7000000000000002,-2.45,-0.7539868354797363,true,false
18,14,-1.6500000000000004,-2.45,-0.75,true,false
19,14,-1.6,-2.45,-0.7491660714149475,true,false
20,14,-1.5500000000000003,-2.45,-0.7443283498287201,true,false
21,14,-1.5000000000000002,-2.45,-0.7412088513374329,true,false
22,14,-1.4500000000000002,-2.45,-0.7378050088882446,true,false
23,14,-1.4000000000000001,-2.45,-0.7317922115325928,true,false
24,14,-1.35,-2.45,-0.7199999690055847,true,false
25,14,-1.3000000000000003,-2.45,-0.6899999976158142,true,false
26,14,-1.2500000000000002,-2.45,-0.707813788209442,false,true
27,14,-1.2000000000000002,-2.45,-0.7175078839063644,false,true
28,14,-1.1500000000000001,-2.45,-0.7195581350736756,false,true
29,14,-1.1,-2.45,-0.7230349183082581,false,true
30,14,-1.0500000000000003,-2.45,-0.7256392936640353,false,true
31,14,-1.0000000000000002,-2.45,-0.7280457615852356,false,true
32,14,-0.9500000000000002,-2.45,-0.7304371887023372,false,true
33,14,-0.9000000000000001,-2.45,-0.7320253483031784,false,true
34,14,-0.8500000000000001,-2.45,-0.7321779727935791,false,true
35,14,-0.8000000000000003,-2.45,-0.7309320851585881,false,true
36,14,-0.7500000000000002,-2.45,-0.7269557087164432,false,true
37,14,-0.7000000000000002,-2.45,-0.7199999690055847,false,true
38,14,-0.6500000000000001,-2.45,-0.7200180909204615,false,true
39,14,-0.6000000000000001,-2.45,-0.7221671856682856,false,true
40,14,-0.5500000000000003,-2.45,-0.7258381247520447,false,true
41,14,-0.5,-2.45,-0.725838774102419,false,true
42,14,-0.4500000000000002,-2.45,-0.7258390219498476,false,true
43,14,-0.40000000000000036,-2.45,-0.7214763807670791,false,true
44,14,-0.3500000000000001,-2.45,-0.7140287160873413,false,true
45,14,-0.30000000000000027,-2.45,-0.7112482198959896,false,true
46,14,-0.25,-2.45,-0.7084677219390869,false,true
47,14,-0.20000000000000018,-2.45,-0.7142338458313074,false,true
48,14,-0.1499999999999999,-2.45,-0.7199999690055847,false,true
49,14,-0.10000000000000009,-2.45,-0.7254570425461705,false,true
50,14,-0.050000000000000266,-2.45,-0.7309141159057618,false,true
51,14,0.0,-2.45,-0.73708665560281,false,true
52,14,0.04999999999999982,-2.45,-0.7407024482096257,false,true
53,14,0.10000000000000009,-2.45,-0.740702450275421,false,true
54,14,0.1499999999999999,-2.45,-0.7407024519408828,false,true
55,14,0.19999999999999973,-2.45,-0.7407024526253501,false,true
56,14,0.25,-2.45,-0.7407024542490499,false,true
57,14,0.2999999999999998,-2.45,-0.7458594609130894,false,true
58,14,0.3500000000000001,-2.45,-0.7510164677554326,false,true
59,14,0.3999999999999999,-2.45,-0.7510164678096771,false,true
60,14,0.44999999999999973,-2.45,-0.7510164677892177,false,true
61,14,0.5,-2.45,-0.7510164677807566,false,true
62,14,0.5499999999999998,-2.45,-0.7506409865497246,false,true
0,15,-2.5500000000000003,-2.4000000000000004,-0.6899999976158142,false,true
1,15,-2.5000000000000004,-2.4000000000000004,-0.6980147070232388,false,true
2,15,-2.45,-2.4000000000000004,-0.7029352486133575,true,false
3,15,-2.4000000000000004,-2.4000000000000004,-0.7162281274795532,true,false
4,15,-2.35,-2.4000000000000004,-0.7203313112258911,true,false
5,15,-2.3000000000000003,-2.4000000000000004,-0.7322170734405518,true,false
6,15,-2.25,-2.4000000000000004,-0.7350918650627136,true,false
7,15,-2.2,-2.4000000000000004,-0.7418192625045776,true,false
8,15,-2.1500000000000004,-2.4000000000000004,-0.7467590272426605,true,false
9,15,-2.1,-2.4000000000000004,-0.75,true,false
10,15,-2.0500000000000003,-2.4000000000000004,-0.7506424188613892,true,false
11,15,-2.0,-2.4000000000000004,-0.7508902251720428,true,false
12,15,-1.9500000000000002,-2.4000000000000004,-0.751046895980835,true,false
13,15,-1.9000000000000004,-2.4000000000000004,-0.7516622245311737,true,false
14,15,-1.85,-2.4000000000000004,-0.7529880404472351,true,false
15,15,-1.8000000000000003,-2.4000000000000004,-0.7539418935775757,true,false
16,15,-1.7500000000000002,-2.4000000000000004,-0.7552441954612732,true,false
17,15,-1.7000000000000002,-2.4000000000000004,-0.755738377571106,true,false
18,15,-1.6500000000000004,-2.4000000000000004,-0.7540151476860046,true,false
19,15,-1.6,-2.4000000000000004,-0.7496030926704407,true,false
20,15,-1.5500000000000003,-2.4000000000000004,-0.7461357712745667,true,false
21,15,-1.5000000000000002,-2.4000000000000004,-0.7427060902118683,true,false
22,15,-1.4500000000000002,-2.4000000000000004,-0.7407587170600891,true,false
23,15,-1.4000000000000001,-2.4000000000000004,-0.739598274230957,true,false
24,15,-1.35,-2.4000000000000004,-0.734319269657135,true,false
25,15,-1.3000000000000003,-2.4000000000000004,-0.7283062934875488,true,false
26,15,-1.2500000000000002,-2.4000000000000004,-0.720601886510849,true,false
27,15,-1.2000000000000002,-2.4000000000000004,-0.723694256304609,false,true
28,15,-1.1500000000000001,-2.4000000000000004,-0.7230349183082581,false,true
29,15,-1.1,-2.4000000000000004,-0.7259191770421086,false,true
30,15,-1.0500000000000003,-2.4000000000000004,-0.7280457615852356,false,true
31,15,-1.0000000000000002,-2.4000000000000004,-0.730137645407605,false,true
32,15,-0.9500000000000002,-2.4000000000000004,-0.7318095046789037,false,true
33,15,-0.9000000000000001,-2.4000000000000004,-0.7321779727935791,false,true
34,15,-0.8500000000000001,-2.4000000000000004,-0.729170133967991,false,true
35,15,-0.8000000000000003,-2.4000000000000004,-0.7259469005811587,false,true
36,15,-0.7500000000000002,-2.4000000000000004,-0.7199999690055847,false,true
37,15,-0.7000000000000002,-2.4000000000000004,-0.7200437191782564,false,true
38,15,-0.6500000000000001,-2.4000000000000004,-0.7221821894312868,false,true
39,15,-0.6000000000000001,-2.4000000000000004,-0.7258381247520447,false,true
40,15,-0.5500000000000003,-2.4000000000000004,-0.7258396924225252,false,true
41,15,-0.5,-2.4000000000000004,-0.7258402696568457,false,true
42,15,-0.4500000000000002,-2.4000000000000004,-0.721477249882035,false,true
43,15,-0.40000000000000036,-2.4000000000000004,-0.7140287160873413,false,true
44,15,-0.3500000000000001,-2.4000000000000004,-0.7112482223928559,false,true
45,15,-0.30000000000000027,-2.4000000000000004,-0.7084677219390869,false,true
46,15,-0.25,-2.4000000000000004,-0.7142338468466322,false,true
47,15,-0.20000000000000018,-2.4000000000000004,-0.7199999690055847,false,true
48,15,-0.1499999999999999,-2.4000000000000004,-0.7254570428021349,false,true
49,15,-0.10000000000000009,-2.4000000000000004,-0.7309141159057618,false,true
50,15,-0.050000000000000266,-2.4000000000000004,-0.7370866514723536,false,true
51,15,0.0,-2.4000000000000004,-0.74070244528815,false,true
52,15,0.04999999999999982,-2.4000000000000004,-0.740702450275421,false,true
53,15,0.10000000000000009,-2.4000000000000004,-0.7407024542962012,false,true
54,15,0.1499999999999999,-2.4000000000000004,-0.740702455943262,false,true
55,15,0.19999999999999973,-2.4000000000000004,-0.7407024598290802,false,true
56,15,0.25,-2.4000000000000004,-0.7458594635364727,false,true
57,15,0.2999999999999998,-2.4000000000000004,-0.7510164676787193,false,true
58,15,0.3500000000000001,-2.4000000000000004,-0.7510164678096771,false,true
59,15,0.3999999999999999,-2.4000000000000004,-0.7510164677602834,false,true
60,15,0.44999999999999973,-2.4000000000000004,-0.7510164677398703,false,true
61,15,0.5,-2.4000000000000004,-0.7506409865208232,false,true
62,15,0.5499999999999998,-2.4000000000000004,-0.75,false,true
0,16,-2.5500000000000003,-2.3500000000000005,-0.6873106932217709,false,true
1,16,-2.5000000000000004,-2.3500000000000005,-0.6899999976158142,true,false
2,16,-2.45,-2.3500000000000005,-0.6906373202800751,true,false
3,16,-2.4000000000000004,-2.3500000000000005,-0.6968662142753601,true,false
4,16,-2.35,-2.3500000000000005,-0.7199999690055847,true,false
5,16,-2.3000000000000003,-2.3500000000000005,-0.730003833770752,true,false
6,16,-2.25,-2.3500000000000005,-0.7334223389625549,true,false
7,16,-2.2,-2.3500000000000005,-0.7382038831710815,true,false
8,16,-2.1500000000000004,-2.3500000000000005,-0.7456084489822388,true,false
9,16,-2.1,-2.3500000000000005,-0.75,true,false
10,16,-2.0500000000000003,-2.3500000000000005,-0.7514029145240784,true,false
11,16,-2.0,-2.3500000000000005,-0.7521642446517944,true,false
12,16,-1.9500000000000002,-2.3500000000000005,-0.7523043155670166,true,false
13,16,-1.9000000000000004,-2.3500000000000005,-0.7532750964164734,true,false
14,16,-1.85,-2.3500000000000005,-0.7542712092399597,true,false
15,16,-1.8000000000000003,-2.3500000000000005,-0.755370169878006,true,false
16,16,-1.7500000000000002,-2.3500000000000005,-0.7564567923545837,true,false
17,16,-1.7000000000000002,-2.3500000000000005,-0.7558426558971405,true,false
18,16,-1.6500000000000004,-2.3500000000000005,-0.7537862658500671,true,false
19,16,-1.6,-2.3500000000000005,-0.7520280480384827,true,false
20,16,-1.5500000000000003,-2.3500000000000005,-0.7490667104721069,true,false
21,16,-1.5000000000000002,-2.3500000000000005,-0.7460113763809204,true,false
22,16,-1.4500000000000002,-2.3500000000000005,-0.7440943419933319,true,false
23,16,-1.4000000000000001,-2.3500000000000005,-0.7426353096961975,true,false
24,16,-1.35,-2.3500000000000005,-0.7399792075157166,true,false
25,16,-1.3000000000000003,-2.3500000000000005,-0.7374415993690491,true,false
26,16,-1.2500000000000002,-2.3500000000000005,-0.7289999723434448,true,false
27,16,-1.2000000000000002,-2.3500000000000005,-0.7230349183082581,true,false
28,16,-1.1500000000000001,-2.3500000000000005,-0.7269906901584899,false,true
29,16,-1.1,-2.3500000000000005,-0.7280457615852356,false,true
30,16,-1.0500000000000003,-2.3500000000000005,-0.729428258667636,false,true
31,16,-1.0000000000000002,-2.3500000000000005,-0.7312884120738274,false,true
32,16,-0.9500000000000002,-2.3500000000000005,-0.7321779727935791,false,true
33,16,-0.9000000000000001,-2.3500000000000005,-0.7249164075074117,false,true
34,16,-0.8500000000000001,-2.3500000000000005,-0.7235677192870682,false,true
35,16,-0.8000000000000003,-2.3500000000000005,-0.7199999690055847,false,true
36,16,-0.7500000000000002,-2.3500000000000005,-0.7201055912658048,false,true
37,16,-0.7000000000000002,-2.3500000000000005,-0.7222183901777806,false,true
38,16,-0.6500000000000001,-2.3500000000000005,-0.7258381247520447,false,true
39,16,-0.6000000000000001,-2.3500000000000005,-0.7258419094433799,false,true
40,16,-0.5500000000000003,-2.3500000000000005,-0.7258432308942514,false,true
41,16,-0.5,-2.3500000000000005,-0.7214793014354619,false,true
42,16,-0.4500000000000002,-2.3500000000000005,-0.7140287160873413,false,true
43,16,-0.40000000000000036,-2.3500000000000005,-0.7112482319519264,false,true
44,16,-0.3500000000000001,-2.3500000000000005,-0.7084677219390869,false,true
45,16,-0.30000000000000027,-2.3500000000000005,-0.7142338507337289,false,true
46,16,-0.25,-2.3500000000000005,-0.7199999690055847,false,true
47,16,-0.20000000000000018,-2.3500000000000005,-0.7254570437820761,false,true
48,16,-0.1499999999999999,-2.3500000000000005,-0.7309141159057618,false,true
49,16,-0.10000000000000009,-2.3500000000000005,-0.7370866415032882,false,true
50,16,-0.050000000000000266,-2.3500000000000005,-0.7407024382350837,false,true
51,16,0.0,-2.3500000000000005,-0.740702450275421,false,true
52,16,0.04999999999999982,-2.3500000000000005,-0.740702459982443,false,true
53,16,0.10000000000000009,-2.3500000000000005,-0.7407024639403985,false,true
54,16,0.1499999999999999,-2.3500000000000005,-0.7407024732126541,false,true
55,16,0.19999999999999973,-2.3500000000000005,-0.7458594698213293,false,true
56,16,0.25,-2.3500000000000005,-0.751016467493517,false,true
57,16,0.2999999999999998,-2.3500000000000005,-0.7510164678096771,false,true
58,16,0.3500000000000001,-2.3500000000000005,-0.7510164676904303,false,true
59,16,0.3999999999999999,-2.3500000000000005,-0.7510164676411946,false,true
60,16,0.44999999999999973,-2.3500000000000005,-0.750640986451082,false,true
61,16,0.5,-2.3500000000000005,-0.75,false,true
62,16,0.5499999999999998,-2.3500000000000005,-0.7500000000000118,false,true
0,17,-2.5500000000000003,-2.3000000000000003,-0.6830156738113906,false,true
1,17,-2.5000000000000004,-2.3000000000000003,-0.6835074424743652,true,false
2,17,-2.45,-2.3000000000000003,-0.686926007270813,true,false
3,17,-2.4000000000000004,-2.3000000000000003,-0.6898121535778046,true,false
4,17,-2.35,-2.3000000000000003,-0.7068303823471069,true,false
5,17,-2.3000000000000003,-2.3000000000000003,-0.7272640466690063,true,false
6,17,-2.25,-2.3000000000000003,-0.7332221269607544,true,false
7,17,-2.2,-2.3000000000000003,-0.7350928783416748,true,false
8,17,-2.1500000000000004,-2.3000000000000003,-0.7430059909820557,true,false
9,17,-2.1,-2.3000000000000003,-0.7485033273696899,true,false
10,17,-2.0500000000000003,-2.3000000000000003,-0.7504883408546448,true,false
11,17,-2.0,-2.3000000000000003,-0.7527341246604919,true,false
12,17,-1.9500000000000002,-2.3000000000000003,-0.7539120614528656,true,false
13,17,-1.9000000000000004,-2.3000000000000003,-0.7544717788696289,true,false
14,17,-1.85,-2.3000000000000003,-0.7553591132164001,true,false
15,17,-1.8000000000000003,-2.3000000000000003,-0.7560546398162842,true,false
16,17,-1.7500000000000002,-2.3000000000000003,-0.7564879655838013,true,false
17,17,-1.7000000000000002,-2.3000000000000003,-0.7571907639503479,true,false
18,17,-1.6500000000000004,-2.3000000000000003,-0.756714403629303,true,false
19,17,-1.6,-2.3000000000000003,-0.7542856931686401,true,false
20,17,-1.5500000000000003,-2.3000000000000003,-0.7517823576927185,true,false
21,17,-1.5000000000000002,-2.3000000000000003,-0.7496801316738129,true,false
22,17,-1.4500000000000002,-2.3000000000000003,-0.747259646654129,true,false
23,17,-1.4000000000000001,-2.3000000000000003,-0.745884120464325,true,false
24,17,-1.35,-2.3000000000000003,-0.7442678213119507,true,false
25,17,-1.3000000000000003,-2.3000000000000003,-0.7430605888366699,true,false
26,17,-1.2500000000000002,-2.3000000000000003,-0.7371512949466705,true,false
27,17,-1.2000000000000002,-2.3000000000000003,-0.7310929000377655,true,false
28,17,-1.1500000000000001,-2.3000000000000003,-0.7280457615852356,true,false
29,17,-1.1,-2.3000000000000003,-0.7277821579299388,false,true
30,17,-1.0500000000000003,-2.3000000000000003,-0.7300303832394001,false,true
31,17,-1.0000000000000002,-2.3000000000000003,-0.7321779727935791,false,true
32,17,-0.9500000000000002,-2.3000000000000003,-0.714647003395656,false,true
33,17,-0.9000000000000001,-2.3000000000000003,-0.718095693443169,false,true
34,17,-0.8500000000000001,-2.3000000000000003,-0.7199999690055847,false,true
35,17,-0.8000000000000003,-2.3000000000000003,-0.7202549636986966,false,true
36,17,-0.7500000000000002,-2.3000000000000003,-0.7223056824987448,false,true
37,17,-0.7000000000000002,-2.3000000000000003,-0.7258381247520447,false,true
38,17,-0.6500000000000001,-2.3000000000000003,-0.7258472618051953,false,true
39,17,-0.6000000000000001,-2.3000000000000003,-0.7258502058502025,false,true
40,17,-0.5500000000000003,-2.3000000000000003,-0.7214841010694693,false,true
41,17,-0.5,-2.3000000000000003,-0.7140287160873413,false,true
42,17,-0.4500000000000002,-2.3000000000000003,-0.7112482685481313,false,true
43,17,-0.40000000000000036,-2.3000000000000003,-0.7084677219390869,false,true
44,17,-0.3500000000000001,-2.3000000000000003,-0.7142338656151959,false,true
45,17,-0.30000000000000027,-2.3000000000000003,-0.7199999690055847,false,true
46,17,-0.25,-2.3000000000000003,-0.7254570475337099,false,true
47,17,-0.20000000000000018,-2.3000000000000003,-0.7309141159057618,false,true
48,17,-0.1499999999999999,-2.3000000000000003,-0.7370866174490571,false,true
49,17,-0.10000000000000009,-2.3000000000000003,-0.7407024212074756,false,true
50,17,-0.050000000000000266,-2.3000000000000003,-0.740702450275421,false,true
51,17,0.0,-2.3000000000000003,-0.7407024737102452,false,true
52,17,0.04999999999999982,-2.3000000000000003,-0.7407024832027704,false,true
53,17,0.10000000000000009,-2.3000000000000003,-0.7407025052420569,false,true
54,17,0.1499999999999999,-2.3000000000000003,-0.7458594848393348,false,true
55,17,0.19999999999999973,-2.3000000000000003,-0.7510164670463992,false,true
56,17,0.25,-2.3000000000000003,-0.7510164678096771,false,true
57,17,0.2999999999999998,-2.3000000000000003,-0.7510164675217895,false,true
58,17,0.3500000000000001,-2.3000000000000003,-0.7510164674030819,false,true
59,17,0.3999999999999999,-2.3000000000000003,-0.7506409862828244,false,true
60,17,0.44999999999999973,-2.3000000000000003,-0.75,false,true
61,17,0.5,-2.3000000000000003,-0.7500000000000452,false,true
62,17,0.5499999999999998,-2.3000000000000003,-0.75,false,true
0,18,-2.5500000000000003,-2.2500000000000004,-0.6757151372602881,false,true
1,18,-2.5000000000000004,-2.2500000000000004,-0.6753358840942383,true,false
2,18,-2.45,-2.2500000000000004,-0.6773291528224945,true,false
3,18,-2.4000000000000004,-2.2500000000000004,-0.6826854944229126,true,false
4,18,-2.35,-2.2500000000000004,-0.6899999976158142,true,false
5,18,-2.3000000000000003,-2.2500000000000004,-0.7199999690055847,true,false
6,18,-2.25,-2.2500000000000004,-0.7338876128196716,true,false
7,18,-2.2,-2.2500000000000004,-0.7354291081428528,true,false
8,18,-2.1500000000000004,-2.2500000000000004,-0.7402462363243103,true,false
9,18,-2.1,-2.2500000000000004,-0.7477415502071381,true,false
10,18,-2.0500000000000003,-2.2500000000000004,-0.7500385642051697,true,false
11,18,-2.0,-2.2500000000000004,-0.7531320452690125,true,false
12,18,-1.9500000000000002,-2.2500000000000004,-0.7550019323825836,true,false
13,18,-1.9000000000000004,-2.2500000000000004,-0.7559849619865417,true,false
14,18,-1.85,-2.2500000000000004,-0.7561084032058716,true,false
15,18,-1.8000000000000003,-2.2500000000000004,-0.7577382922172546,true,false
16,18,-1.7500000000000002,-2.2500000000000004,-0.7582818269729614,true,false
17,18,-1.7000000000000002,-2.2500000000000004,-0.7582709789276123,true,false
18,18,-1.6500000000000004,-2.2500000000000004,-0.7579648494720459,true,false
19,18,-1.6,-2.2500000000000004,-0.7562317252159119,true,false
20,18,-1.5500000000000003,-2.2500000000000004,-0.7544724941253662,true,false
21,18,-1.5000000000000002,-2.2500000000000004,-0.7518994212150574,true,false
22,18,-1.4500000000000002,-2.2500000000000004,-0.75,true,false
23,18,-1.4000000000000001,-2.2500000000000004,-0.75,true,false
24,18,-1.35,-2.2500000000000004,-0.7475866377353668,true,false
25,18,-1.3000000000000003,-2.2500000000000004,-0.7464998364448547,true,false
26,18,-1.2500000000000002,-2.2500000000000004,-0.7444040179252625,true,false
27,18,-1.2000000000000002,-2.2500000000000004,-0.7322627902030945,true,false
28,18,-1.1500000000000001,-2.2500000000000004,-0.7241292595863342,true,false
29,18,-1.1,-2.2500000000000004,-0.7269932329654694,true,false
30,18,-1.0500000000000003,-2.2500000000000004,-0.7321779727935791,true,false
31,18,-1.0000000000000002,-2.2500000000000004,-0.6898544687115654,false,true
32,18,-0.9500000000000002,-2.2500000000000004,-0.7061975460035093,false,true
33,18,-0.9000000000000001,-2.2500000000000004,-0.7199999690055847,false,true
34,18,-0.8500000000000001,-2.2500000000000004,-0.7206155806520286,false,true
35,18,-0.8000000000000003,-2.2500000000000004,-0.7225159225886303,false,true
36,18,-0.7500000000000002,-2.2500000000000004,-0.7258381247520447,false,true
37,18,-0.7000000000000002,-2.2500000000000004,-0.7258601835496808,false,true
38,18,-0.6500000000000001,-2.2500000000000004,-0.7258664504567378,false,true
39,18,-0.6000000000000001,-2.2500000000000004,-0.7214951946543412,false,true
40,18,-0.5500000000000003,-2.2500000000000004,-0.7140287160873413,false,true
41,18,-0.5,-2.2500000000000004,-0.7112484086540348,false,true
42,18,-0.4500000000000002,-2.2500000000000004,-0.7084677219390869,false,true
43,18,-0.40000000000000036,-2.2500000000000004,-0.7142339225878078,false,true
44,18,-0.3500000000000001,-2.2500000000000004,-0.7199999690055847,false,true
45,18,-0.30000000000000027,-2.2500000000000004,-0.7254570618965666,false,true
46,18,-0.25,-2.2500000000000004,-0.7309141159057618,false,true
47,18,-0.20000000000000018,-2.2500000000000004,-0.737086559440847,false,true
48,18,-0.1499999999999999,-2.2500000000000004,-0.7407023800991928,false,true
49,18,-0.10000000000000009,-2.2500000000000004,-0.740702450275421,false,true
50,18,-0.050000000000000266,-2.2500000000000004,-0.7407025068520915,false,true
51,18,0.0,-2.2500000000000004,-0.7407025295545775,false,true
52,18,0.04999999999999982,-2.2500000000000004,-0.7407025816699289,false,true
53,18,0.10000000000000009,-2.2500000000000004,-0.7458595206036883,false,true
54,18,0.1499999999999999,-2.2500000000000004,-0.7510164659669614,false,true
55,18,0.19999999999999973,-2.2500000000000004,-0.7510164678096771,false,true
56,18,0.25,-2.2500000000000004,-0.7510164671146551,false,true
57,18,0.2999999999999998,-2.2500000000000004,-0.7510164668286091,false,true
58,18,0.3500000000000001,-2.2500000000000004,-0.7506409858770008,false,true
59,18,0.3999999999999999,-2.2500000000000004,-0.75,false,true
60,18,0.44999999999999973,-2.2500000000000004,-0.7500000000001732,false,true
61,18,0.5,-2.2500000000000004,-0.75,false,true
62,18,0.5499999999999998,-2.2500000000000004,-0.7485667318105903,false,true
0,19,-2.5500000000000003,-2.2,-0.6713076023529834,false,true
1,19,-2.5000000000000004,-2.2,-0.6684591770172119,true,false
2,19,-2.45,-2.2,-0.6724103093147278,true,false
3,19,-2.4000000000000004,-2.2,-0.6769493222236633,true,false
4,19,-2.35,-2.2,-0.681829184293747,true,false
5,19,-2.3000000000000003,-2.2,-0.6947712302207947,true,false
6,19,-2.25,-2.2,-0.7246400713920593,true,false
7,19,-2.2,-2.2,-0.736119270324707,true,false
8,19,-2.1500000000000004,-2.2,-0.7403088212013245,true,false
9,19,-2.1,-2.2,-0.7474412322044373,true,false
10,19,-2.0500000000000003,-2.2,-0.75,true,false
11,19,-2.0,-2.2,-0.7531640529632568,true,false
12,19,-1.9500000000000002,-2.2,-0.7555800676345825,true,false
13,19,-1.9000000000000004,-2.2,-0.7576797306537628,true,false
14,19,-1.85,-2.2,-0.7586861848831177,true,false
15,19,-1.8000000000000003,-2.2,-0.7586658298969269,true,false
16,19,-1.7500000000000002,-2.2,-0.7593764066696167,true,false
17,19,-1.7000000000000002,-2.2,-0.759681224822998,true,false
18,19,-1.6500000000000004,-2.2,-0.7596532702445984,true,false
19,19,-1.6,-2.2,-0.7586569786071777,true,false
20,19,-1.5500000000000003,-2.2,-0.7580345273017883,true,false
21,19,-1.5000000000000002,-2.2,-0.7564529776573181,true,false
22,19,-1.4500000000000002,-2.2,-0.7542919814586639,true,false
23,19,-1.4000000000000001,-2.2,-0.7528635263442993,true,false
24,19,-1.35,-2.2,-0.7504532933235168,true,false
25,19,-1.3000000000000003,-2.2,-0.75,true,false
26,19,-1.2500000000000002,-2.2,-0.75,true,false
27,19,-1.2000000000000002,-2.2,-0.7494962215423584,true,false
28,19,-1.1500000000000001,-2.2,-0.7043376266956329,true,false
29,19,-1.1,-2.2,-0.7003758251667023,true,false
30,19,-1.0500000000000003,-2.2,-0.6299999952316284,true,false
31,19,-1.0000000000000002,-2.2,-0.6838101469674723,false,true
32,19,-0.9500000000000002,-2.2,-0.7199999690055847,false,true
33,19,-0.9000000000000001,-2.2,-0.7214861869915842,false,true
34,19,-0.8500000000000001,-2.2,-0.7230210621551184,false,true
35,19,-0.8000000000000003,-2.2,-0.7258381247520447,false,true
36,19,-0.7500000000000002,-2.2,-0.7258913794004676,false,true
37,19,-0.7000000000000002,-2.2,-0.7259036389063851,false,true
38,19,-0.6500000000000001,-2.2,-0.7215204335157551,false,true
39,19,-0.6000000000000001,-2.2,-0.7140287160873413,false,true
40,19,-0.5500000000000003,-2.2,-0.7112489450392762,false,true
41,19,-0.5,-2.2,-0.7084677219390869,false,true
42,19,-0.4500000000000002,-2.2,-0.7142341407033005,false,true
43,19,-0.40000000000000036,-2.2,-0.7199999690055847,false,true
44,19,-0.3500000000000001,-2.2,-0.7254571168837165,false,true
45,19,-0.30000000000000027,-2.2,-0.7309141159057618,false,true
46,19,-0.25,-2.2,-0.7370864197048878,false,true
47,19,-0.20000000000000018,-2.2,-0.740702280855019,false,true
48,19,-0.1499999999999999,-2.2,-0.740702450275421,false,true
49,19,-0.10000000000000009,-2.2,-0.7407025868635861,false,true
50,19,-0.050000000000000266,-2.2,-0.7407026409398975,false,true
51,19,0.0,-2.2,-0.7407027633318493,false,true
52,19,0.04999999999999982,-2.2,-0.7458596053913432,false,true
53,19,0.10000000000000009,-2.2,-0.7510164633609677,false,true
54,19,0.1499999999999999,-2.2,-0.7510164678096771,false,true
55,19,0.19999999999999973,-2.2,-0.7510164661317452,false,true
56,19,0.25,-2.2,-0.7510164654430109,false,true
57,19,0.2999999999999998,-2.2,-0.7506409848985794,false,true
58,19,0.3500000000000001,-2.2,-0.75,false,true
59,19,0.3999999999999999,-2.2,-0.750000000000663,false,true
60,19,0.44999999999999973,-2.2,-0.75,false,true
61,19,0.5,-2.2,-0.7485667318106485,false,true
62,19,0.5499999999999998,-2.2,-0.7471334636211395,false,true
0,20,-2.5500000000000003,-2.1500000000000004,-0.6684591770172119,false,true
1,20,-2.5000000000000004,-2.1500000000000004,-0.6700957896015733,false,true
2,20,-2.45,-2.1500000000000004,-0.6725824955592844,false,true
3,20,-2.4000000000000004,-2.1500000000000004,-0.6770491546316019,false,true
4,20,-2.35,-2.1500000000000004,-0.684190543274279,false,true
5,20,-2.3000000000000003,-2.1500000000000004,-0.7059631853811644,false,true
6,20,-2.25,-2.1500000000000004,-0.7210139036178589,true,false
7,20,-2.2,-2.1500000000000004,-0.7328613996505737,true,false
8,20,-2.1500000000000004,-2.1500000000000004,-0.738080620765686,true,false
9,20,-2.1,-2.1500000000000004,-0.7455269694328308,true,false
10,20,-2.0500000000000003,-2.1500000000000004,-0.75,true,false
11,20,-2.0,-2.1500000000000004,-0.7526271641254425,true,false
12,20,-1.9500000000000002,-2.1500000000000004,-0.7554087042808533,true,false
13,20,-1.9000000000000004,-2.1500000000000004,-0.7583737969398499,true,false
14,20,-1.85,-2.1500000000000004,-0.7594771385192871,true,false
15,20,-1.8000000000000003,-2.1500000000000004,-0.7604078054428101,true,false
16,20,-1.7500000000000002,-2.1500000000000004,-0.7610188126564026,true,false
17,20,-1.7000000000000002,-2.1500000000000004,-0.7611245512962341,true,false
18,20,-1.6500000000000004,-2.1500000000000004,-0.7609236240386963,true,false
19,20,-1.6,-2.1500000000000004,-0.7603024244308472,true,false
20,20,-1.5500000000000003,-2.1500000000000004,-0.7598617672920227,true,false
21,20,-1.5000000000000002,-2.1500000000000004,-0.7588508427143097,true,false
22,20,-1.4500000000000002,-2.1500000000000004,-0.7583599090576172,true,false
23,20,-1.4000000000000001,-2.1500000000000004,-0.7564779222011566,true,false
24,20,-1.35,-2.1500000000000004,-0.7559845447540283,true,false
25,20,-1.3000000000000003,-2.1500000000000004,-0.7561719417572021,true,false
26,20,-1.2500000000000002,-2.1500000000000004,-0.7531242370605469,true,false
27,20,-1.2000000000000002,-2.1500000000000004,-0.7525387406349182,true,false
28,20,-1.1500000000000001,-2.1500000000000004,-0.7490744590759277,true,false
29,20,-1.1,-2.1500000000000004,-0.6899999976158142,true,false
30,20,-1.0500000000000003,-2.1500000000000004,-0.6603612303733826,true,false
31,20,-1.0000000000000002,-2.1500000000000004,-0.7199999690055847,true,false
32,20,-0.9500000000000002,-2.1500000000000004,-0.7235880166240275,false,true
33,20,-0.9000000000000001,-2.1500000000000004,-0.724228868446845,false,true
34,20,-0.8500000000000001,-2.1500000000000004,-0.7258381247520447,false,true
35,20,-0.8000000000000003,-2.1500000000000004,-0.7259666928465267,false,true
36,20,-0.7500000000000002,-2.1500000000000004,-0.7259864906202621,false,true
37,20,-0.7000000000000002,-2.1500000000000004,-0.7215767833644633,false,true
38,20,-0.6500000000000001,-2.1500000000000004,-0.7140287160873413,false,true
39,20,-0.6000000000000001,-2.1500000000000004,-0.7112509985510832,false,true
40,20,-0.5500000000000003,-2.1500000000000004,-0.7084677219390869,false,true
41,20,-0.5,-2.1500000000000004,-0.7142349757425691,false,true
42,20,-0.4500000000000002,-2.1500000000000004,-0.7199999690055847,false,true
43,20,-0.40000000000000036,-2.1500000000000004,-0.7254573273980132,false,true
44,20,-0.3500000000000001,-2.1500000000000004,-0.7309141159057618,false,true
45,20,-0.30000000000000027,-2.1500000000000004,-0.7370860838407963,false,true
46,20,-0.25,-2.1500000000000004,-0.7407020412583887,false,true
47,20,-0.20000000000000018,-2.1500000000000004,-0.740702450275421,false,true
48,20,-0.1499999999999999,-2.1500000000000004,-0.7407027800284219,false,true
49,20,-0.10000000000000009,-2.1500000000000004,-0.7407029080798267,false,true
50,20,-0.050000000000000266,-2.1500000000000004,-0.7407031928999654,false,true
51,20,0.0,-2.1500000000000004,-0.7458598052068708,false,true
52,20,0.04999999999999982,-2.1500000000000004,-0.7510164570695426,false,true
53,20,0.10000000000000009,-2.1500000000000004,-0.7510164678096771,false,true
54,20,0.1499999999999999,-2.1500000000000004,-0.7510164637587913,false,true
55,20,0.19999999999999973,-2.1500000000000004,-0.7510164621023272,false,true
56,20,0.25,-2.1500000000000004,-0.7506409825410094,false,true
57,20,0.2999999999999998,-2.1500000000000004,-0.75,false,true
58,20,0.3500000000000001,-2.1500000000000004,-0.7500000000025382,false,true
59,20,0.3999999999999999,-2.1500000000000004,-0.75,false,true
60,20,0.44999999999999973,-2.1500000000000004,-0.7485667318108713,false,true
61,20,0.5,-2.1500000000000004,-0.7471334636211395,false,true
62,20,0.5499999999999998,-2.1500000000000004,-0.74713346379659,false,true
0,21,-2.5500000000000003,-2.1000000000000005,-0.6691370841460048,false,true
1,21,-2.5000000000000004,-2.1000000000000005,-0.6703447761859856,false,true
2,21,-2.45,-2.1000000000000005,-0.6731624104001213,false,true
3,21,-2.4000000000000004,-2.1000000000000005,-0.67783256478492,false,true
4,21,-2.35,-2.1000000000000005,-0.6980060876225345,false,true
5,21,-2.3000000000000003,-2.1000000000000005,-0.7210139036178589,false,true
6,21,-2.25,-2.1000000000000005,-0.7290449593205143,false,true
7,21,-2.2,-2.1000000000000005,-0.734377384185791,true,false
8,21,-2.1500000000000004,-2.1000000000000005,-0.7359061241149902,true,false
9,21,-2.1,-2.1000000000000005,-0.740237832069397,true,false
10,21,-2.0500000000000003,-2.1000000000000005,-0.7498669624328613,true,false
11,21,-2.0,-2.1000000000000005,-0.7526027858257294,true,false
12,21,-1.9500000000000002,-2.1000000000000005,-0.7561536133289337,true,false
13,21,-1.9000000000000004,-2.1000000000000005,-0.7586841583251953,true,false
14,21,-1.85,-2.1000000000000005,-0.7602210640907288,true,false
15,21,-1.8000000000000003,-2.1000000000000005,-0.7618781328201294,true,false
16,21,-1.7500000000000002,-2.1000000000000005,-0.7629611790180206,true,false
17,21,-1.7000000000000002,-2.1000000000000005,-0.7624014616012573,true,false
18,21,-1.6500000000000004,-2.1000000000000005,-0.7616422772407532,true,false
19,21,-1.6,-2.1000000000000005,-0.7615112364292145,true,false
20,21,-1.5500000000000003,-2.1000000000000005,-0.7613628506660461,true,false
21,21,-1.5000000000000002,-2.1000000000000005,-0.7611910700798035,true,false
22,21,-1.4500000000000002,-2.1000000000000005,-0.7606927752494812,true,false
23,21,-1.4000000000000001,-2.1000000000000005,-0.7594811320304871,true,false
24,21,-1.35,-2.1000000000000005,-0.7600624859333038,true,false
25,21,-1.3000000000000003,-2.1000000000000005,-0.759661853313446,true,false
26,21,-1.2500000000000002,-2.1000000000000005,-0.7581695318222046,true,false
27,21,-1.2000000000000002,-2.1000000000000005,-0.7572194933891296,true,false
28,21,-1.1500000000000001,-2.1000000000000005,-0.7548003196716309,true,false
29,21,-1.1,-2.1000000000000005,-0.7479287981987,true,false
30,21,-1.0500000000000003,-2.1000000000000005,-0.7130481004714966,true,false
31,21,-1.0000000000000002,-2.1000000000000005,-0.7286622822284698,true,false
32,21,-0.9500000000000002,-2.1000000000000005,-0.7270882371352579,false,true
33,21,-0.9000000000000001,-2.1000000000000005,-0.7258381247520447,false,true
34,21,-0.8500000000000001,-2.1000000000000005,-0.7261485155894318,false,true
35,21,-0.8000000000000003,-2.1000000000000005,-0.726162854768601,false,true
36,21,-0.7500000000000002,-2.1000000000000005,-0.7217004986342239,false,true
37,21,-0.7000000000000002,-2.1000000000000005,-0.7140287160873413,false,true
38,21,-0.6500000000000001,-2.1000000000000005,-0.7112588602713865,false,true
39,21,-0.6000000000000001,-2.1000000000000005,-0.7084677219390869,false,true
40,21,-0.5500000000000003,-2.1000000000000005,-0.7142381726295551,false,true
41,21,-0.5,-2.1000000000000005,-0.7199999690055847,false,true
42,21,-0.4500000000000002,-2.1000000000000005,-0.7254581333366562,false,true
43,21,-0.40000000000000036,-2.1000000000000005,-0.7309141159057618,false,true
44,21,-0.3500000000000001,-2.1000000000000005,-0.7370852801795708,false,true
45,21,-0.30000000000000027,-2.1000000000000005,-0.7407014628209544,false,true
46,21,-0.25,-2.1000000000000005,-0.740702450275421,false,true
47,21,-0.20000000000000018,-2.1000000000000005,-0.7407032463695877,false,true
48,21,-0.1499999999999999,-2.1000000000000005,-0.7407035469762657,false,true
49,21,-0.10000000000000009,-2.1000000000000005,-0.7407042017328478,false,true
50,21,-0.050000000000000266,-2.1000000000000005,-0.7458602724110042,false,true
51,21,0.0,-2.1000000000000005,-0.7510164418806987,false,true
52,21,0.04999999999999982,-2.1000000000000005,-0.7510164678096771,false,true
53,21,0.10000000000000009,-2.1000000000000005,-0.7510164580299733,false,true
54,21,0.1499999999999999,-2.1000000000000005,-0.7510164540523833,false,true
55,21,0.19999999999999973,-2.1000000000000005,-0.7506409768650036,false,true
56,21,0.25,-2.1000000000000005,-0.75,false,true
57,21,0.2999999999999998,-2.1000000000000005,-0.7500000000097173,false,true
58,21,0.3500000000000001,-2.1000000000000005,-0.75,false,true
59,21,0.3999999999999999,-2.1000000000000005,-0.7485667318117242,false,true
60,21,0.44999999999999973,-2.1000000000000005,-0.7471334636211395,false,true
61,21,0.5,-2.1000000000000005,-0.7471334640447144,false,true
62,21,0.5499999999999998,-2.1000000000000005,-0.748192356853754,false,true
0,22,-2.5500000000000003,-2.0500000000000003,-0.6696373265681348,false,true
1,22,-2.5000000000000004,-2.0500000000000003,-0.6708163173314773,false,true
2,22,-2.45,-2.0500000000000003,-0.6737050009958236,false,true
3,22,-2.4000000000000004,-2.0500000000000003,-0.6936909388461855,false,true
4,22,-2.35,-2.0500000000000003,-0.7210139036178589,false,true
5,22,-2.3000000000000003,-2.0500000000000003,-0.7280480903177349,false,true
6,22,-2.25,-2.0500000000000003,-0.734377384185791,false,true
7,22,-2.2,-2.0500000000000003,-0.7377850886151479,false,true
8,22,-2.1500000000000004,-2.0500000000000003,-0.7398341298103333,true,false
9,22,-2.1,-2.0500000000000003,-0.7392858564853668,true,false
10,22,-2.0500000000000003,-2.0500000000000003,-0.7452919483184814,true,false
11,22,-2.0,-2.0500000000000003,-0.7501156330108643,true,false
12,22,-1.9500000000000002,-2.0500000000000003,-0.7547099590301514,true,false
13,22,-1.9000000000000004,-2.0500000000000003,-0.7579271793365479,true,false
14,22,-1.85,-2.0500000000000003,-0.7605288922786713,true,false
15,22,-1.8000000000000003,-2.0500000000000003,-0.7624954581260681,true,false
16,22,-1.7500000000000002,-2.0500000000000003,-0.7636415660381317,true,false
17,22,-1.7000000000000002,-2.0500000000000003,-0.7636921405792236,true,false
18,22,-1.6500000000000004,-2.0500000000000003,-0.7619055807590485,true,false
19,22,-1.6,-2.0500000000000003,-0.76152503490448,true,false
20,22,-1.5500000000000003,-2.0500000000000003,-0.7613224983215332,true,false
21,22,-1.5000000000000002,-2.0500000000000003,-0.7613381147384644,true,false
22,22,-1.4500000000000002,-2.0500000000000003,-0.7619812786579132,true,false
23,22,-1.4000000000000001,-2.0500000000000003,-0.7623904049396515,true,false
24,22,-1.35,-2.0500000000000003,-0.7625897824764252,true,false
25,22,-1.3000000000000003,-2.0500000000000003,-0.7634862065315247,true,false
26,22,-1.2500000000000002,-2.0500000000000003,-0.7632004022598267,true,false
27,22,-1.2000000000000002,-2.0500000000000003,-0.7620804309844971,true,false
28,22,-1.1500000000000001,-2.0500000000000003,-0.7608367800712585,true,false
29,22,-1.1,-2.0500000000000003,-0.75555419921875,true,false
30,22,-1.0500000000000003,-2.0500000000000003,-0.7463229596614838,true,false
31,22,-1.0000000000000002,-2.0500000000000003,-0.7337183952331543,true,false
32,22,-0.9500000000000002,-2.0500000000000003,-0.7258381247520447,true,false
33,22,-0.9000000000000001,-2.0500000000000003,-0.7265874745213012,false,true
34,22,-0.8500000000000001,-2.0500000000000003,-0.7265078634468116,false,true
35,22,-0.8000000000000003,-2.0500000000000003,-0.7219731187819253,false,true
36,22,-0.7500000000000002,-2.0500000000000003,-0.7140287160873413,false,true
37,22,-0.7000000000000002,-2.0500000000000003,-0.711288958294643,false,true
38,22,-0.6500000000000001,-2.0500000000000003,-0.7084677219390869,false,true
39,22,-0.6000000000000001,-2.0500000000000003,-0.7142504116784073,false,true
40,22,-0.5500000000000003,-2.0500000000000003,-0.7199999690055847,false,true
41,22,-0.5,-2.0500000000000003,-0.7254612188140185,false,true
42,22,-0.4500000000000002,-2.0500000000000003,-0.7309141159057618,false,true
43,22,-0.40000000000000036,-2.0500000000000003,-0.7370833746688443,false,true
44,22,-0.3500000000000001,-2.0500000000000003,-0.7407000663494554,false,true
45,22,-0.30000000000000027,-2.0500000000000003,-0.740702450275421,false,true
46,22,-0.25,-2.0500000000000003,-0.7407043722167554,false,true
47,22,-0.20000000000000018,-2.0500000000000003,-0.7407050687991514,false,true
48,22,-0.1499999999999999,-2.0500000000000003,-0.7407065494029119,false,true
49,22,-0.10000000000000009,-2.0500000000000003,-0.7458613534891311,false,true
50,22,-0.050000000000000266,-2.0500000000000003,-0.751016405211586,false,true
51,22,0.0,-2.0500000000000003,-0.7510164678096771,false,true
52,22,0.04999999999999982,-2.0500000000000003,-0.7510164441993836,false,true
53,22,0.10000000000000009,-2.0500000000000003,-0.7510164346699278,false,true
54,22,0.1499999999999999,-2.0500000000000003,-0.7506409632161178,false,true
55,22,0.19999999999999973,-2.0500000000000003,-0.75,false,true
56,22,0.25,-2.0500000000000003,-0.7500000000372022,false,true
57,22,0.2999999999999998,-2.0500000000000003,-0.75,false,true
58,22,0.3500000000000001,-2.0500000000000003,-0.7485667318149893,false,true
59,22,0.3999999999999999,-2.0500000000000003,-0.7471334636211395,false,true
60,22,0.44999999999999973,-2.0500000000000003,-0.7471334646437398,false,true
61,22,0.5,-2.0500000000000003,-0.7481923572046593,false,true
62,22,0.5499999999999998,-2.0500000000000003,-0.75,false,true
0,23,-2.5500000000000003,-2.0,-0.6701256805322239,false,true
1,23,-2.5000000000000004,-2.0,-0.6713170747884348,false,true
2,23,-2.45,-2.0,-0.6911024150449175,false,true
3,23,-2.4000000000000004,-2.0,-0.7210139036178589,false,true
4,23,-2.35,-2.0,-0.7277877042713777,false,true
5,23,-2.3000000000000003,-2.0,-0.734377384185791,false,true
6,23,-2.25,-2.0,-0.738474721337863,false,true
7,23,-2.2,-2.0,-0.7408600546656127,false,true
8,23,-2.1500000000000004,-2.0,-0.7415854930877686,true,false
9,23,-2.1,-2.0,-0.7417774796485901,true,false
10,23,-2.0500000000000003,-2.0,-0.7468437552452087,true,false
11,23,-2.0,-2.0,-0.7500056028366089,true,false
12,23,-1.9500000000000002,-2.0,-0.7551605105400085,true,false
13,23,-1.9000000000000004,-2.0,-0.7586586475372314,true,false
14,23,-1.85,-2.0,-0.7612940669059753,true,false
15,23,-1.8000000000000003,-2.0,-0.7630510330200195,true,false
16,23,-1.7500000000000002,-2.0,-0.7640478610992432,true,false
17,23,-1.7000000000000002,-2.0,-0.7643646597862244,true,false
18,23,-1.6500000000000004,-2.0,-0.7629402875900269,true,false
19,23,-1.6,-2.0,-0.7613803744316101,true,false
20,23,-1.5500000000000003,-2.0,-0.76138836145401,true,false
21,23,-1.5000000000000002,-2.0,-0.7625430226325989,true,false
22,23,-1.4500000000000002,-2.0,-0.7640102505683899,true,false
23,23,-1.4000000000000001,-2.0,-0.7646620869636536,true,false
24,23,-1.35,-2.0,-0.7653332352638245,true,false
25,23,-1.3000000000000003,-2.0,-0.766287624835968,true,false
26,23,-1.2500000000000002,-2.0,-0.7665965855121613,true,false
27,23,-1.2000000000000002,-2.0,-0.7658123970031738,true,false
28,23,-1.1500000000000001,-2.0,-0.7640149891376495,true,false
29,23,-1.1,-2.0,-0.7626743316650391,true,false
30,23,-1.0500000000000003,-2.0,-0.75,true,false
31,23,-1.0000000000000002,-2.0,-0.7398684620857239,true,false
32,23,-0.9500000000000002,-2.0,-0.727647215127945,true,false
33,23,-0.9000000000000001,-2.0,-0.7270650150803203,false,true
34,23,-0.8500000000000001,-2.0,-0.7226197066030717,false,true
35,23,-0.8000000000000003,-2.0,-0.7140287160873413,false,true
36,23,-0.7500000000000002,-2.0,-0.7114041863832792,false,true
37,23,-0.7000000000000002,-2.0,-0.7084677219390869,false,true
38,23,-0.6500000000000001,-2.0,-0.7142972679850138,false,true
39,23,-0.6000000000000001,-2.0,-0.7199999690055847,false,true
40,23,-0.5500000000000003,-2.0,-0.7254730313392451,false,true
41,23,-0.5,-2.0,-0.7309141159057618,false,true
42,23,-0.4500000000000002,-2.0,-0.7370789419010971,false,true
43,23,-0.40000000000000036,-2.0,-0.7406966949690234,false,true
44,23,-0.3500000000000001,-2.0,-0.740702450275421,false,true
45,23,-0.30000000000000027,-2.0,-0.7407070902522567,false,true
46,23,-0.25,-2.0,-0.7407086724391534,false,true
47,23,-0.20000000000000018,-2.0,-0.7407119463261546,false,true
48,23,-0.1499999999999999,-2.0,-0.7458638206671098,false,true
49,23,-0.10000000000000009,-2.0,-0.7510163166845162,false,true
50,23,-0.050000000000000266,-2.0,-0.7510164678096771,false,true
51,23,0.0,-2.0,-0.7510164108093864,false,true
52,23,0.04999999999999982,-2.0,-0.7510163880534929,false,true
53,23,0.10000000000000009,-2.0,-0.7506409304532163,false,true
54,23,0.1499999999999999,-2.0,-0.75,false,true
55,23,0.19999999999999973,-2.0,-0.7500000001424261,false,true
56,23,0.25,-2.0,-0.75,false,true
57,23,0.2999999999999998,-2.0,-0.7485667318274899,false,true
58,23,0.3500000000000001,-2.0,-0.7471334636211395,false,true
59,23,0.3999999999999999,-2.0,-0.7471334660899149,false,true
60,23,0.44999999999999973,-2.0,-0.7481923580518307,false,true
61,23,0.5,-2.0,-0.75,false,true
62,23,0.5499999999999998,-2.0,-0.7506400495768999,false,true
0,24,-2.5500000000000003,-1.9500000000000002,-0.6706191721912799,false,true
1,24,-2.5000000000000004,-1.9500000000000002,-0.6897238712547787,false,true
2,24,-2.45,-1.9500000000000002,-0.7210139036178589,false,true
3,24,-2.4000000000000004,-1.9500000000000002,-0.7277196904270827,false,true
4,24,-2.35,-1.9500000000000002,-0.734377384185791,false,true
5,24,-2.3000000000000003,-1.9500000000000002,-0.7387420145071742,false,true
6,24,-2.25,-1.9500000000000002,-0.7412850066546451,false,true
7,24,-2.2,-1.9500000000000002,-0.7415854930877687,false,true
8,24,-2.1500000000000004,-1.9500000000000002,-0.7484578680112522,false,true
9,24,-2.1,-1.9500000000000002,-0.75,true,false
10,24,-2.0500000000000003,-1.9500000000000002,-0.7490720748901367,true,false
11,24,-2.0,-1.9500000000000002,-0.75,true,false
12,24,-1.9500000000000002,-1.9500000000000002,-0.7543888688087463,true,false
13,24,-1.9000000000000004,-1.9500000000000002,-0.760390967130661,true,false
14,24,-1.85,-1.9500000000000002,-0.7627963423728943,true,false
15,24,-1.8000000000000003,-1.9500000000000002,-0.7639985382556915,true,false
16,24,-1.7500000000000002,-1.9500000000000002,-0.7646633386611938,true,false
17,24,-1.7000000000000002,-1.9500000000000002,-0.7646058797836304,true,false
18,24,-1.6500000000000004,-1.9500000000000002,-0.7638102769851685,true,false
19,24,-1.6,-1.9500000000000002,-0.7618198692798615,true,false
20,24,-1.5500000000000003,-1.9500000000000002,-0.7623284459114075,true,false
21,24,-1.5000000000000002,-1.9500000000000002,-0.763526976108551,true,false
22,24,-1.4500000000000002,-1.9500000000000002,-0.7646102905273438,true,false
23,24,-1.4000000000000001,-1.9500000000000002,-0.7661787569522858,true,false
24,24,-1.35,-1.9500000000000002,-0.767982691526413,true,false
25,24,-1.3000000000000003,-1.9500000000000002,-0.7691885828971863,true,false
26,24,-1.2500000000000002,-1.9500000000000002,-0.7692048251628876,true,false
27,24,-1.2000000000000002,-1.9500000000000002,-0.769372284412384,true,false
28,24,-1.1500000000000001,-1.9500000000000002,-0.7674536406993866,true,false
29,24,-1.1,-1.9500000000000002,-0.7656202018260956,true,false
30,24,-1.0500000000000003,-1.9500000000000002,-0.7628855109214783,true,false
31,24,-1.0000000000000002,-1.9500000000000002,-0.75,true,false
32,24,-0.9500000000000002,-1.9500000000000002,-0.7274685502052307,true,false
33,24,-0.9000000000000001,-1.9500000000000002,-0.7245148184489496,false,true
34,24,-0.8500000000000001,-1.9500000000000002,-0.7140287160873413,false,true
35,24,-0.8000000000000003,-1.9500000000000002,-0.7118453287233467,false,true
36,24,-0.7500000000000002,-1.9500000000000002,-0.7084677219390869,false,true
37,24,-0.7000000000000002,-1.9500000000000002,-0.7144766539401917,false,true
38,24,-0.6500000000000001,-1.9500000000000002,-0.7199999690055847,false,true
39,24,-0.6000000000000001,-1.9500000000000002,-0.7255182547312344,false,true
40,24,-0.5500000000000003,-1.9500000000000002,-0.7309141159057618,false,true
41,24,-0.5,-1.9500000000000002,-0.7370690492178642,false,true
42,24,-0.4500000000000002,-1.9500000000000002,-0.7406885557366598,false,true
43,24,-0.40000000000000036,-1.9500000000000002,-0.740702450275421,false,true
44,24,-0.3500000000000001,-1.9500000000000002,-0.7407136521704265,false,true
45,24,-0.30000000000000027,-1.9500000000000002,-0.7407171321530532,false,true
46,24,-0.25,-1.9500000000000002,-0.7407241504109524,false,true
47,24,-0.20000000000000018,-1.9500000000000002,-0.7458693484595531,false,true
48,24,-0.1499999999999999,-1.9500000000000002,-0.7510161029612641,false,true
49,24,-0.10000000000000009,-1.9500000000000002,-0.7510164678096771,false,true
50,24,-0.050000000000000266,-1.9500000000000002,-0.7510163301988019,false,true
51,24,0.0,-1.9500000000000002,-0.7510162761156154,false,true
52,24,0.04999999999999982,-1.9500000000000002,-0.7506408520161181,false,true
53,24,0.10000000000000009,-1.9500000000000002,-0.75,false,true
54,24,0.1499999999999999,-1.9500000000000002,-0.7500000005452678,false,true
55,24,0.19999999999999973,-1.9500000000000002,-0.75,false,true
56,24,0.25,-1.9500000000000002,-0.748566731875347,false,true
57,24,0.2999999999999998,-1.9500000000000002,-0.7471334636211395,false,true
58,24,0.3500000000000001,-1.9500000000000002,-0.7471334695812906,false,true
59,24,0.3999999999999999,-1.9500000000000002,-0.7481923600971351,false,true
60,24,0.44999999999999973,-1.9500000000000002,-0.75,false,true
61,24,0.5,-1.9500000000000002,-0.7506400495772975,false,true
62,24,0.5499999999999998,-1.9500000000000002,-0.7512800991535187,false,true
0,25,-2.5500000000000003,-1.9000000000000004,-0.6942251097667818,false,true
1,25,-2.5000000000000004,-1.9000000000000004,-0.7210139036178589,false,true
2,25,-2.45,-1.9000000000000004,-0.7277019249474017,false,true
3,25,-2.4000000000000004,-1.9000000000000004,-0.734377384185791,false,true
4,25,-2.35,-1.9000000000000004,-0.7388489280564091,false,true
5,25,-2.3000000000000003,-1.9000000000000004,-0.7414610275318598,false,true
6,25,-2.25,-1.9000000000000004,-0.7415854930877687,false,true
7,25,-2.2,-1.9000000000000004,-0.75201634097018,false,true
8,25,-2.1500000000000004,-1.9000000000000004,-0.757425638725511,false,true
9,25,-2.1,-1.9000000000000004,-0.7626763582229614,true,false
10,25,-2.0500000000000003,-1.9000000000000004,-0.7521810233592987,true,false
11,25,-2.0,-1.9000000000000004,-0.75,true,false
12,25,-1.9500000000000002,-1.9000000000000004,-0.752299964427948,true,false
13,25,-1.9000000000000004,-1.9000000000000004,-0.75733283162117,true,false
14,25,-1.85,-1.9000000000000004,-0.7636860609054565,true,false
15,25,-1.8000000000000003,-1.9000000000000004,-0.7650978565216064,true,false
16,25,-1.7500000000000002,-1.9000000000000004,-0.7652187347412109,true,false
17,25,-1.7000000000000002,-1.9000000000000004,-0.7649729251861572,true,false
18,25,-1.6500000000000004,-1.9000000000000004,-0.7642303109169006,true,false
19,25,-1.6,-1.9000000000000004,-0.7630711495876312,true,false
20,25,-1.5500000000000003,-1.9000000000000004,-0.7616256177425385,true,false
21,25,-1.5000000000000002,-1.9000000000000004,-0.7633444666862488,true,false
22,25,-1.4500000000000002,-1.9000000000000004,-0.7665806412696838,true,false
23,25,-1.4000000000000001,-1.9000000000000004,-0.7685608565807343,true,false
24,25,-1.35,-1.9000000000000004,-0.7709215879440308,true,false
25,25,-1.3000000000000003,-1.9000000000000004,-0.7721596360206604,true,false
26,25,-1.2500000000000002,-1.9000000000000004,-0.7716971635818481,true,false
27,25,-1.2000000000000002,-1.9000000000000004,-0.7710890471935272,true,false
28,25,-1.1500000000000001,-1.9000000000000004,-0.7717095017433167,true,false
29,25,-1.1,-1.9000000000000004,-0.7703344821929932,true,false
30,25,-1.0500000000000003,-1.9000000000000004,-0.767668753862381,true,false
31,25,-1.0000000000000002,-1.9000000000000004,-0.7553970813751221,true,false
32,25,-0.9500000000000002,-1.9000000000000004,-0.7320348024368286,true,false
33,25,-0.9000000000000001,-1.9000000000000004,-0.7140287160873413,true,false
34,25,-0.8500000000000001,-1.9000000000000004,-0.7135342100239352,false,true
35,25,-0.8000000000000003,-1.9000000000000004,-0.7084677219390869,false,true
36,25,-0.7500000000000002,-1.9000000000000004,-0.7151634199967933,false,true
37,25,-0.7000000000000002,-1.9000000000000004,-0.7199999690055847,false,true
38,25,-0.6500000000000001,-1.9000000000000004,-0.725691389191799,false,true
39,25,-0.6000000000000001,-1.9000000000000004,-0.7309141159057618,false,true
40,25,-0.5500000000000003,-1.9000000000000004,-0.737049072195328,false,true
41,25,-0.5,-1.9000000000000004,-0.740668905891501,false,true
42,25,-0.4500000000000002,-1.9000000000000004,-0.740702450275421,false,true
43,25,-0.40000000000000036,-1.9000000000000004,-0.7407294940422675,false,true
44,25,-0.3500000000000001,-1.9000000000000004,-0.7407367354693128,false,true
45,25,-0.30000000000000027,-1.9000000000000004,-0.7407511358851531,false,true
46,25,-0.25,-1.9000000000000004,-0.7458814336695561,false,true
47,25,-0.20000000000000018,-1.9000000000000004,-0.7510155869876902,false,true
48,25,-0.1499999999999999,-1.9000000000000004,-0.7510164678096771,false,true
49,25,-0.10000000000000009,-1.9000000000000004,-0.7510161355876359,false,true
50,25,-0.050000000000000266,-1.9000000000000004,-0.751016007936378,false,true
51,25,0.0,-1.9000000000000004,-0.7506406649823675,false,true
52,25,0.04999999999999982,-1.9000000000000004,-0.75,false,true
53,25,0.10000000000000009,-1.9000000000000004,-0.750000002087518,false,true
54,25,0.1499999999999999,-1.9000000000000004,-0.75,false,true
55,25,0.19999999999999973,-1.9000000000000004,-0.7485667320585642,false,true
56,25,0.25,-1.9000000000000004,-0.7471334636211395,false,true
57,25,0.2999999999999998,-1.9000000000000004,-0.7471334780102171,false,true
58,25,0.3500000000000001,-1.9000000000000004,-0.7481923650351878,false,true
59,25,0.3999999999999999,-1.9000000000000004,-0.75,false,true
60,25,0.44999999999999973,-1.9000000000000004,-0.7506400495788191,false,true
61,25,0.5,-1.9000000000000004,-0.7512800991535187,false,true
62,25,0.5499999999999998,-1.9000000000000004,-0.7350432284570728,false,true
0,26,-2.5500000000000003,-1.8500000000000003,-0.7210139036178589,false,true
1,26,-2.5000000000000004,-1.8500000000000003,-0.7276972845352684,false,true
2,26,-2.45,-1.8500000000000003,-0.734377384185791,false,true
3,26,-2.4000000000000004,-1.8500000000000003,-0.7388924254907538,false,true
4,26,-2.35,-1.8500000000000003,-0.7415339377664629,false,true
5,26,-2.3000000000000003,-1.8500000000000003,-0.7415854930877687,false,true
6,26,-2.25,-1.8500000000000003,-0.7536542058919716,false,true
7,26,-2.2,-1.8500000000000003,-0.7605014389949005,false,true
8,26,-2.1500000000000004,-1.8500000000000003,-0.7626763582229614,false,true
9,26,-2.1,-1.8500000000000003,-0.7576904594654835,false,true
10,26,-2.0500000000000003,-1.8500000000000003,-0.7566003203392029,true,false
11,26,-2.0,-1.8500000000000003,-0.7502648234367371,true,false
12,26,-1.9500000000000002,-1.8500000000000003,-0.75,true,false
13,26,-1.9000000000000004,-1.8500000000000003,-0.7565762400627136,true,false
14,26,-1.85,-1.8500000000000003,-0.764630138874054,true,false
15,26,-1.8000000000000003,-1.8500000000000003,-0.7655172348022461,true,false
16,26,-1.7500000000000002,-1.8500000000000003,-0.7659814953804016,true,false
17,26,-1.7000000000000002,-1.8500000000000003,-0.7657283544540405,true,false
18,26,-1.6500000000000004,-1.8500000000000003,-0.7652297914028168,true,false
19,26,-1.6,-1.8500000000000003,-0.7643980979919434,true,false
20,26,-1.5500000000000003,-1.8500000000000003,-0.7639076113700867,true,false
21,26,-1.5000000000000002,-1.8500000000000003,-0.7651706337928772,true,false
22,26,-1.4500000000000002,-1.8500000000000003,-0.7676820158958435,true,false
23,26,-1.4000000000000001,-1.8500000000000003,-0.7701341807842255,true,false
24,26,-1.35,-1.8500000000000003,-0.7727939188480377,true,false
25,26,-1.3000000000000003,-1.8500000000000003,-0.7743346095085144,true,false
26,26,-1.2500000000000002,-1.8500000000000003,-0.7747898995876312,true,false
27,26,-1.2000000000000002,-1.8500000000000003,-0.7743128538131714,true,false
28,26,-1.1500000000000001,-1.8500000000000003,-0.7750509977340698,true,false
29,26,-1.1,-1.8500000000000003,-0.7746570110321045,true,false
30,26,-1.0500000000000003,-1.8500000000000003,-0.772358775138855,true,false
31,26,-1.0000000000000002,-1.8500000000000003,-0.7677472233772278,true,false
32,26,-0.9500000000000002,-1.8500000000000003,-0.75,true,false
33,26,-0.9000000000000001,-1.8500000000000003,-0.7199999690055847,true,false
34,26,-0.8500000000000001,-1.8500000000000003,-0.7084677219390869,true,false
35,26,-0.8000000000000003,-1.8500000000000003,-0.7177926537962422,false,true
36,26,-0.7500000000000002,-1.8500000000000003,-0.7199999690055847,false,true
37,26,-0.7000000000000002,-1.8500000000000003,-0.7263542218568528,false,true
38,26,-0.6500000000000001,-1.8500000000000003,-0.7309141159057618,false,true
39,26,-0.6000000000000001,-1.8500000000000003,-0.7370197033656822,false,true
40,26,-0.5500000000000003,-1.8500000000000003,-0.7406214669688198,false,true
41,26,-0.5,-1.8500000000000003,-0.740702450275421,false,true
42,26,-0.4500000000000002,-1.8500000000000003,-0.7407677397041195,false,true
43,26,-0.40000000000000036,-1.8500000000000003,-0.7407812615875428,false,true
44,26,-0.3500000000000001,-1.8500000000000003,-0.7408089848632645,false,true
45,26,-0.30000000000000027,-1.8500000000000003,-0.7459070101418177,false,true
46,26,-0.25,-1.8500000000000003,-0.7510143413172901,false,true
47,26,-0.20000000000000018,-1.8500000000000003,-0.7510164678096771,false,true
48,26,-0.1499999999999999,-1.8500000000000003,-0.7510156657547192,false,true
49,26,-0.10000000000000009,-1.8500000000000003,-0.7510153675369386,false,true
50,26,-0.050000000000000266,-1.8500000000000003,-0.7506402217768313,false,true
51,26,0.0,-1.8500000000000003,-0.75,false,true
52,26,0.04999999999999982,-1.8500000000000003,-0.7500000079919104,false,true
53,26,0.10000000000000009,-1.8500000000000003,-0.75,false,true
54,26,0.1499999999999999,-1.8500000000000003,-0.7485667327599985,false,true
55,26,0.19999999999999973,-1.8500000000000003,-0.7471334636211395,false,true
56,26,0.25,-1.8500000000000003,-0.747133498359446,false,true
57,26,0.2999999999999998,-1.8500000000000003,-0.7481923769579135,false,true
58,26,0.3500000000000001,-1.8500000000000003,-0.75,false,true
59,26,0.3999999999999999,-1.8500000000000003,-0.7506400495846453,false,true
60,26,0.44999999999999973,-1.8500000000000003,-0.7512800991535187,false,true
61,26,0.5,-1.8500000000000003,-0.7321100207538468,false,true
62,26,0.5499999999999998,-1.8500000000000003,-0.7208804488182067,false,true
0,27,-2.5500000000000003,-1.8000000000000003,-0.7276960724416378,false,true
1,27,-2.5000000000000004,-1.8000000000000003,-0.734377384185791,false,true
2,27,-2.45,-1.8000000000000003,-0.7389102795990817,false,true
3,27,-2.4000000000000004,-1.8000000000000003,-0.7415641381744712,false,true
4,27,-2.35,-1.8000000000000003,-0.7415854930877687,false,true
5,27,-2.3000000000000003,-1.8000000000000003,-0.7543665759693454,false,true
6,27,-2.25,-1.8000000000000003,-0.7617754771816326,false,true
7,27,-2.2,-1.8000000000000003,-0.7626763582229614,false,true
8,27,-2.1500000000000004,-1.8000000000000003,-0.759129545525284,false,true
9,27,-2.1,-1.8000000000000003,-0.7566003203392029,false,true
10,27,-2.0500000000000003,-1.8000000000000003,-0.7537753478937084,false,true
11,27,-2.0,-1.8000000000000003,-0.7534326910972595,true,false
12,27,-1.9500000000000002,-1.8000000000000003,-0.7504258751869202,true,false
13,27,-1.9000000000000004,-1.8000000000000003,-0.7556207180023193,true,false
14,27,-1.85,-1.8000000000000003,-0.7603912353515625,true,false
15,27,-1.8000000000000003,-1.8000000000000003,-0.7660535573959351,true,false
16,27,-1.7500000000000002,-1.8000000000000003,-0.7668275833129883,true,false
17,27,-1.7000000000000002,-1.8000000000000003,-0.7666416168212891,true,false
18,27,-1.6500000000000004,-1.8000000000000003,-0.7670252919197083,true,false
19,27,-1.6,-1.8000000000000003,-0.7671231031417847,true,false
20,27,-1.5500000000000003,-1.8000000000000003,-0.7668619453907013,true,false
21,27,-1.5000000000000002,-1.8000000000000003,-0.7674821615219116,true,false
22,27,-1.4500000000000002,-1.8000000000000003,-0.7691486477851868,true,false
23,27,-1.4000000000000001,-1.8000000000000003,-0.7703559994697571,true,false
24,27,-1.35,-1.8000000000000003,-0.7739494144916534,true,false
25,27,-1.3000000000000003,-1.8000000000000003,-0.7760702967643738,true,false
26,27,-1.2500000000000002,-1.8000000000000003,-0.7772698104381561,true,false
27,27,-1.2000000000000002,-1.8000000000000003,-0.7799999713897705,true,false
28,27,-1.1500000000000001,-1.8000000000000003,-0.7799999713897705,true,false
29,27,-1.1,-1.8000000000000003,-0.7786293625831604,true,false
30,27,-1.0500000000000003,-1.8000000000000003,-0.7764028012752533,true,false
31,27,-1.0000000000000002,-1.8000000000000003,-0.7702818810939789,true,false
32,27,-0.9500000000000002,-1.8000000000000003,-0.7620449662208557,true,false
33,27,-0.9000000000000001,-1.8000000000000003,-0.7475069165229797,true,false
34,27,-0.8500000000000001,-1.8000000000000003,-0.7278584837913513,true,false
35,27,-0.8000000000000003,-1.8000000000000003,-0.7199999690055847,true,false
36,27,-0.7500000000000002,-1.8000000000000003,-0.7288918284109124,false,true
37,27,-0.7000000000000002,-1.8000000000000003,-0.7309141159057618,false,true
38,27,-0.6500000000000001,-1.8000000000000003,-0.737039864725201,false,true
39,27,-0.6000000000000001,-1.8000000000000003,-0.7405069392782985,false,true
40,27,-0.5500000000000003,-1.8000000000000003,-0.740702450275421,false,true
41,27,-0.5,-1.8000000000000003,-0.7408600728996646,false,true
42,27,-0.4500000000000002,-1.8000000000000003,-0.7408791957305906,false,true
43,27,-0.40000000000000036,-1.8000000000000003,-0.7409276823167809,false,true
44,27,-0.3500000000000001,-1.8000000000000003,-0.7459589196056028,false,true
45,27,-0.30000000000000027,-1.8000000000000003,-0.7510113340029163,false,true
46,27,-0.25,-1.8000000000000003,-0.7510164678096771,false,true
47,27,-0.20000000000000018,-1.8000000000000003,-0.75101453147772,false,true
48,27,-0.1499999999999999,-1.8000000000000003,-0.75101384552057,false,true
49,27,-0.10000000000000009,-1.8000000000000003,-0.7506391820639378,false,true
50,27,-0.050000000000000266,-1.8000000000000003,-0.75,false,true
51,27,0.0,-1.8000000000000003,-0.750000030596446,false,true
52,27,0.04999999999999982,-1.8000000000000003,-0.75,false,true
53,27,0.10000000000000009,-1.8000000000000003,-0.7485667354453881,false,true
54,27,0.1499999999999999,-1.8000000000000003,-0.7471334636211395,false,true
55,27,0.19999999999999973,-1.8000000000000003,-0.7471335474868299,false,true
56,27,0.25,-1.8000000000000003,-0.7481924057477699,false,true
57,27,0.2999999999999998,-1.8000000000000003,-0.75,false,true
58,27,0.3500000000000001,-1.8000000000000003,-0.7506400496069499,false,true
59,27,0.3999999999999999,-1.8000000000000003,-0.7512800991535187,false,true
60,27,0.44999999999999973,-1.8000000000000003,-0.7321100207559418,false,true
61,27,0.5,-1.8000000000000003,-0.7208804488182067,false,true
62,27,0.5499999999999998,-1.8000000000000003,-0.7208804488182068,false,true
0,28,-2.5500000000000003,-1.7500000000000002,-0.734377384185791,false,true
1,28,-2.5000000000000004,-1.7500000000000002,-0.7389176412298637,false,true
2,28,-2.45,-1.7500000000000002,-0.7415766475930574,false,true
3,28,-2.4000000000000004,-1.7500000000000002,-0.7415854930877687,false,true
4,28,-2.35,-1.7500000000000002,-0.7546686793936065,false,true
5,28,-2.3000000000000003,-1.7500000000000002,-0.7623032010775583,false,true
6,28,-2.25,-1.7500000000000002,-0.7626763582229614,false,true
7,28,-2.2,-1.7500000000000002,-0.7595054403805104,false,true
8,28,-2.1500000000000004,-1.7500000000000002,-0.7566003203392029,false,true
9,28,-2.1,-1.7500000000000002,-0.7546923104850243,false,true
10,28,-2.0500000000000003,-1.7500000000000002,-0.7534326910972595,false,true
11,28,-2.0,-1.7500000000000002,-0.7521872271676378,false,true
12,28,-1.9500000000000002,-1.7500000000000002,-0.7535851532238563,false,true
13,28,-1.9000000000000004,-1.7500000000000002,-0.7554128766059875,true,false
14,28,-1.85,-1.7500000000000002,-0.7578973770141602,true,false
15,28,-1.8000000000000003,-1.7500000000000002,-0.765336275100708,true,false
16,28,-1.7500000000000002,-1.7500000000000002,-0.767804741859436,true,false
17,28,-1.7000000000000002,-1.7500000000000002,-0.7682009041309357,true,false
18,28,-1.6500000000000004,-1.7500000000000002,-0.7688912749290466,true,false
19,28,-1.6,-1.7500000000000002,-0.7684657573699951,true,false
20,28,-1.5500000000000003,-1.7500000000000002,-0.7679600715637207,true,false
21,28,-1.5000000000000002,-1.7500000000000002,-0.7687807977199554,true,false
22,28,-1.4500000000000002,-1.7500000000000002,-0.7701540291309357,true,false
23,28,-1.4000000000000001,-1.7500000000000002,-0.7729680240154266,true,false
24,28,-1.35,-1.7500000000000002,-0.7758631706237793,true,false
25,28,-1.3000000000000003,-1.7500000000000002,-0.7779919505119324,true,false
26,28,-1.2500000000000002,-1.7500000000000002,-0.7799999713897705,true,false
27,28,-1.2000000000000002,-1.7500000000000002,-0.7820818424224854,true,false
28,28,-1.1500000000000001,-1.7500000000000002,-0.7815903723239899,true,false
29,28,-1.1,-1.7500000000000002,-0.7799999713897705,true,false
30,28,-1.0500000000000003,-1.7500000000000002,-0.7799999713897705,true,false
31,28,-1.0000000000000002,-1.7500000000000002,-0.7792051434516907,true,false
32,28,-0.9500000000000002,-1.7500000000000002,-0.7712804079055786,true,false
33,28,-0.9000000000000001,-1.7500000000000002,-0.7582553625106812,true,false
34,28,-0.8500000000000001,-1.7500000000000002,-0.75,true,false
35,28,-0.8000000000000003,-1.7500000000000002,-0.738606870174408,true,false
36,28,-0.7500000000000002,-1.7500000000000002,-0.7309141159057617,true,false
37,28,-0.7000000000000002,-1.7500000000000002,-0.7375282343746188,false,true
38,28,-0.6500000000000001,-1.7500000000000002,-0.7402304449745746,false,true
39,28,-0.6000000000000001,-1.7500000000000002,-0.740702450275421,false,true
40,28,-0.5500000000000003,-1.7500000000000002,-0.7410829849526066,false,true
41,28,-0.5,-1.7500000000000002,-0.7410829849526065,false,true
42,28,-0.4500000000000002,-1.7500000000000002,-0.7411561953172255,false,true
43,28,-0.40000000000000036,-1.7500000000000002,-0.7460593480790692,false,true
44,28,-0.3500000000000001,-1.7500000000000002,-0.7510040737037685,false,true
45,28,-0.30000000000000027,-1.7500000000000002,-0.7510164678096771,false,true
46,28,-0.25,-1.7500000000000002,-0.7510117930908049,false,true
47,28,-0.20000000000000018,-1.7500000000000002,-0.7510102531415583,false,true
48,28,-0.1499999999999999,-1.7500000000000002,-0.7506367841751074,false,true
49,28,-0.10000000000000009,-1.7500000000000002,-0.75,false,true
50,28,-0.050000000000000266,-1.7500000000000002,-0.7500001171362642,false,true
51,28,0.0,-1.7500000000000002,-0.75,false,true
52,28,0.04999999999999982,-1.7500000000000002,-0.7485667457262065,false,true
53,28,0.10000000000000009,-1.7500000000000002,-0.7471334636211395,false,true
54,28,0.1499999999999999,-1.7500000000000002,-0.747133666090827,false,true
55,28,0.19999999999999973,-1.7500000000000002,-0.7481924752808808,false,true
56,28,0.25,-1.7500000000000002,-0.75,false,true
57,28,0.2999999999999998,-1.7500000000000002,-0.7506400496923417,false,true
58,28,0.3500000000000001,-1.7500000000000002,-0.7512800991535187,false,true
59,28,0.3999999999999999,-1.7500000000000002,-0.7321100207660574,false,true
60,28,0.44999999999999973,-1.7500000000000002,-0.7208804488182067,false,true
61,28,0.5,-1.7500000000000002,-0.7208804488182068,false,true
62,28,0.5499999999999998,-1.7500000000000002,-0.7208804835112059,false,true
0,29,-2.5500000000000003,-1.7000000000000002,-0.73892068352048,false,true
1,29,-2.5000000000000004,-1.7000000000000002,-0.7415818291638934,false,true
2,29,-2.45,-1.7000000000000002,-0.7415854930877687,false,true
3,29,-2.4000000000000004,-1.7000000000000002,-0.7547952707057489,false,true
4,29,-2.35,-1.7000000000000002,-0.762521791472439,false,true
5,29,-2.3000000000000003,-1.7000000000000002,-0.7626763582229614,false,true
6,29,-2.25,-1.7000000000000002,-0.7596036255732743,false,true
7,29,-2.2,-1.7000000000000002,-0.7566003203392029,false,true
8,29,-2.1500000000000004,-1.7000000000000002,-0.7549318246670729,false,true
9,29,-2.1,-1.7000000000000002,-0.7534326910972595,false,true
10,29,-2.0500000000000003,-1.7000000000000002,-0.7529168030461637,false,true
11,29,-2.0,-1.7000000000000002,-0.7536794620057881,false,true
12,29,-1.9500000000000002,-1.7000000000000002,-0.7554128766059877,false,true
13,29,-1.9000000000000004,-1.7000000000000002,-0.7577105005946384,false,true
14,29,-1.85,-1.7000000000000002,-0.7598759829998016,true,false
15,29,-1.8000000000000003,-1.7000000000000002,-0.7634772062301636,true,false
16,29,-1.7500000000000002,-1.7000000000000002,-0.7699410617351532,true,false
17,29,-1.7000000000000002,-1.7000000000000002,-0.7693306803703308,true,false
18,29,-1.6500000000000004,-1.7000000000000002,-0.7687875628471375,true,false
19,29,-1.6,-1.7000000000000002,-0.7688532173633575,true,false
20,29,-1.5500000000000003,-1.7000000000000002,-0.7689906656742096,true,false
21,29,-1.5000000000000002,-1.7000000000000002,-0.7712194919586182,true,false
22,29,-1.4500000000000002,-1.7000000000000002,-0.7725611925125122,true,false
23,29,-1.4000000000000001,-1.7000000000000002,-0.7742443978786469,true,false
24,29,-1.35,-1.7000000000000002,-0.7764459252357483,true,false
25,29,-1.3000000000000003,-1.7000000000000002,-0.7798170447349548,true,false
26,29,-1.2500000000000002,-1.7000000000000002,-0.7830262780189514,true,false
27,29,-1.2000000000000002,-1.7000000000000002,-0.7836370468139648,true,false
28,29,-1.1500000000000001,-1.7000000000000002,-0.7821844220161438,true,false
29,29,-1.1,-1.7000000000000002,-0.7824056148529053,true,false
30,29,-1.0500000000000003,-1.7000000000000002,-0.7831000685691833,true,false
31,29,-1.0000000000000002,-1.7000000000000002,-0.7811784446239471,true,false
32,29,-0.9500000000000002,-1.7000000000000002,-0.7791203558444977,true,false
33,29,-0.9000000000000001,-1.7000000000000002,-0.7697461545467377,true,false
34,29,-0.8500000000000001,-1.7000000000000002,-0.7550762891769409,true,false
35,29,-0.8000000000000003,-1.7000000000000002,-0.75,true,false
36,29,-0.7500000000000002,-1.7000000000000002,-0.7408303022384644,true,false
37,29,-0.7000000000000002,-1.7000000000000002,-0.7395629286766052,true,false
38,29,-0.6500000000000001,-1.7000000000000002,-0.7407024502754211,true,false
39,29,-0.6000000000000001,-1.7000000000000002,-0.7416211422540356,false,true
40,29,-0.5500000000000003,-1.7000000000000002,-0.7414635196297921,false,true
41,29,-0.5,-1.7000000000000002,-0.7415558528253372,false,true
42,29,-0.4500000000000002,-1.7000000000000002,-0.7462483760022788,false,true
43,29,-0.40000000000000036,-1.7000000000000002,-0.7509865457910989,false,true
44,29,-0.3500000000000001,-1.7000000000000002,-0.7510164678096771,false,true
45,29,-0.30000000000000027,-1.7000000000000002,-0.7510051820399756,false,true
46,29,-0.25,-1.7000000000000002,-0.75100186065633,false,true
47,29,-0.20000000000000018,-1.7000000000000002,-0.7506314208117554,false,true
48,29,-0.1499999999999999,-1.7000000000000002,-0.75,false,true
49,29,-0.10000000000000009,-1.7000000000000002,-0.7500004484476513,false,true
50,29,-0.050000000000000266,-1.7000000000000002,-0.75,false,true
51,29,0.0,-1.7000000000000002,-0.7485667850855707,false,true
52,29,0.04999999999999982,-1.7000000000000002,-0.7471334636211395,false,true
53,29,0.10000000000000009,-1.7000000000000002,-0.7471339524262052,false,true
54,29,0.1499999999999999,-1.7000000000000002,-0.7481926432850587,false,true
55,29,0.19999999999999973,-1.7000000000000002,-0.75,false,true
56,29,0.25,-1.7000000000000002,-0.7506400500192578,false,true
57,29,0.2999999999999998,-1.7000000000000002,-0.7512800991535187,false,true
58,29,0.3500000000000001,-1.7000000000000002,-0.7321100208149002,false,true
59,29,0.3999999999999999,-1.7000000000000002,-0.7208804488182067,false,true
60,29,0.44999999999999973,-1.7000000000000002,-0.7208804488182068,false,true
61,29,0.5,-1.7000000000000002,-0.720880532574516,false,true
62,29,0.5499999999999998,-1.7000000000000002,-0.7316372036689874,false,true
0,30,-2.5500000000000003,-1.6500000000000004,-0.7415839754408079,false,true
1,30,-2.5000000000000004,-1.6500000000000004,-0.7415854930877687,false,true
2,30,-2.45,-1.6500000000000004,-0.7548480080867387,false,true
3,30,-2.4000000000000004,-1.6500000000000004,-0.7626123345786031,false,true
4,30,-2.35,-1.6500000000000004,-0.7626763582229614,false,true
5,30,-2.3000000000000003,-1.6500000000000004,-0.7596292719260884,false,true
6,30,-2.25,-1.6500000000000004,-0.7566003203392029,false,true
7,30,-2.2,-1.6500000000000004,-0.7549943866995326,false,true
8,30,-2.1500000000000004,-1.6500000000000004,-0.7534326910972595,false,true
9,30,-2.1,-1.6500000000000004,-0.7532190032698294,false,true
10,30,-2.0500000000000003,-1.6500000000000004,-0.7539126818214816,false,true
11,30,-2.0,-1.6500000000000004,-0.7554128766059877,false,true
12,30,-1.9500000000000002,-1.6500000000000004,-0.7576616877497201,false,true
13,30,-1.9000000000000004,-1.6500000000000004,-0.7598759829998016,false,true
14,30,-1.85,-1.6500000000000004,-0.7645797826098019,false,true
15,30,-1.8000000000000003,-1.6500000000000004,-0.7700632214546204,true,false
16,30,-1.7500000000000002,-1.6500000000000004,-0.7722401022911072,true,false
17,30,-1.7000000000000002,-1.6500000000000004,-0.7712089419364929,true,false
18,30,-1.6500000000000004,-1.6500000000000004,-0.7703260481357574,true,false
19,30,-1.6,-1.6500000000000004,-0.7704976797103882,true,false
20,30,-1.5500000000000003,-1.6500000000000004,-0.771735429763794,true,false
21,30,-1.5000000000000002,-1.6500000000000004,-0.7731174826622009,true,false
22,30,-1.4500000000000002,-1.6500000000000004,-0.7749496102333069,true,false
23,30,-1.4000000000000001,-1.6500000000000004,-0.7759381234645844,true,false
24,30,-1.35,-1.6500000000000004,-0.7777975797653198,true,false
25,30,-1.3000000000000003,-1.6500000000000004,-0.7812846601009369,true,false
26,30,-1.2500000000000002,-1.6500000000000004,-0.7835598587989807,true,false
27,30,-1.2000000000000002,-1.6500000000000004,-0.7839598953723907,true,false
28,30,-1.1500000000000001,-1.6500000000000004,-0.7859282195568085,true,false
29,30,-1.1,-1.6500000000000004,-0.7865909934043884,true,false
30,30,-1.0500000000000003,-1.6500000000000004,-0.786544680595398,true,false
31,30,-1.0000000000000002,-1.6500000000000004,-0.785655677318573,true,false
32,30,-0.9500000000000002,-1.6500000000000004,-0.7808962762355804,true,false
33,30,-0.9000000000000001,-1.6500000000000004,-0.7773704528808594,true,false
34,30,-0.8500000000000001,-1.6500000000000004,-0.7718815207481384,true,false
35,30,-0.8000000000000003,-1.6500000000000004,-0.75,true,false
36,30,-0.7500000000000002,-1.6500000000000004,-0.742615818977356,true,false
37,30,-0.7000000000000002,-1.6500000000000004,-0.7420422434806824,true,false
38,30,-0.6500000000000001,-1.6500000000000004,-0.7429203689098358,true,false
39,30,-0.6000000000000001,-1.6500000000000004,-0.7420016769312212,false,true
40,30,-0.5500000000000003,-1.6500000000000004,-0.7421592995554646,false,true
41,30,-0.5,-1.6500000000000004,-0.7466409652241138,false,true
42,30,-0.4500000000000002,-1.6500000000000004,-0.7509442296666117,false,true
43,30,-0.40000000000000036,-1.6500000000000004,-0.7510164678096771,false,true
44,30,-0.3500000000000001,-1.6500000000000004,-0.7509892215514021,false,true
45,30,-0.30000000000000027,-1.6500000000000004,-0.7509825563571858,false,true
46,30,-0.25,-1.6500000000000004,-0.7506201313560142,false,true
47,30,-0.20000000000000018,-1.6500000000000004,-0.75,false,true
48,30,-0.1499999999999999,-1.6500000000000004,-0.7500017168491525,false,true
49,30,-0.10000000000000009,-1.6500000000000004,-0.75,false,true
50,30,-0.050000000000000266,-1.6500000000000004,-0.7485669357700281,false,true
51,30,0.0,-1.6500000000000004,-0.7471334636211395,false,true
52,30,0.04999999999999982,-1.6500000000000004,-0.7471346437009584,false,true
53,30,0.10000000000000009,-1.6500000000000004,-0.7481930495416134,false,true
54,30,0.1499999999999999,-1.6500000000000004,-0.75,false,true
55,30,0.19999999999999973,-1.6500000000000004,-0.7506400512708327,false,true
56,30,0.25,-1.6500000000000004,-0.7512800991535187,false,true
57,30,0.2999999999999998,-1.6500000000000004,-0.7321100210507335,false,true
58,30,0.3500000000000001,-1.6500000000000004,-0.7208804488182067,false,true
59,30,0.3999999999999999,-1.6500000000000004,-0.7208804488182068,false,true
60,30,0.44999999999999973,-1.6500000000000004,-0.7208806510238246,false,true
61,30,0.5,-1.6500000000000004,-0.731637273053143,false,true
62,30,0.5499999999999998,-1.6500000000000004,-0.75,false,true
0,31,-2.5500000000000003,-1.6000000000000003,-0.7415854930877687,false,true
1,31,-2.5000000000000004,-1.6000000000000003,-0.7548699150767105,false,true
2,31,-2.45,-1.6000000000000003,-0.7626498387611557,false,true
3,31,-2.4000000000000004,-1.6000000000000003,-0.7626763582229614,false,true
4,31,-2.35,-1.6000000000000003,-0.7596359708528221,false,true
5,31,-2.3000000000000003,-1.6000000000000003,-0.7566003203392029,false,true
6,31,-2.25,-1.6000000000000003,-0.7550107281448367,false,true
7,31,-2.2,-1.6000000000000003,-0.7534326910972595,false,true
8,31,-2.1500000000000004,-1.6000000000000003,-0.7533441787010239,false,true
9,31,-2.1,-1.6000000000000003,-0.7540494956230545,false,true
10,31,-2.0500000000000003,-1.6000000000000003,-0.7554128766059877,false,true
11,31,-2.0,-1.6000000000000003,-0.7576489376454794,false,true
12,31,-1.9500000000000002,-1.6000000000000003,-0.7598759829998016,false,true
13,31,-1.9000000000000004,-1.6000000000000003,-0.7648677798326069,false,true
14,31,-1.85,-1.6000000000000003,-0.7700632214546204,false,true
15,31,-1.8000000000000003,-1.6000000000000003,-0.7736810378315112,false,true
16,31,-1.7500000000000002,-1.6000000000000003,-0.7783177495002747,true,false
17,31,-1.7000000000000002,-1.6000000000000003,-0.7769245505332947,true,false
18,31,-1.6500000000000004,-1.6000000000000003,-0.7742354571819305,true,false
19,31,-1.6,-1.6000000000000003,-0.772651731967926,true,false
20,31,-1.5500000000000003,-1.6000000000000003,-0.7734280824661255,true,false
21,31,-1.5000000000000002,-1.6000000000000003,-0.7743520140647888,true,false
22,31,-1.4500000000000002,-1.6000000000000003,-0.7750667333602905,true,false
23,31,-1.4000000000000001,-1.6000000000000003,-0.7767223715782166,true,false
24,31,-1.35,-1.6000000000000003,-0.7797424495220184,true,false
25,31,-1.3000000000000003,-1.6000000000000003,-0.7811273336410522,true,false
26,31,-1.2500000000000002,-1.6000000000000003,-0.7837320268154144,true,false
27,31,-1.2000000000000002,-1.6000000000000003,-0.7870199680328369,true,false
28,31,-1.1500000000000001,-1.6000000000000003,-0.7878313064575195,true,false
29,31,-1.1,-1.6000000000000003,-0.7876069843769073,true,false
30,31,-1.0500000000000003,-1.6000000000000003,-0.7881827652454376,true,false
31,31,-1.0000000000000002,-1.6000000000000003,-0.7876986265182495,true,false
32,31,-0.9500000000000002,-1.6000000000000003,-0.7846526503562927,true,false
33,31,-0.9000000000000001,-1.6000000000000003,-0.7810770273208618,true,false
34,31,-0.8500000000000001,-1.6000000000000003,-0.7775493264198303,true,false
35,31,-0.8000000000000003,-1.6000000000000003,-0.7721085846424103,true,false
36,31,-0.7500000000000002,-1.6000000000000003,-0.75,true,false
37,31,-0.7000000000000002,-1.6000000000000003,-0.7453176975250244,true,false
38,31,-0.6500000000000001,-1.6000000000000003,-0.7457548372353304,false,true
39,31,-0.6000000000000001,-1.6000000000000003,-0.7429203689098358,false,true
40,31,-0.5500000000000003,-1.6000000000000003,-0.7478396819525693,false,true
41,31,-0.5,-1.6000000000000003,-0.7508420695049679,false,true
42,31,-0.4500000000000002,-1.6000000000000003,-0.7510164678096771,false,true
43,31,-0.40000000000000036,-1.6000000000000003,-0.7509506895234256,false,true
44,31,-0.3500000000000001,-1.6000000000000003,-0.7509392188966376,false,true
45,31,-0.30000000000000027,-1.6000000000000003,-0.7505995324941814,false,true
46,31,-0.25,-1.6000000000000003,-0.75,false,true
47,31,-0.20000000000000018,-1.6000000000000003,-0.7500065728318642,false,true
48,31,-0.1499999999999999,-1.6000000000000003,-0.75,false,true
49,31,-0.10000000000000009,-1.6000000000000003,-0.7485675126544921,false,true
50,31,-0.050000000000000266,-1.6000000000000003,-0.7471334636211395,false,true
51,31,0.0,-1.6000000000000003,-0.7471363125858429,false,true
52,31,0.04999999999999982,-1.6000000000000003,-0.7481940335116497,false,true
53,31,0.10000000000000009,-1.6000000000000003,-0.75,false,true
54,31,0.1499999999999999,-1.6000000000000003,-0.7506400560623958,false,true
55,31,0.19999999999999973,-1.6000000000000003,-0.7512800991535187,false,true
56,31,0.25,-1.6000000000000003,-0.7321100221894381,false,true
57,31,0.2999999999999998,-1.6000000000000003,-0.7208804488182067,false,true
58,31,0.3500000000000001,-1.6000000000000003,-0.7208804488182068,false,true
59,31,0.3999999999999999,-1.6000000000000003,-0.7208809369857518,false,true
60,31,0.44999999999999973,-1.6000000000000003,-0.731637440556863,false,true
61,31,0.5,-1.6000000000000003,-0.75,false,true
62,31,0.5499999999999998,-1.6000000000000003,-0.7502303123757511,false,true
0,32,-2.5500000000000003,-1.5500000000000003,-0.7548790021832013,false,true
1,32,-2.5000000000000004,-1.5500000000000003,-0.7626653735022146,false,true
2,32,-2.45,-1.5500000000000003,-0.7626763582229614,false,true
3,32,-2.4000000000000004,-1.5500000000000003,-0.759637720638443,false,true
4,32,-2.35,-1.5500000000000003,-0.7566003203392029,false,true
5,32,-2.3000000000000003,-1.5500000000000003,-0.7550149965936727,false,true
6,32,-2.25,-1.5500000000000003,-0.7534326910972595,false,true
7,32,-2.2,-1.5500000000000003,-0.7533960280623005,false,true
8,32,-2.1500000000000004,-1.5500000000000003,-0.754114493724079,false,true
9,32,-2.1,-1.5500000000000003,-0.7554128766059877,false,true
10,32,-2.0500000000000003,-1.5500000000000003,-0.7576456072688456,false,true
11,32,-2.0,-1.5500000000000003,-0.7598759829998016,false,true
12,32,-1.9500000000000002,-1.5500000000000003,-0.7649430058231824,false,true
13,32,-1.9000000000000004,-1.5500000000000003,-0.7700632214546204,false,true
14,32,-1.85,-1.5500000000000003,-0.774057415778238,false,true
15,32,-1.8000000000000003,-1.5500000000000003,-0.7783177495002747,false,true
16,32,-1.7500000000000002,-1.5500000000000003,-0.7776053641731218,false,true
17,32,-1.7000000000000002,-1.5500000000000003,-0.7773743867874146,true,false
18,32,-1.6500000000000004,-1.5500000000000003,-0.7791145145893097,true,false
19,32,-1.6,-1.5500000000000003,-0.7742958664894104,true,false
20,32,-1.5500000000000003,-1.5500000000000003,-0.7748852968215942,true,false
21,32,-1.5000000000000002,-1.5500000000000003,-0.7758464217185974,true,false
22,32,-1.4500000000000002,-1.5500000000000003,-0.7757169604301453,true,false
23,32,-1.4000000000000001,-1.5500000000000003,-0.7785352468490601,true,false
24,32,-1.35,-1.5500000000000003,-0.7799999713897705,true,false
25,32,-1.3000000000000003,-1.5500000000000003,-0.78223717212677,true,false
26,32,-1.2500000000000002,-1.5500000000000003,-0.7854519784450531,true,false
27,32,-1.2000000000000002,-1.5500000000000003,-0.7892645597457886,true,false
28,32,-1.1500000000000001,-1.5500000000000003,-0.7895223498344421,true,false
29,32,-1.1,-1.5500000000000003,-0.7891672849655151,true,false
30,32,-1.0500000000000003,-1.5500000000000003,-0.7901342511177063,true,false
31,32,-1.0000000000000002,-1.5500000000000003,-0.7908502221107483,true,false
32,32,-0.9500000000000002,-1.5500000000000003,-0.7891254723072052,true,false
33,32,-0.9000000000000001,-1.5500000000000003,-0.78509920835495,true,false
34,32,-0.8500000000000001,-1.5500000000000003,-0.7817952632904053,true,false
35,32,-0.8000000000000003,-1.5500000000000003,-0.7799999713897705,true,false
36,32,-0.7500000000000002,-1.5500000000000003,-0.7716677486896515,true,false
37,32,-0.7000000000000002,-1.5500000000000003,-0.7540941834449768,true,false
38,32,-0.6500000000000001,-1.5500000000000003,-0.757331947507438,false,true
39,32,-0.6000000000000001,-1.5500000000000003,-0.7535606397527179,false,true
40,32,-0.5500000000000003,-1.5500000000000003,-0.7505954330571931,false,true
41,32,-0.5,-1.5500000000000003,-0.7510164678096771,false,true
42,32,-0.4500000000000002,-1.5500000000000003,-0.7508576649788988,false,true
43,32,-0.40000000000000036,-1.5500000000000003,-0.7508457480676254,false,true
44,32,-0.3500000000000001,-1.5500000000000003,-0.7505773213040082,false,true
45,32,-0.30000000000000027,-1.5500000000000003,-0.75,false,true
46,32,-0.25,-1.5500000000000003,-0.7500251636077953,false,true
47,32,-0.20000000000000018,-1.5500000000000003,-0.75,false,true
48,32,-0.1499999999999999,-1.5500000000000003,-0.7485697212146223,false,true
49,32,-0.10000000000000009,-1.5500000000000003,-0.7471334636211395,false,true
50,32,-0.050000000000000266,-1.5500000000000003,-0.7471403416303651,false,true
51,32,0.0,-1.5500000000000003,-0.7481964243796254,false,true
52,32,0.04999999999999982,-1.5500000000000003,-0.75,false,true
53,32,0.10000000000000009,-1.5500000000000003,-0.7506400744065456,false,true
54,32,0.1499999999999999,-1.5500000000000003,-0.7512800991535187,false,true
55,32,0.19999999999999973,-1.5500000000000003,-0.7321100276875896,false,true
56,32,0.25,-1.5500000000000003,-0.7208804488182067,false,true
57,32,0.2999999999999998,-1.5500000000000003,-0.7208804488182068,false,true
58,32,0.3500000000000001,-1.5500000000000003,-0.7208816273589148,false,true
59,32,0.3999999999999999,-1.5500000000000003,-0.731637844925133,false,true
60,32,0.44999999999999973,-1.5500000000000003,-0.75,false,true
61,32,0.5,-1.5500000000000003,-0.750230312455906,false,true
62,32,0.5499999999999998,-1.5500000000000003,-0.7504606246948242,false,true
0,33,-2.5500000000000003,-1.5000000000000002,-0.7626718082026491,false,true
1,33,-2.5000000000000004,-1.5000000000000002,-0.7626763582229614,false,true
2,33,-2.45,-1.5000000000000002,-0.7596381776892276,false,true
3,33,-2.4000000000000004,-1.5000000000000002,-0.7566003203392029,false,true
4,33,-2.35,-1.5000000000000002,-0.7550161115290488,false,true
5,33,-2.3000000000000003,-1.5000000000000002,-0.7534326910972595,false,true
6,33,-2.25,-1.5000000000000002,-0.7534175047709417,false,true
7,33,-2.2,-1.5000000000000002,-0.7541431415978832,false,true
8,33,-2.1500000000000004,-1.5000000000000002,-0.7554128766059877,false,true
9,33,-2.1,-1.5000000000000002,-0.7576447373615638,false,true
10,33,-2.0500000000000003,-1.5000000000000002,-0.7598759829998016,false,true
11,33,-2.0,-1.5000000000000002,-0.7649626551434187,false,true
12,33,-1.9500000000000002,-1.5000000000000002,-0.7700632214546204,false,true
13,33,-1.9000000000000004,-1.5000000000000002,-0.7741557271563737,false,true
14,33,-1.85,-1.5000000000000002,-0.7783177495002747,false,true
15,33,-1.8000000000000003,-1.5000000000000002,-0.7777831953339726,false,true
16,33,-1.7500000000000002,-1.5000000000000002,-0.7773743867874146,false,true
17,33,-1.7000000000000002,-1.5000000000000002,-0.7779458717781053,false,true
18,33,-1.6500000000000004,-1.5000000000000002,-0.7799999713897705,true,false
19,33,-1.6,-1.5000000000000002,-0.7799999713897705,true,false
20,33,-1.5500000000000003,-1.5000000000000002,-0.7799999713897705,true,false
21,33,-1.5000000000000002,-1.5000000000000002,-0.7777003943920135,true,false
22,33,-1.4500000000000002,-1.5000000000000002,-0.7785031199455261,true,false
23,33,-1.4000000000000001,-1.5000000000000002,-0.7793677449226379,true,false
24,33,-1.35,-1.5000000000000002,-0.7807251214981079,true,false
25,33,-1.3000000000000003,-1.5000000000000002,-0.7828331291675568,true,false
26,33,-1.2500000000000002,-1.5000000000000002,-0.788089394569397,true,false
27,33,-1.2000000000000002,-1.5000000000000002,-0.7901847064495087,true,false
28,33,-1.1500000000000001,-1.5000000000000002,-0.7922833561897278,true,false
29,33,-1.1,-1.5000000000000002,-0.7919453680515289,true,false
30,33,-1.0500000000000003,-1.5000000000000002,-0.792255163192749,true,false
31,33,-1.0000000000000002,-1.5000000000000002,-0.7927199006080627,true,false
32,33,-0.9500000000000002,-1.5000000000000002,-0.7936103940010071,true,false
33,33,-0.9000000000000001,-1.5000000000000002,-0.7915152907371521,true,false
34,33,-0.8500000000000001,-1.5000000000000002,-0.7873482704162598,true,false
35,33,-0.8000000000000003,-1.5000000000000002,-0.7849692404270172,true,false
36,33,-0.7500000000000002,-1.5000000000000002,-0.7799999713897705,true,false
37,33,-0.7000000000000002,-1.5000000000000002,-0.7758711874485016,true,false
38,33,-0.6500000000000001,-1.5000000000000002,-0.7611403167247772,true,false
39,33,-0.6000000000000001,-1.5000000000000002,-0.75,true,false
40,33,-0.5500000000000003,-1.5000000000000002,-0.7510164678096771,true,false
41,33,-0.5,-1.5000000000000002,-0.7506330838618689,false,true
42,33,-0.4500000000000002,-1.5000000000000002,-0.7506581752680292,false,true
43,33,-0.40000000000000036,-1.5000000000000002,-0.7506407959329554,false,true
44,33,-0.3500000000000001,-1.5000000000000002,-0.75,false,true
45,33,-0.30000000000000027,-1.5000000000000002,-0.75009633703864,false,true
46,33,-0.25,-1.5000000000000002,-0.75,false,true
47,33,-0.20000000000000018,-1.5000000000000002,-0.7485781765261312,false,true
48,33,-0.1499999999999999,-1.5000000000000002,-0.7471334636211395,false,true
49,33,-0.10000000000000009,-1.5000000000000002,-0.7471500686042939,false,true
50,33,-0.050000000000000266,-1.5000000000000002,-0.7482022705820036,false,true
51,33,0.0,-1.5000000000000002,-0.75,false,true
52,33,0.04999999999999982,-1.5000000000000002,-0.7506401446357868,false,true
53,33,0.10000000000000009,-1.5000000000000002,-0.7512800991535187,false,true
54,33,0.1499999999999999,-1.5000000000000002,-0.7321100542350141,false,true
55,33,0.19999999999999973,-1.5000000000000002,-0.7208804488182067,false,true
56,33,0.25,-1.5000000000000002,-0.7208804488182068,false,true
57,33,0.2999999999999998,-1.5000000000000002,-0.7208832940671678,false,true
58,33,0.3500000000000001,-1.5000000000000002,-0.7316388210527652,false,true
59,33,0.3999999999999999,-1.5000000000000002,-0.75,false,true
60,33,0.44999999999999973,-1.5000000000000002,-0.750230312762773,false,true
61,33,0.5,-1.5000000000000002,-0.7504606246948242,false,true
62,33,0.5499999999999998,-1.5000000000000002,-0.7504606547320586,false,true
0,34,-2.5500000000000003,-1.4500000000000002,-0.7626763582229614,false,true
1,34,-2.5000000000000004,-1.4500000000000002,-0.7596382970726635,false,true
2,34,-2.45,-1.4500000000000002,-0.7566003203392029,false,true
3,34,-2.4000000000000004,-1.4500000000000002,-0.7550164027544892,false,true
4,34,-2.35,-1.4500000000000002,-0.7534326910972595,false,true
5,34,-2.3000000000000003,-1.4500000000000002,-0.753426400714936,false,true
6,34,-2.25,-1.4500000000000002,-0.754155365149138,false,true
7,34,-2.2,-1.4500000000000002,-0.7554128766059877,false,true
8,34,-2.1500000000000004,-1.4500000000000002,-0.7576445101384107,false,true
9,34,-2.1,-1.4500000000000002,-0.7598759829998016,false,true
10,34,-2.0500000000000003,-1.4500000000000002,-0.7649677876220047,false,true
11,34,-2.0,-1.4500000000000002,-0.7700632214546204,false,true
12,34,-1.9500000000000002,-1.4500000000000002,-0.7741814064692958,false,true
13,34,-1.9000000000000004,-1.4500000000000002,-0.7783177495002747,false,true
14,34,-1.85,-1.4500000000000002,-0.7778296455222761,false,true
15,34,-1.8000000000000003,-1.4500000000000002,-0.7773743867874146,false,true
16,34,-1.7500000000000002,-1.4500000000000002,-0.7767911601130594,false,true
17,34,-1.7000000000000002,-1.4500000000000002,-0.776883894418928,false,true
18,34,-1.6500000000000004,-1.4500000000000002,-0.774680495262146,true,false
19,34,-1.6,-1.4500000000000002,-0.7781887054443359,true,false
20,34,-1.5500000000000003,-1.4500000000000002,-0.7830957174301147,true,false
21,34,-1.5000000000000002,-1.4500000000000002,-0.7803604304790497,true,false
22,34,-1.4500000000000002,-1.4500000000000002,-0.7799999713897705,true,false
23,34,-1.4000000000000001,-1.4500000000000002,-0.7808150351047516,true,false
24,34,-1.35,-1.4500000000000002,-0.7817954421043396,true,false
25,34,-1.3000000000000003,-1.4500000000000002,-0.7871041893959045,true,false
26,34,-1.2500000000000002,-1.4500000000000002,-0.7874486446380615,true,false
27,34,-1.2000000000000002,-1.4500000000000002,-0.7924807965755463,true,false
28,34,-1.1500000000000001,-1.4500000000000002,-0.7943786680698395,true,false
29,34,-1.1,-1.4500000000000002,-0.7947638034820557,true,false
30,34,-1.0500000000000003,-1.4500000000000002,-0.7949130535125732,true,false
31,34,-1.0000000000000002,-1.4500000000000002,-0.7958709597587585,true,false
32,34,-0.9500000000000002,-1.4500000000000002,-0.796562671661377,true,false
33,34,-0.9000000000000001,-1.4500000000000002,-0.7946838140487671,true,false
34,34,-0.8500000000000001,-1.4500000000000002,-0.7916227579116821,true,false
35,34,-0.8000000000000003,-1.4500000000000002,-0.7870268523693085,true,false
36,34,-0.7500000000000002,-1.4500000000000002,-0.7842039465904236,true,false
37,34,-0.7000000000000002,-1.4500000000000002,-0.7799999713897705,true,false
38,34,-0.6500000000000001,-1.4500000000000002,-0.7799999713897705,true,false
39,34,-0.6000000000000001,-1.4500000000000002,-0.7621780633926392,true,false
40,34,-0.5500000000000003,-1.4500000000000002,-0.7500908970832825,true,false
41,34,-0.5,-1.4500000000000002,-0.7503353673332724,false,true
42,34,-0.4500000000000002,-1.4500000000000002,-0.7513055710947448,false,true
43,34,-0.40000000000000036,-1.4500000000000002,-0.75,false,true
44,34,-0.3500000000000001,-1.4500000000000002,-0.7503688193318467,false,true
45,34,-0.30000000000000027,-1.4500000000000002,-0.75,false,true
46,34,-0.25,-1.4500000000000002,-0.74861054707006,false,true
47,34,-0.20000000000000018,-1.4500000000000002,-0.7471334636211395,false,true
48,34,-0.1499999999999999,-1.4500000000000002,-0.7471735515966735,false,true
49,34,-0.10000000000000009,-1.4500000000000002,-0.7482167425256935,false,true
50,34,-0.050000000000000266,-1.4500000000000002,-0.75,false,true
51,34,0.0,-1.4500000000000002,-0.7506404135033183,false,true
52,34,0.04999999999999982,-1.4500000000000002,-0.7512800991535187,false,true
53,34,0.10000000000000009,-1.4500000000000002,-0.7321101824173182,false,true
54,34,0.1499999999999999,-1.4500000000000002,-0.7208804488182067,false,true
55,34,0.19999999999999973,-1.4500000000000002,-0.7208804488182068,false,true
56,34,0.25,-1.4500000000000002,-0.7208873178568367,false,true
57,34,0.2999999999999998,-1.4500000000000002,-0.7316411771324869,false,true
58,34,0.3500000000000001,-1.4500000000000002,-0.75,false,true
59,34,0.3999999999999999,-1.4500000000000002,-0.7502303139375908,false,true
60,34,0.44999999999999973,-1.4500000000000002,-0.7504606246948242,false,true
61,34,0.5,-1.4500000000000002,-0.7504606972111226,false,true
62,34,0.5499999999999998,-1.4500000000000002,-0.7504627368533658,false,true
0,35,-2.5500000000000003,-1.4000000000000004,-0.7596383282560796,false,true
1,35,-2.5000000000000004,-1.4000000000000004,-0.7566003203392029,false,true
2,35,-2.45,-1.4000000000000004,-0.7550164788237028,false,true
3,35,-2.4000000000000004,-1.4000000000000004,-0.7534326910972595,false,true
4,35,-2.35,-1.4000000000000004,-0.7534300855355887,false,true
5,35,-2.3000000000000003,-1.4000000000000004,-0.7541605022911639,false,true
6,35,-2.25,-1.4000000000000004,-0.7554128766059877,false,true
7,35,-2.2,-1.4000000000000004,-0.7576444507868428,false,true
8,35,-2.1500000000000004,-1.4000000000000004,-0.7598759829998016,false,true
9,35,-2.1,-1.4000000000000004,-0.7649691282452996,false,true
10,35,-2.0500000000000003,-1.4000000000000004,-0.7700632214546204,false,true
11,35,-2.0,-1.4000000000000004,-0.7741881140053375,false,true
12,35,-1.9500000000000002,-1.4000000000000004,-0.7783177495002747,false,true
13,35,-1.9000000000000004,-1.4000000000000004,-0.7778417784914539,false,true
14,35,-1.85,-1.4000000000000004,-0.7773743867874146,false,true
15,35,-1.8000000000000003,-1.4000000000000004,-0.7761739679682522,false,true
16,35,-1.7500000000000002,-1.4000000000000004,-0.7755931730762065,false,true
17,35,-1.7000000000000002,-1.4000000000000004,-0.774680495262146,false,true
18,35,-1.6500000000000004,-1.4000000000000004,-0.7780668074445174,false,true
19,35,-1.6,-1.4000000000000004,-0.7799999713897705,true,false
20,35,-1.5500000000000003,-1.4000000000000004,-0.7863485813140869,true,false
21,35,-1.5000000000000002,-1.4000000000000004,-0.783621072769165,true,false
22,35,-1.4500000000000002,-1.4000000000000004,-0.7838461399078369,true,false
23,35,-1.4000000000000001,-1.4000000000000004,-0.7824708223342896,true,false
24,35,-1.35,-1.4000000000000004,-0.7866619229316711,true,false
25,35,-1.3000000000000003,-1.4000000000000004,-0.7868832349777222,true,false
26,35,-1.2500000000000002,-1.4000000000000004,-0.7909462451934814,true,false
27,35,-1.2000000000000002,-1.4000000000000004,-0.7946044206619263,true,false
28,35,-1.1500000000000001,-1.4000000000000004,-0.7961127161979675,true,false
29,35,-1.1,-1.4000000000000004,-0.7973069548606873,true,false
30,35,-1.0500000000000003,-1.4000000000000004,-0.7976550757884979,true,false
31,35,-1.0000000000000002,-1.4000000000000004,-0.7979661226272583,true,false
32,35,-0.9500000000000002,-1.4000000000000004,-0.7980706691741943,true,false
33,35,-0.9000000000000001,-1.4000000000000004,-0.7967718243598938,true,false
34,35,-0.8500000000000001,-1.4000000000000004,-0.7933345437049866,true,false
35,35,-0.8000000000000003,-1.4000000000000004,-0.7919653952121735,true,false
36,35,-0.7500000000000002,-1.4000000000000004,-0.7898959517478943,true,false
37,35,-0.7000000000000002,-1.4000000000000004,-0.7878041863441467,true,false
38,35,-0.6500000000000001,-1.4000000000000004,-0.7812795639038086,true,false
39,35,-0.6000000000000001,-1.4000000000000004,-0.7799999713897705,true,false
40,35,-0.5500000000000003,-1.4000000000000004,-0.75,true,false
41,35,-0.5,-1.4000000000000004,-0.7551964899941911,false,true
42,35,-0.4500000000000002,-1.4000000000000004,-0.75,false,true
43,35,-0.40000000000000036,-1.4000000000000004,-0.7514119979341728,false,true
44,35,-0.3500000000000001,-1.4000000000000004,-0.75,false,true
45,35,-0.30000000000000027,-1.4000000000000004,-0.7487344753384799,false,true
46,35,-0.25,-1.4000000000000004,-0.7471334636211395,false,true
47,35,-0.20000000000000018,-1.4000000000000004,-0.7472302445553615,false,true
48,35,-0.1499999999999999,-1.4000000000000004,-0.7482534092848445,false,true
49,35,-0.10000000000000009,-1.4000000000000004,-0.75,false,true
50,35,-0.050000000000000266,-1.4000000000000004,-0.7506414428430692,false,true
51,35,0.0,-1.4000000000000004,-0.7512800991535187,false,true
52,35,0.04999999999999982,-1.4000000000000004,-0.7321108013362319,false,true
53,35,0.10000000000000009,-1.4000000000000004,-0.7208804488182067,false,true
54,35,0.1499999999999999,-1.4000000000000004,-0.7208804488182068,false,true
55,35,0.19999999999999973,-1.4000000000000004,-0.7208970321444278,false,true
56,35,0.25,-1.4000000000000004,-0.7316468627938009,false,true
57,35,0.2999999999999998,-1.4000000000000004,-0.75,false,true
58,35,0.3500000000000001,-1.4000000000000004,-0.7502303184352952,false,true
59,35,0.3999999999999999,-1.4000000000000004,-0.7504606246948242,false,true
60,35,0.44999999999999973,-1.4000000000000004,-0.7504607997646553,false,true
61,35,0.5,-1.4000000000000004,-0.7504627969373654,false,true
62,35,0.5499999999999998,-1.4000000000000004,-0.7504662275314332,false,true
0,36,-2.5500000000000003,-1.3500000000000003,-0.7566003203392029,false,true
1,36,-2.5000000000000004,-1.3500000000000003,-0.7550164986932761,false,true
2,36,-2.45,-1.3500000000000003,-0.7534326910972595,false,true
3,36,-2.4000000000000004,-1.3500000000000003,-0.7534316118382778,false,true
4,36,-2.35,-1.3500000000000003,-0.7541626454870951,false,true
5,36,-2.3000000000000003,-1.3500000000000003,-0.7554128766059877,false,true
6,36,-2.25,-1.3500000000000003,-0.7576444352839832,false,true
7,36,-2.2,-1.3500000000000003,-0.7598759829998016,false,true
8,36,-2.1500000000000004,-1.3500000000000003,-0.7649694784212991,false,true
9,36,-2.1,-1.3500000000000003,-0.7700632214546204,false,true
10,36,-2.0500000000000003,-1.3500000000000003,-0.774189866039743,false,true
11,36,-2.0,-1.3500000000000003,-0.7783177495002747,false,true
12,36,-1.9500000000000002,-1.3500000000000003,-0.7778449476700179,false,true
13,36,-1.9000000000000004,-1.3500000000000003,-0.7773743867874146,false,true
14,36,-1.85,-1.3500000000000003,-0.7758895525330289,false,true
15,36,-1.8000000000000003,-1.3500000000000003,-0.7750585387908069,false,true
16,36,-1.7500000000000002,-1.3500000000000003,-0.774680495262146,false,true
17,36,-1.7000000000000002,-1.3500000000000003,-0.778041561542142,false,true
18,36,-1.6500000000000004,-1.3500000000000003,-0.7799999713897705,false,true
19,36,-1.6,-1.3500000000000003,-0.7799999713897705,true,false
20,36,-1.5500000000000003,-1.3500000000000003,-0.7842527031898499,true,false
21,36,-1.5000000000000002,-1.3500000000000003,-0.7889538407325745,true,false
22,36,-1.4500000000000002,-1.3500000000000003,-0.7879864871501923,true,false
23,36,-1.4000000000000001,-1.3500000000000003,-0.7852073907852173,true,false
24,36,-1.35,-1.3500000000000003,-0.786160409450531,true,false
25,36,-1.3000000000000003,-1.3500000000000003,-0.7891935706138611,true,false
26,36,-1.2500000000000002,-1.3500000000000003,-0.7913488149642944,true,false
27,36,-1.2000000000000002,-1.3500000000000003,-0.7940427660942078,true,false
28,36,-1.1500000000000001,-1.3500000000000003,-0.7968956232070923,true,false
29,36,-1.1,-1.3500000000000003,-0.7986527681350708,true,false
30,36,-1.0500000000000003,-1.3500000000000003,-0.7994777262210846,true,false
31,36,-1.0000000000000002,-1.3500000000000003,-0.7992731630802155,true,false
32,36,-0.9500000000000002,-1.3500000000000003,-0.7987126111984253,true,false
33,36,-0.9000000000000001,-1.3500000000000003,-0.7973864674568176,true,false
34,36,-0.8500000000000001,-1.3500000000000003,-0.7965983748435974,true,false
35,36,-0.8000000000000003,-1.3500000000000003,-0.7962982654571533,true,false
36,36,-0.7500000000000002,-1.3500000000000003,-0.7938207387924194,true,false
37,36,-0.7000000000000002,-1.3500000000000003,-0.7918424308300018,true,false
38,36,-0.6500000000000001,-1.3500000000000003,-0.7886399030685425,true,false
39,36,-0.6000000000000001,-1.3500000000000003,-0.7800384759902954,true,false
40,36,-0.5500000000000003,-1.3500000000000003,-0.7749999761581421,true,false
41,36,-0.5,-1.3500000000000003,-0.75,true,false
42,36,-0.4500000000000002,-1.3500000000000003,-0.7554057311912722,false,true
43,36,-0.40000000000000036,-1.3500000000000003,-0.75,false,true
44,36,-0.3500000000000001,-1.3500000000000003,-0.7492089256828216,false,true
45,36,-0.30000000000000027,-1.3500000000000003,-0.7471334636211395,false,true
46,36,-0.25,-1.3500000000000003,-0.7473671134651174,false,true
47,36,-0.20000000000000018,-1.3500000000000003,-0.7483502761082386,false,true
48,36,-0.1499999999999999,-1.3500000000000003,-0.75,false,true
49,36,-0.10000000000000009,-1.3500000000000003,-0.7506453835952921,false,true
50,36,-0.050000000000000266,-1.3500000000000003,-0.7512800991535187,false,true
51,36,0.0,-1.3500000000000003,-0.7321137897411026,false,true
52,36,0.04999999999999982,-1.3500000000000003,-0.7208804488182067,false,true
53,36,0.10000000000000009,-1.3500000000000003,-0.7208804488182068,false,true
54,36,0.1499999999999999,-1.3500000000000003,-0.7209204845092789,false,true
55,36,0.19999999999999973,-1.3500000000000003,-0.7316605775178514,false,true
56,36,0.25,-1.3500000000000003,-0.75,false,true
57,36,0.2999999999999998,-1.3500000000000003,-0.7502303356544291,false,true
58,36,0.3500000000000001,-1.3500000000000003,-0.7504606246948242,false,true
59,36,0.3999999999999999,-1.3500000000000003,-0.7504610473507848,false,true
60,36,0.44999999999999973,-1.3500000000000003,-0.7504629420159822,false,true
61,36,0.5,-1.3500000000000003,-0.7504662275314332,false,true
62,36,0.5499999999999998,-1.3500000000000003,-0.7504662156384805,false,true
0,37,-2.5500000000000003,-1.3000000000000003,-0.7550165038832858,false,true
1,37,-2.5000000000000004,-1.3000000000000003,-0.7534326910972595,false,true
2,37,-2.45,-1.3000000000000003,-0.753432244053552,false,true
3,37,-2.4000000000000004,-1.3000000000000003,-0.7541635364012135,false,true
4,37,-2.35,-1.3000000000000003,-0.7554128766059877,false,true
5,37,-2.3000000000000003,-1.3000000000000003,-0.7576444312345761,false,true
6,37,-2.25,-1.3000000000000003,-0.7598759829998016,false,true
7,37,-2.2,-1.3000000000000003,-0.7649695698886271,false,true
8,37,-2.1500000000000004,-1.3000000000000003,-0.7700632214546204,false,true
9,37,-2.1,-1.3000000000000003,-0.7741903236779187,false,true
10,37,-2.0500000000000003,-1.3000000000000003,-0.7783177495002747,false,true
11,37,-2.0,-1.3000000000000003,-0.7778457754717393,false,true
12,37,-1.9500000000000002,-1.3000000000000003,-0.7773743867874146,false,true
13,37,-1.9000000000000004,-1.3000000000000003,-0.7757657861525366,false,true
14,37,-1.85,-1.3000000000000003,-0.7748370860188848,false,true
15,37,-1.8000000000000003,-1.3000000000000003,-0.774680495262146,false,true
16,37,-1.7500000000000002,-1.3000000000000003,-0.7780363329445629,false,true
17,37,-1.7000000000000002,-1.3000000000000003,-0.7799999713897705,false,true
18,37,-1.6500000000000004,-1.3000000000000003,-0.7799999713897705,false,true
19,37,-1.6,-1.3000000000000003,-0.7817615105784987,false,true
20,37,-1.5500000000000003,-1.3000000000000003,-0.787156445373424,false,true
21,37,-1.5000000000000002,-1.3000000000000003,-0.7904070615768433,true,false
22,37,-1.4500000000000002,-1.3000000000000003,-0.7904258966445923,true,false
23,37,-1.4000000000000001,-1.3000000000000003,-0.7890077233314514,true,false
24,37,-1.35,-1.3000000000000003,-0.7875046133995056,true,false
25,37,-1.3000000000000003,-1.3000000000000003,-0.7900547385215759,true,false
26,37,-1.2500000000000002,-1.3000000000000003,-0.7920973002910614,true,false
27,37,-1.2000000000000002,-1.3000000000000003,-0.7941786646842957,true,false
28,37,-1.1500000000000001,-1.3000000000000003,-0.7969179749488831,true,false
29,37,-1.1,-1.3000000000000003,-0.798902153968811,true,false
30,37,-1.0500000000000003,-1.3000000000000003,-0.7991970181465149,true,false
31,37,-1.0000000000000002,-1.3000000000000003,-0.7980831265449524,true,false
32,37,-0.9500000000000002,-1.3000000000000003,-0.7985220551490784,true,false
33,37,-0.9000000000000001,-1.3000000000000003,-0.8000437319278717,true,false
34,37,-0.8500000000000001,-1.3000000000000003,-0.8022735714912415,true,false
35,37,-0.8000000000000003,-1.3000000000000003,-0.7997233867645264,true,false
36,37,-0.7500000000000002,-1.3000000000000003,-0.7966698706150055,true,false
37,37,-0.7000000000000002,-1.3000000000000003,-0.7955889701843262,true,false
38,37,-0.6500000000000001,-1.3000000000000003,-0.793583869934082,true,false
39,37,-0.6000000000000001,-1.3000000000000003,-0.7904360890388489,true,false
40,37,-0.5500000000000003,-1.3000000000000003,-0.7815910875797272,true,false
41,37,-0.5,-1.3000000000000003,-0.7706954479217529,true,false
42,37,-0.4500000000000002,-1.3000000000000003,-0.75,true,false
43,37,-0.40000000000000036,-1.3000000000000003,-0.7510253242504443,false,true
44,37,-0.3500000000000001,-1.3000000000000003,-0.7471334636211395,false,true
45,37,-0.30000000000000027,-1.3000000000000003,-0.747697544243317,false,true
46,37,-0.25,-1.3000000000000003,-0.7486244286373581,false,true
47,37,-0.20000000000000018,-1.3000000000000003,-0.75,false,true
48,37,-0.1499999999999999,-1.3000000000000003,-0.7506604704779943,false,true
49,37,-0.10000000000000009,-1.3000000000000003,-0.7512800991535187,false,true
50,37,-0.050000000000000266,-1.3000000000000003,-0.7321282190362409,false,true
51,37,0.0,-1.3000000000000003,-0.7208804488182067,false,true
52,37,0.04999999999999982,-1.3000000000000003,-0.7208804488182068,false,true
53,37,0.10000000000000009,-1.3000000000000003,-0.720977103526572,false,true
54,37,0.1499999999999999,-1.3000000000000003,-0.7316936314110231,false,true
55,37,0.19999999999999973,-1.3000000000000003,-0.75,false,true
56,37,0.25,-1.3000000000000003,-0.7502304015766278,false,true
57,37,0.2999999999999998,-1.3000000000000003,-0.7504606246948242,false,true
58,37,0.3500000000000001,-1.3000000000000003,-0.7504616450765763,false,true
59,37,0.3999999999999999,-1.3000000000000003,-0.7504632923778485,false,true
60,37,0.44999999999999973,-1.3000000000000003,-0.7504662275314332,false,true
61,37,0.5,-1.3000000000000003,-0.7504661988193054,false,true
62,37,0.5499999999999998,-1.3000000000000003,-0.7499187371487303,false,true
0,38,-2.5500000000000003,-1.2500000000000002,-0.7534326910972595,false,true
1,38,-2.5000000000000004,-1.2500000000000002,-0.7534325059256928,false,true
2,38,-2.45,-1.2500000000000002,-0.7541639060871353,false,true
3,38,-2.4000000000000004,-1.2500000000000002,-0.7554128766059877,false,true
4,38,-2.35,-1.2500000000000002,-0.7576444301768555,false,true
5,38,-2.3000000000000003,-1.2500000000000002,-0.7598759829998016,false,true
6,38,-2.25,-1.2500000000000002,-0.7649695937802475,false,true
7,38,-2.2,-1.2500000000000002,-0.7700632214546204,false,true
8,38,-2.1500000000000004,-1.2500000000000002,-0.7741904432147836,false,true
9,38,-2.1,-1.2500000000000002,-0.7783177495002747,false,true
10,38,-2.0500000000000003,-1.2500000000000002,-0.7778459916967566,false,true
11,38,-2.0,-1.2500000000000002,-0.7773743867874146,false,true
12,38,-1.9500000000000002,-1.2500000000000002,-0.7757132865694818,false,true
13,38,-1.9000000000000004,-1.2500000000000002,-0.7747453572773295,false,true
14,38,-1.85,-1.2500000000000002,-0.774680495262146,false,true
15,38,-1.8000000000000003,-1.2500000000000002,-0.7780352500665482,false,true
16,38,-1.7500000000000002,-1.2500000000000002,-0.7799999713897705,false,true
17,38,-1.7000000000000002,-1.2500000000000002,-0.7799999713897705,false,true
18,38,-1.6500000000000004,-1.2500000000000002,-0.7807296248123934,false,true
19,38,-1.6,-1.2500000000000002,-0.7864735588273513,false,true
20,38,-1.5500000000000003,-1.2500000000000002,-0.7913548104204502,false,true
21,38,-1.5000000000000002,-1.2500000000000002,-0.7920249700546265,true,false
22,38,-1.4500000000000002,-1.2500000000000002,-0.7924463152885437,true,false
23,38,-1.4000000000000001,-1.2500000000000002,-0.7906154692173004,true,false
24,38,-1.35,-1.2500000000000002,-0.7898645997047424,true,false
25,38,-1.3000000000000003,-1.2500000000000002,-0.7907406091690063,true,false
26,38,-1.2500000000000002,-1.2500000000000002,-0.7925480008125305,true,false
27,38,-1.2000000000000002,-1.2500000000000002,-0.7944736480712891,true,false
28,38,-1.1500000000000001,-1.2500000000000002,-0.7960983514785767,true,false
29,38,-1.1,-1.2500000000000002,-0.7981252074241638,true,false
30,38,-1.0500000000000003,-1.2500000000000002,-0.7974896430969238,true,false
31,38,-1.0000000000000002,-1.2500000000000002,-0.7981470823287964,true,false
32,38,-0.9500000000000002,-1.2500000000000002,-0.7998563647270203,true,false
33,38,-0.9000000000000001,-1.2500000000000002,-0.8034869432449341,true,false
34,38,-0.8500000000000001,-1.2500000000000002,-0.8044651746749878,true,false
35,38,-0.8000000000000003,-1.2500000000000002,-0.8038866519927979,true,false
36,38,-0.7500000000000002,-1.2500000000000002,-0.8016744554042816,true,false
37,38,-0.7000000000000002,-1.2500000000000002,-0.7999023497104645,true,false
38,38,-0.6500000000000001,-1.2500000000000002,-0.7971035242080688,true,false
39,38,-0.6000000000000001,-1.2500000000000002,-0.7942463159561157,true,false
40,38,-0.5500000000000003,-1.2500000000000002,-0.7892875969409943,true,false
41,38,-0.5,-1.2500000000000002,-0.7799999713897705,true,false
42,38,-0.4500000000000002,-1.2500000000000002,-0.7579792737960815,true,false
43,38,-0.40000000000000036,-1.2500000000000002,-0.7471334636211395,true,false
44,38,-0.3500000000000001,-1.2500000000000002,-0.7484952747094724,false,true
45,38,-0.30000000000000027,-1.2500000000000002,-0.7494808544573215,false,true
46,38,-0.25,-1.2500000000000002,-0.75,false,true
47,38,-0.20000000000000018,-1.2500000000000002,-0.7507182295089595,false,true
48,38,-0.1499999999999999,-1.2500000000000002,-0.7512800991535187,false,true
49,38,-0.10000000000000009,-1.2500000000000002,-0.7321978898362778,false,true
50,38,-0.050000000000000266,-1.2500000000000002,-0.7208804488182067,false,true
51,38,0.0,-1.2500000000000002,-0.7208804488182068,false,true
52,38,0.04999999999999982,-1.2500000000000002,-0.7211137939260092,false,true
53,38,0.10000000000000009,-1.2500000000000002,-0.7317731583432475,false,true
54,38,0.1499999999999999,-1.2500000000000002,-0.75,false,true
55,38,0.19999999999999973,-1.2500000000000002,-0.7502306539549618,false,true
56,38,0.25,-1.2500000000000002,-0.7504606246948242,false,true
57,38,0.2999999999999998,-1.2500000000000002,-0.7504630881142892,false,true
58,38,0.3500000000000001,-1.2500000000000002,-0.7504641387626659,false,true
59,38,0.3999999999999999,-1.2500000000000002,-0.7504662275314332,false,true
60,38,0.44999999999999973,-1.2500000000000002,-0.750466158214225,false,true
61,38,0.5,-1.2500000000000002,-0.7499187134985801,false,true
62,38,0.5499999999999998,-1.2500000000000002,-0.7489841580390931,false,true
0,39,-2.5500000000000003,-1.2000000000000002,-0.7534326143966852,false,true
1,39,-2.5000000000000004,-1.2000000000000002,-0.754164059352171,false,true
2,39,-2.45,-1.2000000000000002,-0.7554128766059877,false,true
3,39,-2.4000000000000004,-1.2000000000000002,-0.7576444299005746,false,true
4,39,-2.35,-1.2000000000000002,-0.7598759829998016,false,true
5,39,-2.3000000000000003,-1.2000000000000002,-0.7649696000208315,false,true
6,39,-2.25,-1.2000000000000002,-0.7700632214546204,false,true
7,39,-2.2,-1.2000000000000002,-0.7741904744382758,false,true
8,39,-2.1500000000000004,-1.2000000000000002,-0.7783177495002747,false,true
9,39,-2.1,-1.2000000000000002,-0.777846048175569,false,true
10,39,-2.0500000000000003,-1.2000000000000002,-0.7773743867874146,false,true
11,39,-2.0,-1.2000000000000002,-0.7756912849873819,false,true
12,39,-1.9500000000000002,-1.2000000000000002,-0.7747073619885179,false,true
13,39,-1.9000000000000004,-1.2000000000000002,-0.774680495262146,false,true
14,39,-1.85,-1.2000000000000002,-0.7780350257951681,false,true
15,39,-1.8000000000000003,-1.2000000000000002,-0.7799999713897705,false,true
16,39,-1.7500000000000002,-1.2000000000000002,-0.7799999713897705,false,true
17,39,-1.7000000000000002,-1.2000000000000002,-0.7803022037332528,false,true
18,39,-1.6500000000000004,-1.2000000000000002,-0.7862012701054559,false,true
19,39,-1.6,-1.2000000000000002,-0.7917473808451957,false,true
20,39,-1.5500000000000003,-1.2000000000000002,-0.7920249700546265,false,true
21,39,-1.5000000000000002,-1.2000000000000002,-0.7921994969649562,false,true
22,39,-1.4500000000000002,-1.2000000000000002,-0.7921700221967001,false,true
23,39,-1.4000000000000001,-1.2000000000000002,-0.7916103005409241,true,false
24,39,-1.35,-1.2000000000000002,-0.7918817102909088,true,false
25,39,-1.3000000000000003,-1.2000000000000002,-0.7927897274494171,true,false
26,39,-1.2500000000000002,-1.2000000000000002,-0.7935194373130798,true,false
27,39,-1.2000000000000002,-1.2000000000000002,-0.7954224348068237,true,false
28,39,-1.1500000000000001,-1.2000000000000002,-0.7958762049674988,true,false
29,39,-1.1,-1.2000000000000002,-0.7968718409538269,true,false
30,39,-1.0500000000000003,-1.2000000000000002,-0.7977472543716431,true,false
31,39,-1.0000000000000002,-1.2000000000000002,-0.7993076145648956,true,false
32,39,-0.9500000000000002,-1.2000000000000002,-0.8012001514434814,true,false
33,39,-0.9000000000000001,-1.2000000000000002,-0.8032752871513367,true,false
34,39,-0.8500000000000001,-1.2000000000000002,-0.8049415349960327,true,false
35,39,-0.8000000000000003,-1.2000000000000002,-0.8061176538467407,true,false
36,39,-0.7500000000000002,-1.2000000000000002,-0.8056303858757019,true,false
37,39,-0.7000000000000002,-1.2000000000000002,-0.8028682172298431,true,false
38,39,-0.6500000000000001,-1.2000000000000002,-0.8004649579524994,true,false
39,39,-0.6000000000000001,-1.2000000000000002,-0.7983185052871704,true,false
40,39,-0.5500000000000003,-1.2000000000000002,-0.7936691045761108,true,false
41,39,-0.5,-1.2000000000000002,-0.7864180505275726,true,false
42,39,-0.4500000000000002,-1.2000000000000002,-0.7765423357486725,true,false
43,39,-0.40000000000000036,-1.2000000000000002,-0.7504211664199829,true,false
44,39,-0.3500000000000001,-1.2000000000000002,-0.75248788287241,false,true
45,39,-0.30000000000000027,-1.2000000000000002,-0.75,false,true
46,39,-0.25,-1.2000000000000002,-0.7509393557498053,false,true
47,39,-0.20000000000000018,-1.2000000000000002,-0.7512800991535187,false,true
48,39,-0.1499999999999999,-1.2000000000000002,-0.7325342902169785,false,true
49,39,-0.10000000000000009,-1.2000000000000002,-0.7208804488182067,false,true
50,39,-0.050000000000000266,-1.2000000000000002,-0.7208804488182068,false,true
51,39,0.0,-1.2000000000000002,-0.7214437937421764,false,true
52,39,0.04999999999999982,-1.2000000000000002,-0.7319638389232176,false,true
53,39,0.10000000000000009,-1.2000000000000002,-0.75,false,true
54,39,0.1499999999999999,-1.2000000000000002,-0.7502316201670214,false,true
55,39,0.19999999999999973,-1.2000000000000002,-0.7504606246948242,false,true
56,39,0.25,-1.2000000000000002,-0.7504665719155064,false,true
57,39,0.2999999999999998,-1.2000000000000002,-0.7504661847065719,false,true
58,39,0.3500000000000001,-1.2000000000000002,-0.7504662275314332,false,true
59,39,0.3999999999999999,-1.2000000000000002,-0.7504660601848894,false,true
60,39,0.44999999999999973,-1.2000000000000002,-0.7499186567298087,false,true
61,39,0.5,-1.2000000000000002,-0.7489841580390931,false,true
62,39,0.5499999999999998,-1.2000000000000002,-0.7494920812113305,false,true
0,40,-2.5500000000000003,-1.1500000000000004,-0.754355175676775,false,true
1,40,-2.5000000000000004,-1.1500000000000004,-0.7554128766059877,false,true
2,40,-2.45,-1.1500000000000004,-0.757644429828409,false,true
3,40,-2.4000000000000004,-1.1500000000000004,-0.7598759829998016,false,true
4,40,-2.35,-1.1500000000000004,-0.7649696016508961,false,true
5,40,-2.3000000000000003,-1.1500000000000004,-0.7700632214546204,false,true
6,40,-2.25,-1.1500000000000004,-0.7741904825939732,false,true
7,40,-2.2,-1.1500000000000004,-0.7783177495002747,false,true
8,40,-2.1500000000000004,-1.1500000000000004,-0.7778460629280536,false,true
9,40,-2.1,-1.1500000000000004,-0.7773743867874146,false,true
10,40,-2.0500000000000003,-1.1500000000000004,-0.77568211870904,false,true
11,40,-2.0,-1.1500000000000004,-0.7746916238245858,false,true
12,40,-1.9500000000000002,-1.1500000000000004,-0.774680495262146,false,true
13,40,-1.9000000000000004,-1.1500000000000004,-0.7780349793470445,false,true
14,40,-1.85,-1.1500000000000004,-0.7799999713897705,false,true
15,40,-1.8000000000000003,-1.1500000000000004,-0.7799999713897705,false,true
16,40,-1.7500000000000002,-1.1500000000000004,-0.7801251601254288,false,true
17,40,-1.7000000000000002,-1.1500000000000004,-0.7860902983176326,false,true
18,40,-1.6500000000000004,-1.1500000000000004,-0.7919099888393117,false,true
19,40,-1.6,-1.1500000000000004,-0.7920249700546265,false,true
20,40,-1.5500000000000003,-1.1500000000000004,-0.7920972614678841,false,true
21,40,-1.5000000000000002,-1.1500000000000004,-0.7927549559857456,false,true
22,40,-1.4500000000000002,-1.1500000000000004,-0.7931685834354929,false,true
23,40,-1.4000000000000001,-1.1500000000000004,-0.7942704558372498,true,false
24,40,-1.35,-1.1500000000000004,-0.7927467226982117,true,false
25,40,-1.3000000000000003,-1.1500000000000004,-0.7947054505348206,true,false
26,40,-1.2500000000000002,-1.1500000000000004,-0.7945591509342194,true,false
27,40,-1.2000000000000002,-1.1500000000000004,-0.794907808303833,true,false
28,40,-1.1500000000000001,-1.1500000000000004,-0.7961026430130005,true,false
29,40,-1.1,-1.1500000000000004,-0.7976029515266418,true,false
30,40,-1.0500000000000003,-1.1500000000000004,-0.7977986335754395,true,false
31,40,-1.0000000000000002,-1.1500000000000004,-0.7992003262042999,true,false
32,40,-0.9500000000000002,-1.1500000000000004,-0.7992835640907288,true,false
33,40,-0.9000000000000001,-1.1500000000000004,-0.8017559349536896,true,false
34,40,-0.8500000000000001,-1.1500000000000004,-0.8049423098564148,true,false
35,40,-0.8000000000000003,-1.1500000000000004,-0.8073446154594421,true,false
36,40,-0.7500000000000002,-1.1500000000000004,-0.8076013326644897,true,false
37,40,-0.7000000000000002,-1.1500000000000004,-0.8067128360271454,true,false
38,40,-0.6500000000000001,-1.1500000000000004,-0.8048632740974426,true,false
39,40,-0.6000000000000001,-1.1500000000000004,-0.8023187518119812,true,false
40,40,-0.5500000000000003,-1.1500000000000004,-0.7972584366798401,true,false
41,40,-0.5,-1.1500000000000004,-0.7920940220355988,true,false
42,40,-0.4500000000000002,-1.1500000000000004,-0.7799999713897705,true,false
43,40,-0.40000000000000036,-1.1500000000000004,-0.7642834782600403,true,false
44,40,-0.3500000000000001,-1.1500000000000004,-0.75,true,false
45,40,-0.30000000000000027,-1.1500000000000004,-0.7517859214482523,false,true
46,40,-0.25,-1.1500000000000004,-0.7512800991535187,false,true
47,40,-0.20000000000000018,-1.1500000000000004,-0.7341585749399285,false,true
48,40,-0.1499999999999999,-1.1500000000000004,-0.7208804488182067,false,true
49,40,-0.10000000000000009,-1.1500000000000004,-0.7208804488182068,false,true
50,40,-0.050000000000000266,-1.1500000000000004,-0.7222404837739482,false,true
51,40,0.0,-1.1500000000000004,-0.7324178359921031,false,true
52,40,0.04999999999999982,-1.1500000000000004,-0.75,false,true
53,40,0.10000000000000009,-1.1500000000000004,-0.7502353192394785,false,true
54,40,0.1499999999999999,-1.1500000000000004,-0.7504606246948242,false,true
55,40,0.19999999999999973,-1.1500000000000004,-0.7504749825556535,false,true
56,40,0.25,-1.1500000000000004,-0.750471136558693,false,true
57,40,0.2999999999999998,-1.1500000000000004,-0.7504662275314332,false,true
58,40,0.3500000000000001,-1.1500000000000004,-0.7504658235211372,false,true
59,40,0.3999999999999999,-1.1500000000000004,-0.7499185212603495,false,true
60,40,0.44999999999999973,-1.1500000000000004,-0.7489841580390931,false,true
61,40,0.5,-1.1500000000000004,-0.7494920874106316,false,true
62,40,0.5499999999999998,-1.1500000000000004,-0.75,false,true
0,41,-2.5500000000000003,-1.1,-0.7554128766059877,false,true
1,41,-2.5000000000000004,-1.1,-0.757644429809559,false,true
2,41,-2.45,-1.1,-0.7598759829998016,false,true
3,41,-2.4000000000000004,-1.1,-0.7649696020766753,false,true
4,41,-2.35,-1.1,-0.7700632214546204,false,true
5,41,-2.3000000000000003,-1.1,-0.7741904847242729,false,true
6,41,-2.25,-1.1,-0.7783177495002747,false,true
7,41,-2.2,-1.1,-0.7778460667814598,false,true
8,41,-2.1500000000000004,-1.1,-0.7773743867874146,false,true
9,41,-2.1,-1.1,-0.7756783109511819,false,true
10,41,-2.0500000000000003,-1.1,-0.7746851048636383,false,true
11,41,-2.0,-1.1,-0.774680495262146,false,true
12,41,-1.9500000000000002,-1.1,-0.7780349697273231,false,true
13,41,-1.9000000000000004,-1.1,-0.7799999713897705,false,true
14,41,-1.85,-1.1,-0.7799999713897705,false,true
15,41,-1.8000000000000003,-1.1,-0.7800518262619365,false,true
16,41,-1.7500000000000002,-1.1,-0.7860446435130273,false,true
17,41,-1.7000000000000002,-1.1,-0.7919773432758249,false,true
18,41,-1.6500000000000004,-1.1,-0.7920249700546265,false,true
19,41,-1.6,-1.1,-0.792054914138441,false,true
20,41,-1.5500000000000003,-1.1,-0.7929871235876033,false,true
21,41,-1.5000000000000002,-1.1,-0.7938140453444374,false,true
22,41,-1.4500000000000002,-1.1,-0.7942704558372498,false,true
23,41,-1.4000000000000001,-1.1,-0.7937349934599475,false,true
24,41,-1.35,-1.1,-0.793898344039917,true,false
25,41,-1.3000000000000003,-1.1,-0.794524073600769,true,false
26,41,-1.2500000000000002,-1.1,-0.7968488931655884,true,false
27,41,-1.2000000000000002,-1.1,-0.7977756857872009,true,false
28,41,-1.1500000000000001,-1.1,-0.797193169593811,true,false
29,41,-1.1,-1.1,-0.798928439617157,true,false
30,41,-1.0500000000000003,-1.1,-0.7997339963912964,true,false
31,41,-1.0000000000000002,-1.1,-0.799275815486908,true,false
32,41,-0.9500000000000002,-1.1,-0.8002817928791046,true,false
33,41,-0.9000000000000001,-1.1,-0.8016714155673981,true,false
34,41,-0.8500000000000001,-1.1,-0.8047854006290436,true,false
35,41,-0.8000000000000003,-1.1,-0.8075148463249207,true,false
36,41,-0.7500000000000002,-1.1,-0.8086514472961426,true,false
37,41,-0.7000000000000002,-1.1,-0.8085851073265076,true,false
38,41,-0.6500000000000001,-1.1,-0.8073864579200745,true,false
39,41,-0.6000000000000001,-1.1,-0.8050228357315063,true,false
40,41,-0.5500000000000003,-1.1,-0.8019292950630188,true,false
41,41,-0.5,-1.1,-0.7978829145431519,true,false
42,41,-0.4500000000000002,-1.1,-0.7902014553546906,true,false
43,41,-0.40000000000000036,-1.1,-0.7799999713897705,true,false
44,41,-0.3500000000000001,-1.1,-0.7550269365310669,true,false
45,41,-0.30000000000000027,-1.1,-0.7512800991535187,true,false
46,41,-0.25,-1.1,-0.7420013153545312,false,true
47,41,-0.20000000000000018,-1.1,-0.7208804488182068,false,true
48,41,-0.1499999999999999,-1.1,-0.7208804488182068,false,true
49,41,-0.10000000000000009,-1.1,-0.7241638636536593,false,true
50,41,-0.050000000000000266,-1.1,-0.7334832379061264,false,true
51,41,0.0,-1.1,-0.75,false,true
52,41,0.04999999999999982,-1.1,-0.7502494808688096,false,true
53,41,0.10000000000000009,-1.1,-0.7504606246948242,false,true
54,41,0.1499999999999999,-1.1,-0.7504952876371652,false,true
55,41,0.19999999999999973,-1.1,-0.750483151774428,false,true
56,41,0.25,-1.1,-0.7504662275314332,false,true
57,41,0.2999999999999998,-1.1,-0.7504652521642974,false,true
58,41,0.3500000000000001,-1.1,-0.7499182018490264,false,true
59,41,0.3999999999999999,-1.1,-0.7489841580390931,false,true
60,41,0.44999999999999973,-1.1,-0.7494921111442038,false,true
61,41,0.5,-1.1,-0.75,false,true
62,41,0.5499999999999998,-1.1,-0.7503839078354075,false,true
0,42,-2.5500000000000003,-1.0500000000000003,-0.7576444298046354,false,true
1,42,-2.5000000000000004,-1.0500000000000003,-0.7598759829998016,false,true
2,42,-2.45,-1.0500000000000003,-0.7649696021878906,false,true
3,42,-2.4000000000000004,-1.0500000000000003,-0.7700632214546204,false,true
4,42,-2.35,-1.0500000000000003,-0.7741904852807153,false,true
5,42,-2.3000000000000003,-1.0500000000000003,-0.7783177495002747,false,true
6,42,-2.25,-1.0500000000000003,-0.7778460677879844,false,true
7,42,-2.2,-1.0500000000000003,-0.7773743867874146,false,true
8,42,-2.1500000000000004,-1.0500000000000003,-0.7756767314561266,false,true
9,42,-2.1,-1.0500000000000003,-0.7746824046216012,false,true
10,42,-2.0500000000000003,-1.0500000000000003,-0.774680495262146,false,true
11,42,-2.0,-1.0500000000000003,-0.7780349677350135,false,true
12,42,-1.9500000000000002,-1.0500000000000003,-0.7799999713897705,false,true
13,42,-1.9000000000000004,-1.0500000000000003,-0.7799999713897705,false,true
14,42,-1.85,-1.0500000000000003,-0.7800214503810967,false,true
15,42,-1.8000000000000003,-1.0500000000000003,-0.7860257860698164,false,true
16,42,-1.7500000000000002,-1.0500000000000003,-0.7920052423969147,false,true
17,42,-1.7000000000000002,-1.0500000000000003,-0.7920249700546265,false,true
18,42,-1.6500000000000004,-1.0500000000000003,-0.7920373733002553,false,true
19,42,-1.6,-1.0500000000000003,-0.7930815542555543,false,true
20,42,-1.5500000000000003,-1.0500000000000003,-0.7940814044211175,false,true
21,42,-1.5000000000000002,-1.0500000000000003,-0.7942704558372498,false,true
22,42,-1.4500000000000002,-1.0500000000000003,-0.7939931336124263,false,true
23,42,-1.4000000000000001,-1.0500000000000003,-0.793898344039917,false,true
24,42,-1.35,-1.0500000000000003,-0.7946075212154952,false,true
25,42,-1.3000000000000003,-1.0500000000000003,-0.7953757047653198,true,false
26,42,-1.2500000000000002,-1.0500000000000003,-0.7971396744251251,true,false
27,42,-1.2000000000000002,-1.0500000000000003,-0.7985238432884216,true,false
28,42,-1.1500000000000001,-1.0500000000000003,-0.7983834743499756,true,false
29,42,-1.1,-1.0500000000000003,-0.8011720180511475,true,false
30,42,-1.0500000000000003,-1.0500000000000003,-0.8012757301330566,true,false
31,42,-1.0000000000000002,-1.0500000000000003,-0.8013424873352051,true,false
32,42,-0.9500000000000002,-1.0500000000000003,-0.8023030161857605,true,false
33,42,-0.9000000000000001,-1.0500000000000003,-0.8022944927215576,true,false
34,42,-0.8500000000000001,-1.0500000000000003,-0.804004430770874,true,false
35,42,-0.8000000000000003,-1.0500000000000003,-0.8068411946296692,true,false
36,42,-0.7500000000000002,-1.0500000000000003,-0.8083160817623138,true,false
37,42,-0.7000000000000002,-1.0500000000000003,-0.8097658753395081,true,false
38,42,-0.6500000000000001,-1.0500000000000003,-0.8093202412128448,true,false
39,42,-0.6000000000000001,-1.0500000000000003,-0.8075982332229614,true,false
40,42,-0.5500000000000003,-1.0500000000000003,-0.8046097159385681,true,false
41,42,-0.5,-1.0500000000000003,-0.801643967628479,true,false
42,42,-0.4500000000000002,-1.0500000000000003,-0.7969413697719574,true,false
43,42,-0.40000000000000036,-1.0500000000000003,-0.7906737327575684,true,false
44,42,-0.3500000000000001,-1.0500000000000003,-0.7799999713897705,true,false
45,42,-0.30000000000000027,-1.0500000000000003,-0.75,true,false
46,42,-0.25,-1.0500000000000003,-0.7444336600629156,false,true
47,42,-0.20000000000000018,-1.0500000000000003,-0.7208804488182068,true,false
48,42,-0.1499999999999999,-1.0500000000000003,-0.7288073134448532,false,true
49,42,-0.10000000000000009,-1.0500000000000003,-0.7359073834950697,false,true
50,42,-0.050000000000000266,-1.0500000000000003,-0.75,false,true
51,42,0.0,-1.0500000000000003,-0.7503036976346718,false,true
52,42,0.04999999999999982,-1.0500000000000003,-0.7504606246948242,false,true
53,42,0.10000000000000009,-1.0500000000000003,-0.7505443084403355,false,true
54,42,0.1499999999999999,-1.0500000000000003,-0.750512450646334,false,true
55,42,0.19999999999999973,-1.0500000000000003,-0.7504662275314332,false,true
56,42,0.25,-1.0500000000000003,-0.7504638727868655,false,true
57,42,0.2999999999999998,-1.0500000000000003,-0.749917467615321,false,true
58,42,0.3500000000000001,-1.0500000000000003,-0.7489841580390931,false,true
59,42,0.3999999999999999,-1.0500000000000003,-0.7494922020064558,false,true
60,42,0.44999999999999973,-1.0500000000000003,-0.75,false,true
61,42,0.5,-1.0500000000000003,-0.750383933912291,false,true
62,42,0.5499999999999998,-1.0500000000000003,-0.7507677972316742,false,true
0,43,-2.5500000000000003,-1.0000000000000004,-0.7598759829998016,false,true
1,43,-2.5000000000000004,-1.0000000000000004,-0.7649696022169404,false,true
2,43,-2.45,-1.0000000000000004,-0.7700632214546204,false,true
3,43,-2.4000000000000004,-1.0000000000000004,-0.7741904854260604,false,true
4,43,-2.35,-1.0000000000000004,-0.7783177495002747,false,true
5,43,-2.3000000000000003,-1.0000000000000004,-0.7778460680508925,false,true
6,43,-2.25,-1.0000000000000004,-0.7773743867874146,false,true
7,43,-2.2,-1.0000000000000004,-0.7756760767376981,false,true
8,43,-2.1500000000000004,-1.0000000000000004,-0.7746812861447278,false,true
9,43,-2.1,-1.0000000000000004,-0.774680495262146,false,true
10,43,-2.0500000000000003,-1.0000000000000004,-0.7780349673223927,false,true
11,43,-2.0,-1.0000000000000004,-0.7799999713897705,false,true
12,43,-1.9500000000000002,-1.0000000000000004,-0.7799999713897705,false,true
13,43,-1.9000000000000004,-1.0000000000000004,-0.7800088682792841,false,true
14,43,-1.85,-1.0000000000000004,-0.7860179842223995,false,true
15,43,-1.8000000000000003,-1.0000000000000004,-0.7920167985912483,false,true
16,43,-1.7500000000000002,-1.0000000000000004,-0.7920249700546265,false,true
17,43,-1.7000000000000002,-1.0000000000000004,-0.7920301076471834,false,true
18,43,-1.6500000000000004,-1.0000000000000004,-0.7931203708166858,false,true
19,43,-1.6,-1.0000000000000004,-0.7941921481767019,false,true
20,43,-1.5500000000000003,-1.0000000000000004,-0.7942704558372498,false,true
21,43,-1.5000000000000002,-1.0000000000000004,-0.7940605608205373,false,true
22,43,-1.4500000000000002,-1.0000000000000004,-0.793898344039917,false,true
23,43,-1.4000000000000001,-1.0000000000000004,-0.794629318055818,false,true
24,43,-1.35,-1.0000000000000004,-0.7953757047653198,false,true
25,43,-1.3000000000000003,-1.0000000000000004,-0.797717134113158,false,true
26,43,-1.2500000000000002,-1.0000000000000004,-0.7988302707672119,true,false
27,43,-1.2000000000000002,-1.0000000000000004,-0.7999022305011749,true,false
28,43,-1.1500000000000001,-1.0000000000000004,-0.8010221123695374,true,false
29,43,-1.1,-1.0000000000000004,-0.802480161190033,true,false
30,43,-1.0500000000000003,-1.0000000000000004,-0.803841233253479,true,false
31,43,-1.0000000000000002,-1.0000000000000004,-0.8038727045059204,true,false
32,43,-0.9500000000000002,-1.0000000000000004,-0.8034758567810059,true,false
33,43,-0.9000000000000001,-1.0000000000000004,-0.8026776313781738,true,false
34,43,-0.8500000000000001,-1.0000000000000004,-0.8032117486000061,true,false
35,43,-0.8000000000000003,-1.0000000000000004,-0.805863618850708,true,false
36,43,-0.7500000000000002,-1.0000000000000004,-0.8085618615150452,true,false
37,43,-0.7000000000000002,-1.0000000000000004,-0.8100000023841858,true,false
38,43,-0.6500000000000001,-1.0000000000000004,-0.8100000023841858,true,false
39,43,-0.6000000000000001,-1.0000000000000004,-0.8100000023841858,true,false
40,43,-0.5500000000000003,-1.0000000000000004,-0.8082228899002075,true,false
41,43,-0.5,-1.0000000000000004,-0.804576575756073,true,false
42,43,-0.4500000000000002,-1.0000000000000004,-0.8007330298423767,true,false
43,43,-0.40000000000000036,-1.0000000000000004,-0.7917172312736511,true,false
44,43,-0.3500000000000001,-1.0000000000000004,-0.7799999713897705,true,false
45,43,-0.30000000000000027,-1.0000000000000004,-0.7595685720443726,true,false
46,43,-0.25,-1.0000000000000004,-0.75,true,false
47,43,-0.20000000000000018,-1.0000000000000004,-0.7400175929069519,true,false
48,43,-0.1499999999999999,-1.0000000000000004,-0.7410453641401528,false,true
49,43,-0.10000000000000009,-1.0000000000000004,-0.75,false,true
50,43,-0.050000000000000266,-1.0000000000000004,-0.7505112625717139,false,true
51,43,0.0,-1.0000000000000004,-0.7504606246948242,false,true
52,43,0.04999999999999982,-1.0000000000000004,-0.7506626551281876,false,true
53,43,0.10000000000000009,-1.0000000000000004,-0.7505845922294877,false,true
54,43,0.1499999999999999,-1.0000000000000004,-0.7504662275314332,false,true
55,43,0.19999999999999973,-1.0000000000000004,-0.750460542675162,false,true
56,43,0.25,-1.0000000000000004,-0.7499158731556533,false,true
57,43,0.2999999999999998,-1.0000000000000004,-0.7489841580390931,false,true
58,43,0.3500000000000001,-1.0000000000000004,-0.7494925498659656,false,true
59,43,0.3999999999999999,-1.0000000000000004,-0.75,false,true
60,43,0.44999999999999973,-1.0000000000000004,-0.7503840337457388,false,true
61,43,0.5,-1.0000000000000004,-0.7507677972316742,false,true
62,43,0.5499999999999998,-1.0000000000000004,-0.7507734706474958,false,true
0,44,-2.5500000000000003,-0.9500000000000002,-0.7649696022245284,false,true
1,44,-2.5000000000000004,-0.9500000000000002,-0.7700632214546204,false,true
2,44,-2.45,-0.9500000000000002,-0.7741904854640249,false,true
3,44,-2.4000000000000004,-0.9500000000000002,-0.7783177495002747,false,true
4,44,-2.35,-0.9500000000000002,-0.7778460681195651,false,true
5,44,-2.3000000000000003,-0.9500000000000002,-0.7773743867874146,false,true
6,44,-2.25,-0.9500000000000002,-0.7756758054470733,false,true
7,44,-2.2,-0.9500000000000002,-0.7746808228564376,false,true
8,44,-2.1500000000000004,-0.9500000000000002,-0.774680495262146,false,true
9,44,-2.1,-0.9500000000000002,-0.7780349672369362,false,true
10,44,-2.0500000000000003,-0.9500000000000002,-0.7799999713897705,false,true
11,44,-2.0,-0.9500000000000002,-0.7799999713897705,false,true
12,44,-1.9500000000000002,-0.9500000000000002,-0.7800036566020699,false,true
13,44,-1.9000000000000004,-0.9500000000000002,-0.7860147541632208,false,true
14,44,-1.85,-0.9500000000000002,-0.7920215853236707,false,true
15,44,-1.8000000000000003,-0.9500000000000002,-0.7920249700546265,false,true
16,44,-1.7500000000000002,-0.9500000000000002,-0.7920270981151415,false,true
17,44,-1.7000000000000002,-0.9500000000000002,-0.7931363980508078,false,true
18,44,-1.6500000000000004,-0.9500000000000002,-0.7942380197422132,false,true
19,44,-1.6,-0.9500000000000002,-0.7942704558372498,false,true
20,44,-1.5500000000000003,-0.9500000000000002,-0.7940781730685741,false,true
21,44,-1.5000000000000002,-0.9500000000000002,-0.793898344039917,false,true
22,44,-1.4500000000000002,-0.9500000000000002,-0.7946350114749724,false,true
23,44,-1.4000000000000001,-0.9500000000000002,-0.7953757047653198,false,true
24,44,-1.35,-0.9500000000000002,-0.7980428560763476,false,true
25,44,-1.3000000000000003,-0.9500000000000002,-0.7995340294502262,false,true
26,44,-1.2500000000000002,-0.9500000000000002,-0.8000316619873047,true,false
27,44,-1.2000000000000002,-0.9500000000000002,-0.8015331029891968,true,false
28,44,-1.1500000000000001,-0.9500000000000002,-0.8019440174102783,true,false
29,44,-1.1,-0.9500000000000002,-0.8034927845001221,true,false
30,44,-1.0500000000000003,-0.9500000000000002,-0.8040539622306824,true,false
31,44,-1.0000000000000002,-0.9500000000000002,-0.8053490817546844,true,false
32,44,-0.9500000000000002,-0.9500000000000002,-0.8048733472824097,true,false
33,44,-0.9000000000000001,-0.9500000000000002,-0.8033717274665833,true,false
34,44,-0.8500000000000001,-0.9500000000000002,-0.8032152056694031,true,false
35,44,-0.8000000000000003,-0.9500000000000002,-0.8044725060462952,true,false
36,44,-0.7500000000000002,-0.9500000000000002,-0.8077540397644043,true,false
37,44,-0.7000000000000002,-0.9500000000000002,-0.8100000023841858,true,false
38,44,-0.6500000000000001,-0.9500000000000002,-0.8119673728942871,true,false
39,44,-0.6000000000000001,-0.9500000000000002,-0.8106737732887268,true,false
40,44,-0.5500000000000003,-0.9500000000000002,-0.8100000023841858,true,false
41,44,-0.5,-0.9500000000000002,-0.8069111704826355,true,false
42,44,-0.4500000000000002,-0.9500000000000002,-0.8009769916534424,true,false
43,44,-0.40000000000000036,-0.9500000000000002,-0.7968735098838806,true,false
44,44,-0.3500000000000001,-0.9500000000000002,-0.7943447232246399,true,false
45,44,-0.30000000000000027,-0.9500000000000002,-0.7826994955539703,true,false
46,44,-0.25,-0.9500000000000002,-0.7682478725910187,true,false
47,44,-0.20000000000000018,-0.9500000000000002,-0.75,true,false
48,44,-0.1499999999999999,-0.9500000000000002,-0.75,true,false
49,44,-0.10000000000000009,-0.9500000000000002,-0.7513059098068324,false,true
50,44,-0.050000000000000266,-0.9500000000000002,-0.7504606246948242,false,true
51,44,0.0,-0.9500000000000002,-0.7509483693070622,false,true
52,44,0.04999999999999982,-0.9500000000000002,-0.7507655551153865,false,true
53,44,0.10000000000000009,-0.9500000000000002,-0.7504662275314332,false,true
54,44,0.1499999999999999,-0.9500000000000002,-0.7504525030743235,false,true
55,44,0.19999999999999973,-0.9500000000000002,-0.7499128839124809,false,true
56,44,0.25,-0.9500000000000002,-0.7489841580390931,false,true
57,44,0.2999999999999998,-0.9500000000000002,-0.7494938816207487,false,true
58,44,0.3500000000000001,-0.9500000000000002,-0.75,false,true
59,44,0.3999999999999999,-0.9500000000000002,-0.750384415950818,false,true
60,44,0.44999999999999973,-0.9500000000000002,-0.7507677972316742,false,true
61,44,0.5,-0.9500000000000002,-0.7507814940690958,false,true
62,44,0.5499999999999998,-0.9500000000000002,-0.7866761809160068,false,true
0,45,-2.5500000000000003,-0.9000000000000004,-0.7700632214546204,false,true
1,45,-2.5000000000000004,-0.9000000000000004,-0.7741904854739415,false,true
2,45,-2.45,-0.9000000000000004,-0.7783177495002747,false,true
3,45,-2.4000000000000004,-0.9000000000000004,-0.7778460681375027,false,true
4,45,-2.35,-0.9000000000000004,-0.7773743867874146,false,true
5,45,-2.3000000000000003,-0.9000000000000004,-0.7756756930546507,false,true
6,45,-2.25,-0.9000000000000004,-0.7746806309561446,false,true
7,45,-2.2,-0.9000000000000004,-0.774680495262146,false,true
8,45,-2.1500000000000004,-0.9000000000000004,-0.7780349672192376,false,true
9,45,-2.1,-0.9000000000000004,-0.7799999713897705,false,true
10,45,-2.0500000000000003,-0.9000000000000004,-0.7799999713897705,false,true
11,45,-2.0,-0.9000000000000004,-0.7800014978546852,false,true
12,45,-1.9500000000000002,-0.9000000000000004,-0.7860134164985855,false,true
13,45,-1.9000000000000004,-0.9000000000000004,-0.7920235680531595,false,true
14,45,-1.85,-0.9000000000000004,-0.7920249700546265,false,true
15,45,-1.8000000000000003,-0.9000000000000004,-0.7920258515261533,false,true
16,45,-1.7500000000000002,-0.9000000000000004,-0.7931430279791254,false,true
17,45,-1.7000000000000002,-0.9000000000000004,-0.7942570203667751,false,true
18,45,-1.6500000000000004,-0.9000000000000004,-0.7942704558372498,false,true
19,45,-1.6,-0.9000000000000004,-0.7940827734560081,false,true
20,45,-1.5500000000000003,-0.9000000000000004,-0.793898344039917,false,true
21,45,-1.5000000000000002,-0.9000000000000004,-0.7946364986181172,false,true
22,45,-1.4500000000000002,-0.9000000000000004,-0.7953757047653198,false,true
23,45,-1.4000000000000001,-0.9000000000000004,-0.7981956955489119,false,true
24,45,-1.35,-0.9000000000000004,-0.7998255358413686,false,true
25,45,-1.3000000000000003,-0.9000000000000004,-0.8000316619873047,false,true
26,45,-1.2500000000000002,-0.9000000000000004,-0.8006535792133914,false,true
27,45,-1.2000000000000002,-0.9000000000000004,-0.8015316264938687,false,true
28,45,-1.1500000000000001,-0.9000000000000004,-0.8010199069976807,true,false
29,45,-1.1,-0.9000000000000004,-0.8034563362598419,true,false
30,45,-1.0500000000000003,-0.9000000000000004,-0.8050808906555176,true,false
31,45,-1.0000000000000002,-0.9000000000000004,-0.8056288361549377,true,false
32,45,-0.9500000000000002,-0.9000000000000004,-0.8059856295585632,true,false
33,45,-0.9000000000000001,-0.9000000000000004,-0.8050709068775177,true,false
34,45,-0.8500000000000001,-0.9000000000000004,-0.8035022020339966,true,false
35,45,-0.8000000000000003,-0.9000000000000004,-0.8041683435440063,true,false
36,45,-0.7500000000000002,-0.9000000000000004,-0.80734783411026,true,false
37,45,-0.7000000000000002,-0.9000000000000004,-0.8101933598518372,true,false
38,45,-0.6500000000000001,-0.9000000000000004,-0.812126636505127,true,false
39,45,-0.6000000000000001,-0.9000000000000004,-0.8100000023841858,true,false
40,45,-0.5500000000000003,-0.9000000000000004,-0.8100000023841858,true,false
41,45,-0.5,-0.9000000000000004,-0.8100000023841858,true,false
42,45,-0.4500000000000002,-0.9000000000000004,-0.8069084286689758,true,false
43,45,-0.40000000000000036,-0.9000000000000004,-0.8040941059589386,true,false
44,45,-0.3500000000000001,-0.9000000000000004,-0.7997488379478455,true,false
45,45,-0.30000000000000027,-0.9000000000000004,-0.7942983210086823,true,false
46,45,-0.25,-0.9000000000000004,-0.7843939960002899,true,false
47,45,-0.20000000000000018,-0.9000000000000004,-0.7665020227432251,true,false
48,45,-0.1499999999999999,-0.9000000000000004,-0.7543481588363647,true,false
49,45,-0.10000000000000009,-0.9000000000000004,-0.7504606246948242,true,false
50,45,-0.050000000000000266,-0.9000000000000004,-0.7516381443526639,false,true
51,45,0.0,-0.9000000000000004,-0.7512352603555059,false,true
52,45,0.04999999999999982,-0.9000000000000004,-0.7504662275314332,false,true
53,45,0.10000000000000009,-0.9000000000000004,-0.7504330937609428,false,true
54,45,0.1499999999999999,-0.9000000000000004,-0.7499098202822067,false,true
55,45,0.19999999999999973,-0.9000000000000004,-0.7489841580390931,false,true
56,45,0.25,-0.9000000000000004,-0.7494989801468841,false,true
57,45,0.2999999999999998,-0.9000000000000004,-0.75,false,true
58,45,0.3500000000000001,-0.9000000000000004,-0.7503858791951102,false,true
59,45,0.3999999999999999,-0.9000000000000004,-0.7507677972316742,false,true
60,45,0.44999999999999973,-0.9000000000000004,-0.750800864322339,false,true
61,45,0.5,-0.9000000000000004,-0.7960541587621827,false,true
62,45,0.5499999999999998,-0.9000000000000004,-0.8413306976387096,false,true
0,46,-2.5500000000000003,-0.8500000000000001,-0.7741904854765318,false,true
1,46,-2.5000000000000004,-0.8500000000000001,-0.7783177495002747,false,true
2,46,-2.45,-0.8500000000000001,-0.777846068142188,false,true
3,46,-2.4000000000000004,-0.8500000000000001,-0.7773743867874146,false,true
4,46,-2.35,-0.8500000000000001,-0.7756756464960083,false,true
5,46,-2.3000000000000003,-0.8500000000000001,-0.7746805514684405,false,true
6,46,-2.25,-0.8500000000000001,-0.774680495262146,false,true
7,46,-2.2,-0.8500000000000001,-0.7780349672155721,false,true
8,46,-2.1500000000000004,-0.8500000000000001,-0.7799999713897705,false,true
9,46,-2.1,-0.8500000000000001,-0.7799999713897705,false,true
10,46,-2.0500000000000003,-0.8500000000000001,-0.7800006036722407,false,true
11,46,-2.0,-0.8500000000000001,-0.7860128624660221,false,true
12,46,-1.9500000000000002,-0.8500000000000001,-0.7920243893266044,false,true
13,46,-1.9000000000000004,-0.8500000000000001,-0.7920249700546265,false,true
14,46,-1.85,-0.8500000000000001,-0.7920253351720877,false,true
15,46,-1.8000000000000003,-0.8500000000000001,-0.7931457726807569,false,true
16,46,-1.7500000000000002,-0.8500000000000001,-0.7942648906831622,false,true
17,46,-1.7000000000000002,-0.8500000000000001,-0.7942704558372498,false,true
18,46,-1.6500000000000004,-0.8500000000000001,-0.7940839750950321,false,true
19,46,-1.6,-0.8500000000000001,-0.793898344039917,false,true
20,46,-1.5500000000000003,-0.8500000000000001,-0.7946368870656694,false,true
21,46,-1.5000000000000002,-0.8500000000000001,-0.7953757047653198,false,true
22,46,-1.4500000000000002,-0.8500000000000001,-0.7982627152956361,false,true
23,46,-1.4000000000000001,-0.8500000000000001,-0.7999462817420984,false,true
24,46,-1.35,-0.8500000000000001,-0.8000316619873047,false,true
25,46,-1.3000000000000003,-0.8500000000000001,-0.8002892685370232,false,true
26,46,-1.2500000000000002,-0.8500000000000001,-0.8015773436759582,false,true
27,46,-1.2000000000000002,-0.8500000000000001,-0.8023794503395746,false,true
28,46,-1.1500000000000001,-0.8500000000000001,-0.8033407926559448,true,false
29,46,-1.1,-0.8500000000000001,-0.8031342625617981,true,false
30,46,-1.0500000000000003,-0.8500000000000001,-0.8056341111660004,true,false
31,46,-1.0000000000000002,-0.8500000000000001,-0.8070235848426819,true,false
32,46,-0.9500000000000002,-0.8500000000000001,-0.8068706095218658,true,false
33,46,-0.9000000000000001,-0.8500000000000001,-0.8060078620910645,true,false
34,46,-0.8500000000000001,-0.8500000000000001,-0.8043830394744873,true,false
35,46,-0.8000000000000003,-0.8500000000000001,-0.8040331602096558,true,false
36,46,-0.7500000000000002,-0.8500000000000001,-0.8065818548202515,true,false
37,46,-0.7000000000000002,-0.8500000000000001,-0.8100000023841858,true,false
38,46,-0.6500000000000001,-0.8500000000000001,-0.8100000023841858,true,false
39,46,-0.6000000000000001,-0.8500000000000001,-0.8102242946624756,true,false
40,46,-0.5500000000000003,-0.8500000000000001,-0.8120862245559692,true,false
41,46,-0.5,-0.8500000000000001,-0.8117773532867432,true,false
42,46,-0.4500000000000002,-0.8500000000000001,-0.8100000023841858,true,false
43,46,-0.40000000000000036,-0.8500000000000001,-0.8091634809970856,true,false
44,46,-0.3500000000000001,-0.8500000000000001,-0.8055639564990997,true,false
45,46,-0.30000000000000027,-0.8500000000000001,-0.799921452999115,true,false
46,46,-0.25,-0.8500000000000001,-0.7944841384887695,true,false
47,46,-0.20000000000000018,-0.8500000000000001,-0.7799999713897705,true,false
48,46,-0.1499999999999999,-0.8500000000000001,-0.7567557692527771,true,false
49,46,-0.10000000000000009,-0.8500000000000001,-0.7533034086227417,true,false
50,46,-0.050000000000000266,-0.8500000000000001,-0.7525277086530575,false,true
51,46,0.0,-0.8500000000000001,-0.7504662275314332,false,true
52,46,0.04999999999999982,-0.8500000000000001,-0.7503862355333426,false,true
53,46,0.10000000000000009,-0.8500000000000001,-0.7499224766809092,false,true
54,46,0.1499999999999999,-0.8500000000000001,-0.7489841580390931,false,true
55,46,0.19999999999999973,-0.8500000000000001,-0.7495184994826365,false,true
56,46,0.25,-0.8500000000000001,-0.75,false,true
57,46,0.2999999999999998,-0.8500000000000001,-0.7503914811192491,false,true
58,46,0.3500000000000001,-0.8500000000000001,-0.7507677972316742,false,true
59,46,0.3999999999999999,-0.8500000000000001,-0.7508476282504253,false,true
60,46,0.44999999999999973,-0.8500000000000001,-0.7960436712908775,false,true
61,46,0.5,-0.8500000000000001,-0.8413129316199768,false,true
62,46,0.5499999999999998,-0.8500000000000001,-0.8413432601110302,false,true
0,47,-2.5500000000000003,-0.8000000000000003,-0.7783177495002747,false,true
1,47,-2.5000000000000004,-0.8000000000000003,-0.777846068143412,false,true
2,47,-2.45,-0.8000000000000003,-0.7773743867874146,false,true
3,47,-2.4000000000000004,-0.8000000000000003,-0.7756756272099222,false,true
4,47,-2.35,-0.8000000000000003,-0.7746805185435555,false,true
5,47,-2.3000000000000003,-0.8000000000000003,-0.774680495262146,false,true
6,47,-2.25,-0.8000000000000003,-0.7780349672148128,false,true
7,47,-2.2,-0.8000000000000003,-0.7799999713897705,false,true
8,47,-2.1500000000000004,-0.8000000000000003,-0.7799999713897705,false,true
9,47,-2.1,-0.8000000000000003,-0.7800002332897449,false,true
10,47,-2.0500000000000003,-0.8000000000000003,-0.7860126329861591,false,true
11,47,-2.0,-0.8000000000000003,-0.7920247295092037,false,true
12,47,-1.9500000000000002,-0.8000000000000003,-0.7920249700546265,false,true
13,47,-1.9000000000000004,-0.8000000000000003,-0.7920251212912309,false,true
14,47,-1.85,-0.8000000000000003,-0.7931469093152497,false,true
15,47,-1.8000000000000003,-0.8000000000000003,-0.79426815067495,false,true
16,47,-1.7500000000000002,-0.8000000000000003,-0.7942704558372498,false,true
17,47,-1.7000000000000002,-0.8000000000000003,-0.7940842889678016,false,true
18,47,-1.6500000000000004,-0.8000000000000003,-0.793898344039917,false,true
19,47,-1.6,-0.8000000000000003,-0.7946369885296752,false,true
20,47,-1.5500000000000003,-0.8000000000000003,-0.7953757047653198,false,true
21,47,-1.5000000000000002,-0.8000000000000003,-0.7982912444738162,false,true
22,47,-1.4500000000000002,-0.8000000000000003,-0.7999962963317815,false,true
23,47,-1.4000000000000001,-0.8000000000000003,-0.8000316619873047,false,true
24,47,-1.35,-0.8000000000000003,-0.8001383661139542,false,true
25,47,-1.3000000000000003,-0.8000000000000003,-0.8016334319012551,false,true
26,47,-1.2500000000000002,-0.8000000000000003,-0.802942591630421,false,true
27,47,-1.2000000000000002,-0.8000000000000003,-0.8033407926559448,false,true
28,47,-1.1500000000000001,-0.8000000000000003,-0.8045000732311084,false,true
29,47,-1.1,-0.8000000000000003,-0.8066251277923584,true,false
30,47,-1.0500000000000003,-0.8000000000000003,-0.8061953783035278,true,false
31,47,-1.0000000000000002,-0.8000000000000003,-0.8076324462890625,true,false
32,47,-0.9500000000000002,-0.8000000000000003,-0.8078261613845825,true,false
33,47,-0.9000000000000001,-0.8000000000000003,-0.8086951971054077,true,false
34,47,-0.8500000000000001,-0.8000000000000003,-0.8068913221359253,true,false
35,47,-0.8000000000000003,-0.8000000000000003,-0.8056643903255463,true,false
36,47,-0.7500000000000002,-0.8000000000000003,-0.8051620125770569,true,false
37,47,-0.7000000000000002,-0.8000000000000003,-0.8070507049560547,true,false
38,47,-0.6500000000000001,-0.8000000000000003,-0.8100000023841858,true,false
39,47,-0.6000000000000001,-0.8000000000000003,-0.8129801154136658,true,false
40,47,-0.5500000000000003,-0.8000000000000003,-0.8145766258239746,true,false
41,47,-0.5,-0.8000000000000003,-0.8138101696968079,true,false
42,47,-0.4500000000000002,-0.8000000000000003,-0.8130437731742859,true,false
43,47,-0.40000000000000036,-0.8000000000000003,-0.8117806315422058,true,false
44,47,-0.3500000000000001,-0.8000000000000003,-0.8100000023841858,true,false
45,47,-0.30000000000000027,-0.8000000000000003,-0.806273877620697,true,false
46,47,-0.25,-0.8000000000000003,-0.799213171005249,true,false
47,47,-0.20000000000000018,-0.8000000000000003,-0.7909103333950043,true,false
48,47,-0.1499999999999999,-0.8000000000000003,-0.7792539298534393,true,false
49,47,-0.10000000000000009,-0.8000000000000003,-0.7564131617546082,true,false
50,47,-0.050000000000000266,-0.8000000000000003,-0.7504662275314331,true,false
51,47,0.0,-0.8000000000000003,-0.7502731097647617,false,true
52,47,0.04999999999999982,-0.8000000000000003,-0.7500498547206866,false,true
53,47,0.10000000000000009,-0.8000000000000003,-0.7489841580390931,false,true
54,47,0.1499999999999999,-0.8000000000000003,-0.7495932278370886,false,true
55,47,0.19999999999999973,-0.8000000000000003,-0.75,false,true
56,47,0.25,-0.8000000000000003,-0.750412927677573,false,true
57,47,0.2999999999999998,-0.8000000000000003,-0.7507677972316742,false,true
58,47,0.3500000000000001,-0.8000000000000003,-0.7509605263598412,false,true
59,47,0.3999999999999999,-0.8000000000000003,-0.7960199595928042,false,true
60,47,0.44999999999999973,-0.8000000000000003,-0.8412528065503995,false,true
61,47,0.5,-0.8000000000000003,-0.8413247418543837,false,true
62,47,0.5499999999999998,-0.8000000000000003,-0.8413563544958806,false,true
0,48,-2.5500000000000003,-0.75,-0.7778460681437316,false,true
1,48,-2.5000000000000004,-0.75,-0.7773743867874146,false,true
2,48,-2.45,-0.75,-0.7756756192211846,false,true
3,48,-2.4000000000000004,-0.75,-0.7746805049056216,false,true
4,48,-2.35,-0.75,-0.774680495262146,false,true
5,48,-2.3000000000000003,-0.75,-0.7780349672146557,false,true
6,48,-2.25,-0.75,-0.7799999713897705,false,true
7,48,-2.2,-0.75,-0.7799999713897705,false,true
8,48,-2.1500000000000004,-0.75,-0.7800000798722919,false,true
9,48,-2.1,-0.75,-0.7860125379338495,false,true
10,48,-2.0500000000000003,-0.75,-0.79202487041745,false,true
11,48,-2.0,-0.75,-0.7920249700546265,false,true
12,48,-1.9500000000000002,-0.75,-0.7920250326988791,false,true
13,48,-1.9000000000000004,-0.75,-0.7931473800803809,false,true
14,48,-1.85,-0.75,-0.7942695010077617,false,true
15,48,-1.8000000000000003,-0.75,-0.7942704558372498,false,true
16,48,-1.7500000000000002,-0.75,-0.7940843709525852,false,true
17,48,-1.7000000000000002,-0.75,-0.793898344039917,false,true
18,48,-1.6500000000000004,-0.75,-0.7946370150324666,false,true
19,48,-1.6,-0.75,-0.7953757047653198,false,true
20,48,-1.5500000000000003,-0.75,-0.7983032208472822,false,true
21,48,-1.5000000000000002,-0.75,-0.8000170130531448,false,true
22,48,-1.4500000000000002,-0.75,-0.8000316619873047,false,true
23,48,-1.4000000000000001,-0.75,-0.800075860283724,false,true
24,48,-1.35,-0.75,-0.8016630386028489,false,true
25,48,-1.3000000000000003,-0.75,-0.8031758523906221,false,true
26,48,-1.2500000000000002,-0.75,-0.8033407926559448,false,true
27,48,-1.2000000000000002,-0.75,-0.8048568282703991,false,true
28,48,-1.1500000000000001,-0.75,-0.8066251277923584,false,true
29,48,-1.1,-0.75,-0.806447119725662,false,true
30,48,-1.0500000000000003,-0.75,-0.8076963574550656,false,true
31,48,-1.0000000000000002,-0.75,-0.8100000023841858,true,false
32,48,-0.9500000000000002,-0.75,-0.8100000023841858,true,false
33,48,-0.9000000000000001,-0.75,-0.8100000023841858,true,false
34,48,-0.8500000000000001,-0.75,-0.8072226047515869,true,false
35,48,-0.8000000000000003,-0.75,-0.8062626123428345,true,false
36,48,-0.7500000000000002,-0.75,-0.8068814277648926,true,false
37,48,-0.7000000000000002,-0.75,-0.8081846535205841,true,false
38,48,-0.6500000000000001,-0.75,-0.8100000023841858,true,false
39,48,-0.6000000000000001,-0.75,-0.8144233226776123,true,false
40,48,-0.5500000000000003,-0.75,-0.8165278434753418,true,false
41,48,-0.5,-0.75,-0.8164368569850922,true,false
42,48,-0.4500000000000002,-0.75,-0.8157809972763062,true,false
43,48,-0.40000000000000036,-0.75,-0.8144015371799469,true,false
44,48,-0.3500000000000001,-0.75,-0.8118321895599365,true,false
45,48,-0.30000000000000027,-0.75,-0.8089390993118286,true,false
46,48,-0.25,-0.75,-0.8038491606712341,true,false
47,48,-0.20000000000000018,-0.75,-0.7960501909255981,true,false
48,48,-0.1499999999999999,-0.75,-0.7799999713897705,true,false
49,48,-0.10000000000000009,-0.75,-0.7608132362365723,true,false
50,48,-0.050000000000000266,-0.75,-0.75,true,false
51,48,0.0,-0.75,-0.7508248742992268,false,true
52,48,0.04999999999999982,-0.75,-0.7489841580390931,false,true
53,48,0.10000000000000009,-0.75,-0.7498793198962609,false,true
54,48,0.1499999999999999,-0.75,-0.75,false,true
55,48,0.19999999999999973,-0.75,-0.7504950342631925,false,true
56,48,0.25,-0.75,-0.7507677972316742,false,true
57,48,0.2999999999999998,-0.75,-0.7512330865067594,false,true
58,48,0.3500000000000001,-0.75,-0.7959676981415543,false,true
59,48,0.3999999999999999,-0.75,-0.8411107520054041,false,true
60,48,0.44999999999999973,-0.75,-0.8412800348280363,false,true
61,48,0.5,-0.75,-0.8413563544958806,false,true
62,48,0.5499999999999998,-0.75,-0.8386047785421816,false,true
0,49,-2.5500000000000003,-0.7000000000000002,-0.7773743867874146,false,true
1,49,-2.5000000000000004,-0.7000000000000002,-0.775675615912104,false,true
2,49,-2.45,-0.7000000000000002,-0.7746804992566044,false,true
3,49,-2.4000000000000004,-0.7000000000000002,-0.774680495262146,false,true
4,49,-2.35,-0.7000000000000002,-0.7780349672146231,false,true
5,49,-2.3000000000000003,-0.7000000000000002,-0.7799999713897705,false,true
6,49,-2.25,-0.7000000000000002,-0.7799999713897705,false,true
7,49,-2.2,-0.7000000000000002,-0.7800000163247022,false,true
8,49,-2.1500000000000004,-0.7000000000000002,-0.7860124985621275,false,true
9,49,-2.1,-0.7000000000000002,-0.7920249287835567,false,true
10,49,-2.0500000000000003,-0.7000000000000002,-0.7920249700546265,false,true
11,49,-2.0,-0.7000000000000002,-0.7920249960027256,false,true
12,49,-1.9500000000000002,-0.7000000000000002,-0.7931475750700838,false,true
13,49,-1.9000000000000004,-0.7000000000000002,-0.7942700603339261,false,true
14,49,-1.85,-0.7000000000000002,-0.7942704558372498,false,true
15,49,-1.8000000000000003,-0.7000000000000002,-0.7940843923673282,false,true
16,49,-1.7500000000000002,-0.7000000000000002,-0.793898344039917,false,true
17,49,-1.7000000000000002,-0.7000000000000002,-0.7946370219550986,false,true
18,49,-1.6500000000000004,-0.7000000000000002,-0.7953757047653198,false,true
19,49,-1.6,-0.7000000000000002,-0.7983082145951943,false,true
20,49,-1.5500000000000003,-0.7000000000000002,-0.8000255942001013,false,true
21,49,-1.5000000000000002,-0.7000000000000002,-0.8000316619873047,false,true
22,49,-1.4500000000000002,-0.7000000000000002,-0.8000499695211153,false,true
23,49,-1.4000000000000001,-0.7000000000000002,-0.8016763957396621,false,true
24,49,-1.35,-0.7000000000000002,-0.8032724721610667,false,true
25,49,-1.3000000000000003,-0.7000000000000002,-0.8033407926559448,false,true
26,49,-1.2500000000000002,-0.7000000000000002,-0.8049500140690746,false,true
27,49,-1.2000000000000002,-0.7000000000000002,-0.8066251277923584,false,true
28,49,-1.1500000000000001,-0.7000000000000002,-0.806551394436921,false,true
29,49,-1.1,-0.7000000000000002,-0.8077833272463758,false,true
30,49,-1.0500000000000003,-0.7000000000000002,-0.8100000023841858,false,true
31,49,-1.0000000000000002,-0.7000000000000002,-0.8103106159948313,false,true
32,49,-0.9500000000000002,-0.7000000000000002,-0.810151606798172,true,false
33,49,-0.9000000000000001,-0.7000000000000002,-0.8100000023841858,true,false
34,49,-0.8500000000000001,-0.7000000000000002,-0.8072319030761719,true,false
35,49,-0.8000000000000003,-0.7000000000000002,-0.8072640299797058,true,false
36,49,-0.7500000000000002,-0.7000000000000002,-0.8086211681365967,true,false
37,49,-0.7000000000000002,-0.7000000000000002,-0.8100000023841858,true,false
38,49,-0.6500000000000001,-0.7000000000000002,-0.810667872428894,true,false
39,49,-0.6000000000000001,-0.7000000000000002,-0.8136820495128632,true,false
40,49,-0.5500000000000003,-0.7000000000000002,-0.8174123764038086,true,false
41,49,-0.5,-0.7000000000000002,-0.8184201717376709,true,false
42,49,-0.4500000000000002,-0.7000000000000002,-0.8184159398078918,true,false
43,49,-0.40000000000000036,-0.7000000000000002,-0.8167937695980072,true,false
44,49,-0.3500000000000001,-0.7000000000000002,-0.8146196603775024,true,false
45,49,-0.30000000000000027,-0.7000000000000002,-0.8107178211212158,true,false
46,49,-0.25,-0.7000000000000002,-0.8052879571914673,true,false
47,49,-0.20000000000000018,-0.7000000000000002,-0.8003628551959991,true,false
48,49,-0.1499999999999999,-0.7000000000000002,-0.7927162647247314,true,false
49,49,-0.10000000000000009,-0.7000000000000002,-0.7799999713897705,true,false
50,49,-0.050000000000000266,-0.7000000000000002,-0.7549532353878021,true,false
51,49,0.0,-0.7000000000000002,-0.748984158039093,true,false
52,49,0.04999999999999982,-0.7000000000000002,-0.75097460249577,false,true
53,49,0.10000000000000009,-0.7000000000000002,-0.75,false,true
54,49,0.1499999999999999,-0.7000000000000002,-0.7508093733426994,false,true
55,49,0.19999999999999973,-0.7000000000000002,-0.7507677972316742,false,true
56,49,0.25,-0.7000000000000002,-0.7518911049100115,false,true
57,49,0.2999999999999998,-0.7000000000000002,-0.7958556055340842,false,true
58,49,0.3500000000000001,-0.7000000000000002,-0.8407783867869729,false,true
59,49,0.3999999999999999,-0.7000000000000002,-0.8411721025186951,false,true
60,49,0.44999999999999973,-0.7000000000000002,-0.8413563544958806,false,true
61,49,0.5,-0.7000000000000002,-0.8381273418255069,false,true
62,49,0.5499999999999998,-0.7000000000000002,-0.8361908013284306,false,true
0,50,-2.5500000000000003,-0.6500000000000004,-0.7756756145414303,false,true
1,50,-2.5000000000000004,-0.6500000000000004,-0.7746804969167048,false,true
2,50,-2.45,-0.6500000000000004,-0.774680495262146,false,true
3,50,-2.4000000000000004,-0.6500000000000004,-0.7780349672146163,false,true
4,50,-2.35,-0.6500000000000004,-0.7799999713897705,false,true
5,50,-2.3000000000000003,-0.6500000000000004,-0.7799999713897705,false,true
6,50,-2.25,-0.6500000000000004,-0.7799999900024286,false,true
7,50,-2.2,-0.6500000000000004,-0.7860124822538664,false,true
8,50,-2.1500000000000004,-0.6500000000000004,-0.7920249529595895,false,true
9,50,-2.1,-0.6500000000000004,-0.7920249700546265,false,true
10,50,-2.0500000000000003,-0.6500000000000004,-0.7920249808026809,false,true
11,50,-2.0,-0.6500000000000004,-0.7931476558361594,false,true
12,50,-1.9500000000000002,-0.6500000000000004,-0.7942702920144091,false,true
13,50,-1.9000000000000004,-0.6500000000000004,-0.7942704558372498,false,true
14,50,-1.85,-0.6500000000000004,-0.7940843979609422,false,true
15,50,-1.8000000000000003,-0.6500000000000004,-0.793898344039917,false,true
16,50,-1.7500000000000002,-0.6500000000000004,-0.7946370237633168,false,true
17,50,-1.7000000000000002,-0.6500000000000004,-0.7953757047653198,false,true
18,50,-1.6500000000000004,-0.6500000000000004,-0.7983102899019473,false,true
19,50,-1.6,-0.6500000000000004,-0.8000291486275515,false,true
20,50,-1.5500000000000003,-0.6500000000000004,-0.8000316619873047,false,true
21,50,-1.5000000000000002,-0.6500000000000004,-0.8000392452161026,false,true
22,50,-1.4500000000000002,-0.6500000000000004,-0.8016821160857541,false,true
23,50,-1.4000000000000001,-0.6500000000000004,-0.8033124933803781,false,true
24,50,-1.35,-0.6500000000000004,-0.8033407926559448,false,true
25,50,-1.3000000000000003,-0.6500000000000004,-0.8049743545607804,false,true
26,50,-1.2500000000000002,-0.6500000000000004,-0.8066251277923584,false,true
27,50,-1.2000000000000002,-0.6500000000000004,-0.806594586436537,false,true
28,50,-1.1500000000000001,-0.6500000000000004,-0.8078318806357361,false,true
29,50,-1.1,-0.6500000000000004,-0.8100000023841858,false,true
30,50,-1.0500000000000003,-0.6500000000000004,-0.8105694703159102,false,true
31,50,-1.0000000000000002,-0.6500000000000004,-0.8108157537414623,false,true
32,50,-0.9500000000000002,-0.6500000000000004,-0.8112853765487671,true,false
33,50,-0.9000000000000001,-0.6500000000000004,-0.8104987740516663,true,false
34,50,-0.8500000000000001,-0.6500000000000004,-0.8099789619445801,true,false
35,50,-0.8000000000000003,-0.6500000000000004,-0.8086531758308411,true,false
36,50,-0.7500000000000002,-0.6500000000000004,-0.8100000023841858,true,false
37,50,-0.7000000000000002,-0.6500000000000004,-0.8113134503364563,true,false
38,50,-0.6500000000000001,-0.6500000000000004,-0.8124744296073914,true,false
39,50,-0.6000000000000001,-0.6500000000000004,-0.8139427602291107,true,false
40,50,-0.5500000000000003,-0.6500000000000004,-0.8170419335365295,true,false
41,50,-0.5,-0.6500000000000004,-0.8197320699691772,true,false
42,50,-0.4500000000000002,-0.6500000000000004,-0.8199914991855621,true,false
43,50,-0.40000000000000036,-0.6500000000000004,-0.8182694911956787,true,false
44,50,-0.3500000000000001,-0.6500000000000004,-0.8147018253803253,true,false
45,50,-0.30000000000000027,-0.6500000000000004,-0.8111269474029541,true,false
46,50,-0.25,-0.6500000000000004,-0.8100000023841858,true,false
47,50,-0.20000000000000018,-0.6500000000000004,-0.8039311766624451,true,false
48,50,-0.1499999999999999,-0.6500000000000004,-0.7988237738609314,true,false
49,50,-0.10000000000000009,-0.6500000000000004,-0.789900928735733,true,false
50,50,-0.050000000000000266,-0.6500000000000004,-0.7799999713897705,true,false
51,50,0.0,-0.6500000000000004,-0.7551678121089935,true,false
52,50,0.04999999999999982,-0.6500000000000004,-0.75,true,false
53,50,0.10000000000000009,-0.6500000000000004,-0.7520127976010508,false,true
54,50,0.1499999999999999,-0.6500000000000004,-0.7507677972316742,false,true
55,50,0.19999999999999973,-0.6500000000000004,-0.7534797018634337,false,true
56,50,0.25,-0.6500000000000004,-0.7956159329810172,false,true
57,50,0.2999999999999998,-0.6500000000000004,-0.840012124904915,false,true
58,50,0.3500000000000001,-0.6500000000000004,-0.8409115308736654,false,true
59,50,0.3999999999999999,-0.6500000000000004,-0.8413563544958806,false,true
60,50,0.44999999999999973,-0.6500000000000004,-0.8381979097084172,false,true
61,50,0.5,-0.6500000000000004,-0.8362447407598053,false,true
62,50,0.5499999999999998,-0.6500000000000004,-0.8361526603907324,false,true
0,51,-2.5500000000000003,-0.6000000000000001,-0.7746804959474868,false,true
1,51,-2.5000000000000004,-0.6000000000000001,-0.774680495262146,false,true
2,51,-2.45,-0.6000000000000001,-0.7780349672146148,false,true
3,51,-2.4000000000000004,-0.6000000000000001,-0.7799999713897705,false,true
4,51,-2.35,-0.6000000000000001,-0.7799999713897705,false,true
5,51,-2.3000000000000003,-0.6000000000000001,-0.7799999790993858,false,true
6,51,-2.25,-0.6000000000000001,-0.7860124754987704,false,true
7,51,-2.2,-0.6000000000000001,-0.7920249629736303,false,true
8,51,-2.1500000000000004,-0.6000000000000001,-0.7920249700546265,false,true
9,51,-2.1,-0.6000000000000001,-0.7920249745066165,false,true
10,51,-2.0500000000000003,-0.6000000000000001,-0.7931476892903397,false,true
11,51,-2.0,-0.6000000000000001,-0.7942703879796074,false,true
12,51,-1.9500000000000002,-0.6000000000000001,-0.7942704558372498,false,true
13,51,-1.9000000000000004,-0.6000000000000001,-0.7940843994220158,false,true
14,51,-1.85,-0.6000000000000001,-0.793898344039917,false,true
15,51,-1.8000000000000003,-0.6000000000000001,-0.7946370242356304,false,true
16,51,-1.7500000000000002,-0.6000000000000001,-0.7953757047653198,false,true
17,51,-1.7000000000000002,-0.6000000000000001,-0.7983111509364084,false,true
18,51,-1.6500000000000004,-0.6000000000000001,-0.8000306209196077,false,true
19,51,-1.6,-0.6000000000000001,-0.8000316619873047,false,true
20,51,-1.5500000000000003,-0.6000000000000001,-0.8000348030635194,false,true
21,51,-1.5000000000000002,-0.6000000000000001,-0.8016845177244271,false,true
22,51,-1.4500000000000002,-0.6000000000000001,-0.8033290707121998,false,true
23,51,-1.4000000000000001,-0.6000000000000001,-0.8033407926559448,false,true
24,51,-1.35,-0.6000000000000001,-0.8049807123915325,false,true
25,51,-1.3000000000000003,-0.6000000000000001,-0.8066251277923584,false,true
26,51,-1.2500000000000002,-0.6000000000000001,-0.806612477148564,false,true
27,51,-1.2000000000000002,-0.6000000000000001,-0.8078545870157167,false,true
28,51,-1.1500000000000001,-0.6000000000000001,-0.8100000023841858,false,true
29,51,-1.1,-0.6000000000000001,-0.8107036553364791,false,true
30,51,-1.0500000000000003,-0.6000000000000001,-0.8110908524127817,false,true
31,51,-1.0000000000000002,-0.6000000000000001,-0.8112853765487671,false,true
32,51,-0.9500000000000002,-0.6000000000000001,-0.8109595551262714,false,true
33,51,-0.9000000000000001,-0.6000000000000001,-0.811658268988874,false,true
34,51,-0.8500000000000001,-0.6000000000000001,-0.8119789063930511,true,false
35,51,-0.8000000000000003,-0.6000000000000001,-0.8104381561279297,true,false
36,51,-0.7500000000000002,-0.6000000000000001,-0.8118068277835846,true,false
37,51,-0.7000000000000002,-0.6000000000000001,-0.8125486969947815,true,false
38,51,-0.6500000000000001,-0.6000000000000001,-0.8140681982040405,true,false
39,51,-0.6000000000000001,-0.6000000000000001,-0.8146423101425171,true,false
40,51,-0.5500000000000003,-0.6000000000000001,-0.8160197734832764,true,false
41,51,-0.5,-0.6000000000000001,-0.8192681074142456,true,false
42,51,-0.4500000000000002,-0.6000000000000001,-0.8194969892501831,true,false
43,51,-0.40000000000000036,-0.6000000000000001,-0.8185089230537415,true,false
44,51,-0.3500000000000001,-0.6000000000000001,-0.8176485896110535,true,false
45,51,-0.30000000000000027,-0.6000000000000001,-0.814979612827301,true,false
46,51,-0.25,-0.6000000000000001,-0.8100000023841858,true,false
47,51,-0.20000000000000018,-0.6000000000000001,-0.8121370760306704,true,false
48,51,-0.1499999999999999,-0.6000000000000001,-0.8015303611755371,true,false
49,51,-0.10000000000000009,-0.6000000000000001,-0.795494019985199,true,false
50,51,-0.050000000000000266,-0.6000000000000001,-0.7882796227931976,true,false
51,51,0.0,-0.6000000000000001,-0.7785453796386719,true,false
52,51,0.04999999999999982,-0.6000000000000001,-0.7566200196743011,true,false
53,51,0.10000000000000009,-0.6000000000000001,-0.7507677972316742,true,false
54,51,0.1499999999999999,-0.6000000000000001,-0.7573149141735306,false,true
55,51,0.19999999999999973,-0.6000000000000001,-0.7950431676715777,false,true
56,51,0.25,-0.6000000000000001,-0.8382855904392931,false,true
57,51,0.2999999999999998,-0.6000000000000001,-0.8402824552742649,false,true
58,51,0.3500000000000001,-0.6000000000000001,-0.8413563544958806,false,true
59,51,0.3999999999999999,-0.6000000000000001,-0.8383544808502521,false,true
60,51,0.44999999999999973,-0.6000000000000001,-0.8363749620665764,false,true
61,51,0.5,-0.6000000000000001,-0.8361526603907324,false,true
62,51,0.5499999999999998,-0.6000000000000001,-0.8312792337386987,false,true
0,52,-2.5500000000000003,-0.5500000000000003,-0.774680495262146,false,true
1,52,-2.5000000000000004,-0.5500000000000003,-0.7780349672146146,false,true
2,52,-2.45,-0.5500000000000003,-0.7799999713897705,false,true
3,52,-2.4000000000000004,-0.5500000000000003,-0.7799999713897705,false,true
4,52,-2.35,-0.5500000000000003,-0.7799999745831977,false,true
5,52,-2.3000000000000003,-0.5500000000000003,-0.7860124727007191,false,true
6,52,-2.25,-0.5500000000000003,-0.7920249671215819,false,true
7,52,-2.2,-0.5500000000000003,-0.7920249700546265,false,true
8,52,-2.1500000000000004,-0.5500000000000003,-0.7920249718987011,false,true
9,52,-2.1,-0.5500000000000003,-0.7931477031474764,false,true
10,52,-2.0500000000000003,-0.5500000000000003,-0.7942704277296939,false,true
11,52,-2.0,-0.5500000000000003,-0.7942704558372498,false,true
12,52,-1.9500000000000002,-0.5500000000000003,-0.7940843998036539,false,true
13,52,-1.9000000000000004,-0.5500000000000003,-0.793898344039917,false,true
14,52,-1.85,-0.5500000000000003,-0.7946370243590005,false,true
15,52,-1.8000000000000003,-0.5500000000000003,-0.7953757047653198,false,true
16,52,-1.7500000000000002,-0.5500000000000003,-0.7983115078814621,false,true
17,52,-1.7000000000000002,-0.5500000000000003,-0.8000312307629452,false,true
18,52,-1.6500000000000004,-0.5500000000000003,-0.8000316619873047,false,true
19,52,-1.6,-0.5500000000000003,-0.8000329630636733,false,true
20,52,-1.5500000000000003,-0.5500000000000003,-0.80168551803931,false,true
21,52,-1.5000000000000002,-0.5500000000000003,-0.8033359372678683,false,true
22,52,-1.4500000000000002,-0.5500000000000003,-0.8033407926559448,false,true
23,52,-1.4000000000000001,-0.5500000000000003,-0.8049823730815612,false,true
24,52,-1.35,-0.5500000000000003,-0.8066251277923584,false,true
25,52,-1.3000000000000003,-0.5500000000000003,-0.8066198877241261,false,true
26,52,-1.2500000000000002,-0.5500000000000003,-0.8078645297292193,false,true
27,52,-1.2000000000000002,-0.5500000000000003,-0.8100000023841858,false,true
28,52,-1.1500000000000001,-0.5500000000000003,-0.81076482102949,false,true
29,52,-1.1,-0.5500000000000003,-0.8112048020134329,false,true
30,52,-1.0500000000000003,-0.5500000000000003,-0.8112853765487671,false,true
31,52,-1.0000000000000002,-0.5500000000000003,-0.8111504168966578,false,true
32,52,-0.9500000000000002,-0.5500000000000003,-0.8124729322788149,false,true
33,52,-0.9000000000000001,-0.5500000000000003,-0.8136881643097155,false,true
34,52,-0.8500000000000001,-0.5500000000000003,-0.8148967921733856,true,false
35,52,-0.8000000000000003,-0.5500000000000003,-0.81300488114357,true,false
36,52,-0.7500000000000002,-0.5500000000000003,-0.8137450516223907,true,false
37,52,-0.7000000000000002,-0.5500000000000003,-0.8139072060585022,true,false
38,52,-0.6500000000000001,-0.5500000000000003,-0.815264880657196,true,false
39,52,-0.6000000000000001,-0.5500000000000003,-0.8161563277244568,true,false
40,52,-0.5500000000000003,-0.5500000000000003,-0.816280335187912,true,false
41,52,-0.5,-0.5500000000000003,-0.8182084560394287,true,false
42,52,-0.4500000000000002,-0.5500000000000003,-0.8207839727401733,true,false
43,52,-0.40000000000000036,-0.5500000000000003,-0.8205740451812744,true,false
44,52,-0.3500000000000001,-0.5500000000000003,-0.8188393115997314,true,false
45,52,-0.30000000000000027,-0.5500000000000003,-0.8158303201198578,true,false
46,52,-0.25,-0.5500000000000003,-0.815573948165772,true,false
47,52,-0.20000000000000018,-0.5500000000000003,-0.8128327516421664,true,false
48,52,-0.1499999999999999,-0.5500000000000003,-0.8091197188109136,true,false
49,52,-0.10000000000000009,-0.5500000000000003,-0.8088854725569463,true,false
50,52,-0.050000000000000266,-0.5500000000000003,-0.7964523434638977,true,false
51,52,0.0,-0.5500000000000003,-0.7882832288742065,true,false
52,52,0.04999999999999982,-0.5500000000000003,-0.8177211458891607,true,false
53,52,0.10000000000000009,-0.5500000000000003,-0.7665739357471466,true,false
54,52,0.1499999999999999,-0.5500000000000003,-0.7930987605441948,false,true
55,52,0.19999999999999973,-0.5500000000000003,-0.8345386314940932,false,true
56,52,0.25,-0.5500000000000003,-0.8387637324304342,false,true
57,52,0.2999999999999998,-0.5500000000000003,-0.8413563544958806,false,true
58,52,0.3500000000000001,-0.5500000000000003,-0.8386658698467525,false,true
59,52,0.3999999999999999,-0.5500000000000003,-0.836689344111493,false,true
60,52,0.44999999999999973,-0.5500000000000003,-0.8361526603907324,false,true
61,52,0.5,-0.5500000000000003,-0.8303568849036465,false,true
62,52,0.5499999999999998,-0.5500000000000003,-0.8270580062025499,false,true
0,53,-2.5500000000000003,-0.5,-0.7780349672146146,false,true
1,53,-2.5000000000000004,-0.5,-0.7799999713897705,false,true
2,53,-2.45,-0.5,-0.7799999713897705,false,true
3,53,-2.4000000000000004,-0.5,-0.7799999727125314,false,true
4,53,-2.35,-0.5,-0.7860124715417286,false,true
5,53,-2.3000000000000003,-0.5,-0.7920249688397196,false,true
6,53,-2.25,-0.5,-0.7920249700546265,false,true
7,53,-2.2,-0.5,-0.7920249708184672,false,true
8,53,-2.1500000000000004,-0.5,-0.7931477088872838,false,true
9,53,-2.1,-0.5,-0.7942704441947189,false,true
10,53,-2.0500000000000003,-0.5,-0.7942704558372498,false,true
11,53,-2.0,-0.5,-0.7940843999033392,false,true
12,53,-1.9500000000000002,-0.5,-0.793898344039917,false,true
13,53,-1.9000000000000004,-0.5,-0.7946370243912253,false,true
14,53,-1.85,-0.5,-0.7953757047653198,false,true
15,53,-1.8000000000000003,-0.5,-0.7983116557936064,false,true
16,53,-1.7500000000000002,-0.5,-0.8000314833683265,false,true
17,53,-1.7000000000000002,-0.5,-0.8000316619873047,false,true
18,53,-1.6500000000000004,-0.5,-0.8000322009107823,false,true
19,53,-1.6,-0.5,-0.8016859333309965,false,true
20,53,-1.5500000000000003,-0.5,-0.803338781488353,false,true
21,53,-1.5000000000000002,-0.5,-0.8033407926559448,false,true
22,53,-1.4500000000000002,-0.5,-0.8049828068602317,false,true
23,53,-1.4000000000000001,-0.5,-0.8066251277923584,false,true
24,53,-1.35,-0.5,-0.8066229572850289,false,true
25,53,-1.3000000000000003,-0.5,-0.8078687594399387,false,true
26,53,-1.2500000000000002,-0.5,-0.8100000023841858,false,true
27,53,-1.2000000000000002,-0.5,-0.8107913132639879,false,true
28,53,-1.1500000000000001,-0.5,-0.8112520014834497,false,true
29,53,-1.1,-0.5,-0.8112853765487671,false,true
30,53,-1.0500000000000003,-0.5,-0.8112294744304903,false,true
31,53,-1.0000000000000002,-0.5,-0.8128308063082065,false,true
32,53,-0.9500000000000002,-0.5,-0.8143961621203913,false,true
33,53,-0.9000000000000001,-0.5,-0.8148967921733856,false,true
34,53,-0.8500000000000001,-0.5,-0.8142335757124302,false,true
35,53,-0.8000000000000003,-0.5,-0.8144391775131226,true,false
36,53,-0.7500000000000002,-0.5,-0.8145322799682617,true,false
37,53,-0.7000000000000002,-0.5,-0.8151186108589172,true,false
38,53,-0.6500000000000001,-0.5,-0.8159554600715637,true,false
39,53,-0.6000000000000001,-0.5,-0.8167425394058228,true,false
40,53,-0.5500000000000003,-0.5,-0.8188762068748474,true,false
41,53,-0.5,-0.5,-0.8201791644096375,true,false
42,53,-0.4500000000000002,-0.5,-0.8219335377216339,true,false
43,53,-0.40000000000000036,-0.5,-0.8215788006782532,true,false
44,53,-0.3500000000000001,-0.5,-0.8197723031044006,true,false
45,53,-0.30000000000000027,-0.5,-0.8161184191703796,true,false
46,53,-0.25,-0.5,-0.8116684047088015,true,false
47,53,-0.20000000000000018,-0.5,-0.8095922768115997,true,false
48,53,-0.1499999999999999,-0.5,-0.8060377029284823,true,false
49,53,-0.10000000000000009,-0.5,-0.8017042279243469,true,false
50,53,-0.050000000000000266,-0.5,-0.8068651135176397,true,false
51,53,0.0,-0.5,-0.8117512042731023,true,false
52,53,0.04999999999999982,-0.5,-0.8041562823161471,true,false
53,53,0.10000000000000009,-0.5,-0.7830970883369446,true,false
54,53,0.1499999999999999,-0.5,-0.8269309575766302,true,false
55,53,0.19999999999999973,-0.5,-0.8350972111433721,true,false
56,53,0.25,-0.5,-0.8413563544958806,true,false
57,53,0.2999999999999998,-0.5,-0.8390960214822819,false,true
58,53,0.3500000000000001,-0.5,-0.8374483295080971,false,true
59,53,0.3999999999999999,-0.5,-0.8361526603907324,false,true
60,53,0.44999999999999973,-0.5,-0.8302322331667122,false,true
61,53,0.5,-0.5,-0.8269058158072315,false,true
62,53,0.5499999999999998,-0.5,-0.8271656210631109,false,true
0,54,-2.5500000000000003,-0.4500000000000002,-0.7799999713897705,false,true
1,54,-2.5000000000000004,-0.4500000000000002,-0.7799999713897705,false,true
2,54,-2.45,-0.4500000000000002,-0.779999971937676,false,true
3,54,-2.4000000000000004,-0.4500000000000002,-0.786012471061659,false,true
4,54,-2.35,-0.4500000000000002,-0.7920249695513956,false,true
5,54,-2.3000000000000003,-0.4500000000000002,-0.7920249700546265,false,true
6,54,-2.25,-0.4500000000000002,-0.7920249703710196,false,true
7,54,-2.2,-0.4500000000000002,-0.7931477112647888,false,true
8,54,-2.1500000000000004,-0.4500000000000002,-0.7942704510147556,false,true
9,54,-2.1,-0.4500000000000002,-0.7942704558372498,false,true
10,54,-2.0500000000000003,-0.4500000000000002,-0.7940843999293775,false,true
11,54,-2.0,-0.4500000000000002,-0.793898344039917,false,true
12,54,-1.9500000000000002,-0.4500000000000002,-0.7946370243996425,false,true
13,54,-1.9000000000000004,-0.4500000000000002,-0.7953757047653198,false,true
14,54,-1.85,-0.4500000000000002,-0.7983117170733862,false,true
15,54,-1.8000000000000003,-0.4500000000000002,-0.8000315880009015,false,true
16,54,-1.7500000000000002,-0.4500000000000002,-0.8000316619873047,false,true
17,54,-1.7000000000000002,-0.4500000000000002,-0.8000318852167182,false,true
18,54,-1.6500000000000004,-0.4500000000000002,-0.8016861055130441,false,true
19,54,-1.6,-0.4500000000000002,-0.8033399596030522,false,true
20,54,-1.5500000000000003,-0.4500000000000002,-0.8033407926559448,false,true
21,54,-1.5000000000000002,-0.4500000000000002,-0.8049829201649014,false,true
22,54,-1.4500000000000002,-0.4500000000000002,-0.8066251277923584,false,true
23,54,-1.4000000000000001,-0.4500000000000002,-0.8066242287387851,false,true
24,54,-1.35,-0.4500000000000002,-0.8078705344952843,false,true
25,54,-1.3000000000000003,-0.4500000000000002,-0.8100000023841858,false,true
26,54,-1.2500000000000002,-0.4500000000000002,-0.8108025262413195,false,true
27,54,-1.2000000000000002,-0.4500000000000002,-0.8112715521440674,false,true
28,54,-1.1500000000000001,-0.4500000000000002,-0.8112853765487671,false,true
29,54,-1.1,-0.4500000000000002,-0.8112622211332113,false,true
30,54,-1.0500000000000003,-0.4500000000000002,-0.8129825477235796,false,true
31,54,-1.0000000000000002,-0.4500000000000002,-0.8146894244157038,false,true
32,54,-0.9500000000000002,-0.4500000000000002,-0.8148967921733856,false,true
33,54,-0.9000000000000001,-0.4500000000000002,-0.8145545154949632,false,true
34,54,-0.8500000000000001,-0.4500000000000002,-0.8144391775131226,false,true
35,54,-0.8000000000000003,-0.4500000000000002,-0.8144742541728086,false,true
36,54,-0.7500000000000002,-0.4500000000000002,-0.8156283497810364,true,false
37,54,-0.7000000000000002,-0.4500000000000002,-0.8162111043930054,true,false
38,54,-0.6500000000000001,-0.4500000000000002,-0.8159360289573669,true,false
39,54,-0.6000000000000001,-0.4500000000000002,-0.8185287714004517,true,false
40,54,-0.5500000000000003,-0.4500000000000002,-0.8210256099700928,true,false
41,54,-0.5,-0.4500000000000002,-0.8216992914676666,true,false
42,54,-0.4500000000000002,-0.4500000000000002,-0.8225624561309814,true,false
43,54,-0.40000000000000036,-0.4500000000000002,-0.8224962651729584,true,false
44,54,-0.3500000000000001,-0.4500000000000002,-0.8216363787651062,true,false
45,54,-0.30000000000000027,-0.4500000000000002,-0.8191800713539124,true,false
46,54,-0.25,-0.4500000000000002,-0.8100617317065585,true,false
47,54,-0.20000000000000018,-0.4500000000000002,-0.8100000023841858,true,false
48,54,-0.1499999999999999,-0.4500000000000002,-0.8065711644992221,true,false
49,54,-0.10000000000000009,-0.4500000000000002,-0.8058531458586431,true,false
50,54,-0.050000000000000266,-0.4500000000000002,-0.8038686303004611,true,false
51,54,0.0,-0.4500000000000002,-0.7970011234283447,true,false
52,54,0.04999999999999982,-0.4500000000000002,-0.815081822416184,true,false
53,54,0.10000000000000009,-0.4500000000000002,-0.787451982498169,true,false
54,54,0.1499999999999999,-0.4500000000000002,-0.7799999713897705,true,false
55,54,0.19999999999999973,-0.4500000000000002,-0.8287882383078313,true,false
56,54,0.25,-0.4500000000000002,-0.8385816390722967,true,false
57,54,0.2999999999999998,-0.4500000000000002,-0.8392806823462224,true,false
58,54,0.3500000000000001,-0.4500000000000002,-0.8361526603907323,true,false
59,54,0.3999999999999999,-0.4500000000000002,-0.8301499718507107,false,true
60,54,0.44999999999999973,-0.4500000000000002,-0.8265383956907912,false,true
61,54,0.5,-0.4500000000000002,-0.8271656210631109,false,true
62,54,0.5499999999999998,-0.4500000000000002,-0.8256993192643116,false,true
0,55,-2.5500000000000003,-0.40000000000000036,-0.7799999713897705,false,true
1,55,-2.5000000000000004,-0.40000000000000036,-0.7799999716167205,false,true
2,55,-2.45,-0.40000000000000036,-0.7860124708628076,false,true
3,55,-2.4000000000000004,-0.40000000000000036,-0.7920249698461814,false,true
4,55,-2.35,-0.40000000000000036,-0.7920249700546265,false,true
5,55,-2.3000000000000003,-0.40000000000000036,-0.7920249701856807,false,true
6,55,-2.25,-0.40000000000000036,-0.7931477122495834,false,true
7,55,-2.2,-0.40000000000000036,-0.7942704538397073,false,true
8,55,-2.1500000000000004,-0.40000000000000036,-0.7942704558372498,false,true
9,55,-2.1,-0.40000000000000036,-0.7940843999361787,false,true
10,55,-2.0500000000000003,-0.40000000000000036,-0.793898344039917,false,true
11,55,-2.0,-0.40000000000000036,-0.794637024401841,false,true
12,55,-1.9500000000000002,-0.40000000000000036,-0.7953757047653198,false,true
13,55,-1.9000000000000004,-0.40000000000000036,-0.7983117424589042,false,true
14,55,-1.85,-0.40000000000000036,-0.8000316313411331,false,true
15,55,-1.8000000000000003,-0.40000000000000036,-0.8000316619873047,false,true
16,55,-1.7500000000000002,-0.40000000000000036,-0.8000317544519552,false,true
17,55,-1.7000000000000002,-0.40000000000000036,-0.8016861768610809,false,true
18,55,-1.6500000000000004,-0.40000000000000036,-0.8033404475941384,false,true
19,55,-1.6,-0.40000000000000036,-0.8033407926559448,false,true
20,55,-1.5500000000000003,-0.40000000000000036,-0.8049829497605202,false,true
21,55,-1.5000000000000002,-0.40000000000000036,-0.8066251277923584,false,true
22,55,-1.4500000000000002,-0.40000000000000036,-0.806624755392175,false,true
23,55,-1.4000000000000001,-0.40000000000000036,-0.8078712745214667,false,true
24,55,-1.35,-0.40000000000000036,-0.8100000023841858,false,true
25,55,-1.3000000000000003,-0.40000000000000036,-0.8108072204178252,false,true
26,55,-1.2500000000000002,-0.40000000000000036,-0.8112796502928488,false,true
27,55,-1.2000000000000002,-0.40000000000000036,-0.8112853765487671,false,true
28,55,-1.1500000000000001,-0.40000000000000036,-0.8112757852616015,false,true
29,55,-1.1,-0.40000000000000036,-0.8130460024625392,false,true
30,55,-1.0500000000000003,-0.40000000000000036,-0.8148108976357549,false,true
31,55,-1.0000000000000002,-0.40000000000000036,-0.8148967921733856,false,true
32,55,-0.9500000000000002,-0.40000000000000036,-0.8146383462097909,false,true
33,55,-0.9000000000000001,-0.40000000000000036,-0.8144391775131226,false,true
34,55,-0.8500000000000001,-0.40000000000000036,-0.8139827499561266,false,true
35,55,-0.8000000000000003,-0.40000000000000036,-0.8139912798519257,false,true
36,55,-0.7500000000000002,-0.40000000000000036,-0.812833696603775,true,false
37,55,-0.7000000000000002,-0.40000000000000036,-0.8140555024147034,true,false
38,55,-0.6500000000000001,-0.40000000000000036,-0.8165210783481598,true,false
39,55,-0.6000000000000001,-0.40000000000000036,-0.8197406530380249,true,false
40,55,-0.5500000000000003,-0.40000000000000036,-0.8221123516559601,true,false
41,55,-0.5,-0.40000000000000036,-0.8226803541183472,true,false
42,55,-0.4500000000000002,-0.40000000000000036,-0.8236076533794403,true,false
43,55,-0.40000000000000036,-0.40000000000000036,-0.8229948878288269,true,false
44,55,-0.3500000000000001,-0.40000000000000036,-0.82279834151268,true,false
45,55,-0.30000000000000027,-0.40000000000000036,-0.8206616044044495,true,false
46,55,-0.25,-0.40000000000000036,-0.802790390989182,true,false
47,55,-0.20000000000000018,-0.40000000000000036,-0.8088308659896243,true,false
48,55,-0.1499999999999999,-0.40000000000000036,-0.8086695671081543,true,false
49,55,-0.10000000000000009,-0.40000000000000036,-0.8068795974463201,true,false
50,55,-0.050000000000000266,-0.40000000000000036,-0.8090343649595952,true,false
51,55,0.0,-0.40000000000000036,-0.7999746799468994,true,false
52,55,0.04999999999999982,-0.40000000000000036,-0.8153591032236791,true,false
53,55,0.10000000000000009,-0.40000000000000036,-0.8177211458891607,true,false
54,55,0.1499999999999999,-0.40000000000000036,-0.8032205489978183,true,false
55,55,0.19999999999999973,-0.40000000000000036,-0.8297124679297185,true,false
56,55,0.25,-0.40000000000000036,-0.8325185353964544,true,false
57,55,0.2999999999999998,-0.40000000000000036,-0.8348686273306585,true,false
58,55,0.3500000000000001,-0.40000000000000036,-0.831007229825852,true,false
59,55,0.3999999999999999,-0.40000000000000036,-0.8256513650625921,true,false
60,55,0.44999999999999973,-0.40000000000000036,-0.8271656210631109,true,false
61,55,0.5,-0.40000000000000036,-0.8236256553739179,false,true
62,55,0.5499999999999998,-0.40000000000000036,-0.8238522794386859,false,true
0,56,-2.5500000000000003,-0.3500000000000001,-0.7799999714837762,false,true
1,56,-2.5000000000000004,-0.3500000000000001,-0.7860124707804408,false,true
2,56,-2.45,-0.3500000000000001,-0.7920249699682858,false,true
3,56,-2.4000000000000004,-0.3500000000000001,-0.7920249700546265,false,true
4,56,-2.35,-0.3500000000000001,-0.7920249701089109,false,true
5,56,-2.3000000000000003,-0.3500000000000001,-0.7931477126574986,false,true
6,56,-2.25,-0.3500000000000001,-0.7942704550098406,false,true
7,56,-2.2,-0.3500000000000001,-0.7942704558372498,false,true
8,56,-2.1500000000000004,-0.3500000000000001,-0.7940843999379553,false,true
9,56,-2.1,-0.3500000000000001,-0.793898344039917,false,true
10,56,-2.0500000000000003,-0.3500000000000001,-0.7946370244024153,false,true
11,56,-2.0,-0.3500000000000001,-0.7953757047653198,false,true
12,56,-1.9500000000000002,-0.3500000000000001,-0.7983117529744688,false,true
13,56,-1.9000000000000004,-0.3500000000000001,-0.8000316492932448,false,true
14,56,-1.85,-0.3500000000000001,-0.8000316619873047,false,true
15,56,-1.8000000000000003,-0.3500000000000001,-0.8000317002874169,false,true
16,56,-1.7500000000000002,-0.3500000000000001,-0.8016862064191919,false,true
17,56,-1.7000000000000002,-0.3500000000000001,-0.8033406497266646,false,true
18,56,-1.6500000000000004,-0.3500000000000001,-0.8033407926559448,false,true
19,56,-1.6,-0.3500000000000001,-0.8049829574910106,false,true
20,56,-1.5500000000000003,-0.3500000000000001,-0.8066251277923584,false,true
21,56,-1.5000000000000002,-0.3500000000000001,-0.8066249735391519,false,true
22,56,-1.4500000000000002,-0.3500000000000001,-0.8078715820391138,false,true
23,56,-1.4000000000000001,-0.3500000000000001,-0.8100000023841858,false,true
24,56,-1.35,-0.3500000000000001,-0.8108091750838039,false,true
25,56,-1.3000000000000003,-0.3500000000000001,-0.8112830046559041,false,true
26,56,-1.2500000000000002,-0.3500000000000001,-0.8112853765487671,false,true
27,56,-1.2000000000000002,-0.3500000000000001,-0.8112814037075425,false,true
28,56,-1.1500000000000001,-0.3500000000000001,-0.813072389457665,false,true
29,56,-1.1,-0.3500000000000001,-0.8148612134909652,false,true
30,56,-1.0500000000000003,-0.3500000000000001,-0.8148967921733856,false,true
31,56,-1.0000000000000002,-0.3500000000000001,-0.8146602431173449,false,true
32,56,-0.9500000000000002,-0.3500000000000001,-0.8144391775131226,false,true
33,56,-0.9000000000000001,-0.3500000000000001,-0.8136823462136391,false,true
34,56,-0.8500000000000001,-0.3500000000000001,-0.8133131832847349,false,true
35,56,-0.8000000000000003,-0.3500000000000001,-0.812833696603775,false,true
36,56,-0.7500000000000002,-0.3500000000000001,-0.8116698937627169,false,true
37,56,-0.7000000000000002,-0.3500000000000001,-0.8100000023841858,true,false
38,56,-0.6500000000000001,-0.3500000000000001,-0.8175505995750427,true,false
39,56,-0.6000000000000001,-0.3500000000000001,-0.8192290663719177,true,false
40,56,-0.5500000000000003,-0.3500000000000001,-0.8204761743545532,true,false
41,56,-0.5,-0.3500000000000001,-0.8224435448646545,true,false
42,56,-0.4500000000000002,-0.3500000000000001,-0.8240740895271301,true,false
43,56,-0.40000000000000036,-0.3500000000000001,-0.824286699295044,true,false
44,56,-0.3500000000000001,-0.3500000000000001,-0.8235801756381989,true,false
45,56,-0.30000000000000027,-0.3500000000000001,-0.7965085680693365,true,false
46,56,-0.25,-0.3500000000000001,-0.8171103000640869,true,false
47,56,-0.20000000000000018,-0.3500000000000001,-0.8078392533168185,true,false
48,56,-0.1499999999999999,-0.3500000000000001,-0.8100000023841858,true,false
49,56,-0.10000000000000009,-0.3500000000000001,-0.808598616491257,true,false
50,56,-0.050000000000000266,-0.3500000000000001,-0.8095618660658574,true,false
51,56,0.0,-0.3500000000000001,-0.8119036729544378,true,false
52,56,0.04999999999999982,-0.3500000000000001,-0.7980319261550903,true,false
53,56,0.10000000000000009,-0.3500000000000001,-0.8177211458891607,true,false
54,56,0.1499999999999999,-0.3500000000000001,-0.7908792495727539,true,false
55,56,0.19999999999999973,-0.3500000000000001,-0.7799999713897705,true,false
56,56,0.25,-0.3500000000000001,-0.8299562509268499,true,false
57,56,0.2999999999999998,-0.3500000000000001,-0.830709743043778,true,false
58,56,0.3500000000000001,-0.3500000000000001,-0.8281498129576421,true,false
59,56,0.3999999999999999,-0.3500000000000001,-0.8177211458891607,true,false
60,56,0.44999999999999973,-0.3500000000000001,-0.8186193878859258,true,false
61,56,0.5,-0.3500000000000001,-0.820859432640216,false,true
62,56,0.5499999999999998,-0.3500000000000001,-0.8203346925041095,false,true
0,57,-2.5500000000000003,-0.30000000000000027,-0.787257700134945,false,true
1,57,-2.5000000000000004,-0.30000000000000027,-0.792024970018863,false,true
2,57,-2.45,-0.30000000000000027,-0.7920249700546265,false,true
3,57,-2.4000000000000004,-0.30000000000000027,-0.7920249700771118,false,true
4,57,-2.35,-0.30000000000000027,-0.7931477128264627,false,true
5,57,-2.3000000000000003,-0.30000000000000027,-0.7942704554945257,false,true
6,57,-2.25,-0.30000000000000027,-0.7942704558372498,false,true
7,57,-2.2,-0.30000000000000027,-0.7940843999384192,false,true
8,57,-2.1500000000000004,-0.30000000000000027,-0.793898344039917,false,true
9,57,-2.1,-0.30000000000000027,-0.7946370244025652,false,true
10,57,-2.0500000000000003,-0.30000000000000027,-0.7953757047653198,false,true
11,57,-2.0,-0.30000000000000027,-0.7983117573302698,false,true
12,57,-1.9500000000000002,-0.30000000000000027,-0.8000316567292529,false,true
13,57,-1.9000000000000004,-0.30000000000000027,-0.8000316619873047,false,true
14,57,-1.85,-0.30000000000000027,-0.8000316778517306,false,true
15,57,-1.8000000000000003,-0.30000000000000027,-0.8016862186633834,false,true
16,57,-1.7500000000000002,-0.30000000000000027,-0.8033407334526985,false,true
17,57,-1.7000000000000002,-0.30000000000000027,-0.8033407926559448,false,true
18,57,-1.6500000000000004,-0.30000000000000027,-0.8049829595102446,false,true
19,57,-1.6,-0.30000000000000027,-0.8066251277923584,false,true
20,57,-1.5500000000000003,-0.30000000000000027,-0.8066250638985882,false,true
21,57,-1.5000000000000002,-0.30000000000000027,-0.8078717096218742,false,true
22,57,-1.4500000000000002,-0.30000000000000027,-0.8100000023841858,false,true
23,57,-1.4000000000000001,-0.30000000000000027,-0.8108099868608614,false,true
24,57,-1.35,-0.30000000000000027,-0.8112843940785748,false,true
25,57,-1.3000000000000003,-0.30000000000000027,-0.8112853765487671,false,true
26,57,-1.2500000000000002,-0.30000000000000027,-0.8112837309440507,false,true
27,57,-1.2000000000000002,-0.30000000000000027,-0.8130833370120891,false,true
28,57,-1.1500000000000001,-0.30000000000000027,-0.8148820550005957,false,true
29,57,-1.1,-0.30000000000000027,-0.8148967921733856,false,true
30,57,-1.0500000000000003,-0.30000000000000027,-0.8146659626744477,false,true
31,57,-1.0000000000000002,-0.30000000000000027,-0.8144391775131226,false,true
32,57,-0.9500000000000002,-0.30000000000000027,-0.8135378636529778,false,true
33,57,-0.9000000000000001,-0.30000000000000027,-0.8130323064900058,false,true
34,57,-0.8500000000000001,-0.30000000000000027,-0.812833696603775,false,true
35,57,-0.8000000000000003,-0.30000000000000027,-0.8111758180336331,false,true
36,57,-0.7500000000000002,-0.30000000000000027,-0.8100000023841858,false,true
37,57,-0.7000000000000002,-0.30000000000000027,-0.8100000023841858,true,false
38,57,-0.6500000000000001,-0.30000000000000027,-0.8149636387825012,true,false
39,57,-0.6000000000000001,-0.30000000000000027,-0.8168271780014038,true,false
40,57,-0.5500000000000003,-0.30000000000000027,-0.8198812007904053,true,false
41,57,-0.5,-0.30000000000000027,-0.822839230298996,true,false
42,57,-0.4500000000000002,-0.30000000000000027,-0.8240290582180023,true,false
43,57,-0.40000000000000036,-0.30000000000000027,-0.8236563205718994,true,false
44,57,-0.3500000000000001,-0.30000000000000027,-0.8231330513954163,true,false
45,57,-0.30000000000000027,-0.30000000000000027,-0.8085604397162783,true,false
46,57,-0.25,-0.30000000000000027,-0.8196496367454529,true,false
47,57,-0.20000000000000018,-0.30000000000000027,-0.8084632245406497,true,false
48,57,-0.1499999999999999,-0.30000000000000027,-0.8034256870955205,true,false
49,57,-0.10000000000000009,-0.30000000000000027,-0.8097325563430786,true,false
50,57,-0.050000000000000266,-0.30000000000000027,-0.8095542192459106,true,false
51,57,0.0,-0.30000000000000027,-0.8095586685046542,true,false
52,57,0.04999999999999982,-0.30000000000000027,-0.8029478192329407,true,false
53,57,0.10000000000000009,-0.30000000000000027,-0.8162250097006536,true,false
54,57,0.1499999999999999,-0.30000000000000027,-0.7969715595245361,true,false
55,57,0.19999999999999973,-0.30000000000000027,-0.8242491061896062,true,false
56,57,0.25,-0.30000000000000027,-0.8264638359755254,true,false
57,57,0.2999999999999998,-0.30000000000000027,-0.8259139831274724,true,false
58,57,0.3500000000000001,-0.30000000000000027,-0.8238773520201421,true,false
59,57,0.3999999999999999,-0.30000000000000027,-0.8177211458891607,true,false
60,57,0.44999999999999973,-0.30000000000000027,-0.8177211458891607,true,false
61,57,0.5,-0.30000000000000027,-0.8163016350170982,false,true
62,57,0.5499999999999998,-0.30000000000000027,-0.8168591598186282,false,true
0,58,-2.5500000000000003,-0.25,-0.7920249700398128,false,true
1,58,-2.5000000000000004,-0.25,-0.7920249700546265,false,true
2,58,-2.45,-0.25,-0.7920249700639402,false,true
3,58,-2.4000000000000004,-0.25,-0.7931477128964498,false,true
4,58,-2.35,-0.25,-0.7942704556952889,false,true
5,58,-2.3000000000000003,-0.25,-0.7942704558372498,false,true
6,58,-2.25,-0.25,-0.7940843999385404,false,true
7,58,-2.2,-0.25,-0.793898344039917,false,true
8,58,-2.1500000000000004,-0.25,-0.7946370244026045,false,true
9,58,-2.1,-0.25,-0.7953757047653198,false,true
10,58,-2.0500000000000003,-0.25,-0.7983117591345249,false,true
11,58,-2.0,-0.25,-0.8000316598093483,false,true
12,58,-1.9500000000000002,-0.25,-0.8000316619873047,false,true
13,58,-1.9000000000000004,-0.25,-0.800031668558565,false,true
14,58,-1.85,-0.25,-0.8016862237352347,false,true
15,58,-1.8000000000000003,-0.25,-0.8033407681331572,false,true
16,58,-1.7500000000000002,-0.25,-0.8033407926559448,false,true
17,58,-1.7000000000000002,-0.25,-0.8049829600376763,false,true
18,58,-1.6500000000000004,-0.25,-0.8066251277923584,false,true
19,58,-1.6,-0.25,-0.8066251013266923,false,true
20,58,-1.5500000000000003,-0.25,-0.8078717625107951,false,true
21,58,-1.5000000000000002,-0.25,-0.8100000023841858,false,true
22,58,-1.4500000000000002,-0.25,-0.8108103235506305,false,true
23,58,-1.4000000000000001,-0.25,-0.8112849695962888,false,true
24,58,-1.35,-0.25,-0.8112853765487671,false,true
25,58,-1.3000000000000003,-0.25,-0.8112846949169753,false,true
26,58,-1.2500000000000002,-0.25,-0.8130878746749906,false,true
27,58,-1.2000000000000002,-0.25,-0.814890687836545,false,true
28,58,-1.1500000000000001,-0.25,-0.8148967921733856,false,true
29,58,-1.1,-0.25,-0.814667456644926,false,true
30,58,-1.0500000000000003,-0.25,-0.8144391775131226,false,true
31,58,-1.0000000000000002,-0.25,-0.8134738642656671,false,true
32,58,-0.9500000000000002,-0.25,-0.8129159635122731,false,true
33,58,-0.9000000000000001,-0.25,-0.812833696603775,false,true
34,58,-0.8500000000000001,-0.25,-0.8110734915997201,false,true
35,58,-0.8000000000000003,-0.25,-0.8100000023841858,false,true
36,58,-0.7500000000000002,-0.25,-0.8100000023841858,false,true
37,58,-0.7000000000000002,-0.25,-0.8115479506877668,false,true
38,58,-0.6500000000000001,-0.25,-0.8117752075195312,true,false
39,58,-0.6000000000000001,-0.25,-0.8163655996322632,true,false
40,58,-0.5500000000000003,-0.25,-0.8194742202758789,true,false
41,58,-0.5,-0.25,-0.8221874833106995,true,false
42,58,-0.4500000000000002,-0.25,-0.8234677910804749,true,false
43,58,-0.40000000000000036,-0.25,-0.8236387670040131,true,false
44,58,-0.3500000000000001,-0.25,-0.7877211744993902,true,false
45,58,-0.30000000000000027,-0.25,-0.8222361207008362,true,false
46,58,-0.25,-0.25,-0.8089647082194674,true,false
47,58,-0.20000000000000018,-0.25,-0.8005967016428686,true,false
48,58,-0.1499999999999999,-0.25,-0.8162354230880737,true,false
49,58,-0.10000000000000009,-0.25,-0.8115324974060059,true,false
50,58,-0.050000000000000266,-0.25,-0.8116868734359741,true,false
51,58,0.0,-0.25,-0.8115212408408511,true,false
52,58,0.04999999999999982,-0.25,-0.8103416053161013,true,false
53,58,0.10000000000000009,-0.25,-0.8177211458891607,true,false
54,58,0.1499999999999999,-0.25,-0.8097090212211001,true,false
55,58,0.19999999999999973,-0.25,-0.7963532209396362,true,false
56,58,0.25,-0.25,-0.7904321551322937,true,false
57,58,0.2999999999999998,-0.25,-0.8244285161703802,true,false
58,58,0.3500000000000001,-0.25,-0.820646243831513,true,false
59,58,0.3999999999999999,-0.25,-0.8177211458891607,true,false
60,58,0.44999999999999973,-0.25,-0.8119763906210637,true,false
61,58,0.5,-0.25,-0.8136473461327238,false,true
62,58,0.5499999999999998,-0.25,-0.8140634182261169,false,true
0,59,-2.5500000000000003,-0.20000000000000018,-0.7920249700546265,false,true
1,59,-2.5000000000000004,-0.20000000000000018,-0.7920249700584843,false,true
2,59,-2.45,-0.20000000000000018,-0.7931477129254395,false,true
3,59,-2.4000000000000004,-0.20000000000000018,-0.7942704557784477,false,true
4,59,-2.35,-0.20000000000000018,-0.7942704558372498,false,true
5,59,-2.3000000000000003,-0.20000000000000018,-0.7940843999385722,false,true
6,59,-2.25,-0.20000000000000018,-0.793898344039917,false,true
7,59,-2.2,-0.20000000000000018,-0.7946370244026149,false,true
8,59,-2.1500000000000004,-0.20000000000000018,-0.7953757047653198,false,true
9,59,-2.1,-0.20000000000000018,-0.7983117598818766,false,true
10,59,-2.0500000000000003,-0.20000000000000018,-0.8000316610851657,false,true
11,59,-2.0,-0.20000000000000018,-0.8000316619873047,false,true
12,59,-1.9500000000000002,-0.20000000000000018,-0.8000316647092098,false,true
13,59,-1.9000000000000004,-0.20000000000000018,-0.8016862258360884,false,true
14,59,-1.85,-0.20000000000000018,-0.8033407824982737,false,true
15,59,-1.8000000000000003,-0.20000000000000018,-0.8033407926559448,false,true
16,59,-1.7500000000000002,-0.20000000000000018,-0.8049829601754435,false,true
17,59,-1.7000000000000002,-0.20000000000000018,-0.8066251277923584,false,true
18,59,-1.6500000000000004,-0.20000000000000018,-0.8066251168299206,false,true
19,59,-1.6,-0.20000000000000018,-0.8078717844268872,false,true
20,59,-1.5500000000000003,-0.20000000000000018,-0.8100000023841858,false,true
21,59,-1.5000000000000002,-0.20000000000000018,-0.8108104631033716,false,true
22,59,-1.4500000000000002,-0.20000000000000018,-0.8112852079835314,false,true
23,59,-1.4000000000000001,-0.20000000000000018,-0.8112853765487671,false,true
24,59,-1.35,-0.20000000000000018,-0.8112850942076344,false,true
25,59,-1.3000000000000003,-0.20000000000000018,-0.8130897547576387,false,true
26,59,-1.2500000000000002,-0.20000000000000018,-0.814894263674277,false,true
27,59,-1.2000000000000002,-0.20000000000000018,-0.8148967921733856,false,true
28,59,-1.1500000000000001,-0.20000000000000018,-0.8146678468758041,false,true
29,59,-1.1,-0.20000000000000018,-0.8144391775131226,false,true
30,59,-1.0500000000000003,-0.20000000000000018,-0.8134464947885343,false,true
31,59,-1.0000000000000002,-0.20000000000000018,-0.8128677726730096,false,true
32,59,-0.9500000000000002,-0.20000000000000018,-0.812833696603775,false,true
33,59,-0.9000000000000001,-0.20000000000000018,-0.8110522991013621,false,true
34,59,-0.8500000000000001,-0.20000000000000018,-0.8100000023841858,false,true
35,59,-0.8000000000000003,-0.20000000000000018,-0.8100000023841858,false,true
36,59,-0.7500000000000002,-0.20000000000000018,-0.810678096901674,false,true
37,59,-0.7000000000000002,-0.20000000000000018,-0.8108101663354322,false,true
38,59,-0.6500000000000001,-0.20000000000000018,-0.8100000023841858,true,false
39,59,-0.6000000000000001,-0.20000000000000018,-0.8149517774581909,true,false
40,59,-0.5500000000000003,-0.20000000000000018,-0.8175750970840454,true,false
41,59,-0.5,-0.20000000000000018,-0.8202929198741913,true,false
42,59,-0.4500000000000002,-0.20000000000000018,-0.8226549327373505,true,false
43,59,-0.40000000000000036,-0.20000000000000018,-0.8238672316074371,true,false
44,59,-0.3500000000000001,-0.20000000000000018,-0.8235074579715729,true,false
45,59,-0.30000000000000027,-0.20000000000000018,-0.7933307762354589,true,false
46,59,-0.25,-0.20000000000000018,-0.8218057155609131,true,false
47,59,-0.20000000000000018,-0.20000000000000018,-0.8208079934120178,true,false
48,59,-0.1499999999999999,-0.20000000000000018,-0.8055836732596136,true,false
49,59,-0.10000000000000009,-0.20000000000000018,-0.8129761306151736,true,false
50,59,-0.050000000000000266,-0.20000000000000018,-0.813507616519928,true,false
51,59,0.0,-0.20000000000000018,-0.8137284095495916,true,false
52,59,0.04999999999999982,-0.20000000000000018,-0.8159886772841192,true,false
53,59,0.10000000000000009,-0.20000000000000018,-0.8120635238990176,true,false
54,59,0.1499999999999999,-0.20000000000000018,-0.8020702600479126,true,false
55,59,0.19999999999999973,-0.20000000000000018,-0.7984712719917297,true,false
56,59,0.25,-0.20000000000000018,-0.8093863216742861,true,false
57,59,0.2999999999999998,-0.20000000000000018,-0.8235272939413762,true,false
58,59,0.3500000000000001,-0.20000000000000018,-0.8211717183798528,true,false
59,59,0.3999999999999999,-0.20000000000000018,-0.8175761575907445,true,false
60,59,0.44999999999999973,-0.20000000000000018,-0.8119366343229986,true,false
61,59,0.5,-0.20000000000000018,-0.8124136162325372,false,true
62,59,0.5499999999999998,-0.20000000000000018,-0.8130097577894486,false,true
0,60,-2.5500000000000003,-0.15000000000000036,-0.7920249700562244,false,true
1,60,-2.5000000000000004,-0.15000000000000036,-0.7931477129374472,false,true
2,60,-2.45,-0.15000000000000036,-0.794270455812893,false,true
3,60,-2.4000000000000004,-0.15000000000000036,-0.7942704558372498,false,true
4,60,-2.35,-0.15000000000000036,-0.7940843999385805,false,true
5,60,-2.3000000000000003,-0.15000000000000036,-0.793898344039917,false,true
6,60,-2.25,-0.15000000000000036,-0.7946370244026174,false,true
7,60,-2.2,-0.15000000000000036,-0.7953757047653198,false,true
8,60,-2.1500000000000004,-0.15000000000000036,-0.7983117601914408,false,true
9,60,-2.1,-0.15000000000000036,-0.8000316616136265,false,true
10,60,-2.0500000000000003,-0.15000000000000036,-0.8000316619873047,false,true
11,60,-2.0,-0.15000000000000036,-0.8000316631147548,false,true
12,60,-1.9500000000000002,-0.15000000000000036,-0.8016862267062946,false,true
13,60,-1.9000000000000004,-0.15000000000000036,-0.8033407884484997,false,true
14,60,-1.85,-0.15000000000000036,-0.8033407926559448,false,true
15,60,-1.8000000000000003,-0.15000000000000036,-0.8049829602114289,false,true
16,60,-1.7500000000000002,-0.15000000000000036,-0.8066251277923584,false,true
17,60,-1.7000000000000002,-0.15000000000000036,-0.806625123251568,false,true
18,60,-1.6500000000000004,-0.15000000000000036,-0.8078717935066487,false,true
19,60,-1.6,-0.15000000000000036,-0.8100000023841858,false,true
20,60,-1.5500000000000003,-0.15000000000000036,-0.8108105209269129,false,true
21,60,-1.5000000000000002,-0.15000000000000036,-0.8112853067267604,false,true
22,60,-1.4500000000000002,-0.15000000000000036,-0.8112853765487671,false,true
23,60,-1.4000000000000001,-0.15000000000000036,-0.8112852595992407,false,true
24,60,-1.35,-0.15000000000000036,-0.813090533602782,false,true
25,60,-1.3000000000000003,-0.15000000000000036,-0.8148957448347625,false,true
26,60,-1.2500000000000002,-0.15000000000000036,-0.8148967921733856,false,true
27,60,-1.2000000000000002,-0.15000000000000036,-0.8146679488056214,false,true
28,60,-1.1500000000000001,-0.15000000000000036,-0.8144391775131226,false,true
29,60,-1.1,-0.15000000000000036,-0.8134349798550466,false,true
30,60,-1.0500000000000003,-0.15000000000000036,-0.8128478113738045,false,true
31,60,-1.0000000000000002,-0.15000000000000036,-0.812833696603775,false,true
32,60,-0.9500000000000002,-0.15000000000000036,-0.8110479099912419,false,true
33,60,-0.9000000000000001,-0.15000000000000036,-0.8100000023841858,false,true
34,60,-0.8500000000000001,-0.15000000000000036,-0.8100000023841858,false,true
35,60,-0.8000000000000003,-0.15000000000000036,-0.8105353692380293,false,true
36,60,-0.7500000000000002,-0.15000000000000036,-0.8107679371156202,false,true
37,60,-0.7000000000000002,-0.15000000000000036,-0.8105804391943878,false,true
38,60,-0.6500000000000001,-0.15000000000000036,-0.8109908699989319,true,false
39,60,-0.6000000000000001,-0.15000000000000036,-0.8146730959415436,true,false
40,60,-0.5500000000000003,-0.15000000000000036,-0.8171309232711792,true,false
41,60,-0.5,-0.15000000000000036,-0.8204143643379211,true,false
42,60,-0.4500000000000002,-0.15000000000000036,-0.8222138583660126,true,false
43,60,-0.40000000000000036,-0.15000000000000036,-0.8234537839889526,true,false
44,60,-0.3500000000000001,-0.15000000000000036,-0.8238688111305237,true,false
45,60,-0.30000000000000027,-0.15000000000000036,-0.7973038728445745,true,false
46,60,-0.25,-0.15000000000000036,-0.8113835541114199,true,false
47,60,-0.20000000000000018,-0.15000000000000036,-0.8205493092536926,true,false
48,60,-0.1499999999999999,-0.15000000000000036,-0.812446215520798,true,false
49,60,-0.10000000000000009,-0.15000000000000036,-0.8085547859877324,true,false
50,60,-0.050000000000000266,-0.15000000000000036,-0.8133683887824404,true,false
51,60,0.0,-0.15000000000000036,-0.8132243330687261,true,false
52,60,0.04999999999999982,-0.15000000000000036,-0.8139059034690249,true,false
53,60,0.10000000000000009,-0.15000000000000036,-0.8100000023841858,true,false
54,60,0.1499999999999999,-0.15000000000000036,-0.8046870231628418,true,false
55,60,0.19999999999999973,-0.15000000000000036,-0.8217898781508184,true,false
56,60,0.25,-0.15000000000000036,-0.8249416525572515,true,false
57,60,0.2999999999999998,-0.15000000000000036,-0.7895044684410095,true,false
58,60,0.3500000000000001,-0.15000000000000036,-0.8203890199869848,true,false
59,60,0.3999999999999999,-0.15000000000000036,-0.8155569012373662,true,false
60,60,0.44999999999999973,-0.15000000000000036,-0.8135253961294866,true,false
61,60,0.5,-0.15000000000000036,-0.8132152409210516,false,true
62,60,0.5499999999999998,-0.15000000000000036,-0.813495509902562,false,true
0,61,-2.5500000000000003,-0.10000000000000009,-0.7933802406080124,false,true
1,61,-2.5000000000000004,-0.10000000000000009,-0.7942704558271609,false,true
2,61,-2.45,-0.10000000000000009,-0.7942704558372498,false,true
3,61,-2.4000000000000004,-0.10000000000000009,-0.7940843999385826,false,true
4,61,-2.35,-0.10000000000000009,-0.793898344039917,false,true
5,61,-2.3000000000000003,-0.10000000000000009,-0.7946370244026181,false,true
6,61,-2.25,-0.10000000000000009,-0.7953757047653198,false,true
7,61,-2.2,-0.10000000000000009,-0.7983117603196666,false,true
8,61,-2.1500000000000004,-0.10000000000000009,-0.8000316618325221,false,true
9,61,-2.1,-0.10000000000000009,-0.8000316619873047,false,true
10,61,-2.0500000000000003,-0.10000000000000009,-0.8000316624543098,false,true
11,61,-2.0,-0.10000000000000009,-0.8016862270667465,false,true
12,61,-1.9500000000000002,-0.10000000000000009,-0.8033407909131639,false,true
13,61,-1.9000000000000004,-0.10000000000000009,-0.8033407926559448,false,true
14,61,-1.85,-0.10000000000000009,-0.8049829602208284,false,true
15,61,-1.8000000000000003,-0.10000000000000009,-0.8066251277923584,false,true
16,61,-1.7500000000000002,-0.10000000000000009,-0.8066251259115014,false,true
17,61,-1.7000000000000002,-0.10000000000000009,-0.8078717972679861,false,true
18,61,-1.6500000000000004,-0.10000000000000009,-0.8100000023841858,false,true
19,61,-1.6,-0.10000000000000009,-0.8108105448821229,false,true
20,61,-1.5500000000000003,-0.10000000000000009,-0.8112853476275449,false,true
21,61,-1.5000000000000002,-0.10000000000000009,-0.8112853765487671,false,true
22,61,-1.4500000000000002,-0.10000000000000009,-0.8112853281066871,false,true
23,61,-1.4000000000000001,-0.10000000000000009,-0.8130908562263442,false,true
24,61,-1.35,-0.10000000000000009,-0.8148963583515236,false,true
25,61,-1.3000000000000003,-0.10000000000000009,-0.8148967921733856,false,true
26,61,-1.2500000000000002,-0.10000000000000009,-0.8146679754300848,false,true
27,61,-1.2000000000000002,-0.10000000000000009,-0.8144391775131226,false,true
28,61,-1.1500000000000001,-0.10000000000000009,-0.8134301733225588,false,true
29,61,-1.1,-0.10000000000000009,-0.812839543132951,false,true
30,61,-1.0500000000000003,-0.10000000000000009,-0.812833696603775,false,true
31,61,-1.0000000000000002,-0.10000000000000009,-0.8110470009767726,false,true
32,61,-0.9500000000000002,-0.10000000000000009,-0.8100000023841858,false,true
33,61,-0.9000000000000001,-0.10000000000000009,-0.8100000023841858,false,true
34,61,-0.8500000000000001,-0.10000000000000009,-0.8105519802829089,false,true
35,61,-0.8000000000000003,-0.10000000000000009,-0.810855155675931,false,true
36,61,-0.7500000000000002,-0.10000000000000009,-0.8108208639932741,false,true
37,61,-0.7000000000000002,-0.10000000000000009,-0.8109908699989319,false,true
38,61,-0.6500000000000001,-0.10000000000000009,-0.812965788569225,false,true
39,61,-0.6000000000000001,-0.10000000000000009,-0.8137334585189819,true,false
40,61,-0.5500000000000003,-0.10000000000000009,-0.816667914390564,true,false
41,61,-0.5,-0.10000000000000009,-0.8195862174034119,true,false
42,61,-0.4500000000000002,-0.10000000000000009,-0.8211659491062164,true,false
43,61,-0.40000000000000036,-0.10000000000000009,-0.8230153322219849,true,false
44,61,-0.3500000000000001,-0.10000000000000009,-0.7893890912741399,true,false
45,61,-0.30000000000000027,-0.10000000000000009,-0.8242014646530151,true,false
46,61,-0.25,-0.10000000000000009,-0.8013290341109014,true,false
47,61,-0.20000000000000018,-0.10000000000000009,-0.8043513472288824,true,false
48,61,-0.1499999999999999,-0.10000000000000009,-0.8198897242546082,true,false
49,61,-0.10000000000000009,-0.10000000000000009,-0.8188092410564423,true,false
50,61,-0.050000000000000266,-0.10000000000000009,-0.8149289873942721,true,false
51,61,0.0,-0.10000000000000009,-0.8144898588865972,true,false
52,61,0.04999999999999982,-0.10000000000000009,-0.8177211458891607,true,false
53,61,0.10000000000000009,-0.10000000000000009,-0.8104067444801331,true,false
54,61,0.1499999999999999,-0.10000000000000009,-0.8210633571356512,true,false
55,61,0.19999999999999973,-0.10000000000000009,-0.8119221714839328,true,false
56,61,0.25,-0.10000000000000009,-0.7990961074829102,true,false
57,61,0.2999999999999998,-0.10000000000000009,-0.8255518253058172,true,false
58,61,0.3500000000000001,-0.10000000000000009,-0.8200105602949834,true,false
59,61,0.3999999999999999,-0.10000000000000009,-0.8170503552168584,true,false
60,61,0.44999999999999973,-0.10000000000000009,-0.814055221816895,true,false
61,61,0.5,-0.10000000000000009,-0.8149737637673515,false,true
62,61,0.5499999999999998,-0.10000000000000009,-0.8128240200021462,false,true
0,62,-2.5500000000000003,-0.050000000000000266,-0.7942704558330709,false,true
1,62,-2.5000000000000004,-0.050000000000000266,-0.7942704558372498,false,true
2,62,-2.45,-0.050000000000000266,-0.7940843999385833,false,true
3,62,-2.4000000000000004,-0.050000000000000266,-0.793898344039917,false,true
4,62,-2.35,-0.050000000000000266,-0.7946370244026183,false,true
5,62,-2.3000000000000003,-0.050000000000000266,-0.7953757047653198,false,true
6,62,-2.25,-0.050000000000000266,-0.7983117603727795,false,true
7,62,-2.2,-0.050000000000000266,-0.8000316619231915,false,true
8,62,-2.1500000000000004,-0.050000000000000266,-0.8000316619873047,false,true
9,62,-2.1,-0.050000000000000266,-0.8000316621807445,false,true
10,62,-2.0500000000000003,-0.050000000000000266,-0.8016862272160509,false,true
11,62,-2.0,-0.050000000000000266,-0.8033407919340614,false,true
12,62,-1.9500000000000002,-0.050000000000000266,-0.8033407926559448,false,true
13,62,-1.9000000000000004,-0.050000000000000266,-0.8049829602232836,false,true
14,62,-1.85,-0.050000000000000266,-0.8066251277923584,false,true
15,62,-1.8000000000000003,-0.050000000000000266,-0.8066251270132819,false,true
16,62,-1.7500000000000002,-0.050000000000000266,-0.807871798826061,false,true
17,62,-1.7000000000000002,-0.050000000000000266,-0.8100000023841858,false,true
18,62,-1.6500000000000004,-0.050000000000000266,-0.8108105548055065,false,true
19,62,-1.6,-0.050000000000000266,-0.8112853645692046,false,true
20,62,-1.5500000000000003,-0.050000000000000266,-0.8112853765487671,false,true
21,62,-1.5000000000000002,-0.050000000000000266,-0.8112853564834006,false,true
22,62,-1.4500000000000002,-0.050000000000000266,-0.8130909898640312,false,true
23,62,-1.4000000000000001,-0.050000000000000266,-0.8148966124784867,false,true
24,62,-1.35,-0.050000000000000266,-0.8148967921733856,false,true
25,62,-1.3000000000000003,-0.050000000000000266,-0.8146679823844979,false,true
26,62,-1.2500000000000002,-0.050000000000000266,-0.8144391775131226,false,true
27,62,-1.2000000000000002,-0.050000000000000266,-0.8134281747512656,false,true
28,62,-1.1500000000000001,-0.050000000000000266,-0.8128361183154525,false,true
29,62,-1.1,-0.050000000000000266,-0.812833696603775,false,true
30,62,-1.0500000000000003,-0.050000000000000266,-0.8110468127137118,false,true
31,62,-1.0000000000000002,-0.050000000000000266,-0.8100000023841858,false,true
32,62,-0.9500000000000002,-0.050000000000000266,-0.8100000023841858,false,true
33,62,-0.9000000000000001,-0.050000000000000266,-0.8105835278995437,false,true
34,62,-0.8500000000000001,-0.050000000000000266,-0.810921951774828,false,true
35,62,-0.8000000000000003,-0.050000000000000266,-0.8109204512057036,false,true
36,62,-0.7500000000000002,-0.050000000000000266,-0.8109908699989319,false,true
37,62,-0.7000000000000002,-0.050000000000000266,-0.8125198332678213,false,true
38,62,-0.6500000000000001,-0.050000000000000266,-0.8137334585189819,false,true
39,62,-0.6000000000000001,-0.050000000000000266,-0.8155390597185311,false,true
40,62,-0.5500000000000003,-0.050000000000000266,-0.8165464401245117,true,false
41,62,-0.5,-0.050000000000000266,-0.8190774917602539,true,false
42,62,-0.4500000000000002,-0.050000000000000266,-0.820664644241333,true,false
43,62,-0.40000000000000036,-0.050000000000000266,-0.8225012719631195,true,false
44,62,-0.3500000000000001,-0.050000000000000266,-0.7877211744993902,true,false
45,62,-0.30000000000000027,-0.050000000000000266,-0.8240242004394531,true,false
46,62,-0.25,-0.050000000000000266,-0.812669375310837,true,false
47,62,-0.20000000000000018,-0.050000000000000266,-0.8226998448371887,true,false
48,62,-0.1499999999999999,-0.050000000000000266,-0.8145081786021579,true,false
49,62,-0.10000000000000009,-0.050000000000000266,-0.8109843905180669,true,false
50,62,-0.050000000000000266,-0.050000000000000266,-0.8198513984680176,true,false
51,62,0.0,-0.050000000000000266,-0.8175432856291509,true,false
52,62,0.04999999999999982,-0.050000000000000266,-0.8177211458891607,true,false
53,62,0.10000000000000009,-0.050000000000000266,-0.8100000023841858,true,false
54,62,0.1499999999999999,-0.050000000000000266,-0.8191275770872808,true,false
55,62,0.19999999999999973,-0.050000000000000266,-0.8231040711611486,true,false
56,62,0.25,-0.050000000000000266,-0.7999652624130249,true,false
57,62,0.2999999999999998,-0.050000000000000266,-0.8262146289557195,true,false
58,62,0.3500000000000001,-0.050000000000000266,-0.8245149429053045,true,false
59,62,0.3999999999999999,-0.050000000000000266,-0.8173276360243535,true,false
60,62,0.44999999999999973,-0.050000000000000266,-0.8177211458891607,true,false
61,62,0.5,-0.050000000000000266,-0.80939260229486,false,true
62,62,0.5499999999999998,-0.050000000000000266,-0.8087213795260113,false,true
0,63,-2.5500000000000003,0.0,-0.7942704558372498,false,true
1,63,-2.5000000000000004,0.0,-0.7940843999385833,false,true
2,63,-2.45,0.0,-0.793898344039917,false,true
3,63,-2.4000000000000004,0.0,-0.7946370244026184,false,true
4,63,-2.35,0.0,-0.7953757047653198,false,true
5,63,-2.3000000000000003,0.0,-0.7983117603947797,false,true
6,63,-2.25,0.0,-0.8000316619607482,false,true
7,63,-2.2,0.0,-0.8000316619873047,false,true
8,63,-2.1500000000000004,0.0,-0.80003166206743,false,true
9,63,-2.1,0.0,-0.8016862272778946,false,true
10,63,-2.0500000000000003,0.0,-0.8033407923569309,false,true
11,63,-2.0,0.0,-0.8033407926559448,false,true
12,63,-1.9500000000000002,0.0,-0.8049829602239249,false,true
13,63,-1.9000000000000004,0.0,-0.8066251277923584,false,true
14,63,-1.85,0.0,-0.8066251274696543,false,true
15,63,-1.8000000000000003,0.0,-0.8078717994714528,false,true
16,63,-1.7500000000000002,0.0,-0.8100000023841858,false,true
17,63,-1.7000000000000002,0.0,-0.8108105589160743,false,true
18,63,-1.6500000000000004,0.0,-0.8112853715866698,false,true
19,63,-1.6,0.0,-0.8112853765487671,false,true
20,63,-1.5500000000000003,0.0,-0.8112853682374201,false,true
21,63,-1.5000000000000002,0.0,-0.8130910452190252,false,true
22,63,-1.4500000000000002,0.0,-0.8148967177413214,false,true
23,63,-1.4000000000000001,0.0,-0.8148967921733856,false,true
24,63,-1.35,0.0,-0.8146679842010175,false,true
25,63,-1.3000000000000003,0.0,-0.8144391775131226,false,true
26,63,-1.2500000000000002,0.0,-0.8134273453335625,false,true
27,63,-1.2000000000000002,0.0,-0.8128346997095959,false,true
28,63,-1.1500000000000001,0.0,-0.812833696603775,false,true
29,63,-1.1,0.0,-0.8110467737231553,false,true
30,63,-1.0500000000000003,0.0,-0.8100000023841858,false,true
31,63,-1.0000000000000002,0.0,-0.8100000023841858,false,true
32,63,-0.9500000000000002,0.0,-0.8106043350564383,false,true
33,63,-0.9000000000000001,0.0,-0.8109586023636131,false,true
34,63,-0.8500000000000001,0.0,-0.8109617015797308,false,true
35,63,-0.8000000000000003,0.0,-0.8109908699989319,false,true
36,63,-0.7500000000000002,0.0,-0.812403348015034,false,true
37,63,-0.7000000000000002,0.0,-0.8137334585189819,false,true
38,63,-0.6500000000000001,0.0,-0.8152441985039253,false,true
39,63,-0.6000000000000001,0.0,-0.8165464401245118,false,true
40,63,-0.5500000000000003,0.0,-0.8182621270983713,false,true
41,63,-0.5,0.0,-0.8194012641906738,true,false
42,63,-0.4500000000000002,0.0,-0.8206575512886047,true,false
43,63,-0.40000000000000036,0.0,-0.8219428658485413,true,false
44,63,-0.3500000000000001,0.0,-0.8050678459510195,true,false
45,63,-0.30000000000000027,0.0,-0.7910327787607885,true,false
46,63,-0.25,0.0,-0.8004325206488347,true,false
47,63,-0.20000000000000018,0.0,-0.8041067893713689,true,false
48,63,-0.1499999999999999,0.0,-0.8089963073939062,true,false
49,63,-0.10000000000000009,0.0,-0.8121751125067449,true,false
50,63,-0.050000000000000266,0.0,-0.8141936834067083,true,false
51,63,0.0,0.0,-0.8177520036697388,true,false
52,63,0.04999999999999982,0.0,-0.8207621152609563,true,false
53,63,0.10000000000000009,0.0,-0.8109444379806519,true,false
54,63,0.1499999999999999,0.0,-0.8087705969810486,true,false
55,63,0.19999999999999973,0.0,-0.8242067868918157,true,false
56,63,0.25,0.0,-0.8255146618097997,true,false
57,63,0.2999999999999998,0.0,-0.7961864173412323,true,false
58,63,0.3500000000000001,0.0,-0.8098403600558627,true,false
59,63,0.3999999999999999,0.0,-0.8199504788130498,true,false
60,63,0.44999999999999973,0.0,-0.7929516434669495,true,false
61,63,0.5,0.0,-0.8015197429415916,false,true
62,63,0.5499999999999998,0.0,-0.8033222050650742,false,true
0,64,-2.5500000000000003,0.04999999999999982,-0.7940843999385833,false,true
1,64,-2.5000000000000004,0.04999999999999982,-0.793898344039917,false,true
2,64,-2.45,0.04999999999999982,-0.7946370244026184,false,true
3,64,-2.4000000000000004,0.04999999999999982,-0.7953757047653198,false,true
4,64,-2.35,0.04999999999999982,-0.7983117604038924,false,true
5,64,-2.3000000000000003,0.04999999999999982,-0.8000316619763046,false,true
6,64,-2.25,0.04999999999999982,-0.8000316619873047,false,true
7,64,-2.2,0.04999999999999982,-0.8000316620204938,false,true
8,64,-2.1500000000000004,0.04999999999999982,-0.8016862273035111,false,true
9,64,-2.1,0.04999999999999982,-0.8033407925320892,false,true
10,64,-2.0500000000000003,0.04999999999999982,-0.8033407926559448,false,true
11,64,-2.0,0.04999999999999982,-0.8049829602240924,false,true
12,64,-1.9500000000000002,0.04999999999999982,-0.8066251277923584,false,true
13,64,-1.9000000000000004,0.04999999999999982,-0.80662512765869,false,true
14,64,-1.85,0.04999999999999982,-0.8078717997387864,false,true
15,64,-1.8000000000000003,0.04999999999999982,-0.8100000023841858,false,true
16,64,-1.7500000000000002,0.04999999999999982,-0.8108105606187622,false,true
17,64,-1.7000000000000002,0.04999999999999982,-0.8112853744933991,false,true
18,64,-1.6500000000000004,0.04999999999999982,-0.8112853765487671,false,true
19,64,-1.6,0.04999999999999982,-0.8112853731060945,false,true
20,64,-1.5500000000000003,0.04999999999999982,-0.8130910681478919,false,true
21,64,-1.5000000000000002,0.04999999999999982,-0.8148967613426151,false,true
22,64,-1.4500000000000002,0.04999999999999982,-0.8148967921733856,false,true
23,64,-1.4000000000000001,0.04999999999999982,-0.8146679846754993,false,true
24,64,-1.35,0.04999999999999982,-0.8144391775131226,false,true
25,64,-1.3000000000000003,0.04999999999999982,-0.8134270014497819,false,true
26,64,-1.2500000000000002,0.04999999999999982,-0.8128341121038104,false,true
27,64,-1.2000000000000002,0.04999999999999982,-0.812833696603775,false,true
28,64,-1.1500000000000001,0.04999999999999982,-0.8110467656479465,false,true
29,64,-1.1,0.04999999999999982,-0.8100000023841858,false,true
30,64,-1.0500000000000003,0.04999999999999982,-0.8100000023841858,false,true
31,64,-1.0000000000000002,0.04999999999999982,-0.8106153272058157,false,true
32,64,-0.9500000000000002,0.04999999999999982,-0.810976414517811,false,true
33,64,-0.9000000000000001,0.04999999999999982,-0.8109787880441058,false,true
34,64,-0.8500000000000001,0.04999999999999982,-0.8109908699989319,false,true
35,64,-0.8000000000000003,0.04999999999999982,-0.8123729216156298,false,true
36,64,-0.7500000000000002,0.04999999999999982,-0.8137334585189819,false,true
37,64,-0.7000000000000002,0.04999999999999982,-0.8151671796120937,false,true
38,64,-0.6500000000000001,0.04999999999999982,-0.8165464401245118,false,true
39,64,-0.6000000000000001,0.04999999999999982,-0.8180491506891792,false,true
40,64,-0.5500000000000003,0.04999999999999982,-0.8194012641906738,false,true
41,64,-0.5,0.04999999999999982,-0.8197620966623567,false,true
42,64,-0.4500000000000002,0.04999999999999982,-0.8209686279296875,true,false
43,64,-0.40000000000000036,0.04999999999999982,-0.8217347264289856,true,false
44,64,-0.3500000000000001,0.04999999999999982,-0.7621595437735296,true,false
45,64,-0.30000000000000027,0.04999999999999982,-0.7861352141112066,true,false
46,64,-0.25,0.04999999999999982,-0.7979182775229192,true,false
47,64,-0.20000000000000018,0.04999999999999982,-0.8053543741911626,true,false
48,64,-0.1499999999999999,0.04999999999999982,-0.8220131993293762,true,false
49,64,-0.10000000000000009,0.04999999999999982,-0.8193047344684601,true,false
50,64,-0.050000000000000266,0.04999999999999982,-0.8161761338919378,true,false
51,64,0.0,0.04999999999999982,-0.8196126992911077,true,false
52,64,0.04999999999999982,0.04999999999999982,-0.8149449229240417,true,false
53,64,0.10000000000000009,0.04999999999999982,-0.8114925622940063,true,false
54,64,0.1499999999999999,0.04999999999999982,-0.8078259229660034,true,false
55,64,0.19999999999999973,0.04999999999999982,-0.8040850162506104,true,false
56,64,0.25,0.04999999999999982,-0.8131328014239657,true,false
57,64,0.2999999999999998,0.04999999999999982,-0.7982850670814514,true,false
58,64,0.3500000000000001,0.04999999999999982,-0.8248984391897893,true,false
59,64,0.3999999999999999,0.04999999999999982,-0.8099774805411685,true,false
60,64,0.44999999999999973,0.04999999999999982,-0.797435462474823,true,false
61,64,0.5,0.04999999999999982,-0.7998008742159814,false,true
62,64,0.5499999999999998,0.04999999999999982,-0.8016595824009886,false,true
0,65,-2.5500000000000003,0.09999999999999964,-0.793898344039917,false,true
1,65,-2.5000000000000004,0.09999999999999964,-0.7946370244026184,false,true
2,65,-2.45,0.09999999999999964,-0.7953757047653198,false,true
3,65,-2.4000000000000004,0.09999999999999964,-0.798311760407667,false,true
4,65,-2.35,0.09999999999999964,-0.8000316619827483,false,true
5,65,-2.3000000000000003,0.09999999999999964,-0.8000316619873047,false,true
6,65,-2.25,0.09999999999999964,-0.8000316620010521,false,true
7,65,-2.2,0.09999999999999964,-0.801686227314122,false,true
8,65,-2.1500000000000004,0.09999999999999964,-0.8033407926046422,false,true
9,65,-2.1,0.09999999999999964,-0.8033407926559448,false,true
10,65,-2.0500000000000003,0.09999999999999964,-0.8049829602241362,false,true
11,65,-2.0,0.09999999999999964,-0.8066251277923584,false,true
12,65,-1.9500000000000002,0.09999999999999964,-0.8066251277369911,false,true
13,65,-1.9000000000000004,0.09999999999999964,-0.8078717998495202,false,true
14,65,-1.85,0.09999999999999964,-0.8100000023841858,false,true
15,65,-1.8000000000000003,0.09999999999999964,-0.8108105613240457,false,true
16,65,-1.7500000000000002,0.09999999999999964,-0.8112853756974058,false,true
17,65,-1.7000000000000002,0.09999999999999964,-0.8112853765487671,false,true
18,65,-1.6500000000000004,0.09999999999999964,-0.8112853751227654,false,true
19,65,-1.6,0.09999999999999964,-0.8130910776453527,false,true
20,65,-1.5500000000000003,0.09999999999999964,-0.8148967794028623,false,true
21,65,-1.5000000000000002,0.09999999999999964,-0.8148967921733856,false,true
22,65,-1.4500000000000002,0.09999999999999964,-0.8146679847994358,false,true
23,65,-1.4000000000000001,0.09999999999999964,-0.8144391775131226,false,true
24,65,-1.35,0.09999999999999964,-0.8134268589405832,false,true
25,65,-1.3000000000000003,0.09999999999999964,-0.8128338687095248,false,true
26,65,-1.2500000000000002,0.09999999999999964,-0.812833696603775,false,true
27,65,-1.2000000000000002,0.09999999999999964,-0.8110467639755162,false,true
28,65,-1.1500000000000001,0.09999999999999964,-0.8100000023841858,false,true
29,65,-1.1,0.09999999999999964,-0.8100000023841858,false,true
30,65,-1.0500000000000003,0.09999999999999964,-0.8106205975826571,false,true
31,65,-1.0000000000000002,0.09999999999999964,-0.8109845631508088,false,true
32,65,-0.9500000000000002,0.09999999999999964,-0.810985865489383,false,true
33,65,-0.9000000000000001,0.09999999999999964,-0.8109908699989319,false,true
34,65,-0.8500000000000001,0.09999999999999964,-0.8123649741222043,false,true
35,65,-0.8000000000000003,0.09999999999999964,-0.8137334585189819,false,true
36,65,-0.7500000000000002,0.09999999999999964,-0.8151470619791019,false,true
37,65,-0.7000000000000002,0.09999999999999964,-0.8165464401245118,false,true
38,65,-0.6500000000000001,0.09999999999999964,-0.8179935204258222,false,true
39,65,-0.6000000000000001,0.09999999999999964,-0.8194012641906738,false,true
40,65,-0.5500000000000003,0.09999999999999964,-0.8190107972366395,false,true
41,65,-0.5,0.09999999999999964,-0.8190367132794657,false,true
42,65,-0.4500000000000002,0.09999999999999964,-0.8176706433296204,true,false
43,65,-0.40000000000000036,0.09999999999999964,-0.8216716051101685,true,false
44,65,-0.3500000000000001,0.09999999999999964,-0.763260441562531,true,false
45,65,-0.30000000000000027,0.09999999999999964,-0.7877211744993902,true,false
46,65,-0.25,0.09999999999999964,-0.8238736093044281,true,false
47,65,-0.20000000000000018,0.09999999999999964,-0.8239037394523621,true,false
48,65,-0.1499999999999999,0.09999999999999964,-0.8099034304827428,true,false
49,65,-0.10000000000000009,0.09999999999999964,-0.8202406167984009,true,false
50,65,-0.050000000000000266,0.09999999999999964,-0.8189829377040255,true,false
51,65,0.0,0.09999999999999964,-0.8194384065970767,true,false
52,65,0.04999999999999982,0.09999999999999964,-0.8225224788397527,true,false
53,65,0.10000000000000009,0.09999999999999964,-0.8122221827507019,true,false
54,65,0.1499999999999999,0.09999999999999964,-0.8101016283035278,true,false
55,65,0.19999999999999973,0.09999999999999964,-0.816981652151047,true,false
56,65,0.25,0.09999999999999964,-0.8142835286959994,true,false
57,65,0.2999999999999998,0.09999999999999964,-0.8122831074103701,true,false
58,65,0.3500000000000001,0.09999999999999964,-0.824655192634461,true,false
59,65,0.3999999999999999,0.09999999999999964,-0.7991237640380859,true,false
60,65,0.44999999999999973,0.09999999999999964,-0.8099953023299563,true,false
61,65,0.5,0.09999999999999964,-0.8044280321841166,false,true
62,65,0.5499999999999998,0.09999999999999964,-0.8038840047601549,false,true
0,66,-2.5500000000000003,0.1499999999999999,-0.7946370244026184,false,true
1,66,-2.5000000000000004,0.1499999999999999,-0.7953757047653198,false,true
2,66,-2.45,0.1499999999999999,-0.7983117604092306,false,true
3,66,-2.4000000000000004,0.1499999999999999,-0.8000316619854173,false,true
4,66,-2.35,0.1499999999999999,-0.8000316619873047,false,true
5,66,-2.3000000000000003,0.1499999999999999,-0.800031661992999,false,true
6,66,-2.25,0.1499999999999999,-0.8016862273185171,false,true
7,66,-2.2,0.1499999999999999,-0.8033407926346946,false,true
8,66,-2.1500000000000004,0.1499999999999999,-0.8033407926559448,false,true
9,66,-2.1,0.1499999999999999,-0.8049829602241475,false,true
10,66,-2.0500000000000003,0.1499999999999999,-0.8066251277923584,false,true
11,66,-2.0,0.1499999999999999,-0.8066251277694245,false,true
12,66,-1.9500000000000002,0.1499999999999999,-0.8078717998953878,false,true
13,66,-1.9000000000000004,0.1499999999999999,-0.8100000023841858,false,true
14,66,-1.85,0.1499999999999999,-0.8108105616161854,false,true
15,66,-1.8000000000000003,0.1499999999999999,-0.8112853761961217,false,true
16,66,-1.7500000000000002,0.1499999999999999,-0.8112853765487671,false,true
17,66,-1.7000000000000002,0.1499999999999999,-0.8112853759580979,false,true
18,66,-1.6500000000000004,0.1499999999999999,-0.8130910815793322,false,true
19,66,-1.6,0.1499999999999999,-0.8148967868836616,false,true
20,66,-1.5500000000000003,0.1499999999999999,-0.8148967921733856,false,true
21,66,-1.5000000000000002,0.1499999999999999,-0.8146679848318086,false,true
22,66,-1.4500000000000002,0.1499999999999999,-0.8144391775131226,false,true
23,66,-1.4000000000000001,0.1499999999999999,-0.8134267998972835,false,true
24,66,-1.35,0.1499999999999999,-0.8128337678923107,false,true
25,66,-1.3000000000000003,0.1499999999999999,-0.812833696603775,false,true
26,66,-1.2500000000000002,0.1499999999999999,-0.8110467636291444,false,true
27,66,-1.2000000000000002,0.1499999999999999,-0.8100000023841858,false,true
28,66,-1.1500000000000001,0.1499999999999999,-0.8100000023841858,false,true
29,66,-1.1,0.1499999999999999,-0.8106229953044547,false,true
30,66,-1.0500000000000003,0.1499999999999999,-0.8109881641277921,false,true
31,66,-1.0000000000000002,0.1499999999999999,-0.8109887970632037,false,true
32,66,-0.9500000000000002,0.1499999999999999,-0.8109908699989319,false,true
33,66,-0.9000000000000001,0.1499999999999999,-0.8123628982061252,false,true
34,66,-0.8500000000000001,0.1499999999999999,-0.8137334585189819,false,true
35,66,-0.8000000000000003,0.1499999999999999,-0.8151418071754093,false,true
36,66,-0.7500000000000002,0.1499999999999999,-0.8165464401245118,false,true
37,66,-0.7000000000000002,0.1499999999999999,-0.8179789895854681,false,true
38,66,-0.6500000000000001,0.1499999999999999,-0.8194012641906738,false,true
39,66,-0.6000000000000001,0.1499999999999999,-0.8186208174817791,false,true
40,66,-0.5500000000000003,0.1499999999999999,-0.8182364880299966,false,true
41,66,-0.5,0.1499999999999999,-0.8176706433296205,false,true
42,66,-0.4500000000000002,0.1499999999999999,-0.7935565131974436,false,true
43,66,-0.40000000000000036,0.1499999999999999,-0.7708612258642888,true,false
44,66,-0.3500000000000001,0.1499999999999999,-0.8021295157775271,true,false
45,66,-0.30000000000000027,0.1499999999999999,-0.7948715861052251,true,false
46,66,-0.25,0.1499999999999999,-0.8005166228026128,true,false
47,66,-0.20000000000000018,0.1499999999999999,-0.8142631737098086,true,false
48,66,-0.1499999999999999,0.1499999999999999,-0.8166293887004245,true,false
49,66,-0.10000000000000009,0.1499999999999999,-0.8201909363269806,true,false
50,66,-0.050000000000000266,0.1499999999999999,-0.8177211458891607,true,false
51,66,0.0,0.1499999999999999,-0.8187714219093323,true,false
52,66,0.04999999999999982,0.1499999999999999,-0.8230583842009283,true,false
53,66,0.10000000000000009,0.1499999999999999,-0.8244940216749883,true,false
54,66,0.1499999999999999,0.1499999999999999,-0.8100000023841858,true,false
55,66,0.19999999999999973,0.1499999999999999,-0.8074147701263428,true,false
56,66,0.25,0.1499999999999999,-0.8274910326212621,true,false
57,66,0.2999999999999998,0.1499999999999999,-0.8025676608085632,true,false
58,66,0.3500000000000001,0.1499999999999999,-0.8024337887763977,true,false
59,66,0.3999999999999999,0.1499999999999999,-0.8253394837588048,true,false
60,66,0.44999999999999973,0.1499999999999999,-0.8035472929477692,true,false
61,66,0.5,0.1499999999999999,-0.8071977643430592,false,true
62,66,0.5499999999999998,0.1499999999999999,-0.8088747624707487,false,true
0,67,-2.5500000000000003,0.19999999999999973,-0.7953757047653198,false,true
1,67,-2.5000000000000004,0.19999999999999973,-0.7983117604098783,false,true
2,67,-2.45,0.19999999999999973,-0.800031661986523,false,true
3,67,-2.4000000000000004,0.19999999999999973,-0.8000316619873047,false,true
4,67,-2.35,0.19999999999999973,-0.8000316619896634,false,true
5,67,-2.3000000000000003,0.19999999999999973,-0.8016862273203376,false,true
6,67,-2.25,0.19999999999999973,-0.8033407926471426,false,true
7,67,-2.2,0.19999999999999973,-0.8033407926559448,false,true
8,67,-2.1500000000000004,0.19999999999999973,-0.8049829602241505,false,true
9,67,-2.1,0.19999999999999973,-0.8066251277923584,false,true
10,67,-2.0500000000000003,0.19999999999999973,-0.8066251277828589,false,true
11,67,-2.0,0.19999999999999973,-0.8078717999143868,false,true
12,67,-1.9500000000000002,0.19999999999999973,-0.8100000023841858,false,true
13,67,-1.9000000000000004,0.19999999999999973,-0.8108105617371938,false,true
14,67,-1.85,0.19999999999999973,-0.8112853764026965,false,true
15,67,-1.8000000000000003,0.19999999999999973,-0.8112853765487671,false,true
16,67,-1.7500000000000002,0.19999999999999973,-0.8112853763041039,false,true
17,67,-1.7000000000000002,0.19999999999999973,-0.8130910832088403,false,true
18,67,-1.6500000000000004,0.19999999999999973,-0.8148967899823103,false,true
19,67,-1.6,0.19999999999999973,-0.8148967921733856,false,true
20,67,-1.5500000000000003,0.19999999999999973,-0.8146679848402645,false,true
21,67,-1.5000000000000002,0.19999999999999973,-0.8144391775131226,false,true
22,67,-1.4500000000000002,0.19999999999999973,-0.8134267754378367,false,true
23,67,-1.4000000000000001,0.19999999999999973,-0.8128337261324533,false,true
24,67,-1.35,0.19999999999999973,-0.812833696603775,false,true
25,67,-1.3000000000000003,0.19999999999999973,-0.8110467635574086,false,true
26,67,-1.2500000000000002,0.19999999999999973,-0.8100000023841858,false,true
27,67,-1.2000000000000002,0.19999999999999973,-0.8100000023841858,false,true
28,67,-1.1500000000000001,0.19999999999999973,-0.8106240522931605,false,true
29,67,-1.1,0.19999999999999973,-0.8109897218080809,false,true
30,67,-1.0500000000000003,0.19999999999999973,-0.8109900113608393,false,true
31,67,-1.0000000000000002,0.19999999999999973,-0.8109908699989319,false,true
32,67,-0.9500000000000002,0.19999999999999973,-0.8123623559688012,false,true
33,67,-0.9000000000000001,0.19999999999999973,-0.8137334585189819,false,true
34,67,-0.8500000000000001,0.19999999999999973,-0.8151404346003226,false,true
35,67,-0.8000000000000003,0.19999999999999973,-0.8165464401245118,false,true
36,67,-0.7500000000000002,0.19999999999999973,-0.8179751940736613,false,true
37,67,-0.7000000000000002,0.19999999999999973,-0.8194012641906738,false,true
38,67,-0.6500000000000001,0.19999999999999973,-0.8045006047430561,false,true
39,67,-0.6000000000000001,0.19999999999999973,-0.8002775734353652,false,true
40,67,-0.5500000000000003,0.19999999999999973,-0.8176706433296205,false,true
41,67,-0.5,0.19999999999999973,-0.784545204767758,false,true
42,67,-0.4500000000000002,0.19999999999999973,-0.763936489415534,false,true
43,67,-0.40000000000000036,0.19999999999999973,-0.7634348745554662,true,false
44,67,-0.3500000000000001,0.19999999999999973,-0.7877211744993902,true,false
45,67,-0.30000000000000027,0.19999999999999973,-0.7965132768362737,true,false
46,67,-0.25,0.19999999999999973,-0.8187322616577148,true,false
47,67,-0.20000000000000018,0.19999999999999973,-0.8216526210308075,true,false
48,67,-0.1499999999999999,0.19999999999999973,-0.8229893445968628,true,false
49,67,-0.10000000000000009,0.19999999999999973,-0.8212215304374695,true,false
50,67,-0.050000000000000266,0.19999999999999973,-0.8181696112364507,true,false
51,67,0.0,0.19999999999999973,-0.8200726087301946,true,false
52,67,0.04999999999999982,0.19999999999999973,-0.8220954711645818,true,false
53,67,0.10000000000000009,0.19999999999999973,-0.8250598485678411,true,false
54,67,0.1499999999999999,0.19999999999999973,-0.8107622265815735,true,false
55,67,0.19999999999999973,0.19999999999999973,-0.8086203336715698,true,false
56,67,0.25,0.19999999999999973,-0.8074321746826172,true,false
57,67,0.2999999999999998,0.19999999999999973,-0.8267997081488347,true,false
58,67,0.3500000000000001,0.19999999999999973,-0.8159799662932742,true,false
59,67,0.3999999999999999,0.19999999999999973,-0.8165021029815066,true,false
60,67,0.44999999999999973,0.19999999999999973,-0.8095627725124359,true,false
61,67,0.5,0.19999999999999973,-0.8097530848777733,false,true
62,67,0.5499999999999998,0.19999999999999973,-0.8130750060081481,false,true
0,68,-2.5500000000000003,0.25,-0.7983117604101465,false,true
1,68,-2.5000000000000004,0.25,-0.8000316619869808,false,true
2,68,-2.45,0.25,-0.8000316619873047,false,true
3,68,-2.4000000000000004,0.25,-0.8000316619882817,false,true
4,68,-2.35,0.25,-0.8016862273210916,false,true
5,68,-2.3000000000000003,0.25,-0.8033407926522989,false,true
6,68,-2.25,0.25,-0.8033407926559448,false,true
7,68,-2.2,0.25,-0.8049829602241513,false,true
8,68,-2.1500000000000004,0.25,-0.8066251277923584,false,true
9,68,-2.1,0.25,-0.8066251277884235,false,true
10,68,-2.0500000000000003,0.25,-0.8078717999222564,false,true
11,68,-2.0,0.25,-0.8100000023841858,false,true
12,68,-1.9500000000000002,0.25,-0.8108105617873174,false,true
13,68,-1.9000000000000004,0.25,-0.8112853764882627,false,true
14,68,-1.85,0.25,-0.8112853765487671,false,true
15,68,-1.8000000000000003,0.25,-0.8112853764474242,false,true
16,68,-1.7500000000000002,0.25,-0.8130910838838046,false,true
17,68,-1.7000000000000002,0.25,-0.8148967912658125,false,true
18,68,-1.6500000000000004,0.25,-0.8148967921733856,false,true
19,68,-1.6,0.25,-0.8146679848424733,false,true
20,68,-1.5500000000000003,0.25,-0.8144391775131226,false,true
21,68,-1.5000000000000002,0.25,-0.8134267653057992,false,true
22,68,-1.4500000000000002,0.25,-0.812833708834954,false,true
23,68,-1.4000000000000001,0.25,-0.812833696603775,false,true
24,68,-1.35,0.25,-0.8110467635425517,false,true
25,68,-1.3000000000000003,0.25,-0.8100000023841858,false,true
26,68,-1.2500000000000002,0.25,-0.8100000023841858,false,true
27,68,-1.2000000000000002,0.25,-0.8106245090008003,false,true
28,68,-1.1500000000000001,0.25,-0.8109903863826113,false,true
29,68,-1.1,0.25,-0.8109905143393887,false,true
30,68,-1.0500000000000003,0.25,-0.8109908699989319,false,true
31,68,-1.0000000000000002,0.25,-0.8123622143343112,false,true
32,68,-0.9500000000000002,0.25,-0.8137334585189819,false,true
33,68,-0.9000000000000001,0.25,-0.8151400760783912,false,true
34,68,-0.8500000000000001,0.25,-0.8165464401245118,false,true
35,68,-0.8000000000000003,0.25,-0.8179742026712699,false,true
36,68,-0.7500000000000002,0.25,-0.8194012641906738,false,true
37,68,-0.7000000000000002,0.25,-0.7923213005851438,false,true
38,68,-0.6500000000000001,0.25,-0.7774587271634507,false,true
39,68,-0.6000000000000001,0.25,-0.7752799454748718,false,true
40,68,-0.5500000000000003,0.25,-0.7577211435049749,false,true
41,68,-0.5,0.25,-0.7587175044402233,false,true
42,68,-0.4500000000000002,0.25,-0.7578325766185311,false,true
43,68,-0.40000000000000036,0.25,-0.7577211435049749,true,false
44,68,-0.3500000000000001,0.25,-0.7654018576353765,true,false
45,68,-0.30000000000000027,0.25,-0.8092586994171143,true,false
46,68,-0.25,0.25,-0.8075609592303622,true,false
47,68,-0.20000000000000018,0.25,-0.8191736936569214,true,false
48,68,-0.1499999999999999,0.25,-0.8084215696066595,true,false
49,68,-0.10000000000000009,0.25,-0.8140370125979162,true,false
50,68,-0.050000000000000266,0.25,-0.8207054734230042,true,false
51,68,0.0,0.25,-0.8194666504859924,true,false
52,68,0.04999999999999982,0.25,-0.82332726075351,true,false
53,68,0.10000000000000009,0.25,-0.8145430982112885,true,false
54,68,0.1499999999999999,0.25,-0.8260424311369634,true,false
55,68,0.19999999999999973,0.25,-0.8198359397754061,true,false
56,68,0.25,0.25,-0.8095191717147827,true,false
57,68,0.2999999999999998,0.25,-0.816501983772217,true,false
58,68,0.3500000000000001,0.25,-0.8253329570502019,true,false
59,68,0.3999999999999999,0.25,-0.81114661693573,true,false
60,68,0.44999999999999973,0.25,-0.8115301132202148,true,false
61,68,0.5,0.25,-0.8130750060081482,true,false
62,68,0.5499999999999998,0.25,-0.8130750060081482,false,true
0,69,-2.5500000000000003,0.2999999999999998,-0.8000316619871705,false,true
1,69,-2.5000000000000004,0.2999999999999998,-0.8000316619873047,false,true
2,69,-2.45,0.2999999999999998,-0.8000316619877095,false,true
3,69,-2.4000000000000004,0.2999999999999998,-0.8016862273214039,false,true
4,69,-2.35,0.2999999999999998,-0.8033407926544347,false,true
5,69,-2.3000000000000003,0.2999999999999998,-0.8033407926559448,false,true
6,69,-2.25,0.2999999999999998,-0.8049829602241515,false,true
7,69,-2.2,0.2999999999999998,-0.8066251277923584,false,true
8,69,-2.1500000000000004,0.2999999999999998,-0.8066251277907286,false,true
9,69,-2.1,0.2999999999999998,-0.807871799925516,false,true
10,69,-2.0500000000000003,0.2999999999999998,-0.8100000023841858,false,true
11,69,-2.0,0.2999999999999998,-0.810810561808079,false,true
12,69,-1.9500000000000002,0.2999999999999998,-0.8112853765237054,false,true
13,69,-1.9000000000000004,0.2999999999999998,-0.8112853765487671,false,true
14,69,-1.85,0.2999999999999998,-0.8112853765067896,false,true
15,69,-1.8000000000000003,0.2999999999999998,-0.8130910841633839,false,true
16,69,-1.7500000000000002,0.2999999999999998,-0.8148967917974566,false,true
17,69,-1.7000000000000002,0.2999999999999998,-0.8148967921733856,false,true
18,69,-1.6500000000000004,0.2999999999999998,-0.8146679848430501,false,true
19,69,-1.6,0.2999999999999998,-0.8144391775131226,false,true
20,69,-1.5500000000000003,0.2999999999999998,-0.8134267611088469,false,true
21,69,-1.5000000000000002,0.2999999999999998,-0.8128337016700953,false,true
22,69,-1.4500000000000002,0.2999999999999998,-0.812833696603775,false,true
23,69,-1.4000000000000001,0.2999999999999998,-0.8110467635394747,false,true
24,69,-1.35,0.2999999999999998,-0.8100000023841858,false,true
25,69,-1.3000000000000003,0.2999999999999998,-0.8100000023841858,false,true
26,69,-1.2500000000000002,0.2999999999999998,-0.8106247037482691,false,true
27,69,-1.2000000000000002,0.2999999999999998,-0.8109906673294607,false,true
28,69,-1.1500000000000001,0.2999999999999998,-0.8109907226799256,false,true
29,69,-1.1,0.2999999999999998,-0.8109908699989319,false,true
30,69,-1.0500000000000003,0.2999999999999998,-0.8123621773388334,false,true
31,69,-1.0000000000000002,0.2999999999999998,-0.8137334585189819,false,true
32,69,-0.9500000000000002,0.2999999999999998,-0.8151399824310736,false,true
33,69,-0.9000000000000001,0.2999999999999998,-0.8165464401245118,false,true
34,69,-0.8500000000000001,0.2999999999999998,-0.8179739437131235,false,true
35,69,-0.8000000000000003,0.2999999999999998,-0.8194012641906738,false,true
36,69,-0.7500000000000002,0.2999999999999998,-0.7855818759664928,false,true
37,69,-0.7000000000000002,0.2999999999999998,-0.7656323878017893,false,true
38,69,-0.6500000000000001,0.2999999999999998,-0.7628639975324459,false,true
39,69,-0.6000000000000001,0.2999999999999998,-0.7577211435049749,false,true
40,69,-0.5500000000000003,0.2999999999999998,-0.757721143504975,false,true
41,69,-0.5,0.2999999999999998,-0.7577211435049749,false,true
42,69,-0.4500000000000002,0.2999999999999998,-0.7561590635397183,false,true
43,69,-0.40000000000000036,0.2999999999999998,-0.7523878689020849,true,false
44,69,-0.3500000000000001,0.2999999999999998,-0.7559839661329961,true,false
45,69,-0.30000000000000027,0.2999999999999998,-0.7949264223784185,true,false
46,69,-0.25,0.2999999999999998,-0.809643417596817,true,false
47,69,-0.20000000000000018,0.2999999999999998,-0.8033127362936712,true,false
48,69,-0.1499999999999999,0.2999999999999998,-0.819524347782135,true,false
49,69,-0.10000000000000009,0.2999999999999998,-0.8182113853797305,true,false
50,69,-0.050000000000000266,0.2999999999999998,-0.8177211458891607,true,false
51,69,0.0,0.2999999999999998,-0.8203615546226501,true,false
52,69,0.04999999999999982,0.2999999999999998,-0.8225403217181552,true,false
53,69,0.10000000000000009,0.2999999999999998,-0.8250743324965215,true,false
54,69,0.1499999999999999,0.2999999999999998,-0.8259030158728338,true,false
55,69,0.19999999999999973,0.2999999999999998,-0.8144762516021729,true,false
56,69,0.25,0.2999999999999998,-0.8149800896644592,true,false
57,69,0.2999999999999998,0.2999999999999998,-0.8113670945167542,true,false
58,69,0.3500000000000001,0.2999999999999998,-0.8110363483428955,true,false
59,69,0.3999999999999999,0.2999999999999998,-0.8228302772253728,true,false
60,69,0.44999999999999973,0.2999999999999998,-0.8161163318556013,false,true
61,69,0.5,0.2999999999999998,-0.8124350904629738,false,true
62,69,0.5499999999999998,0.2999999999999998,-0.8130750060081481,false,true
0,70,-2.5500000000000003,0.34999999999999964,-0.8000316619873047,false,true
1,70,-2.5000000000000004,0.34999999999999964,-0.8000316619874723,false,true
2,70,-2.45,0.34999999999999964,-0.8016862273215334,false,true
3,70,-2.4000000000000004,0.34999999999999964,-0.8033407926553194,false,true
4,70,-2.35,0.34999999999999964,-0.8033407926559448,false,true
5,70,-2.3000000000000003,0.34999999999999964,-0.8049829602241516,false,true
6,70,-2.25,0.34999999999999964,-0.8066251277923584,false,true
7,70,-2.2,0.34999999999999964,-0.8066251277916834,false,true
8,70,-2.1500000000000004,0.34999999999999964,-0.8078717999268663,false,true
9,70,-2.1,0.34999999999999964,-0.8100000023841858,false,true
10,70,-2.0500000000000003,0.34999999999999964,-0.810810561816679,false,true
11,70,-2.0,0.34999999999999964,-0.8112853765383862,false,true
12,70,-1.9500000000000002,0.34999999999999964,-0.8112853765487671,false,true
13,70,-1.9000000000000004,0.34999999999999964,-0.8112853765313793,false,true
14,70,-1.85,0.34999999999999964,-0.8130910842791895,false,true
15,70,-1.8000000000000003,0.34999999999999964,-0.8148967920176706,false,true
16,70,-1.7500000000000002,0.34999999999999964,-0.8148967921733856,false,true
17,70,-1.7000000000000002,0.34999999999999964,-0.8146679848432008,false,true
18,70,-1.6500000000000004,0.34999999999999964,-0.8144391775131226,false,true
19,70,-1.6,0.34999999999999964,-0.8134267593703866,false,true
20,70,-1.5500000000000003,0.34999999999999964,-0.8128336987023137,false,true
21,70,-1.5000000000000002,0.34999999999999964,-0.812833696603775,false,true
22,70,-1.4500000000000002,0.34999999999999964,-0.8110467635388374,false,true
23,70,-1.4000000000000001,0.34999999999999964,-0.8100000023841858,false,true
24,70,-1.35,0.34999999999999964,-0.8100000023841858,false,true
25,70,-1.3000000000000003,0.34999999999999964,-0.8106247860560122,false,true
26,70,-1.2500000000000002,0.34999999999999964,-0.8109907853624725,false,true
27,70,-1.2000000000000002,0.34999999999999964,-0.8109908089774014,false,true
28,70,-1.1500000000000001,0.34999999999999964,-0.8109908699989319,false,true
29,70,-1.1,0.34999999999999964,-0.8123621676754714,false,true
30,70,-1.0500000000000003,0.34999999999999964,-0.8137334585189819,false,true
31,70,-1.0000000000000002,0.34999999999999964,-0.8151399579700312,false,true
32,70,-0.9500000000000002,0.34999999999999964,-0.8165464401245118,false,true
33,70,-0.9000000000000001,0.34999999999999964,-0.8179738760722522,false,true
34,70,-0.8500000000000001,0.34999999999999964,-0.8194012641906738,false,true
35,70,-0.8000000000000003,0.34999999999999964,-0.7825097752132928,false,true
36,70,-0.7500000000000002,0.34999999999999964,-0.7606622261293783,false,true
37,70,-0.7000000000000002,0.34999999999999964,-0.7592274505749687,false,true
38,70,-0.6500000000000001,0.34999999999999964,-0.7577211435049749,false,true
39,70,-0.6000000000000001,0.34999999999999964,-0.7577211435049749,false,true
40,70,-0.5500000000000003,0.34999999999999964,-0.7577211435049749,false,true
41,70,-0.5,0.34999999999999964,-0.757721143504975,false,true
42,70,-0.4500000000000002,0.34999999999999964,-0.7577211435049749,true,false
43,70,-0.40000000000000036,0.34999999999999964,-0.7577211435049749,true,false
44,70,-0.3500000000000001,0.34999999999999964,-0.7277211721152044,true,false
45,70,-0.30000000000000027,0.34999999999999964,-0.7885878856390691,true,false
46,70,-0.25,0.34999999999999964,-0.8069010674953461,true,false
47,70,-0.20000000000000018,0.34999999999999964,-0.8072923421859741,true,false
48,70,-0.1499999999999999,0.34999999999999964,-0.8163922727108002,true,false
49,70,-0.10000000000000009,0.34999999999999964,-0.8175653008326876,true,false
50,70,-0.050000000000000266,0.34999999999999964,-0.8183992679327703,true,false
51,70,0.0,0.34999999999999964,-0.8238307622775424,true,false
52,70,0.04999999999999982,0.34999999999999964,-0.8240839119166112,true,false
53,70,0.10000000000000009,0.34999999999999964,-0.8255340035170293,true,false
54,70,0.1499999999999999,0.34999999999999964,-0.8246686458587646,true,false
55,70,0.19999999999999973,0.34999999999999964,-0.8268763001173711,true,false
56,70,0.25,0.34999999999999964,-0.8230141997337341,true,false
57,70,0.2999999999999998,0.34999999999999964,-0.8258174832075811,true,false
58,70,0.3500000000000001,0.34999999999999964,-0.8250158603399969,true,false
59,70,0.3999999999999999,0.34999999999999964,-0.8211183126181341,true,false
60,70,0.44999999999999973,0.34999999999999964,-0.8214468159704431,false,true
61,70,0.5,0.34999999999999964,-0.8166402269158862,false,true
62,70,0.5499999999999998,0.34999999999999964,-0.8128099443105634,false,true
0,71,-2.5500000000000003,0.3999999999999999,-0.8000316619873742,false,true
1,71,-2.5000000000000004,0.3999999999999999,-0.8016862273215869,false,true
2,71,-2.45,0.3999999999999999,-0.8033407926556858,false,true
3,71,-2.4000000000000004,0.3999999999999999,-0.8033407926559448,false,true
4,71,-2.35,0.3999999999999999,-0.8049829602241516,false,true
5,71,-2.3000000000000003,0.3999999999999999,-0.8066251277923584,false,true
6,71,-2.25,0.3999999999999999,-0.8066251277920788,false,true
7,71,-2.2,0.3999999999999999,-0.8078717999274256,false,true
8,71,-2.1500000000000004,0.3999999999999999,-0.8100000023841858,false,true
9,71,-2.1,0.3999999999999999,-0.8108105618202411,false,true
10,71,-2.0500000000000003,0.3999999999999999,-0.8112853765444671,false,true
11,71,-2.0,0.3999999999999999,-0.8112853765487671,false,true
12,71,-1.9500000000000002,0.3999999999999999,-0.8112853765415649,false,true
13,71,-1.9000000000000004,0.3999999999999999,-0.8130910843271578,false,true
14,71,-1.85,0.3999999999999999,-0.8148967921088864,false,true
15,71,-1.8000000000000003,0.3999999999999999,-0.8148967921733856,false,true
16,71,-1.7500000000000002,0.3999999999999999,-0.8146679848432402,false,true
17,71,-1.7000000000000002,0.3999999999999999,-0.8144391775131226,false,true
18,71,-1.6500000000000004,0.3999999999999999,-0.8134267586502872,false,true
19,71,-1.6,0.3999999999999999,-0.8128336974730181,false,true
20,71,-1.5500000000000003,0.3999999999999999,-0.812833696603775,false,true
21,71,-1.5000000000000002,0.3999999999999999,-0.8110467635387055,false,true
22,71,-1.4500000000000002,0.3999999999999999,-0.8100000023841858,false,true
23,71,-1.4000000000000001,0.3999999999999999,-0.8100000023841858,false,true
24,71,-1.35,0.3999999999999999,-0.8106248206312886,false,true
25,71,-1.3000000000000003,0.3999999999999999,-0.8109908347398475,false,true
26,71,-1.2500000000000002,0.3999999999999999,-0.8109908447229864,false,true
27,71,-1.2000000000000002,0.3999999999999999,-0.8109908699989319,false,true
28,71,-1.1500000000000001,0.3999999999999999,-0.8123621651513638,false,true
29,71,-1.1,0.3999999999999999,-0.8137334585189819,false,true
30,71,-1.0500000000000003,0.3999999999999999,-0.8151399515807123,false,true
31,71,-1.0000000000000002,0.3999999999999999,-0.8165464401245118,false,true
32,71,-0.9500000000000002,0.3999999999999999,-0.8179738584041946,false,true
33,71,-0.9000000000000001,0.3999999999999999,-0.8194012641906738,false,true
34,71,-0.8500000000000001,0.3999999999999999,-0.7812533187742504,false,true
35,71,-0.8000000000000003,0.3999999999999999,-0.7587653123528706,false,true
36,71,-0.7500000000000002,0.3999999999999999,-0.7581623306312267,false,true
37,71,-0.7000000000000002,0.3999999999999999,-0.7577211435049749,false,true
38,71,-0.6500000000000001,0.3999999999999999,-0.7577211435049749,false,true
39,71,-0.6000000000000001,0.3999999999999999,-0.7577211435049749,false,true
40,71,-0.5500000000000003,0.3999999999999999,-0.7577211435049749,false,true
41,71,-0.5,0.3999999999999999,-0.757721143504975,false,true
42,71,-0.4500000000000002,0.3999999999999999,-0.7577211435049749,true,false
43,71,-0.40000000000000036,0.3999999999999999,-0.7577211435049749,true,false
44,71,-0.3500000000000001,0.3999999999999999,-0.7577211435049749,true,false
45,71,-0.30000000000000027,0.3999999999999999,-0.7901742930620885,true,false
46,71,-0.25,0.3999999999999999,-0.8005609090536809,true,false
47,71,-0.20000000000000018,0.3999999999999999,-0.8099369406700134,true,false
48,71,-0.1499999999999999,0.3999999999999999,-0.8113297311171878,true,false
49,71,-0.10000000000000009,0.3999999999999999,-0.8146704609602666,true,false
50,71,-0.050000000000000266,0.3999999999999999,-0.8177211458891607,true,false
51,71,0.0,0.3999999999999999,-0.8286291062831879,true,false
52,71,0.04999999999999982,0.3999999999999999,-0.8329224288463593,true,false
53,71,0.10000000000000009,0.3999999999999999,-0.8285039663314819,true,false
54,71,0.1499999999999999,0.3999999999999999,-0.8288113474845886,true,false
55,71,0.19999999999999973,0.3999999999999999,-0.826712327739594,true,false
56,71,0.25,0.3999999999999999,-0.8268240268439031,true,false
57,71,0.2999999999999998,0.3999999999999999,-0.8257376427859044,true,false
58,71,0.3500000000000001,0.3999999999999999,-0.8232114489287115,true,false
59,71,0.3999999999999999,0.3999999999999999,-0.8205279286116338,true,false
60,71,0.44999999999999973,0.3999999999999999,-0.8198787604575385,false,true
61,71,0.5,0.3999999999999999,-0.8201233765843317,false,true
62,71,0.5499999999999998,0.3999999999999999,-0.8170886363993862,false,true
0,72,-2.5500000000000003,0.44999999999999973,-0.8020288990222597,false,true
1,72,-2.5000000000000004,0.44999999999999973,-0.8033407926558376,false,true
2,72,-2.45,0.44999999999999973,-0.8033407926559448,false,true
3,72,-2.4000000000000004,0.44999999999999973,-0.8049829602241516,false,true
4,72,-2.35,0.44999999999999973,-0.8066251277923584,false,true
5,72,-2.3000000000000003,0.44999999999999973,-0.8066251277922426,false,true
6,72,-2.25,0.44999999999999973,-0.8078717999276573,false,true
7,72,-2.2,0.44999999999999973,-0.8100000023841858,false,true
8,72,-2.1500000000000004,0.44999999999999973,-0.8108105618217166,false,true
9,72,-2.1,0.44999999999999973,-0.8112853765469861,false,true
10,72,-2.0500000000000003,0.44999999999999973,-0.8112853765487671,false,true
11,72,-2.0,0.44999999999999973,-0.8112853765457838,false,true
12,72,-1.9500000000000002,0.44999999999999973,-0.8130910843470269,false,true
13,72,-1.9000000000000004,0.44999999999999973,-0.8148967921466691,false,true
14,72,-1.85,0.44999999999999973,-0.8148967921733856,false,true
15,72,-1.8000000000000003,0.44999999999999973,-0.8146679848432505,false,true
16,72,-1.7500000000000002,0.44999999999999973,-0.8144391775131226,false,true
17,72,-1.7000000000000002,0.44999999999999973,-0.8134267583520113,false,true
18,72,-1.6500000000000004,0.44999999999999973,-0.8128336969638273,false,true
19,72,-1.6,0.44999999999999973,-0.812833696603775,false,true
20,72,-1.5500000000000003,0.44999999999999973,-0.8110467635386782,false,true
21,72,-1.5000000000000002,0.44999999999999973,-0.8100000023841858,false,true
22,72,-1.4500000000000002,0.44999999999999973,-0.8100000023841858,false,true
23,72,-1.4000000000000001,0.44999999999999973,-0.8106248350944583,false,true
24,72,-1.35,0.44999999999999973,-0.8109908553351185,false,true
25,72,-1.3000000000000003,0.44999999999999973,-0.8109908595292924,false,true
26,72,-1.2500000000000002,0.44999999999999973,-0.8109908699989319,false,true
27,72,-1.2000000000000002,0.44999999999999973,-0.8123621644920571,false,true
28,72,-1.1500000000000001,0.44999999999999973,-0.8137334585189819,false,true
29,72,-1.1,0.44999999999999973,-0.8151399499117974,false,true
30,72,-1.0500000000000003,0.44999999999999973,-0.8165464401245118,false,true
31,72,-1.0000000000000002,0.44999999999999973,-0.8179738537892294,false,true
32,72,-0.9500000000000002,0.44999999999999973,-0.8194012641906738,false,true
33,72,-0.9000000000000001,0.44999999999999973,-0.7807735968422552,false,true
34,72,-0.8500000000000001,0.44999999999999973,-0.7580804984535509,false,true
35,72,-0.8000000000000003,0.44999999999999973,-0.7578503642224819,false,true
36,72,-0.7500000000000002,0.44999999999999973,-0.7577211435049749,false,true
37,72,-0.7000000000000002,0.44999999999999973,-0.7577211435049749,false,true
38,72,-0.6500000000000001,0.44999999999999973,-0.7577211435049749,false,true
39,72,-0.6000000000000001,0.44999999999999973,-0.7577211435049749,false,true
40,72,-0.5500000000000003,0.44999999999999973,-0.757721143504975,false,true
41,72,-0.5,0.44999999999999973,-0.7577211435049749,false,true
42,72,-0.4500000000000002,0.44999999999999973,-0.7512199761844467,false,true
43,72,-0.40000000000000036,0.44999999999999973,-0.7445898826330877,true,false
44,72,-0.3500000000000001,0.44999999999999973,-0.7601939912050939,true,false
45,72,-0.30000000000000027,0.44999999999999973,-0.7868502910345769,true,false
46,72,-0.25,0.44999999999999973,-0.8020426209181524,true,false
47,72,-0.20000000000000018,0.44999999999999973,-0.8091099051341403,true,false
48,72,-0.1499999999999999,0.44999999999999973,-0.8103113348692632,true,false
49,72,-0.10000000000000009,0.44999999999999973,-0.8217542171478271,true,false
50,72,-0.050000000000000266,0.44999999999999973,-0.8183148975580907,true,false
51,72,0.0,0.44999999999999973,-0.8230596358984685,true,false
52,72,0.04999999999999982,0.44999999999999973,-0.8258369143217779,true,false
53,72,0.10000000000000009,0.44999999999999973,-0.8259535010069585,true,false
54,72,0.1499999999999999,0.44999999999999973,-0.8264157946318365,true,false
55,72,0.19999999999999973,0.44999999999999973,-0.8266409809797979,true,false
56,72,0.25,0.44999999999999973,-0.8258108372896886,true,false
57,72,0.2999999999999998,0.44999999999999973,-0.8246408577173925,true,false
58,72,0.3500000000000001,0.44999999999999973,-0.8222958619803167,true,false
59,72,0.3999999999999999,0.44999999999999973,-0.8177211458891607,true,false
60,72,0.44999999999999973,0.44999999999999973,-0.8191458766423062,false,true
61,72,0.5,0.44999999999999973,-0.8192962595362898,false,true
62,72,0.5499999999999998,0.44999999999999973,-0.8194338797656855,false,true
0,73,-2.5500000000000003,0.5,-0.8033407926559004,false,true
1,73,-2.5000000000000004,0.5,-0.8033407926559448,false,true
2,73,-2.45,0.5,-0.8049829602241516,false,true
3,73,-2.4000000000000004,0.5,-0.8066251277923584,false,true
4,73,-2.35,0.5,-0.8066251277923103,false,true
5,73,-2.3000000000000003,0.5,-0.8078717999277533,false,true
6,73,-2.25,0.5,-0.8100000023841858,false,true
7,73,-2.2,0.5,-0.8108105618223277,false,true
8,73,-2.1500000000000004,0.5,-0.8112853765480293,false,true
9,73,-2.1,0.5,-0.8112853765487671,false,true
10,73,-2.0500000000000003,0.5,-0.8112853765475313,false,true
11,73,-2.0,0.5,-0.8130910843552569,false,true
12,73,-1.9500000000000002,0.5,-0.8148967921623193,false,true
13,73,-1.9000000000000004,0.5,-0.8148967921733856,false,true
14,73,-1.85,0.5,-0.8146679848432531,false,true
15,73,-1.8000000000000003,0.5,-0.8144391775131226,false,true
16,73,-1.7500000000000002,0.5,-0.8134267582284612,false,true
17,73,-1.7000000000000002,0.5,-0.8128336967529136,false,true
18,73,-1.6500000000000004,0.5,-0.812833696603775,false,true
19,73,-1.6,0.5,-0.8110467635386724,false,true
20,73,-1.5500000000000003,0.5,-0.8100000023841858,false,true
21,73,-1.5000000000000002,0.5,-0.8100000023841858,false,true
22,73,-1.4500000000000002,0.5,-0.8106248411268542,false,true
23,73,-1.4000000000000001,0.5,-0.8109908639076943,false,true
24,73,-1.35,0.5,-0.8109908656622652,false,true
25,73,-1.3000000000000003,0.5,-0.8109908699989319,false,true
26,73,-1.2500000000000002,0.5,-0.8123621643198435,false,true
27,73,-1.2000000000000002,0.5,-0.8137334585189819,false,true
28,73,-1.1500000000000001,0.5,-0.8151399494758703,false,true
29,73,-1.1,0.5,-0.8165464401245118,false,true
30,73,-1.0500000000000003,0.5,-0.8179738525837826,false,true
31,73,-1.0000000000000002,0.5,-0.8194012641906738,false,true
32,73,-0.9500000000000002,0.5,-0.7805988673546612,false,true
33,73,-0.9000000000000001,0.5,-0.7578420732344028,false,true
34,73,-0.8500000000000001,0.5,-0.757758991376863,false,true
35,73,-0.8000000000000003,0.5,-0.7577211435049749,false,true
36,73,-0.7500000000000002,0.5,-0.7577211435049749,false,true
37,73,-0.7000000000000002,0.5,-0.7577211435049749,false,true
38,73,-0.6500000000000001,0.5,-0.7577211435049749,false,true
39,73,-0.6000000000000001,0.5,-0.757721143504975,false,true
40,73,-0.5500000000000003,0.5,-0.7577211435049749,false,true
41,73,-0.5,0.5,-0.7532343119846279,false,true
42,73,-0.4500000000000002,0.5,-0.7487595554717061,false,true
43,73,-0.40000000000000036,0.5,-0.7449011380881048,true,false
44,73,-0.3500000000000001,0.5,-0.7577211435049749,true,false
45,73,-0.30000000000000027,0.5,-0.7877211744993902,true,false
46,73,-0.25,0.5,-0.7999596173971868,true,false
47,73,-0.20000000000000018,0.5,-0.8070339734762884,true,false
48,73,-0.1499999999999999,0.5,-0.8124811525553441,true,false
49,73,-0.10000000000000009,0.5,-0.8345634937286377,true,false
50,73,-0.050000000000000266,0.5,-0.8211537773817754,true,false
51,73,0.0,0.5,-0.8232329066008306,true,false
52,73,0.04999999999999982,0.5,-0.8253265197485662,true,false
53,73,0.10000000000000009,0.5,-0.8262398417204595,true,false
54,73,0.1499999999999999,0.5,-0.8262341196745611,true,false
55,73,0.19999999999999973,0.5,-0.8260153110235906,true,false
56,73,0.25,0.5,-0.8248692627161718,true,false
57,73,0.2999999999999998,0.5,-0.8235685403555608,true,false
58,73,0.3500000000000001,0.5,-0.8217445190161443,true,false
59,73,0.3999999999999999,0.5,-0.8197786982268072,true,false
60,73,0.44999999999999973,0.5,-0.8189264321432616,false,true
61,73,0.5,0.5,-0.8189390073419077,false,true
62,73,0.5499999999999998,0.5,-0.8189549654342096,false,true
0,74,-2.5500000000000003,0.5499999999999998,-0.8033407926559448,false,true
1,74,-2.5000000000000004,0.5499999999999998,-0.8049829602241516,false,true
2,74,-2.45,0.5499999999999998,-0.8066251277923584,false,true
3,74,-2.4000000000000004,0.5499999999999998,-0.8066251277923384,false,true
4,74,-2.35,0.5499999999999998,-0.8078717999277929,false,true
5,74,-2.3000000000000003,0.5499999999999998,-0.8100000023841858,false,true
6,74,-2.25,0.5499999999999998,-0.8108105618225808,false,true
7,74,-2.2,0.5499999999999998,-0.8112853765484616,false,true
8,74,-2.1500000000000004,0.5499999999999998,-0.8112853765487671,false,true
9,74,-2.1,0.5499999999999998,-0.8112853765482553,false,true
10,74,-2.0500000000000003,0.5499999999999998,-0.813091084358666,false,true
11,74,-2.0,0.5499999999999998,-0.8148967921688018,false,true
12,74,-1.9500000000000002,0.5499999999999998,-0.8148967921733856,false,true
13,74,-1.9000000000000004,0.5499999999999998,-0.8146679848432538,false,true
14,74,-1.85,0.5499999999999998,-0.8144391775131226,false,true
15,74,-1.8000000000000003,0.5499999999999998,-0.8134267581772849,false,true
16,74,-1.7500000000000002,0.5499999999999998,-0.8128336966655504,false,true
17,74,-1.7000000000000002,0.5499999999999998,-0.812833696603775,false,true
18,74,-1.6500000000000004,0.5499999999999998,-0.8110467635386711,false,true
19,74,-1.6,0.5499999999999998,-0.8100000023841858,false,true
20,74,-1.5500000000000003,0.5499999999999998,-0.8100000023841858,false,true
21,74,-1.5000000000000002,0.5499999999999998,-0.8106248436377407,false,true
22,74,-1.4500000000000002,0.5499999999999998,-0.8109908674707953,false,true
23,74,-1.4000000000000001,0.5499999999999998,-0.8109908682026258,false,true
24,74,-1.35,0.5499999999999998,-0.8109908699989319,false,true
25,74,-1.3000000000000003,0.5499999999999998,-0.8123621642748607,false,true
26,74,-1.2500000000000002,0.5499999999999998,-0.8137334585189819,false,true
27,74,-1.2000000000000002,0.5499999999999998,-0.8151399493620044,false,true
28,74,-1.1500000000000001,0.5499999999999998,-0.8165464401245118,false,true
29,74,-1.1,0.5499999999999998,-0.8179738522689153,false,true
30,74,-1.0500000000000003,0.5499999999999998,-0.8194012641906738,false,true
31,74,-1.0000000000000002,0.5499999999999998,-0.7805373557915645,false,true
32,74,-0.9500000000000002,0.5499999999999998,-0.7577611547194977,false,true
33,74,-0.9000000000000001,0.5499999999999998,-0.7577322288899974,false,true
34,74,-0.8500000000000001,0.5499999999999998,-0.7577211435049749,false,true
35,74,-0.8000000000000003,0.5499999999999998,-0.7577211435049749,false,true
36,74,-0.7500000000000002,0.5499999999999998,-0.7577211435049749,false,true
37,74,-0.7000000000000002,0.5499999999999998,-0.7577211435049749,false,true
38,74,-0.6500000000000001,0.5499999999999998,-0.757721143504975,false,true
39,74,-0.6000000000000001,0.5499999999999998,-0.7577211435049749,false,true
40,74,-0.5500000000000003,0.5499999999999998,-0.7560777019327964,false,true
41,74,-0.5,0.5499999999999998,-0.7546921681184037,false,true
42,74,-0.4500000000000002,0.5499999999999998,-0.7552315711455426,false,true
43,74,-0.40000000000000036,0.5499999999999998,-0.75838585450351,true,false
44,74,-0.3500000000000001,0.5499999999999998,-0.7602313037127233,true,false
45,74,-0.30000000000000027,0.5499999999999998,-0.7898657496184087,true,false
46,74,-0.25,0.5499999999999998,-0.8003162021845556,true,false
47,74,-0.20000000000000018,0.5499999999999998,-0.8063087041586614,true,false
48,74,-0.1499999999999999,0.5499999999999998,-0.8135418470114446,true,false
49,74,-0.10000000000000009,0.5499999999999998,-0.8177211458891607,true,false
50,74,-0.050000000000000266,0.5499999999999998,-0.8217534597128606,true,false
51,74,0.0,0.5499999999999998,-0.823654728671906,true,false
52,74,0.04999999999999982,0.5499999999999998,-0.8256122942179418,true,false
53,74,0.10000000000000009,0.5499999999999998,-0.8258953566759801,true,false
54,74,0.1499999999999999,0.5499999999999998,-0.8260786111563421,true,false
55,74,0.19999999999999973,0.5499999999999998,-0.8252158637255407,true,false
56,74,0.25,0.5499999999999998,-0.8243073399275518,true,false
57,74,0.2999999999999998,0.5499999999999998,-0.8232833321303106,true,false
58,74,0.3500000000000001,0.5499999999999998,-0.8179823930472112,true,false
59,74,0.3999999999999999,0.5499999999999998,-0.8190142453653463,false,true
60,74,0.44999999999999973,0.5499999999999998,-0.8187499220579839,false,true
61,74,0.5,0.5499999999999998,-0.8186362394826924,false,true
62,74,0.5499999999999998,0.5499999999999998,-0.8186577651691825,false,true
0,75,-2.5500000000000003,0.5999999999999996,-0.8049829602241516,false,true
1,75,-2.5000000000000004,0.5999999999999996,-0.8066251277923584,false,true
2,75,-2.45,0.5999999999999996,-0.8066251277923502,false,true
3,75,-2.4000000000000004,0.5999999999999996,-0.8078717999278094,false,true
4,75,-2.35,0.5999999999999996,-0.8100000023841858,false,true
5,75,-2.3000000000000003,0.5999999999999996,-0.8108105618226856,false,true
6,75,-2.25,0.5999999999999996,-0.8112853765486405,false,true
7,75,-2.2,0.5999999999999996,-0.8112853765487671,false,true
8,75,-2.1500000000000004,0.5999999999999996,-0.811285376548555,false,true
9,75,-2.1,0.5999999999999996,-0.813091084360078,false,true
10,75,-2.0500000000000003,0.5999999999999996,-0.8148967921714869,false,true
11,75,-2.0,0.5999999999999996,-0.8148967921733856,false,true
12,75,-1.9500000000000002,0.5999999999999996,-0.8146679848432541,false,true
13,75,-1.9000000000000004,0.5999999999999996,-0.8144391775131226,false,true
14,75,-1.85,0.5999999999999996,-0.813426758156087,false,true
15,75,-1.8000000000000003,0.5999999999999996,-0.8128336966293632,false,true
16,75,-1.7500000000000002,0.5999999999999996,-0.812833696603775,false,true
17,75,-1.7000000000000002,0.5999999999999996,-0.8110467635386709,false,true
18,75,-1.6500000000000004,0.5999999999999996,-0.8100000023841858,false,true
19,75,-1.6,0.5999999999999996,-0.8100000023841858,false,true
20,75,-1.5500000000000003,0.5999999999999996,-0.8106248446813568,false,true
21,75,-1.5000000000000002,0.5999999999999996,-0.8109908689502603,false,true
22,75,-1.4500000000000002,0.5999999999999996,-0.8109908692548775,false,true
23,75,-1.4000000000000001,0.5999999999999996,-0.8109908699989319,false,true
24,75,-1.35,0.5999999999999996,-0.812362164263111,false,true
25,75,-1.3000000000000003,0.5999999999999996,-0.8137334585189819,false,true
26,75,-1.2500000000000002,0.5999999999999996,-0.8151399493322623,false,true
27,75,-1.2000000000000002,0.5999999999999996,-0.8165464401245118,false,true
28,75,-1.1500000000000001,0.5999999999999996,-0.8179738521866706,false,true
29,75,-1.1,0.5999999999999996,-0.8194012641906738,false,true
30,75,-1.0500000000000003,0.5999999999999996,-0.7805162481550578,false,true
31,75,-1.0000000000000002,0.5999999999999996,-0.7577342074011044,false,true
32,75,-0.9500000000000002,0.5999999999999996,-0.7577243903390758,false,true
33,75,-0.9000000000000001,0.5999999999999996,-0.7577211435049749,false,true
34,75,-0.8500000000000001,0.5999999999999996,-0.7577211435049749,false,true
35,75,-0.8000000000000003,0.5999999999999996,-0.7577211435049749,false,true
36,75,-0.7500000000000002,0.5999999999999996,-0.7577211435049749,false,true
37,75,-0.7000000000000002,0.5999999999999996,-0.757721143504975,false,true
38,75,-0.6500000000000001,0.5999999999999996,-0.7577211435049749,false,true
39,75,-0.6000000000000001,0.5999999999999996,-0.7577514492394718,false,true
40,75,-0.5500000000000003,0.5999999999999996,-0.7578055376110128,false,true
41,75,-0.5,0.5999999999999996,-0.7585563552320633,false,true
42,75,-0.4500000000000002,0.5999999999999996,-0.7598619496885363,false,true
43,75,-0.40000000000000036,0.5999999999999996,-0.7611011738985753,true,false
44,75,-0.3500000000000001,0.5999999999999996,-0.7669692809790349,true,false
45,75,-0.30000000000000027,0.5999999999999996,-0.7877211744993902,true,false
46,75,-0.25,0.5999999999999996,-0.8055081541746831,true,false
47,75,-0.20000000000000018,0.5999999999999996,-0.8112378592699743,true,false
48,75,-0.1499999999999999,0.5999999999999996,-0.8177211458891607,true,false
49,75,-0.10000000000000009,0.5999999999999996,-0.818769531986115,true,false
50,75,-0.050000000000000266,0.5999999999999996,-0.8245165522307134,true,false
51,75,0.0,0.5999999999999996,-0.8250109429568029,true,false
52,75,0.04999999999999982,0.5999999999999996,-0.8263761575430608,true,false
53,75,0.10000000000000009,0.5999999999999996,-0.8257051284521795,true,false
54,75,0.1499999999999999,0.5999999999999996,-0.8252113933771825,true,false
55,75,0.19999999999999973,0.5999999999999996,-0.8253838594168401,true,false
56,75,0.25,0.5999999999999996,-0.8240730936735845,true,false
57,75,0.2999999999999998,0.5999999999999996,-0.8229390258997655,true,false
58,75,0.3500000000000001,0.5999999999999996,-0.8184908504694677,true,false
59,75,0.3999999999999999,0.5999999999999996,-0.8177211458891607,true,false
60,75,0.44999999999999973,0.5999999999999996,-0.8181852753823406,false,true
61,75,0.5,0.5999999999999996,-0.8184069649142309,false,true
62,75,0.5499999999999998,0.5999999999999996,-0.81863512199356,false,true
0,76,-2.5500000000000003,0.6499999999999999,-0.8066251277923584,false,true
1,76,-2.5000000000000004,0.6499999999999999,-0.8066251277923551,false,true
2,76,-2.45,0.6499999999999999,-0.8078717999278162,false,true
3,76,-2.4000000000000004,0.6499999999999999,-0.8100000023841858,false,true
4,76,-2.35,0.6499999999999999,-0.810810561822729,false,true
5,76,-2.3000000000000003,0.6499999999999999,-0.8112853765487147,false,true
6,76,-2.25,0.6499999999999999,-0.8112853765487671,false,true
7,76,-2.2,0.6499999999999999,-0.8112853765486793,false,true
8,76,-2.1500000000000004,0.6499999999999999,-0.8130910843606629,false,true
9,76,-2.1,0.6499999999999999,-0.8148967921725992,false,true
10,76,-2.0500000000000003,0.6499999999999999,-0.8148967921733856,false,true
11,76,-2.0,0.6499999999999999,-0.8146679848432541,false,true
12,76,-1.9500000000000002,0.6499999999999999,-0.8144391775131226,false,true
13,76,-1.9000000000000004,0.6499999999999999,-0.8134267581473067,false,true
14,76,-1.85,0.6499999999999999,-0.812833696614374,false,true
15,76,-1.8000000000000003,0.6499999999999999,-0.812833696603775,false,true
16,76,-1.7500000000000002,0.6499999999999999,-0.8110467635386709,false,true
17,76,-1.7000000000000002,0.6499999999999999,-0.8100000023841858,false,true
18,76,-1.6500000000000004,0.6499999999999999,-0.8100000023841858,false,true
19,76,-1.6,0.6499999999999999,-0.8106248451146837,false,true
20,76,-1.5500000000000003,0.6499999999999999,-0.8109908695641235,false,true
21,76,-1.5000000000000002,0.6499999999999999,-0.8109908696907345,false,true
22,76,-1.4500000000000002,0.6499999999999999,-0.8109908699989319,false,true
23,76,-1.4000000000000001,0.6499999999999999,-0.812362164260042,false,true
24,76,-1.35,0.6499999999999999,-0.8137334585189819,false,true
25,76,-1.3000000000000003,0.6499999999999999,-0.8151399493244936,false,true
26,76,-1.2500000000000002,0.6499999999999999,-0.8165464401245118,false,true
27,76,-1.2000000000000002,0.6499999999999999,-0.817973852165188,false,true
28,76,-1.1500000000000001,0.6499999999999999,-0.8194012641906738,false,true
29,76,-1.1,0.6499999999999999,-0.7805091471044574,false,true
30,76,-1.0500000000000003,0.6499999999999999,-0.757725363738591,false,true
31,76,-1.0000000000000002,0.6499999999999999,-0.7577220944806656,false,true
32,76,-0.9500000000000002,0.6499999999999999,-0.7577211435049749,false,true
33,76,-0.9000000000000001,0.6499999999999999,-0.7577211435049749,false,true
34,76,-0.8500000000000001,0.6499999999999999,-0.7577211435049749,false,true
35,76,-0.8000000000000003,0.6499999999999999,-0.7577211435049749,false,true
36,76,-0.7500000000000002,0.6499999999999999,-0.757721143504975,false,true
37,76,-0.7000000000000002,0.6499999999999999,-0.7577211435049749,false,true
38,76,-0.6500000000000001,0.6499999999999999,-0.7584232748037819,false,true
39,76,-0.6000000000000001,0.6499999999999999,-0.758959472511514,false,true
40,76,-0.5500000000000003,0.6499999999999999,-0.7593915628182906,false,true
41,76,-0.5,0.6499999999999999,-0.7598570906410633,false,true
42,76,-0.4500000000000002,0.6499999999999999,-0.7600347499312805,false,true
43,76,-0.40000000000000036,0.6499999999999999,-0.7595855171889043,true,false
44,76,-0.3500000000000001,0.6499999999999999,-0.769988911888001,true,false
45,76,-0.30000000000000027,0.6499999999999999,-0.7885224993437505,true,false
46,76,-0.25,0.6499999999999999,-0.8050567383974767,true,false
47,76,-0.20000000000000018,0.6499999999999999,-0.8141188795775152,true,false
48,76,-0.1499999999999999,0.6499999999999999,-0.8177211458891607,true,false
49,76,-0.10000000000000009,0.6499999999999999,-0.8237443740576482,true,false
50,76,-0.050000000000000266,0.6499999999999999,-0.8266938502997137,true,false
51,76,0.0,0.6499999999999999,-0.8276953275412298,true,false
52,76,0.04999999999999982,0.6499999999999999,-0.827835636875031,true,false
53,76,0.10000000000000009,0.6499999999999999,-0.8263020093649602,true,false
54,76,0.1499999999999999,0.6499999999999999,-0.8252155358999944,true,false
55,76,0.19999999999999973,0.6499999999999999,-0.8253640706747747,true,false
56,76,0.25,0.6499999999999999,-0.8251565869063116,true,false
57,76,0.2999999999999998,0.6499999999999999,-0.8236459071844793,true,false
58,76,0.3500000000000001,0.6499999999999999,-0.8177211458891607,true,false
59,76,0.3999999999999999,0.6499999999999999,-0.8188416536062932,true,false
60,76,0.44999999999999973,0.6499999999999999,-0.8183775241131133,false,true
61,76,0.5,0.6499999999999999,-0.8189566673403661,false,true
62,76,0.5499999999999998,0.6499999999999999,-0.8191999114778795,false,true
0,77,-2.5500000000000003,0.6999999999999997,-0.8066251277923571,false,true
1,77,-2.5000000000000004,0.6999999999999997,-0.8078717999278191,false,true
2,77,-2.45,0.6999999999999997,-0.8100000023841858,false,true
3,77,-2.4000000000000004,0.6999999999999997,-0.810810561822747,false,true
4,77,-2.35,0.6999999999999997,-0.8112853765487453,false,true
5,77,-2.3000000000000003,0.6999999999999997,-0.8112853765487671,false,true
6,77,-2.25,0.6999999999999997,-0.8112853765487307,false,true
7,77,-2.2,0.6999999999999997,-0.8130910843609052,false,true
8,77,-2.1500000000000004,0.6999999999999997,-0.8148967921730599,false,true
9,77,-2.1,0.6999999999999997,-0.8148967921733856,false,true
10,77,-2.0500000000000003,0.6999999999999997,-0.8146679848432541,false,true
11,77,-2.0,0.6999999999999997,-0.8144391775131226,false,true
12,77,-1.9500000000000002,0.6999999999999997,-0.8134267581436696,false,true
13,77,-1.9000000000000004,0.6999999999999997,-0.8128336966081652,false,true
14,77,-1.85,0.6999999999999997,-0.812833696603775,false,true
15,77,-1.8000000000000003,0.6999999999999997,-0.8110467635386709,false,true
16,77,-1.7500000000000002,0.6999999999999997,-0.8100000023841858,false,true
17,77,-1.7000000000000002,0.6999999999999997,-0.8100000023841858,false,true
18,77,-1.6500000000000004,0.6999999999999997,-0.8106248452944803,false,true
19,77,-1.6,0.6999999999999997,-0.8109908698187012,false,true
20,77,-1.5500000000000003,0.6999999999999997,-0.8109908698712724,false,true
21,77,-1.5000000000000002,0.6999999999999997,-0.8109908699989319,false,true
22,77,-1.4500000000000002,0.6999999999999997,-0.8123621642592403,false,true
23,77,-1.4000000000000001,0.6999999999999997,-0.8137334585189819,false,true
24,77,-1.35,0.6999999999999997,-0.8151399493224644,false,true
25,77,-1.3000000000000003,0.6999999999999997,-0.8165464401245118,false,true
26,77,-1.2500000000000002,0.6999999999999997,-0.8179738521595767,false,true
27,77,-1.2000000000000002,0.6999999999999997,-0.8194012641906738,false,true
28,77,-1.1500000000000001,0.6999999999999997,-0.7805067953911968,false,true
29,77,-1.1,0.6999999999999997,-0.7577224949554803,false,true
30,77,-1.0500000000000003,0.6999999999999997,-0.7577214220393059,false,true
31,77,-1.0000000000000002,0.6999999999999997,-0.7577211435049749,false,true
32,77,-0.9500000000000002,0.6999999999999997,-0.7577211435049749,false,true
33,77,-0.9000000000000001,0.6999999999999997,-0.7577211435049749,false,true
34,77,-0.8500000000000001,0.6999999999999997,-0.7577211435049749,false,true
35,77,-0.8000000000000003,0.6999999999999997,-0.757721143504975,false,true
36,77,-0.7500000000000002,0.6999999999999997,-0.7577211435049749,false,true
37,77,-0.7000000000000002,0.6999999999999997,-0.7585358176078892,false,true
38,77,-0.6500000000000001,0.6999999999999997,-0.7591280826450134,false,true
39,77,-0.6000000000000001,0.6999999999999997,-0.759329765903044,false,true
40,77,-0.5500000000000003,0.6999999999999997,-0.759502339440002,false,true
41,77,-0.5,0.6999999999999997,-0.7595684146438901,false,true
42,77,-0.4500000000000002,0.6999999999999997,-0.7596009834158839,false,true
43,77,-0.40000000000000036,0.6999999999999997,-0.759603637000916,true,false
44,77,-0.3500000000000001,0.6999999999999997,-0.7608893091887212,true,false
45,77,-0.30000000000000027,0.6999999999999997,-0.7903630609720922,true,false
46,77,-0.25,0.6999999999999997,-0.8049098427504278,true,false
47,77,-0.20000000000000018,0.6999999999999997,-0.8126112992972112,true,false
48,77,-0.1499999999999999,0.6999999999999997,-0.8181812043398595,true,false
49,77,-0.10000000000000009,0.6999999999999997,-0.8233245487421728,true,false
50,77,-0.050000000000000266,0.6999999999999997,-0.8266147847384191,true,false
51,77,0.0,0.6999999999999997,-0.8271736676901555,true,false
52,77,0.04999999999999982,0.6999999999999997,-0.8272411103457189,true,false
53,77,0.10000000000000009,0.6999999999999997,-0.8255198176115728,true,false
54,77,0.1499999999999999,0.6999999999999997,-0.8237993891447759,true,false
55,77,0.19999999999999973,0.6999999999999997,-0.8244370992392278,true,false
56,77,0.25,0.6999999999999997,-0.8246295030325628,true,false
57,77,0.2999999999999998,0.6999999999999997,-0.8235336716383672,true,false
58,77,0.3500000000000001,0.6999999999999997,-0.8217323596686101,true,false
59,77,0.3999999999999999,0.6999999999999997,-0.8208570271812652,false,true
60,77,0.44999999999999973,0.6999999999999997,-0.820547091504929,false,true
61,77,0.5,0.6999999999999997,-0.8203368571997672,false,true
62,77,0.5499999999999998,0.6999999999999997,-0.8202858458035068,false,true
0,78,-2.5500000000000003,0.75,-0.8081974355204123,false,true
1,78,-2.5000000000000004,0.75,-0.8100000023841858,false,true
2,78,-2.45,0.75,-0.8108105618227546,false,true
3,78,-2.4000000000000004,0.75,-0.8112853765487581,false,true
4,78,-2.35,0.75,-0.8112853765487671,false,true
5,78,-2.3000000000000003,0.75,-0.811285376548752,false,true
6,78,-2.25,0.75,-0.8130910843610055,false,true
7,78,-2.2,0.75,-0.8148967921732506,false,true
8,78,-2.1500000000000004,0.75,-0.8148967921733856,false,true
9,78,-2.1,0.75,-0.8146679848432541,false,true
10,78,-2.0500000000000003,0.75,-0.8144391775131226,false,true
11,78,-2.0,0.75,-0.8134267581421631,false,true
12,78,-1.9500000000000002,0.75,-0.8128336966055935,false,true
13,78,-1.9000000000000004,0.75,-0.812833696603775,false,true
14,78,-1.85,0.75,-0.8110467635386709,false,true
15,78,-1.8000000000000003,0.75,-0.8100000023841858,false,true
16,78,-1.7500000000000002,0.75,-0.8100000023841858,false,true
17,78,-1.7000000000000002,0.75,-0.8106248453690444,false,true
18,78,-1.6500000000000004,0.75,-0.8109908699242406,false,true
19,78,-1.6,0.75,-0.8109908699460536,false,true
20,78,-1.5500000000000003,0.75,-0.8109908699989319,false,true
21,78,-1.5000000000000002,0.75,-0.812362164259031,false,true
22,78,-1.4500000000000002,0.75,-0.8137334585189819,false,true
23,78,-1.4000000000000001,0.75,-0.8151399493219343,false,true
24,78,-1.35,0.75,-0.8165464401245118,false,true
25,78,-1.3000000000000003,0.75,-0.8179738521581111,false,true
26,78,-1.2500000000000002,0.75,-0.8194012641906738,false,true
27,78,-1.2000000000000002,0.75,-0.7805060263910477,false,true
28,78,-1.1500000000000001,0.75,-0.7577215731275442,false,true
29,78,-1.1,0.75,-0.7577212250857918,false,true
30,78,-1.0500000000000003,0.75,-0.7577211435049749,false,true
31,78,-1.0000000000000002,0.75,-0.7577211435049749,false,true
32,78,-0.9500000000000002,0.75,-0.7577211435049749,false,true
33,78,-0.9000000000000001,0.75,-0.7577211435049749,false,true
34,78,-0.8500000000000001,0.75,-0.757721143504975,false,true
35,78,-0.8000000000000003,0.75,-0.7577211435049749,false,true
36,78,-0.7500000000000002,0.75,-0.7584282301301014,false,true
37,78,-0.7000000000000002,0.75,-0.7589046454761332,false,true
38,78,-0.6500000000000001,0.75,-0.7589628943292318,false,true
39,78,-0.6000000000000001,0.75,-0.7590114695797024,false,true
40,78,-0.5500000000000003,0.75,-0.7590239131513244,false,true
41,78,-0.5,0.75,-0.7590541437894651,false,true
42,78,-0.4500000000000002,0.75,-0.759056020157436,false,true
43,78,-0.40000000000000036,0.75,-0.7596126969069219,true,false
44,78,-0.3500000000000001,0.75,-0.7669038350790716,true,false
45,78,-0.30000000000000027,0.75,-0.7877211744993902,true,false
46,78,-0.25,0.75,-0.8084414775580144,true,false
47,78,-0.20000000000000018,0.75,-0.8129711325377202,true,false
48,78,-0.1499999999999999,0.75,-0.8177211458891607,true,false
49,78,-0.10000000000000009,0.75,-0.8223248596399999,true,false
50,78,-0.050000000000000266,0.75,-0.8239623780459142,true,false
51,78,0.0,0.75,-0.8255452389925695,true,false
52,78,0.04999999999999982,0.75,-0.8254977340906835,true,false
53,78,0.10000000000000009,0.75,-0.82331864788234,true,false
54,78,0.1499999999999999,0.75,-0.8221876199454046,true,false
55,78,0.19999999999999973,0.75,-0.8220340187758184,true,false
56,78,0.25,0.75,-0.8218417937964178,true,false
57,78,0.2999999999999998,0.75,-0.8218520755976415,true,false
58,78,0.3500000000000001,0.75,-0.8236316318720556,true,false
59,78,0.3999999999999999,0.75,-0.822252529403565,true,false
60,78,0.44999999999999973,0.75,-0.8219988740807855,false,true
61,78,0.5,0.75,-0.8215428832582202,false,true
62,78,0.5499999999999998,0.75,-0.8213016415893267,false,true
0,79,-2.5500000000000003,0.7999999999999998,-0.8100000023841858,false,true
1,79,-2.5000000000000004,0.7999999999999998,-0.8108105618227577,false,true
2,79,-2.45,0.7999999999999998,-0.8112853765487633,false,true
3,79,-2.4000000000000004,0.7999999999999998,-0.8112853765487671,false,true
4,79,-2.35,0.7999999999999998,-0.8112853765487609,false,true
5,79,-2.3000000000000003,0.7999999999999998,-0.813091084361047,false,true
6,79,-2.25,0.7999999999999998,-0.8148967921733297,false,true
7,79,-2.2,0.7999999999999998,-0.8148967921733856,false,true
8,79,-2.1500000000000004,0.7999999999999998,-0.8146679848432541,false,true
9,79,-2.1,0.7999999999999998,-0.8144391775131226,false,true
10,79,-2.0500000000000003,0.7999999999999998,-0.8134267581415391,false,true
11,79,-2.0,0.7999999999999998,-0.8128336966045282,false,true
12,79,-1.9500000000000002,0.7999999999999998,-0.812833696603775,false,true
13,79,-1.9000000000000004,0.7999999999999998,-0.8110467635386709,false,true
14,79,-1.85,0.7999999999999998,-0.8100000023841858,false,true
15,79,-1.8000000000000003,0.7999999999999998,-0.8100000023841858,false,true
16,79,-1.7500000000000002,0.7999999999999998,-0.8106248453999562,false,true
17,79,-1.7000000000000002,0.7999999999999998,-0.8109908699679829,false,true
18,79,-1.6500000000000004,0.7999999999999998,-0.810990869977029,false,true
19,79,-1.6,0.7999999999999998,-0.8109908699989319,false,true
20,79,-1.5500000000000003,0.7999999999999998,-0.8123621642589762,false,true
21,79,-1.5000000000000002,0.7999999999999998,-0.8137334585189819,false,true
22,79,-1.4500000000000002,0.7999999999999998,-0.8151399493217959,false,true
23,79,-1.4000000000000001,0.7999999999999998,-0.8165464401245118,false,true
24,79,-1.35,0.7999999999999998,-0.8179738521577282,false,true
25,79,-1.3000000000000003,0.7999999999999998,-0.8194012641906738,false,true
26,79,-1.2500000000000002,0.7999999999999998,-0.7805057775477758,false,true
27,79,-1.2000000000000002,0.7999999999999998,-0.7577212792359247,false,true
28,79,-1.1500000000000001,0.7999999999999998,-0.7577211673994428,false,true
29,79,-1.1,0.7999999999999998,-0.7577211435049749,false,true
30,79,-1.0500000000000003,0.7999999999999998,-0.7577211435049749,false,true
31,79,-1.0000000000000002,0.7999999999999998,-0.7577211435049749,false,true
32,79,-0.9500000000000002,0.7999999999999998,-0.7577211435049749,false,true
33,79,-0.9000000000000001,0.7999999999999998,-0.757721143504975,false,true
34,79,-0.8500000000000001,0.7999999999999998,-0.7577211435049749,false,true
35,79,-0.8000000000000003,0.7999999999999998,-0.7582986295503834,false,true
36,79,-0.7500000000000002,0.7999999999999998,-0.7586674407829941,false,true
37,79,-0.7000000000000002,0.7999999999999998,-0.7586468611036592,false,true
38,79,-0.6500000000000001,0.7999999999999998,-0.7585988319892081,false,true
39,79,-0.6000000000000001,0.7999999999999998,-0.7585273269774085,false,true
40,79,-0.5500000000000003,0.7999999999999998,-0.7585030018516504,false,true
41,79,-0.5,0.7999999999999998,-0.7584366590803012,false,true
42,79,-0.4500000000000002,0.7999999999999998,-0.7585046505780142,false,true
43,79,-0.40000000000000036,0.7999999999999998,-0.7577211435049749,true,false
44,79,-0.3500000000000001,0.7999999999999998,-0.7641750152319646,true,false
45,79,-0.30000000000000027,0.7999999999999998,-0.7877211744993902,true,false
46,79,-0.25,0.7999999999999998,-0.8037954445093847,true,false
47,79,-0.20000000000000018,0.7999999999999998,-0.8107517535895086,true,false
48,79,-0.1499999999999999,0.7999999999999998,-0.8177211458891607,true,false
49,79,-0.10000000000000009,0.7999999999999998,-0.8207155640333867,true,false
50,79,-0.050000000000000266,0.7999999999999998,-0.8224977727144933,true,false
51,79,0.0,0.7999999999999998,-0.8241680736750341,true,false
52,79,0.04999999999999982,0.7999999999999998,-0.8242653484553075,true,false
53,79,0.10000000000000009,0.7999999999999998,-0.8226373965948797,true,false
54,79,0.1499999999999999,0.7999999999999998,-0.820027130386231,true,false
55,79,0.19999999999999973,0.7999999999999998,-0.8194769497126317,true,false
56,79,0.25,0.7999999999999998,-0.8197264249533391,true,false
57,79,0.2999999999999998,0.7999999999999998,-0.8209738905638433,true,false
58,79,0.3500000000000001,0.7999999999999998,-0.8220547611922002,true,false
59,79,0.3999999999999999,0.7999999999999998,-0.8216401512831426,true,false
60,79,0.44999999999999973,0.7999999999999998,-0.821893806605922,false,true
61,79,0.5,0.7999999999999998,-0.8219252587389274,false,true
62,79,0.5499999999999998,0.7999999999999998,-0.8217595639711622,false,true
0,80,-2.5500000000000003,0.8499999999999996,-0.810810561822759,false,true
1,80,-2.5000000000000004,0.8499999999999996,-0.8112853765487655,false,true
2,80,-2.45,0.8499999999999996,-0.8112853765487671,false,true
3,80,-2.4000000000000004,0.8499999999999996,-0.8112853765487645,false,true
4,80,-2.35,0.8499999999999996,-0.8130910843610643,false,true
5,80,-2.3000000000000003,0.8499999999999996,-0.8148967921733624,false,true
6,80,-2.25,0.8499999999999996,-0.8148967921733856,false,true
7,80,-2.2,0.8499999999999996,-0.8146679848432541,false,true
8,80,-2.1500000000000004,0.8499999999999996,-0.8144391775131226,false,true
9,80,-2.1,0.8499999999999996,-0.8134267581412806,false,true
10,80,-2.0500000000000003,0.8499999999999996,-0.812833696604087,false,true
11,80,-2.0,0.8499999999999996,-0.812833696603775,false,true
12,80,-1.9500000000000002,0.8499999999999996,-0.8110467635386709,false,true
13,80,-1.9000000000000004,0.8499999999999996,-0.8100000023841858,false,true
14,80,-1.85,0.8499999999999996,-0.8100000023841858,false,true
15,80,-1.8000000000000003,0.8499999999999996,-0.8106248454127679,false,true
16,80,-1.7500000000000002,0.8499999999999996,-0.8109908699861093,false,true
17,80,-1.7000000000000002,0.8499999999999996,-0.8109908699898595,false,true
18,80,-1.6500000000000004,0.8499999999999996,-0.8109908699989319,false,true
19,80,-1.6,0.8499999999999996,-0.8123621642589619,false,true
20,80,-1.5500000000000003,0.8499999999999996,-0.8137334585189819,false,true
21,80,-1.5000000000000002,0.8499999999999996,-0.8151399493217596,false,true
22,80,-1.4500000000000002,0.8499999999999996,-0.8165464401245118,false,true
23,80,-1.4000000000000001,0.8499999999999996,-0.8179738521576282,false,true
24,80,-1.35,0.8499999999999996,-0.8194012641906738,false,true
25,80,-1.3000000000000003,0.8499999999999996,-0.7805056977239998,false,true
26,80,-1.2500000000000002,0.8499999999999996,-0.7577211861585347,false,true
27,80,-1.2000000000000002,0.8499999999999996,-0.7577211505035025,false,true
28,80,-1.1500000000000001,0.8499999999999996,-0.7577211435049749,false,true
29,80,-1.1,0.8499999999999996,-0.7577211435049749,false,true
30,80,-1.0500000000000003,0.8499999999999996,-0.7577211435049749,false,true
31,80,-1.0000000000000002,0.8499999999999996,-0.7577211435049749,false,true
32,80,-0.9500000000000002,0.8499999999999996,-0.757721143504975,false,true
33,80,-0.9000000000000001,0.8499999999999996,-0.7577211435049749,false,true
34,80,-0.8500000000000001,0.8499999999999996,-0.7580776975070449,false,true
35,80,-0.8000000000000003,0.8499999999999996,-0.7584189125001656,false,true
36,80,-0.7500000000000002,0.8499999999999996,-0.7584641397210501,false,true
37,80,-0.7000000000000002,0.8499999999999996,-0.7584593401514795,false,true
38,80,-0.6500000000000001,0.8499999999999996,-0.7583987513031325,false,true
39,80,-0.6000000000000001,0.8499999999999996,-0.7582873177561783,false,true
40,80,-0.5500000000000003,0.8499999999999996,-0.7580651417262464,false,true
41,80,-0.5,0.8499999999999996,-0.758045682760843,false,true
42,80,-0.4500000000000002,0.8499999999999996,-0.7577211435049749,false,true
43,80,-0.40000000000000036,0.8499999999999996,-0.7606483824677799,false,true
44,80,-0.3500000000000001,0.8499999999999996,-0.7577211435049749,true,false
45,80,-0.30000000000000027,0.8499999999999996,-0.794195729038117,true,false
46,80,-0.25,0.8499999999999996,-0.8030734832495428,true,false
47,80,-0.20000000000000018,0.8499999999999996,-0.8100547666758275,true,false
48,80,-0.1499999999999999,0.8499999999999996,-0.8136126573294378,true,false
49,80,-0.10000000000000009,0.8499999999999996,-0.8177211458891607,true,false
50,80,-0.050000000000000266,0.8499999999999996,-0.8208498234957433,true,false
51,80,0.0,0.8499999999999996,-0.8215485389441228,true,false
52,80,0.04999999999999982,0.8499999999999996,-0.8217296178549505,true,false
53,80,0.10000000000000009,0.8499999999999996,-0.8194839234560705,true,false
54,80,0.1499999999999999,0.8499999999999996,-0.8180878932684637,true,false
55,80,0.19999999999999973,0.8499999999999996,-0.8177211458891607,true,false
56,80,0.25,0.8499999999999996,-0.8177211458891607,true,false
57,80,0.2999999999999998,0.8499999999999996,-0.8180836613386846,true,false
58,80,0.3500000000000001,0.8499999999999996,-0.8216610725134588,true,false
59,80,0.3999999999999999,0.8499999999999996,-0.8214655145096319,false,true
60,80,0.44999999999999973,0.8499999999999996,-0.8218961234301306,false,true
61,80,0.5,0.8499999999999996,-0.8217419168963165,false,true
62,80,0.5499999999999998,0.8499999999999996,-0.8217045001169936,false,true
0,81,-2.5500000000000003,0.8999999999999995,-0.8112853765487664,false,true
1,81,-2.5000000000000004,0.8999999999999995,-0.8112853765487671,false,true
2,81,-2.45,0.8999999999999995,-0.811285376548766,false,true
3,81,-2.4000000000000004,0.8999999999999995,-0.8130910843610715,false,true
4,81,-2.35,0.8999999999999995,-0.814896792173376,false,true
5,81,-2.3000000000000003,0.8999999999999995,-0.8148967921733856,false,true
6,81,-2.25,0.8999999999999995,-0.8146679848432541,false,true
7,81,-2.2,0.8999999999999995,-0.8144391775131226,false,true
8,81,-2.1500000000000004,0.8999999999999995,-0.8134267581411736,false,true
9,81,-2.1,0.8999999999999995,-0.8128336966039043,false,true
10,81,-2.0500000000000003,0.8999999999999995,-0.812833696603775,false,true
11,81,-2.0,0.8999999999999995,-0.8110467635386709,false,true
12,81,-1.9500000000000002,0.8999999999999995,-0.8100000023841858,false,true
13,81,-1.9000000000000004,0.8999999999999995,-0.8100000023841858,false,true
14,81,-1.85,0.8999999999999995,-0.810624845418077,false,true
15,81,-1.8000000000000003,0.8999999999999995,-0.8109908699936197,false,true
16,81,-1.7500000000000002,0.8999999999999995,-0.8109908699951739,false,true
17,81,-1.7000000000000002,0.8999999999999995,-0.8109908699989319,false,true
18,81,-1.6500000000000004,0.8999999999999995,-0.8123621642589581,false,true
19,81,-1.6,0.8999999999999995,-0.8137334585189819,false,true
20,81,-1.5500000000000003,0.8999999999999995,-0.8151399493217503,false,true
21,81,-1.5000000000000002,0.8999999999999995,-0.8165464401245118,false,true
22,81,-1.4500000000000002,0.8999999999999995,-0.8179738521576021,false,true
23,81,-1.4000000000000001,0.8999999999999995,-0.8194012641906738,false,true
24,81,-1.35,0.8999999999999995,-0.7805056723066086,false,true
25,81,-1.3000000000000003,0.8999999999999995,-0.7577211568469772,false,true
26,81,-1.2500000000000002,0.8999999999999995,-0.7577211455547962,false,true
27,81,-1.2000000000000002,0.8999999999999995,-0.7577211435049749,false,true
28,81,-1.1500000000000001,0.8999999999999995,-0.7577211435049749,false,true
29,81,-1.1,0.8999999999999995,-0.7577211435049749,false,true
30,81,-1.0500000000000003,0.8999999999999995,-0.7577211435049749,false,true
31,81,-1.0000000000000002,0.8999999999999995,-0.757721143504975,false,true
32,81,-0.9500000000000002,0.8999999999999995,-0.7577211435049749,false,true
33,81,-0.9000000000000001,0.8999999999999995,-0.7574025647643126,false,true
34,81,-0.8500000000000001,0.8999999999999995,-0.7576204160660599,false,true
35,81,-0.8000000000000003,0.8999999999999995,-0.7578784580981963,false,true
36,81,-0.7500000000000002,0.8999999999999995,-0.7581064232681736,false,true
37,81,-0.7000000000000002,0.8999999999999995,-0.758288205954821,false,true
38,81,-0.6500000000000001,0.8999999999999995,-0.7584055338848124,false,true
39,81,-0.6000000000000001,0.8999999999999995,-0.7584277664622625,false,true
40,81,-0.5500000000000003,0.8999999999999995,-0.7583858380154698,false,true
41,81,-0.5,0.8999999999999995,-0.7577211435049749,false,true
42,81,-0.4500000000000002,0.8999999999999995,-0.7609526762224337,false,true
43,81,-0.40000000000000036,0.8999999999999995,-0.7629980788418171,false,true
44,81,-0.3500000000000001,0.8999999999999995,-0.7654012317866064,true,false
45,81,-0.30000000000000027,0.8999999999999995,-0.7877211744993902,true,false
46,81,-0.25,0.8999999999999995,-0.8055453772753454,true,false
47,81,-0.20000000000000018,0.8999999999999995,-0.8124746258467412,true,false
48,81,-0.1499999999999999,0.8999999999999995,-0.8177211458891607,true,false
49,81,-0.10000000000000009,0.8999999999999995,-0.8205958481043554,true,false
50,81,-0.050000000000000266,0.8999999999999995,-0.8216080541819311,true,false
51,81,0.0,0.8999999999999995,-0.8228781695574499,true,false
52,81,0.04999999999999982,0.8999999999999995,-0.821196335098145,true,false
53,81,0.10000000000000009,0.8999999999999995,-0.8198253388613439,true,false
54,81,0.1499999999999999,0.8999999999999995,-0.8177211458891607,true,false
55,81,0.19999999999999973,0.8999999999999995,-0.8177211458891607,true,false
56,81,0.25,0.8999999999999995,-0.8177211458891607,true,false
57,81,0.2999999999999998,0.8999999999999995,-0.8181576307028509,true,false
58,81,0.3500000000000001,0.8999999999999995,-0.8193817610949254,true,false
59,81,0.3999999999999999,0.8999999999999995,-0.8221520955771184,true,false
60,81,0.44999999999999973,0.8999999999999995,-0.8213719462151845,false,true
61,81,0.5,0.8999999999999995,-0.8214308261782811,false,true
62,81,0.5499999999999998,0.8999999999999995,-0.8213708445289599,false,true
0,82,-2.5500000000000003,0.9500000000000002,-0.8112853765487671,false,true
1,82,-2.5000000000000004,0.9500000000000002,-0.8112853765487668,false,true
2,82,-2.45,0.9500000000000002,-0.8130910843610744,false,true
3,82,-2.4000000000000004,0.9500000000000002,-0.8148967921733817,false,true
4,82,-2.35,0.9500000000000002,-0.8148967921733856,false,true
5,82,-2.3000000000000003,0.9500000000000002,-0.8146679848432541,false,true
6,82,-2.25,0.9500000000000002,-0.8144391775131226,false,true
7,82,-2.2,0.9500000000000002,-0.8134267581411292,false,true
8,82,-2.1500000000000004,0.9500000000000002,-0.8128336966038285,false,true
9,82,-2.1,0.9500000000000002,-0.812833696603775,false,true
10,82,-2.0500000000000003,0.9500000000000002,-0.8110467635386709,false,true
11,82,-2.0,0.9500000000000002,-0.8100000023841858,false,true
12,82,-1.9500000000000002,0.9500000000000002,-0.8100000023841858,false,true
13,82,-1.9000000000000004,0.9500000000000002,-0.8106248454202767,false,true
14,82,-1.85,0.9500000000000002,-0.8109908699967311,false,true
15,82,-1.8000000000000003,0.9500000000000002,-0.8109908699973752,false,true
16,82,-1.7500000000000002,0.9500000000000002,-0.8109908699989319,false,true
17,82,-1.7000000000000002,0.9500000000000002,-0.8123621642589571,false,true
18,82,-1.6500000000000004,0.9500000000000002,-0.8137334585189819,false,true
19,82,-1.6,0.9500000000000002,-0.8151399493217478,false,true
20,82,-1.5500000000000003,0.9500000000000002,-0.8165464401245118,false,true
21,82,-1.5000000000000002,0.9500000000000002,-0.8179738521575952,false,true
22,82,-1.4500000000000002,0.9500000000000002,-0.8194012641906738,false,true
23,82,-1.4000000000000001,0.9500000000000002,-0.7803495496567019,false,true
24,82,-1.35,0.9500000000000002,-0.7577211476614418,false,true
25,82,-1.3000000000000003,0.9500000000000002,-0.7577211441053536,false,true
26,82,-1.2500000000000002,0.9500000000000002,-0.7577211435049749,false,true
27,82,-1.2000000000000002,0.9500000000000002,-0.7577211435049749,false,true
28,82,-1.1500000000000001,0.9500000000000002,-0.7577211435049749,false,true
29,82,-1.1,0.9500000000000002,-0.7577211435049749,false,true
30,82,-1.0500000000000003,0.9500000000000002,-0.757721143504975,false,true
31,82,-1.0000000000000002,0.9500000000000002,-0.7577211435049749,false,true
32,82,-0.9500000000000002,0.9500000000000002,-0.7558723654157791,false,true
33,82,-0.9000000000000001,0.9500000000000002,-0.7555122177898176,false,true
34,82,-0.8500000000000001,0.9500000000000002,-0.7559688053803397,false,true
35,82,-0.8000000000000003,0.9500000000000002,-0.7564569930904446,false,true
36,82,-0.7500000000000002,0.9500000000000002,-0.7569703850402122,false,true
37,82,-0.7000000000000002,0.9500000000000002,-0.7574964268440064,false,true
38,82,-0.6500000000000001,0.9500000000000002,-0.7580117338566706,false,true
39,82,-0.6000000000000001,0.9500000000000002,-0.7584923084008894,false,true
40,82,-0.5500000000000003,0.9500000000000002,-0.7588496869763823,false,true
41,82,-0.5,0.9500000000000002,-0.7596660132616735,false,true
42,82,-0.4500000000000002,0.9500000000000002,-0.7615121636307838,false,true
43,82,-0.40000000000000036,0.9500000000000002,-0.7629344112485243,false,true
44,82,-0.3500000000000001,0.9500000000000002,-0.7648764426916814,true,false
45,82,-0.30000000000000027,0.9500000000000002,-0.7877211744993902,true,false
46,82,-0.25,0.9500000000000002,-0.804390447875855,true,false
47,82,-0.20000000000000018,0.9500000000000002,-0.8109685356825567,true,false
48,82,-0.1499999999999999,0.9500000000000002,-0.8177211458891607,true,false
49,82,-0.10000000000000009,0.9500000000000002,-0.8203695590704656,true,false
50,82,-0.050000000000000266,0.9500000000000002,-0.8213002259939886,true,false
51,82,0.0,0.9500000000000002,-0.8224218661993719,true,false
52,82,0.04999999999999982,0.9500000000000002,-0.8222247238367772,true,false
53,82,0.10000000000000009,0.9500000000000002,-0.8177211458891607,true,false
54,82,0.1499999999999999,0.9500000000000002,-0.8177211458891607,true,false
55,82,0.19999999999999973,0.9500000000000002,-0.8163799817770696,true,false
56,82,0.25,0.9500000000000002,-0.8170947904795385,true,false
57,82,0.2999999999999998,0.9500000000000002,-0.8178184802740789,true,false
58,82,0.3500000000000001,0.9500000000000002,-0.8195303256720281,true,false
59,82,0.3999999999999999,0.9500000000000002,-0.8202686484068609,true,false
60,82,0.44999999999999973,0.9500000000000002,-0.8210487977687947,false,true
61,82,0.5,0.9500000000000002,-0.8209149452996403,false,true
62,82,0.5499999999999998,0.9500000000000002,-0.8209713953220922,false,true
0,83,-2.5500000000000003,1.0,-0.811285376548767,false,true
1,83,-2.5000000000000004,1.0,-0.8130910843610757,false,true
2,83,-2.45,1.0,-0.8148967921733841,false,true
3,83,-2.4000000000000004,1.0,-0.8148967921733856,false,true
4,83,-2.35,1.0,-0.8146679848432541,false,true
5,83,-2.3000000000000003,1.0,-0.8144391775131226,false,true
6,83,-2.25,1.0,-0.8134267581411109,false,true
7,83,-2.2,1.0,-0.8128336966037972,false,true
8,83,-2.1500000000000004,1.0,-0.812833696603775,false,true
9,83,-2.1,1.0,-0.8110467635386709,false,true
10,83,-2.0500000000000003,1.0,-0.8100000023841858,false,true
11,83,-2.0,1.0,-0.8100000023841858,false,true
12,83,-1.9500000000000002,1.0,-0.8106248454211882,false,true
13,83,-1.9000000000000004,1.0,-0.8109908699980203,false,true
14,83,-1.85,1.0,-0.8109908699982871,false,true
15,83,-1.8000000000000003,1.0,-0.8109908699989319,false,true
16,83,-1.7500000000000002,1.0,-0.812362164258957,false,true
17,83,-1.7000000000000002,1.0,-0.8137334585189819,false,true
18,83,-1.6500000000000004,1.0,-0.8151399493217472,false,true
19,83,-1.6,1.0,-0.8165464401245118,false,true
20,83,-1.5500000000000003,1.0,-0.8179738521575934,false,true
21,83,-1.5000000000000002,1.0,-0.8194012641906738,false,true
22,83,-1.4500000000000002,1.0,-0.7786378346730797,false,true
23,83,-1.4000000000000001,1.0,-0.7560306695451622,false,true
24,83,-1.35,1.0,-0.7569673556754565,false,true
25,83,-1.3000000000000003,1.0,-0.7577211435049749,false,true
26,83,-1.2500000000000002,1.0,-0.7577211435049749,false,true
27,83,-1.2000000000000002,1.0,-0.7577211435049749,false,true
28,83,-1.1500000000000001,1.0,-0.7577211435049749,false,true
29,83,-1.1,1.0,-0.757721143504975,false,true
30,83,-1.0500000000000003,1.0,-0.7577211435049749,false,true
31,83,-1.0000000000000002,1.0,-0.753422365589719,false,true
32,83,-0.9500000000000002,1.0,-0.7517920628674979,false,true
33,83,-0.9000000000000001,1.0,-0.7522369246767783,false,true
34,83,-0.8500000000000001,1.0,-0.7527583071506473,false,true
35,83,-0.8000000000000003,1.0,-0.7533687509818691,false,true
36,83,-0.7500000000000002,1.0,-0.7540815170545411,false,true
37,83,-0.7000000000000002,1.0,-0.7549086286723025,false,true
38,83,-0.6500000000000001,1.0,-0.7558585656371049,false,true
39,83,-0.6000000000000001,1.0,-0.7569160662129133,false,true
40,83,-0.5500000000000003,1.0,-0.7580933691579458,false,true
41,83,-0.5,1.0,-0.7588237707438092,false,true
42,83,-0.4500000000000002,1.0,-0.7596660132616735,false,true
43,83,-0.40000000000000036,1.0,-0.7606257374398642,false,true
44,83,-0.3500000000000001,1.0,-0.7577211435049749,true,false
45,83,-0.30000000000000027,1.0,-0.7896718557089544,true,false
46,83,-0.25,1.0,-0.8034157927244878,true,false
47,83,-0.20000000000000018,1.0,-0.8106473560541845,true,false
48,83,-0.1499999999999999,1.0,-0.8175907309263921,true,false
49,83,-0.10000000000000009,1.0,-0.818780141612885,true,false
50,83,-0.050000000000000266,1.0,-0.8206229682177282,true,false
51,83,0.0,1.0,-0.8214425022810674,true,false
52,83,0.04999999999999982,1.0,-0.8189197654932714,true,false
53,83,0.10000000000000009,1.0,-0.816814559242127,true,false
54,83,0.1499999999999999,1.0,-0.8152239496916509,true,false
55,83,0.19999999999999973,1.0,-0.8146679575651861,true,false
56,83,0.25,1.0,-0.815537201902268,true,false
57,83,0.2999999999999998,1.0,-0.8177211458891607,true,false
58,83,0.3500000000000001,1.0,-0.8177211458891607,true,false
59,83,0.3999999999999999,1.0,-0.8189801824728719,false,true
60,83,0.44999999999999973,1.0,-0.820268648406861,false,true
61,83,0.5,1.0,-0.8205917968532507,false,true
62,83,0.5499999999999998,1.0,-0.8205917968532507,false,true
0,84,-2.5500000000000003,1.0499999999999998,-0.8134650586938468,false,true
1,84,-2.5000000000000004,1.0499999999999998,-0.814896792173385,false,true
2,84,-2.45,1.0499999999999998,-0.8148967921733856,false,true
3,84,-2.4000000000000004,1.0499999999999998,-0.8146679848432541,false,true
4,84,-2.35,1.0499999999999998,-0.8144391775131226,false,true
5,84,-2.3000000000000003,1.0499999999999998,-0.8134267581411033,false,true
6,84,-2.25,1.0499999999999998,-0.8128336966037841,false,true
7,84,-2.2,1.0499999999999998,-0.812833696603775,false,true
8,84,-2.1500000000000004,1.0499999999999998,-0.8110467635386709,false,true
9,84,-2.1,1.0499999999999998,-0.8100000023841858,false,true
10,84,-2.0500000000000003,1.0499999999999998,-0.8100000023841858,false,true
11,84,-2.0,1.0499999999999998,-0.8106248454215657,false,true
12,84,-1.9500000000000002,1.0499999999999998,-0.8109908699985542,false,true
13,84,-1.9000000000000004,1.0499999999999998,-0.8109908699986648,false,true
14,84,-1.85,1.0499999999999998,-0.8109908699989319,false,true
15,84,-1.8000000000000003,1.0499999999999998,-0.812362164258957,false,true
16,84,-1.7500000000000002,1.0499999999999998,-0.8137334585189819,false,true
17,84,-1.7000000000000002,1.0499999999999998,-0.8151399493217469,false,true
18,84,-1.6500000000000004,1.0499999999999998,-0.8165464401245118,false,true
19,84,-1.6,1.0499999999999998,-0.8078212272612049,false,true
20,84,-1.5500000000000003,1.0499999999999998,-0.8194012641906738,false,true
21,84,-1.5000000000000002,1.0499999999999998,-0.774188378934564,false,true
22,84,-1.4500000000000002,1.0499999999999998,-0.7497860913050148,false,true
23,84,-1.4000000000000001,1.0499999999999998,-0.7512492843475448,false,true
24,84,-1.35,1.0499999999999998,-0.7530155171997336,false,true
25,84,-1.3000000000000003,1.0499999999999998,-0.7551475502739025,false,true
26,84,-1.2500000000000002,1.0499999999999998,-0.7577211435049749,false,true
27,84,-1.2000000000000002,1.0499999999999998,-0.7577211435049749,false,true
28,84,-1.1500000000000001,1.0499999999999998,-0.757721143504975,false,true
29,84,-1.1,1.0499999999999998,-0.7577211435049749,false,true
30,84,-1.0500000000000003,1.0499999999999998,-0.7504760178294143,false,true
31,84,-1.0000000000000002,1.0499999999999998,-0.7470175748456918,false,true
32,84,-0.9500000000000002,1.0499999999999998,-0.747198571954813,false,true
33,84,-0.9000000000000001,1.0499999999999998,-0.747442778341112,false,true
34,84,-0.8500000000000001,1.0499999999999998,-0.7477676978074874,false,true
35,84,-0.8000000000000003,1.0499999999999998,-0.748196323265669,false,true
36,84,-0.7500000000000002,1.0499999999999998,-0.7487591134767536,false,true
37,84,-0.7000000000000002,1.0499999999999998,-0.7494968947976414,false,true
38,84,-0.6500000000000001,1.0499999999999998,-0.7504621097489111,false,true
39,84,-0.6000000000000001,1.0499999999999998,-0.7517292912167945,false,true
40,84,-0.5500000000000003,1.0499999999999998,-0.7533174876575577,false,true
41,84,-0.5,1.0499999999999998,-0.7554877812255109,false,true
42,84,-0.4500000000000002,1.0499999999999998,-0.7576326599522385,false,true
43,84,-0.40000000000000036,1.0499999999999998,-0.7596660132616735,true,false
44,84,-0.3500000000000001,1.0499999999999998,-0.7618400032728887,true,false
45,84,-0.30000000000000027,1.0499999999999998,-0.789186465284226,true,false
46,84,-0.25,1.0499999999999998,-0.7991430337637639,true,false
47,84,-0.20000000000000018,1.0499999999999998,-0.8092237885206914,true,false
48,84,-0.1499999999999999,1.0499999999999998,-0.8155919487684942,true,false
49,84,-0.10000000000000009,1.0499999999999998,-0.8177211458891607,true,false
50,84,-0.050000000000000266,1.0499999999999998,-0.8198329086512304,true,false
51,84,0.0,1.0499999999999998,-0.8200484688490606,true,false
52,84,0.04999999999999982,1.0499999999999998,-0.8177211458891607,true,false
53,84,0.10000000000000009,1.0499999999999998,-0.8156144793242193,true,false
54,84,0.1499999999999999,1.0499999999999998,-0.8138305719107366,true,false
55,84,0.19999999999999973,1.0499999999999998,-0.8142486388891912,true,false
56,84,0.25,1.0499999999999998,-0.8153836305350042,true,false
57,84,0.2999999999999998,1.0499999999999998,-0.8169798429220891,true,false
58,84,0.3500000000000001,1.0499999999999998,-0.8183884198874212,true,false
59,84,0.3999999999999999,1.0499999999999998,-0.8183977859951171,false,true
60,84,0.44999999999999973,1.0499999999999998,-0.8190839367576188,false,true
61,84,0.5,1.0499999999999998,-0.820268648406861,false,true
62,84,0.5499999999999998,1.0499999999999998,-0.8204025008760154,false,true
0,85,-2.5500000000000003,1.0999999999999996,-0.8148967921733854,false,true
1,85,-2.5000000000000004,1.0999999999999996,-0.8148967921733856,false,true
2,85,-2.45,1.0999999999999996,-0.8146679848432541,false,true
3,85,-2.4000000000000004,1.0999999999999996,-0.8144391775131226,false,true
4,85,-2.35,1.0999999999999996,-0.8134267581411001,false,true
5,85,-2.3000000000000003,1.0999999999999996,-0.8128336966037787,false,true
6,85,-2.25,1.0999999999999996,-0.812833696603775,false,true
7,85,-2.2,1.0999999999999996,-0.8110467635386709,false,true
8,85,-2.1500000000000004,1.0999999999999996,-0.8100000023841858,false,true
9,85,-2.1,1.0999999999999996,-0.8100000023841858,false,true
10,85,-2.0500000000000003,1.0999999999999996,-0.8106248454217221,false,true
11,85,-2.0,1.0999999999999996,-0.8109908699987755,false,true
12,85,-1.9500000000000002,1.0999999999999996,-0.8109908699988213,false,true
13,85,-1.9000000000000004,1.0999999999999996,-0.8109908699989319,false,true
14,85,-1.85,1.0999999999999996,-0.812362164258957,false,true
15,85,-1.8000000000000003,1.0999999999999996,-0.8137334585189819,false,true
16,85,-1.7500000000000002,1.0999999999999996,-0.8151399493217468,false,true
17,85,-1.7000000000000002,1.0999999999999996,-0.8165464401245118,false,true
18,85,-1.6500000000000004,1.0999999999999996,-0.7952702981568313,false,true
19,85,-1.6,1.0999999999999996,-0.7837287018216879,false,true
20,85,-1.5500000000000003,1.0999999999999996,-0.7689526427204988,false,true
21,85,-1.5000000000000002,1.0999999999999996,-0.7514674417918302,false,true
22,85,-1.4500000000000002,1.0999999999999996,-0.7403082937914771,false,true
23,85,-1.4000000000000001,1.0999999999999996,-0.7414722456197518,false,true
24,85,-1.35,1.0999999999999996,-0.7430333825657588,false,true
25,85,-1.3000000000000003,1.0999999999999996,-0.7452947408055747,false,true
26,85,-1.2500000000000002,1.0999999999999996,-0.7489343465914154,false,true
27,85,-1.2000000000000002,1.0999999999999996,-0.757721143504975,false,true
28,85,-1.1500000000000001,1.0999999999999996,-0.7577211435049749,false,true
29,85,-1.1,1.0999999999999996,-0.7477502278901512,false,true
30,85,-1.0500000000000003,1.0999999999999996,-0.7423700057762563,false,true
31,85,-1.0000000000000002,1.0999999999999996,-0.7421744920499094,false,true
32,85,-0.9500000000000002,1.0999999999999996,-0.7419871182574156,false,true
33,85,-0.9000000000000001,1.0999999999999996,-0.7418148592493257,false,true
34,85,-0.8500000000000001,1.0999999999999996,-0.7416677440155492,false,true
35,85,-0.8000000000000003,1.0999999999999996,-0.7415604766969673,false,true
36,85,-0.7500000000000002,1.0999999999999996,-0.7415152239275103,false,true
37,85,-0.7000000000000002,1.0999999999999996,-0.7415662179311396,false,true
38,85,-0.6500000000000001,1.0999999999999996,-0.7417702038834869,false,true
39,85,-0.6000000000000001,1.0999999999999996,-0.7422160880670404,false,true
40,85,-0.5500000000000003,1.0999999999999996,-0.7431191643294036,false,true
41,85,-0.5,1.0999999999999996,-0.7447419459731756,false,true
42,85,-0.4500000000000002,1.0999999999999996,-0.7482762326043648,false,true
43,85,-0.40000000000000036,1.0999999999999996,-0.7547570641249395,true,false
44,85,-0.3500000000000001,1.0999999999999996,-0.7628956313341833,true,false
45,85,-0.30000000000000027,1.0999999999999996,-0.7877211744993902,true,false
46,85,-0.25,1.0999999999999996,-0.8028878743857122,true,false
47,85,-0.20000000000000018,1.0999999999999996,-0.8091726477354741,true,false
48,85,-0.1499999999999999,1.0999999999999996,-0.8147530133932805,true,false
49,85,-0.10000000000000009,1.0999999999999996,-0.8177211458891607,true,false
50,85,-0.050000000000000266,1.0999999999999996,-0.8191936786383367,true,false
51,85,0.0,1.0999999999999996,-0.819405096313355,true,false
52,85,0.04999999999999982,1.0999999999999996,-0.8177211458891607,true,false
53,85,0.10000000000000009,1.0999999999999996,-0.8149735505789495,true,false
54,85,0.1499999999999999,1.0999999999999996,-0.8120541746824956,true,false
55,85,0.19999999999999973,1.0999999999999996,-0.8128737683504796,true,false
56,85,0.25,1.0999999999999996,-0.8144010479658819,true,false
57,85,0.2999999999999998,1.0999999999999996,-0.8177211458891607,true,false
58,85,0.3500000000000001,1.0999999999999996,-0.8190876717776037,true,false
59,85,0.3999999999999999,1.0999999999999996,-0.8184826194746688,false,true
60,85,0.44999999999999973,1.0999999999999996,-0.8183519712621733,false,true
61,85,0.5,1.0999999999999996,-0.8189219142846236,false,true
62,85,0.5499999999999998,1.0999999999999996,-0.820268648406861,false,true
0,86,-2.5500000000000003,1.1499999999999995,-0.8148967921733856,false,true
1,86,-2.5000000000000004,1.1499999999999995,-0.8146679848432541,false,true
2,86,-2.45,1.1499999999999995,-0.8144391775131226,false,true
3,86,-2.4000000000000004,1.1499999999999995,-0.8134267581410988,false,true
4,86,-2.35,1.1499999999999995,-0.8128336966037767,false,true
5,86,-2.3000000000000003,1.1499999999999995,-0.812833696603775,false,true
6,86,-2.25,1.1499999999999995,-0.8110467635386709,false,true
7,86,-2.2,1.1499999999999995,-0.8100000023841858,false,true
8,86,-2.1500000000000004,1.1499999999999995,-0.8100000023841858,false,true
9,86,-2.1,1.1499999999999995,-0.8106248454217869,false,true
10,86,-2.0500000000000003,1.1499999999999995,-0.8109908699988672,false,true
11,86,-2.0,1.1499999999999995,-0.8109908699988861,false,true
12,86,-1.9500000000000002,1.1499999999999995,-0.8109908699989319,false,true
13,86,-1.9000000000000004,1.1499999999999995,-0.812362164258957,false,true
14,86,-1.85,1.1499999999999995,-0.8137334585189819,false,true
15,86,-1.8000000000000003,1.1499999999999995,-0.8151399493217468,false,true
16,86,-1.7500000000000002,1.1499999999999995,-0.8165464401245118,false,true
17,86,-1.7000000000000002,1.1499999999999995,-0.7896106933800502,false,true
18,86,-1.6500000000000004,1.1499999999999995,-0.7732804500292247,false,true
19,86,-1.6,1.1499999999999995,-0.7689526425953837,false,true
20,86,-1.5500000000000003,1.1499999999999995,-0.7689526426320298,false,true
21,86,-1.5000000000000002,1.1499999999999995,-0.7689526427204988,false,true
22,86,-1.4500000000000002,1.1499999999999995,-0.7442024024311318,false,true
23,86,-1.4000000000000001,1.1499999999999995,-0.7277212267739145,false,true
24,86,-1.35,1.1499999999999995,-0.7277211929980051,false,true
25,86,-1.3000000000000003,1.1499999999999995,-0.7277211713654829,false,true
26,86,-1.2500000000000002,1.1499999999999995,-0.7277211582421471,false,true
27,86,-1.2000000000000002,1.1499999999999995,-0.7277211423128819,false,true
28,86,-1.1500000000000001,1.1499999999999995,-0.7326529852902098,false,true
29,86,-1.1,1.1499999999999995,-0.7390207340342709,false,true
30,86,-1.0500000000000003,1.1499999999999995,-0.7385322169411764,false,true
31,86,-1.0000000000000002,1.1499999999999995,-0.7379989348702514,false,true
32,86,-0.9500000000000002,1.1499999999999995,-0.7374153987035839,false,true
33,86,-0.9000000000000001,1.1499999999999995,-0.7367750691992009,false,true
34,86,-0.8500000000000001,1.1499999999999995,-0.736070073050002,false,true
35,86,-0.8000000000000003,1.1499999999999995,-0.7352908636621676,false,true
36,86,-0.7500000000000002,1.1499999999999995,-0.7344258369974817,false,true
37,86,-0.7000000000000002,1.1499999999999995,-0.7334614366458472,false,true
38,86,-0.6500000000000001,1.1499999999999995,-0.7323818464130247,false,true
39,86,-0.6000000000000001,1.1499999999999995,-0.7311805410905502,false,true
40,86,-0.5500000000000003,1.1499999999999995,-0.7298375457784322,false,true
41,86,-0.5,1.1499999999999995,-0.7284555876239037,false,true
42,86,-0.4500000000000002,1.1499999999999995,-0.726852995906971,false,true
43,86,-0.40000000000000036,1.1499999999999995,-0.7277211721152044,true,false
44,86,-0.3500000000000001,1.1499999999999995,-0.7577211435049749,true,false
45,86,-0.30000000000000027,1.1499999999999995,-0.7877211744993902,true,false
46,86,-0.25,1.1499999999999995,-0.8013091857641912,true,false
47,86,-0.20000000000000018,1.1499999999999995,-0.8076103503912664,true,false
48,86,-0.1499999999999999,1.1499999999999995,-0.812345462581513,true,false
49,86,-0.10000000000000009,1.1499999999999995,-0.8177211458891607,true,false
50,86,-0.050000000000000266,1.1499999999999995,-0.8185298915117956,true,false
51,86,0.0,1.1499999999999995,-0.8184193546980596,true,false
52,86,0.04999999999999982,1.1499999999999995,-0.8175993139952398,true,false
53,86,0.10000000000000009,1.1499999999999995,-0.8127744968146062,true,false
54,86,0.1499999999999999,1.1499999999999995,-0.811202245494721,true,false
55,86,0.19999999999999973,1.1499999999999995,-0.8117628271788335,true,false
56,86,0.25,1.1499999999999995,-0.8142803485602117,true,false
57,86,0.2999999999999998,1.1499999999999995,-0.8168719585150457,true,false
58,86,0.3500000000000001,1.1499999999999995,-0.8177211458891607,true,false
59,86,0.3999999999999999,1.1499999999999995,-0.8181213920552186,false,true
60,86,0.44999999999999973,1.1499999999999995,-0.8176613433031786,false,true
61,86,0.5,1.1499999999999995,-0.8174304871216906,false,true
62,86,0.5499999999999998,1.1499999999999995,-0.8182874716060191,false,true
0,87,-2.5500000000000003,1.2000000000000002,-0.8146679848432541,false,true
1,87,-2.5000000000000004,1.2000000000000002,-0.8144391775131226,false,true
2,87,-2.45,1.2000000000000002,-0.8134267581410982,false,true
3,87,-2.4000000000000004,1.2000000000000002,-0.8128336966037757,false,true
4,87,-2.35,1.2000000000000002,-0.812833696603775,false,true
5,87,-2.3000000000000003,1.2000000000000002,-0.8110467635386709,false,true
6,87,-2.25,1.2000000000000002,-0.8100000023841858,false,true
7,87,-2.2,1.2000000000000002,-0.8100000023841858,false,true
8,87,-2.1500000000000004,1.2000000000000002,-0.8106248454218138,false,true
9,87,-2.1,1.2000000000000002,-0.810990869998905,false,true
10,87,-2.0500000000000003,1.2000000000000002,-0.8109908699989129,false,true
11,87,-2.0,1.2000000000000002,-0.8109908699989319,false,true
12,87,-1.9500000000000002,1.2000000000000002,-0.812362164258957,false,true
13,87,-1.9000000000000004,1.2000000000000002,-0.8137334585189819,false,true
14,87,-1.85,1.2000000000000002,-0.8151399493217468,false,true
15,87,-1.8000000000000003,1.2000000000000002,-0.8165464401245118,false,true
16,87,-1.7500000000000002,1.2000000000000002,-0.7875422312433182,false,true
17,87,-1.7000000000000002,1.2000000000000002,-0.7702202267864242,false,true
18,87,-1.6500000000000004,1.2000000000000002,-0.7689526418681951,false,true
19,87,-1.6,1.2000000000000002,-0.7689526422050391,false,true
20,87,-1.5500000000000003,1.2000000000000002,-0.7689526424184431,false,true
21,87,-1.5000000000000002,1.2000000000000002,-0.7689526425069158,false,true
22,87,-1.4500000000000002,1.2000000000000002,-0.7689526427204988,false,true
23,87,-1.4000000000000001,1.2000000000000002,-0.7352383358915863,false,true
24,87,-1.35,1.2000000000000002,-0.7124091187484195,false,true
25,87,-1.3000000000000003,1.2000000000000002,-0.7101476757834418,false,true
26,87,-1.2500000000000002,1.2000000000000002,-0.7065080146987497,false,true
27,87,-1.2000000000000002,1.2000000000000002,-0.6977211955067022,false,true
28,87,-1.1500000000000001,1.2000000000000002,-0.6977211411207891,false,true
29,87,-1.1,1.2000000000000002,-0.7224997445066953,false,true
30,87,-1.0500000000000003,1.2000000000000002,-0.736362329790791,false,true
31,87,-1.0000000000000002,1.2000000000000002,-0.7356441165697157,false,true
32,87,-0.9500000000000002,1.2000000000000002,-0.7348359962441232,false,true
33,87,-0.9000000000000001,1.2000000000000002,-0.7339215008273282,false,true
34,87,-0.8500000000000001,1.2000000000000002,-0.7328794094984703,false,true
35,87,-0.8000000000000003,1.2000000000000002,-0.7316816378872407,false,true
36,87,-0.7500000000000002,1.2000000000000002,-0.7302898358378381,false,true
37,87,-0.7000000000000002,1.2000000000000002,-0.7286493241206629,false,true
38,87,-0.6500000000000001,1.2000000000000002,-0.7266794405572705,false,true
39,87,-0.6000000000000001,1.2000000000000002,-0.7242465070386033,false,true
40,87,-0.5500000000000003,1.2000000000000002,-0.7211412000362973,false,true
41,87,-0.5,1.2000000000000002,-0.7168875295484554,false,true
42,87,-0.4500000000000002,1.2000000000000002,-0.7109013495844756,false,true
43,87,-0.40000000000000036,1.2000000000000002,-0.6977211411207891,true,false
44,87,-0.3500000000000001,1.2000000000000002,-0.7577211435049749,true,false
45,87,-0.30000000000000027,1.2000000000000002,-0.7880154128283239,true,false
46,87,-0.25,1.2000000000000002,-0.797300296565888,true,false
47,87,-0.20000000000000018,1.2000000000000002,-0.807409154912827,true,false
48,87,-0.1499999999999999,1.2000000000000002,-0.8111181433409429,true,false
49,87,-0.10000000000000009,1.2000000000000002,-0.8155762131422735,true,false
50,87,-0.050000000000000266,1.2000000000000002,-0.8177211458891607,true,false
51,87,0.0,1.2000000000000002,-0.8177211458891607,true,false
52,87,0.04999999999999982,1.2000000000000002,-0.8152487154215551,true,false
53,87,0.10000000000000009,1.2000000000000002,-0.8117366607397771,true,false
54,87,0.1499999999999999,1.2000000000000002,-0.8103158350199438,true,false
55,87,0.19999999999999973,1.2000000000000002,-0.8117816026419378,true,false
56,87,0.25,1.2000000000000002,-0.8137531454771734,true,false
57,87,0.2999999999999998,1.2000000000000002,-0.8153319533079839,true,false
58,87,0.3500000000000001,1.2000000000000002,-0.8177211458891607,true,false
59,87,0.3999999999999999,1.2000000000000002,-0.8161894599472006,false,true
60,87,0.44999999999999973,1.2000000000000002,-0.8161825230383899,false,true
61,87,0.5,1.2000000000000002,-0.8160631809066865,false,true
62,87,0.5499999999999998,1.2000000000000002,-0.8159658567665763,false,true
0,88,-2.5500000000000003,1.25,-0.8144391775131226,false,true
1,88,-2.5000000000000004,1.25,-0.813426758141098,false,true
2,88,-2.45,1.25,-0.8128336966037754,false,true
3,88,-2.4000000000000004,1.25,-0.812833696603775,false,true
4,88,-2.35,1.25,-0.8110467635386709,false,true
5,88,-2.3000000000000003,1.25,-0.8100000023841858,false,true
6,88,-2.25,1.25,-0.8100000023841858,false,true
7,88,-2.2,1.25,-0.8106248454218249,false,true
8,88,-2.1500000000000004,1.25,-0.8109908699989209,false,true
9,88,-2.1,1.25,-0.8109908699989241,false,true
10,88,-2.0500000000000003,1.25,-0.8109908699989319,false,true
11,88,-2.0,1.25,-0.812362164258957,false,true
12,88,-1.9500000000000002,1.25,-0.8137334585189819,false,true
13,88,-1.9000000000000004,1.25,-0.8151399493217468,false,true
14,88,-1.85,1.25,-0.8165464401245118,false,true
15,88,-1.8000000000000003,1.25,-0.786851305137745,false,true
16,88,-1.7500000000000002,1.25,-0.769323900952357,false,true
17,88,-1.7000000000000002,1.25,-0.7689526371713272,false,true
18,88,-1.6500000000000004,1.25,-0.7689526393264431,false,true
19,88,-1.6,1.25,-0.7689526406646374,false,true
20,88,-1.5500000000000003,1.25,-0.7689526414762491,false,true
21,88,-1.5000000000000002,1.25,-0.7689526419912682,false,true
22,88,-1.4500000000000002,1.25,-0.7689526422048636,false,true
23,88,-1.4000000000000001,1.25,-0.7689526427204988,false,true
24,88,-1.35,1.25,-0.7273616373239385,false,true
25,88,-1.3000000000000003,1.25,-0.7002952294429605,false,true
26,88,-1.2500000000000002,1.25,-0.6977214513931499,false,true
27,88,-1.2000000000000002,1.25,-0.6977213259561309,false,true
28,88,-1.1500000000000001,1.25,-0.6977212724199978,false,true
29,88,-1.1,1.25,-0.6977211411207891,false,true
30,88,-1.0500000000000003,1.25,-0.7219048529189047,false,true
31,88,-1.0000000000000002,1.25,-0.7357414315892506,false,true
32,88,-0.9500000000000002,1.25,-0.7350156891603301,false,true
33,88,-0.9000000000000001,1.25,-0.7341902151102048,false,true
34,88,-0.8500000000000001,1.25,-0.7332466682951563,false,true
35,88,-0.8000000000000003,1.25,-0.732161860191999,false,true
36,88,-0.7500000000000002,1.25,-0.7309057441114036,false,true
37,88,-0.7000000000000002,1.25,-0.7294382689494902,false,true
38,88,-0.6500000000000001,1.25,-0.727702637879946,false,true
39,88,-0.6000000000000001,1.25,-0.7256190276024419,false,true
40,88,-0.5500000000000003,1.25,-0.723047035576768,false,true
41,88,-0.5,1.25,-0.7198424109424633,false,true
42,88,-0.4500000000000002,1.25,-0.715387800081806,false,true
43,88,-0.40000000000000036,1.25,-0.7127211566179967,true,false
44,88,-0.3500000000000001,1.25,-0.7577211435049749,true,false
45,88,-0.30000000000000027,1.25,-0.7880824382513738,true,false
46,88,-0.25,1.25,-0.8002381499022222,true,false
47,88,-0.20000000000000018,1.25,-0.8046580131262517,true,false
48,88,-0.1499999999999999,1.25,-0.8098493988722539,true,false
49,88,-0.10000000000000009,1.25,-0.8129525358885503,true,false
50,88,-0.050000000000000266,1.25,-0.814362930795548,true,false
51,88,0.0,1.25,-0.8131497080534673,true,false
52,88,0.04999999999999982,1.25,-0.8116904075354314,true,false
53,88,0.10000000000000009,1.25,-0.8099397595137334,true,false
54,88,0.1499999999999999,1.25,-0.8090782339781499,true,false
55,88,0.19999999999999973,1.25,-0.8103681082934118,true,false
56,88,0.25,1.25,-0.8128810103148199,true,false
57,88,0.2999999999999998,1.25,-0.8148281152456975,true,false
58,88,0.3500000000000001,1.25,-0.8124916429728246,true,false
59,88,0.3999999999999999,1.25,-0.81423384375104,false,true
60,88,0.44999999999999973,1.25,-0.8142962432489766,false,true
61,88,0.5,1.25,-0.8143635892925721,false,true
62,88,0.5499999999999998,1.25,-0.8143718685769372,false,true
0,89,-2.5500000000000003,1.2999999999999998,-0.8134267581410979,false,true
1,89,-2.5000000000000004,1.2999999999999998,-0.812833696603775,false,true
2,89,-2.45,1.2999999999999998,-0.812833696603775,false,true
3,89,-2.4000000000000004,1.2999999999999998,-0.8110467635386709,false,true
4,89,-2.35,1.2999999999999998,-0.8100000023841858,false,true
5,89,-2.3000000000000003,1.2999999999999998,-0.8100000023841858,false,true
6,89,-2.25,1.2999999999999998,-0.8106248454218296,false,true
7,89,-2.2,1.2999999999999998,-0.8109908699989273,false,true
8,89,-2.1500000000000004,1.2999999999999998,-0.8109908699989288,false,true
9,89,-2.1,1.2999999999999998,-0.8109908699989319,false,true
10,89,-2.0500000000000003,1.2999999999999998,-0.812362164258957,false,true
11,89,-2.0,1.2999999999999998,-0.8137334585189819,false,true
12,89,-1.9500000000000002,1.2999999999999998,-0.7955339110092654,false,true
13,89,-1.9000000000000004,1.2999999999999998,-0.8165464401245118,false,true
14,89,-1.85,1.2999999999999998,-0.7866312746774388,false,true
15,89,-1.8000000000000003,1.2999999999999998,-0.769061332435274,false,true
16,89,-1.7500000000000002,1.2999999999999998,-0.7689526091095567,false,true
17,89,-1.7000000000000002,1.2999999999999998,-0.7689526213926402,false,true
18,89,-1.6500000000000004,1.2999999999999998,-0.7689526294266651,false,true
19,89,-1.6,1.2999999999999998,-0.7689526345553545,false,true
20,89,-1.5500000000000003,1.2999999999999998,-0.7689526377630397,false,true
21,89,-1.5000000000000002,1.2999999999999998,-0.7689526397172352,false,true
22,89,-1.4500000000000002,1.2999999999999998,-0.7689526409599685,false,true
23,89,-1.4000000000000001,1.2999999999999998,-0.7689526414756453,false,true
24,89,-1.35,1.2999999999999998,-0.7689526427204988,false,true
25,89,-1.3000000000000003,1.2999999999999998,-0.7240347160698883,false,true
26,89,-1.2500000000000002,1.2999999999999998,-0.6977223160117515,false,true
27,89,-1.2000000000000002,1.2999999999999998,-0.697721884674331,false,true
28,89,-1.1500000000000001,1.2999999999999998,-0.6977215865029981,false,true
29,89,-1.1,1.2999999999999998,-0.6977214581051194,false,true
30,89,-1.0500000000000003,1.2999999999999998,-0.6977211411207891,false,true
31,89,-1.0000000000000002,1.2999999999999998,-0.7227986452690659,false,true
32,89,-0.9500000000000002,1.2999999999999998,-0.7376732217201472,false,true
33,89,-0.9000000000000001,1.2999999999999998,-0.7372772740904066,false,true
34,89,-0.8500000000000001,1.2999999999999998,-0.7368353974245148,false,true
35,89,-0.8000000000000003,1.2999999999999998,-0.7363458490351286,false,true
36,89,-0.7500000000000002,1.2999999999999998,-0.735810300943253,false,true
37,89,-0.7000000000000002,1.2999999999999998,-0.7352374873785684,false,true
38,89,-0.6500000000000001,1.2999999999999998,-0.7346516503395352,false,true
39,89,-0.6000000000000001,1.2999999999999998,-0.734105438634435,false,true
40,89,-0.5500000000000003,1.2999999999999998,-0.73373420117361,false,true
41,89,-0.5,1.2999999999999998,-0.7337385652252293,false,true
42,89,-0.4500000000000002,1.2999999999999998,-0.735083243394687,false,true
43,89,-0.40000000000000036,1.2999999999999998,-0.7368256623953557,true,false
44,89,-0.3500000000000001,1.2999999999999998,-0.7787761862486577,true,false
45,89,-0.30000000000000027,1.2999999999999998,-0.7884844715803838,true,false
46,89,-0.25,1.2999999999999998,-0.7988833959311223,true,false
47,89,-0.20000000000000018,1.2999999999999998,-0.8028789038866735,true,false
48,89,-0.1499999999999999,1.2999999999999998,-0.80731483056247,true,false
49,89,-0.10000000000000009,1.2999999999999998,-0.8122468764990545,true,false
50,89,-0.050000000000000266,1.2999999999999998,-0.813787477752564,true,false
51,89,0.0,1.2999999999999998,-0.813499289295075,true,false
52,89,0.04999999999999982,1.2999999999999998,-0.8107602770537115,true,false
53,89,0.10000000000000009,1.2999999999999998,-0.8085278148859716,true,false
54,89,0.1499999999999999,1.2999999999999998,-0.8082763130873418,true,false
55,89,0.19999999999999973,1.2999999999999998,-0.8101673598498083,true,false
56,89,0.25,1.2999999999999998,-0.8121922190397954,true,false
57,89,0.2999999999999998,1.2999999999999998,-0.813981192848084,true,false
58,89,0.3500000000000001,1.2999999999999998,-0.8132103855818487,true,false
59,89,0.3999999999999999,1.2999999999999998,-0.8124912727670197,false,true
60,89,0.44999999999999973,1.2999999999999998,-0.8126398972349793,false,true
61,89,0.5,1.2999999999999998,-0.8126922649234238,false,true
62,89,0.5499999999999998,1.2999999999999998,-0.8127474326070181,false,true
0,90,-2.5500000000000003,1.3499999999999996,-0.812833696603775,false,true
1,90,-2.5000000000000004,1.3499999999999996,-0.812833696603775,false,true
2,90,-2.45,1.3499999999999996,-0.8110467635386709,false,true
3,90,-2.4000000000000004,1.3499999999999996,-0.8100000023841858,false,true
4,90,-2.35,1.3499999999999996,-0.8100000023841858,false,true
5,90,-2.3000000000000003,1.3499999999999996,-0.8042020676520436,false,true
6,90,-2.25,1.3499999999999996,-0.81099086999893,false,true
7,90,-2.2,1.3499999999999996,-0.8109908699989306,false,true
8,90,-2.1500000000000004,1.3499999999999996,-0.8109908699989319,false,true
9,90,-2.1,1.3499999999999996,-0.812362164258957,false,true
10,90,-2.0500000000000003,1.3499999999999996,-0.8137334585189819,false,true
11,90,-2.0,1.3499999999999996,-0.7715760354271343,false,true
12,90,-1.9500000000000002,1.3499999999999996,-0.7486126990293176,false,true
13,90,-1.9000000000000004,1.3499999999999996,-0.7204736221249481,false,true
14,90,-1.85,1.3499999999999996,-0.751066987319358,false,true
15,90,-1.8000000000000003,1.3499999999999996,-0.7689524621302277,false,true
16,90,-1.7500000000000002,1.3499999999999996,-0.7689525219199671,false,true
17,90,-1.7000000000000002,1.3499999999999996,-0.7689525636768829,false,true
18,90,-1.6500000000000004,1.3499999999999996,-0.7689525920970105,false,true
19,90,-1.6,1.3499999999999996,-0.7689526109356308,false,true
20,90,-1.5500000000000003,1.3499999999999996,-0.7689526230981079,false,true
21,90,-1.5000000000000002,1.3499999999999996,-0.7689526307711617,false,true
22,90,-1.4500000000000002,1.3499999999999996,-0.7689526354721165,false,true
23,90,-1.4000000000000001,1.3499999999999996,-0.7689526384701609,false,true
24,90,-1.35,1.3499999999999996,-0.7689526397151569,false,true
25,90,-1.3000000000000003,1.3499999999999996,-0.7689526427204988,false,true
26,90,-1.2500000000000002,1.3499999999999996,-0.7240357927044566,false,true
27,90,-1.2000000000000002,1.3499999999999996,-0.6977239160706022,false,true
28,90,-1.1500000000000001,1.3499999999999996,-0.6977229186066072,false,true
29,90,-1.1,1.3499999999999996,-0.6977222134672285,false,true
30,90,-1.0500000000000003,1.3499999999999996,-0.6977219063886585,false,true
31,90,-1.0000000000000002,1.3499999999999996,-0.6977211411207891,false,true
32,90,-0.9500000000000002,1.3499999999999996,-0.7250107201030875,false,true
33,90,-0.9000000000000001,1.3499999999999996,-0.7417161828380581,false,true
34,90,-0.8500000000000001,1.3499999999999996,-0.7419327878594569,false,true
35,90,-0.8000000000000003,1.3499999999999996,-0.7422012606287386,false,true
36,90,-0.7500000000000002,1.3499999999999996,-0.7425433333336872,false,true
37,90,-0.7000000000000002,1.3499999999999996,-0.7429924136489037,false,true
38,90,-0.6500000000000001,1.3499999999999996,-0.7436008355631321,false,true
39,90,-0.6000000000000001,1.3499999999999996,-0.7444567330779083,false,true
40,90,-0.5500000000000003,1.3499999999999996,-0.7456888507440619,false,true
41,90,-0.5,1.3499999999999996,-0.7476198197037695,false,true
42,90,-0.4500000000000002,1.3499999999999996,-0.7501876682643782,false,true
43,90,-0.40000000000000036,1.3499999999999996,-0.754981177589295,true,false
44,90,-0.3500000000000001,1.3499999999999996,-0.7789095218390203,true,false
45,90,-0.30000000000000027,1.3499999999999996,-0.7897674019545293,true,false
46,90,-0.25,1.3499999999999996,-0.7986840183943487,true,false
47,90,-0.20000000000000018,1.3499999999999996,-0.8031556184500432,true,false
48,90,-0.1499999999999999,1.3499999999999996,-0.8065092141836858,true,false
49,90,-0.10000000000000009,1.3499999999999996,-0.8112366969794012,true,false
50,90,-0.050000000000000266,1.3499999999999996,-0.8137139256209112,true,false
51,90,0.0,1.3499999999999996,-0.812609362146256,true,false
52,90,0.04999999999999982,1.3499999999999996,-0.8101327891558385,true,false
53,90,0.10000000000000009,1.3499999999999996,-0.807755070468781,true,false
54,90,0.1499999999999999,1.3499999999999996,-0.8081992144793249,true,false
55,90,0.19999999999999973,1.3499999999999996,-0.8093088741511083,true,false
56,90,0.25,1.3499999999999996,-0.8105361933916784,true,false
57,90,0.2999999999999998,1.3499999999999996,-0.8107517535895086,true,false
58,90,0.3500000000000001,1.3499999999999996,-0.8114739234656072,true,false
59,90,0.3999999999999999,1.3499999999999996,-0.8112561374572076,false,true
60,90,0.44999999999999973,1.3499999999999996,-0.8111623456930994,false,true
61,90,0.5,1.3499999999999996,-0.8112092948078078,false,true
62,90,0.5499999999999998,1.3499999999999996,-0.8112719960284286,false,true
0,91,-2.5500000000000003,1.3999999999999995,-0.812833696603775,false,true
1,91,-2.5000000000000004,1.3999999999999995,-0.8110467635386709,false,true
2,91,-2.45,1.3999999999999995,-0.8100000023841858,false,true
3,91,-2.4000000000000004,1.3999999999999995,-0.8100000023841858,false,true
4,91,-2.35,1.3999999999999995,-0.7843827471181415,false,true
5,91,-2.3000000000000003,1.3999999999999995,-0.7762165794896374,false,true
6,91,-2.25,1.3999999999999995,-0.779978955599071,false,true
7,91,-2.2,1.3999999999999995,-0.8109908699989319,false,true
8,91,-2.1500000000000004,1.3999999999999995,-0.812362164258957,false,true
9,91,-2.1,1.3999999999999995,-0.8137334585189819,false,true
10,91,-2.0500000000000003,1.3999999999999995,-0.7607864032880118,false,true
11,91,-2.0,1.3999999999999995,-0.7287153669338943,false,true
12,91,-1.9500000000000002,1.3999999999999995,-0.7204736221249396,false,true
13,91,-1.9000000000000004,1.3999999999999995,-0.720473622124942,false,true
14,91,-1.85,1.3999999999999995,-0.7204736221249481,false,true
15,91,-1.8000000000000003,1.3999999999999995,-0.751044313132995,false,true
16,91,-1.7500000000000002,1.3999999999999995,-0.7689522305954386,false,true
17,91,-1.7000000000000002,1.3999999999999995,-0.7689523633940973,false,true
18,91,-1.6500000000000004,1.3999999999999995,-0.768952457734971,false,true
19,91,-1.6,1.3999999999999995,-0.7689525229968341,false,true
20,91,-1.5500000000000003,1.3999999999999995,-0.7689525669078823,false,true
21,91,-1.5000000000000002,1.3999999999999995,-0.7689525956276441,false,true
22,91,-1.4500000000000002,1.3999999999999995,-0.7689526139342009,false,true
23,91,-1.4000000000000001,1.3999999999999995,-0.7689526252287122,false,true
24,91,-1.35,1.3999999999999995,-0.768952632459133,false,true
25,91,-1.3000000000000003,1.3999999999999995,-0.7689526354649616,false,true
26,91,-1.2500000000000002,1.3999999999999995,-0.7689526427204988,false,true
27,91,-1.2000000000000002,1.3999999999999995,-0.7240382950499025,false,true
28,91,-1.1500000000000001,1.3999999999999995,-0.6977276562653164,false,true
29,91,-1.1,1.3999999999999995,-0.6977253763257675,false,true
30,91,-1.0500000000000003,1.3999999999999995,-0.6977237200883463,false,true
31,91,-1.0000000000000002,1.3999999999999995,-0.6977229886408581,false,true
32,91,-0.9500000000000002,1.3999999999999995,-0.6977211411207891,false,true
33,91,-0.9000000000000001,1.3999999999999995,-0.7277123668584734,false,true
34,91,-0.8500000000000001,1.3999999999999995,-0.7462906424926612,false,true
35,91,-0.8000000000000003,1.3999999999999995,-0.747140048852339,false,true
36,91,-0.7500000000000002,1.3999999999999995,-0.7481084564555682,false,true
37,91,-0.7000000000000002,1.3999999999999995,-0.7492140838164323,false,true
38,91,-0.6500000000000001,1.3999999999999995,-0.7504727384355253,false,true
39,91,-0.6000000000000001,1.3999999999999995,-0.751885810618431,false,true
40,91,-0.5500000000000003,1.3999999999999995,-0.7534367874682925,false,true
41,91,-0.5,1.3999999999999995,-0.7549083337715545,false,true
42,91,-0.4500000000000002,1.3999999999999995,-0.756524909752319,false,true
43,91,-0.40000000000000036,1.3999999999999995,-0.7567706282347417,true,false
44,91,-0.3500000000000001,1.3999999999999995,-0.7671781654566503,true,false
45,91,-0.30000000000000027,1.3999999999999995,-0.7877211744993902,true,false
46,91,-0.25,1.3999999999999995,-0.7963002200335241,true,false
47,91,-0.20000000000000018,1.3999999999999995,-0.801168190976975,true,false
48,91,-0.1499999999999999,1.3999999999999995,-0.8046618278235174,true,false
49,91,-0.10000000000000009,1.3999999999999995,-0.8100912149161077,true,false
50,91,-0.050000000000000266,1.3999999999999995,-0.8125777418822027,true,false
51,91,0.0,1.3999999999999995,-0.8112949903219915,true,false
52,91,0.04999999999999982,1.3999999999999995,-0.8081131751745916,true,false
53,91,0.10000000000000009,1.3999999999999995,-0.8066076810568548,true,false
54,91,0.1499999999999999,1.3999999999999995,-0.8066603715628362,true,false
55,91,0.19999999999999973,1.3999999999999995,-0.8082349474638677,true,false
56,91,0.25,1.3999999999999995,-0.8082086618155218,true,false
57,91,0.2999999999999998,1.3999999999999995,-0.8099228615969396,true,false
58,91,0.3500000000000001,1.3999999999999995,-0.8089938934057928,true,false
59,91,0.3999999999999999,1.3999999999999995,-0.8097007770343384,false,true
60,91,0.44999999999999973,1.3999999999999995,-0.8098450884553983,false,true
61,91,0.5,1.3999999999999995,-0.8099404000500126,false,true
62,91,0.5499999999999998,1.3999999999999995,-0.8099777180683227,false,true
0,92,-2.5500000000000003,1.4500000000000002,-0.8110467635386709,false,true
1,92,-2.5000000000000004,1.4500000000000002,-0.8100000023841858,false,true
2,92,-2.45,1.4500000000000002,-0.8100000023841858,false,true
3,92,-2.4000000000000004,1.4500000000000002,-0.766235966986064,false,true
4,92,-2.35,1.4500000000000002,-0.7430007161916199,false,true
5,92,-2.3000000000000003,1.4500000000000002,-0.7398838617690684,false,true
6,92,-2.25,1.4500000000000002,-0.7361214856596352,false,true
7,92,-2.2,1.4500000000000002,-0.7051095712597748,false,true
8,92,-2.1500000000000004,1.4500000000000002,-0.736924771239179,false,true
9,92,-2.1,1.4500000000000002,-0.7385391080908664,false,true
10,92,-2.0500000000000003,1.4500000000000002,-0.7228875732905771,false,true
11,92,-2.0,1.4500000000000002,-0.7204736221248877,false,true
12,92,-1.9500000000000002,1.4500000000000002,-0.7204736221249125,false,true
13,92,-1.9000000000000004,1.4500000000000002,-0.7204736221249274,false,true
14,92,-1.85,1.4500000000000002,-0.7204736221249335,false,true
15,92,-1.8000000000000003,1.4500000000000002,-0.7204736221249481,false,true
16,92,-1.7500000000000002,1.4500000000000002,-0.7510439704314741,false,true
17,92,-1.7000000000000002,1.4500000000000002,-0.7689517097083303,false,true
18,92,-1.6500000000000004,1.4500000000000002,-0.7689520012730414,false,true
19,92,-1.6,1.4500000000000002,-0.7689522122400995,false,true
20,92,-1.5500000000000003,1.4500000000000002,-0.7689523607959611,false,true
21,92,-1.5000000000000002,1.4500000000000002,-0.7689524624287261,false,true
22,92,-1.4500000000000002,1.4500000000000002,-0.7689525298937906,false,true
23,92,-1.4000000000000001,1.4500000000000002,-0.7689525734253896,false,true
24,92,-1.35,1.4500000000000002,-0.7689526005169082,false,true
25,92,-1.3000000000000003,1.4500000000000002,-0.7689526179468837,false,true
26,92,-1.2500000000000002,1.4500000000000002,-0.7689526252040826,false,true
27,92,-1.2000000000000002,1.4500000000000002,-0.7689526427204988,false,true
28,92,-1.1500000000000001,1.4500000000000002,-0.7240440540761612,false,true
29,92,-1.1,1.4500000000000002,-0.6977363233848358,false,true
30,92,-1.0500000000000003,1.4500000000000002,-0.6977311885363,false,true
31,92,-1.0000000000000002,1.4500000000000002,-0.6977273334788612,false,true
32,92,-0.9500000000000002,1.4500000000000002,-0.6977256014287965,false,true
33,92,-0.9000000000000001,1.4500000000000002,-0.6977211411207891,false,true
34,92,-0.8500000000000001,1.4500000000000002,-0.7296322946805422,false,true
35,92,-0.8000000000000003,1.4500000000000002,-0.7491787823627618,false,true
36,92,-0.7500000000000002,1.4500000000000002,-0.750367229204599,false,true
37,92,-0.7000000000000002,1.4500000000000002,-0.7516609060535682,false,true
38,92,-0.6500000000000001,1.4500000000000002,-0.7530473256370674,false,true
39,92,-0.6000000000000001,1.4500000000000002,-0.754490357947465,false,true
40,92,-0.5500000000000003,1.4500000000000002,-0.7558893579967991,false,true
41,92,-0.5,1.4500000000000002,-0.757172674493082,false,true
42,92,-0.4500000000000002,1.4500000000000002,-0.757342815602127,false,true
43,92,-0.40000000000000036,1.4500000000000002,-0.7577211435049749,true,false
44,92,-0.3500000000000001,1.4500000000000002,-0.7716351325720525,true,false
45,92,-0.30000000000000027,1.4500000000000002,-0.7877211744993902,true,false
46,92,-0.25,1.4500000000000002,-0.7945564563482976,true,false
47,92,-0.20000000000000018,1.4500000000000002,-0.7998704488486028,true,false
48,92,-0.1499999999999999,1.4500000000000002,-0.8057513411253667,true,false
49,92,-0.10000000000000009,1.4500000000000002,-0.8100242789000249,true,false
50,92,-0.050000000000000266,1.4500000000000002,-0.81119986130893,true,false
51,92,0.0,1.4500000000000002,-0.810561763784287,true,false
52,92,0.04999999999999982,1.4500000000000002,-0.8087358052939153,true,false
53,92,0.10000000000000009,1.4500000000000002,-0.806368249198792,true,false
54,92,0.1499999999999999,1.4500000000000002,-0.8065121348112798,true,false
55,92,0.19999999999999973,1.4500000000000002,-0.8074118073195196,true,false
56,92,0.25,1.4500000000000002,-0.808076697131989,true,false
57,92,0.2999999999999998,1.4500000000000002,-0.809516864559052,true,false
58,92,0.3500000000000001,1.4500000000000002,-0.8089273150175786,true,false
59,92,0.3999999999999999,1.4500000000000002,-0.8086381266224572,false,true
60,92,0.44999999999999973,1.4500000000000002,-0.8088532453566802,false,true
61,92,0.5,1.4500000000000002,-0.8087989169764529,false,true
62,92,0.5499999999999998,1.4500000000000002,-0.8087344646858271,false,true
0,93,-2.5500000000000003,1.5,-0.8100000023841858,false,true
1,93,-2.5000000000000004,1.5,-0.8100000023841858,false,true
2,93,-2.45,1.5,-0.7547361361174939,false,true
3,93,-2.4000000000000004,1.5,-0.722764100351934,false,true
4,93,-2.35,1.5,-0.7190571012484291,false,true
5,93,-2.3000000000000003,1.5,-0.7141927506899172,false,true
6,93,-2.25,1.5,-0.7051095712597747,false,true
7,93,-2.2,1.5,-0.7051095712597748,false,true
8,93,-2.1500000000000004,1.5,-0.7051095712597748,false,true
9,93,-2.1,1.5,-0.7051095712598613,false,true
10,93,-2.0500000000000003,1.5,-0.7127915966923177,false,true
11,93,-2.0,1.5,-0.7204736221246838,false,true
12,93,-1.9500000000000002,1.5,-0.7204736221248005,false,true
13,93,-1.9000000000000004,1.5,-0.7204736221248619,false,true
14,93,-1.85,1.5,-0.7204736221248981,false,true
15,93,-1.8000000000000003,1.5,-0.7204736221249128,false,true
16,93,-1.7500000000000002,1.5,-0.7204736221249481,false,true
17,93,-1.7000000000000002,1.5,-0.751043210893638,false,true
18,93,-1.6500000000000004,1.5,-0.7689505493469209,false,true
19,93,-1.6,1.5,-0.7689511811967741,false,true
20,93,-1.5500000000000003,1.5,-0.7689516474826023,false,true
21,93,-1.5000000000000002,1.5,-0.7689519822338434,false,true
22,93,-1.4500000000000002,1.5,-0.7689522155132423,false,true
23,93,-1.4000000000000001,1.5,-0.768952372995891,false,true
24,93,-1.35,1.5,-0.7689524760784531,false,true
25,93,-1.3000000000000003,1.5,-0.7689525409191468,false,true
26,93,-1.2500000000000002,1.5,-0.7689525829100397,false,true
27,93,-1.2000000000000002,1.5,-0.7689526004321294,false,true
28,93,-1.1500000000000001,1.5,-0.7689526427204988,false,true
29,93,-1.1,1.5,-0.7240571462376301,false,true
30,93,-1.0500000000000003,1.5,-0.6977561884537653,false,true
31,93,-1.0000000000000002,1.5,-0.6977448403062556,false,true
32,93,-0.9500000000000002,1.5,-0.6977359753256255,false,true
33,93,-0.9000000000000001,1.5,-0.6977319092568728,false,true
34,93,-0.8500000000000001,1.5,-0.6977211411207891,false,true
35,93,-0.8000000000000003,1.5,-0.729610818686965,false,true
36,93,-0.7500000000000002,1.5,-0.7485683906280701,false,true
37,93,-0.7000000000000002,1.5,-0.7496908392476254,false,true
38,93,-0.6500000000000001,1.5,-0.7508883802934868,false,true
39,93,-0.6000000000000001,1.5,-0.7521680847913975,false,true
40,93,-0.5500000000000003,1.5,-0.7535654435831086,false,true
41,93,-0.5,1.5,-0.7550554986281836,false,true
42,93,-0.4500000000000002,1.5,-0.7575798233699165,false,true
43,93,-0.40000000000000036,1.5,-0.7573799665182805,true,false
44,93,-0.3500000000000001,1.5,-0.7697600896567083,true,false
45,93,-0.30000000000000027,1.5,-0.7877211744993902,true,false
46,93,-0.25,1.5,-0.7941317136496282,true,false
47,93,-0.20000000000000018,1.5,-0.7994798298090673,true,false
48,93,-0.1499999999999999,1.5,-0.8036731357783056,true,false
49,93,-0.10000000000000009,1.5,-0.807443129560349,true,false
50,93,-0.050000000000000266,1.5,-0.8099133546560979,true,false
51,93,0.0,1.5,-0.807889896175263,true,false
52,93,0.04999999999999982,1.5,-0.8071916575640417,true,false
53,93,0.10000000000000009,1.5,-0.8060047800749517,true,false
54,93,0.1499999999999999,1.5,-0.805757361194489,true,false
55,93,0.19999999999999973,1.5,-0.8047704274862981,true,false
56,93,0.25,1.5,-0.8056598479956365,true,false
57,93,0.2999999999999998,1.5,-0.8046285684317327,true,false
58,93,0.3500000000000001,1.5,-0.8078733856886602,true,false
59,93,0.3999999999999999,1.5,-0.8083099375104809,false,true
60,93,0.44999999999999973,1.5,-0.8076759135653682,false,true
61,93,0.5,1.5,-0.8074373800181129,false,true
62,93,0.5499999999999998,1.5,-0.8072886464737501,false,true
0,94,-2.5500000000000003,1.5499999999999998,-0.8100000023841858,false,true
1,94,-2.5000000000000004,1.5499999999999998,-0.7487014296471655,false,true
2,94,-2.45,1.5499999999999998,-0.7126572613855404,false,true
3,94,-2.4000000000000004,1.5499999999999998,-0.7102966826617276,false,true
4,94,-2.35,1.5499999999999998,-0.7077699729201293,false,true
5,94,-2.3000000000000003,1.5499999999999998,-0.7051095712597747,false,true
6,94,-2.25,1.5499999999999998,-0.7051095712597747,false,true
7,94,-2.2,1.5499999999999998,-0.7051095712597747,false,true
8,94,-2.1500000000000004,1.5499999999999998,-0.7051095712597748,false,true
9,94,-2.1,1.5499999999999998,-0.7051095712597748,false,true
10,94,-2.0500000000000003,1.5499999999999998,-0.7051095712599836,false,true
11,94,-2.0,1.5499999999999998,-0.7127915966922451,false,true
12,94,-1.9500000000000002,1.5499999999999998,-0.7204736221242903,false,true
13,94,-1.9000000000000004,1.5499999999999998,-0.7204736221245869,false,true
14,94,-1.85,1.5499999999999998,-0.7204736221247392,false,true
15,94,-1.8000000000000003,1.5499999999999998,-0.7204736221248275,false,true
16,94,-1.7500000000000002,1.5499999999999998,-0.720473622124863,false,true
17,94,-1.7000000000000002,1.5499999999999998,-0.7204736221249481,false,true
18,94,-1.6500000000000004,1.5499999999999998,-0.7510415466404461,false,true
19,94,-1.6,1.5499999999999998,-0.7689479928831101,false,true
20,94,-1.5500000000000003,1.5499999999999998,-0.768949342169845,false,true
21,94,-1.5000000000000002,1.5499999999999998,-0.7689503591267328,false,true
22,94,-1.4500000000000002,1.5499999999999998,-0.7689511046670066,false,true
23,94,-1.4000000000000001,1.5499999999999998,-0.7689516348869975,false,true
24,94,-1.35,1.5499999999999998,-0.7689519996941161,false,true
25,94,-1.3000000000000003,1.5499999999999998,-0.768952242511434,false,true
26,94,-1.2500000000000002,1.5499999999999998,-0.768952397250121,false,true
27,94,-1.2000000000000002,1.5499999999999998,-0.7689524983196038,false,true
28,94,-1.1500000000000001,1.5499999999999998,-0.7689525406273441,false,true
29,94,-1.1,1.5499999999999998,-0.7689526427204988,false,true
30,94,-1.0500000000000003,1.5499999999999998,-0.7240864551247572,false,true
31,94,-1.0000000000000002,1.5499999999999998,-0.6978010921327855,false,true
32,94,-0.9500000000000002,1.5499999999999998,-0.6977766161595518,false,true
33,94,-0.9000000000000001,1.5499999999999998,-0.6977565598200373,false,true
34,94,-0.8500000000000001,1.5499999999999998,-0.697747137700964,false,true
35,94,-0.8000000000000003,1.5499999999999998,-0.6977211411207891,false,true
36,94,-0.7500000000000002,1.5499999999999998,-0.7271431673343474,false,true
37,94,-0.7000000000000002,1.5499999999999998,-0.7438884931417299,false,true
38,94,-0.6500000000000001,1.5499999999999998,-0.7446407740696279,false,true
39,94,-0.6000000000000001,1.5499999999999998,-0.7454766271827338,false,true
40,94,-0.5500000000000003,1.5499999999999998,-0.7464706478312562,false,true
41,94,-0.5,1.5499999999999998,-0.7478509566197078,false,true
42,94,-0.4500000000000002,1.5499999999999998,-0.7491982473686476,false,true
43,94,-0.40000000000000036,1.5499999999999998,-0.7577211435049749,true,false
44,94,-0.3500000000000001,1.5499999999999998,-0.769576119920609,true,false
45,94,-0.30000000000000027,1.5499999999999998,-0.785870122453568,true,false
46,94,-0.25,1.5499999999999998,-0.7898318345755315,true,false
47,94,-0.20000000000000018,1.5499999999999998,-0.7982541496962285,true,false
48,94,-0.1499999999999999,1.5499999999999998,-0.7990743990153051,true,false
49,94,-0.10000000000000009,1.5499999999999998,-0.8043720896452642,true,false
50,94,-0.050000000000000266,1.5499999999999998,-0.8054488475531316,true,false
51,94,0.0,1.5499999999999998,-0.8049602682799077,true,false
52,94,0.04999999999999982,1.5499999999999998,-0.8051361019819951,true,false
53,94,0.10000000000000009,1.5499999999999998,-0.8041320021361089,true,false
54,94,0.1499999999999999,1.5499999999999998,-0.8034810598105169,true,false
55,94,0.19999999999999973,1.5499999999999998,-0.8029657776564336,true,false
56,94,0.25,1.5499999999999998,-0.8022990400999761,true,false
57,94,0.2999999999999998,1.5499999999999998,-0.803761797687409,true,false
58,94,0.3500000000000001,1.5499999999999998,-0.8047284540077926,false,true
59,94,0.3999999999999999,1.5499999999999998,-0.8058170552462316,false,true
60,94,0.44999999999999973,1.5499999999999998,-0.8056841773019361,false,true
61,94,0.5,1.5499999999999998,-0.8055680349754295,false,true
62,94,0.5499999999999998,1.5499999999999998,-0.801716457777822,false,true
0,95,-2.5500000000000003,1.5999999999999996,-0.7458812973132517,false,true
1,95,-2.5000000000000004,1.5999999999999996,-0.708150078530818,false,true
2,95,-2.45,1.5999999999999996,-0.7069516018580775,false,true
3,95,-2.4000000000000004,1.5999999999999996,-0.7058887848654125,false,true
4,95,-2.35,1.5999999999999996,-0.7051095712597747,false,true
5,95,-2.3000000000000003,1.5999999999999996,-0.7051095712597747,false,true
6,95,-2.25,1.5999999999999996,-0.7051095712597747,false,true
7,95,-2.2,1.5999999999999996,-0.7051095712597747,false,true
8,95,-2.1500000000000004,1.5999999999999996,-0.7051095712597747,false,true
9,95,-2.1,1.5999999999999996,-0.7051095712597748,false,true
10,95,-2.0500000000000003,1.5999999999999996,-0.7051095712597748,false,true
11,95,-2.0,1.5999999999999996,-0.705109571260279,false,true
12,95,-1.9500000000000002,1.5999999999999996,-0.7127915966920481,false,true
13,95,-1.9000000000000004,1.5999999999999996,-0.7204736221232992,false,true
14,95,-1.85,1.5999999999999996,-0.7204736221240606,false,true
15,95,-1.8000000000000003,1.5999999999999996,-0.7204736221244408,false,true
16,95,-1.7500000000000002,1.5999999999999996,-0.7204736221246563,false,true
17,95,-1.7000000000000002,1.5999999999999996,-0.7204736221247424,false,true
18,95,-1.6500000000000004,1.5999999999999996,-0.7204736221249481,false,true
19,95,-1.6,1.5999999999999996,-0.7510379463772525,false,true
20,95,-1.5500000000000003,1.5999999999999996,-0.7689424301040177,false,true
21,95,-1.5000000000000002,1.5999999999999996,-0.7689452639116235,false,true
22,95,-1.4500000000000002,1.5999999999999996,-0.7689474483870572,false,true
23,95,-1.4000000000000001,1.5999999999999996,-0.76894908649382,false,true
24,95,-1.35,1.5999999999999996,-0.7689502777803672,false,true
25,95,-1.3000000000000003,1.5999999999999996,-0.7689511150735415,false,true
26,95,-1.2500000000000002,1.5999999999999996,-0.7689516832792788,false,true
27,95,-1.2000000000000002,1.5999999999999996,-0.7689520511342792,false,true
28,95,-1.1500000000000001,1.5999999999999996,-0.7689522940865285,false,true
29,95,-1.1,1.5999999999999996,-0.7689523962458201,false,true
30,95,-1.0500000000000003,1.5999999999999996,-0.7689526427204988,false,true
31,95,-1.0000000000000002,1.5999999999999996,-0.7241508157885317,false,true
32,95,-0.9500000000000002,1.5999999999999996,-0.697900823193245,false,true
33,95,-0.9000000000000001,1.5999999999999996,-0.6978496870095838,false,true
34,95,-0.8500000000000001,1.5999999999999996,-0.6978053034078651,false,true
35,95,-0.8000000000000003,1.5999999999999996,-0.6977839024172225,false,true
36,95,-0.7500000000000002,1.5999999999999996,-0.6977211411207891,false,true
37,95,-0.7000000000000002,1.5999999999999996,-0.7225230570616231,false,true
38,95,-0.6500000000000001,1.5999999999999996,-0.7358247200990249,false,true
39,95,-0.6000000000000001,1.5999999999999996,-0.7359313885391523,false,true
40,95,-0.5500000000000003,1.5999999999999996,-0.7359820532999397,false,true
41,95,-0.5,1.5999999999999996,-0.7359337456254375,false,true
42,95,-0.4500000000000002,1.5999999999999996,-0.7362167330198892,false,true
43,95,-0.40000000000000036,1.5999999999999996,-0.7289633329123235,true,false
44,95,-0.3500000000000001,1.5999999999999996,-0.7584393198698736,true,false
45,95,-0.30000000000000027,1.5999999999999996,-0.7783048029154516,true,false
46,95,-0.25,1.5999999999999996,-0.78890343262851,true,false
47,95,-0.20000000000000018,1.5999999999999996,-0.7956965143889165,true,false
48,95,-0.1499999999999999,1.5999999999999996,-0.79939486338794,true,false
49,95,-0.10000000000000009,1.5999999999999996,-0.8030626054018712,true,false
50,95,-0.050000000000000266,1.5999999999999996,-0.8044586951941228,true,false
51,95,0.0,1.5999999999999996,-0.8051832194536901,true,false
52,95,0.04999999999999982,1.5999999999999996,-0.8057439203470922,true,false
53,95,0.10000000000000009,1.5999999999999996,-0.8051372940748907,true,false
54,95,0.1499999999999999,1.5999999999999996,-0.8040653939455724,true,false
55,95,0.19999999999999973,1.5999999999999996,-0.8024814005106664,true,false
56,95,0.25,1.5999999999999996,-0.8011237855166173,true,false
57,95,0.2999999999999998,1.5999999999999996,-0.8031163687914586,true,false
58,95,0.3500000000000001,1.5999999999999996,-0.803760724803803,true,false
59,95,0.3999999999999999,1.5999999999999996,-0.8028704993024285,false,true
60,95,0.44999999999999973,1.5999999999999996,-0.80329590633218,false,true
61,95,0.5,1.5999999999999996,-0.8003838778764546,false,true
62,95,0.5499999999999998,1.5999999999999996,-0.7947618539541936,false,true
0,96,-2.5500000000000003,1.6500000000000004,-0.7062823271908706,false,true
1,96,-2.5000000000000004,1.6500000000000004,-0.7057436239932068,false,true
2,96,-2.45,1.6500000000000004,-0.7053377976408732,false,true
3,96,-2.4000000000000004,1.6500000000000004,-0.7051095712597747,false,true
4,96,-2.35,1.6500000000000004,-0.7051095712597747,false,true
5,96,-2.3000000000000003,1.6500000000000004,-0.7051095712597747,false,true
6,96,-2.25,1.6500000000000004,-0.7051095712597747,false,true
7,96,-2.2,1.6500000000000004,-0.7051095712597747,false,true
8,96,-2.1500000000000004,1.6500000000000004,-0.7051095712597747,false,true
9,96,-2.1,1.6500000000000004,-0.7051095712597747,false,true
10,96,-2.0500000000000003,1.6500000000000004,-0.7051095712597748,false,true
11,96,-2.0,1.6500000000000004,-0.7051095712597748,false,true
12,96,-1.9500000000000002,1.6500000000000004,-0.7051095712609918,false,true
13,96,-1.9000000000000004,1.6500000000000004,-0.7127915966915066,false,true
14,96,-1.85,1.6500000000000004,-0.7204736221207827,false,true
15,96,-1.8000000000000003,1.6500000000000004,-0.7204736221227558,false,true
16,96,-1.7500000000000002,1.6500000000000004,-0.7204736221237137,false,true
17,96,-1.7000000000000002,1.6500000000000004,-0.7204736221242424,false,true
18,96,-1.6500000000000004,1.6500000000000004,-0.7204736221244513,false,true
19,96,-1.6,1.6500000000000004,-0.7204736221249481,false,true
20,96,-1.5500000000000003,1.6500000000000004,-0.7510302687533579,false,true
21,96,-1.5000000000000002,1.6500000000000004,-0.7689304934721535,false,true
22,96,-1.4500000000000002,1.6500000000000004,-0.7689363338414555,false,true
23,96,-1.4000000000000001,1.6500000000000004,-0.7689409452543166,false,true
24,96,-1.35,1.6500000000000004,-0.7689444885599325,false,true
25,96,-1.3000000000000003,1.6500000000000004,-0.7689471289379374,false,true
26,96,-1.2500000000000002,1.6500000000000004,-0.7689490293327021,false,true
27,96,-1.2000000000000002,1.6500000000000004,-0.7689503480134234,false,true
28,96,-1.1500000000000001,1.6500000000000004,-0.7689512180548482,false,true
29,96,-1.1,1.6500000000000004,-0.7689518009775026,false,true
30,96,-1.0500000000000003,1.6500000000000004,-0.7689520476779867,false,true
31,96,-1.0000000000000002,1.6500000000000004,-0.7689526427204988,false,true
32,96,-0.9500000000000002,1.6500000000000004,-0.7242887596916795,false,true
33,96,-0.9000000000000001,1.6500000000000004,-0.6981174040509138,false,true
34,96,-0.8500000000000001,1.6500000000000004,-0.6980150042097016,false,true
35,96,-0.8000000000000003,1.6500000000000004,-0.6979197312661561,false,true
36,96,-0.7500000000000002,1.6500000000000004,-0.6978726602938309,false,true
37,96,-0.7000000000000002,1.6500000000000004,-0.6977211411207891,false,true
38,96,-0.6500000000000001,1.6500000000000004,-0.7166691536803729,false,true
39,96,-0.6000000000000001,1.6500000000000004,-0.7260219610606102,false,true
40,96,-0.5500000000000003,1.6500000000000004,-0.7253204784552085,false,true
41,96,-0.5,1.6500000000000004,-0.7241814673486192,false,true
42,96,-0.4500000000000002,1.6500000000000004,-0.7222690392710129,false,true
43,96,-0.40000000000000036,1.6500000000000004,-0.724970179340241,true,false
44,96,-0.3500000000000001,1.6500000000000004,-0.7511907990187383,true,false
45,96,-0.30000000000000027,1.6500000000000004,-0.77546508862674,true,false
46,96,-0.25,1.6500000000000004,-0.7877211744993902,true,false
47,96,-0.20000000000000018,1.6500000000000004,-0.7932169015616155,true,false
48,96,-0.1499999999999999,1.6500000000000004,-0.7975506360739446,true,false
49,96,-0.10000000000000009,1.6500000000000004,-0.8021084840506292,true,false
50,96,-0.050000000000000266,1.6500000000000004,-0.8034047062605596,true,false
51,96,0.0,1.6500000000000004,-0.804211335918305,true,false
52,96,0.04999999999999982,1.6500000000000004,-0.8047903354376531,true,false
53,96,0.10000000000000009,1.6500000000000004,-0.8049708779066778,true,false
54,96,0.1499999999999999,1.6500000000000004,-0.8037660892218328,true,false
55,96,0.19999999999999973,1.6500000000000004,-0.8012059803217626,true,false
56,96,0.25,1.6500000000000004,-0.7999744887560583,true,false
57,96,0.2999999999999998,1.6500000000000004,-0.7993520076483465,true,false
58,96,0.3500000000000001,1.6500000000000004,-0.8016115303248144,true,false
59,96,0.3999999999999999,1.6500000000000004,-0.8013763738091316,false,true
60,96,0.44999999999999973,1.6500000000000004,-0.7989160907937174,false,true
61,96,0.5,1.6500000000000004,-0.7947618539541936,false,true
62,96,0.5499999999999998,1.6500000000000004,-0.7945559899664587,false,true
0,97,-2.5500000000000003,1.7000000000000002,-0.7053229695087313,false,true
1,97,-2.5000000000000004,1.7000000000000002,-0.7051764172191528,false,true
2,97,-2.45,1.7000000000000002,-0.7051095712597747,false,true
3,97,-2.4000000000000004,1.7000000000000002,-0.7051095712597747,false,true
4,97,-2.35,1.7000000000000002,-0.7051095712597747,false,true
5,97,-2.3000000000000003,1.7000000000000002,-0.7051095712597747,false,true
6,97,-2.25,1.7000000000000002,-0.7051095712597747,false,true
7,97,-2.2,1.7000000000000002,-0.7051095712597747,false,true
8,97,-2.1500000000000004,1.7000000000000002,-0.7051095712597747,false,true
9,97,-2.1,1.7000000000000002,-0.7051095712597747,false,true
10,97,-2.0500000000000003,1.7000000000000002,-0.7051095712597747,false,true
11,97,-2.0,1.7000000000000002,-0.7051095712597748,false,true
12,97,-1.9500000000000002,1.7000000000000002,-0.7051095712597748,false,true
13,97,-1.9000000000000004,1.7000000000000002,-0.7051095712627129,false,true
14,97,-1.85,1.7000000000000002,-0.7127915966900017,false,true
15,97,-1.8000000000000003,1.7000000000000002,-0.7204736221143339,false,true
16,97,-1.7500000000000002,1.7000000000000002,-0.7204736221195005,false,true
17,97,-1.7000000000000002,1.7000000000000002,-0.7204736221219372,false,true
18,97,-1.6500000000000004,1.7000000000000002,-0.7204736221232406,false,true
19,97,-1.6,1.7000000000000002,-0.7204736221237485,false,true
20,97,-1.5500000000000003,1.7000000000000002,-0.7204736221249481,false,true
21,97,-1.5000000000000002,1.7000000000000002,-0.7510141571107848,false,true
22,97,-1.4500000000000002,1.7000000000000002,-0.7689052790277736,false,true
23,97,-1.4000000000000001,1.7000000000000002,-0.768917059666481,false,true
24,97,-1.35,1.7000000000000002,-0.7689266017374081,false,true
25,97,-1.3000000000000003,1.7000000000000002,-0.7689341279879391,false,true
26,97,-1.2500000000000002,1.7000000000000002,-0.7689398870325459,false,true
27,97,-1.2000000000000002,1.7000000000000002,-0.7689441426349649,false,true
28,97,-1.1500000000000001,1.7000000000000002,-0.7689471715159357,false,true
29,97,-1.1,1.7000000000000002,-0.7689492154867525,false,true
30,97,-1.0500000000000003,1.7000000000000002,-0.7689506103473359,false,true
31,97,-1.0000000000000002,1.7000000000000002,-0.768951206160796,false,true
32,97,-0.9500000000000002,1.7000000000000002,-0.7689526427204988,false,true
33,97,-0.9000000000000001,1.7000000000000002,-0.7245754493390342,false,true
34,97,-0.8500000000000001,1.7000000000000002,-0.6985743199381897,false,true
35,97,-0.8000000000000003,1.7000000000000002,-0.6983808422910699,false,true
36,97,-0.7500000000000002,1.7000000000000002,-0.6981848898189793,false,true
37,97,-0.7000000000000002,1.7000000000000002,-0.6980869407633062,false,true
38,97,-0.6500000000000001,1.7000000000000002,-0.6977211411207891,false,true
39,97,-0.6000000000000001,1.7000000000000002,-0.7109765881199773,false,true
40,97,-0.5500000000000003,1.7000000000000002,-0.7170539150356084,false,true
41,97,-0.5,1.7000000000000002,-0.716318016239612,false,true
42,97,-0.4500000000000002,1.7000000000000002,-0.7148507834017637,false,true
43,97,-0.40000000000000036,1.7000000000000002,-0.7117547567099309,true,false
44,97,-0.3500000000000001,1.7000000000000002,-0.7577211435049749,true,false
45,97,-0.30000000000000027,1.7000000000000002,-0.7747811849325872,true,false
46,97,-0.25,1.7000000000000002,-0.7877211744993902,true,false
47,97,-0.20000000000000018,1.7000000000000002,-0.7907085890978551,true,false
48,97,-0.1499999999999999,1.7000000000000002,-0.794394361516831,true,false
49,97,-0.10000000000000009,1.7000000000000002,-0.7986428315848089,true,false
50,97,-0.050000000000000266,1.7000000000000002,-0.8014801914900518,true,false
51,97,0.0,1.7000000000000002,-0.8004546339720464,true,false
52,97,0.04999999999999982,1.7000000000000002,-0.8022154147833562,true,false
53,97,0.10000000000000009,1.7000000000000002,-0.8031005437582708,true,false
54,97,0.1499999999999999,1.7000000000000002,-0.8021841521471715,true,false
55,97,0.19999999999999973,1.7000000000000002,-0.799187469026444,true,false
56,97,0.25,1.7000000000000002,-0.7980173106402135,true,false
57,97,0.2999999999999998,1.7000000000000002,-0.7985046382158971,true,false
58,97,0.3500000000000001,1.7000000000000002,-0.7986594612807012,true,false
59,97,0.3999999999999999,1.7000000000000002,-0.7973572947570957,false,true
60,97,0.44999999999999973,1.7000000000000002,-0.7947618539541936,false,true
61,97,0.5,1.7000000000000002,-0.7942648543229998,false,true
62,97,0.5499999999999998,1.7000000000000002,-0.7942424989039395,false,true
0,98,-2.5500000000000003,1.75,-0.7051291499879816,false,true
1,98,-2.5000000000000004,1.75,-0.7051095712597747,false,true
2,98,-2.45,1.75,-0.7051095712597747,false,true
3,98,-2.4000000000000004,1.75,-0.7051095712597747,false,true
4,98,-2.35,1.75,-0.7051095712597747,false,true
5,98,-2.3000000000000003,1.75,-0.7051095712597747,false,true
6,98,-2.25,1.75,-0.7051095712597747,false,true
7,98,-2.2,1.75,-0.7051095712597747,false,true
8,98,-2.1500000000000004,1.75,-0.7051095712597747,false,true
9,98,-2.1,1.75,-0.7051095712597747,false,true
10,98,-2.0500000000000003,1.75,-0.7051095712597747,false,true
11,98,-2.0,1.75,-0.7051095712597747,false,true
12,98,-1.9500000000000002,1.75,-0.7051095712597748,false,true
13,98,-1.9000000000000004,1.75,-0.7051095712597748,false,true
14,98,-1.85,1.75,-0.7051095712668679,false,true
15,98,-1.8000000000000003,1.75,-0.7127915966857797,false,true
16,98,-1.7500000000000002,1.75,-0.7204736220976473,false,true
17,98,-1.7000000000000002,1.75,-0.7204736221113127,false,true
18,98,-1.6500000000000004,1.75,-0.7204736221175797,false,true
19,98,-1.6,1.75,-0.720473622120815,false,true
20,98,-1.5500000000000003,1.75,-0.7204736221220521,false,true
21,98,-1.5000000000000002,1.75,-0.7204736221249481,false,true
22,98,-1.4500000000000002,1.75,-0.7509809518981376,false,true
23,98,-1.4000000000000001,1.75,-0.7688529524621972,false,true
24,98,-1.35,1.75,-0.7688761362469119,false,true
25,98,-1.3000000000000003,1.75,-0.7688954308113042,false,true
26,98,-1.2500000000000002,1.75,-0.7689110821241868,false,true
27,98,-1.2000000000000002,1.75,-0.7689234077210113,false,true
28,98,-1.1500000000000001,1.75,-0.7689327837305335,false,true
29,98,-1.1,1.75,-0.7689396514431185,false,true
30,98,-1.0500000000000003,1.75,-0.7689444106647637,false,true
31,98,-1.0000000000000002,1.75,-0.7689477353666968,false,true
32,98,-0.9500000000000002,1.75,-0.7689491745585809,false,true
33,98,-0.9000000000000001,1.75,-0.7689526427204988,false,true
34,98,-0.8500000000000001,1.75,-0.7251482155639379,false,true
35,98,-0.8000000000000003,1.75,-0.6995025273227963,false,true
36,98,-0.7500000000000002,1.75,-0.6991661429319196,false,true
37,98,-0.7000000000000002,1.75,-0.6987871594001239,false,true
38,98,-0.6500000000000001,1.75,-0.6986042595788653,false,true
39,98,-0.6000000000000001,1.75,-0.6977211411207891,false,true
40,98,-0.5500000000000003,1.75,-0.7067840925592555,false,true
41,98,-0.5,1.75,-0.7109670807804299,false,true
42,98,-0.4500000000000002,1.75,-0.7124419737866554,false,true
43,98,-0.40000000000000036,1.75,-0.7091098304003454,true,false
44,98,-0.3500000000000001,1.75,-0.7367804224699712,true,false
45,98,-0.30000000000000027,1.75,-0.7640349443167425,true,false
46,98,-0.25,1.75,-0.7819625909537053,true,false
47,98,-0.20000000000000018,1.75,-0.7887610371321416,true,false
48,98,-0.1499999999999999,1.75,-0.7927968676298833,true,false
49,98,-0.10000000000000009,1.75,-0.7960429663866735,true,false
50,98,-0.050000000000000266,1.75,-0.7971426124781347,true,false
51,98,0.0,1.75,-0.7982624645441747,true,false
52,98,0.04999999999999982,1.75,-0.8002944464892126,true,false
53,98,0.10000000000000009,1.75,-0.8012378688067174,true,false
54,98,0.1499999999999999,1.75,-0.7996562595576024,true,false
55,98,0.19999999999999973,1.75,-0.7984038765639043,true,false
56,98,0.25,1.75,-0.7975897367209173,true,false
57,98,0.2999999999999998,1.75,-0.7967715437620855,true,false
58,98,0.3500000000000001,1.75,-0.7949320252150274,true,false
59,98,0.3999999999999999,1.75,-0.7947618539541936,true,false
60,98,0.44999999999999973,1.75,-0.793561990704071,false,true
61,98,0.5,1.75,-0.7936915285168576,false,true
62,98,0.5499999999999998,1.75,-0.7936173951834282,false,true
0,99,-2.5500000000000003,1.7999999999999998,-0.7051095712597747,false,true
1,99,-2.5000000000000004,1.7999999999999998,-0.7051095712597747,false,true
2,99,-2.45,1.7999999999999998,-0.7051095712597747,false,true
3,99,-2.4000000000000004,1.7999999999999998,-0.7051095712597747,false,true
4,99,-2.35,1.7999999999999998,-0.7051095712597747,false,true
5,99,-2.3000000000000003,1.7999999999999998,-0.7051095712597747,false,true
6,99,-2.25,1.7999999999999998,-0.7051095712597747,false,true
7,99,-2.2,1.7999999999999998,-0.7051095712597747,false,true
8,99,-2.1500000000000004,1.7999999999999998,-0.7051095712597747,false,true
9,99,-2.1,1.7999999999999998,-0.7051095712597747,false,true
10,99,-2.0500000000000003,1.7999999999999998,-0.7051095712597747,false,true
11,99,-2.0,1.7999999999999998,-0.7051095712597747,false,true
12,99,-1.9500000000000002,1.7999999999999998,-0.7051095712597747,false,true
13,99,-1.9000000000000004,1.7999999999999998,-0.7051095712597748,false,true
14,99,-1.85,1.7999999999999998,-0.7051095712597748,false,true
15,99,-1.8000000000000003,1.7999999999999998,-0.705109571276899,false,true
16,99,-1.7500000000000002,1.7999999999999998,-0.7127915966738391,false,true
17,99,-1.7000000000000002,1.7999999999999998,-0.7204736220540316,false,true
18,99,-1.6500000000000004,1.7999999999999998,-0.7204736220905219,false,true
19,99,-1.6,1.7999999999999998,-0.7204736221068354,false,true
20,99,-1.5500000000000003,1.7999999999999998,-0.7204736221149324,false,true
21,99,-1.5000000000000002,1.7999999999999998,-0.7204736221179567,false,true
22,99,-1.4500000000000002,1.7999999999999998,-0.7204736221249481,false,true
23,99,-1.4000000000000001,1.7999999999999998,-0.7509138980623951,false,true
24,99,-1.35,1.7999999999999998,-0.7687465163642154,false,true
25,99,-1.3000000000000003,1.7999999999999998,-0.7687908578712408,false,true
26,99,-1.2500000000000002,1.7999999999999998,-0.768828840291115,false,true
27,99,-1.2000000000000002,1.7999999999999998,-0.768860590587215,false,true
28,99,-1.1500000000000001,1.7999999999999998,-0.7688863842462597,false,true
29,99,-1.1,1.7999999999999998,-0.7689066395620343,false,true
30,99,-1.0500000000000003,1.7999999999999998,-0.7689219619831044,false,true
31,99,-1.0000000000000002,1.7999999999999998,-0.7689329133301669,false,true
32,99,-0.9500000000000002,1.7999999999999998,-0.7689407926882138,false,true
33,99,-0.9000000000000001,1.7999999999999998,-0.76894426983696,false,true
34,99,-0.8500000000000001,1.7999999999999998,-0.7689526427204988,false,true
35,99,-0.8000000000000003,1.7999999999999998,-0.7262352539870282,false,true
36,99,-0.7500000000000002,1.7999999999999998,-0.7012958841943617,false,true
37,99,-0.7000000000000002,1.7999999999999998,-0.7007813087511144,false,true
38,99,-0.6500000000000001,1.7999999999999998,-0.7001118370872382,false,true
39,99,-0.6000000000000001,1.7999999999999998,-0.6998531776794586,false,true
40,99,-0.5500000000000003,1.7999999999999998,-0.6977211411207891,false,true
41,99,-0.5,1.7999999999999998,-0.7041514790446749,false,true
42,99,-0.4500000000000002,1.7999999999999998,-0.7049975644666429,false,true
43,99,-0.40000000000000036,1.7999999999999998,-0.7178415532320714,true,false
44,99,-0.3500000000000001,1.7999999999999998,-0.7277211721152044,true,false
45,99,-0.30000000000000027,1.7999999999999998,-0.7699808950632787,true,false
46,99,-0.25,1.7999999999999998,-0.7802459473818517,true,false
47,99,-0.20000000000000018,1.7999999999999998,-0.7877211744993902,true,false
48,99,-0.1499999999999999,1.7999999999999998,-0.7922956521719671,true,false
49,99,-0.10000000000000009,1.7999999999999998,-0.7945398266524053,true,false
50,99,-0.050000000000000266,1.7999999999999998,-0.7954809243887639,true,false
51,99,0.0,1.7999999999999998,-0.7964124555796361,true,false
52,99,0.04999999999999982,1.7999999999999998,-0.7974937136381841,true,false
53,99,0.10000000000000009,1.7999999999999998,-0.7985575671404577,true,false
54,99,0.1499999999999999,1.7999999999999998,-0.7973985846251226,true,false
55,99,0.19999999999999973,1.7999999999999998,-0.7961306150168157,true,false
56,99,0.25,1.7999999999999998,-0.7952472145765996,true,false
57,99,0.2999999999999998,1.7999999999999998,-0.794220941802857,true,false
58,99,0.3500000000000001,1.7999999999999998,-0.7933454091757512,true,false
59,99,0.3999999999999999,1.7999999999999998,-0.7918651278227544,true,false
60,99,0.44999999999999973,1.7999999999999998,-0.7928043972112045,false,true
61,99,0.5,1.7999999999999998,-0.7928650956782968,false,true
62,99,0.5499999999999998,1.7999999999999998,-0.7929642230848319,false,true
0,100,-2.5500000000000003,1.8499999999999996,-0.7051095712597747,false,true
1,100,-2.5000000000000004,1.8499999999999996,-0.7051095712597747,false,true
2,100,-2.45,1.8499999999999996,-0.7051095712597747,false,true
3,100,-2.4000000000000004,1.8499999999999996,-0.7051095712597747,false,true
4,100,-2.35,1.8499999999999996,-0.7051095712597747,false,true
5,100,-2.3000000000000003,1.8499999999999996,-0.7051095712597747,false,true
6,100,-2.25,1.8499999999999996,-0.7051095712597747,false,true
7,100,-2.2,1.8499999999999996,-0.7051095712597747,false,true
8,100,-2.1500000000000004,1.8499999999999996,-0.7051095712597747,false,true
9,100,-2.1,1.8499999999999996,-0.7051095712597747,false,true
10,100,-2.0500000000000003,1.8499999999999996,-0.7051095712597747,false,true
11,100,-2.0,1.8499999999999996,-0.7051095712597747,false,true
12,100,-1.9500000000000002,1.8499999999999996,-0.7051095712597747,false,true
13,100,-1.9000000000000004,1.8499999999999996,-0.7051095712597747,false,true
14,100,-1.85,1.8499999999999996,-0.7051095712597748,false,true
15,100,-1.8000000000000003,1.8499999999999996,-0.7051095712597748,false,true
16,100,-1.7500000000000002,1.8499999999999996,-0.7051095713011161,false,true
17,100,-1.7000000000000002,1.8499999999999996,-0.7127915966398658,false,true
18,100,-1.6500000000000004,1.8499999999999996,-0.7204736219388788,false,true
19,100,-1.6,1.8499999999999996,-0.7204736220371581,false,true
20,100,-1.5500000000000003,1.8499999999999996,-0.7204736220801679,false,true
21,100,-1.5000000000000002,1.8499999999999996,-0.7204736221006396,false,true
22,100,-1.4500000000000002,1.8499999999999996,-0.7204736221080692,false,true
23,100,-1.4000000000000001,1.8499999999999996,-0.7204736221249481,false,true
24,100,-1.35,1.8499999999999996,-0.7507815802959383,false,true
25,100,-1.3000000000000003,1.8499999999999996,-0.7685348935565152,false,true
26,100,-1.2500000000000002,1.8499999999999996,-0.768616918364977,false,true
27,100,-1.2000000000000002,1.8499999999999996,-0.768689371161865,false,true
28,100,-1.1500000000000001,1.8499999999999996,-0.7687519197014525,false,true
29,100,-1.1,1.8499999999999996,-0.7688044717071219,false,true
30,100,-1.0500000000000003,1.8499999999999996,-0.7688471992836197,false,true
31,100,-1.0000000000000002,1.8499999999999996,-0.7688807010559697,false,true
32,100,-0.9500000000000002,1.8499999999999996,-0.76890550900674,false,true
33,100,-0.9000000000000001,1.8499999999999996,-0.7689240252250132,false,true
34,100,-0.8500000000000001,1.8499999999999996,-0.7689324287915031,false,true
35,100,-0.8000000000000003,1.8499999999999996,-0.7689526427204988,false,true
36,100,-0.7500000000000002,1.8499999999999996,-0.7281624495439256,false,true
37,100,-0.7000000000000002,1.8499999999999996,-0.704532328559304,false,true
38,100,-0.6500000000000001,1.8499999999999996,-0.7039051338300416,false,true
39,100,-0.6000000000000001,1.8499999999999996,-0.7028683326962044,false,true
40,100,-0.5500000000000003,1.8499999999999996,-0.7028683326962043,false,true
41,100,-0.5,1.8499999999999996,-0.6977211411207891,false,true
42,100,-0.4500000000000002,1.8499999999999996,-0.7037583099266228,false,true
43,100,-0.40000000000000036,1.8499999999999996,-0.6827211554259038,true,false
44,100,-0.3500000000000001,1.8499999999999996,-0.506415742179749,true,false
45,100,-0.30000000000000027,1.8499999999999996,-0.4277211601942754,true,false
46,100,-0.25,1.8499999999999996,-0.7809425766676641,true,false
47,100,-0.20000000000000018,1.8499999999999996,-0.7877211744993902,true,false
48,100,-0.1499999999999999,1.8499999999999996,-0.7919541771620489,true,false
49,100,-0.10000000000000009,1.8499999999999996,-0.7940619166105962,true,false
50,100,-0.050000000000000266,1.8499999999999996,-0.7946170742720342,true,false
51,100,0.0,1.8499999999999996,-0.7957428868025518,true,false
52,100,0.04999999999999982,1.8499999999999996,-0.7970595832079626,true,false
53,100,0.10000000000000009,1.8499999999999996,-0.7967566426008916,true,false
54,100,0.1499999999999999,1.8499999999999996,-0.7950393135756231,true,false
55,100,0.19999999999999973,1.8499999999999996,-0.7944747383803106,true,false
56,100,0.25,1.8499999999999996,-0.793975191852448,true,false
57,100,0.2999999999999998,1.8499999999999996,-0.7933001394480443,true,false
58,100,0.3500000000000001,1.8499999999999996,-0.7937605555266118,true,false
59,100,0.3999999999999999,1.8499999999999996,-0.7921752679760834,true,false
60,100,0.44999999999999973,1.8499999999999996,-0.7922540412478993,false,true
61,100,0.5,1.8499999999999996,-0.7923771049755309,false,true
62,100,0.5499999999999998,1.8499999999999996,-0.7924218191178184,false,true
0,101,-2.5500000000000003,1.9000000000000004,-0.7051095712597747,false,true
1,101,-2.5000000000000004,1.9000000000000004,-0.7051095712597747,false,true
2,101,-2.45,1.9000000000000004,-0.7051095712597747,false,true
3,101,-2.4000000000000004,1.9000000000000004,-0.7051095712597747,false,true
4,101,-2.35,1.9000000000000004,-0.7051095712597747,false,true
5,101,-2.3000000000000003,1.9000000000000004,-0.7051095712597747,false,true
6,101,-2.25,1.9000000000000004,-0.7051095712597747,false,true
7,101,-2.2,1.9000000000000004,-0.7051095712597747,false,true
8,101,-2.1500000000000004,1.9000000000000004,-0.7051095712597747,false,true
9,101,-2.1,1.9000000000000004,-0.7051095712597747,false,true
10,101,-2.0500000000000003,1.9000000000000004,-0.7051095712597747,false,true
11,101,-2.0,1.9000000000000004,-0.7051095712597747,false,true
12,101,-1.9500000000000002,1.9000000000000004,-0.7051095712597747,false,true
13,101,-1.9000000000000004,1.9000000000000004,-0.7051095712597747,false,true
14,101,-1.85,1.9000000000000004,-0.7051095712597747,false,true
15,101,-1.8000000000000003,1.9000000000000004,-0.7051095712597748,false,true
16,101,-1.7500000000000002,1.9000000000000004,-0.7051095712597748,false,true
17,101,-1.7000000000000002,1.9000000000000004,-0.7051095713595815,false,true
18,101,-1.6500000000000004,1.9000000000000004,-0.7127915965428141,false,true
19,101,-1.6,1.9000000000000004,-0.7204736216319341,false,true
20,101,-1.5500000000000003,1.9000000000000004,-0.7204736218985588,false,true
21,101,-1.5000000000000002,1.9000000000000004,-0.7204736220134276,false,true
22,101,-1.4500000000000002,1.9000000000000004,-0.7204736220658239,false,true
23,101,-1.4000000000000001,1.9000000000000004,-0.7204736220841989,false,true
24,101,-1.35,1.9000000000000004,-0.7204736221249481,false,true
25,101,-1.3000000000000003,1.9000000000000004,-0.750527251823721,false,true
26,101,-1.2500000000000002,1.9000000000000004,-0.7681249462253378,false,true
27,101,-1.2000000000000002,1.9000000000000004,-0.7682707824147479,false,true
28,101,-1.1500000000000001,1.9000000000000004,-0.7684039010844786,false,true
29,101,-1.1,1.9000000000000004,-0.7685228800817232,false,true
30,101,-1.0500000000000003,1.9000000000000004,-0.7686265555129688,false,true
31,101,-1.0000000000000002,1.9000000000000004,-0.7687141065762512,false,true
32,101,-0.9500000000000002,1.9000000000000004,-0.7687855256832917,false,true
33,101,-0.9000000000000001,1.9000000000000004,-0.7688405622895147,false,true
34,101,-0.8500000000000001,1.9000000000000004,-0.7688835232918256,false,true
35,101,-0.8000000000000003,1.9000000000000004,-0.7689038419789687,false,true
36,101,-0.7500000000000002,1.9000000000000004,-0.7689526427204988,false,true
37,101,-0.7000000000000002,1.9000000000000004,-0.7312755835115771,false,true
38,101,-0.6500000000000001,1.9000000000000004,-0.7098398073237419,false,true
39,101,-0.6000000000000001,1.9000000000000004,-0.7094233482055811,false,true
40,101,-0.5500000000000003,1.9000000000000004,-0.7080155242716196,false,true
41,101,-0.5,1.9000000000000004,-0.7101475608302892,false,true
42,101,-0.4500000000000002,1.9000000000000004,-0.6977211411207891,true,false
43,101,-0.40000000000000036,1.9000000000000004,-0.7279639418333745,true,false
44,101,-0.3500000000000001,1.9000000000000004,-0.7403038914412237,true,false
45,101,-0.30000000000000027,1.9000000000000004,-0.7577211435049749,true,false
46,101,-0.25,1.9000000000000004,-0.7765842850416875,true,false
47,101,-0.20000000000000018,1.9000000000000004,-0.7877211744993902,true,false
48,101,-0.1499999999999999,1.9000000000000004,-0.7897250826567388,true,false
49,101,-0.10000000000000009,1.9000000000000004,-0.7926496739596105,true,false
50,101,-0.050000000000000266,1.9000000000000004,-0.7932947452276922,true,false
51,101,0.0,1.9000000000000004,-0.7945102031439519,true,false
52,101,0.04999999999999982,1.9000000000000004,-0.7961789543837285,true,false
53,101,0.10000000000000009,1.9000000000000004,-0.7962502799344836,true,false
54,101,0.1499999999999999,1.9000000000000004,-0.7939146719289599,true,false
55,101,0.19999999999999973,1.9000000000000004,-0.7942904580052277,true,false
56,101,0.25,1.9000000000000004,-0.7941133726056,true,false
57,101,0.2999999999999998,1.9000000000000004,-0.7937951434071442,true,false
58,101,0.3500000000000001,1.9000000000000004,-0.7948780107911011,true,false
59,101,0.3999999999999999,1.9000000000000004,-0.7927543569023987,true,false
60,101,0.44999999999999973,1.9000000000000004,-0.7921238511325102,false,true
61,101,0.5,1.9000000000000004,-0.7920417779037928,false,true
62,101,0.5499999999999998,1.9000000000000004,-0.7920482044851929,false,true
0,102,-2.5500000000000003,1.9500000000000002,-0.7051095712597747,false,true
1,102,-2.5000000000000004,1.9500000000000002,-0.7051095712597747,false,true
2,102,-2.45,1.9500000000000002,-0.7051095712597747,false,true
3,102,-2.4000000000000004,1.9500000000000002,-0.7051095712597747,false,true
4,102,-2.35,1.9500000000000002,-0.7051095712597747,false,true
5,102,-2.3000000000000003,1.9500000000000002,-0.7051095712597747,false,true
6,102,-2.25,1.9500000000000002,-0.7051095712597747,false,true
7,102,-2.2,1.9500000000000002,-0.7051095712597747,false,true
8,102,-2.1500000000000004,1.9500000000000002,-0.7051095712597747,false,true
9,102,-2.1,1.9500000000000002,-0.7051095712597747,false,true
10,102,-2.0500000000000003,1.9500000000000002,-0.7051095712597747,false,true
11,102,-2.0,1.9500000000000002,-0.7051095712597747,false,true
12,102,-1.9500000000000002,1.9500000000000002,-0.7051095712597747,false,true
13,102,-1.9000000000000004,1.9500000000000002,-0.7051095712597747,false,true
14,102,-1.85,1.9500000000000002,-0.7051095712597747,false,true
15,102,-1.8000000000000003,1.9500000000000002,-0.7051095712597747,false,true
16,102,-1.7500000000000002,1.9500000000000002,-0.7051095712597748,false,true
17,102,-1.7000000000000002,1.9500000000000002,-0.7051095712597748,false,true
18,102,-1.6500000000000004,1.9500000000000002,-0.7051095715007295,false,true
19,102,-1.6,1.9500000000000002,-0.7127915962649907,false,true
20,102,-1.5500000000000003,1.9500000000000002,-0.7204736208066358,false,true
21,102,-1.5000000000000002,1.9500000000000002,-0.7204736215340292,false,true
22,102,-1.4500000000000002,1.9500000000000002,-0.7204736218446864,false,true
23,102,-1.4000000000000001,1.9500000000000002,-0.7204736219807136,false,true
24,102,-1.35,1.9500000000000002,-0.7204736220265705,false,true
25,102,-1.3000000000000003,1.9500000000000002,-0.7204736221249481,false,true
26,102,-1.2500000000000002,1.9500000000000002,-0.7500529379117449,false,true
27,102,-1.2000000000000002,1.9500000000000002,-0.7673542777718622,false,true
28,102,-1.1500000000000001,1.9500000000000002,-0.7676013868999052,false,true
29,102,-1.1,1.9500000000000002,-0.7678350687502943,false,true
30,102,-1.0500000000000003,1.9500000000000002,-0.7680519416788749,false,true
31,102,-1.0000000000000002,1.9500000000000002,-0.7682485940688739,false,true
32,102,-0.9500000000000002,1.9500000000000002,-0.768421702275973,false,true
33,102,-0.9000000000000001,1.9500000000000002,-0.768569192626623,false,true
34,102,-0.8500000000000001,1.9500000000000002,-0.7686879397554046,false,true
35,102,-0.8000000000000003,1.9500000000000002,-0.7687856689002256,false,true
36,102,-0.7500000000000002,1.9500000000000002,-0.7688348273084429,false,true
37,102,-0.7000000000000002,1.9500000000000002,-0.7689526427204988,false,true
38,102,-0.6500000000000001,1.9500000000000002,-0.7356773904743522,false,true
39,102,-0.6000000000000001,1.9500000000000002,-0.717400244084356,false,true
40,102,-0.5500000000000003,1.9500000000000002,-0.7179693274157996,false,true
41,102,-0.5,1.9500000000000002,-0.7152947524057044,false,true
42,102,-0.4500000000000002,1.9500000000000002,-0.7277211721152044,true,false
43,102,-0.40000000000000036,1.9500000000000002,-0.7353425796240545,true,false
44,102,-0.3500000000000001,1.9500000000000002,-0.7447548086851812,true,false
45,102,-0.30000000000000027,1.9500000000000002,-0.7704658682554937,true,false
46,102,-0.25,1.9500000000000002,-0.7780775006026006,true,false
47,102,-0.20000000000000018,1.9500000000000002,-0.7864362261606036,true,false
48,102,-0.1499999999999999,1.9500000000000002,-0.7914258587773224,true,false
49,102,-0.10000000000000009,1.9500000000000002,-0.7919688783002673,true,false
50,102,-0.050000000000000266,1.9500000000000002,-0.794705425542154,true,false
51,102,0.0,1.9500000000000002,-0.7963240790779968,true,false
52,102,0.04999999999999982,1.9500000000000002,-0.7948082137520691,true,false
53,102,0.10000000000000009,1.9500000000000002,-0.7926338661129853,true,false
54,102,0.1499999999999999,1.9500000000000002,-0.7914258587773224,true,false
55,102,0.19999999999999973,1.9500000000000002,-0.7914150703366181,true,false
56,102,0.25,1.9500000000000002,-0.7900668132717987,true,false
57,102,0.2999999999999998,1.9500000000000002,-0.7914258587773224,true,false
58,102,0.3500000000000001,1.9500000000000002,-0.7914258587773224,true,false
59,102,0.3999999999999999,1.9500000000000002,-0.791180764478006,true,false
60,102,0.44999999999999973,1.9500000000000002,-0.7917134454865266,false,true
61,102,0.5,1.9500000000000002,-0.7917283925534302,false,true
62,102,0.5499999999999998,1.9500000000000002,-0.7917647826297456,false,true
0,103,-2.5500000000000003,2.0,-0.7051095712597747,false,true
1,103,-2.5000000000000004,2.0,-0.7051095712597747,false,true
2,103,-2.45,2.0,-0.7051095712597747,false,true
3,103,-2.4000000000000004,2.0,-0.7051095712597747,false,true
4,103,-2.35,2.0,-0.7051095712597747,false,true
5,103,-2.3000000000000003,2.0,-0.7051095712597747,false,true
6,103,-2.25,2.0,-0.7051095712597747,false,true
7,103,-2.2,2.0,-0.7051095712597747,false,true
8,103,-2.1500000000000004,2.0,-0.7051095712597747,false,true
9,103,-2.1,2.0,-0.7051095712597747,false,true
10,103,-2.0500000000000003,2.0,-0.7051095712597747,false,true
11,103,-2.0,2.0,-0.7051095712597747,false,true
12,103,-1.9500000000000002,2.0,-0.7051095712597747,false,true
13,103,-1.9000000000000004,2.0,-0.7051095712597747,false,true
14,103,-1.85,2.0,-0.7051095712597747,false,true
15,103,-1.8000000000000003,2.0,-0.7051095712597747,false,true
16,103,-1.7500000000000002,2.0,-0.7051095712597747,false,true
17,103,-1.7000000000000002,2.0,-0.7051095712597748,false,true
18,103,-1.6500000000000004,2.0,-0.7051095712597748,false,true
19,103,-1.6,2.0,-0.7051095718414907,false,true
20,103,-1.5500000000000003,2.0,-0.7127915954695551,false,true
21,103,-1.5000000000000002,2.0,-0.7204736185711544,false,true
22,103,-1.4500000000000002,2.0,-0.7204736205628985,false,true
23,103,-1.4000000000000001,2.0,-0.7204736214128022,false,true
24,103,-1.35,2.0,-0.7204736217716275,false,true
25,103,-1.3000000000000003,2.0,-0.7204736218874433,false,true
26,103,-1.2500000000000002,2.0,-0.7204736221249481,false,true
27,103,-1.2000000000000002,2.0,-0.7491987734827422,false,true
28,103,-1.1500000000000001,2.0,-0.7659551893789811,false,true
29,103,-1.1,2.0,-0.7663494176759866,false,true
30,103,-1.0500000000000003,2.0,-0.7667368773507094,false,true
31,103,-1.0000000000000002,2.0,-0.7671116683044891,false,true
32,103,-0.9500000000000002,2.0,-0.7674668504802186,false,true
33,103,-0.9000000000000001,2.0,-0.7677942594082224,false,true
34,103,-0.8500000000000001,2.0,-0.7680869281614043,false,true
35,103,-0.8000000000000003,2.0,-0.7683338276497959,false,true
36,103,-0.7500000000000002,2.0,-0.7685491745923467,false,true
37,103,-0.7000000000000002,2.0,-0.768668211154857,false,true
38,103,-0.6500000000000001,2.0,-0.7689526427204988,false,true
39,103,-0.6000000000000001,2.0,-0.740720908031448,false,true
40,103,-0.5500000000000003,2.0,-0.7259801585316443,false,true
41,103,-0.5,2.0,-0.7295735142541705,false,true
42,103,-0.4500000000000002,2.0,-0.7316441880282731,false,true
43,103,-0.40000000000000036,2.0,-0.7314258563931366,true,false
44,103,-0.3500000000000001,2.0,-0.7479931290358282,true,false
45,103,-0.30000000000000027,2.0,-0.7615188620401202,true,false
46,103,-0.25,2.0,-0.7788938332016846,true,false
47,103,-0.20000000000000018,2.0,-0.786573146622934,true,false
48,103,-0.1499999999999999,2.0,-0.7910246599133393,true,false
49,103,-0.10000000000000009,2.0,-0.7914258587773224,true,false
50,103,-0.050000000000000266,2.0,-0.7914258587773224,true,false
51,103,0.0,2.0,-0.7916143286641022,true,false
52,103,0.04999999999999982,2.0,-0.7914258587773224,true,false
53,103,0.10000000000000009,2.0,-0.7903862643654724,true,false
54,103,0.1499999999999999,2.0,-0.7881026614125153,true,false
55,103,0.19999999999999973,2.0,-0.7878423083241364,true,false
56,103,0.25,2.0,-0.7871048200543305,true,false
57,103,0.2999999999999998,2.0,-0.7871335792954346,true,false
58,103,0.3500000000000001,2.0,-0.7897261131222626,true,false
59,103,0.3999999999999999,2.0,-0.7914258587773224,true,false
60,103,0.44999999999999973,2.0,-0.791354072319083,false,true
61,103,0.5,2.0,-0.7915392506951592,false,true
62,103,0.5499999999999998,2.0,-0.7914744659999332,false,true
0,104,-2.5500000000000003,2.05,-0.7051095712597747,false,true
1,104,-2.5000000000000004,2.05,-0.7051095712597747,false,true
2,104,-2.45,2.05,-0.7051095712597747,false,true
3,104,-2.4000000000000004,2.05,-0.7051095712597747,false,true
4,104,-2.35,2.05,-0.7051095712597747,false,true
5,104,-2.3000000000000003,2.05,-0.7051095712597747,false,true
6,104,-2.25,2.05,-0.7051095712597747,false,true
7,104,-2.2,2.05,-0.7051095712597747,false,true
8,104,-2.1500000000000004,2.05,-0.7051095712597747,false,true
9,104,-2.1,2.05,-0.7051095712597747,false,true
10,104,-2.0500000000000003,2.05,-0.7051095712597747,false,true
11,104,-2.0,2.05,-0.7051095712597747,false,true
12,104,-1.9500000000000002,2.05,-0.7051095712597747,false,true
13,104,-1.9000000000000004,2.05,-0.7051095712597747,false,true
14,104,-1.85,2.05,-0.7051095712597747,false,true
15,104,-1.8000000000000003,2.05,-0.7051095712597747,false,true
16,104,-1.7500000000000002,2.05,-0.7051095712597747,false,true
17,104,-1.7000000000000002,2.05,-0.7051095712597747,false,true
18,104,-1.6500000000000004,2.05,-0.7051095712597748,false,true
19,104,-1.6,2.05,-0.7051095712597748,false,true
20,104,-1.5500000000000003,2.05,-0.7051095726641611,false,true
21,104,-1.5000000000000002,2.05,-0.7127915931959633,false,true
22,104,-1.4500000000000002,2.05,-0.7204736124808712,false,true
23,104,-1.4000000000000001,2.05,-0.7204736179431382,false,true
24,104,-1.35,2.05,-0.7204736202915785,false,true
25,104,-1.3000000000000003,2.05,-0.7204736212545185,false,true
26,104,-1.2500000000000002,2.05,-0.7204736215515607,false,true
27,104,-1.2000000000000002,2.05,-0.7204736221249481,false,true
28,104,-1.1500000000000001,2.05,-0.747722508079767,false,true
29,104,-1.1,2.05,-0.7635177870033713,false,true
30,104,-1.0500000000000003,2.05,-0.7640989429462329,false,true
31,104,-1.0000000000000002,2.05,-0.764695126182655,false,true
32,104,-0.9500000000000002,2.05,-0.7652993308829753,false,true
33,104,-0.9000000000000001,2.05,-0.7659014821873891,false,true
34,104,-0.8500000000000001,2.05,-0.7664866829410079,false,true
35,104,-0.8000000000000003,2.05,-0.7670390188175568,false,true
36,104,-0.7500000000000002,2.05,-0.7675282814243778,false,true
37,104,-0.7000000000000002,2.05,-0.7679773633430745,false,true
38,104,-0.6500000000000001,2.05,-0.7682659641771593,false,true
39,104,-0.6000000000000001,2.05,-0.7689526427204988,false,true
40,104,-0.5500000000000003,2.05,-0.7443933544226891,false,true
41,104,-0.5,2.05,-0.7315837922603569,false,true
42,104,-0.4500000000000002,2.05,-0.7314258563931366,true,false
43,104,-0.40000000000000036,2.05,-0.7341113138611695,true,false
44,104,-0.3500000000000001,2.05,-0.7437794554646393,true,false
45,104,-0.30000000000000027,2.05,-0.7614258277829071,true,false
46,104,-0.25,2.05,-0.7795580673630615,true,false
47,104,-0.20000000000000018,2.05,-0.7837506878788849,true,false
48,104,-0.1499999999999999,2.05,-0.7870624709542176,true,false
49,104,-0.10000000000000009,2.05,-0.7882007408554932,true,false
50,104,-0.050000000000000266,2.05,-0.789970670979776,true,false
51,104,0.0,2.05,-0.7903879034932038,true,false
52,104,0.04999999999999982,2.05,-0.7898370969708344,true,false
53,104,0.10000000000000009,2.05,-0.7871140289719483,true,false
54,104,0.1499999999999999,2.05,-0.7861540067608734,true,false
55,104,0.19999999999999973,2.05,-0.7855372775013825,true,false
56,104,0.25,2.05,-0.7848712552006623,true,false
57,104,0.2999999999999998,2.05,-0.7845406282360932,true,false
58,104,0.3500000000000001,2.05,-0.7880438018257996,true,false
59,104,0.3999999999999999,2.05,-0.7914258587773224,true,false
60,104,0.44999999999999973,2.05,-0.7916269376746969,false,true
61,104,0.5,2.05,-0.7911289200518129,false,true
62,104,0.5499999999999998,2.05,-0.7908812720932948,false,true
0,105,-2.5500000000000003,2.0999999999999996,-0.7051095712597747,false,true
1,105,-2.5000000000000004,2.0999999999999996,-0.7051095712597747,false,true
2,105,-2.45,2.0999999999999996,-0.7051095712597747,false,true
3,105,-2.4000000000000004,2.0999999999999996,-0.7051095712597747,false,true
4,105,-2.35,2.0999999999999996,-0.7051095712597747,false,true
5,105,-2.3000000000000003,2.0999999999999996,-0.7051095712597747,false,true
6,105,-2.25,2.0999999999999996,-0.7051095712597747,false,true
7,105,-2.2,2.0999999999999996,-0.7051095712597747,false,true
8,105,-2.1500000000000004,2.0999999999999996,-0.7051095712597747,false,true
9,105,-2.1,2.0999999999999996,-0.7051095712597747,false,true
10,105,-2.0500000000000003,2.0999999999999996,-0.7051095712597747,false,true
11,105,-2.0,2.0999999999999996,-0.7051095712597747,false,true
12,105,-1.9500000000000002,2.0999999999999996,-0.7051095712597747,false,true
13,105,-1.9000000000000004,2.0999999999999996,-0.7051095712597747,false,true
14,105,-1.85,2.0999999999999996,-0.7051095712597747,false,true
15,105,-1.8000000000000003,2.0999999999999996,-0.7051095712597747,false,true
16,105,-1.7500000000000002,2.0999999999999996,-0.7051095712597747,false,true
17,105,-1.7000000000000002,2.0999999999999996,-0.7051095712597747,false,true
18,105,-1.6500000000000004,2.0999999999999996,-0.7051095712597747,false,true
19,105,-1.6,2.0999999999999996,-0.7051095712597748,false,true
20,105,-1.5500000000000003,2.0999999999999996,-0.7051095712597748,false,true
21,105,-1.5000000000000002,2.0999999999999996,-0.7051095746502631,false,true
22,105,-1.4500000000000002,2.0999999999999996,-0.7127915867198192,false,true
23,105,-1.4000000000000001,2.0999999999999996,-0.7204735958241282,false,true
24,105,-1.35,2.0999999999999996,-0.7204736107934526,false,true
25,105,-1.3000000000000003,2.0999999999999996,-0.7204736173339108,false,true
26,105,-1.2500000000000002,2.0999999999999996,-0.7204736199640077,false,true
27,105,-1.2000000000000002,2.0999999999999996,-0.7204736207406683,false,true
28,105,-1.1500000000000001,2.0999999999999996,-0.7204736221249481,false,true
29,105,-1.1,2.0999999999999996,-0.7452934448851825,false,true
30,105,-1.0500000000000003,2.0999999999999996,-0.7594768180397842,false,true
31,105,-1.0000000000000002,2.0999999999999996,-0.7602430871693695,false,true
32,105,-0.9500000000000002,2.0999999999999996,-0.761068927403449,false,true
33,105,-0.9000000000000001,2.0999999999999996,-0.7619528318164255,false,true
34,105,-0.8500000000000001,2.0999999999999996,-0.762888437370895,false,true
35,105,-0.8000000000000003,2.0999999999999996,-0.763858417344619,false,true
36,105,-0.7500000000000002,2.0999999999999996,-0.7648369412286385,false,true
37,105,-0.7000000000000002,2.0999999999999996,-0.7657532539538611,false,true
38,105,-0.6500000000000001,2.0999999999999996,-0.7665939407519756,false,true
39,105,-0.6000000000000001,2.0999999999999996,-0.7672948540681781,false,true
40,105,-0.5500000000000003,2.0999999999999996,-0.7689526427204988,false,true
41,105,-0.5,2.0999999999999996,-0.742596572536246,false,true
42,105,-0.4500000000000002,2.0999999999999996,-0.7318071473057648,true,false
43,105,-0.40000000000000036,2.0999999999999996,-0.7368876684124848,true,false
44,105,-0.3500000000000001,2.0999999999999996,-0.7460946786816498,true,false
45,105,-0.30000000000000027,2.0999999999999996,-0.7626930225308319,true,false
46,105,-0.25,2.0999999999999996,-0.7785220492298981,true,false
47,105,-0.20000000000000018,2.0999999999999996,-0.7851883519108673,true,false
48,105,-0.1499999999999999,2.0999999999999996,-0.7872450995858093,true,false
49,105,-0.10000000000000009,2.0999999999999996,-0.7885558951313874,true,false
50,105,-0.050000000000000266,2.0999999999999996,-0.7898604023869416,true,false
51,105,0.0,2.0999999999999996,-0.7901110399182221,true,false
52,105,0.04999999999999982,2.0999999999999996,-0.7872169959957978,true,false
53,105,0.10000000000000009,2.0999999999999996,-0.7855808782990357,true,false
54,105,0.1499999999999999,2.0999999999999996,-0.7838985670025727,true,false
55,105,0.19999999999999973,2.0999999999999996,-0.7831676948483368,true,false
56,105,0.25,2.0999999999999996,-0.7814685750420471,true,false
57,105,0.2999999999999998,2.0999999999999996,-0.7815748501236817,true,false
58,105,0.3500000000000001,2.0999999999999996,-0.7834850001747986,true,false
59,105,0.3999999999999999,2.0999999999999996,-0.7921123850758454,true,false
60,105,0.44999999999999973,2.0999999999999996,-0.7901994645079594,false,true
61,105,0.5,2.0999999999999996,-0.7898730663897998,false,true
62,105,0.5499999999999998,2.0999999999999996,-0.789570223666884,false,true
0,106,-2.5500000000000003,2.1500000000000004,-0.7051095712597747,false,true
1,106,-2.5000000000000004,2.1500000000000004,-0.7051095712597747,false,true
2,106,-2.45,2.1500000000000004,-0.7051095712597747,false,true
3,106,-2.4000000000000004,2.1500000000000004,-0.7051095712597747,false,true
4,106,-2.35,2.1500000000000004,-0.7051095712597747,false,true
5,106,-2.3000000000000003,2.1500000000000004,-0.7051095712597747,false,true
6,106,-2.25,2.1500000000000004,-0.7051095712597747,false,true
7,106,-2.2,2.1500000000000004,-0.7051095712597747,false,true
8,106,-2.1500000000000004,2.1500000000000004,-0.7051095712597747,false,true
9,106,-2.1,2.1500000000000004,-0.7051095712597747,false,true
10,106,-2.0500000000000003,2.1500000000000004,-0.7051095712597747,false,true
11,106,-2.0,2.1500000000000004,-0.7051095712597747,false,true
12,106,-1.9500000000000002,2.1500000000000004,-0.7051095712597747,false,true
13,106,-1.9000000000000004,2.1500000000000004,-0.7051095712597747,false,true
14,106,-1.85,2.1500000000000004,-0.7051095712597747,false,true
15,106,-1.8000000000000003,2.1500000000000004,-0.7051095712597747,false,true
16,106,-1.7500000000000002,2.1500000000000004,-0.7051095712597747,false,true
17,106,-1.7000000000000002,2.1500000000000004,-0.7051095712597747,false,true
18,106,-1.6500000000000004,2.1500000000000004,-0.7051095712597747,false,true
19,106,-1.6,2.1500000000000004,-0.7051095712597747,false,true
20,106,-1.5500000000000003,2.1500000000000004,-0.7051095712597748,false,true
21,106,-1.5000000000000002,2.1500000000000004,-0.7051095712597748,false,true
22,106,-1.4500000000000002,2.1500000000000004,-0.7051095794451376,false,true
23,106,-1.4000000000000001,2.1500000000000004,-0.71279156836906,false,true
24,106,-1.35,2.1500000000000004,-0.7204735501868561,false,true
25,106,-1.3000000000000003,2.1500000000000004,-0.7204735910827816,false,true
26,106,-1.2500000000000002,2.1500000000000004,-0.7204736093967421,false,true
27,106,-1.2000000000000002,2.1500000000000004,-0.7204736167047031,false,true
28,106,-1.1500000000000001,2.1500000000000004,-0.7204736187830011,false,true
29,106,-1.1,2.1500000000000004,-0.7204736221249481,false,true
30,106,-1.0500000000000003,2.1500000000000004,-0.7415301581119157,false,true
31,106,-1.0000000000000002,2.1500000000000004,-0.7531748417014261,false,true
32,106,-0.9500000000000002,2.1500000000000004,-0.7540189289963751,false,true
33,106,-0.9000000000000001,2.1500000000000004,-0.7549863430108359,false,true
34,106,-0.8500000000000001,2.1500000000000004,-0.7560958346276808,false,true
35,106,-0.8000000000000003,2.1500000000000004,-0.7573660970901624,false,true
36,106,-0.7500000000000002,2.1500000000000004,-0.7588047115169736,false,true
37,106,-0.7000000000000002,2.1500000000000004,-0.7604006572308175,false,true
38,106,-0.6500000000000001,2.1500000000000004,-0.7620516330589614,false,true
39,106,-0.6000000000000001,2.1500000000000004,-0.7632439976656314,false,true
40,106,-0.5500000000000003,2.1500000000000004,-0.764950386872518,false,true
41,106,-0.5,2.1500000000000004,-0.7689526427204987,true,false
42,106,-0.4500000000000002,2.1500000000000004,-0.7317527282650849,true,false
43,106,-0.40000000000000036,2.1500000000000004,-0.7337957966740509,true,false
44,106,-0.3500000000000001,2.1500000000000004,-0.7503380525524994,true,false
45,106,-0.30000000000000027,2.1500000000000004,-0.7664278495724579,true,false
46,106,-0.25,2.1500000000000004,-0.7770082104618927,true,false
47,106,-0.20000000000000018,2.1500000000000004,-0.7821320045407196,true,false
48,106,-0.1499999999999999,2.1500000000000004,-0.7860276449139496,true,false
49,106,-0.10000000000000009,2.1500000000000004,-0.7860151279385468,true,false
50,106,-0.050000000000000266,2.1500000000000004,-0.7871010649617096,true,false
51,106,0.0,2.1500000000000004,-0.7870987701828858,true,false
52,106,0.04999999999999982,2.1500000000000004,-0.7860573280270478,true,false
53,106,0.10000000000000009,2.1500000000000004,-0.7838873911316773,true,false
54,106,0.1499999999999999,2.1500000000000004,-0.7824889767582794,true,false
55,106,0.19999999999999973,2.1500000000000004,-0.7821416008885285,true,false
56,106,0.25,2.1500000000000004,-0.7807615745480438,true,false
57,106,0.2999999999999998,2.1500000000000004,-0.7796001184399506,true,false
58,106,0.3500000000000001,2.1500000000000004,-0.7828924107964417,true,false
59,106,0.3999999999999999,2.1500000000000004,-0.7862677920277497,true,false
60,106,0.44999999999999973,2.1500000000000004,-0.7876575984594681,false,true
61,106,0.5,2.1500000000000004,-0.7875832429959415,false,true
62,106,0.5499999999999998,2.1500000000000004,-0.7828985122541393,false,true
0,107,-2.5500000000000003,2.2,-0.7051095712597747,false,true
1,107,-2.5000000000000004,2.2,-0.7051095712597747,false,true
2,107,-2.45,2.2,-0.7051095712597747,false,true
3,107,-2.4000000000000004,2.2,-0.7051095712597747,false,true
4,107,-2.35,2.2,-0.7051095712597747,false,true
5,107,-2.3000000000000003,2.2,-0.7051095712597747,false,true
6,107,-2.25,2.2,-0.7051095712597747,false,true
7,107,-2.2,2.2,-0.7051095712597747,false,true
8,107,-2.1500000000000004,2.2,-0.7051095712597747,false,true
9,107,-2.1,2.2,-0.7051095712597747,false,true
10,107,-2.0500000000000003,2.2,-0.7051095712597747,false,true
11,107,-2.0,2.2,-0.7051095712597747,false,true
12,107,-1.9500000000000002,2.2,-0.7051095712597747,false,true
13,107,-1.9000000000000004,2.2,-0.7051095712597747,false,true
14,107,-1.85,2.2,-0.7051095712597747,false,true
15,107,-1.8000000000000003,2.2,-0.7051095712597747,false,true
16,107,-1.7500000000000002,2.2,-0.7051095712597747,false,true
17,107,-1.7000000000000002,2.2,-0.7051095712597747,false,true
18,107,-1.6500000000000004,2.2,-0.7051095712597747,false,true
19,107,-1.6,2.2,-0.7051095712597747,false,true
20,107,-1.5500000000000003,2.2,-0.7051095712597747,false,true
21,107,-1.5000000000000002,2.2,-0.7051095712597748,false,true
22,107,-1.4500000000000002,2.2,-0.7051095712597748,false,true
23,107,-1.4000000000000001,2.2,-0.7051095910209887,false,true
24,107,-1.35,2.2,-0.7127915167328073,false,true
25,107,-1.3000000000000003,2.2,-0.7204734252042289,false,true
26,107,-1.2500000000000002,2.2,-0.7204735363017046,false,true
27,107,-1.2000000000000002,2.2,-0.7204735877177983,false,true
28,107,-1.1500000000000001,2.2,-0.7204736083453008,false,true
29,107,-1.1,2.2,-0.7204736140567742,false,true
30,107,-1.0500000000000003,2.2,-0.7204736221249481,false,true
31,107,-1.0000000000000002,2.2,-0.7361275983619995,false,true
32,107,-0.9500000000000002,2.2,-0.7440870362990595,false,true
33,107,-0.9000000000000001,2.2,-0.7447168961566449,false,true
34,107,-0.8500000000000001,2.2,-0.7455151905588951,false,true
35,107,-0.8000000000000003,2.2,-0.7465368295085275,false,true
36,107,-0.7500000000000002,2.2,-0.7478607449182644,false,true
37,107,-0.7000000000000002,2.2,-0.7495991610067569,false,true
38,107,-0.6500000000000001,2.2,-0.751872541302348,false,true
39,107,-0.6000000000000001,2.2,-0.7551221538516982,false,true
40,107,-0.5500000000000003,2.2,-0.7551221538516981,false,true
41,107,-0.5,2.2,-0.7592903423722168,true,false
42,107,-0.4500000000000002,2.2,-0.7014258253987213,true,false
43,107,-0.40000000000000036,2.2,-0.6768289852555176,true,false
44,107,-0.3500000000000001,2.2,-0.7614258277829071,true,false
45,107,-0.30000000000000027,2.2,-0.769365077060022,true,false
46,107,-0.25,2.2,-0.7749076235707184,true,false
47,107,-0.20000000000000018,2.2,-0.7785540569241425,true,false
48,107,-0.1499999999999999,2.2,-0.7809166062291046,true,false
49,107,-0.10000000000000009,2.2,-0.783843939345636,true,false
50,107,-0.050000000000000266,2.2,-0.785367434066095,true,false
51,107,0.0,2.2,-0.785414789956369,true,false
52,107,0.04999999999999982,2.2,-0.7835777450020691,true,false
53,107,0.10000000000000009,2.2,-0.7828302431519409,true,false
54,107,0.1499999999999999,2.2,-0.7812890458519837,true,false
55,107,0.19999999999999973,2.2,-0.7801038968975922,true,false
56,107,0.25,2.2,-0.7792069065983673,true,false
57,107,0.2999999999999998,2.2,-0.7785023796971222,true,false
58,107,0.3500000000000001,2.2,-0.7780763256962677,true,false
59,107,0.3999999999999999,2.2,-0.7851682949479004,true,false
60,107,0.44999999999999973,2.2,-0.7848618669789678,false,true
61,107,0.5,2.2,-0.7814806935338326,false,true
62,107,0.5499999999999998,2.2,-0.7742845762188812,false,true
0,108,-2.5500000000000003,2.25,-0.7051095712597747,false,true
1,108,-2.5000000000000004,2.25,-0.7051095712597747,false,true
2,108,-2.45,2.25,-0.7051095712597747,false,true
3,108,-2.4000000000000004,2.25,-0.7051095712597747,false,true
4,108,-2.35,2.25,-0.7051095712597747,false,true
5,108,-2.3000000000000003,2.25,-0.7051095712597747,false,true
6,108,-2.25,2.25,-0.7051095712597747,false,true
7,108,-2.2,2.25,-0.7051095712597747,false,true
8,108,-2.1500000000000004,2.25,-0.7051095712597747,false,true
9,108,-2.1,2.25,-0.7051095712597747,false,true
10,108,-2.0500000000000003,2.25,-0.7051095712597747,false,true
11,108,-2.0,2.25,-0.7051095712597747,false,true
12,108,-1.9500000000000002,2.25,-0.7051095712597747,false,true
13,108,-1.9000000000000004,2.25,-0.7051095712597747,false,true
14,108,-1.85,2.25,-0.7051095712597747,false,true
15,108,-1.8000000000000003,2.25,-0.7051095712597747,false,true
16,108,-1.7500000000000002,2.25,-0.7051095712597747,false,true
17,108,-1.7000000000000002,2.25,-0.7051095712597747,false,true
18,108,-1.6500000000000004,2.25,-0.7051095712597747,false,true
19,108,-1.6,2.25,-0.7051095712597747,false,true
20,108,-1.5500000000000003,2.25,-0.7051095712597747,false,true
21,108,-1.5000000000000002,2.25,-0.7051095712597747,false,true
22,108,-1.4500000000000002,2.25,-0.7051095712597748,false,true
23,108,-1.4000000000000001,2.25,-0.7051095712597748,false,true
24,108,-1.35,2.25,-0.7051096189675653,false,true
25,108,-1.3000000000000003,2.25,-0.7127913727150411,false,true
26,108,-1.2500000000000002,2.25,-0.7204730838961588,false,true
27,108,-1.2000000000000002,2.25,-0.720473383185369,false,true
28,108,-1.1500000000000001,2.25,-0.7204735274809019,false,true
29,108,-1.1,2.25,-0.7204735864884105,false,true
30,108,-1.0500000000000003,2.25,-0.7204736026466532,false,true
31,108,-1.0000000000000002,2.25,-0.7204736221249481,false,true
32,108,-0.9500000000000002,2.25,-0.7291179881476705,false,true
33,108,-0.9000000000000001,2.25,-0.7322969732342911,false,true
34,108,-0.8500000000000001,2.25,-0.7322089989151807,false,true
35,108,-0.8000000000000003,2.25,-0.732219468369209,false,true
36,108,-0.7500000000000002,2.25,-0.7323966483721963,false,true
37,108,-0.7000000000000002,2.25,-0.7328623409963173,false,true
38,108,-0.6500000000000001,2.25,-0.7339316437080957,false,true
39,108,-0.6000000000000001,2.25,-0.7359054387993158,false,true
40,108,-0.5500000000000003,2.25,-0.7452939208308783,false,true
41,108,-0.5,2.25,-0.7353969562466522,true,false
42,108,-0.4500000000000002,2.25,-0.6714258540089508,true,false
43,108,-0.40000000000000036,2.25,-0.6714258540089508,true,false
44,108,-0.3500000000000001,2.25,-0.7314258563931366,true,false
45,108,-0.30000000000000027,2.25,-0.7660553205426117,true,false
46,108,-0.25,2.25,-0.7735666382725617,true,false
47,108,-0.20000000000000018,2.25,-0.7781671035702606,true,false
48,108,-0.1499999999999999,2.25,-0.7792280662472626,true,false
49,108,-0.10000000000000009,2.25,-0.7816610086377045,true,false
50,108,-0.050000000000000266,2.25,-0.7824878442700287,true,false
51,108,0.0,2.25,-0.781818245690622,true,false
52,108,0.04999999999999982,2.25,-0.7806746113713166,true,false
53,108,0.10000000000000009,2.25,-0.7798506367619416,true,false
54,108,0.1499999999999999,2.25,-0.7792087841446778,true,false
55,108,0.19999999999999973,2.25,-0.7784070122654816,true,false
56,108,0.25,2.25,-0.7782960284169098,true,false
57,108,0.2999999999999998,2.25,-0.7780206549580475,true,false
58,108,0.3500000000000001,2.25,-0.7784854817803284,true,false
59,108,0.3999999999999999,2.25,-0.7830225873406311,true,false
60,108,0.44999999999999973,2.25,-0.7806989339685828,false,true
61,108,0.5,2.25,-0.7742845762188812,false,true
62,108,0.5499999999999998,2.25,-0.7732854146782009,false,true
0,109,-2.5500000000000003,2.3,-0.7051095712597747,false,true
1,109,-2.5000000000000004,2.3,-0.7051095712597747,false,true
2,109,-2.45,2.3,-0.7051095712597747,false,true
3,109,-2.4000000000000004,2.3,-0.7051095712597747,false,true
4,109,-2.35,2.3,-0.7051095712597747,false,true
5,109,-2.3000000000000003,2.3,-0.7051095712597747,false,true
6,109,-2.25,2.3,-0.7051095712597747,false,true
7,109,-2.2,2.3,-0.7051095712597747,false,true
8,109,-2.1500000000000004,2.3,-0.7051095712597747,false,true
9,109,-2.1,2.3,-0.7051095712597747,false,true
10,109,-2.0500000000000003,2.3,-0.7051095712597747,false,true
11,109,-2.0,2.3,-0.7051095712597747,false,true
12,109,-1.9500000000000002,2.3,-0.7051095712597747,false,true
13,109,-1.9000000000000004,2.3,-0.7051095712597747,false,true
14,109,-1.85,2.3,-0.7051095712597747,false,true
15,109,-1.8000000000000003,2.3,-0.7051095712597747,false,true
16,109,-1.7500000000000002,2.3,-0.7051095712597747,false,true
17,109,-1.7000000000000002,2.3,-0.7051095712597747,false,true
18,109,-1.6500000000000004,2.3,-0.7051095712597747,false,true
19,109,-1.6,2.3,-0.7051095712597747,false,true
20,109,-1.5500000000000003,2.3,-0.7051095712597747,false,true
21,109,-1.5000000000000002,2.3,-0.7051095712597747,false,true
22,109,-1.4500000000000002,2.3,-0.7051095712597747,false,true
23,109,-1.4000000000000001,2.3,-0.7051095712597748,false,true
24,109,-1.35,2.3,-0.7051095712597748,false,true
25,109,-1.3000000000000003,2.3,-0.7051096864365696,false,true
26,109,-1.2500000000000002,2.3,-0.7127909753659836,false,true
27,109,-1.2000000000000002,2.3,-0.7204721568156589,false,true
28,109,-1.1500000000000001,2.3,-0.7204729539607378,false,true
29,109,-1.1,2.3,-0.7204733574558102,false,true
30,109,-1.0500000000000003,2.3,-0.7204735280006671,false,true
31,109,-1.0000000000000002,2.3,-0.7204735751001842,false,true
32,109,-0.9500000000000002,2.3,-0.7204736221249481,false,true
33,109,-0.9000000000000001,2.3,-0.7212482959820665,false,true
34,109,-0.8500000000000001,2.3,-0.7192031703849138,false,true
35,109,-0.8000000000000003,2.3,-0.7178663622779559,false,true
36,109,-0.7500000000000002,2.3,-0.7163276214569478,false,true
37,109,-0.7000000000000002,2.3,-0.7145355469127067,false,true
38,109,-0.6500000000000001,2.3,-0.7123399182930072,false,true
39,109,-0.6000000000000001,2.3,-0.7099497657771446,false,true
40,109,-0.5500000000000003,2.3,-0.7034114051278015,false,true
41,109,-0.5,2.3,-0.6998541765821683,false,true
42,109,-0.4500000000000002,2.3,-0.6882747757847687,true,false
43,109,-0.40000000000000036,2.3,-0.7314258563931366,true,false
44,109,-0.3500000000000001,2.3,-0.760225330632486,true,false
45,109,-0.30000000000000027,2.3,-0.7668286312039276,true,false
46,109,-0.25,2.3,-0.7708403516228577,true,false
47,109,-0.20000000000000018,2.3,-0.7762942660267731,true,false
48,109,-0.1499999999999999,2.3,-0.7791360366757294,true,false
49,109,-0.10000000000000009,2.3,-0.779997800629892,true,false
50,109,-0.050000000000000266,2.3,-0.7805177319462677,true,false
51,109,0.0,2.3,-0.7797325003559967,true,false
52,109,0.04999999999999982,2.3,-0.7790436494763275,true,false
53,109,0.10000000000000009,2.3,-0.7770446587021729,true,false
54,109,0.1499999999999999,2.3,-0.7759915340359589,true,false
55,109,0.19999999999999973,2.3,-0.7769388902600189,true,false
56,109,0.25,2.3,-0.776703362506189,true,false
57,109,0.2999999999999998,2.3,-0.7768442082817932,true,false
58,109,0.3500000000000001,2.3,-0.7796734917576691,true,false
59,109,0.3999999999999999,2.3,-0.7820147025998017,true,false
60,109,0.44999999999999973,2.3,-0.7742845762188812,true,false
61,109,0.5,2.3,-0.7736287177888597,false,true
62,109,0.5499999999999998,2.3,-0.7720435011799713,false,true
0,110,-2.5500000000000003,2.3499999999999996,-0.7051095712597747,false,true
1,110,-2.5000000000000004,2.3499999999999996,-0.7051095712597747,false,true
2,110,-2.45,2.3499999999999996,-0.7051095712597747,false,true
3,110,-2.4000000000000004,2.3499999999999996,-0.7051095712597747,false,true
4,110,-2.35,2.3499999999999996,-0.7051095712597747,false,true
5,110,-2.3000000000000003,2.3499999999999996,-0.7051095712597747,false,true
6,110,-2.25,2.3499999999999996,-0.7051095712597747,false,true
7,110,-2.2,2.3499999999999996,-0.7051095712597747,false,true
8,110,-2.1500000000000004,2.3499999999999996,-0.7051095712597747,false,true
9,110,-2.1,2.3499999999999996,-0.7051095712597747,false,true
10,110,-2.0500000000000003,2.3499999999999996,-0.7051095712597747,false,true
11,110,-2.0,2.3499999999999996,-0.7051095712597747,false,true
12,110,-1.9500000000000002,2.3499999999999996,-0.7051095712597747,false,true
13,110,-1.9000000000000004,2.3499999999999996,-0.7051095712597747,false,true
14,110,-1.85,2.3499999999999996,-0.7051095712597747,false,true
15,110,-1.8000000000000003,2.3499999999999996,-0.7051095712597747,false,true
16,110,-1.7500000000000002,2.3499999999999996,-0.7051095712597747,false,true
17,110,-1.7000000000000002,2.3499999999999996,-0.7051095712597747,false,true
18,110,-1.6500000000000004,2.3499999999999996,-0.7051095712597747,false,true
19,110,-1.6,2.3499999999999996,-0.7051095712597747,false,true
20,110,-1.5500000000000003,2.3499999999999996,-0.7051095712597747,false,true
21,110,-1.5000000000000002,2.3499999999999996,-0.7051095712597747,false,true
22,110,-1.4500000000000002,2.3499999999999996,-0.7051095712597747,false,true
23,110,-1.4000000000000001,2.3499999999999996,-0.7051095712597747,false,true
24,110,-1.35,2.3499999999999996,-0.7051095712597748,false,true
25,110,-1.3000000000000003,2.3499999999999996,-0.7051095712597748,false,true
26,110,-1.2500000000000002,2.3499999999999996,-0.7051098493211548,false,true
27,110,-1.2000000000000002,2.3499999999999996,-0.7127898932985208,false,true
28,110,-1.1500000000000001,2.3499999999999996,-0.7204696588170342,false,true
29,110,-1.1,2.3499999999999996,-0.7204717508048609,false,true
30,110,-1.0500000000000003,2.3499999999999996,-0.7204728710781176,false,true
31,110,-1.0000000000000002,2.3499999999999996,-0.7204733672676099,false,true
32,110,-0.9500000000000002,2.3499999999999996,-0.7204735085971252,false,true
33,110,-0.9000000000000001,2.3499999999999996,-0.7204736221249481,false,true
34,110,-0.8500000000000001,2.3499999999999996,-0.714275391680355,false,true
35,110,-0.8000000000000003,2.3499999999999996,-0.7080774045557687,false,true
36,110,-0.7500000000000002,2.3499999999999996,-0.7055121843217619,false,true
37,110,-0.7000000000000002,2.3499999999999996,-0.702327278042828,false,true
38,110,-0.6500000000000001,2.3499999999999996,-0.6982445378892311,false,true
39,110,-0.6000000000000001,2.3499999999999996,-0.6921545838907721,false,true
40,110,-0.5500000000000003,2.3499999999999996,-0.6838522490293986,false,true
41,110,-0.5,2.3499999999999996,-0.6714258540089508,true,false
42,110,-0.4500000000000002,2.3499999999999996,-0.7345968830998322,true,false
43,110,-0.40000000000000036,2.3499999999999996,-0.740661953728952,true,false
44,110,-0.3500000000000001,2.3499999999999996,-0.7614258277829071,true,false
45,110,-0.30000000000000027,2.3499999999999996,-0.7653971958573242,true,false
46,110,-0.25,2.3499999999999996,-0.7693928826268097,true,false
47,110,-0.20000000000000018,2.3499999999999996,-0.7745647180493256,true,false
48,110,-0.1499999999999999,2.3499999999999996,-0.7760777819569489,true,false
49,110,-0.10000000000000009,2.3499999999999996,-0.7769731331284424,true,false
50,110,-0.050000000000000266,2.3499999999999996,-0.7780760872776886,true,false
51,110,0.0,2.3499999999999996,-0.7772964585240265,true,false
52,110,0.04999999999999982,2.3499999999999996,-0.7758345652039429,true,false
53,110,0.10000000000000009,2.3499999999999996,-0.7750397372658631,true,false
54,110,0.1499999999999999,2.3499999999999996,-0.7742066729481598,true,false
55,110,0.19999999999999973,2.3499999999999996,-0.7750803578312775,true,false
56,110,0.25,2.3499999999999996,-0.7758778083737274,true,false
57,110,0.2999999999999998,2.3499999999999996,-0.7762971866543671,true,false
58,110,0.3500000000000001,2.3499999999999996,-0.7786506760533234,true,false
59,110,0.3999999999999999,2.3499999999999996,-0.780852292817392,true,false
60,110,0.44999999999999973,2.3499999999999996,-0.774943028729715,true,false
61,110,0.5,2.3499999999999996,-0.7720435011799713,true,false
62,110,0.5499999999999998,2.3499999999999996,-0.7717178278917891,false,true
0,111,-2.5500000000000003,2.4000000000000004,-0.7051095712597747,false,true
1,111,-2.5000000000000004,2.4000000000000004,-0.7051095712597747,false,true
2,111,-2.45,2.4000000000000004,-0.7051095712597747,false,true
3,111,-2.4000000000000004,2.4000000000000004,-0.7051095712597747,false,true
4,111,-2.35,2.4000000000000004,-0.7051095712597747,false,true
5,111,-2.3000000000000003,2.4000000000000004,-0.7051095712597747,false,true
6,111,-2.25,2.4000000000000004,-0.7051095712597747,false,true
7,111,-2.2,2.4000000000000004,-0.7051095712597747,false,true
8,111,-2.1500000000000004,2.4000000000000004,-0.7051095712597747,false,true
9,111,-2.1,2.4000000000000004,-0.7051095712597747,false,true
10,111,-2.0500000000000003,2.4000000000000004,-0.7051095712597747,false,true
11,111,-2.0,2.4000000000000004,-0.7051095712597747,false,true
12,111,-1.9500000000000002,2.4000000000000004,-0.7051095712597747,false,true
13,111,-1.9000000000000004,2.4000000000000004,-0.7051095712597747,false,true
14,111,-1.85,2.4000000000000004,-0.7051095712597747,false,true
15,111,-1.8000000000000003,2.4000000000000004,-0.7051095712597747,false,true
16,111,-1.7500000000000002,2.4000000000000004,-0.7051095712597747,false,true
17,111,-1.7000000000000002,2.4000000000000004,-0.7051095712597747,false,true
18,111,-1.6500000000000004,2.4000000000000004,-0.7051095712597747,false,true
19,111,-1.6,2.4000000000000004,-0.7051095712597747,false,true
20,111,-1.5500000000000003,2.4000000000000004,-0.7051095712597747,false,true
21,111,-1.5000000000000002,2.4000000000000004,-0.7051095712597747,false,true
22,111,-1.4500000000000002,2.4000000000000004,-0.7051095712597747,false,true
23,111,-1.4000000000000001,2.4000000000000004,-0.7051095712597747,false,true
24,111,-1.35,2.4000000000000004,-0.7051095712597747,false,true
25,111,-1.3000000000000003,2.4000000000000004,-0.7051095712597748,false,true
26,111,-1.2500000000000002,2.4000000000000004,-0.7051095712597748,false,true
27,111,-1.2000000000000002,2.4000000000000004,-0.7051102425593296,false,true
28,111,-1.1500000000000001,2.4000000000000004,-0.7127869923525754,false,true
29,111,-1.1,2.4000000000000004,-0.720463001660701,false,true
30,111,-1.0500000000000003,2.4000000000000004,-0.7204683893034215,false,true
31,111,-1.0000000000000002,2.4000000000000004,-0.7204714653381414,false,true
32,111,-0.9500000000000002,2.4000000000000004,-0.7204729125401544,false,true
33,111,-0.9000000000000001,2.4000000000000004,-0.7204733480445384,false,true
34,111,-0.8500000000000001,2.4000000000000004,-0.7204736221249481,false,true
35,111,-0.8000000000000003,2.4000000000000004,-0.7106840769763001,false,true
36,111,-0.7500000000000002,2.4000000000000004,-0.7034549568999958,false,true
37,111,-0.7000000000000002,2.4000000000000004,-0.7009929593853725,false,true
38,111,-0.6500000000000001,2.4000000000000004,-0.698088504289511,false,true
39,111,-0.6000000000000001,2.4000000000000004,-0.6951518055401666,false,true
40,111,-0.5500000000000003,2.4000000000000004,-0.69263903721406,false,true
41,111,-0.5,2.4000000000000004,-0.7014258253987213,true,false
42,111,-0.4500000000000002,2.4000000000000004,-0.7314258563931366,true,false
43,111,-0.40000000000000036,2.4000000000000004,-0.7420930016453644,true,false
44,111,-0.3500000000000001,2.4000000000000004,-0.7505263436253449,true,false
45,111,-0.30000000000000027,2.4000000000000004,-0.7614258277829071,true,false
46,111,-0.25,2.4000000000000004,-0.7670687187130829,true,false
47,111,-0.20000000000000018,2.4000000000000004,-0.7700317848141571,true,false
48,111,-0.1499999999999999,2.4000000000000004,-0.7731346238072296,true,false
49,111,-0.10000000000000009,2.4000000000000004,-0.774409090321817,true,false
50,111,-0.050000000000000266,2.4000000000000004,-0.7735015500004669,true,false
51,111,0.0,2.4000000000000004,-0.7744448233063599,true,false
52,111,0.04999999999999982,2.4000000000000004,-0.7739413726742645,true,false
53,111,0.10000000000000009,2.4000000000000004,-0.7725547302182099,true,false
54,111,0.1499999999999999,2.4000000000000004,-0.7729754794056793,true,false
55,111,0.19999999999999973,2.4000000000000004,-0.7744965303357025,true,false
56,111,0.25,2.4000000000000004,-0.7759903419430634,true,false
57,111,0.2999999999999998,2.4000000000000004,-0.7764968622143646,true,false
58,111,0.3500000000000001,2.4000000000000004,-0.7789267051632782,true,false
59,111,0.3999999999999999,2.4000000000000004,-0.7783550966198822,true,false
60,111,0.44999999999999973,2.4000000000000004,-0.7731250274594208,true,false
61,111,0.5,2.4000000000000004,-0.7712572563107392,true,false
62,111,0.5499999999999998,2.4000000000000004,-0.7715829295989213,false,true
0,112,-2.5500000000000003,2.45,-0.7051095712597747,false,true
1,112,-2.5000000000000004,2.45,-0.7051095712597747,false,true
2,112,-2.45,2.45,-0.7051095712597747,false,true
3,112,-2.4000000000000004,2.45,-0.7051095712597747,false,true
4,112,-2.35,2.45,-0.7051095712597747,false,true
5,112,-2.3000000000000003,2.45,-0.7051095712597747,false,true
6,112,-2.25,2.45,-0.7051095712597747,false,true
7,112,-2.2,2.45,-0.7051095712597747,false,true
8,112,-2.1500000000000004,2.45,-0.7051095712597747,false,true
9,112,-2.1,2.45,-0.7051095712597747,false,true
10,112,-2.0500000000000003,2.45,-0.7051095712597747,false,true
11,112,-2.0,2.45,-0.7051095712597747,false,true
12,112,-1.9500000000000002,2.45,-0.7051095712597747,false,true
13,112,-1.9000000000000004,2.45,-0.7051095712597747,false,true
14,112,-1.85,2.45,-0.7051095712597747,false,true
15,112,-1.8000000000000003,2.45,-0.7051095712597747,false,true
16,112,-1.7500000000000002,2.45,-0.7051095712597747,false,true
17,112,-1.7000000000000002,2.45,-0.7051095712597747,false,true
18,112,-1.6500000000000004,2.45,-0.7051095712597747,false,true
19,112,-1.6,2.45,-0.7051095712597747,false,true
20,112,-1.5500000000000003,2.45,-0.7051095712597747,false,true
21,112,-1.5000000000000002,2.45,-0.7051095712597747,false,true
22,112,-1.4500000000000002,2.45,-0.7051095712597747,false,true
23,112,-1.4000000000000001,2.45,-0.7051095712597747,false,true
24,112,-1.35,2.45,-0.7051095712597747,false,true
25,112,-1.3000000000000003,2.45,-0.7051095712597747,false,true
26,112,-1.2500000000000002,2.45,-0.7051095712597748,false,true
27,112,-1.2000000000000002,2.45,-0.7051095712597748,false,true
28,112,-1.1500000000000001,2.45,-0.7051111919202646,false,true
29,112,-1.1,2.45,-0.7127793595980793,false,true
30,112,-1.0500000000000003,2.45,-0.7204455129658799,false,true
31,112,-1.0000000000000002,2.45,-0.7204590611692138,false,true
32,112,-0.9500000000000002,2.45,-0.7204673754264432,false,true
33,112,-0.9000000000000001,2.45,-0.7204715870591542,false,true
34,112,-0.8500000000000001,2.45,-0.7204729604363059,false,true
35,112,-0.8000000000000003,2.45,-0.7204736221249481,false,true
36,112,-0.7500000000000002,2.45,-0.7122349817680892,false,true
37,112,-0.7000000000000002,2.45,-0.7080644260328729,false,true
38,112,-0.6500000000000001,2.45,-0.7078489006693847,false,true
39,112,-0.6000000000000001,2.45,-0.7081755438881767,false,true
40,112,-0.5500000000000003,2.45,-0.7100049530968165,false,true
41,112,-0.5,2.45,-0.7014258253987213,true,false
42,112,-0.4500000000000002,2.45,-0.7315636623318573,true,false
43,112,-0.40000000000000036,2.45,-0.7365298319275757,true,false
44,112,-0.3500000000000001,2.45,-0.7490566718991181,true,false
45,112,-0.30000000000000027,2.45,-0.7591216314251801,true,false
46,112,-0.25,2.45,-0.7629225004132172,true,false
47,112,-0.20000000000000018,2.45,-0.7667498934681793,true,false
48,112,-0.1499999999999999,2.45,-0.7697043765004059,true,false
49,112,-0.10000000000000009,2.45,-0.7706867206509491,true,false
50,112,-0.050000000000000266,2.45,-0.7719730484898468,true,false
51,112,0.0,2.45,-0.7725534785206696,true,false
52,112,0.04999999999999982,2.45,-0.7719351399357697,true,false
53,112,0.10000000000000009,2.45,-0.7714980590756317,true,false
54,112,0.1499999999999999,2.45,-0.7715351927693268,true,false
55,112,0.19999999999999973,2.45,-0.7734202492649933,true,false
56,112,0.25,2.45,-0.7759915340359589,true,false
57,112,0.2999999999999998,2.45,-0.7770799148495575,true,false
58,112,0.3500000000000001,2.45,-0.7779630470688721,true,false
59,112,0.3999999999999999,2.45,-0.7787890780384918,true,false
60,112,0.44999999999999973,2.45,-0.7719461071904083,true,false
61,112,0.5,2.45,-0.7715165178871194,false,true
62,112,0.5499999999999998,2.45,-0.7702257619940508,false,true
0,113,-2.5500000000000003,2.5,-0.7051095712597747,false,true
1,113,-2.5000000000000004,2.5,-0.7051095712597747,false,true
2,113,-2.45,2.5,-0.7051095712597747,false,true
3,113,-2.4000000000000004,2.5,-0.7051095712597747,false,true
4,113,-2.35,2.5,-0.7051095712597747,false,true
5,113,-2.3000000000000003,2.5,-0.7051095712597747,false,true
6,113,-2.25,2.5,-0.7051095712597747,false,true
7,113,-2.2,2.5,-0.7051095712597747,false,true
8,113,-2.1500000000000004,2.5,-0.7051095712597747,false,true
9,113,-2.1,2.5,-0.7051095712597747,false,true
10,113,-2.0500000000000003,2.5,-0.7051095712597747,false,true
11,113,-2.0,2.5,-0.7051095712597747,false,true
12,113,-1.9500000000000002,2.5,-0.7051095712597747,false,true
13,113,-1.9000000000000004,2.5,-0.7051095712597747,false,true
14,113,-1.85,2.5,-0.7051095712597747,false,true
15,113,-1.8000000000000003,2.5,-0.7051095712597747,false,true
16,113,-1.7500000000000002,2.5,-0.7051095712597747,false,true
17,113,-1.7000000000000002,2.5,-0.7051095712597747,false,true
18,113,-1.6500000000000004,2.5,-0.7051095712597747,false,true
19,113,-1.6,2.5,-0.7051095712597747,false,true
20,113,-1.5500000000000003,2.5,-0.7051095712597747,false,true
21,113,-1.5000000000000002,2.5,-0.7051095712597747,false,true
22,113,-1.4500000000000002,2.5,-0.7051095712597747,false,true
23,113,-1.4000000000000001,2.5,-0.7051095712597747,false,true
24,113,-1.35,2.5,-0.7051095712597747,false,true
25,113,-1.3000000000000003,2.5,-0.7051095712597747,false,true
26,113,-1.2500000000000002,2.5,-0.7051095712597747,false,true
27,113,-1.2000000000000002,2.5,-0.7051095712597748,false,true
28,113,-1.1500000000000001,2.5,-0.7051095712597748,false,true
29,113,-1.1,2.5,-0.7051134838803093,false,true
30,113,-1.0500000000000003,2.5,-0.7127597255746014,false,true
31,113,-1.0000000000000002,2.5,-0.7204004005407179,false,true
32,113,-0.9500000000000002,2.5,-0.720433451662938,false,true
33,113,-0.9000000000000001,2.5,-0.7204554466602482,false,true
34,113,-0.8500000000000001,2.5,-0.7204676097447659,false,true
35,113,-0.8000000000000003,2.5,-0.720472024667254,false,true
36,113,-0.7500000000000002,2.5,-0.7204736221249481,false,true
37,113,-0.7000000000000002,2.5,-0.7177238637059976,false,true
38,113,-0.6500000000000001,2.5,-0.7183451466683152,false,true
39,113,-0.6000000000000001,2.5,-0.72008405252853,false,true
40,113,-0.5500000000000003,2.5,-0.7211248752483048,false,true
41,113,-0.5,2.5,-0.7307167995388886,true,false
42,113,-0.4500000000000002,2.5,-0.731271987002649,true,false
43,113,-0.40000000000000036,2.5,-0.7315018225129029,true,false
44,113,-0.3500000000000001,2.5,-0.7401891696865937,true,false
45,113,-0.30000000000000027,2.5,-0.7545308816845795,true,false
46,113,-0.25,2.5,-0.7605970251973053,true,false
47,113,-0.20000000000000018,2.5,-0.7636540580208679,true,false
48,113,-0.1499999999999999,2.5,-0.7666001666005036,true,false
49,113,-0.10000000000000009,2.5,-0.7683064687664887,true,false
50,113,-0.050000000000000266,2.5,-0.7706433284695526,true,false
51,113,0.0,2.5,-0.7710476267750641,true,false
52,113,0.04999999999999982,2.5,-0.7711009133274933,true,false
53,113,0.10000000000000009,2.5,-0.7711351859982392,true,false
54,113,0.1499999999999999,2.5,-0.7717394280846497,true,false
55,113,0.19999999999999973,2.5,-0.7743914473469635,true,false
56,113,0.25,2.5,-0.7754021931107422,true,false
57,113,0.2999999999999998,2.5,-0.7757231343205353,true,false
58,113,0.3500000000000001,2.5,-0.777102475207605,true,false
59,113,0.3999999999999999,2.5,-0.7757534134800812,true,false
60,113,0.44999999999999973,2.5,-0.7727917182858368,true,false
61,113,0.5,2.5,-0.7712453353817841,true,false
62,113,0.5499999999999998,2.5,-0.7687754381115814,true,false
0,114,-2.5500000000000003,2.55,-0.7051095712597747,false,true
1,114,-2.5000000000000004,2.55,-0.7051095712597747,false,true
2,114,-2.45,2.55,-0.7051095712597747,false,true
3,114,-2.4000000000000004,2.55,-0.7051095712597747,false,true
4,114,-2.35,2.55,-0.7051095712597747,false,true
5,114,-2.3000000000000003,2.55,-0.7051095712597747,false,true
6,114,-2.25,2.55,-0.7051095712597747,false,true
7,114,-2.2,2.55,-0.7051095712597747,false,true
8,114,-2.1500000000000004,2.55,-0.7051095712597747,false,true
9,114,-2.1,2.55,-0.7051095712597747,false,true
10,114,-2.0500000000000003,2.55,-0.7051095712597747,false,true
11,114,-2.0,2.55,-0.7051095712597747,false,true
12,114,-1.9500000000000002,2.55,-0.7051095712597747,false,true
13,114,-1.9000000000000004,2.55,-0.7051095712597747,false,true
14,114,-1.85,2.55,-0.7051095712597747,false,true
15,114,-1.8000000000000003,2.55,-0.7051095712597747,false,true
16,114,-1.7500000000000002,2.55,-0.7051095712597747,false,true
17,114,-1.7000000000000002,2.55,-0.7051095712597747,false,true
18,114,-1.6500000000000004,2.55,-0.7051095712597747,false,true
19,114,-1.6,2.55,-0.7051095712597747,false,true
20,114,-1.5500000000000003,2.55,-0.7051095712597747,false,true
21,114,-1.5000000000000002,2.55,-0.7051095712597747,false,true
22,114,-1.4500000000000002,2.55,-0.7051095712597747,false,true
23,114,-1.4000000000000001,2.55,-0.7051095712597747,false,true
24,114,-1.35,2.55,-0.7051095712597747,false,true
25,114,-1.3000000000000003,2.55,-0.7051095712597747,false,true
26,114,-1.2500000000000002,2.55,-0.7051095712597747,false,true
27,114,-1.2000000000000002,2.55,-0.7051095712597747,false,true
28,114,-1.1500000000000001,2.55,-0.7051095712597748,false,true
29,114,-1.1,2.55,-0.7051095712597748,false,true
30,114,-1.0500000000000003,2.55,-0.7051190171613336,false,true
31,114,-1.0000000000000002,2.55,-0.7127105915962305,false,true
32,114,-0.9500000000000002,2.55,-0.720286684309697,false,true
33,114,-0.9000000000000001,2.55,-0.7203642106432215,false,true
34,114,-0.8500000000000001,2.55,-0.7204207316851053,false,true
35,114,-0.8000000000000003,2.55,-0.7204553537213242,false,true
36,114,-0.7500000000000002,2.55,-0.7204697655209176,false,true
37,114,-0.7000000000000002,2.55,-0.7204736221249481,false,true
38,114,-0.6500000000000001,2.55,-0.7228314543019002,false,true
39,114,-0.6000000000000001,2.55,-0.726055565197248,false,true
40,114,-0.5500000000000003,2.55,-0.7286912063539116,false,true
41,114,-0.5,2.55,-0.7272588956768891,true,false
42,114,-0.4500000000000002,2.55,-0.7264756310398957,true,false
43,114,-0.40000000000000036,2.55,-0.7327788520272156,true,false
44,114,-0.3500000000000001,2.55,-0.7404530096466919,true,false
45,114,-0.30000000000000027,2.55,-0.7508087206299683,true,false
46,114,-0.25,2.55,-0.7570733774121186,true,false
47,114,-0.20000000000000018,2.55,-0.7612360167916199,true,false
48,114,-0.1499999999999999,2.55,-0.764150415700235,true,false
49,114,-0.10000000000000009,2.55,-0.7671580362732788,true,false
50,114,-0.050000000000000266,2.55,-0.7689947534020325,true,false
51,114,0.0,2.55,-0.7703571069653412,true,false
52,114,0.04999999999999982,2.55,-0.7706649649556061,true,false
53,114,0.10000000000000009,2.55,-0.7707842338498017,true,false
54,114,0.1499999999999999,2.55,-0.7723249841149231,true,false
55,114,0.19999999999999973,2.55,-0.7737608600075623,true,false
56,114,0.25,2.55,-0.7744197595532318,true,false
57,114,0.2999999999999998,2.55,-0.774680053036966,true,false
58,114,0.3500000000000001,2.55,-0.7745739567692658,true,false
59,114,0.3999999999999999,2.55,-0.7744131434376618,true,false
60,114,0.44999999999999973,2.55,-0.7694872367794892,true,false
61,114,0.5,2.55,-0.7664050507958313,true,false
62,114,0.5499999999999998,2.55,-0.7659640658314606,true,false
0,115,-2.5500000000000003,2.5999999999999996,-0.7051095712597747,false,true
1,115,-2.5000000000000004,2.5999999999999996,-0.7051095712597747,false,true
2,115,-2.45,2.5999999999999996,-0.7051095712597747,false,true
3,115,-2.4000000000000004,2.5999999999999996,-0.7051095712597747,false,true
4,115,-2.35,2.5999999999999996,-0.7051095712597747,false,true
5,115,-2.3000000000000003,2.5999999999999996,-0.7051095712597747,false,true
6,115,-2.25,2.5999999999999996,-0.7051095712597747,false,true
7,115,-2.2,2.5999999999999996,-0.7051095712597747,false,true
8,115,-2.1500000000000004,2.5999999999999996,-0.7051095712597747,false,true
9,115,-2.1,2.5999999999999996,-0.7051095712597747,false,true
10,115,-2.0500000000000003,2.5999999999999996,-0.7051095712597747,false,true
11,115,-2.0,2.5999999999999996,-0.7051095712597747,false,true
12,115,-1.9500000000000002,2.5999999999999996,-0.7051095712597747,false,true
13,115,-1.9000000000000004,2.5999999999999996,-0.7051095712597747,false,true
14,115,-1.85,2.5999999999999996,-0.7051095712597747,false,true
15,115,-1.8000000000000003,2.5999999999999996,-0.7051095712597747,false,true
16,115,-1.7500000000000002,2.5999999999999996,-0.7051095712597747,false,true
17,115,-1.7000000000000002,2.5999999999999996,-0.7051095712597747,false,true
18,115,-1.6500000000000004,2.5999999999999996,-0.7051095712597747,false,true
19,115,-1.6,2.5999999999999996,-0.7051095712597747,false,true
20,115,-1.5500000000000003,2.5999999999999996,-0.7051095712597747,false,true
21,115,-1.5000000000000002,2.5999999999999996,-0.7051095712597747,false,true
22,115,-1.4500000000000002,2.5999999999999996,-0.7051095712597747,false,true
23,115,-1.4000000000000001,2.5999999999999996,-0.7051095712597747,false,true
24,115,-1.35,2.5999999999999996,-0.7051095712597747,false,true
25,115,-1.3000000000000003,2.5999999999999996,-0.7051095712597747,false,true
26,115,-1.2500000000000002,2.5999999999999996,-0.7051095712597747,false,true
27,115,-1.2000000000000002,2.5999999999999996,-0.7051095712597747,false,true
28,115,-1.1500000000000001,2.5999999999999996,-0.7051095712597747,false,true
29,115,-1.1,2.5999999999999996,-0.7051095712597748,false,true
30,115,-1.0500000000000003,2.5999999999999996,-0.7051095712597748,false,true
31,115,-1.0000000000000002,2.5999999999999996,-0.705132375683427,false,true
32,115,-0.9500000000000002,2.5999999999999996,-0.7125917545232765,false,true
33,115,-0.9000000000000001,2.5999999999999996,-0.7200082831668345,false,true
34,115,-0.8500000000000001,2.5999999999999996,-0.7201808787176857,false,true
35,115,-0.8000000000000003,2.5999999999999996,-0.720320475749779,false,true
36,115,-0.7500000000000002,2.5999999999999996,-0.720416703955257,false,true
37,115,-0.7000000000000002,2.5999999999999996,-0.7204643114591928,false,true
38,115,-0.6500000000000001,2.5999999999999996,-0.7204736221249481,false,true
39,115,-0.6000000000000001,2.5999999999999996,-0.7243537529629198,false,true
40,115,-0.5500000000000003,2.5999999999999996,-0.7272588956768891,false,true
41,115,-0.5,2.5999999999999996,-0.726136424123168,false,true
42,115,-0.4500000000000002,2.5999999999999996,-0.725460355323114,true,false
43,115,-0.40000000000000036,2.5999999999999996,-0.7308907854969879,true,false
44,115,-0.3500000000000001,2.5999999999999996,-0.7366830158646485,true,false
45,115,-0.30000000000000027,2.5999999999999996,-0.7500388968403717,true,false
46,115,-0.25,2.5999999999999996,-0.7543064999993225,true,false
47,115,-0.20000000000000018,2.5999999999999996,-0.7576766658242127,true,false
48,115,-0.1499999999999999,2.5999999999999996,-0.7614258277829071,true,false
49,115,-0.10000000000000009,2.5999999999999996,-0.765464519303598,true,false
50,115,-0.050000000000000266,2.5999999999999996,-0.767395113747873,true,false
51,115,0.0,2.5999999999999996,-0.769229327481546,true,false
52,115,0.04999999999999982,2.5999999999999996,-0.7702607858593842,true,false
53,115,0.10000000000000009,2.5999999999999996,-0.7706904161389252,true,false
54,115,0.1499999999999999,2.5999999999999996,-0.7722111690457245,true,false
55,115,0.19999999999999973,2.5999999999999996,-0.7733544159348389,true,false
56,115,0.25,2.5999999999999996,-0.7738103616650482,true,false
57,115,0.2999999999999998,2.5999999999999996,-0.7737975466664215,true,false
58,115,0.3500000000000001,2.5999999999999996,-0.7725665319378754,true,false
59,115,0.3999999999999999,2.5999999999999996,-0.7713498521263977,true,false
60,115,0.44999999999999973,2.5999999999999996,-0.7669586885388275,true,false
61,115,0.5,2.5999999999999996,-0.7610695708210846,true,false
62,115,0.5499999999999998,2.5999999999999996,-0.760849599879541,true,false
0,116,-2.5500000000000003,2.6500000000000004,-0.7051095712597747,false,true
1,116,-2.5000000000000004,2.6500000000000004,-0.7051095712597747,false,true
2,116,-2.45,2.6500000000000004,-0.7051095712597747,false,true
3,116,-2.4000000000000004,2.6500000000000004,-0.7051095712597747,false,true
4,116,-2.35,2.6500000000000004,-0.7051095712597747,false,true
5,116,-2.3000000000000003,2.6500000000000004,-0.7051095712597747,false,true
6,116,-2.25,2.6500000000000004,-0.7051095712597747,false,true
7,116,-2.2,2.6500000000000004,-0.7051095712597747,false,true
8,116,-2.1500000000000004,2.6500000000000004,-0.7051095712597747,false,true
9,116,-2.1,2.6500000000000004,-0.7051095712597747,false,true
10,116,-2.0500000000000003,2.6500000000000004,-0.7051095712597747,false,true
11,116,-2.0,2.6500000000000004,-0.7051095712597747,false,true
12,116,-1.9500000000000002,2.6500000000000004,-0.7051095712597747,false,true
13,116,-1.9000000000000004,2.6500000000000004,-0.7051095712597747,false,true
14,116,-1.85,2.6500000000000004,-0.7051095712597747,false,true
15,116,-1.8000000000000003,2.6500000000000004,-0.7051095712597747,false,true
16,116,-1.7500000000000002,2.6500000000000004,-0.7051095712597747,false,true
17,116,-1.7000000000000002,2.6500000000000004,-0.7051095712597747,false,true
18,116,-1.6500000000000004,2.6500000000000004,-0.7051095712597747,false,true
19,116,-1.6,2.6500000000000004,-0.7051095712597747,false,true
20,116,-1.5500000000000003,2.6500000000000004,-0.7051095712597747,false,true
21,116,-1.5000000000000002,2.6500000000000004,-0.7051095712597747,false,true
22,116,-1.4500000000000002,2.6500000000000004,-0.7051095712597747,false,true
23,116,-1.4000000000000001,2.6500000000000004,-0.7051095712597747,false,true
24,116,-1.35,2.6500000000000004,-0.7051095712597747,false,true
25,116,-1.3000000000000003,2.6500000000000004,-0.7051095712597747,false,true
26,116,-1.2500000000000002,2.6500000000000004,-0.7051095712597747,false,true
27,116,-1.2000000000000002,2.6500000000000004,-0.7051095712597747,false,true
28,116,-1.1500000000000001,2.6500000000000004,-0.7051095712597747,false,true
29,116,-1.1,2.6500000000000004,-0.7051095712597747,false,true
30,116,-1.0500000000000003,2.6500000000000004,-0.7051095712597748,false,true
31,116,-1.0000000000000002,2.6500000000000004,-0.7051095712597748,false,true
32,116,-0.9500000000000002,2.6500000000000004,-0.7051646260086379,false,true
33,116,-0.9000000000000001,2.6500000000000004,-0.7123164721482744,false,true
34,116,-0.8500000000000001,2.6500000000000004,-0.7193517476797445,false,true
35,116,-0.8000000000000003,2.6500000000000004,-0.7197089836979942,false,true
36,116,-0.7500000000000002,2.6500000000000004,-0.7200350987453706,false,true
37,116,-0.7000000000000002,2.6500000000000004,-0.7202924586078293,false,true
38,116,-0.6500000000000001,2.6500000000000004,-0.7204511441894069,false,true
39,116,-0.6000000000000001,2.6500000000000004,-0.7204736221249481,false,true
40,116,-0.5500000000000003,2.6500000000000004,-0.721395141000045,false,true
41,116,-0.5,2.6500000000000004,-0.7234222186263508,false,true
42,116,-0.4500000000000002,2.6500000000000004,-0.7251659083779236,true,false
43,116,-0.40000000000000036,2.6500000000000004,-0.7300594795163056,true,false
44,116,-0.3500000000000001,2.6500000000000004,-0.7396484959538361,true,false
45,116,-0.30000000000000027,2.6500000000000004,-0.7483749735768219,true,false
46,116,-0.25,2.6500000000000004,-0.7521712232048889,true,false
47,116,-0.20000000000000018,2.6500000000000004,-0.7565554428513428,true,false
48,116,-0.1499999999999999,2.6500000000000004,-0.7597297776158234,true,false
49,116,-0.10000000000000009,2.6500000000000004,-0.7615968633110901,true,false
50,116,-0.050000000000000266,2.6500000000000004,-0.7664456415589234,true,false
51,116,0.0,2.6500000000000004,-0.7681755769665619,true,false
52,116,0.04999999999999982,2.6500000000000004,-0.7694633353169342,true,false
53,116,0.10000000000000009,2.6500000000000004,-0.7707875121052643,true,false
54,116,0.1499999999999999,2.6500000000000004,-0.7721210468228241,true,false
55,116,0.19999999999999973,2.6500000000000004,-0.7721817839558502,true,false
56,116,0.25,2.6500000000000004,-0.7724190700467011,true,false
57,116,0.2999999999999998,2.6500000000000004,-0.7710640776570221,true,false
58,116,0.3500000000000001,2.6500000000000004,-0.7693599212582489,true,false
59,116,0.3999999999999999,2.6500000000000004,-0.7681121576245209,true,false
60,116,0.44999999999999973,2.6500000000000004,-0.7614258277829071,true,false
61,116,0.5,2.6500000000000004,-0.7589788186962982,true,false
62,116,0.5499999999999998,2.6500000000000004,-0.7591401467135895,false,true
0,117,-2.5500000000000003,2.7,-0.7051095712597747,false,true
1,117,-2.5000000000000004,2.7,-0.7051095712597747,false,true
2,117,-2.45,2.7,-0.7051095712597747,false,true
3,117,-2.4000000000000004,2.7,-0.7051095712597747,false,true
4,117,-2.35,2.7,-0.7051095712597747,false,true
5,117,-2.3000000000000003,2.7,-0.7051095712597747,false,true
6,117,-2.25,2.7,-0.7051095712597747,false,true
7,117,-2.2,2.7,-0.7051095712597747,false,true
8,117,-2.1500000000000004,2.7,-0.7051095712597747,false,true
9,117,-2.1,2.7,-0.7051095712597747,false,true
10,117,-2.0500000000000003,2.7,-0.7051095712597747,false,true
11,117,-2.0,2.7,-0.7051095712597747,false,true
12,117,-1.9500000000000002,2.7,-0.7051095712597747,false,true
13,117,-1.9000000000000004,2.7,-0.7051095712597747,false,true
14,117,-1.85,2.7,-0.7051095712597747,false,true
15,117,-1.8000000000000003,2.7,-0.7051095712597747,false,true
16,117,-1.7500000000000002,2.7,-0.7051095712597747,false,true
17,117,-1.7000000000000002,2.7,-0.7051095712597747,false,true
18,117,-1.6500000000000004,2.7,-0.7051095712597747,false,true
19,117,-1.6,2.7,-0.7051095712597747,false,true
20,117,-1.5500000000000003,2.7,-0.7051095712597747,false,true
21,117,-1.5000000000000002,2.7,-0.7051095712597747,false,true
22,117,-1.4500000000000002,2.7,-0.7051095712597747,false,true
23,117,-1.4000000000000001,2.7,-0.7051095712597747,false,true
24,117,-1.35,2.7,-0.7051095712597747,false,true
25,117,-1.3000000000000003,2.7,-0.7051095712597747,false,true
26,117,-1.2500000000000002,2.7,-0.7051095712597747,false,true
27,117,-1.2000000000000002,2.7,-0.7051095712597747,false,true
28,117,-1.1500000000000001,2.7,-0.7051095712597747,false,true
29,117,-1.1,2.7,-0.7051095712597747,false,true
30,117,-1.0500000000000003,2.7,-0.7051095712597747,false,true
31,117,-1.0000000000000002,2.7,-0.7051095712597748,false,true
32,117,-0.9500000000000002,2.7,-0.7051095712597748,false,true
33,117,-0.9000000000000001,2.7,-0.7052424851811532,false,true
34,117,-0.8500000000000001,2.7,-0.7117137127046799,false,true
35,117,-0.8000000000000003,2.7,-0.7178778115877333,false,true
36,117,-0.7500000000000002,2.7,-0.7185400671178377,false,true
37,117,-0.7000000000000002,2.7,-0.7192419242236492,false,true
38,117,-0.6500000000000001,2.7,-0.7198868797890903,false,true
39,117,-0.6000000000000001,2.7,-0.7204193555881105,false,true
40,117,-0.5500000000000003,2.7,-0.7204736221249481,true,false
41,117,-0.5,2.7,-0.7226983654911896,true,false
42,117,-0.4500000000000002,2.7,-0.7228904116566559,true,false
43,117,-0.40000000000000036,2.7,-0.7302288759167572,true,false
44,117,-0.3500000000000001,2.7,-0.7372630584652802,true,false
45,117,-0.30000000000000027,2.7,-0.7476339090283295,true,false
46,117,-0.25,2.7,-0.7511103797371765,true,false
47,117,-0.20000000000000018,2.7,-0.7536065924580475,true,false
48,117,-0.1499999999999999,2.7,-0.757061188262262,true,false
49,117,-0.10000000000000009,2.7,-0.7613316822464844,true,false
50,117,-0.050000000000000266,2.7,-0.7645307529385468,true,false
51,117,0.0,2.7,-0.7666925836022278,true,false
52,117,0.04999999999999982,2.7,-0.7685894120152374,true,false
53,117,0.10000000000000009,2.7,-0.7693253207619568,true,false
54,117,0.1499999999999999,2.7,-0.7704539049084564,true,false
55,117,0.19999999999999973,2.7,-0.7710591304715058,true,false
56,117,0.25,2.7,-0.7700662959034821,true,false
57,117,0.2999999999999998,2.7,-0.7681046176369568,true,false
58,117,0.3500000000000001,2.7,-0.7668831992562195,true,false
59,117,0.3999999999999999,2.7,-0.7651713240559479,true,false
60,117,0.44999999999999973,2.7,-0.7598021972592255,true,false
61,117,0.5,2.7,-0.7571938980038544,true,false
62,117,0.5499999999999998,2.7,-0.7576039183552643,true,false
0,118,-2.5500000000000003,2.75,-0.7051095712597747,false,true
1,118,-2.5000000000000004,2.75,-0.7051095712597747,false,true
2,118,-2.45,2.75,-0.7051095712597747,false,true
3,118,-2.4000000000000004,2.75,-0.7051095712597747,false,true
4,118,-2.35,2.75,-0.7051095712597747,false,true
5,118,-2.3000000000000003,2.75,-0.7051095712597747,false,true
6,118,-2.25,2.75,-0.7051095712597747,false,true
7,118,-2.2,2.75,-0.7051095712597747,false,true
8,118,-2.1500000000000004,2.75,-0.7051095712597747,false,true
9,118,-2.1,2.75,-0.7051095712597747,false,true
10,118,-2.0500000000000003,2.75,-0.7051095712597747,false,true
11,118,-2.0,2.75,-0.7051095712597747,false,true
12,118,-1.9500000000000002,2.75,-0.7051095712597747,false,true
13,118,-1.9000000000000004,2.75,-0.7051095712597747,false,true
14,118,-1.85,2.75,-0.7051095712597747,false,true
15,118,-1.8000000000000003,2.75,-0.7051095712597747,false,true
16,118,-1.7500000000000002,2.75,-0.7051095712597747,false,true
17,118,-1.7000000000000002,2.75,-0.7051095712597747,false,true
18,118,-1.6500000000000004,2.75,-0.7051095712597747,false,true
19,118,-1.6,2.75,-0.7051095712597747,false,true
20,118,-1.5500000000000003,2.75,-0.7051095712597747,false,true
21,118,-1.5000000000000002,2.75,-0.7051095712597747,false,true
22,118,-1.4500000000000002,2.75,-0.7051095712597747,false,true
23,118,-1.4000000000000001,2.75,-0.7051095712597747,false,true
24,118,-1.35,2.75,-0.7051095712597747,false,true
25,118,-1.3000000000000003,2.75,-0.7051095712597747,false,true
26,118,-1.2500000000000002,2.75,-0.7051095712597747,false,true
27,118,-1.2000000000000002,2.75,-0.7051095712597747,false,true
28,118,-1.1500000000000001,2.75,-0.7051095712597747,false,true
29,118,-1.1,2.75,-0.7051095712597747,false,true
30,118,-1.0500000000000003,2.75,-0.7051095712597747,false,true
31,118,-1.0000000000000002,2.75,-0.7051095712597747,false,true
32,118,-0.9500000000000002,2.75,-0.7051095712597748,false,true
33,118,-0.9000000000000001,2.75,-0.7051095712597748,false,true
34,118,-0.8500000000000001,2.75,-0.7054304538513946,false,true
35,118,-0.8000000000000003,2.75,-0.7104911008022639,false,true
36,118,-0.7500000000000002,2.75,-0.7147839536776659,false,true
37,118,-0.7000000000000002,2.75,-0.7157950997899594,false,true
38,118,-0.6500000000000001,2.75,-0.7171205993501165,false,true
39,118,-0.6000000000000001,2.75,-0.7185471029566227,false,true
40,118,-0.5500000000000003,2.75,-0.7203426111157318,true,false
41,118,-0.5,2.75,-0.7204027522023102,true,false
42,118,-0.4500000000000002,2.75,-0.7135461020882508,true,false
43,118,-0.40000000000000036,2.75,-0.7133223164494416,true,false
44,118,-0.3500000000000001,2.75,-0.7314258563931366,true,false
45,118,-0.30000000000000027,2.75,-0.7468063879425904,true,false
46,118,-0.25,2.75,-0.7510964620526215,true,false
47,118,-0.20000000000000018,2.75,-0.7520417917187592,true,false
48,118,-0.1499999999999999,2.75,-0.7581739175732514,true,false
49,118,-0.10000000000000009,2.75,-0.7614258277829071,true,false
50,118,-0.050000000000000266,2.75,-0.7614258277829071,true,false
51,118,0.0,2.75,-0.7651782977993866,true,false
52,118,0.04999999999999982,2.75,-0.7681128132756134,true,false
53,118,0.10000000000000009,2.75,-0.767833505910196,true,false
54,118,0.1499999999999999,2.75,-0.7687653649266144,true,false
55,118,0.19999999999999973,2.75,-0.7694773424084564,true,false
56,118,0.25,2.75,-0.7681597817356964,true,false
57,118,0.2999999999999998,2.75,-0.7662276375706574,true,false
58,118,0.3500000000000001,2.75,-0.7648203719075104,true,false
59,118,0.3999999999999999,2.75,-0.7614258277829071,true,false
60,118,0.44999999999999973,2.75,-0.7574173558171173,true,false
61,118,0.5,2.75,-0.7561342466290375,true,false
62,118,0.5499999999999998,2.75,-0.756374696565443,false,true
0,119,-2.5500000000000003,2.8,-0.7051095712597747,false,true
1,119,-2.5000000000000004,2.8,-0.7051095712597747,false,true
2,119,-2.45,2.8,-0.7051095712597747,false,true
3,119,-2.4000000000000004,2.8,-0.7051095712597747,false,true
4,119,-2.35,2.8,-0.7051095712597747,false,true
5,119,-2.3000000000000003,2.8,-0.7051095712597747,false,true
6,119,-2.25,2.8,-0.7051095712597747,false,true
7,119,-2.2,2.8,-0.7051095712597747,false,true
8,119,-2.1500000000000004,2.8,-0.7051095712597747,false,true
9,119,-2.1,2.8,-0.7051095712597747,false,true
10,119,-2.0500000000000003,2.8,-0.7051095712597747,false,true
11,119,-2.0,2.8,-0.7051095712597747,false,true
12,119,-1.9500000000000002,2.8,-0.7051095712597747,false,true
13,119,-1.9000000000000004,2.8,-0.7051095712597747,false,true
14,119,-1.85,2.8,-0.7051095712597747,false,true
15,119,-1.8000000000000003,2.8,-0.7051095712597747,false,true
16,119,-1.7500000000000002,2.8,-0.7051095712597747,false,true
17,119,-1.7000000000000002,2.8,-0.7051095712597747,false,true
18,119,-1.6500000000000004,2.8,-0.7051095712597747,false,true
19,119,-1.6,2.8,-0.7051095712597747,false,true
20,119,-1.5500000000000003,2.8,-0.7051095712597747,false,true
21,119,-1.5000000000000002,2.8,-0.7051095712597747,false,true
22,119,-1.4500000000000002,2.8,-0.7051095712597747,false,true
23,119,-1.4000000000000001,2.8,-0.7051095712597747,false,true
24,119,-1.35,2.8,-0.7051095712597747,false,true
25,119,-1.3000000000000003,2.8,-0.7051095712597747,false,true
26,119,-1.2500000000000002,2.8,-0.7051095712597747,false,true
27,119,-1.2000000000000002,2.8,-0.7051095712597747,false,true
28,119,-1.1500000000000001,2.8,-0.7051095712597747,false,true
29,119,-1.1,2.8,-0.7051095712597747,false,true
30,119,-1.0500000000000003,2.8,-0.7051095712597747,false,true
31,119,-1.0000000000000002,2.8,-0.7051095712597747,false,true
32,119,-0.9500000000000002,2.8,-0.7051095712597747,false,true
33,119,-0.9000000000000001,2.8,-0.7051095712597748,false,true
34,119,-0.8500000000000001,2.8,-0.7051095712597748,false,true
35,119,-0.8000000000000003,2.8,-0.7058842503643928,false,true
36,119,-0.7500000000000002,2.8,-0.7082677236405747,false,true
37,119,-0.7000000000000002,2.8,-0.7088960065861362,false,true
38,119,-0.6500000000000001,2.8,-0.7098287803359347,false,true
39,119,-0.6000000000000001,2.8,-0.7118044623650275,false,true
40,119,-0.5500000000000003,2.8,-0.7140813517983338,true,false
41,119,-0.5,2.8,-0.7014258253987213,true,false
42,119,-0.4500000000000002,2.8,-0.6990202713425537,true,false
43,119,-0.40000000000000036,2.8,-0.6942978847439667,true,false
44,119,-0.3500000000000001,2.8,-0.7314258563931366,true,false
45,119,-0.30000000000000027,2.8,-0.7459583628590485,true,false
46,119,-0.25,2.8,-0.7509113896305939,true,false
47,119,-0.20000000000000018,2.8,-0.7546274114067932,true,false
48,119,-0.1499999999999999,2.8,-0.7588876235897919,true,false
49,119,-0.10000000000000009,2.8,-0.7614258277829071,true,false
50,119,-0.050000000000000266,2.8,-0.7661243427212616,true,false
51,119,0.0,2.8,-0.7675483870919129,true,false
52,119,0.04999999999999982,2.8,-0.7686106312687775,true,false
53,119,0.10000000000000009,2.8,-0.7687809813435456,true,false
54,119,0.1499999999999999,2.8,-0.7688237178738495,true,false
55,119,0.19999999999999973,2.8,-0.7689729082997223,true,false
56,119,0.25,2.8,-0.7682823884899994,true,false
57,119,0.2999999999999998,2.8,-0.7665532577450653,true,false
58,119,0.3500000000000001,2.8,-0.7642603266652008,true,false
59,119,0.3999999999999999,2.8,-0.7615071285183808,true,false
60,119,0.44999999999999973,2.8,-0.7556147325451752,true,false
61,119,0.5,2.8,-0.7541571605618378,true,false
62,119,0.5499999999999998,2.8,-0.7555330026547009,false,true
0,120,-2.5500000000000003,2.8499999999999996,-0.7051095712597747,false,true
1,120,-2.5000000000000004,2.8499999999999996,-0.7051095712597747,false,true
2,120,-2.45,2.8499999999999996,-0.7051095712597747,false,true
3,120,-2.4000000000000004,2.8499999999999996,-0.7051095712597747,false,true
4,120,-2.35,2.8499999999999996,-0.7051095712597747,false,true
5,120,-2.3000000000000003,2.8499999999999996,-0.7051095712597747,false,true
6,120,-2.25,2.8499999999999996,-0.7051095712597747,false,true
7,120,-2.2,2.8499999999999996,-0.7051095712597747,false,true
8,120,-2.1500000000000004,2.8499999999999996,-0.7051095712597747,false,true
9,120,-2.1,2.8499999999999996,-0.7051095712597747,false,true
10,120,-2.0500000000000003,2.8499999999999996,-0.7051095712597747,false,true
11,120,-2.0,2.8499999999999996,-0.7051095712597747,false,true
12,120,-1.9500000000000002,2.8499999999999996,-0.7051095712597747,false,true
13,120,-1.9000000000000004,2.8499999999999996,-0.7051095712597747,false,true
14,120,-1.85,2.8499999999999996,-0.7051095712597747,false,true
15,120,-1.8000000000000003,2.8499999999999996,-0.7051095712597747,false,true
16,120,-1.7500000000000002,2.8499999999999996,-0.7051095712597747,false,true
17,120,-1.7000000000000002,2.8499999999999996,-0.7051095712597747,false,true
18,120,-1.6500000000000004,2.8499999999999996,-0.7051095712597747,false,true
19,120,-1.6,2.8499999999999996,-0.7051095712597747,false,true
20,120,-1.5500000000000003,2.8499999999999996,-0.7051095712597747,false,true
21,120,-1.5000000000000002,2.8499999999999996,-0.7051095712597747,false,true
22,120,-1.4500000000000002,2.8499999999999996,-0.7051095712597747,false,true
23,120,-1.4000000000000001,2.8499999999999996,-0.7051095712597747,false,true
24,120,-1.35,2.8499999999999996,-0.7051095712597747,false,true
25,120,-1.3000000000000003,2.8499999999999996,-0.7051095712597747,false,true
26,120,-1.2500000000000002,2.8499999999999996,-0.7051095712597747,false,true
27,120,-1.2000000000000002,2.8499999999999996,-0.7051095712597747,false,true
28,120,-1.1500000000000001,2.8499999999999996,-0.7051095712597747,false,true
29,120,-1.1,2.8499999999999996,-0.7051095712597747,false,true
30,120,-1.0500000000000003,2.8499999999999996,-0.7051095712597747,false,true
31,120,-1.0000000000000002,2.8499999999999996,-0.7051095712597747,false,true
32,120,-0.9500000000000002,2.8499999999999996,-0.7051095712597747,false,true
33,120,-0.9000000000000001,2.8499999999999996,-0.7051095712597747,false,true
34,120,-0.8500000000000001,2.8499999999999996,-0.7051095712597748,false,true
35,120,-0.8000000000000003,2.8499999999999996,-0.7051095712597748,false,true
36,120,-0.7500000000000002,2.8499999999999996,-0.7069798120606308,false,true
37,120,-0.7000000000000002,2.8499999999999996,-0.7048313556328619,false,true
38,120,-0.6500000000000001,2.8499999999999996,-0.6993522725345652,false,true
39,120,-0.6000000000000001,2.8499999999999996,-0.6983164213947665,false,true
40,120,-0.5500000000000003,2.8499999999999996,-0.7000463056977173,true,false
41,120,-0.5,2.8499999999999996,-0.674079512398996,true,false
42,120,-0.4500000000000002,2.8499999999999996,-0.6714258540089508,true,false
43,120,-0.40000000000000036,2.8499999999999996,-0.6859672415669342,true,false
44,120,-0.3500000000000001,2.8499999999999996,-0.7314258563931366,true,false
45,120,-0.30000000000000027,2.8499999999999996,-0.7468436110432526,true,false
46,120,-0.25,2.8499999999999996,-0.7494415390904328,true,false
47,120,-0.20000000000000018,2.8499999999999996,-0.7532501864846131,true,false
48,120,-0.1499999999999999,2.8499999999999996,-0.7575426745827576,true,false
49,120,-0.10000000000000009,2.8499999999999996,-0.7618547428067108,true,false
50,120,-0.050000000000000266,2.8499999999999996,-0.766014372151651,true,false
51,120,0.0,2.8499999999999996,-0.7670737851078888,true,false
52,120,0.04999999999999982,2.8499999999999996,-0.7673039186413666,true,false
53,120,0.10000000000000009,2.8499999999999996,-0.7674823749478241,true,false
54,120,0.1499999999999999,2.8499999999999996,-0.7670001137669464,true,false
55,120,0.19999999999999973,2.8499999999999996,-0.7679326880391022,true,false
56,120,0.25,2.8499999999999996,-0.767300640385904,true,false
57,120,0.2999999999999998,2.8499999999999996,-0.765333836119928,true,false
58,120,0.3500000000000001,2.8499999999999996,-0.7629202950413605,true,false
59,120,0.3999999999999999,2.8499999999999996,-0.7614258277829071,true,false
60,120,0.44999999999999973,2.8499999999999996,-0.7521279204304596,true,false
61,120,0.5,2.8499999999999996,-0.7511330295021912,true,false
62,120,0.5499999999999998,2.8499999999999996,-0.7595949519093415,true,false
0,121,-2.5500000000000003,2.9000000000000004,-0.7051095712597747,false,true
1,121,-2.5000000000000004,2.9000000000000004,-0.7051095712597747,false,true
2,121,-2.45,2.9000000000000004,-0.7051095712597747,false,true
3,121,-2.4000000000000004,2.9000000000000004,-0.7051095712597747,false,true
4,121,-2.35,2.9000000000000004,-0.7051095712597747,false,true
5,121,-2.3000000000000003,2.9000000000000004,-0.7051095712597747,false,true
6,121,-2.25,2.9000000000000004,-0.7051095712597747,false,true
7,121,-2.2,2.9000000000000004,-0.7051095712597747,false,true
8,121,-2.1500000000000004,2.9000000000000004,-0.7051095712597747,false,true
9,121,-2.1,2.9000000000000004,-0.7051095712597747,false,true
10,121,-2.0500000000000003,2.9000000000000004,-0.7051095712597747,false,true
11,121,-2.0,2.9000000000000004,-0.7051095712597747,false,true
12,121,-1.9500000000000002,2.9000000000000004,-0.7051095712597747,false,true
13,121,-1.9000000000000004,2.9000000000000004,-0.7051095712597747,false,true
14,121,-1.85,2.9000000000000004,-0.7051095712597747,false,true
15,121,-1.8000000000000003,2.9000000000000004,-0.7051095712597747,false,true
16,121,-1.7500000000000002,2.9000000000000004,-0.7051095712597747,false,true
17,121,-1.7000000000000002,2.9000000000000004,-0.7051095712597747,false,true
18,121,-1.6500000000000004,2.9000000000000004,-0.7051095712597747,false,true
19,121,-1.6,2.9000000000000004,-0.7051095712597747,false,true
20,121,-1.5500000000000003,2.9000000000000004,-0.7051095712597747,false,true
21,121,-1.5000000000000002,2.9000000000000004,-0.7051095712597747,false,true
22,121,-1.4500000000000002,2.9000000000000004,-0.7051095712597747,false,true
23,121,-1.4000000000000001,2.9000000000000004,-0.7051095712597747,false,true
24,121,-1.35,2.9000000000000004,-0.7051095712597747,false,true
25,121,-1.3000000000000003,2.9000000000000004,-0.7051095712597747,false,true
26,121,-1.2500000000000002,2.9000000000000004,-0.7051095712597747,false,true
27,121,-1.2000000000000002,2.9000000000000004,-0.7051095712597747,false,true
28,121,-1.1500000000000001,2.9000000000000004,-0.7051095712597747,false,true
29,121,-1.1,2.9000000000000004,-0.7051095712597747,false,true
30,121,-1.0500000000000003,2.9000000000000004,-0.7051095712597747,false,true
31,121,-1.0000000000000002,2.9000000000000004,-0.7051095712597747,false,true
32,121,-0.9500000000000002,2.9000000000000004,-0.7051095712597747,false,true
33,121,-0.9000000000000001,2.9000000000000004,-0.7051095712597747,false,true
34,121,-0.8500000000000001,2.9000000000000004,-0.7051095712597747,false,true
35,121,-0.8000000000000003,2.9000000000000004,-0.7051095712597748,false,true
36,121,-0.7500000000000002,2.9000000000000004,-0.7051095712597748,false,true
37,121,-0.7000000000000002,2.9000000000000004,-0.7096247319661048,false,true
38,121,-0.6500000000000001,2.9000000000000004,-0.7005254511098268,false,true
39,121,-0.6000000000000001,2.9000000000000004,-0.6883649974346061,false,true
40,121,-0.5500000000000003,2.9000000000000004,-0.6801050651486298,true,false
41,121,-0.5,2.9000000000000004,-0.6511835503991028,true,false
42,121,-0.4500000000000002,2.9000000000000004,-0.6714258540089508,true,false
43,121,-0.40000000000000036,2.9000000000000004,-0.7014258253987213,true,false
44,121,-0.3500000000000001,2.9000000000000004,-0.7314258563931366,true,false
45,121,-0.30000000000000027,2.9000000000000004,-0.7475524294789215,true,false
46,121,-0.25,2.9000000000000004,-0.749539648335733,true,false
47,121,-0.20000000000000018,2.9000000000000004,-0.7519476461823364,true,false
48,121,-0.1499999999999999,2.9000000000000004,-0.7595194924290558,true,false
49,121,-0.10000000000000009,2.9000000000000004,-0.7623492825444123,true,false
50,121,-0.050000000000000266,2.9000000000000004,-0.7653010237629791,true,false
51,121,0.0,2.9000000000000004,-0.7659846294339081,true,false
52,121,0.04999999999999982,2.9000000000000004,-0.7657015669758698,true,false
53,121,0.10000000000000009,2.9000000000000004,-0.7657844174321076,true,false
54,121,0.1499999999999999,2.9000000000000004,-0.765531932156839,true,false
55,121,0.19999999999999973,2.9000000000000004,-0.7656899142678162,true,false
56,121,0.25,2.9000000000000004,-0.7659999478276154,true,false
57,121,0.2999999999999998,2.9000000000000004,-0.7639586675579926,true,false
58,121,0.3500000000000001,2.9000000000000004,-0.7614258277829071,true,false
59,121,0.3999999999999999,2.9000000000000004,-0.7582492280419251,true,false
60,121,0.44999999999999973,2.9000000000000004,-0.7533443320210358,true,false
61,121,0.5,2.9000000000000004,-0.7500220883305451,true,false
62,121,0.5499999999999998,2.9000000000000004,-0.7527007478347746,false,true
0,122,-2.5500000000000003,2.95,-0.7051095712597747,false,true
1,122,-2.5000000000000004,2.95,-0.7051095712597747,false,true
2,122,-2.45,2.95,-0.7051095712597747,false,true
3,122,-2.4000000000000004,2.95,-0.7051095712597747,false,true
4,122,-2.35,2.95,-0.7051095712597747,false,true
5,122,-2.3000000000000003,2.95,-0.7051095712597747,false,true
6,122,-2.25,2.95,-0.7051095712597747,false,true
7,122,-2.2,2.95,-0.7051095712597747,false,true
8,122,-2.1500000000000004,2.95,-0.7051095712597747,false,true
9,122,-2.1,2.95,-0.7051095712597747,false,true
10,122,-2.0500000000000003,2.95,-0.7051095712597747,false,true
11,122,-2.0,2.95,-0.7051095712597747,false,true
12,122,-1.9500000000000002,2.95,-0.7051095712597747,false,true
13,122,-1.9000000000000004,2.95,-0.7051095712597747,false,true
14,122,-1.85,2.95,-0.7051095712597747,false,true
15,122,-1.8000000000000003,2.95,-0.7051095712597747,false,true
16,122,-1.7500000000000002,2.95,-0.7051095712597747,false,true
17,122,-1.7000000000000002,2.95,-0.7051095712597747,false,true
18,122,-1.6500000000000004,2.95,-0.7051095712597747,false,true
19,122,-1.6,2.95,-0.7051095712597747,false,true
20,122,-1.5500000000000003,2.95,-0.7051095712597747,false,true
21,122,-1.5000000000000002,2.95,-0.7051095712597747,false,true
22,122,-1.4500000000000002,2.95,-0.7051095712597747,false,true
23,122,-1.4000000000000001,2.95,-0.7051095712597747,false,true
24,122,-1.35,2.95,-0.7051095712597747,false,true
25,122,-1.3000000000000003,2.95,-0.7051095712597747,false,true
26,122,-1.2500000000000002,2.95,-0.7051095712597747,false,true
27,122,-1.2000000000000002,2.95,-0.7051095712597747,false,true
28,122,-1.1500000000000001,2.95,-0.7051095712597747,false,true
29,122,-1.1,2.95,-0.7051095712597747,false,true
30,122,-1.0500000000000003,2.95,-0.7051095712597747,false,true
31,122,-1.0000000000000002,2.95,-0.7051095712597747,false,true
32,122,-0.9500000000000002,2.95,-0.7051095712597747,false,true
33,122,-0.9000000000000001,2.95,-0.7051095712597747,false,true
34,122,-0.8500000000000001,2.95,-0.7051095712597747,false,true
35,122,-0.8000000000000003,2.95,-0.7051095712597747,false,true
36,122,-0.7500000000000002,2.95,-0.7051095712597748,false,true
37,122,-0.7000000000000002,2.95,-0.7051095712597748,false,true
38,122,-0.6500000000000001,2.95,-0.7160101334732907,false,true
39,122,-0.6000000000000001,2.95,-0.6934491913795963,false,true
40,122,-0.5500000000000003,2.95,-0.6527520968579169,false,true
41,122,-0.5,2.95,-0.611425851624765,true,false
42,122,-0.4500000000000002,2.95,-0.7014258253987213,true,false
43,122,-0.40000000000000036,2.95,-0.7162960219796082,true,false
44,122,-0.3500000000000001,2.95,-0.7314258563931366,true,false
45,122,-0.30000000000000027,2.95,-0.743825172227182,true,false
46,122,-0.25,2.95,-0.7488970506604096,true,false
47,122,-0.20000000000000018,2.95,-0.7514460134919068,true,false
48,122,-0.1499999999999999,2.95,-0.7560440051968476,true,false
49,122,-0.10000000000000009,2.95,-0.7614258277829071,true,false
50,122,-0.050000000000000266,2.95,-0.7638152289803406,true,false
51,122,0.0,2.95,-0.7645686912949463,true,false
52,122,0.04999999999999982,2.95,-0.7639657903130432,true,false
53,122,0.10000000000000009,2.95,-0.763487790864267,true,false
54,122,0.1499999999999999,2.95,-0.7640531111176392,true,false
55,122,0.19999999999999973,2.95,-0.7643987286503693,true,false
56,122,0.25,2.95,-0.7642318356449982,true,false
57,122,0.2999999999999998,2.95,-0.7633866417820832,true,false
58,122,0.3500000000000001,2.95,-0.7614258277829071,true,false
59,122,0.3999999999999999,2.95,-0.7550011325295349,true,false
60,122,0.44999999999999973,2.95,-0.7491937029774567,true,false
61,122,0.5,2.95,-0.7483067858631989,true,false
62,122,0.5499999999999998,2.95,-0.7439089408717614,false,true
0,123,-2.5500000000000003,3.0,-0.7051095712597747,false,true
1,123,-2.5000000000000004,3.0,-0.7051095712597747,false,true
2,123,-2.45,3.0,-0.7051095712597747,false,true
3,123,-2.4000000000000004,3.0,-0.7051095712597747,false,true
4,123,-2.35,3.0,-0.7051095712597747,false,true
5,123,-2.3000000000000003,3.0,-0.7051095712597747,false,true
6,123,-2.25,3.0,-0.7051095712597747,false,true
7,123,-2.2,3.0,-0.7051095712597747,false,true
8,123,-2.1500000000000004,3.0,-0.7051095712597747,false,true
9,123,-2.1,3.0,-0.7051095712597747,false,true
10,123,-2.0500000000000003,3.0,-0.7051095712597747,false,true
11,123,-2.0,3.0,-0.7051095712597747,false,true
12,123,-1.9500000000000002,3.0,-0.7051095712597747,false,true
13,123,-1.9000000000000004,3.0,-0.7051095712597747,false,true
14,123,-1.85,3.0,-0.7051095712597747,false,true
15,123,-1.8000000000000003,3.0,-0.7051095712597747,false,true
16,123,-1.7500000000000002,3.0,-0.7051095712597747,false,true
17,123,-1.7000000000000002,3.0,-0.7051095712597747,false,true
18,123,-1.6500000000000004,3.0,-0.7051095712597747,false,true
19,123,-1.6,3.0,-0.7051095712597747,false,true
20,123,-1.5500000000000003,3.0,-0.7051095712597747,false,true
21,123,-1.5000000000000002,3.0,-0.7051095712597747,false,true
22,123,-1.4500000000000002,3.0,-0.7051095712597747,false,true
23,123,-1.4000000000000001,3.0,-0.7051095712597747,false,true
24,123,-1.35,3.0,-0.7051095712597747,false,true
25,123,-1.3000000000000003,3.0,-0.7051095712597747,false,true
26,123,-1.2500000000000002,3.0,-0.7051095712597747,false,true
27,123,-1.2000000000000002,3.0,-0.7051095712597747,false,true
28,123,-1.1500000000000001,3.0,-0.7051095712597747,false,true
29,123,-1.1,3.0,-0.7051095712597747,false,true
30,123,-1.0500000000000003,3.0,-0.7051095712597747,false,true
31,123,-1.0000000000000002,3.0,-0.7051095712597747,false,true
32,123,-0.9500000000000002,3.0,-0.7051095712597747,false,true
33,123,-0.9000000000000001,3.0,-0.7051095712597747,false,true
34,123,-0.8500000000000001,3.0,-0.7051095712597747,false,true
35,123,-0.8000000000000003,3.0,-0.7051095712597747,false,true
36,123,-0.7500000000000002,3.0,-0.7051095712597747,false,true
37,123,-0.7000000000000002,3.0,-0.7051095712597748,false,true
38,123,-0.6500000000000001,3.0,-0.7051095712597748,true,false
39,123,-0.6000000000000001,3.0,-0.7314258563931366,true,false
40,123,-0.5500000000000003,3.0,-0.6414258230145355,true,false
41,123,-0.5,3.0,-0.611425851624765,true,false
42,123,-0.4500000000000002,3.0,-0.7213295448239228,true,false
43,123,-0.40000000000000036,3.0,-0.7181657898838898,true,false
44,123,-0.3500000000000001,3.0,-0.7314258563931366,true,false
45,123,-0.30000000000000027,3.0,-0.7455299842770478,true,false
46,123,-0.25,3.0,-0.7477915037091156,true,false
47,123,-0.20000000000000018,3.0,-0.7507471788342377,true,false
48,123,-0.1499999999999999,3.0,-0.7562315810139557,true,false
49,123,-0.10000000000000009,3.0,-0.7612479973252197,true,false
50,123,-0.050000000000000266,3.0,-0.7614258277829071,true,false
51,123,0.0,3.0,-0.7614258277829071,true,false
52,123,0.04999999999999982,3.0,-0.7615028965886017,true,false
53,123,0.10000000000000009,3.0,-0.7615304637368103,true,false
54,123,0.1499999999999999,3.0,-0.7626271593983551,true,false
55,123,0.19999999999999973,3.0,-0.7631817806179901,true,false
56,123,0.25,3.0,-0.7628575909550568,true,false
57,123,0.2999999999999998,3.0,-0.7614258277829071,true,false
58,123,0.3500000000000001,3.0,-0.760365848582544,true,false
59,123,0.3999999999999999,3.0,-0.754991685193338,true,false
60,123,0.44999999999999973,3.0,-0.7478846061642548,true,false
61,123,0.5,3.0,-0.7463704693730255,true,false
62,123,0.5499999999999998,3.0,-0.733447884362497,true,false
0,124,-2.5500000000000003,3.05,-0.7051095712597747,false,true
1,124,-2.5000000000000004,3.05,-0.7051095712597747,false,true
2,124,-2.45,3.05,-0.7051095712597747,false,true
3,124,-2.4000000000000004,3.05,-0.7051095712597747,false,true
4,124,-2.35,3.05,-0.7051095712597747,false,true
5,124,-2.3000000000000003,3.05,-0.7051095712597747,false,true
6,124,-2.25,3.05,-0.7051095712597747,false,true
7,124,-2.2,3.05,-0.7051095712597747,false,true
8,124,-2.1500000000000004,3.05,-0.7051095712597747,false,true
9,124,-2.1,3.05,-0.7051095712597747,false,true
10,124,-2.0500000000000003,3.05,-0.7051095712597747,false,true
11,124,-2.0,3.05,-0.7051095712597747,false,true
12,124,-1.9500000000000002,3.05,-0.7051095712597747,false,true
13,124,-1.9000000000000004,3.05,-0.7051095712597747,false,true
14,124,-1.85,3.05,-0.7051095712597747,false,true
15,124,-1.8000000000000003,3.05,-0.7051095712597747,false,true
16,124,-1.7500000000000002,3.05,-0.7051095712597747,false,true
17,124,-1.7000000000000002,3.05,-0.7051095712597747,false,true
18,124,-1.6500000000000004,3.05,-0.7051095712597747,false,true
19,124,-1.6,3.05,-0.7051095712597747,false,true
20,124,-1.5500000000000003,3.05,-0.7051095712597747,false,true
21,124,-1.5000000000000002,3.05,-0.7051095712597747,false,true
22,124,-1.4500000000000002,3.05,-0.7051095712597747,false,true
23,124,-1.4000000000000001,3.05,-0.7051095712597747,false,true
24,124,-1.35,3.05,-0.7051095712597747,false,true
25,124,-1.3000000000000003,3.05,-0.7051095712597747,false,true
26,124,-1.2500000000000002,3.05,-0.7051095712597747,false,true
27,124,-1.2000000000000002,3.05,-0.7051095712597747,false,true
28,124,-1.1500000000000001,3.05,-0.7051095712597747,false,true
29,124,-1.1,3.05,-0.7051095712597747,false,true
30,124,-1.0500000000000003,3.05,-0.7051095712597747,false,true
31,124,-1.0000000000000002,3.05,-0.7051095712597747,false,true
32,124,-0.9500000000000002,3.05,-0.7051095712597747,false,true
33,124,-0.9000000000000001,3.05,-0.7051095712597747,false,true
34,124,-0.8500000000000001,3.05,-0.7051095712597747,false,true
35,124,-0.8000000000000003,3.05,-0.7051095712597747,false,true
36,124,-0.7500000000000002,3.05,-0.7051095712597748,false,true
37,124,-0.7000000000000002,3.05,-0.7051095712597748,false,true
38,124,-0.6500000000000001,3.05,-0.7158026661959423,false,true
39,124,-0.6000000000000001,3.05,-0.7172098505909821,true,false
40,124,-0.5500000000000003,3.05,-0.7224525559361359,true,false
41,124,-0.5,3.05,-0.7212388265545746,true,false
42,124,-0.4500000000000002,3.05,-0.7219921696598908,true,false
43,124,-0.40000000000000036,3.05,-0.7210708308632752,true,false
44,124,-0.3500000000000001,3.05,-0.7314258563931366,true,false
45,124,-0.30000000000000027,3.05,-0.7449106324131867,true,false
46,124,-0.25,3.05,-0.7463811386044403,true,false
47,124,-0.20000000000000018,3.05,-0.7478680360730072,true,false
48,124,-0.1499999999999999,3.05,-0.7540831911976715,true,false
49,124,-0.10000000000000009,3.05,-0.7587633479054352,true,false
50,124,-0.050000000000000266,3.05,-0.7588990676815888,true,false
51,124,0.0,3.05,-0.7487765598709961,true,false
52,124,0.04999999999999982,3.05,-0.7593118894513031,true,false
53,124,0.10000000000000009,3.05,-0.7603336024697205,true,false
54,124,0.1499999999999999,3.05,-0.7614258277829071,true,false
55,124,0.19999999999999973,3.05,-0.7614258277829071,true,false
56,124,0.25,3.05,-0.7616277981217285,true,false
57,124,0.2999999999999998,3.05,-0.7614258277829071,true,false
58,124,0.3500000000000001,3.05,-0.7573714602406403,true,false
59,124,0.3999999999999999,3.05,-0.751661961119928,true,false
60,124,0.44999999999999973,3.05,-0.7478416908200165,true,false
61,124,0.5,3.05,-0.7466364551003357,true,false
62,124,0.5499999999999998,3.05,-0.7357670414860626,true,false
0,125,-2.5500000000000003,3.0999999999999996,-0.7051095712597747,false,true
1,125,-2.5000000000000004,3.0999999999999996,-0.7051095712597747,false,true
2,125,-2.45,3.0999999999999996,-0.7051095712597747,false,true
3,125,-2.4000000000000004,3.0999999999999996,-0.7051095712597747,false,true
4,125,-2.35,3.0999999999999996,-0.7051095712597747,false,true
5,125,-2.3000000000000003,3.0999999999999996,-0.7051095712597747,false,true
6,125,-2.25,3.0999999999999996,-0.7051095712597747,false,true
7,125,-2.2,3.0999999999999996,-0.7051095712597747,false,true
8,125,-2.1500000000000004,3.0999999999999996,-0.7051095712597747,false,true
9,125,-2.1,3.0999999999999996,-0.7051095712597747,false,true
10,125,-2.0500000000000003,3.0999999999999996,-0.7051095712597747,false,true
11,125,-2.0,3.0999999999999996,-0.7051095712597747,false,true
12,125,-1.9500000000000002,3.0999999999999996,-0.7051095712597747,false,true
13,125,-1.9000000000000004,3.0999999999999996,-0.7051095712597747,false,true
14,125,-1.85,3.0999999999999996,-0.7051095712597747,false,true
15,125,-1.8000000000000003,3.0999999999999996,-0.7051095712597747,false,true
16,125,-1.7500000000000002,3.0999999999999996,-0.7051095712597747,false,true
17,125,-1.7000000000000002,3.0999999999999996,-0.7051095712597747,false,true
18,125,-1.6500000000000004,3.0999999999999996,-0.7051095712597747,false,true
19,125,-1.6,3.0999999999999996,-0.7051095712597747,false,true
20,125,-1.5500000000000003,3.0999999999999996,-0.7051095712597747,false,true
21,125,-1.5000000000000002,3.0999999999999996,-0.7051095712597747,false,true
22,125,-1.4500000000000002,3.0999999999999996,-0.7051095712597747,false,true
23,125,-1.4000000000000001,3.0999999999999996,-0.7051095712597747,false,true
24,125,-1.35,3.0999999999999996,-0.7051095712597747,false,true
25,125,-1.3000000000000003,3.0999999999999996,-0.7051095712597747,false,true
26,125,-1.2500000000000002,3.0999999999999996,-0.7051095712597747,false,true
27,125,-1.2000000000000002,3.0999999999999996,-0.7051095712597747,false,true
28,125,-1.1500000000000001,3.0999999999999996,-0.7051095712597747,false,true
29,125,-1.1,3.0999999999999996,-0.7051095712597747,false,true
30,125,-1.0500000000000003,3.0999999999999996,-0.7051095712597747,false,true
31,125,-1.0000000000000002,3.0999999999999996,-0.7051095712597747,false,true
32,125,-0.9500000000000002,3.0999999999999996,-0.7051095712597747,false,true
33,125,-0.9000000000000001,3.0999999999999996,-0.7051095712597747,false,true
34,125,-0.8500000000000001,3.0999999999999996,-0.7051095712597747,false,true
35,125,-0.8000000000000003,3.0999999999999996,-0.7051095712597748,false,true
36,125,-0.7500000000000002,3.0999999999999996,-0.7051095712597748,false,true
37,125,-0.7000000000000002,3.0999999999999996,-0.7113838858341627,false,true
38,125,-0.6500000000000001,3.0999999999999996,-0.7139220262668081,false,true
39,125,-0.6000000000000001,3.0999999999999996,-0.7133117366249939,true,false
40,125,-0.5500000000000003,3.0999999999999996,-0.7112250078137299,true,false
41,125,-0.5,3.0999999999999996,-0.7186148214753052,true,false
42,125,-0.4500000000000002,3.0999999999999996,-0.7193082917149445,true,false
43,125,-0.40000000000000036,3.0999999999999996,-0.7193709361966034,true,false
44,125,-0.3500000000000001,3.0999999999999996,-0.7314258563931366,true,false
45,125,-0.30000000000000027,3.0999999999999996,-0.7404773581440827,true,false
46,125,-0.25,3.0999999999999996,-0.7448363054211518,true,false
47,125,-0.20000000000000018,3.0999999999999996,-0.7470322001393219,true,false
48,125,-0.1499999999999999,3.0999999999999996,-0.752159928124704,true,false
49,125,-0.10000000000000009,3.0999999999999996,-0.7564381111081024,true,false
50,125,-0.050000000000000266,3.0999999999999996,-0.7583214092667481,true,false
51,125,0.0,3.0999999999999996,-0.7586088526661774,true,false
52,125,0.04999999999999982,3.0999999999999996,-0.7587094653065583,true,false
53,125,0.10000000000000009,3.0999999999999996,-0.7590629804547211,true,false
54,125,0.1499999999999999,3.0999999999999996,-0.7600892234261414,true,false
55,125,0.19999999999999973,3.0999999999999996,-0.7604911077435395,true,false
56,125,0.25,3.0999999999999996,-0.7602900314743897,true,false
57,125,0.2999999999999998,3.0999999999999996,-0.7593641627247711,true,false
58,125,0.3500000000000001,3.0999999999999996,-0.7565919506962677,true,false
59,125,0.3999999999999999,3.0999999999999996,-0.7474082756455322,true,false
60,125,0.44999999999999973,3.0999999999999996,-0.7457580316479584,true,false
61,125,0.5,3.0999999999999996,-0.7614258277829071,true,false
62,125,0.5499999999999998,3.0999999999999996,-0.7500107593369459,false,true
0,126,-2.5500000000000003,3.1500000000000004,-0.7051095712597747,false,true
1,126,-2.5000000000000004,3.1500000000000004,-0.7051095712597747,false,true
2,126,-2.45,3.1500000000000004,-0.7051095712597747,false,true
3,126,-2.4000000000000004,3.1500000000000004,-0.7051095712597747,false,true
4,126,-2.35,3.1500000000000004,-0.7051095712597747,false,true
5,126,-2.3000000000000003,3.1500000000000004,-0.7051095712597747,false,true
6,126,-2.25,3.1500000000000004,-0.7051095712597747,false,true
7,126,-2.2,3.1500000000000004,-0.7051095712597747,false,true
8,126,-2.1500000000000004,3.1500000000000004,-0.7051095712597747,false,true
9,126,-2.1,3.1500000000000004,-0.7051095712597747,false,true
10,126,-2.0500000000000003,3.1500000000000004,-0.7051095712597747,false,true
11,126,-2.0,3.1500000000000004,-0.7051095712597747,false,true
12,126,-1.9500000000000002,3.1500000000000004,-0.7051095712597747,false,true
13,126,-1.9000000000000004,3.1500000000000004,-0.7051095712597747,false,true
14,126,-1.85,3.1500000000000004,-0.7051095712597747,false,true
15,126,-1.8000000000000003,3.1500000000000004,-0.7051095712597747,false,true
16,126,-1.7500000000000002,3.1500000000000004,-0.7051095712597747,false,true
17,126,-1.7000000000000002,3.1500000000000004,-0.7051095712597747,false,true
18,126,-1.6500000000000004,3.1500000000000004,-0.7051095712597747,false,true
19,126,-1.6,3.1500000000000004,-0.7051095712597747,false,true
20,126,-1.5500000000000003,3.1500000000000004,-0.7051095712597747,false,true
21,126,-1.5000000000000002,3.1500000000000004,-0.7051095712597747,false,true
22,126,-1.4500000000000002,3.1500000000000004,-0.7051095712597747,false,true
23,126,-1.4000000000000001,3.1500000000000004,-0.7051095712597747,false,true
24,126,-1.35,3.1500000000000004,-0.7051095712597747,false,true
25,126,-1.3000000000000003,3.1500000000000004,-0.7051095712597747,false,true
26,126,-1.2500000000000002,3.1500000000000004,-0.7051095712597747,false,true
27,126,-1.2000000000000002,3.1500000000000004,-0.7051095712597747,false,true
28,126,-1.1500000000000001,3.1500000000000004,-0.7051095712597747,false,true
29,126,-1.1,3.1500000000000004,-0.7051095712597747,false,true
30,126,-1.0500000000000003,3.1500000000000004,-0.7051095712597747,false,true
31,126,-1.0000000000000002,3.1500000000000004,-0.7051095712597747,false,true
32,126,-0.9500000000000002,3.1500000000000004,-0.7051095712597747,false,true
33,126,-0.9000000000000001,3.1500000000000004,-0.7051095712597747,false,true
34,126,-0.8500000000000001,3.1500000000000004,-0.7051095712597748,false,true
35,126,-0.8000000000000003,3.1500000000000004,-0.7051095712597748,false,true
36,126,-0.7500000000000002,3.1500000000000004,-0.7099665454413772,false,true
37,126,-0.7000000000000002,3.1500000000000004,-0.7125187842596616,false,true
38,126,-0.6500000000000001,3.1500000000000004,-0.7122488536150225,false,true
39,126,-0.6000000000000001,3.1500000000000004,-0.7114972818310639,true,false
40,126,-0.5500000000000003,3.1500000000000004,-0.7014258253987213,true,false
41,126,-0.5,3.1500000000000004,-0.6414258230145355,true,false
42,126,-0.4500000000000002,3.1500000000000004,-0.6714258540089508,true,false
43,126,-0.40000000000000036,3.1500000000000004,-0.7014258253987213,true,false
44,126,-0.3500000000000001,3.1500000000000004,-0.731872503798761,true,false
45,126,-0.30000000000000027,3.1500000000000004,-0.7417778420861145,true,false
46,126,-0.25,3.1500000000000004,-0.7438727069313904,true,false
47,126,-0.20000000000000018,3.1500000000000004,-0.7465260374958893,true,false
48,126,-0.1499999999999999,3.1500000000000004,-0.7509382117207428,true,false
49,126,-0.10000000000000009,3.1500000000000004,-0.7547912943776032,true,false
50,126,-0.050000000000000266,3.1500000000000004,-0.7568733740265747,true,false
51,126,0.0,3.1500000000000004,-0.7575957525189301,true,false
52,126,0.04999999999999982,3.1500000000000004,-0.7583542812283417,true,false
53,126,0.10000000000000009,3.1500000000000004,-0.758615051549234,true,false
54,126,0.1499999999999999,3.1500000000000004,-0.7589028823788544,true,false
55,126,0.19999999999999973,3.1500000000000004,-0.7591128993447205,true,false
56,126,0.25,3.1500000000000004,-0.7590574968274018,true,false
57,126,0.2999999999999998,3.1500000000000004,-0.7569871890957733,true,false
58,126,0.3500000000000001,3.1500000000000004,-0.7507726896222016,true,false
59,126,0.3999999999999999,3.1500000000000004,-0.7462833273823639,true,false
60,126,0.44999999999999973,3.1500000000000004,-0.7461467433388611,true,false
61,126,0.5,3.1500000000000004,-0.7573853779251953,true,false
62,126,0.5499999999999998,3.1500000000000004,-0.7590589870543479,false,true
0,127,-2.5500000000000003,3.2,-0.7051095712597747,false,true
1,127,-2.5000000000000004,3.2,-0.7051095712597747,false,true
2,127,-2.45,3.2,-0.7051095712597747,false,true
3,127,-2.4000000000000004,3.2,-0.7051095712597747,false,true
4,127,-2.35,3.2,-0.7051095712597747,false,true
5,127,-2.3000000000000003,3.2,-0.7051095712597747,false,true
6,127,-2.25,3.2,-0.7051095712597747,false,true
7,127,-2.2,3.2,-0.7051095712597747,false,true
8,127,-2.1500000000000004,3.2,-0.7051095712597747,false,true
9,127,-2.1,3.2,-0.7051095712597747,false,true
10,127,-2.0500000000000003,3.2,-0.7051095712597747,false,true
11,127,-2.0,3.2,-0.7051095712597747,false,true
12,127,-1.9500000000000002,3.2,-0.7051095712597747,false,true
13,127,-1.9000000000000004,3.2,-0.7051095712597747,false,true
14,127,-1.85,3.2,-0.7051095712597747,false,true
15,127,-1.8000000000000003,3.2,-0.7051095712597747,false,true
16,127,-1.7500000000000002,3.2,-0.7051095712597747,false,true
17,127,-1.7000000000000002,3.2,-0.7051095712597747,false,true
18,127,-1.6500000000000004,3.2,-0.7051095712597747,false,true
19,127,-1.6,3.2,-0.7051095712597747,false,true
20,127,-1.5500000000000003,3.2,-0.7051095712597747,false,true
21,127,-1.5000000000000002,3.2,-0.7051095712597747,false,true
22,127,-1.4500000000000002,3.2,-0.7051095712597747,false,true
23,127,-1.4000000000000001,3.2,-0.7051095712597747,false,true
24,127,-1.35,3.2,-0.7051095712597747,false,true
25,127,-1.3000000000000003,3.2,-0.7051095712597747,false,true
26,127,-1.2500000000000002,3.2,-0.7051095712597747,false,true
27,127,-1.2000000000000002,3.2,-0.7051095712597747,false,true
28,127,-1.1500000000000001,3.2,-0.7051095712597747,false,true
29,127,-1.1,3.2,-0.7051095712597747,false,true
30,127,-1.0500000000000003,3.2,-0.7051095712597747,false,true
31,127,-1.0000000000000002,3.2,-0.7051095712597747,false,true
32,127,-0.9500000000000002,3.2,-0.7051095712597747,false,true
33,127,-0.9000000000000001,3.2,-0.7051095712597748,false,true
34,127,-0.8500000000000001,3.2,-0.7051095712597748,false,true
35,127,-0.8000000000000003,3.2,-0.7094614445548206,false,true
36,127,-0.7500000000000002,3.2,-0.7119254222973351,false,true
37,127,-0.7000000000000002,3.2,-0.7118085930570766,false,true
38,127,-0.6500000000000001,3.2,-0.7114972818310639,false,true
39,127,-0.6000000000000001,3.2,-0.7073255479839379,false,true
40,127,-0.5500000000000003,3.2,-0.6868020928642107,false,true
41,127,-0.5,3.2,-0.6625026100450223,false,true
42,127,-0.4500000000000002,3.2,-0.6414258230145355,true,false
43,127,-0.40000000000000036,3.2,-0.6670312035496613,true,false
44,127,-0.3500000000000001,3.2,-0.7014258253987213,true,false
45,127,-0.30000000000000027,3.2,-0.7314258563931366,true,false
46,127,-0.25,3.2,-0.7438929427082916,true,false
47,127,-0.20000000000000018,3.2,-0.7462289679463288,true,false
48,127,-0.1499999999999999,3.2,-0.7512784350331208,true,false
49,127,-0.10000000000000009,3.2,-0.7539027083332916,true,false
50,127,-0.050000000000000266,3.2,-0.754615937512674,true,false
51,127,0.0,3.2,-0.756114219468393,true,false
52,127,0.04999999999999982,3.2,-0.7573624003346344,true,false
53,127,0.10000000000000009,3.2,-0.757636104863443,true,false
54,127,0.1499999999999999,3.2,-0.7584091175015351,true,false
55,127,0.19999999999999973,3.2,-0.7580228197987458,true,false
56,127,0.25,3.2,-0.7573702979500672,true,false
57,127,0.2999999999999998,3.2,-0.755797361176767,true,false
58,127,0.3500000000000001,3.2,-0.7498982298787018,true,false
59,127,0.3999999999999999,3.2,-0.7456012118275543,true,false
60,127,0.44999999999999973,3.2,-0.7445187020714661,true,false
61,127,0.5,3.2,-0.750964576707983,false,true
62,127,0.5499999999999998,3.2,-0.7594056028540512,false,true
0,128,-2.5500000000000003,3.25,-0.7051095712597747,false,true
1,128,-2.5000000000000004,3.25,-0.7051095712597747,false,true
2,128,-2.45,3.25,-0.7051095712597747,false,true
3,128,-2.4000000000000004,3.25,-0.7051095712597747,false,true
4,128,-2.35,3.25,-0.7051095712597747,false,true
5,128,-2.3000000000000003,3.25,-0.7051095712597747,false,true
6,128,-2.25,3.25,-0.7051095712597747,false,true
7,128,-2.2,3.25,-0.7051095712597747,false,true
8,128,-2.1500000000000004,3.25,-0.7051095712597747,false,true
9,128,-2.1,3.25,-0.7051095712597747,false,true
10,128,-2.0500000000000003,3.25,-0.7051095712597747,false,true
11,128,-2.0,3.25,-0.7051095712597747,false,true
12,128,-1.9500000000000002,3.25,-0.7051095712597747,false,true
13,128,-1.9000000000000004,3.25,-0.7051095712597747,false,true
14,128,-1.85,3.25,-0.7051095712597747,false,true
15,128,-1.8000000000000003,3.25,-0.7051095712597747,false,true
16,128,-1.7500000000000002,3.25,-0.7051095712597747,false,true
17,128,-1.7000000000000002,3.25,-0.7051095712597747,false,true
18,128,-1.6500000000000004,3.25,-0.7051095712597747,false,true
19,128,-1.6,3.25,-0.7051095712597747,false,true
20,128,-1.5500000000000003,3.25,-0.7051095712597747,false,true
21,128,-1.5000000000000002,3.25,-0.7051095712597747,false,true
22,128,-1.4500000000000002,3.25,-0.7051095712597747,false,true
23,128,-1.4000000000000001,3.25,-0.7051095712597747,false,true
24,128,-1.35,3.25,-0.7051095712597747,false,true
25,128,-1.3000000000000003,3.25,-0.7051095712597747,false,true
26,128,-1.2500000000000002,3.25,-0.7051095712597747,false,true
27,128,-1.2000000000000002,3.25,-0.7051095712597747,false,true
28,128,-1.1500000000000001,3.25,-0.7051095712597747,false,true
29,128,-1.1,3.25,-0.7051095712597747,false,true
30,128,-1.0500000000000003,3.25,-0.7051095712597747,false,true
31,128,-1.0000000000000002,3.25,-0.7051095712597747,false,true
32,128,-0.9500000000000002,3.25,-0.7051095712597748,false,true
33,128,-0.9000000000000001,3.25,-0.7051095712597748,false,true
34,128,-0.8500000000000001,3.25,-0.7092681639421662,false,true
35,128,-0.8000000000000003,3.25,-0.7116760938324801,false,true
36,128,-0.7500000000000002,3.25,-0.7116262311629973,false,true
37,128,-0.7000000000000002,3.25,-0.7114972818310639,false,true
38,128,-0.6500000000000001,3.25,-0.7097692930929734,false,true
39,128,-0.6000000000000001,3.25,-0.7025362397072654,false,true
40,128,-0.5500000000000003,3.25,-0.6816020104298683,false,true
41,128,-0.5,3.25,-0.6689984888399507,false,true
42,128,-0.4500000000000002,3.25,-0.674270306866922,true,false
43,128,-0.40000000000000036,3.25,-0.6714258540089508,true,false
44,128,-0.3500000000000001,3.25,-0.6939623105938812,true,false
45,128,-0.30000000000000027,3.25,-0.7314258563931366,true,false
46,128,-0.25,3.25,-0.7426492321904083,true,false
47,128,-0.20000000000000018,3.25,-0.7449672866280457,true,false
48,128,-0.1499999999999999,3.25,-0.7513158965523621,true,false
49,128,-0.10000000000000009,3.25,-0.7541122186596771,true,false
50,128,-0.050000000000000266,3.25,-0.7566501248295685,true,false
51,128,0.0,3.25,-0.7577733743603607,true,false
52,128,0.04999999999999982,3.25,-0.7584179091866394,true,false
53,128,0.10000000000000009,3.25,-0.759063278477945,true,false
54,128,0.1499999999999999,3.25,-0.7586422312672516,true,false
55,128,0.19999999999999973,3.25,-0.7578357208187958,true,false
56,128,0.25,3.25,-0.755734478276529,true,false
57,128,0.2999999999999998,3.25,-0.7544957745488068,true,false
58,128,0.3500000000000001,3.25,-0.7503427315171143,true,false
59,128,0.3999999999999999,3.25,-0.7446101057942291,true,false
60,128,0.44999999999999973,3.25,-0.7410234260971924,true,false
61,128,0.5,3.25,-0.7614258277829071,true,false
62,128,0.5499999999999998,3.25,-0.7518731396877311,false,true
0,129,-2.5500000000000003,3.3,-0.7051095712597747,false,true
1,129,-2.5000000000000004,3.3,-0.7051095712597747,false,true
2,129,-2.45,3.3,-0.7051095712597747,false,true
3,129,-2.4000000000000004,3.3,-0.7051095712597747,false,true
4,129,-2.35,3.3,-0.7051095712597747,false,true
5,129,-2.3000000000000003,3.3,-0.7051095712597747,false,true
6,129,-2.25,3.3,-0.7051095712597747,false,true
7,129,-2.2,3.3,-0.7051095712597747,false,true
8,129,-2.1500000000000004,3.3,-0.7051095712597747,false,true
9,129,-2.1,3.3,-0.7051095712597747,false,true
10,129,-2.0500000000000003,3.3,-0.7051095712597747,false,true
11,129,-2.0,3.3,-0.7051095712597747,false,true
12,129,-1.9500000000000002,3.3,-0.7051095712597747,false,true
13,129,-1.9000000000000004,3.3,-0.7051095712597747,false,true
14,129,-1.85,3.3,-0.7051095712597747,false,true
15,129,-1.8000000000000003,3.3,-0.7051095712597747,false,true
16,129,-1.7500000000000002,3.3,-0.7051095712597747,false,true
17,129,-1.7000000000000002,3.3,-0.7051095712597747,false,true
18,129,-1.6500000000000004,3.3,-0.7051095712597747,false,true
19,129,-1.6,3.3,-0.7051095712597747,false,true
20,129,-1.5500000000000003,3.3,-0.7051095712597747,false,true
21,129,-1.5000000000000002,3.3,-0.7051095712597747,false,true
22,129,-1.4500000000000002,3.3,-0.7051095712597747,false,true
23,129,-1.4000000000000001,3.3,-0.7051095712597747,false,true
24,129,-1.35,3.3,-0.7051095712597747,false,true
25,129,-1.3000000000000003,3.3,-0.7051095712597747,false,true
26,129,-1.2500000000000002,3.3,-0.7051095712597747,false,true
27,129,-1.2000000000000002,3.3,-0.7051095712597747,false,true
28,129,-1.1500000000000001,3.3,-0.7051095712597747,false,true
29,129,-1.1,3.3,-0.7051095712597747,false,true
30,129,-1.0500000000000003,3.3,-0.7051095712597747,false,true
31,129,-1.0000000000000002,3.3,-0.7051095712597748,false,true
32,129,-0.9500000000000002,3.3,-0.7051095712597748,false,true
33,129,-0.9000000000000001,3.3,-0.7091911010385626,false,true
34,129,-0.8500000000000001,3.3,-0.711571778861363,false,true
35,129,-0.8000000000000003,3.3,-0.7115506943932096,false,true
36,129,-0.7500000000000002,3.3,-0.7114972818310639,false,true
37,129,-0.7000000000000002,3.3,-0.7107815254601187,false,true
38,129,-0.6500000000000001,3.3,-0.7081568969885566,false,true
39,129,-0.6000000000000001,3.3,-0.6933788618297615,false,true
40,129,-0.5500000000000003,3.3,-0.6825120035475797,false,true
41,129,-0.5,3.3,-0.6854479173226631,false,true
42,129,-0.4500000000000002,3.3,-0.6891156781132599,true,false
43,129,-0.40000000000000036,3.3,-0.7014258253987213,true,false
44,129,-0.3500000000000001,3.3,-0.7221037495549103,true,false
45,129,-0.30000000000000027,3.3,-0.7353381264622589,true,false
46,129,-0.25,3.3,-0.7424012470658203,true,false
47,129,-0.20000000000000018,3.3,-0.7454233217652222,true,false
48,129,-0.1499999999999999,3.3,-0.7514262247498413,true,false
49,129,-0.10000000000000009,3.3,-0.7543051290924927,true,false
50,129,-0.050000000000000266,3.3,-0.7562268722470185,true,false
51,129,0.0,3.3,-0.7567268360073944,true,false
52,129,0.04999999999999982,3.3,-0.7573413002903839,true,false
53,129,0.10000000000000009,3.3,-0.7585363436158081,true,false
54,129,0.1499999999999999,3.3,-0.7584152567799469,true,false
55,129,0.19999999999999973,3.3,-0.7569171536381623,true,false
56,129,0.25,3.3,-0.7557370710785767,true,false
57,129,0.2999999999999998,3.3,-0.7533730614598175,true,false
58,129,0.3500000000000001,3.3,-0.7481407869274994,true,false
59,129,0.3999999999999999,3.3,-0.7443877208645722,true,false
60,129,0.44999999999999973,3.3,-0.7412198532040497,true,false
61,129,0.5,3.3,-0.738363598626413,true,false
62,129,0.5499999999999998,3.3,-0.7430863515030696,false,true
0,130,-2.5500000000000003,3.3499999999999996,-0.7051095712597747,false,true
1,130,-2.5000000000000004,3.3499999999999996,-0.7051095712597747,false,true
2,130,-2.45,3.3499999999999996,-0.7051095712597747,false,true
3,130,-2.4000000000000004,3.3499999999999996,-0.7051095712597747,false,true
4,130,-2.35,3.3499999999999996,-0.7051095712597747,false,true
5,130,-2.3000000000000003,3.3499999999999996,-0.7051095712597747,false,true
6,130,-2.25,3.3499999999999996,-0.7051095712597747,false,true
7,130,-2.2,3.3499999999999996,-0.7051095712597747,false,true
8,130,-2.1500000000000004,3.3499999999999996,-0.7051095712597747,false,true
9,130,-2.1,3.3499999999999996,-0.7051095712597747,false,true
10,130,-2.0500000000000003,3.3499999999999996,-0.7051095712597747,false,true
11,130,-2.0,3.3499999999999996,-0.7051095712597747,false,true
12,130,-1.9500000000000002,3.3499999999999996,-0.7051095712597747,false,true
13,130,-1.9000000000000004,3.3499999999999996,-0.7051095712597747,false,true
14,130,-1.85,3.3499999999999996,-0.7051095712597747,false,true
15,130,-1.8000000000000003,3.3499999999999996,-0.7051095712597747,false,true
16,130,-1.7500000000000002,3.3499999999999996,-0.7051095712597747,false,true
17,130,-1.7000000000000002,3.3499999999999996,-0.7051095712597747,false,true
18,130,-1.6500000000000004,3.3499999999999996,-0.7051095712597747,false,true
19,130,-1.6,3.3499999999999996,-0.7051095712597747,false,true
20,130,-1.5500000000000003,3.3499999999999996,-0.7051095712597747,false,true
21,130,-1.5000000000000002,3.3499999999999996,-0.7051095712597747,false,true
22,130,-1.4500000000000002,3.3499999999999996,-0.7051095712597747,false,true
23,130,-1.4000000000000001,3.3499999999999996,-0.7051095712597747,false,true
24,130,-1.35,3.3499999999999996,-0.7051095712597747,false,true
25,130,-1.3000000000000003,3.3499999999999996,-0.7051095712597747,false,true
26,130,-1.2500000000000002,3.3499999999999996,-0.7051095712597747,false,true
27,130,-1.2000000000000002,3.3499999999999996,-0.7051095712597747,false,true
28,130,-1.1500000000000001,3.3499999999999996,-0.7051095712597747,false,true
29,130,-1.1,3.3499999999999996,-0.7051095712597747,false,true
30,130,-1.0500000000000003,3.3499999999999996,-0.7051095712597748,false,true
31,130,-1.0000000000000002,3.3499999999999996,-0.7051095712597748,false,true
32,130,-0.9500000000000002,3.3499999999999996,-0.7091597119484953,false,true
33,130,-0.9000000000000001,3.3499999999999996,-0.7115282656529223,false,true
34,130,-0.8500000000000001,3.3499999999999996,-0.7115194060387057,false,true
35,130,-0.8000000000000003,3.3499999999999996,-0.7114972818310639,false,true
36,130,-0.7500000000000002,3.3499999999999996,-0.7112008058348633,false,true
37,130,-0.7000000000000002,3.3499999999999996,-0.7102224297662658,false,true
38,130,-0.6500000000000001,3.3499999999999996,-0.699434086930911,false,true
39,130,-0.6000000000000001,3.3499999999999996,-0.6899388671651201,false,true
40,130,-0.5500000000000003,3.3499999999999996,-0.6911828523393488,false,true
41,130,-0.5,3.3499999999999996,-0.6918735091765279,false,true
42,130,-0.4500000000000002,3.3499999999999996,-0.6914385307248017,true,false
43,130,-0.40000000000000036,3.3499999999999996,-0.7014258253987213,true,false
44,130,-0.3500000000000001,3.3499999999999996,-0.7319228995259186,true,false
45,130,-0.30000000000000027,3.3499999999999996,-0.7450486767704865,true,false
46,130,-0.25,3.3499999999999996,-0.7437210429127594,true,false
47,130,-0.20000000000000018,3.3499999999999996,-0.7437538850720307,true,false
48,130,-0.1499999999999999,3.3499999999999996,-0.7475924241955658,true,false
49,130,-0.10000000000000009,3.3499999999999996,-0.7543721247132202,true,false
50,130,-0.050000000000000266,3.3499999999999996,-0.7556522238667389,true,false
51,130,0.0,3.3499999999999996,-0.7560610521252533,true,false
52,130,0.04999999999999982,3.3499999999999996,-0.7566765594895264,true,false
53,130,0.10000000000000009,3.3499999999999996,-0.7573305714543244,true,false
54,130,0.1499999999999999,3.3499999999999996,-0.7569578040058991,true,false
55,130,0.19999999999999973,3.3499999999999996,-0.7546911585743805,true,false
56,130,0.25,3.3499999999999996,-0.7526778328831574,true,false
57,130,0.2999999999999998,3.3499999999999996,-0.7504359829838654,true,false
58,130,0.3500000000000001,3.3499999999999996,-0.7473340380604645,true,false
59,130,0.3999999999999999,3.3499999999999996,-0.7426758158619782,true,false
60,130,0.44999999999999973,3.3499999999999996,-0.738719736378946,true,false
61,130,0.5,3.3499999999999996,-0.7314258563931366,true,false
62,130,0.5499999999999998,3.3499999999999996,-0.7251673523016915,false,true
0,131,-2.5500000000000003,3.4000000000000004,-0.7051095712597747,false,true
1,131,-2.5000000000000004,3.4000000000000004,-0.7051095712597747,false,true
2,131,-2.45,3.4000000000000004,-0.7051095712597747,false,true
3,131,-2.4000000000000004,3.4000000000000004,-0.7051095712597747,false,true
4,131,-2.35,3.4000000000000004,-0.7051095712597747,false,true
5,131,-2.3000000000000003,3.4000000000000004,-0.7051095712597747,false,true
6,131,-2.25,3.4000000000000004,-0.7051095712597747,false,true
7,131,-2.2,3.4000000000000004,-0.7051095712597747,false,true
8,131,-2.1500000000000004,3.4000000000000004,-0.7051095712597747,false,true
9,131,-2.1,3.4000000000000004,-0.7051095712597747,false,true
10,131,-2.0500000000000003,3.4000000000000004,-0.7051095712597747,false,true
11,131,-2.0,3.4000000000000004,-0.7051095712597747,false,true
12,131,-1.9500000000000002,3.4000000000000004,-0.7051095712597747,false,true
13,131,-1.9000000000000004,3.4000000000000004,-0.7051095712597747,false,true
14,131,-1.85,3.4000000000000004,-0.7051095712597747,false,true
15,131,-1.8000000000000003,3.4000000000000004,-0.7051095712597747,false,true
16,131,-1.7500000000000002,3.4000000000000004,-0.7051095712597747,false,true
17,131,-1.7000000000000002,3.4000000000000004,-0.7051095712597747,false,true
18,131,-1.6500000000000004,3.4000000000000004,-0.7051095712597747,false,true
19,131,-1.6,3.4000000000000004,-0.7051095712597747,false,true
20,131,-1.5500000000000003,3.4000000000000004,-0.7051095712597747,false,true
21,131,-1.5000000000000002,3.4000000000000004,-0.7051095712597747,false,true
22,131,-1.4500000000000002,3.4000000000000004,-0.7051095712597747,false,true
23,131,-1.4000000000000001,3.4000000000000004,-0.7051095712597747,false,true
24,131,-1.35,3.4000000000000004,-0.7051095712597747,false,true
25,131,-1.3000000000000003,3.4000000000000004,-0.7051095712597747,false,true
26,131,-1.2500000000000002,3.4000000000000004,-0.7051095712597747,false,true
27,131,-1.2000000000000002,3.4000000000000004,-0.7051095712597747,false,true
28,131,-1.1500000000000001,3.4000000000000004,-0.7051095712597747,false,true
29,131,-1.1,3.4000000000000004,-0.7051095712597748,false,true
30,131,-1.0500000000000003,3.4000000000000004,-0.7051095712597748,false,true
31,131,-1.0000000000000002,3.4000000000000004,-0.709146794095473,false,true
32,131,-0.9500000000000002,3.4000000000000004,-0.7115101526962969,false,true
33,131,-0.9000000000000001,3.4000000000000004,-0.7115064459779259,false,true
34,131,-0.8500000000000001,3.4000000000000004,-0.7114972818310639,false,true
35,131,-0.8000000000000003,3.4000000000000004,-0.7113744774525195,false,true
36,131,-0.7500000000000002,3.4000000000000004,-0.7110010819277498,false,true
37,131,-0.7000000000000002,3.4000000000000004,-0.7026411328203854,false,true
38,131,-0.6500000000000001,3.4000000000000004,-0.6945830356510094,false,true
39,131,-0.6000000000000001,3.4000000000000004,-0.6952342257878209,false,true
40,131,-0.5500000000000003,3.4000000000000004,-0.6956064700778749,false,true
41,131,-0.5,3.4000000000000004,-0.69594105108995,false,true
42,131,-0.4500000000000002,3.4000000000000004,-0.695246492665567,true,false
43,131,-0.40000000000000036,3.4000000000000004,-0.7030874836857697,true,false
44,131,-0.3500000000000001,3.4000000000000004,-0.7314258563931366,true,false
45,131,-0.30000000000000027,3.4000000000000004,-0.7428165126259705,true,false
46,131,-0.25,3.4000000000000004,-0.7424093830998322,true,false
47,131,-0.20000000000000018,3.4000000000000004,-0.7450401533062836,true,false
48,131,-0.1499999999999999,3.4000000000000004,-0.7501755404885193,true,false
49,131,-0.10000000000000009,3.4000000000000004,-0.7537042844708344,true,false
50,131,-0.050000000000000266,3.4000000000000004,-0.7550711381848236,true,false
51,131,0.0,3.4000000000000004,-0.7557057488377472,true,false
52,131,0.04999999999999982,3.4000000000000004,-0.7557395446713349,true,false
53,131,0.10000000000000009,3.4000000000000004,-0.7541911948140045,true,false
54,131,0.1499999999999999,3.4000000000000004,-0.7541337955410858,true,false
55,131,0.19999999999999973,3.4000000000000004,-0.7521052110608002,true,false
56,131,0.25,3.4000000000000004,-0.750152920525827,true,false
57,131,0.2999999999999998,3.4000000000000004,-0.7479137826378723,true,false
58,131,0.3500000000000001,3.4000000000000004,-0.7455059040005585,true,false
59,131,0.3999999999999999,3.4000000000000004,-0.7409618843014618,true,false
60,131,0.44999999999999973,3.4000000000000004,-0.733091746609964,true,false
61,131,0.5,3.4000000000000004,-0.7296548235829254,true,false
62,131,0.5499999999999998,3.4000000000000004,-0.7064045715744873,true,false
0,132,-2.5500000000000003,3.45,-0.7051095712597747,false,true
1,132,-2.5000000000000004,3.45,-0.7051095712597747,false,true
2,132,-2.45,3.45,-0.7051095712597747,false,true
3,132,-2.4000000000000004,3.45,-0.7051095712597747,false,true
4,132,-2.35,3.45,-0.7051095712597747,false,true
5,132,-2.3000000000000003,3.45,-0.7051095712597747,false,true
6,132,-2.25,3.45,-0.7051095712597747,false,true
7,132,-2.2,3.45,-0.7051095712597747,false,true
8,132,-2.1500000000000004,3.45,-0.7051095712597747,false,true
9,132,-2.1,3.45,-0.7051095712597747,false,true
10,132,-2.0500000000000003,3.45,-0.7051095712597747,false,true
11,132,-2.0,3.45,-0.7051095712597747,false,true
12,132,-1.9500000000000002,3.45,-0.7051095712597747,false,true
13,132,-1.9000000000000004,3.45,-0.7051095712597747,false,true
14,132,-1.85,3.45,-0.7051095712597747,false,true
15,132,-1.8000000000000003,3.45,-0.7051095712597747,false,true
16,132,-1.7500000000000002,3.45,-0.7051095712597747,false,true
17,132,-1.7000000000000002,3.45,-0.7051095712597747,false,true
18,132,-1.6500000000000004,3.45,-0.7051095712597747,false,true
19,132,-1.6,3.45,-0.7051095712597747,false,true
20,132,-1.5500000000000003,3.45,-0.7051095712597747,false,true
21,132,-1.5000000000000002,3.45,-0.7051095712597747,false,true
22,132,-1.4500000000000002,3.45,-0.7051095712597747,false,true
23,132,-1.4000000000000001,3.45,-0.7051095712597747,false,true
24,132,-1.35,3.45,-0.7051095712597747,false,true
25,132,-1.3000000000000003,3.45,-0.7051095712597747,false,true
26,132,-1.2500000000000002,3.45,-0.7051095712597747,false,true
27,132,-1.2000000000000002,3.45,-0.7051095712597747,false,true
28,132,-1.1500000000000001,3.45,-0.7051095712597748,false,true
29,132,-1.1,3.45,-0.7051095712597748,false,true
30,132,-1.0500000000000003,3.45,-0.7091414530770442,false,true
31,132,-1.0000000000000002,3.45,-0.7115026239392372,false,true
32,132,-0.9500000000000002,3.45,-0.7115010777449816,false,true
33,132,-0.9000000000000001,3.45,-0.7114972818310639,false,true
34,132,-0.8500000000000001,3.45,-0.711446414591952,false,true
35,132,-0.8000000000000003,3.45,-0.7113010810050954,false,true
36,132,-0.7500000000000002,3.45,-0.7044091361163561,false,true
37,132,-0.7000000000000002,3.45,-0.6975338652593024,false,true
38,132,-0.6500000000000001,3.45,-0.697962803037991,false,true
39,132,-0.6000000000000001,3.45,-0.6983062822137366,false,true
40,132,-0.5500000000000003,3.45,-0.6987591663127827,false,true
41,132,-0.5,3.45,-0.6988662619742327,false,true
42,132,-0.4500000000000002,3.45,-0.7014258253987213,true,false
43,132,-0.40000000000000036,3.45,-0.7085994828160187,true,false
44,132,-0.3500000000000001,3.45,-0.7302226174290558,true,false
45,132,-0.30000000000000027,3.45,-0.7391397703106781,true,false
46,132,-0.25,3.45,-0.7411893356259247,true,false
47,132,-0.20000000000000018,3.45,-0.7426672327931305,true,false
48,132,-0.1499999999999999,3.45,-0.7490566122944733,true,false
49,132,-0.10000000000000009,3.45,-0.7536334145481964,true,false
50,132,-0.050000000000000266,3.45,-0.7566240775998017,true,false
51,132,0.0,3.45,-0.7536015260632416,true,false
52,132,0.04999999999999982,3.45,-0.752838228982248,true,false
53,132,0.10000000000000009,3.45,-0.752511684935846,true,false
54,132,0.1499999999999999,3.45,-0.7510394800122162,true,false
55,132,0.19999999999999973,3.45,-0.748796616833963,true,false
56,132,0.25,3.45,-0.7483662116940399,true,false
57,132,0.2999999999999998,3.45,-0.7450205135758301,true,false
58,132,0.3500000000000001,3.45,-0.7407776761467835,true,false
59,132,0.3999999999999999,3.45,-0.7370996821339508,true,false
60,132,0.44999999999999973,3.45,-0.7320400524552246,true,false
61,132,0.5,3.45,-0.715981220048227,true,false
62,132,0.5499999999999998,3.45,-0.7014258253987213,true,false
0,133,-2.5500000000000003,3.5,-0.7051095712597747,false,true
1,133,-2.5000000000000004,3.5,-0.7051095712597747,false,true
2,133,-2.45,3.5,-0.7051095712597747,false,true
3,133,-2.4000000000000004,3.5,-0.7051095712597747,false,true
4,133,-2.35,3.5,-0.7051095712597747,false,true
5,133,-2.3000000000000003,3.5,-0.7051095712597747,false,true
6,133,-2.25,3.5,-0.7051095712597747,false,true
7,133,-2.2,3.5,-0.7051095712597747,false,true
8,133,-2.1500000000000004,3.5,-0.7051095712597747,false,true
9,133,-2.1,3.5,-0.7051095712597747,false,true
10,133,-2.0500000000000003,3.5,-0.7051095712597747,false,true
11,133,-2.0,3.5,-0.7051095712597747,false,true
12,133,-1.9500000000000002,3.5,-0.7051095712597747,false,true
13,133,-1.9000000000000004,3.5,-0.7051095712597747,false,true
14,133,-1.85,3.5,-0.7051095712597747,false,true
15,133,-1.8000000000000003,3.5,-0.7051095712597747,false,true
16,133,-1.7500000000000002,3.5,-0.7051095712597747,false,true
17,133,-1.7000000000000002,3.5,-0.7051095712597747,false,true
18,133,-1.6500000000000004,3.5,-0.7051095712597747,false,true
19,133,-1.6,3.5,-0.7051095712597747,false,true
20,133,-1.5500000000000003,3.5,-0.7051095712597747,false,true
21,133,-1.5000000000000002,3.5,-0.7051095712597747,false,true
22,133,-1.4500000000000002,3.5,-0.7051095712597747,false,true
23,133,-1.4000000000000001,3.5,-0.7051095712597747,false,true
24,133,-1.35,3.5,-0.7051095712597747,false,true
25,133,-1.3000000000000003,3.5,-0.7051095712597747,false,true
26,133,-1.2500000000000002,3.5,-0.7051095712597747,false,true
27,133,-1.2000000000000002,3.5,-0.7051095712597748,false,true
28,133,-1.1500000000000001,3.5,-0.7051095712597748,false,true
29,133,-1.1,3.5,-0.7091392405290807,false,true
30,133,-1.0500000000000003,3.5,-0.7114994977741871,false,true
31,133,-1.0000000000000002,3.5,-0.7114988541500902,false,true
32,133,-0.9500000000000002,3.5,-0.7114972818310639,false,true
33,133,-0.9000000000000001,3.5,-0.7114762119307433,false,true
34,133,-0.8500000000000001,3.5,-0.7114187460392916,false,true
35,133,-0.8000000000000003,3.5,-0.7053876316400662,false,true
36,133,-0.7500000000000002,3.5,-0.6993209777186344,false,true
37,133,-0.7000000000000002,3.5,-0.699612480198295,false,true
38,133,-0.6500000000000001,3.5,-0.6998780852435594,false,true
39,133,-0.6000000000000001,3.5,-0.7002056273794287,false,true
40,133,-0.5500000000000003,3.5,-0.7003656195145441,false,true
41,133,-0.5,3.5,-0.7014258253987213,false,true
42,133,-0.4500000000000002,3.5,-0.7043972515927842,false,true
43,133,-0.40000000000000036,3.5,-0.7185055468843564,false,true
44,133,-0.3500000000000001,3.5,-0.7322035777981659,true,false
45,133,-0.30000000000000027,3.5,-0.7357499349530121,true,false
46,133,-0.25,3.5,-0.7384631383831879,true,false
47,133,-0.20000000000000018,3.5,-0.7423060286457916,true,false
48,133,-0.1499999999999999,3.5,-0.7482092130597016,true,false
49,133,-0.10000000000000009,3.5,-0.7524615872319123,true,false
50,133,-0.050000000000000266,3.5,-0.7531798232014557,true,false
51,133,0.0,3.5,-0.7536899495537659,true,false
52,133,0.04999999999999982,3.5,-0.75061190609292,true,false
53,133,0.10000000000000009,3.5,-0.7491758215840241,true,false
54,133,0.1499999999999999,3.5,-0.7488430190499207,true,false
55,133,0.19999999999999973,3.5,-0.7465683567936798,true,false
56,133,0.25,3.5,-0.744143490832605,true,false
57,133,0.2999999999999998,3.5,-0.7424645770008942,true,false
58,133,0.3500000000000001,3.5,-0.7392554033215424,true,false
59,133,0.3999999999999999,3.5,-0.7362136590893646,true,false
60,133,0.44999999999999973,3.5,-0.7314258563931366,true,false
61,133,0.5,3.5,-0.7239474702294251,true,false
62,133,0.5499999999999998,3.5,-0.7023589361126801,true,false
0,134,-2.5500000000000003,3.55,-0.7051095712597747,false,true
1,134,-2.5000000000000004,3.55,-0.7051095712597747,false,true
2,134,-2.45,3.55,-0.7051095712597747,false,true
3,134,-2.4000000000000004,3.55,-0.7051095712597747,false,true
4,134,-2.35,3.55,-0.7051095712597747,false,true
5,134,-2.3000000000000003,3.55,-0.7051095712597747,false,true
6,134,-2.25,3.55,-0.7051095712597747,false,true
7,134,-2.2,3.55,-0.7051095712597747,false,true
8,134,-2.1500000000000004,3.55,-0.7051095712597747,false,true
9,134,-2.1,3.55,-0.7051095712597747,false,true
10,134,-2.0500000000000003,3.55,-0.7051095712597747,false,true
11,134,-2.0,3.55,-0.7051095712597747,false,true
12,134,-1.9500000000000002,3.55,-0.7051095712597747,false,true
13,134,-1.9000000000000004,3.55,-0.7051095712597747,false,true
14,134,-1.85,3.55,-0.7051095712597747,false,true
15,134,-1.8000000000000003,3.55,-0.7051095712597747,false,true
16,134,-1.7500000000000002,3.55,-0.7051095712597747,false,true
17,134,-1.7000000000000002,3.55,-0.7051095712597747,false,true
18,134,-1.6500000000000004,3.55,-0.7051095712597747,false,true
19,134,-1.6,3.55,-0.7051095712597747,false,true
20,134,-1.5500000000000003,3.55,-0.7051095712597747,false,true
21,134,-1.5000000000000002,3.55,-0.7051095712597747,false,true
22,134,-1.4500000000000002,3.55,-0.7051095712597747,false,true
23,134,-1.4000000000000001,3.55,-0.7051095712597747,false,true
24,134,-1.35,3.55,-0.7051095712597747,false,true
25,134,-1.3000000000000003,3.55,-0.7051095712597747,false,true
26,134,-1.2500000000000002,3.55,-0.7051095712597748,false,true
27,134,-1.2000000000000002,3.55,-0.7051095712597748,false,true
28,134,-1.1500000000000001,3.55,-0.7091383233585462,false,true
29,134,-1.1,3.55,-0.7114982006330741,false,true
30,134,-1.0500000000000003,3.55,-0.7114979331069289,false,true
31,134,-1.0000000000000002,3.55,-0.7114972818310639,false,true
32,134,-0.9500000000000002,3.55,-0.7114885543925932,false,true
33,134,-0.9000000000000001,3.55,-0.7114655517917489,false,true
34,134,-0.8500000000000001,3.55,-0.7059168200324638,false,true
35,134,-0.8000000000000003,3.55,-0.7003383944430529,false,true
36,134,-0.7500000000000002,3.55,-0.7005240081733721,false,true
37,134,-0.7000000000000002,3.55,-0.7006958434177654,false,true
38,134,-0.6500000000000001,3.55,-0.7008865351013516,false,true
39,134,-0.6000000000000001,3.55,-0.7009866737425874,false,true
40,134,-0.5500000000000003,3.55,-0.7014258253987213,false,true
41,134,-0.5,3.55,-0.702656630427893,false,true
42,134,-0.4500000000000002,3.55,-0.7148480570897364,false,true
43,134,-0.40000000000000036,3.55,-0.7322035777981659,false,true
44,134,-0.3500000000000001,3.55,-0.7336725270287221,false,true
45,134,-0.30000000000000027,3.55,-0.7382409432540804,false,true
46,134,-0.25,3.55,-0.7404345024044892,true,false
47,134,-0.20000000000000018,3.55,-0.7412228930409333,true,false
48,134,-0.1499999999999999,3.55,-0.7478764999325653,true,false
49,134,-0.10000000000000009,3.55,-0.7507414865906616,true,false
50,134,-0.050000000000000266,3.55,-0.7514667261059662,true,false
51,134,0.0,3.55,-0.7500473010952851,true,false
52,134,0.04999999999999982,3.55,-0.7489816892559906,true,false
53,134,0.10000000000000009,3.55,-0.747944121402063,true,false
54,134,0.1499999999999999,3.55,-0.747362290662088,true,false
55,134,0.19999999999999973,3.55,-0.7457361567433258,true,false
56,134,0.25,3.55,-0.7443643558438202,true,false
57,134,0.2999999999999998,3.55,-0.7409031141217133,true,false
58,134,0.3500000000000001,3.55,-0.7377683270390412,true,false
59,134,0.3999999999999999,3.55,-0.7318727124150177,true,false
60,134,0.44999999999999973,3.55,-0.7283156860287567,true,false
61,134,0.5,3.55,-0.7260166752751251,true,false
62,134,0.5499999999999998,3.55,-0.7167370678889272,false,true
0,135,-2.5500000000000003,3.5999999999999996,-0.7051095712597747,false,true
1,135,-2.5000000000000004,3.5999999999999996,-0.7051095712597747,false,true
2,135,-2.45,3.5999999999999996,-0.7051095712597747,false,true
3,135,-2.4000000000000004,3.5999999999999996,-0.7051095712597747,false,true
4,135,-2.35,3.5999999999999996,-0.7051095712597747,false,true
5,135,-2.3000000000000003,3.5999999999999996,-0.7051095712597747,false,true
6,135,-2.25,3.5999999999999996,-0.7051095712597747,false,true
7,135,-2.2,3.5999999999999996,-0.7051095712597747,false,true
8,135,-2.1500000000000004,3.5999999999999996,-0.7051095712597747,false,true
9,135,-2.1,3.5999999999999996,-0.7051095712597747,false,true
10,135,-2.0500000000000003,3.5999999999999996,-0.7051095712597747,false,true
11,135,-2.0,3.5999999999999996,-0.7051095712597747,false,true
12,135,-1.9500000000000002,3.5999999999999996,-0.7051095712597747,false,true
13,135,-1.9000000000000004,3.5999999999999996,-0.7051095712597747,false,true
14,135,-1.85,3.5999999999999996,-0.7051095712597747,false,true
15,135,-1.8000000000000003,3.5999999999999996,-0.7051095712597747,false,true
16,135,-1.7500000000000002,3.5999999999999996,-0.7051095712597747,false,true
17,135,-1.7000000000000002,3.5999999999999996,-0.7051095712597747,false,true
18,135,-1.6500000000000004,3.5999999999999996,-0.7051095712597747,false,true
19,135,-1.6,3.5999999999999996,-0.7051095712597747,false,true
20,135,-1.5500000000000003,3.5999999999999996,-0.7051095712597747,false,true
21,135,-1.5000000000000002,3.5999999999999996,-0.7051095712597747,false,true
22,135,-1.4500000000000002,3.5999999999999996,-0.7051095712597747,false,true
23,135,-1.4000000000000001,3.5999999999999996,-0.7051095712597747,false,true
24,135,-1.35,3.5999999999999996,-0.7051095712597747,false,true
25,135,-1.3000000000000003,3.5999999999999996,-0.7051095712597748,false,true
26,135,-1.2500000000000002,3.5999999999999996,-0.7051095712597748,false,true
27,135,-1.2000000000000002,3.5999999999999996,-0.7091379431161821,false,true
28,135,-1.1500000000000001,3.5999999999999996,-0.7114976626832149,false,true
29,135,-1.1,3.5999999999999996,-0.71149755159836,false,true
30,135,-1.0500000000000003,3.5999999999999996,-0.7114972818310639,false,true
31,135,-1.0000000000000002,3.5999999999999996,-0.7114936668076844,false,true
32,135,-0.9500000000000002,3.5999999999999996,-0.7114843732943363,false,true
33,135,-0.9000000000000001,3.5999999999999996,-0.7061935173716553,false,true
34,135,-0.8500000000000001,3.5999999999999996,-0.7008855102389565,false,true
35,135,-0.8000000000000003,3.5999999999999996,-0.7009948032737864,false,true
36,135,-0.7500000000000002,3.5999999999999996,-0.7010933137126911,false,true
37,135,-0.7000000000000002,3.5999999999999996,-0.7011925244153345,false,true
38,135,-0.6500000000000001,3.5999999999999996,-0.701243922826812,false,true
39,135,-0.6000000000000001,3.5999999999999996,-0.7014258253987213,false,true
40,135,-0.5500000000000003,3.5999999999999996,-0.7019356415344413,false,true
41,135,-0.5,3.5999999999999996,-0.7135807500154302,false,true
42,135,-0.4500000000000002,3.5999999999999996,-0.7322035777981659,false,true
43,135,-0.40000000000000036,3.5999999999999996,-0.7328120364918999,false,true
44,135,-0.3500000000000001,3.5999999999999996,-0.7382733071656874,false,true
45,135,-0.30000000000000027,3.5999999999999996,-0.7428024080586204,false,true
46,135,-0.25,3.5999999999999996,-0.7444767702038666,true,false
47,135,-0.20000000000000018,3.5999999999999996,-0.743261789124765,true,false
48,135,-0.1499999999999999,3.5999999999999996,-0.7478384125645539,true,false
49,135,-0.10000000000000009,3.5999999999999996,-0.749637727778711,true,false
50,135,-0.050000000000000266,3.5999999999999996,-0.7494976270611664,true,false
51,135,0.0,3.5999999999999996,-0.7487715232785126,true,false
52,135,0.04999999999999982,3.5999999999999996,-0.747664545815744,true,false
53,135,0.10000000000000009,3.5999999999999996,-0.7474397170956513,true,false
54,135,0.1499999999999999,3.5999999999999996,-0.7471238720829865,true,false
55,135,0.19999999999999973,3.5999999999999996,-0.7449168909008881,true,false
56,135,0.25,3.5999999999999996,-0.7431474078114411,true,false
57,135,0.2999999999999998,3.5999999999999996,-0.7409568179066559,true,false
58,135,0.3500000000000001,3.5999999999999996,-0.7373324382717987,true,false
59,135,0.3999999999999999,3.5999999999999996,-0.7316341746266266,true,false
60,135,0.44999999999999973,3.5999999999999996,-0.7295481924041389,false,true
61,135,0.5,3.5999999999999996,-0.7269689567093209,false,true
62,135,0.5499999999999998,3.5999999999999996,-0.7260166752751251,false,true
0,136,-2.5500000000000003,3.6500000000000004,-0.7051095712597747,false,true
1,136,-2.5000000000000004,3.6500000000000004,-0.7051095712597747,false,true
2,136,-2.45,3.6500000000000004,-0.7051095712597747,false,true
3,136,-2.4000000000000004,3.6500000000000004,-0.7051095712597747,false,true
4,136,-2.35,3.6500000000000004,-0.7051095712597747,false,true
5,136,-2.3000000000000003,3.6500000000000004,-0.7051095712597747,false,true
6,136,-2.25,3.6500000000000004,-0.7051095712597747,false,true
7,136,-2.2,3.6500000000000004,-0.7051095712597747,false,true
8,136,-2.1500000000000004,3.6500000000000004,-0.7051095712597747,false,true
9,136,-2.1,3.6500000000000004,-0.7051095712597747,false,true
10,136,-2.0500000000000003,3.6500000000000004,-0.7051095712597747,false,true
11,136,-2.0,3.6500000000000004,-0.7051095712597747,false,true
12,136,-1.9500000000000002,3.6500000000000004,-0.7051095712597747,false,true
13,136,-1.9000000000000004,3.6500000000000004,-0.7051095712597747,false,true
14,136,-1.85,3.6500000000000004,-0.7051095712597747,false,true
15,136,-1.8000000000000003,3.6500000000000004,-0.7051095712597747,false,true
16,136,-1.7500000000000002,3.6500000000000004,-0.7051095712597747,false,true
17,136,-1.7000000000000002,3.6500000000000004,-0.7051095712597747,false,true
18,136,-1.6500000000000004,3.6500000000000004,-0.7051095712597747,false,true
19,136,-1.6,3.6500000000000004,-0.7051095712597747,false,true
20,136,-1.5500000000000003,3.6500000000000004,-0.7051095712597747,false,true
21,136,-1.5000000000000002,3.6500000000000004,-0.7051095712597747,false,true
22,136,-1.4500000000000002,3.6500000000000004,-0.7051095712597747,false,true
23,136,-1.4000000000000001,3.6500000000000004,-0.7051095712597747,false,true
24,136,-1.35,3.6500000000000004,-0.7051095712597748,false,true
25,136,-1.3000000000000003,3.6500000000000004,-0.7051095712597748,false,true
26,136,-1.2500000000000002,3.6500000000000004,-0.7091377854883469,false,true
27,136,-1.2000000000000002,3.6500000000000004,-0.7114974396648269,false,true
28,136,-1.1500000000000001,3.6500000000000004,-0.7114973935723367,false,true
29,136,-1.1,3.6500000000000004,-0.7114972818310639,false,true
30,136,-1.0500000000000003,3.6500000000000004,-0.7114957844393518,false,true
31,136,-1.0000000000000002,3.6500000000000004,-0.7114920036164795,false,true
32,136,-0.9500000000000002,3.6500000000000004,-0.7063332412255133,false,true
33,136,-0.9000000000000001,3.6500000000000004,-0.7011659308673537,false,true
34,136,-0.8500000000000001,3.6500000000000004,-0.7012260507879503,false,true
35,136,-0.8000000000000003,3.6500000000000004,-0.701278062342731,false,true
36,136,-0.7500000000000002,3.6500000000000004,-0.7013262835754662,false,true
37,136,-0.7000000000000002,3.6500000000000004,-0.7013504788864059,false,true
38,136,-0.6500000000000001,3.6500000000000004,-0.7014258253987213,false,true
39,136,-0.6000000000000001,3.6500000000000004,-0.7016369981564532,false,true
40,136,-0.5500000000000003,3.6500000000000004,-0.713107109368764,false,true
41,136,-0.5,3.6500000000000004,-0.7322035777981659,false,true
42,136,-0.4500000000000002,3.6500000000000004,-0.7324556096412543,false,true
43,136,-0.40000000000000036,3.6500000000000004,-0.7383080564278081,false,true
44,136,-0.3500000000000001,3.6500000000000004,-0.7437832266949814,false,true
45,136,-0.30000000000000027,3.6500000000000004,-0.7444767702038665,false,true
46,136,-0.25,3.6500000000000004,-0.7449679075337076,false,true
47,136,-0.20000000000000018,3.6500000000000004,-0.7466654527600189,true,false
48,136,-0.1499999999999999,3.6500000000000004,-0.748664473336496,true,false
49,136,-0.10000000000000009,3.6500000000000004,-0.7487224388535401,true,false
50,136,-0.050000000000000266,3.6500000000000004,-0.747926210206308,true,false
51,136,0.0,3.6500000000000004,-0.7474637973721405,true,false
52,136,0.04999999999999982,3.6500000000000004,-0.7473147261555573,true,false
53,136,0.10000000000000009,3.6500000000000004,-0.7474255013878723,true,false
54,136,0.1499999999999999,3.6500000000000004,-0.7468765128071686,true,false
55,136,0.19999999999999973,3.6500000000000004,-0.7446827042515656,true,false
56,136,0.25,3.6500000000000004,-0.7416223037655731,true,false
57,136,0.2999999999999998,3.6500000000000004,-0.7418974686081787,true,false
58,136,0.3500000000000001,3.6500000000000004,-0.7399351942952057,true,false
59,136,0.3999999999999999,3.6500000000000004,-0.7361889637538085,false,true
60,136,0.44999999999999973,3.6500000000000004,-0.7316341746266266,false,true
61,136,0.5,3.6500000000000004,-0.728672320661642,false,true
62,136,0.5499999999999998,3.6500000000000004,-0.7264111231603652,false,true
0,137,-2.5500000000000003,3.7,-0.7051095712597747,false,true
1,137,-2.5000000000000004,3.7,-0.7051095712597747,false,true
2,137,-2.45,3.7,-0.7051095712597747,false,true
3,137,-2.4000000000000004,3.7,-0.7051095712597747,false,true
4,137,-2.35,3.7,-0.7051095712597747,false,true
5,137,-2.3000000000000003,3.7,-0.7051095712597747,false,true
6,137,-2.25,3.7,-0.7051095712597747,false,true
7,137,-2.2,3.7,-0.7051095712597747,false,true
8,137,-2.1500000000000004,3.7,-0.7051095712597747,false,true
9,137,-2.1,3.7,-0.7051095712597747,false,true
10,137,-2.0500000000000003,3.7,-0.7051095712597747,false,true
11,137,-2.0,3.7,-0.7051095712597747,false,true
12,137,-1.9500000000000002,3.7,-0.7051095712597747,false,true
13,137,-1.9000000000000004,3.7,-0.7051095712597747,false,true
14,137,-1.85,3.7,-0.7051095712597747,false,true
15,137,-1.8000000000000003,3.7,-0.7051095712597747,false,true
16,137,-1.7500000000000002,3.7,-0.7051095712597747,false,true
17,137,-1.7000000000000002,3.7,-0.7051095712597747,false,true
18,137,-1.6500000000000004,3.7,-0.7051095712597747,false,true
19,137,-1.6,3.7,-0.7051095712597747,false,true
20,137,-1.5500000000000003,3.7,-0.7051095712597747,false,true
21,137,-1.5000000000000002,3.7,-0.7051095712597747,false,true
22,137,-1.4500000000000002,3.7,-0.7051095712597747,false,true
23,137,-1.4000000000000001,3.7,-0.7051095712597748,false,true
24,137,-1.35,3.7,-0.7051095712597748,false,true
25,137,-1.3000000000000003,3.7,-0.7091377201541107,false,true
26,137,-1.2500000000000002,3.7,-0.7114973472312742,false,true
27,137,-1.2000000000000002,3.7,-0.7114973281158146,false,true
28,137,-1.1500000000000001,3.7,-0.7114972818310639,false,true
29,137,-1.1,3.7,-0.7114966615911086,false,true
30,137,-1.0500000000000003,3.7,-0.7114951156378493,false,true
31,137,-1.0000000000000002,3.7,-0.7064015809358478,false,true
32,137,-0.9500000000000002,3.7,-0.7013041192556061,false,true
33,137,-0.9000000000000001,3.7,-0.701335419053396,false,true
34,137,-0.8500000000000001,3.7,-0.7013613290886745,false,true
35,137,-0.8000000000000003,3.7,-0.7013837428559432,false,true
36,137,-0.7500000000000002,3.7,-0.7013946158514427,false,true
37,137,-0.7000000000000002,3.7,-0.7014258253987213,false,true
38,137,-0.6500000000000001,3.7,-0.7015132960189776,false,true
39,137,-0.6000000000000001,3.7,-0.7129215445587375,false,true
40,137,-0.5500000000000003,3.7,-0.7322035777981659,false,true
41,137,-0.5,3.7,-0.7323079728057231,false,true
42,137,-0.4500000000000002,3.7,-0.7383261120418947,false,true
43,137,-0.40000000000000036,3.7,-0.7441894950763904,false,true
44,137,-0.3500000000000001,3.7,-0.7444767702038665,false,true
45,137,-0.30000000000000027,3.7,-0.7454135522732702,false,true
46,137,-0.25,3.7,-0.7466654527600188,false,true
47,137,-0.20000000000000018,3.7,-0.7497156306519862,false,true
48,137,-0.1499999999999999,3.7,-0.7509867895062348,true,false
49,137,-0.10000000000000009,3.7,-0.7499581325467011,true,false
50,137,-0.050000000000000266,3.7,-0.7484152663166901,true,false
51,137,0.0,3.7,-0.7472553301270386,true,false
52,137,0.04999999999999982,3.7,-0.7467131066735169,true,false
53,137,0.10000000000000009,3.7,-0.7460769761021515,true,false
54,137,0.1499999999999999,3.7,-0.7428387153561493,true,false
55,137,0.19999999999999973,3.7,-0.7421252477581879,true,false
56,137,0.25,3.7,-0.7434678423817536,true,false
57,137,0.2999999999999998,3.7,-0.7418940316158488,false,true
58,137,0.3500000000000001,3.7,-0.7407479949287354,false,true
59,137,0.3999999999999999,3.7,-0.7399351942952057,false,true
60,137,0.44999999999999973,3.7,-0.7358902837787872,false,true
61,137,0.5,3.7,-0.7316341746266266,false,true
62,137,0.5499999999999998,3.7,-0.7289311418018265,false,true
0,138,-2.5500000000000003,3.75,-0.7051095712597747,false,true
1,138,-2.5000000000000004,3.75,-0.7051095712597747,false,true
2,138,-2.45,3.75,-0.7051095712597747,false,true
3,138,-2.4000000000000004,3.75,-0.7051095712597747,false,true
4,138,-2.35,3.75,-0.7051095712597747,false,true
5,138,-2.3000000000000003,3.75,-0.7051095712597747,false,true
6,138,-2.25,3.75,-0.7051095712597747,false,true
7,138,-2.2,3.75,-0.7051095712597747,false,true
8,138,-2.1500000000000004,3.75,-0.7051095712597747,false,true
9,138,-2.1,3.75,-0.7051095712597747,false,true
10,138,-2.0500000000000003,3.75,-0.7051095712597747,false,true
11,138,-2.0,3.75,-0.7051095712597747,false,true
12,138,-1.9500000000000002,3.75,-0.7051095712597747,false,true
13,138,-1.9000000000000004,3.75,-0.7051095712597747,false,true
14,138,-1.85,3.75,-0.7051095712597747,false,true
15,138,-1.8000000000000003,3.75,-0.7051095712597747,false,true
16,138,-1.7500000000000002,3.75,-0.7051095712597747,false,true
17,138,-1.7000000000000002,3.75,-0.7051095712597747,false,true
18,138,-1.6500000000000004,3.75,-0.7051095712597747,false,true
19,138,-1.6,3.75,-0.7051095712597747,false,true
20,138,-1.5500000000000003,3.75,-0.7051095712597747,false,true
21,138,-1.5000000000000002,3.75,-0.7051095712597747,false,true
22,138,-1.4500000000000002,3.75,-0.7051095712597748,false,true
23,138,-1.4000000000000001,3.75,-0.7051095712597748,false,true
24,138,-1.35,3.75,-0.7091376930781204,false,true
25,138,-1.3000000000000003,3.75,-0.7114973089275498,false,true
26,138,-1.2500000000000002,3.75,-0.7114973010028354,false,true
27,138,-1.2000000000000002,3.75,-0.7114972818310639,false,true
28,138,-1.1500000000000001,3.75,-0.7114970249192624,false,true
29,138,-1.1,3.75,-0.7114963904559594,false,true
30,138,-1.0500000000000003,3.75,-0.7064340254108096,false,true
31,138,-1.0000000000000002,3.75,-0.7013700753614242,false,true
32,138,-0.9500000000000002,3.75,-0.7013856717913916,false,true
33,138,-0.9000000000000001,3.75,-0.7013980430453242,false,true
34,138,-0.8500000000000001,3.75,-0.7014081449955492,false,true
35,138,-0.8000000000000003,3.75,-0.701412897980963,false,true
36,138,-0.7500000000000002,3.75,-0.7014258253987213,false,true
37,138,-0.7000000000000002,3.75,-0.7014620569159407,false,true
38,138,-0.6500000000000001,3.75,-0.712846881311012,false,true
39,138,-0.6000000000000001,3.75,-0.7322035777981659,false,true
40,138,-0.5500000000000003,3.75,-0.7322468196261401,false,true
41,138,-0.5,3.75,-0.7383342192217267,false,true
42,138,-0.4500000000000002,3.75,-0.7443577769499333,false,true
43,138,-0.40000000000000036,3.75,-0.7444767702038665,false,true
44,138,-0.3500000000000001,3.75,-0.7455299564061012,false,true
45,138,-0.30000000000000027,3.75,-0.7466654527600188,false,true
46,138,-0.25,3.75,-0.7503272485652633,false,true
47,138,-0.20000000000000018,3.75,-0.752331703214859,false,true
48,138,-0.1499999999999999,3.75,-0.753282700818338,true,false
49,138,-0.10000000000000009,3.75,-0.7510952103550812,true,false
50,138,-0.050000000000000266,3.75,-0.7487242865975281,true,false
51,138,0.0,3.75,-0.7464052188809296,true,false
52,138,0.04999999999999982,3.75,-0.7455964434559723,true,false
53,138,0.10000000000000009,3.75,-0.7437305200512787,true,false
54,138,0.1499999999999999,3.75,-0.7428408015187165,true,false
55,138,0.19999999999999973,3.75,-0.7460556078369995,true,false
56,138,0.25,3.75,-0.7440730670089919,false,true
57,138,0.2999999999999998,3.75,-0.7434678423817537,false,true
58,138,0.3500000000000001,3.75,-0.7416136352503646,false,true
59,138,0.3999999999999999,3.75,-0.7402718673411193,false,true
60,138,0.44999999999999973,3.75,-0.7399351942952057,false,true
61,138,0.5,3.75,-0.7358122674119375,false,true
62,138,0.5499999999999998,3.75,-0.7316341746266266,false,true
0,139,-2.5500000000000003,3.8,-0.7051095712597747,false,true
1,139,-2.5000000000000004,3.8,-0.7051095712597747,false,true
2,139,-2.45,3.8,-0.7051095712597747,false,true
3,139,-2.4000000000000004,3.8,-0.7051095712597747,false,true
4,139,-2.35,3.8,-0.7051095712597747,false,true
5,139,-2.3000000000000003,3.8,-0.7051095712597747,false,true
6,139,-2.25,3.8,-0.7051095712597747,false,true
7,139,-2.2,3.8,-0.7051095712597747,false,true
8,139,-2.1500000000000004,3.8,-0.7051095712597747,false,true
9,139,-2.1,3.8,-0.7051095712597747,false,true
10,139,-2.0500000000000003,3.8,-0.7051095712597747,false,true
11,139,-2.0,3.8,-0.7051095712597747,false,true
12,139,-1.9500000000000002,3.8,-0.7051095712597747,false,true
13,139,-1.9000000000000004,3.8,-0.7051095712597747,false,true
14,139,-1.85,3.8,-0.7051095712597747,false,true
15,139,-1.8000000000000003,3.8,-0.7051095712597747,false,true
16,139,-1.7500000000000002,3.8,-0.7051095712597747,false,true
17,139,-1.7000000000000002,3.8,-0.7051095712597747,false,true
18,139,-1.6500000000000004,3.8,-0.7051095712597747,false,true
19,139,-1.6,3.8,-0.7051095712597747,false,true
20,139,-1.5500000000000003,3.8,-0.7051095712597747,false,true
21,139,-1.5000000000000002,3.8,-0.7051095712597748,false,true
22,139,-1.4500000000000002,3.8,-0.7051095712597748,false,true
23,139,-1.4000000000000001,3.8,-0.7091376818586332,false,true
24,139,-1.35,3.8,-0.7114972930567968,false,true
25,139,-1.3000000000000003,3.8,-0.7114972897722716,false,true
26,139,-1.2500000000000002,3.8,-0.7114972818310639,false,true
27,139,-1.2000000000000002,3.8,-0.7114971754147115,false,true
28,139,-1.1500000000000001,3.8,-0.7114969143369879,false,true
29,139,-1.1,3.8,-0.7064482481573657,false,true
30,139,-1.0500000000000003,3.8,-0.7013998762876017,false,true
31,139,-1.0000000000000002,3.8,-0.7014078781050194,false,true
32,139,-0.9500000000000002,3.8,-0.7014139747844578,false,true
33,139,-0.9000000000000001,3.8,-0.701418428934292,false,true
34,139,-0.8500000000000001,3.8,-0.7014204706869593,false,true
35,139,-0.8000000000000003,3.8,-0.7014258253987213,false,true
36,139,-0.7500000000000002,3.8,-0.701440832984539,false,true
37,139,-0.7000000000000002,3.8,-0.712816410460285,false,true
38,139,-0.6500000000000001,3.8,-0.7322035777981659,false,true
39,139,-0.6000000000000001,3.8,-0.7322214891497746,false,true
40,139,-0.5500000000000003,3.8,-0.7383376851247346,false,true
41,139,-0.5,3.8,-0.7444274815842564,false,true
42,139,-0.4500000000000002,3.8,-0.7444767702038665,false,true
43,139,-0.40000000000000036,3.8,-0.7455603616166585,false,true
44,139,-0.3500000000000001,3.8,-0.7466654527600188,false,true
45,139,-0.30000000000000027,3.8,-0.7506170841757865,false,true
46,139,-0.25,3.8,-0.7528887847131926,false,true
47,139,-0.20000000000000018,3.8,-0.7532827008183381,false,true
48,139,-0.1499999999999999,3.8,-0.7513332545739058,false,true
49,139,-0.10000000000000009,3.8,-0.7506924021656891,true,false
50,139,-0.050000000000000266,3.8,-0.7475853908474823,true,false
51,139,0.0,3.8,-0.748070036214151,true,false
52,139,0.04999999999999982,3.8,-0.747321699898996,true,false
53,139,0.10000000000000009,3.8,-0.746283565800943,true,false
54,139,0.1499999999999999,3.8,-0.7461319315846344,true,false
55,139,0.19999999999999973,3.8,-0.7452440818139066,false,true
56,139,0.25,3.8,-0.7460556078369995,false,true
57,139,0.2999999999999998,3.8,-0.7445818449450309,false,true
58,139,0.3500000000000001,3.8,-0.7434678423817537,false,true
59,139,0.3999999999999999,3.8,-0.7414161087199499,false,true
60,139,0.44999999999999973,3.8,-0.7400746488369085,false,true
61,139,0.5,3.8,-0.7399351942952057,false,true
62,139,0.5499999999999998,3.8,-0.7357918892346058,false,true
0,140,-2.5500000000000003,3.8499999999999996,-0.7051095712597748,false,true
1,140,-2.5000000000000004,3.8499999999999996,-0.7051095712597748,false,true
2,140,-2.45,3.8499999999999996,-0.7051095712597748,false,true
3,140,-2.4000000000000004,3.8499999999999996,-0.7051095712597748,false,true
4,140,-2.35,3.8499999999999996,-0.7051095712597748,false,true
5,140,-2.3000000000000003,3.8499999999999996,-0.7051095712597748,false,true
6,140,-2.25,3.8499999999999996,-0.7051095712597748,false,true
7,140,-2.2,3.8499999999999996,-0.7051095712597748,false,true
8,140,-2.1500000000000004,3.8499999999999996,-0.7051095712597748,false,true
9,140,-2.1,3.8499999999999996,-0.7051095712597748,false,true
10,140,-2.0500000000000003,3.8499999999999996,-0.7051095712597748,false,true
11,140,-2.0,3.8499999999999996,-0.7051095712597748,false,true
12,140,-1.9500000000000002,3.8499999999999996,-0.7051095712597748,false,true
13,140,-1.9000000000000004,3.8499999999999996,-0.7051095712597748,false,true
14,140,-1.85,3.8499999999999996,-0.7051095712597748,false,true
15,140,-1.8000000000000003,3.8499999999999996,-0.7051095712597748,false,true
16,140,-1.7500000000000002,3.8499999999999996,-0.7051095712597748,false,true
17,140,-1.7000000000000002,3.8499999999999996,-0.7051095712597748,false,true
18,140,-1.6500000000000004,3.8499999999999996,-0.7051095712597748,false,true
19,140,-1.6,3.8499999999999996,-0.7051095712597748,false,true
20,140,-1.5500000000000003,3.8499999999999996,-0.7051095712597748,false,true
21,140,-1.5000000000000002,3.8499999999999996,-0.7051095712597748,false,true
22,140,-1.4500000000000002,3.8499999999999996,-0.7085213396953641,false,true
23,140,-1.4000000000000001,3.8499999999999996,-0.7114972884077748,false,true
24,140,-1.35,3.8499999999999996,-0.7114972851204198,false,true
25,140,-1.3000000000000003,3.8499999999999996,-0.7114972818310639,false,true
26,140,-1.2500000000000002,3.8499999999999996,-0.7114972377519675,false,true
27,140,-1.2000000000000002,3.8499999999999996,-0.7114971301154447,false,true
28,140,-1.1500000000000001,3.8499999999999996,-0.707496427903761,false,true
29,140,-1.1,3.8499999999999996,-0.7014081607823042,false,true
30,140,-1.0500000000000003,3.8499999999999996,-0.7014140188046871,false,true
31,140,-1.0000000000000002,3.8499999999999996,-0.7014183609350634,false,true
32,140,-0.9500000000000002,3.8499999999999996,-0.7014214624118998,false,true
33,140,-0.9000000000000001,3.8499999999999996,-0.7014236074044868,false,true
34,140,-0.8500000000000001,3.8499999999999996,-0.7014258253987213,false,true
35,140,-0.8000000000000003,3.8499999999999996,-0.7014320417443054,false,true
36,140,-0.7500000000000002,3.8499999999999996,-0.7128038833948869,false,true
37,140,-0.7000000000000002,3.8499999999999996,-0.7322035777981659,false,true
38,140,-0.6500000000000001,3.8499999999999996,-0.7322109969229227,false,true
39,140,-0.6000000000000001,3.8499999999999996,-0.7370679942520081,false,true
40,140,-0.5500000000000003,3.8499999999999996,-0.7444563541891533,false,true
41,140,-0.5,3.8499999999999996,-0.7444767702038665,false,true
42,140,-0.4500000000000002,3.8499999999999996,-0.7455683035754751,false,true
43,140,-0.40000000000000036,3.8499999999999996,-0.7466654527600188,false,true
44,140,-0.3500000000000001,3.8499999999999996,-0.750081759830077,false,true
45,140,-0.30000000000000027,3.8499999999999996,-0.7531195354251496,false,true
46,140,-0.25,3.8499999999999996,-0.7532827008183381,false,true
47,140,-0.20000000000000018,3.8499999999999996,-0.7516063745469906,false,true
48,140,-0.1499999999999999,3.8499999999999996,-0.750123173260689,false,true
49,140,-0.10000000000000009,3.8499999999999996,-0.7497206676419159,true,false
50,140,-0.050000000000000266,3.8499999999999996,-0.7489546553959934,false,true
51,140,0.0,3.8499999999999996,-0.7489013029596575,false,true
52,140,0.04999999999999982,3.8499999999999996,-0.7517800081189057,true,false
53,140,0.10000000000000009,3.8499999999999996,-0.7480770366205038,false,true
54,140,0.1499999999999999,3.8499999999999996,-0.7461947405335492,false,true
55,140,0.19999999999999973,3.8499999999999996,-0.7461319315846344,false,true
56,140,0.25,3.8499999999999996,-0.7458718279396342,false,true
57,140,0.2999999999999998,3.8499999999999996,-0.7460556078369995,false,true
58,140,0.3500000000000001,3.8499999999999996,-0.7447147397134204,false,true
59,140,0.3999999999999999,3.8499999999999996,-0.7434678423817537,false,true
60,140,0.44999999999999973,3.8499999999999996,-0.7413174356735289,false,true
61,140,0.5,3.8499999999999996,-0.7399929582577136,false,true
62,140,0.5499999999999998,3.8499999999999996,-0.7399351942952057,false,true
