grid_x,grid_y,local_x_m,local_y_m,dh_dx,dh_dy
0,0,-1.0,-0.75,-0.0018467627821902588,0.002518741669038302
1,0,-0.95,-0.75,-0.0026936020580276,0.0022830087347357197
2,0,-0.9,-0.75,-0.005166655700193611,0.0024223547158962883
3,0,-0.85,-0.75,-0.00882715260908478,0.0033963094538996125
4,0,-0.8,-0.75,-0.01201637675841926,0.005023369214474174
5,0,-0.75,-0.75,-0.012576866524642329,0.00610410803554895
6,0,-0.7,-0.75,-0.010267715995999384,0.005539798900321205
7,0,-0.6499999999999999,-0.75,-0.00711006621806471,0.003574769951589854
8,0,-0.6,-0.75,-0.005471897308866151,0.0013696404853170974
9,0,-0.55,-0.75,-0.006981710401820357,-0.00030281166409608373
10,0,-0.5,-0.75,-0.013125156788157087,-0.001187232035807645
11,0,-0.44999999999999996,-0.75,-0.024843179362454837,-0.00028096486859155445
12,0,-0.3999999999999999,-0.75,-0.04006218939639414,0.0046017979682758114
13,0,-0.35,-0.75,-0.05312904034047411,0.014976649604249367
14,0,-0.29999999999999993,-0.75,-0.0588021182705354,0.029857797024950145
15,0,-0.25,-0.75,-0.05495719438410082,0.046503081727377604
16,0,-0.19999999999999996,-0.75,-0.03856155971921543,0.06224714097939593
17,0,-0.1499999999999999,-0.75,-0.0033897496007000844,0.07439615265695712
18,0,-0.09999999999999998,-0.75,0.04962427672689222,0.0787257364428591
19,0,-0.04999999999999993,-0.75,0.10286525498274963,0.07071725882721112
20,0,0.0,-0.75,0.13406340296693872,0.05122326755264278
21,0,0.050000000000000044,-0.75,0.13307874521591426,0.0288357862517781
22,0,0.10000000000000009,-0.75,0.09949745935543702,0.01286049207349347
23,0,0.15000000000000013,-0.75,0.03997008533839018,0.006124822160701315
24,0,0.20000000000000018,-0.75,-0.022412210930830567,0.0060077704173906385
25,0,0.25,-0.75,-0.05663367567563885,0.009470363761105091
26,0,0.30000000000000004,-0.75,-0.05249555885754762,0.014804001750235649
27,0,0.3500000000000001,-0.75,-0.026245200297075194,0.019996386962584586
28,0,0.40000000000000013,-0.75,0.0035696594504783935,0.023190505988107124
29,0,0.4500000000000002,-0.75,0.029961386182404924,0.02424463265644196
30,0,0.5,-0.75,0.04896292551653145,0.023655098375061634
31,0,0.55,-0.75,0.054242219305570806,0.021437820334168495
32,0,0.6000000000000001,-0.75,0.044810828538871125,0.01813625663281339
33,0,0.6500000000000001,-0.75,0.02877677508652387,0.015155839085646532
34,0,0.7000000000000002,-0.75,0.01547713152613376,0.013455222596898408
35,0,0.75,-0.75,0.008360473691009281,0.01307678209453645
36,0,0.8,-0.75,0.005939065468074205,0.013847815972958966
37,0,0.8500000000000001,-0.75,0.005523147405276704,0.01569427467387285
38,0,0.9000000000000001,-0.75,0.005227532017510056,0.018256271159058993
39,0,0.9500000000000002,-0.75,0.004953621427714414,0.020861683701004618
0,1,-1.0,-0.7,-0.002082495716492841,0.0029468523743933148
1,1,-0.95,-0.7,-0.0027417955345986067,0.002743652303892896
2,1,-0.9,-0.7,-0.004610005340611664,0.0028563829820079517
3,1,-0.85,-0.7,-0.007526645359795837,0.0037894629593130877
4,1,-0.8,-0.7,-0.010662477467594592,0.005529677446529206
5,1,-0.75,-0.7,-0.012318651681718813,0.006975414804521705
6,1,-0.7,-0.7,-0.011532385037978932,0.006812732444951286
7,1,-0.6499999999999999,-0.7,-0.009195145425566764,0.004917609615621606
8,1,-0.6,-0.7,-0.00741068811670912,0.0023674857799759613
9,1,-0.55,-0.7,-0.008260146662382728,0.00024107087099954627
10,1,-0.5,-0.7,-0.013114233390404822,-0.0008391903084056102
11,1,-0.44999999999999996,-0.7,-0.02194866436041311,0.00033210497598447353
12,1,-0.3999999999999999,-0.7,-0.03243338215997368,0.00610040077536237
13,1,-0.35,-0.7,-0.04050104081213694,0.01809103919833986
14,1,-0.29999999999999993,-0.7,-0.04303890220897128,0.035176854118271
15,1,-0.25,-0.7,-0.03876252240687793,0.05432767554648683
16,1,-0.19999999999999996,-0.7,-0.024615024254425674,0.07256730832226717
17,1,-0.1499999999999999,-0.7,0.0048495481310315,0.08661261698266465
18,1,-0.09999999999999998,-0.7,0.047784829812019224,0.09139601887489919
19,1,-0.04999999999999993,-0.7,0.08911402053764148,0.08211005405351665
20,1,0.0,-0.7,0.11312266667922222,0.0600987303965031
21,1,0.050000000000000044,-0.7,0.1138973574763396,0.0344052903311581
22,1,0.10000000000000009,-0.7,0.08814197730989863,0.014954905762739421
23,1,0.15000000000000013,-0.7,0.036543724510338764,0.006243207475176097
24,1,0.20000000000000018,-0.7,-0.02073944013062868,0.007357064717736818
25,1,0.25,-0.7,-0.05223556000921635,0.014811240697357488
26,1,0.30000000000000004,-0.7,-0.04723254725680787,0.024398577369447363
27,1,0.3500000000000001,-0.7,-0.022051948178139456,0.03209352668760065
28,1,0.40000000000000013,-0.7,0.0056937822974070795,0.03575665482420682
29,1,0.4500000000000002,-0.7,0.03019368237588218,0.035848621648469824
30,1,0.5,-0.7,0.047559519355394715,0.033609047619212705
31,1,0.55,-0.7,0.05148279843444668,0.0297146345104783
32,1,0.6000000000000001,-0.7,0.041669837914610146,0.025071206289349966
33,1,0.6500000000000001,-0.7,0.02643625806856638,0.021152262415151078
34,1,0.7000000000000002,-0.7,0.014437603030578719,0.018882350306266532
35,1,0.75,-0.7,0.00855677037903956,0.018263397885716164
36,1,0.8,-0.7,0.007247811757742405,0.01908884161089359
37,1,0.8500000000000001,-0.7,0.007727374998326717,0.02119757314229031
38,1,0.9000000000000001,-0.7,0.007811236531075939,0.02405677785986249
39,1,0.9500000000000002,-0.7,0.0075590339696600395,0.02685755587979583
0,2,-1.0,-0.65,-0.002253162923191096,0.003568086406845125
1,2,-0.95,-0.65,-0.002784071450412963,0.0035003201023622865
2,2,-0.9,-0.65,-0.004120845044773419,0.003603675794796972
3,2,-0.85,-0.65,-0.006153858144563526,0.00436166224320543
4,2,-0.8,-0.65,-0.008830424913210642,0.006078164436579686
5,2,-0.75,-0.65,-0.011293811526220249,0.008083791358463738
6,2,-0.7,-0.65,-0.012325521184899484,0.008937402351781032
7,2,-0.6499999999999999,-0.65,-0.011555312883040035,0.007746594317066778
8,2,-0.6,-0.65,-0.01014843605348821,0.005041919543498259
9,2,-0.55,-0.65,-0.010188386490201928,0.0022510477325618852
10,2,-0.5,-0.65,-0.01303412268317216,0.0008430837146627956
11,2,-0.44999999999999996,-0.65,-0.017903588278686856,0.0025035873894590707
12,2,-0.3999999999999999,-0.65,-0.02230325517403875,0.009445968471513758
13,2,-0.35,-0.65,-0.024052586997565482,0.022922079618444106
14,2,-0.29999999999999993,-0.65,-0.022565481922388435,0.04158587983699124
15,2,-0.25,-0.65,-0.017566740180104644,0.06256663676178216
16,2,-0.19999999999999996,-0.65,-0.006276618283037605,0.08320938681318733
17,2,-0.1499999999999999,-0.65,0.01543896095193193,0.10007313554037475
18,2,-0.09999999999999998,-0.65,0.045121713797744226,0.10716662572421674
19,2,-0.04999999999999993,-0.65,0.07156796650435354,0.09862029076722574
20,2,0.0,-0.65,0.08635863924458018,0.07494431419774322
21,2,0.050000000000000044,-0.65,0.08793492058215058,0.044645186660128566
22,2,0.10000000000000009,-0.65,0.07133537649945502,0.018958672894252102
23,2,0.15000000000000013,-0.65,0.03237224429338757,0.006472081842753118
24,2,0.20000000000000018,-0.65,-0.013844177708649177,0.01021208945561465
25,2,0.25,-0.65,-0.03959216302392831,0.025893097309354907
26,2,0.30000000000000004,-0.65,-0.03521327286730446,0.04422816007340716
27,2,0.3500000000000001,-0.65,-0.014887122842315737,0.05741453071557195
28,2,0.40000000000000013,-0.65,0.00732475441134757,0.06301025079665241
29,2,0.4500000000000002,-0.65,0.02781377897741081,0.06222218973526117
30,2,0.5,-0.65,0.04282893837853992,0.057002977546915384
31,2,0.55,-0.65,0.04570437797570807,0.04925669594687678
32,2,0.6000000000000001,-0.65,0.03624845644354391,0.04117783432590795
33,2,0.6500000000000001,-0.65,0.022587919103440435,0.034801297356070425
34,2,0.7000000000000002,-0.65,0.012588266996698847,0.030991116278770478
35,2,0.75,-0.65,0.00856696499563634,0.029517656639446846
36,2,0.8,-0.65,0.00887324072464835,0.02995361033610873
37,2,0.8500000000000001,-0.65,0.010491083654245604,0.03183345103700717
38,2,0.9000000000000001,-0.65,0.010887514755015575,0.03430798501481582
39,2,0.9500000000000002,-0.65,0.01055517746758109,0.036502690587831545
0,3,-1.0,-0.6,-0.002218028325458518,0.0038516759760363894
1,3,-0.95,-0.6,-0.00270620614664676,0.0039145801808989494
2,3,-0.9,-0.6,-0.0037486631997685205,0.0040446631518266385
3,3,-0.85,-0.6,-0.005052156718013123,0.004530891055016112
4,3,-0.8,-0.6,-0.006940348352336284,0.005800577089275644
5,3,-0.75,-0.6,-0.009459413766517467,0.007831684813348512
6,3,-0.7,-0.6,-0.011869582079375891,0.009700251779334243
7,3,-0.6499999999999999,-0.6,-0.013090628233849537,0.010106737689931367
8,3,-0.6,-0.6,-0.012906234701214013,0.008575695346005573
9,3,-0.55,-0.6,-0.012458982491218192,0.00609550915859472
10,3,-0.5,-0.6,-0.012861693733507637,0.004661567078523866
11,3,-0.44999999999999996,-0.6,-0.013345779603562147,0.006420868513500842
12,3,-0.3999999999999999,-0.6,-0.012014889930988641,0.012962944216061908
13,3,-0.35,-0.6,-0.008361129446659461,0.024468539302132213
14,3,-0.29999999999999993,-0.6,-0.003394345065633221,0.039509352645079286
15,3,-0.25,-0.6,0.002860984569318173,0.05639575403861924
16,3,-0.19999999999999996,-0.6,0.012891474524166918,0.07420012109504072
17,3,-0.1499999999999999,-0.6,0.028806787042060904,0.0911275417726913
18,3,-0.09999999999999998,-0.6,0.046331985038870205,0.1018432367419825
19,3,-0.04999999999999993,-0.6,0.05689170901116796,0.09891881187606887
20,3,0.0,-0.6,0.05914756257212505,0.07942240349205883
21,3,0.050000000000000044,-0.6,0.057911716172848474,0.04939939380136109
22,3,0.10000000000000009,-0.6,0.049968872492523186,0.021098078833934244
23,3,0.15000000000000013,-0.6,0.027797141071701312,0.0066964901967527315
24,3,0.20000000000000018,-0.6,-0.001318424664026891,0.012284666398168602
25,3,0.25,-0.6,-0.01821948939142384,0.033223463702360054
26,3,0.30000000000000004,-0.6,-0.015711113850590836,0.05724729387313018
27,3,0.3500000000000001,-0.6,-0.003269857454894203,0.07491027364506171
28,3,0.40000000000000013,-0.6,0.010501441317096304,0.0839933851621329
29,3,0.4500000000000002,-0.6,0.02418640912614515,0.08514613895697204
30,3,0.5,-0.6,0.03459402556701033,0.07918138596983895
31,3,0.55,-0.6,0.035657655213439256,0.06848387093152435
32,3,0.6000000000000001,-0.6,0.02721443932380379,0.057054674787796744
33,3,0.6500000000000001,-0.6,0.016249540021428904,0.048064358394309704
34,3,0.7000000000000002,-0.6,0.00915396231395514,0.042375287048078726
35,3,0.75,-0.6,0.00751926443637781,0.0393864908694885
36,3,0.8,-0.6,0.009563606155302728,0.038295839742259134
37,3,0.8500000000000001,-0.6,0.012081749677033812,0.03826133979974431
38,3,0.9000000000000001,-0.6,0.012480476081900319,0.038381130187628724
39,3,0.9500000000000002,-0.6,0.01194844511569149,0.03818211873539286
0,4,-1.0,-0.55,-0.002127354513465976,0.004417368565764364
1,4,-0.95,-0.55,-0.002591084274622714,0.004313138523671135
2,4,-0.9,-0.55,-0.0035045341706562566,0.0042961438097213756
3,4,-0.85,-0.55,-0.004397944207114521,0.00449297467481468
4,4,-0.8,-0.55,-0.005529631154878242,0.005175089895292605
5,4,-0.75,-0.55,-0.007394136836161649,0.0066561624182986945
6,4,-0.7,-0.55,-0.010050468308316629,0.00881954515978868
7,4,-0.6499999999999999,-0.55,-0.012679869316368705,0.01078433447726769
8,4,-0.6,-0.55,-0.014159664584824858,0.011451991905476258
9,4,-0.55,-0.55,-0.014102514757683635,0.010681333635250562
10,4,-0.5,-0.55,-0.012708763328266037,0.009846676929726704
11,4,-0.44999999999999996,-0.55,-0.009602211141148814,0.011016053933387872
12,4,-0.3999999999999999,-0.55,-0.004255584385407379,0.015471537679439089
13,4,-0.35,-0.55,0.0024938214314518953,0.022922643859992
14,4,-0.29999999999999993,-0.55,0.009361732814098592,0.032156150981786265
15,4,-0.25,-0.55,0.017124028269856796,0.042486752932153274
16,4,-0.19999999999999996,-0.55,0.028455169451034462,0.05435663078223022
17,4,-0.1499999999999999,-0.55,0.04308207659887372,0.06764554132048593
18,4,-0.09999999999999998,-0.55,0.052912983901121785,0.07856253861493476
19,4,-0.04999999999999993,-0.55,0.04914713325442986,0.07978987063684469
20,4,0.0,-0.55,0.0368392211698724,0.06661903616476675
21,4,0.050000000000000044,-0.55,0.029610595924025995,0.04284936438637588
22,4,0.10000000000000009,-0.55,0.028632472894846665,0.019232651275220263
23,4,0.15000000000000013,-0.55,0.023558831857621934,0.007150675927240953
24,4,0.20000000000000018,-0.55,0.012682795796958145,0.0125811812966876
25,4,0.25,-0.55,0.005370464451033268,0.03170121195757195
26,4,0.30000000000000004,-0.55,0.006473537075397202,0.05394890954981
27,4,0.3500000000000001,-0.55,0.011858968446686975,0.07168150523977009
28,4,0.40000000000000013,-0.55,0.01756061972325789,0.0831812825244047
29,4,0.4500000000000002,-0.55,0.023001779785116878,0.08773959103069073
30,4,0.5,-0.55,0.026166670353092232,0.08424531638089823
31,4,0.55,-0.55,0.023577666793665852,0.07443038806705794
32,4,0.6000000000000001,-0.55,0.01582894390632926,0.06290213637205337
33,4,0.6500000000000001,-0.55,0.007908531363722422,0.0533245089354761
34,4,0.7000000000000002,-0.55,0.003910399471877641,0.04657400651836751
35,4,0.75,-0.55,0.004487517689816749,0.04202051034161479
36,4,0.8,-0.55,0.007748089654904164,0.03879268258967215
37,4,0.8500000000000001,-0.55,0.010576374099615194,0.03599700202220705
38,4,0.9000000000000001,-0.55,0.010808293690664121,0.03310617404396878
39,4,0.9500000000000002,-0.55,0.010157154563109349,0.030276592910275582
0,5,-1.0,-0.5,-0.002426488409644975,0.005742994908506591
1,5,-0.95,-0.5,-0.002827430902689748,0.005216822529086965
2,5,-0.9,-0.5,-0.0035688270486249757,0.004771961362933161
3,5,-0.85,-0.5,-0.004173210632441894,0.004580964702772389
4,5,-0.8,-0.5,-0.00477716060885227,0.004772870969834905
5,5,-0.75,-0.5,-0.005814958502021392,0.005553702074616307
6,5,-0.7,-0.5,-0.007741410020406896,0.0072134479649066385
7,5,-0.6499999999999999,-0.5,-0.01045818148816196,0.009669566146765264
8,5,-0.6,-0.5,-0.013009235543231142,0.012111947863389615
9,5,-0.55,-0.5,-0.014064297466967746,0.013552226895913524
10,5,-0.5,-0.5,-0.012526973435370327,0.013924703752801054
11,5,-0.44999999999999996,-0.5,-0.007720918853849762,0.014377157896986216
12,5,-0.3999999999999999,-0.5,-0.00010830000438451226,0.016228164036564685
13,5,-0.35,-0.5,0.008323483855687715,0.019812631750463286
14,5,-0.29999999999999993,-0.5,0.016169764006528052,0.024580483648841932
15,5,-0.25,-0.5,0.02506146436976213,0.03007243076033901
16,5,-0.19999999999999996,-0.5,0.03805026291249958,0.03634819915164844
17,5,-0.1499999999999999,-0.5,0.05301269487476544,0.042971909204884556
18,5,-0.09999999999999998,-0.5,0.05847631435522896,0.04752699425147935
19,5,-0.04999999999999993,-0.5,0.04494820656099995,0.046499130039946504
20,5,0.0,-0.5,0.022207056321656236,0.03860701986762487
21,5,0.050000000000000044,-0.5,0.010525331283301985,0.026359953205283785
22,5,0.10000000000000009,-0.5,0.014270184033388263,0.014601772275445388
23,5,0.15000000000000013,-0.5,0.021145671093168648,0.008845384032200379
24,5,0.20000000000000018,-0.5,0.023232111366304112,0.01286105371119662
25,5,0.25,-0.5,0.023148238861698558,0.025113407846197727
26,5,0.30000000000000004,-0.5,0.024269179431607293,0.03988931982350783
27,5,0.3500000000000001,-0.5,0.025962515519700496,0.052929362962524186
28,5,0.40000000000000013,-0.5,0.02655952710801695,0.0629125582449576
29,5,0.4500000000000002,-0.5,0.02525044298263868,0.06849184327021414
30,5,0.5,-0.5,0.02128482260337753,0.06802541225548352
31,5,0.55,-0.5,0.014314475204594395,0.062237227968560176
32,5,0.6000000000000001,-0.5,0.0061085601922219466,0.05422714865576196
33,5,0.6500000000000001,-0.5,-7.858983225695216e-05,0.04662132443146769
34,5,0.7000000000000002,-0.5,-0.002150036279906164,0.0403132879087503
35,5,0.75,-0.5,-0.0002620594923175446,0.03524857879150476
36,5,0.8,-0.5,0.0035400978358949902,0.030934248002435025
37,5,0.8500000000000001,-0.5,0.006395241131330437,0.026733955240818643
38,5,0.9000000000000001,-0.5,0.006760066969968851,0.022569595751493966
39,5,0.9500000000000002,-0.5,0.00628928284830509,0.018938968583431845
0,6,-1.0,-0.44999999999999996,-0.003179699272305228,0.006819652353176955
1,6,-0.95,-0.44999999999999996,-0.0035621178201961437,0.006265040184369013
2,6,-0.9,-0.44999999999999996,-0.0041403919969708325,0.005583864558685973
3,6,-0.85,-0.44999999999999996,-0.004397034600212776,0.0050191662198004194
4,6,-0.8,-0.44999999999999996,-0.004556893783034324,0.004806546565178059
5,6,-0.75,-0.44999999999999996,-0.004953559841089916,0.005059650692310451
6,6,-0.7,-0.44999999999999996,-0.005934604236167672,0.005984311458081537
7,6,-0.6499999999999999,-0.44999999999999996,-0.007781369417885729,0.007891817604890293
8,6,-0.6,-0.44999999999999996,-0.010277003835676597,0.010662764742585228
9,6,-0.55,-0.44999999999999996,-0.012289758868272195,0.01339582086354596
10,6,-0.5,-0.44999999999999996,-0.011883832327193346,0.015070055000883098
11,6,-0.44999999999999996,-0.44999999999999996,-0.007298750857385183,0.015626148238999937
12,6,-0.3999999999999999,-0.44999999999999996,0.0011798894680696906,0.01599390334389897
13,6,-0.35,-0.44999999999999996,0.010846141043729142,0.017086629159587044
14,6,-0.29999999999999993,-0.44999999999999996,0.019621531823974317,0.0191514410726875
15,6,-0.25,-0.44999999999999996,0.028891743772663306,0.02178898891974302
16,6,-0.19999999999999996,-0.44999999999999996,0.04135464789558001,0.02385530508915077
17,6,-0.1499999999999999,-0.44999999999999996,0.054260871698704624,0.023382279323624685
18,6,-0.09999999999999998,-0.44999999999999996,0.05644020473618373,0.01908334542452558
19,6,-0.04999999999999993,-0.44999999999999996,0.04022715887057538,0.013033506476843038
20,6,0.0,-0.44999999999999996,0.016700044335209684,0.009521647939353724
21,6,0.050000000000000044,-0.44999999999999996,0.005605348331846512,0.009691376320704569
22,6,0.10000000000000009,-0.44999999999999996,0.011117903721763259,0.010877323737731003
23,6,0.15000000000000013,-0.44999999999999996,0.021818113293373166,0.011901990809822143
24,6,0.20000000000000018,-0.44999999999999996,0.028950819610955494,0.014536176452164817
25,6,0.25,-0.44999999999999996,0.03239873056334448,0.01976322468964441
26,6,0.30000000000000004,-0.44999999999999996,0.03428949219172366,0.026391050462766644
27,6,0.3500000000000001,-0.44999999999999996,0.03488220686813674,0.03292401731257816
28,6,0.40000000000000013,-0.44999999999999996,0.033123100030947844,0.03836871009239239
29,6,0.4500000000000002,-0.44999999999999996,0.028114633795642798,0.04175647296683913
30,6,0.5,-0.44999999999999996,0.01991205505143827,0.04235558083840855
31,6,0.55,-0.44999999999999996,0.009779403193944294,0.04024623318222628
32,6,0.6000000000000001,-0.44999999999999996,0.0002130403692367699,0.03622691198326454
33,6,0.6500000000000001,-0.44999999999999996,-0.006005329383289241,0.031388688264587336
34,6,0.7000000000000002,-0.44999999999999996,-0.007462346168085284,0.026816412528233847
35,6,0.75,-0.44999999999999996,-0.004891522216498526,0.02309407626206095
36,6,0.8,-0.44999999999999996,-0.0007665338957819554,0.0199251343601694
37,6,0.8500000000000001,-0.44999999999999996,0.0022117218486741386,0.016757128427610717
38,6,0.9000000000000001,-0.44999999999999996,0.0030133070332773225,0.013671253028409465
39,6,0.9500000000000002,-0.44999999999999996,0.0028959002269851077,0.011145244416721775
0,7,-1.0,-0.39999999999999997,-0.0035357127472608607,0.005624474604096763
1,7,-0.95,-0.39999999999999997,-0.00406321869718073,0.006015362097143637
2,7,-0.9,-0.39999999999999997,-0.004814701013193569,0.0060399390895790606
3,7,-0.85,-0.39999999999999997,-0.0049505286259498085,0.005685070841842561
4,7,-0.8,-0.39999999999999997,-0.004736676136342238,0.005285618357567488
5,7,-0.75,-0.39999999999999997,-0.004637193609117914,0.005195609237018117
6,7,-0.7,-0.39999999999999997,-0.0049092431078270535,0.005601622755592658
7,7,-0.6499999999999999,-0.39999999999999997,-0.005779728203658269,0.0067593344372676376
8,7,-0.6,-0.39999999999999997,-0.007505232284575475,0.008935048212066164
9,7,-0.55,-0.39999999999999997,-0.009657007208669875,0.011857128133859057
10,7,-0.5,-0.39999999999999997,-0.01029664605991635,0.014582429947464608
11,7,-0.44999999999999996,-0.39999999999999997,-0.006797070510833891,0.016255921346587064
12,7,-0.3999999999999999,-0.39999999999999997,0.0013521809162025944,0.01680153695588306
13,7,-0.35,-0.39999999999999997,0.011481021584476246,0.016850577242573904
14,7,-0.29999999999999993,-0.39999999999999997,0.020872123766684028,0.017147743734351843
15,7,-0.25,-0.39999999999999997,0.0297653283862254,0.017658507189988425
16,7,-0.19999999999999996,-0.39999999999999997,0.03964355331638124,0.01678300605191016
17,7,-0.1499999999999999,-0.39999999999999997,0.04824073521014025,0.01194619068419835
18,7,-0.09999999999999998,-0.39999999999999997,0.048127541508447315,0.0029229768794187053
19,7,-0.04999999999999993,-0.39999999999999997,0.0353865090758281,-0.005010219724424468
20,7,0.0,-0.39999999999999997,0.018864926165517767,-0.00522629851838435
21,7,0.050000000000000044,-0.39999999999999997,0.011881007081679263,0.0019004564434025456
22,7,0.10000000000000009,-0.39999999999999997,0.016480798522505835,0.009813117130237888
23,7,0.15000000000000013,-0.39999999999999997,0.024804523807602463,0.014238573140276248
24,7,0.20000000000000018,-0.39999999999999997,0.03109334524612638,0.015816621305513805
25,7,0.25,-0.39999999999999997,0.03500311287230039,0.01650213018964323
26,7,0.30000000000000004,-0.39999999999999997,0.037429972054541044,0.017278046646183494
27,7,0.3500000000000001,-0.39999999999999997,0.037940175149326245,0.018175751900151242
28,7,0.40000000000000013,-0.39999999999999997,0.035391982762277924,0.01874963109184973
29,7,0.4500000000000002,-0.39999999999999997,0.02923731372865483,0.01884149786425774
30,7,0.5,-0.39999999999999997,0.019774582818764683,0.01878725889077069
31,7,0.55,-0.39999999999999997,0.008185806349450394,0.018451288886012756
32,7,0.6000000000000001,-0.39999999999999997,-0.002748984725417002,0.017177724406050327
33,7,0.6500000000000001,-0.39999999999999997,-0.00948908928728765,0.015175636579155266
34,7,0.7000000000000002,-0.39999999999999997,-0.010444648282432554,0.01356577596754482
35,7,0.75,-0.39999999999999997,-0.007153337660381989,0.012829449563973869
36,7,0.8,-0.39999999999999997,-0.00279684999855524,0.012324658723920547
37,7,0.8500000000000001,-0.39999999999999997,0.00014135979957050158,0.011415034733812624
38,7,0.9000000000000001,-0.39999999999999997,0.0011481829590799086,0.010243018597827393
39,7,0.9500000000000002,-0.39999999999999997,0.0012372656249297082,0.009237389764875772
0,8,-1.0,-0.35,-0.002397924286211481,0.0015758184853666493
1,8,-0.95,-0.35,-0.003146653334713846,0.00340699535349296
2,8,-0.9,-0.35,-0.004470683252271908,0.0050353979040628286
3,8,-0.85,-0.35,-0.0051513553322243485,0.005900683427397177
4,8,-0.8,-0.35,-0.005046355387858768,0.005989014610462244
5,8,-0.75,-0.35,-0.004637555443064746,0.005858482628832047
6,8,-0.7,-0.35,-0.0043708790359181515,0.006026573491742897
7,8,-0.6499999999999999,-0.35,-0.0044479439614122235,0.006816919856933411
8,8,-0.6,-0.35,-0.0051792101390851775,0.008618450966671985
9,8,-0.55,-0.35,-0.006642377132873752,0.011671115279231134
10,8,-0.5,-0.35,-0.007485039114465339,0.015446643292010356
11,8,-0.44999999999999996,-0.35,-0.005079643848966732,0.01866159518598913
12,8,-0.3999999999999999,-0.35,0.0017745453640565303,0.020200182311228346
13,8,-0.35,-0.35,0.011192347822197926,0.020089983253000314
14,8,-0.29999999999999993,-0.35,0.020429461771388838,0.01929848029644861
15,8,-0.25,-0.35,0.028527006090221622,0.018281426076991528
16,8,-0.19999999999999996,-0.35,0.03564233138978993,0.015934304619129938
17,8,-0.1499999999999999,-0.35,0.04040084252621317,0.010487025728269199
18,8,-0.09999999999999998,-0.35,0.03948379432756091,0.0024291513226778506
19,8,-0.04999999999999993,-0.35,0.03207788347277232,-0.00358353965347653
20,8,0.0,-0.35,0.023610720503036697,-0.0027075132494959984
21,8,0.050000000000000044,-0.35,0.020644763980468748,0.003981605614831914
22,8,0.10000000000000009,-0.35,0.02345602041863696,0.011010732968397127
23,8,0.15000000000000013,-0.35,0.027821617468649085,0.014848882719754345
24,8,0.20000000000000018,-0.35,0.031214376660322472,0.015485953043601576
25,8,0.25,-0.35,0.033860155904014165,0.014115932832409233
26,8,0.30000000000000004,-0.35,0.03596311390223168,0.011729884924805036
27,8,0.3500000000000001,-0.35,0.03635379131380297,0.008856950160002309
28,8,0.40000000000000013,-0.35,0.03378884599505434,0.00574396265647331
29,8,0.4500000000000002,-0.35,0.02815226159456376,0.003073335870253059
30,8,0.5,-0.35,0.019521846073193284,0.0019233255978526927
31,8,0.55,-0.35,0.008169868709223928,0.0024108722737597836
32,8,0.6000000000000001,-0.35,-0.0030626119376207187,0.0036109818808670226
33,8,0.6500000000000001,-0.35,-0.009617277821794747,0.005146544990019472
34,8,0.7000000000000002,-0.35,-0.009808533183266683,0.007284189753941255
35,8,0.75,-0.35,-0.0061326394601228,0.009664939233818412
36,8,0.8,-0.35,-0.0021809487259432,0.011383139336315112
37,8,0.8500000000000001,-0.35,0.00013008172258098527,0.012071313459315816
38,8,0.9000000000000001,-0.35,0.0008356620643404714,0.01211070391617052
39,8,0.9500000000000002,-0.35,0.0008846425610818665,0.011973069291892515
0,9,-1.0,-0.3,0.0001266409889917608,-0.0027106323807326096
1,9,-0.95,-0.3,-0.000603639278484551,-0.0004339549551480096
2,9,-0.9,-0.3,-0.002321012939289352,0.002338142580327607
3,9,-0.85,-0.3,-0.003996911919550393,0.0047942843642809554
4,9,-0.8,-0.3,-0.004778876934907368,0.006211647766751552
5,9,-0.75,-0.3,-0.004599634727837261,0.0067274321173787024
6,9,-0.7,-0.3,-0.00395080587972569,0.007060090918271263
7,9,-0.6499999999999999,-0.3,-0.00318785072872918,0.00791343577639013
8,9,-0.6,-0.3,-0.0026510368622777516,0.009955688216545314
9,9,-0.55,-0.3,-0.002828814883331504,0.013692627550793215
10,9,-0.5,-0.3,-0.0033061661531583533,0.018660866282213286
11,9,-0.44999999999999996,-0.3,-0.002043531491615902,0.023168951562455194
12,9,-0.3999999999999999,-0.3,0.0027805689832137784,0.025535952506377975
13,9,-0.35,-0.3,0.010579319569696509,0.025555853219590766
14,9,-0.29999999999999993,-0.3,0.019063566590675242,0.024319549520260657
15,9,-0.25,-0.3,0.02640115270890673,0.022614809085012566
16,9,-0.19999999999999996,-0.3,0.03184915296765891,0.020077456340150627
17,9,-0.1499999999999999,-0.3,0.03473558191368816,0.016097286942089884
18,9,-0.09999999999999998,-0.3,0.03405697612670158,0.011334669900151025
19,9,-0.04999999999999993,-0.3,0.03024984450365425,0.008094021493996063
20,9,0.0,-0.3,0.02643007143382621,0.008254520846816688
21,9,0.050000000000000044,-0.3,0.025599253299572387,0.010986160668039271
22,9,0.10000000000000009,-0.3,0.02734807562742827,0.013849253191765935
23,9,0.15000000000000013,-0.3,0.02927974388280691,0.015300229085059465
24,9,0.20000000000000018,-0.3,0.030360395358781267,0.015018470102398082
25,9,0.25,-0.3,0.031247044753503848,0.013076891789387243
26,9,0.30000000000000004,-0.3,0.03217098938213411,0.00970530913093955
27,9,0.3500000000000001,-0.3,0.03195425288099452,0.005363690796992396
28,9,0.40000000000000013,-0.3,0.029608368472528675,0.0007601220971757217
29,9,0.4500000000000002,-0.3,0.02541667667003421,-0.002952296530037207
30,9,0.5,-0.3,0.019112119222271406,-0.0043998092724996385
31,9,0.55,-0.3,0.009873462632464724,-0.0029951199462289416
32,9,0.6000000000000001,-0.3,-1.3312009157313495e-05,0.0006416818098041628
33,9,0.6500000000000001,-0.3,-0.005815881414213417,0.005387665808311657
34,9,0.7000000000000002,-0.3,-0.005926254038633614,0.01013164811462016
35,9,0.75,-0.3,-0.003054388078008131,0.013857363024308037
36,9,0.8,-0.3,-0.00039047577305783426,0.016047438550779645
37,9,0.8500000000000001,-0.3,0.0008689243794259092,0.01695492367390557
38,9,0.9000000000000001,-0.3,0.0010499387916566068,0.017200409103193728
39,9,0.9500000000000002,-0.3,0.0009619963763736993,0.017233658142698
0,10,-1.0,-0.25,0.0021554305649577193,-0.0024327436868385247
1,10,-0.95,-0.25,0.0019021216263463703,-0.0019759772560543065
2,10,-0.9,-0.25,0.0007575560671570572,-0.0003053390330061065
3,10,-0.85,-0.25,-0.0012778501458004035,0.0024026802354725277
4,10,-0.8,-0.25,-0.0031132076347610213,0.005114721834665811
5,10,-0.75,-0.25,-0.0037891122915450354,0.006997525034266455
6,10,-0.7,-0.25,-0.003184875376906725,0.008216603790700376
7,10,-0.6499999999999999,-0.25,-0.0015523466631381724,0.00961934701670053
8,10,-0.6,-0.25,0.0005999816353179088,0.012218637660510179
9,10,-0.55,-0.25,0.0020628009327942204,0.016657383028136248
10,10,-0.5,-0.25,0.0019912848971966393,0.022302114208951306
11,10,-0.44999999999999996,-0.25,0.0017954423751979573,0.027234592413076415
12,10,-0.3999999999999999,-0.25,0.004161447021192102,0.02982916748789609
13,10,-0.35,-0.25,0.009975944836080608,0.030029130941032905
14,10,-0.29999999999999993,-0.25,0.017488417636810638,0.028885627125949664
15,10,-0.25,-0.25,0.024284912910111593,0.027227730340253168
16,10,-0.19999999999999996,-0.25,0.02912480924686725,0.025146059552468483
17,10,-0.1499999999999999,-0.25,0.03165805608621357,0.022634531721210296
18,10,-0.09999999999999998,-0.25,0.03148052887946709,0.020142649776011216
19,10,-0.04999999999999993,-0.25,0.02899773441943799,0.01835199699574068
20,10,0.0,-0.25,0.026502859677079906,0.017528083730067433
21,10,0.050000000000000044,-0.25,0.026239496325417996,0.017273320210619125
22,10,0.10000000000000009,-0.25,0.027770088835657153,0.017019890674689765
23,10,0.15000000000000013,-0.25,0.02899083437928123,0.016442210923000758
24,10,0.20000000000000018,-0.25,0.028991039364650254,0.015300927589177626
25,10,0.25,-0.25,0.02854699493255564,0.013300643152224342
26,10,0.30000000000000004,-0.25,0.028249912909836833,0.010312581514876129
27,10,0.3500000000000001,-0.25,0.027408604280039148,0.0066831859919526835
28,10,0.40000000000000013,-0.25,0.025472858668024737,0.003232555903393535
29,10,0.4500000000000002,-0.25,0.0229923302248884,0.0010162842649949228
30,10,0.5,-0.25,0.01947902265700155,0.001013466002637688
31,10,0.55,-0.25,0.01321135979152773,0.0037294844490598673
32,10,0.6000000000000001,-0.25,0.00532017381691988,0.008683068853743018
33,10,0.6500000000000001,-0.25,-0.00012731151697874948,0.014340150441148475
34,10,0.7000000000000002,-0.25,-0.001338835967270302,0.019010930092520813
35,10,0.75,-0.25,-0.00021684902396331383,0.02186594158706663
36,10,0.8,-0.25,0.000916611923654333,0.02309724874661324
37,10,0.8500000000000001,-0.25,0.0012830522749950665,0.023386610669902774
38,10,0.9000000000000001,-0.25,0.0011143965331329025,0.0233309357868977
39,10,0.9500000000000002,-0.25,0.0009511406400904143,0.023224787578546395
0,11,-1.0,-0.19999999999999996,0.001040173850560197,0.006208873821067912
1,11,-0.95,-0.19999999999999996,0.0015237653753478672,0.0027610066617801687
2,11,-0.9,-0.19999999999999996,0.0020576445522374823,0.00046296706858406367
3,11,-0.85,-0.19999999999999996,0.0014231489481215248,0.0005689412197540725
4,11,-0.8,-0.19999999999999996,-0.0001840321361134406,0.0028460225849474136
5,11,-0.75,-0.19999999999999996,-0.0014977527718026962,0.005827218833249527
6,11,-0.7,-0.19999999999999996,-0.0013289838972916149,0.008514477326734896
7,11,-0.6499999999999999,-0.19999999999999996,0.0008141831410806225,0.01111489017291082
8,11,-0.6,-0.19999999999999996,0.004386999149157966,0.014461989381589838
9,11,-0.55,-0.19999999999999996,0.007254661665109623,0.019034795755808187
10,11,-0.5,-0.19999999999999996,0.007271043231781814,0.024143974529642065
11,11,-0.44999999999999996,-0.19999999999999996,0.005483521787328881,0.028262584249550797
12,11,-0.3999999999999999,-0.19999999999999996,0.005575107511170269,0.030398276153998562
13,11,-0.35,-0.19999999999999996,0.009635779207750085,0.030729933847024014
14,11,-0.29999999999999993,-0.19999999999999996,0.016262165989895504,0.03003057305427468
15,11,-0.25,-0.19999999999999996,0.022661585135425547,0.028910834409942715
16,11,-0.19999999999999996,-0.19999999999999996,0.02725595434861604,0.027512928095780268
17,11,-0.1499999999999999,-0.19999999999999996,0.029732172137230898,0.025755394075056455
18,11,-0.09999999999999998,-0.19999999999999996,0.02977444140123197,0.023764744748069368
19,11,-0.04999999999999993,-0.19999999999999996,0.02763527845771047,0.021982888745781005
20,11,0.0,-0.19999999999999996,0.025351394648704655,0.020713795598785063
21,11,0.050000000000000044,-0.19999999999999996,0.025091060244194722,0.019707599280176485
22,11,0.10000000000000009,-0.19999999999999996,0.026516966339809902,0.018498041609965547
23,11,0.15000000000000013,-0.19999999999999996,0.027560780797294772,0.016938263144024624
24,11,0.20000000000000018,-0.19999999999999996,0.02721882758800485,0.015129235320147632
25,11,0.25,-0.19999999999999996,0.02625869867920235,0.013124313815941844
26,11,0.30000000000000004,-0.19999999999999996,0.025553532221862456,0.01098431518143385
27,11,0.3500000000000001,-0.19999999999999996,0.024874227269511925,0.009077123669323667
28,11,0.40000000000000013,-0.19999999999999996,0.023941466745570912,0.008153411276163192
29,11,0.4500000000000002,-0.19999999999999996,0.023197586769278366,0.008931832113213585
30,11,0.5,-0.19999999999999996,0.021825319406336353,0.011577620358098287
31,11,0.55,-0.19999999999999996,0.017543065483570052,0.015749962694933783
32,11,0.6000000000000001,-0.19999999999999996,0.010597353982931294,0.020708678049296582
33,11,0.6500000000000001,-0.19999999999999996,0.004511979824564378,0.02521002389939077
34,11,0.7000000000000002,-0.19999999999999996,0.001599537107284544,0.028139684660161274
35,11,0.75,-0.19999999999999996,0.0010319305760842987,0.029350621163410865
36,11,0.8,-0.19999999999999996,0.0011301933097783087,0.029472331119326806
37,11,0.8500000000000001,-0.19999999999999996,0.0011026114197103688,0.029189699014494162
38,11,0.9000000000000001,-0.19999999999999996,0.0008881157003002259,0.028880315062649813
39,11,0.9500000000000002,-0.19999999999999996,0.0007496999596710852,0.028659901185845896
0,12,-1.0,-0.1499999999999999,-0.004740303753617767,0.022277958007251783
1,12,-0.95,-0.1499999999999999,-0.003843785126137478,0.014916242287813068
2,12,-0.9,-0.1499999999999999,-0.001434509374869039,0.007429481600774376
3,12,-0.85,-0.1499999999999999,0.0011052053705629464,0.0024100771021025313
4,12,-0.8,-0.1499999999999999,0.0021450699787344332,0.0014173463876725884
5,12,-0.75,-0.1499999999999999,0.0018793424502424466,0.0036211010707656865
6,12,-0.7,-0.1499999999999999,0.002102795962754568,0.007256350107972924
7,12,-0.6499999999999999,-0.1499999999999999,0.00439516539171677,0.0113797376162688
8,12,-0.6,-0.1499999999999999,0.008519887218215276,0.01585107144966326
9,12,-0.55,-0.1499999999999999,0.011744786080846448,0.02038283158312129
10,12,-0.5,-0.1499999999999999,0.01121907339093925,0.024211501829626576
11,12,-0.44999999999999996,-0.1499999999999999,0.008049743999554455,0.026711559886173873
12,12,-0.3999999999999999,-0.1499999999999999,0.00662879661866532,0.027882896770688188
13,12,-0.35,-0.1499999999999999,0.009608241736356726,0.02810654318072786
14,12,-0.29999999999999993,-0.1499999999999999,0.01566931819972934,0.027778708325725647
15,12,-0.25,-0.1499999999999999,0.02176726795161718,0.027215301182530252
16,12,-0.19999999999999996,-0.1499999999999999,0.02596936891198099,0.026413646139059558
17,12,-0.1499999999999999,-0.1499999999999999,0.02790987273850267,0.024990810624283682
18,12,-0.09999999999999998,-0.1499999999999999,0.027708023550191644,0.022866632230731255
19,12,-0.04999999999999993,-0.1499999999999999,0.025946785270153684,0.020799588306969676
20,12,0.0,-0.1499999999999999,0.024227570211475386,0.019592461959418352
21,12,0.050000000000000044,-0.1499999999999999,0.02402374233659848,0.018937010090377317
22,12,0.10000000000000009,-0.1499999999999999,0.02500075269950529,0.017833651445973556
23,12,0.15000000000000013,-0.1499999999999999,0.025622028089463317,0.015909648502606597
24,12,0.20000000000000018,-0.1499999999999999,0.02517709003656747,0.013636164258068918
25,12,0.25,-0.1499999999999999,0.024402074793841856,0.011627782602979218
26,12,0.30000000000000004,-0.1499999999999999,0.024202722763218658,0.010255294005227867
27,12,0.3500000000000001,-0.1499999999999999,0.024577700374768488,0.009857163195122247
28,12,0.40000000000000013,-0.1499999999999999,0.025327567111914657,0.011024976859884779
29,12,0.4500000000000002,-0.1499999999999999,0.026416539306823496,0.014241604032582065
30,12,0.5,-0.1499999999999999,0.02629715323872175,0.01904622327746924
31,12,0.55,-0.1499999999999999,0.022342417482726022,0.02420326741622707
32,12,0.6000000000000001,-0.1499999999999999,0.014780235021376866,0.028666381893902172
33,12,0.6500000000000001,-0.1499999999999999,0.007303695093885945,0.031813653716637885
34,12,0.7000000000000002,-0.1499999999999999,0.0028017612967497912,0.03342324479158292
35,12,0.75,-0.1499999999999999,0.0011157974352022162,0.033835785074712056
36,12,0.8,-0.1499999999999999,0.000755689774737632,0.03366951172612699
37,12,0.8500000000000001,-0.1499999999999999,0.0006910362183180745,0.03337572928077716
38,12,0.9000000000000001,-0.1499999999999999,0.000584598704484636,0.033132918136440766
39,12,0.9500000000000002,-0.1499999999999999,0.0005103128864825807,0.03297187209568895
0,13,-1.0,-0.09999999999999998,-0.013683257588317232,0.038637118229649395
1,13,-0.95,-0.09999999999999998,-0.01332471103112954,0.030407520827012632
2,13,-0.9,-0.09999999999999998,-0.010448520633473055,0.02002120071299969
3,13,-0.85,-0.09999999999999998,-0.004588986264980263,0.010149392604026815
4,13,-0.8,-0.09999999999999998,0.0010269918325497146,0.004045697894222364
5,13,-0.75,-0.09999999999999998,0.004341250948497639,0.0028680796711109263
6,13,-0.7,-0.09999999999999998,0.006429652648211499,0.005548769147220925
7,13,-0.6499999999999999,-0.09999999999999998,0.009408904482770958,0.010492931438399224
8,13,-0.6,-0.09999999999999998,0.013390093116010457,0.016216737542526817
9,13,-0.55,-0.09999999999999998,0.015615092045072939,0.021043394536825882
10,13,-0.5,-0.09999999999999998,0.013599771534834396,0.02376590291595029
11,13,-0.44999999999999996,-0.09999999999999998,0.009154916728390493,0.024640646789547953
12,13,-0.3999999999999999,-0.09999999999999998,0.006970090805724256,0.024709075910012788
13,13,-0.35,-0.09999999999999998,0.009531590762787544,0.0245486659206472
14,13,-0.29999999999999993,-0.09999999999999998,0.015370923991697896,0.02421570049846663
15,13,-0.25,-0.09999999999999998,0.021296522948759458,0.023782817081445962
16,13,-0.19999999999999996,-0.09999999999999998,0.02503146379036947,0.023200497852614924
17,13,-0.1499999999999999,-0.09999999999999998,0.026185158228902595,0.02205476761695394
18,13,-0.09999999999999998,-0.09999999999999998,0.025583219083917964,0.02027202675385314
19,13,-0.04999999999999993,-0.09999999999999998,0.024361108186397567,0.018665970911863033
20,13,0.0,-0.09999999999999998,0.023488816432112297,0.018069560954307833
21,13,0.050000000000000044,-0.09999999999999998,0.023332249730749925,0.0180851584096791
22,13,0.10000000000000009,-0.09999999999999998,0.023489604752039185,0.017370222902518932
23,13,0.15000000000000013,-0.09999999999999998,0.023363293609390136,0.0152541964078919
24,13,0.20000000000000018,-0.09999999999999998,0.022936961688377472,0.012514056327259115
25,13,0.25,-0.09999999999999998,0.022877828426361296,0.010424966446341008
26,13,0.30000000000000004,-0.09999999999999998,0.023782912814005488,0.009595715892863425
27,13,0.3500000000000001,-0.09999999999999998,0.025643910124168837,0.010081293232144916
28,13,0.40000000000000013,-0.09999999999999998,0.028325907583030732,0.012158978325859755
29,13,0.4500000000000002,-0.09999999999999998,0.03121883318686283,0.016208438121430777
30,13,0.5,-0.09999999999999998,0.031786982789981356,0.021639281565539084
31,13,0.55,-0.09999999999999998,0.027163224100002985,0.026943887404633535
32,13,0.6000000000000001,-0.09999999999999998,0.018207740283342107,0.03104547609680509
33,13,0.6500000000000001,-0.09999999999999998,0.009268842722245131,0.03374063724714481
34,13,0.7000000000000002,-0.09999999999999998,0.003621668465358715,0.035253546022756786
35,13,0.75,-0.09999999999999998,0.0012781975106283643,0.03597374041981825
36,13,0.8,-0.09999999999999998,0.0006701375158434109,0.03627491103382422
37,13,0.8500000000000001,-0.09999999999999998,0.0005660178300241452,0.03639096998595865
38,13,0.9000000000000001,-0.09999999999999998,0.0004842585152120202,0.03642666474890468
39,13,0.9500000000000002,-0.09999999999999998,0.00042760787816745194,0.036431182078064166
0,14,-1.0,-0.04999999999999993,-0.0211994985588913,0.046792044113152034
1,14,-0.95,-0.04999999999999993,-0.022459702642787186,0.04194495929886568
2,14,-0.9,-0.04999999999999993,-0.021692637597854857,0.0335811221133854
3,14,-0.85,-0.04999999999999993,-0.01487029744821438,0.022741761536950005
4,14,-0.8,-0.04999999999999993,-0.005136242954181455,0.012816220784024335
5,14,-0.75,-0.04999999999999993,0.003382413703241008,0.007093759980205602
6,14,-0.7,-0.04999999999999993,0.009727647730042865,0.006692817650283851
7,14,-0.6499999999999999,-0.04999999999999993,0.015063133787022662,0.01068976460133271
8,14,-0.6,-0.04999999999999993,0.019070350316641935,0.016650595537808684
9,14,-0.55,-0.04999999999999993,0.01929395145426992,0.02138905965545921
10,14,-0.5,-0.04999999999999993,0.01481632564366132,0.02311701141608096
11,14,-0.44999999999999996,-0.04999999999999993,0.008992916993616953,0.02275666237974705
12,14,-0.3999999999999999,-0.04999999999999993,0.006536815749764568,0.022096470040671966
13,14,-0.35,-0.04999999999999993,0.009114866324810567,0.02174578065357865
14,14,-0.29999999999999993,-0.04999999999999993,0.0149034693605281,0.02139327959804772
15,14,-0.25,-0.04999999999999993,0.020752065305765476,0.02086068051673169
16,14,-0.19999999999999996,-0.04999999999999993,0.024241319447488967,0.020194801152558072
17,14,-0.1499999999999999,-0.04999999999999993,0.02498140163974089,0.019318633932025372
18,14,-0.09999999999999998,-0.04999999999999993,0.02431922684510074,0.01835242489641318
19,14,-0.04999999999999993,-0.04999999999999993,0.023744319470608375,0.017939921373222544
20,14,0.0,-0.04999999999999993,0.023646757709291453,0.018705937390033595
21,14,0.050000000000000044,-0.04999999999999993,0.02332440428480958,0.020193719030844083
22,14,0.10000000000000009,-0.04999999999999993,0.022169790697718093,0.020582126666386022
23,14,0.15000000000000013,-0.04999999999999993,0.020765861514203503,0.018526783118407213
24,14,0.20000000000000018,-0.04999999999999993,0.02034786007501658,0.015111390832742138
25,14,0.25,-0.04999999999999993,0.021483734359446165,0.01260354759957656
26,14,0.30000000000000004,-0.04999999999999993,0.023859049549022564,0.01192197696069948
27,14,0.3500000000000001,-0.04999999999999993,0.027140962807764818,0.012595407874014175
28,14,0.40000000000000013,-0.04999999999999993,0.031454712001200515,0.014405506580951024
29,14,0.4500000000000002,-0.04999999999999993,0.03589684254650283,0.01779934133897836
30,14,0.5,-0.04999999999999993,0.03703260252192451,0.02265899372771894
31,14,0.55,-0.04999999999999993,0.031748612013992025,0.02783434779062661
32,14,0.6000000000000001,-0.04999999999999993,0.021576984863888142,0.032193849687086364
33,14,0.6500000000000001,-0.04999999999999993,0.011511765019837639,0.035316941905393445
34,14,0.7000000000000002,-0.04999999999999993,0.005034864469423226,0.03730058613535232
35,14,0.75,-0.04999999999999993,0.0021371624462696547,0.03846030059518888
36,14,0.8,-0.04999999999999993,0.001172919340878039,0.03910875447020547
37,14,0.8500000000000001,-0.04999999999999993,0.0008427899333985321,0.03945935302535491
38,14,0.9000000000000001,-0.04999999999999993,0.0006248107965901514,0.039636277394063495
39,14,0.9500000000000002,-0.04999999999999993,0.0005193475448015544,0.03971981123896113
0,15,-1.0,0.0,-0.023377427216889936,0.04506011428944205
1,15,-0.95,0.0,-0.02653563303089617,0.04515349900349725
2,15,-0.9,0.0,-0.029651718395388733,0.04237770481866701
3,15,-0.85,0.0,-0.02535388759434133,0.035553452326707
4,15,-0.8,0.0,-0.014621009724194688,0.026158287049153246
5,15,-0.75,0.0,-0.001782152185242844,0.017894471850552728
6,15,-0.7,0.0,0.010025657269338607,0.013990577866639688
7,15,-0.6499999999999999,0.0,0.01936668237029579,0.015152441909536737
8,15,-0.6,0.0,0.024089388170136956,0.01902538403999855
9,15,-0.55,0.0,0.022081507923345216,0.02188798730408918
10,15,-0.5,0.0,0.014967374259122236,0.022069442083446425
11,15,-0.44999999999999996,0.0,0.008134375352981497,0.020972094324504826
12,15,-0.3999999999999999,0.0,0.005959209079555855,0.020397484855312082
13,15,-0.35,0.0,0.008828400320163299,0.020552881891561237
14,15,-0.29999999999999993,0.0,0.014485823854850938,0.020700361478082126
15,15,-0.25,0.0,0.02009804450326981,0.020364108229420762
16,15,-0.19999999999999996,0.0,0.02348941720566315,0.01964758612782374
17,15,-0.1499999999999999,0.0,0.0243427819727577,0.01891473418958212
18,15,-0.09999999999999998,0.0,0.024204506525115136,0.018580789431106824
19,15,-0.04999999999999993,0.0,0.024714620680017983,0.019293321786453065
20,15,0.0,0.0,0.025742614089733832,0.021824396823327145
21,15,0.050000000000000044,0.0,0.02520843900710235,0.025743318586847076
22,15,0.10000000000000009,0.0,0.021822668839602318,0.0282274374439257
23,15,0.15000000000000013,0.0,0.017892557775746252,0.026696136301000237
24,15,0.20000000000000018,0.0,0.017013726169546817,0.02247714416508519
25,15,0.25,0.0,0.019688414554318637,0.01904021585150159
26,15,0.30000000000000004,0.0,0.023774773088443106,0.01784010685773163
27,15,0.3500000000000001,0.0,0.02812743974442038,0.017987333589387366
28,15,0.40000000000000013,0.0,0.03352984104799492,0.018732879501450497
29,15,0.4500000000000002,0.0,0.039472320333630746,0.020744971426200076
30,15,0.5,0.0,0.04182198924162961,0.024869833463589924
31,15,0.55,0.0,0.036698080059370405,0.03054945853076533
32,15,0.6000000000000001,0.0,0.025690334398108944,0.03604490728777011
33,15,0.6500000000000001,0.0,0.014375579170511094,0.039943484090430664
34,15,0.7000000000000002,0.0,0.00676502715515415,0.04201561230808755
35,15,0.75,0.0,0.003086365845481505,0.042854890348934735
36,15,0.8,0.0,0.0016691899460094355,0.043119084910347855
37,15,0.8500000000000001,0.0,0.0010935407538821725,0.04317867544883969
38,15,0.9000000000000001,0.0,0.0007447167288182448,0.04317612750974217
39,15,0.9500000000000002,0.0,0.0005946755679627283,0.0431594586206232
0,16,-1.0,0.050000000000000044,-0.0210127291307809,0.03919134863310852
1,16,-0.95,0.050000000000000044,-0.02514211211356223,0.04193168939454185
2,16,-0.9,0.050000000000000044,-0.031292684274645106,0.04396368366177983
3,16,-0.85,0.050000000000000044,-0.031089715217728145,0.04319165898901604
4,16,-0.8,0.050000000000000044,-0.02279522343033573,0.03862578084921757
5,16,-0.75,0.050000000000000044,-0.00878529547927255,0.03206937027612315
6,16,-0.7,0.050000000000000044,0.006985617789026875,0.026772350319693005
7,16,-0.6499999999999999,0.050000000000000044,0.020097939960381523,0.024481834955616746
8,16,-0.6,0.050000000000000044,0.025805895711194377,0.02395846302768642
9,16,-0.55,0.050000000000000044,0.022338009497717796,0.022855762407669872
10,16,-0.5,0.050000000000000044,0.013900432664076968,0.02082674799898215
11,16,-0.44999999999999996,0.050000000000000044,0.00732095976548261,0.01941261406087186
12,16,-0.3999999999999999,0.050000000000000044,0.006117603316820978,0.01951205567685745
13,16,-0.35,0.050000000000000044,0.009417742947580611,0.02055869979017546
14,16,-0.29999999999999993,0.050000000000000044,0.014714695698387625,0.0215166763196936
15,16,-0.25,0.050000000000000044,0.01969928995550709,0.021729312436260285
16,16,-0.19999999999999996,0.050000000000000044,0.022791945407650324,0.02123593257652351
17,16,-0.1499999999999999,0.050000000000000044,0.023914604943023974,0.020602227345693554
18,16,-0.09999999999999998,0.050000000000000044,0.024697814441971683,0.020419455163270313
19,16,-0.04999999999999993,0.050000000000000044,0.026987926862828696,0.021510335810819244
20,16,0.0,0.050000000000000044,0.03009675450968546,0.02512385450100357
21,16,0.050000000000000044,0.050000000000000044,0.029727444905408133,0.03108951423435607
22,16,0.10000000000000009,0.050000000000000044,0.023122608411871255,0.03580415677324235
23,16,0.15000000000000013,0.050000000000000044,0.015015568235362988,0.03549730370385558
24,16,0.20000000000000018,0.050000000000000044,0.012691939625517935,0.031146629749807104
25,16,0.25,0.050000000000000044,0.01684669705209261,0.026742704483244985
26,16,0.30000000000000004,0.050000000000000044,0.022806167286908336,0.024466185458118017
27,16,0.3500000000000001,0.050000000000000044,0.028033735451483688,0.023686294439809574
28,16,0.40000000000000013,0.050000000000000044,0.034212349838013224,0.023371995383144127
29,16,0.4500000000000002,0.050000000000000044,0.04203379650864225,0.024252697507978795
30,16,0.5,0.050000000000000044,0.04683708962648976,0.028037329019057356
31,16,0.55,0.050000000000000044,0.042923685838172215,0.034666976214589584
32,16,0.6000000000000001,0.050000000000000044,0.03097101042355348,0.0414946803499738
33,16,0.6500000000000001,0.050000000000000044,0.01748247004015508,0.04591788682765399
34,16,0.7000000000000002,0.050000000000000044,0.007946270727927293,0.047577802447825494
35,16,0.75,0.050000000000000044,0.0032406350485299565,0.04764395533311658
36,16,0.8,0.050000000000000044,0.001496704440782995,0.04722281969726653
37,16,0.8500000000000001,0.050000000000000044,0.0008998325327928478,0.04681801694319223
38,16,0.9000000000000001,0.050000000000000044,0.0006055939683736675,0.04655466321850203
39,16,0.9500000000000002,0.050000000000000044,0.0004860097665636276,0.046415422124964856
0,17,-1.0,0.10000000000000009,-0.01789674569402327,0.03440913989893192
1,17,-0.95,0.10000000000000009,-0.021763298002224856,0.03693735707321545
2,17,-0.9,0.10000000000000009,-0.028391748800914544,0.040407269232936006
3,17,-0.85,0.10000000000000009,-0.03069179040690359,0.04355386555911529
4,17,-0.8,0.10000000000000009,-0.025743298437087576,0.04446484308365396
5,17,-0.75,0.10000000000000009,-0.013635582714767412,0.042468133719345824
6,17,-0.7,0.10000000000000009,0.0024381219488322017,0.038632012615627716
7,17,-0.6499999999999999,0.10000000000000009,0.016552795078289204,0.034084794214605404
8,17,-0.6,0.10000000000000009,0.022463315622190082,0.028950608935333494
9,17,-0.55,0.10000000000000009,0.018949792894640948,0.023585973328518802
10,17,-0.5,0.10000000000000009,0.011524225912324226,0.01954039798684847
11,17,-0.44999999999999996,0.10000000000000009,0.006819683030856796,0.01805789950555683
12,17,-0.3999999999999999,0.10000000000000009,0.007105294808859453,0.018728390486381242
13,17,-0.35,0.10000000000000009,0.01083302096299945,0.020272973132634473
14,17,-0.29999999999999993,0.10000000000000009,0.015656436500935764,0.02165476354071265
15,17,-0.25,0.10000000000000009,0.01981730076009972,0.022315746493564523
16,17,-0.19999999999999996,0.10000000000000009,0.02236233211509642,0.022234967412806273
17,17,-0.1499999999999999,0.10000000000000009,0.023526304559504507,0.021841282729215615
18,17,-0.09999999999999998,0.10000000000000009,0.025112614990240825,0.02159247846706268
19,17,-0.04999999999999993,0.10000000000000009,0.02941902001775124,0.022302384270471848
20,17,0.0,0.10000000000000009,0.03532179251327066,0.02547194464074547
21,17,0.050000000000000044,0.10000000000000009,0.03588874127934113,0.03148500309824979
22,17,0.10000000000000009,0.10000000000000009,0.026230458309101826,0.037360043524923545
23,17,0.15000000000000013,0.10000000000000009,0.013235030752311003,0.03910512084744177
24,17,0.20000000000000018,0.10000000000000009,0.00825912694893622,0.03626669428514219
25,17,0.25,0.10000000000000009,0.013007970262629556,0.03179938212763427
26,17,0.30000000000000004,0.10000000000000009,0.020718363045007692,0.028513434794592587
27,17,0.3500000000000001,0.10000000000000009,0.027033249669446494,0.02688456482626977
28,17,0.40000000000000013,0.10000000000000009,0.03409624411616413,0.026081493953669342
29,17,0.4500000000000002,0.10000000000000009,0.04413765396954397,0.02655642968311356
30,17,0.5,0.10000000000000009,0.0522362679482404,0.030215015324065644
31,17,0.55,0.10000000000000009,0.05015543139028685,0.03728832359648324
32,17,0.6000000000000001,0.10000000000000009,0.03694124501117335,0.04468386466917693
33,17,0.6500000000000001,0.10000000000000009,0.020458701268362793,0.04919397514076204
34,17,0.7000000000000002,0.10000000000000009,0.008491095660616739,0.050534422429878434
35,17,0.75,0.10000000000000009,0.002731383094922539,0.05026181200582427
36,17,0.8,0.10000000000000009,0.000843251556085084,0.04965940022751941
37,17,0.8500000000000001,0.10000000000000009,0.00042538427511767257,0.049248871117612975
38,17,0.9000000000000001,0.10000000000000009,0.0003421219105908743,0.04913291350803574
39,17,0.9500000000000002,0.10000000000000009,0.00031619338088838267,0.0492224856912208
0,18,-1.0,0.15000000000000002,-0.015956294782213838,0.031188406223975573
1,18,-0.95,0.15000000000000002,-0.01914398277955814,0.03281219519560001
2,18,-0.9,0.15000000000000002,-0.024676175788745265,0.03551467442747775
3,18,-0.85,0.15000000000000002,-0.027032141367010192,0.03913361156768078
4,18,-0.8,0.15000000000000002,-0.0238809552701052,0.04250171759962007
5,18,-0.75,0.15000000000000002,-0.014618125947298798,0.04397798625584549
6,18,-0.7,0.15000000000000002,-0.0013977217157135416,0.042424451728493504
7,18,-0.6499999999999999,0.15000000000000002,0.010416536280087301,0.0375418864831047
8,18,-0.6,0.15000000000000002,0.01530707482510777,0.030231549977707654
9,18,-0.55,0.15000000000000002,0.012927798549232771,0.02293297058395755
10,18,-0.5,0.15000000000000002,0.008372358841114997,0.018291973364851118
11,18,-0.44999999999999996,0.15000000000000002,0.006508952265015383,0.01703111334534534
12,18,-0.3999999999999999,0.15000000000000002,0.00833267694389862,0.01789752714111626
13,18,-0.35,0.15000000000000002,0.012344116001912018,0.01934999669697036
14,18,-0.29999999999999993,0.15000000000000002,0.016757469059317676,0.020549525305027246
15,18,-0.25,0.15000000000000002,0.020279493827600713,0.02122126557462563
16,18,-0.19999999999999996,0.15000000000000002,0.02231748164330142,0.021417335290821286
17,18,-0.1499999999999999,0.15000000000000002,0.02327211599728038,0.02132860660527967
18,18,-0.09999999999999998,0.15000000000000002,0.025158915983227916,0.021077489710743674
19,18,-0.04999999999999993,0.15000000000000002,0.030867393036511485,0.021103686262862385
20,18,0.0,0.15000000000000002,0.039279373337463404,0.022561032566832204
21,18,0.050000000000000044,0.15000000000000002,0.041615543789586214,0.026396455219924963
22,18,0.10000000000000009,0.15000000000000002,0.030742726161063234,0.03159662727315186
23,18,0.15000000000000013,0.15000000000000002,0.013922218995581631,0.03522821354833367
24,18,0.20000000000000018,0.15000000000000002,0.005386200905710438,0.03506413312908956
25,18,0.25,0.15000000000000002,0.009093437561543006,0.031896182959509876
26,18,0.30000000000000004,0.15000000000000002,0.017891349985543835,0.02850588097846208
27,18,0.3500000000000001,0.15000000000000002,0.02560179461056044,0.026515276042127386
28,18,0.40000000000000013,0.15000000000000002,0.033884214694857015,0.025671521161736214
29,18,0.4500000000000002,0.15000000000000002,0.04616731787903856,0.026164523278178232
30,18,0.5,0.15000000000000002,0.057568983539859446,0.02964218769514663
31,18,0.55,0.15000000000000002,0.0573925351832835,0.0365262028998033
32,18,0.6000000000000001,0.15000000000000002,0.042876661967832276,0.04391201053922791
33,18,0.6500000000000001,0.15000000000000002,0.02333302780085658,0.048519158327375335
34,18,0.7000000000000002,0.15000000000000002,0.009014107592989519,0.05003321976478573
35,18,0.75,0.15000000000000002,0.002365612846170935,0.05008432731691496
36,18,0.8,0.15000000000000002,0.00048376355257170184,0.050028498913371605
37,18,0.8500000000000001,0.15000000000000002,0.0003733458133091741,0.050450748518044986
38,18,0.9000000000000001,0.15000000000000002,0.0005792085419814921,0.051399892095974446
39,18,0.9500000000000002,0.15000000000000002,0.0006651541329337485,0.05257828596644993
0,19,-1.0,0.20000000000000007,-0.014649167750774399,0.02907868329796912
1,19,-0.95,0.20000000000000007,-0.01743702979872268,0.03011093545901716
2,19,-0.9,0.20000000000000007,-0.022070332428833772,0.03176905573441219
3,19,-0.85,0.20000000000000007,-0.02370474723476127,0.03415045982475479
4,19,-0.8,0.20000000000000007,-0.020898923748922868,0.03686657398710543
5,19,-0.75,0.20000000000000007,-0.013712848585893979,0.0387364425194287
6,19,-0.7,0.20000000000000007,-0.0039979778239085904,0.03811201149354582
7,19,-0.6499999999999999,0.20000000000000007,0.004359893327503354,0.03400433032917684
8,19,-0.6,0.20000000000000007,0.007854399723042933,0.02737241107955521
9,19,-0.55,0.20000000000000007,0.0070102162817844114,0.020950640461489135
10,19,-0.5,0.20000000000000007,0.005622368673712016,0.01712660768273328
11,19,-0.44999999999999996,0.20000000000000007,0.0064252368071219396,0.01624585186089115
12,19,-0.3999999999999999,0.20000000000000007,0.009424178160484476,0.017094933739787942
13,19,-0.35,0.20000000000000007,0.013485019126910436,0.018297124102110134
14,19,-0.29999999999999993,0.20000000000000007,0.017527705378591035,0.019118114539816797
15,19,-0.25,0.20000000000000007,0.020685110745893756,0.019502447758520374
16,19,-0.19999999999999996,0.20000000000000007,0.02246967314575046,0.0197122385061543
17,19,-0.1499999999999999,0.20000000000000007,0.023186458979426894,0.019859791905819244
18,19,-0.09999999999999998,0.20000000000000007,0.02488769464782354,0.019756441809093788
19,19,-0.04999999999999993,0.20000000000000007,0.030902562873839766,0.019217300987374876
20,19,0.0,0.20000000000000007,0.040614561470333245,0.018540231573045622
21,19,0.050000000000000044,0.20000000000000007,0.04492433598566079,0.018832103294987433
22,19,0.10000000000000009,0.20000000000000007,0.03506221663751053,0.02125351803094172
23,19,0.15000000000000013,0.20000000000000007,0.016702536608248705,0.024924399173373597
24,19,0.20000000000000018,0.20000000000000007,0.004927096360112428,0.027033352392532232
25,19,0.25,0.20000000000000007,0.006449718112002071,0.026337830907534644
26,19,0.30000000000000004,0.20000000000000007,0.0153374561276252,0.02437793595071327
27,19,0.3500000000000001,0.20000000000000007,0.024198889852720628,0.022846174063437624
28,19,0.40000000000000013,0.20000000000000007,0.03374549135221498,0.02209919337261992
29,19,0.4500000000000002,0.20000000000000007,0.04810832050295439,0.02248053526238766
30,19,0.5,0.20000000000000007,0.06259794756986546,0.025509566022202477
31,19,0.55,0.20000000000000007,0.06442525423436812,0.032014950663726005
32,19,0.6000000000000001,0.20000000000000007,0.048934200438745384,0.03968851227042953
33,19,0.6500000000000001,0.20000000000000007,0.026579910493920618,0.045109249688169845
34,19,0.7000000000000002,0.20000000000000007,0.010056264650156362,0.047472904936047486
35,19,0.75,0.20000000000000007,0.0027266622435084126,0.0483688585885984
36,19,0.8,0.20000000000000007,0.001209672757215112,0.04952215298476073
37,19,0.8500000000000001,0.20000000000000007,0.0017967774577205137,0.05178844877891192
38,19,0.9000000000000001,0.20000000000000007,0.0024696593589958182,0.05501064864773964
39,19,0.9500000000000002,0.20000000000000007,0.002672981121839349,0.058382159511741506
0,20,-1.0,0.25,-0.01389179046011776,0.02907308792799997
1,20,-0.95,0.25,-0.01645361034311507,0.029256369789555932
2,20,-0.9,0.25,-0.020636651423007628,0.029898246209996628
3,20,-0.85,0.25,-0.02193462311431695,0.031034762549440112
4,20,-0.8,0.25,-0.019294972575431297,0.032364554382908695
5,20,-0.75,0.25,-0.013372688440858402,0.03314544235881422
6,20,-0.7,0.25,-0.006129833905965405,0.0322261350253227
7,20,-0.6499999999999999,0.25,-0.0003230641339033169,0.028803129580400027
8,20,-0.6,0.25,0.0022533849574200675,0.02358024517752506
9,20,-0.55,0.25,0.002681995152410844,0.0185485342889321
10,20,-0.5,0.25,0.0036675702405170128,0.015333640133835648
11,20,-0.44999999999999996,0.25,0.0064772783220700455,0.014309545669675414
12,20,-0.3999999999999999,0.25,0.010383949185117603,0.014886744477616747
13,20,-0.35,0.25,0.014367296801940871,0.015955170220650246
14,20,-0.29999999999999993,0.25,0.017962792715727916,0.016605081752845037
15,20,-0.25,0.25,0.020873617793938214,0.016771997571668845
16,20,-0.19999999999999996,0.25,0.02267482579060029,0.016945858498219467
17,20,-0.1499999999999999,0.25,0.023316319300219872,0.01733880635232077
18,20,-0.09999999999999998,0.25,0.024516425064783548,0.017554279948992255
19,20,-0.04999999999999993,0.25,0.029651182800463326,0.016706283903461207
20,20,0.0,0.25,0.03889417564507596,0.014036082032127991
21,20,0.050000000000000044,0.25,0.04432883024748231,0.010372608329699681
22,20,0.10000000000000009,0.25,0.03683502203944939,0.008561114499978642
23,20,0.15000000000000013,0.25,0.019702053357172143,0.010298503748987472
24,20,0.20000000000000018,0.25,0.0067996326398714856,0.013738429421618478
25,20,0.25,0.25,0.006438021119724042,0.016183686838564828
26,20,0.30000000000000004,0.25,0.014399693141446818,0.01686016864498779
27,20,0.3500000000000001,0.25,0.023323052032467092,0.016488144248253712
28,20,0.40000000000000013,0.25,0.03351857589380705,0.015987602290844175
29,20,0.4500000000000002,0.25,0.04957769052862111,0.01614885064889585
30,20,0.5,0.25,0.06710339894119778,0.018480427564502386
31,20,0.55,0.25,0.07157148143151056,0.024537364181026894
32,20,0.6000000000000001,0.25,0.055970960992276116,0.03302833318594468
33,20,0.6500000000000001,0.25,0.03111742046647454,0.04019471725032489
34,20,0.7000000000000002,0.25,0.012273716493418074,0.04422040403328168
35,20,0.75,0.25,0.00441486089488418,0.04658653939860584
36,20,0.8,0.25,0.003903353742885224,0.04962633405340769
37,20,0.8500000000000001,0.25,0.005861841476288085,0.05443968286346426
38,20,0.9000000000000001,0.25,0.0071729192748110765,0.06037080224899627
39,20,0.9500000000000002,0.25,0.007408175860937477,0.06598250967913571
0,21,-1.0,0.30000000000000004,-0.014282604027662472,0.03043343252668403
1,21,-0.95,0.30000000000000004,-0.01661187151672602,0.02995168650308344
2,21,-0.9,0.30000000000000004,-0.020291939668949592,0.029730858535266646
3,21,-0.85,0.30000000000000004,-0.0212384390618492,0.030009525310011876
4,21,-0.8,0.30000000000000004,-0.018788243939548758,0.030603351968428973
5,21,-0.75,0.30000000000000004,-0.013851267943479975,0.030772789930465887
6,21,-0.7,0.30000000000000004,-0.008340290602322784,0.029473002945967063
7,21,-0.6499999999999999,0.30000000000000004,-0.004285996520294287,0.02604036463352682
8,21,-0.6,0.30000000000000004,-0.0024001955684249936,0.02102889103527652
9,21,-0.55,0.30000000000000004,-0.0012363887619050006,0.01592330140147857
10,21,-0.5,0.30000000000000004,0.0013833800544553292,0.011979714438531694
11,21,-0.44999999999999996,0.30000000000000004,0.005978341150903038,0.009882897511194217
12,21,-0.3999999999999999,0.30000000000000004,0.011069802711459308,0.009696418935006253
13,21,-0.35,0.30000000000000004,0.015203356402138726,0.010514893350992175
14,21,-0.29999999999999993,0.30000000000000004,0.018344532729609633,0.011160485020573268
15,21,-0.25,0.30000000000000004,0.02102588749126819,0.011359507110687235
16,21,-0.19999999999999996,0.30000000000000004,0.023036481926402383,0.011640975963231251
17,21,-0.1499999999999999,0.30000000000000004,0.023794880430199686,0.012312841940766754
18,21,-0.09999999999999998,0.30000000000000004,0.024255172198963972,0.012868262966430209
19,21,-0.04999999999999993,0.30000000000000004,0.0273843649569755,0.011883077055542859
20,21,0.0,0.30000000000000004,0.03428088589657172,0.007756106054050888
21,21,0.050000000000000044,0.30000000000000004,0.03944936845351144,0.0009019057938483652
22,21,0.10000000000000009,0.30000000000000004,0.034988112056798325,-0.004825706473085044
23,21,0.15000000000000013,0.30000000000000004,0.02187985152988854,-0.0054597638248110505
24,21,0.20000000000000018,0.30000000000000004,0.010812279449689786,-0.0013686220944621273
25,21,0.25,0.30000000000000004,0.009571457335371385,0.0037234863031226223
26,21,0.30000000000000004,0.30000000000000004,0.015641913537314082,0.006761655231549736
27,21,0.3500000000000001,0.30000000000000004,0.023326323498577013,0.007576253320733545
28,21,0.40000000000000013,0.30000000000000004,0.033406197752857116,0.0077699330939206245
29,21,0.4500000000000002,0.30000000000000004,0.0506011457766126,0.008471216459626837
30,21,0.5,0.30000000000000004,0.07098646110199651,0.010810585593995503
31,21,0.55,0.30000000000000004,0.07897315985581042,0.01683902623673364
32,21,0.6000000000000001,0.30000000000000004,0.06459155350804338,0.026393414266452225
33,21,0.6500000000000001,0.30000000000000004,0.037771981341257616,0.035549950450570814
34,21,0.7000000000000002,0.30000000000000004,0.01644808679843731,0.04155028006902605
35,21,0.75,0.30000000000000004,0.00813259226363442,0.04573631168212175
36,21,0.8,0.30000000000000004,0.009062816222073534,0.05069464978686947
37,21,0.8500000000000001,0.30000000000000004,0.012541245653309094,0.05715771540971783
38,21,0.9000000000000001,0.30000000000000004,0.014012486174667278,0.06380430224697822
39,21,0.9500000000000002,0.30000000000000004,0.013896395982118254,0.06914836445189532
0,22,-1.0,0.3500000000000001,-0.014855282507318934,0.029705884595196304
1,22,-0.95,0.3500000000000001,-0.01715618433453246,0.030051559522799465
2,22,-0.9,0.3500000000000001,-0.020578812616079193,0.03024009978013517
3,22,-0.85,0.3500000000000001,-0.021062129681154618,0.030474631835721126
4,22,-0.8,0.3500000000000001,-0.018531707954977286,0.030894142238679513
5,22,-0.75,0.3500000000000001,-0.014503037463320313,0.030882359885036945
6,22,-0.7,0.3500000000000001,-0.010862259202904468,0.029150360841038885
7,22,-0.6499999999999999,0.3500000000000001,-0.008767176044593861,0.024943610186533016
8,22,-0.6,0.3500000000000001,-0.007863678274628184,0.01900389880635612
9,22,-0.55,0.3500000000000001,-0.006367181444333981,0.01289054350123958
10,22,-0.5,0.3500000000000001,-0.002372833649767342,0.007802047872222349
11,22,-0.44999999999999996,0.3500000000000001,0.004193982818544604,0.004501581629897042
12,22,-0.3999999999999999,0.3500000000000001,0.011015945024915562,0.003267299862857566
13,22,-0.35,0.3500000000000001,0.015831362887507885,0.0034351363329709114
14,22,-0.29999999999999993,0.3500000000000001,0.018807406475422974,0.003943243791647028
15,22,-0.25,0.3500000000000001,0.021354108736596197,0.00433268487584701
16,22,-0.19999999999999996,0.3500000000000001,0.023628160620679812,0.004814995407638268
17,22,-0.1499999999999999,0.3500000000000001,0.024543606303418827,0.005596870067466576
18,22,-0.09999999999999998,0.3500000000000001,0.024086660179559655,0.00623482643896643
19,22,-0.04999999999999993,0.3500000000000001,0.024539025888084005,0.00524202184917873
20,22,0.0,0.3500000000000001,0.02791300438338147,0.0007322483025144289
21,22,0.050000000000000044,0.3500000000000001,0.031747017720346375,-0.0072579122893580515
22,22,0.10000000000000009,0.3500000000000001,0.030473352420789978,-0.014884475840448623
23,22,0.15000000000000013,0.3500000000000001,0.02315913773579506,-0.017254510933007942
24,22,0.20000000000000018,0.3500000000000001,0.015982882767805157,-0.013648909308295
25,22,0.25,0.3500000000000001,0.014568298445735905,-0.007987430979582832
26,22,0.30000000000000004,0.3500000000000001,0.01825246015905774,-0.0042604476992534265
27,22,0.3500000000000001,0.3500000000000001,0.02433132989483798,-0.002771030368111521
28,22,0.40000000000000013,0.3500000000000001,0.03441353903270034,-0.001329769768179511
29,22,0.4500000000000002,0.3500000000000001,0.05261834302869599,0.0012692088952048243
30,22,0.5,0.3500000000000001,0.0754712087183046,0.005372267925307372
31,22,0.55,0.3500000000000001,0.08715431010396728,0.012566663145176654
32,22,0.6000000000000001,0.3500000000000001,0.07468188520611328,0.023079646766237458
33,22,0.6500000000000001,0.3500000000000001,0.046274286269048365,0.03331493573241126
34,22,0.7000000000000002,0.3500000000000001,0.02246007772496901,0.04047470940007916
35,22,0.75,0.3500000000000001,0.013559230612727596,0.045728845579201365
36,22,0.8,0.3500000000000001,0.015324757470481301,0.050927056899868726
37,22,0.8500000000000001,0.3500000000000001,0.01897149393639684,0.05568400094573073
38,22,0.9000000000000001,0.3500000000000001,0.019163568316988566,0.05855905898179529
39,22,0.9500000000000002,0.3500000000000001,0.018096300270771665,0.05930426049378389
0,23,-1.0,0.40000000000000013,-0.013591254172456142,0.025175067336005528
1,23,-0.95,0.40000000000000013,-0.01607765633178715,0.027458567512676668
2,23,-0.9,0.40000000000000013,-0.01986886735602793,0.029610365703188566
3,23,-0.85,0.40000000000000013,-0.02058439660330486,0.031185442016357597
4,23,-0.8,0.40000000000000013,-0.01838051589023294,0.032026335198009535
5,23,-0.75,0.40000000000000013,-0.015595049341120604,0.03162604225899375
6,23,-0.7,0.40000000000000013,-0.014279040300826714,0.028860773717615223
7,23,-0.6499999999999999,0.40000000000000013,-0.014432458554977053,0.023369351176858455
8,23,-0.6,0.40000000000000013,-0.01445326225371843,0.0164979850836138
9,23,-0.55,0.40000000000000013,-0.01243823969603877,0.010078401453424103
10,23,-0.5,0.40000000000000013,-0.007005581816887209,0.005101813894823493
11,23,-0.44999999999999996,0.40000000000000013,0.001443593141538255,0.0018001186929174698
12,23,-0.3999999999999999,0.40000000000000013,0.010003357414533178,4.6451094761444656e-07
13,23,-0.35,0.40000000000000013,0.015879300330928187,-0.0006703547642814001
14,23,-0.29999999999999993,0.40000000000000013,0.019242081272485733,-0.0005527084422238347
15,23,-0.25,0.40000000000000013,0.021897639107259427,-1.097428212904622e-06
16,23,-0.19999999999999996,0.40000000000000013,0.02430066711802195,0.0006664812838598705
17,23,-0.1499999999999999,0.40000000000000013,0.025214711461527844,0.001409388591984682
18,23,-0.09999999999999998,0.40000000000000013,0.023900323980676128,0.0020889042320815002
19,23,-0.04999999999999993,0.40000000000000013,0.0218817868205235,0.0015489358898754864
20,23,0.0,0.40000000000000013,0.021780951758034933,-0.0020549255243365074
21,23,0.050000000000000044,0.40000000000000013,0.02383264431054839,-0.009015861015729798
22,23,0.10000000000000009,0.40000000000000013,0.024991513413148432,-0.016335063340531652
23,23,0.15000000000000013,0.40000000000000013,0.023115418062042165,-0.019724359761693917
24,23,0.20000000000000018,0.40000000000000013,0.020079359403114897,-0.018002320927348932
25,23,0.25,0.40000000000000013,0.018959918944412957,-0.014119071909966339
26,23,0.30000000000000004,0.40000000000000013,0.020858314148785393,-0.011348030689422757
27,23,0.3500000000000001,0.40000000000000013,0.026257001429650928,-0.009763103393915975
28,23,0.40000000000000013,0.40000000000000013,0.037446437016173464,-0.007226525863763145
29,23,0.4500000000000002,0.40000000000000013,0.05730318347009948,-0.002591489692211294
30,23,0.5,0.40000000000000013,0.08228391535196834,0.0039091937233511065
31,23,0.55,0.40000000000000013,0.09668053869674051,0.012659724850867075
32,23,0.6000000000000001,0.40000000000000013,0.08533982609527799,0.023351569407457848
33,23,0.6500000000000001,0.40000000000000013,0.05516704397509932,0.03314534378815903
34,23,0.7000000000000002,0.40000000000000013,0.028861996645227414,0.03995185800611582
35,23,0.75,0.40000000000000013,0.018584939763423985,0.04430760675941621
36,23,0.8,0.40000000000000013,0.019017971588602897,0.04633519994721988
37,23,0.8500000000000001,0.40000000000000013,0.020173247735235655,0.04462877396622447
38,23,0.9000000000000001,0.40000000000000013,0.017632745722720444,0.03898929160795074
39,23,0.9500000000000002,0.40000000000000013,0.015386799006095464,0.03157280746009371
0,24,-1.0,0.4500000000000002,-0.010288282153976648,0.019521969178177452
1,24,-0.95,0.4500000000000002,-0.012720885967349422,0.02287553594490545
2,24,-0.9,0.4500000000000002,-0.016851938112398268,0.026820095055359358
3,24,-0.85,0.4500000000000002,-0.018646160186333645,0.030302071237213197
4,24,-0.8,0.4500000000000002,-0.01809110771234113,0.03212573479637993
5,24,-0.75,0.4500000000000002,-0.017668598943714624,0.031316503431943005
6,24,-0.7,0.4500000000000002,-0.019118950285039765,0.02728883302024565
7,24,-0.6499999999999999,0.4500000000000002,-0.021129964678595285,0.020740616059479192
8,24,-0.6,0.4500000000000002,-0.021154627998062534,0.013781639340739223
9,24,-0.55,0.4500000000000002,-0.017763352633124285,0.008319749429961153
10,24,-0.5,0.4500000000000002,-0.010651116410273975,0.004937151774293625
11,24,-0.44999999999999996,0.4500000000000002,-0.0009073665653312746,0.0030495187884792448
12,24,-0.3999999999999999,0.4500000000000002,0.008545471567716692,0.001689353014965242
13,24,-0.35,0.4500000000000002,0.015278189934336437,0.0006143857413275743
14,24,-0.29999999999999993,0.4500000000000002,0.01947666381149147,0.00030823102568887546
15,24,-0.25,0.4500000000000002,0.022573298462679903,0.000814193494941373
16,24,-0.19999999999999996,0.4500000000000002,0.025038646640877394,0.0015874047495451678
17,24,-0.1499999999999999,0.4500000000000002,0.025966029251640453,0.0025203591351546082
18,24,-0.09999999999999998,0.4500000000000002,0.024226207477450457,0.0038438462415882357
19,24,-0.04999999999999993,0.4500000000000002,0.020395196131665995,0.004564081168419447
20,24,0.0,0.4500000000000002,0.017348207477776184,0.0026221134785020484
21,24,0.050000000000000044,0.4500000000000002,0.017466879904151234,-0.002481008372545606
22,24,0.10000000000000009,0.4500000000000002,0.01976485367482586,-0.008434879538079358
23,24,0.15000000000000013,0.4500000000000002,0.02149188014897778,-0.012118950220573787
24,24,0.20000000000000018,0.4500000000000002,0.021588170619532734,-0.012475196862669286
25,24,0.25,0.4500000000000002,0.02122258868366208,-0.011050627245473947
26,24,0.30000000000000004,0.4500000000000002,0.022608428675108105,-0.009710811903932874
27,24,0.3500000000000001,0.4500000000000002,0.028452834720497592,-0.008523001785860924
28,24,0.40000000000000013,0.4500000000000002,0.04158515273440502,-0.006093416523729068
29,24,0.4500000000000002,0.4500000000000002,0.06375406261581024,-0.0013274670125617422
30,24,0.5,0.4500000000000002,0.09072242326138295,0.005630583523241819
31,24,0.55,0.4500000000000002,0.10659668578807402,0.014235089096345035
32,24,0.6000000000000001,0.4500000000000002,0.09516750414340525,0.023536551429083098
33,24,0.6500000000000001,0.4500000000000002,0.06287457486770634,0.03149967814174863
34,24,0.7000000000000002,0.4500000000000002,0.03362234069622619,0.03638083938616615
35,24,0.75,0.4500000000000002,0.019942572553831653,0.037189691961241195
36,24,0.8,0.4500000000000002,0.015645924677289563,0.03212204249854515
37,24,0.8500000000000001,0.4500000000000002,0.011625585597127702,0.019900471750750673
38,24,0.9000000000000001,0.4500000000000002,0.006107601810857802,0.0029306617373983657
39,24,0.9500000000000002,0.4500000000000002,0.0032633319750575984,-0.01394560394986026
0,25,-1.0,0.5,-0.0068841206390001485,0.01709377984747979
1,25,-0.95,0.5,-0.008779530454605245,0.019763774187988227
2,25,-0.9,0.5,-0.01244233206372019,0.02372480423456053
3,25,-0.85,0.5,-0.015278756862284288,0.027900795614362067
4,25,-0.8,0.5,-0.017366083695503128,0.03018034236463931
5,25,-0.75,0.5,-0.020431951117254883,0.028901472717470275
6,25,-0.7,0.5,-0.024854927673290523,0.024064711552605426
7,25,-0.6499999999999999,0.5,-0.02793965223448348,0.017405529054962024
8,25,-0.6,0.5,-0.026874128883236467,0.01131256318513127
9,25,-0.55,0.5,-0.02128272726248437,0.00734961991171618
10,25,-0.5,0.5,-0.012275812458369117,0.005764563801010595
11,25,-0.44999999999999996,0.5,-0.0018042056177901278,0.0055822771728059484
12,25,-0.3999999999999999,0.5,0.007568224367381507,0.005381330321370175
13,25,-0.35,0.5,0.014498178341651822,0.004776128772391612
14,25,-0.29999999999999993,0.5,0.019441889026099533,0.00442799325659827
15,25,-0.25,0.5,0.02317681283111572,0.004694243528673265
16,25,-0.19999999999999996,0.5,0.026006832758235187,0.005346477364176791
17,25,-0.1499999999999999,0.5,0.027471152953570912,0.006524074205665911
18,25,-0.09999999999999998,0.5,0.025944046013940965,0.008635681019539392
19,25,-0.04999999999999993,0.5,0.020660054057437316,0.010650957589512166
20,25,0.0,0.5,0.01473586221706988,0.010285534001102003
21,25,0.050000000000000044,0.5,0.012775651293966982,0.006963876200460923
22,25,0.10000000000000009,0.5,0.015353571565120253,0.002666781876646887
23,25,0.15000000000000013,0.5,0.019075100737452236,-0.0004498303550274068
24,25,0.20000000000000018,0.5,0.02114768237821474,-0.001738664096860203
25,25,0.25,0.5,0.021724303903149368,-0.001780997549439391
26,25,0.30000000000000004,0.5,0.023385939608398416,-0.0013968056281841133
27,25,0.3500000000000001,0.5,0.029874396809854733,-0.0008961106010410905
28,25,0.40000000000000013,0.5,0.04464197178947264,0.00022968972483425332
29,25,0.4500000000000002,0.5,0.06902718351707036,0.0029520679002147283
30,25,0.5,0.5,0.09784647146087512,0.007457847552555172
31,25,0.55,0.5,0.11458650660258178,0.01295771637561359
32,25,0.6000000000000001,0.5,0.10260441514068158,0.018637405815333137
33,25,0.6500000000000001,0.5,0.06801133193218237,0.023332134483473807
34,25,0.7000000000000002,0.5,0.03455201046471998,0.02470901523480548
35,25,0.75,0.5,0.014326142875802986,0.01950053205845348
36,25,0.8,0.5,0.0017287513781123753,0.0047167122155301194
37,25,0.8500000000000001,0.5,-0.009018133025911132,-0.019160649099235413
38,25,0.9000000000000001,0.5,-0.01621332997789049,-0.046451631325323886
39,25,0.9500000000000002,0.5,-0.01836573236842179,-0.0704551182527044
0,26,-1.0,0.55,-0.0049482934729597715,0.021978053328156135
1,26,-0.95,0.55,-0.006089861580268682,0.023175442019801484
2,26,-0.9,0.55,-0.008714916686024428,0.025955826609190085
3,26,-0.85,0.55,-0.012190622056254865,0.02931978643707138
4,26,-0.8,0.55,-0.017090430609232928,0.030330069037043963
5,26,-0.75,0.55,-0.02378422975574851,0.02701469620156405
6,26,-0.7,0.55,-0.030614893947548013,0.020647829091878518
7,26,-0.6499999999999999,0.55,-0.03388211304606944,0.014031800235149126
8,26,-0.6,0.55,-0.03121053714130838,0.009019156344586193
9,26,-0.55,0.55,-0.023311352017244963,0.006218983211840378
10,26,-0.5,0.55,-0.012418459149184206,0.005641577832749814
11,26,-0.44999999999999996,0.55,-0.0012906000449716942,0.006496495450556477
12,26,-0.3999999999999999,0.55,0.007739323167302355,0.007472516045441881
13,26,-0.35,0.55,0.014324852869564532,0.007957138550320434
14,26,-0.29999999999999993,0.55,0.019394778567773125,0.008141306003453903
15,26,-0.25,0.55,0.023491782570258423,0.008294241267831117
16,26,-0.19999999999999996,0.55,0.02686847731787004,0.008555914860925471
17,26,-0.1499999999999999,0.55,0.02925523290700306,0.009221989471626182
18,26,-0.09999999999999998,0.55,0.028353090861296712,0.010645981556476869
19,26,-0.04999999999999993,0.55,0.022045049113228604,0.012357342500216596
20,26,0.0,0.55,0.013661126088724941,0.012969846314707526
21,26,0.050000000000000044,0.55,0.009848127779696117,0.011885127166206062
22,26,0.10000000000000009,0.55,0.012351147119337531,0.010012842328930198
23,26,0.15000000000000013,0.55,0.01708643417547069,0.008390196228950427
24,26,0.20000000000000018,0.55,0.02025700342512075,0.007390795670546941
25,26,0.25,0.55,0.02156444715233817,0.007029953991615646
26,26,0.30000000000000004,0.55,0.023493315623506403,0.007044619911627239
27,26,0.3500000000000001,0.55,0.03007933007351596,0.006943901754948214
28,26,0.40000000000000013,0.55,0.045433331235660845,0.006597010137514309
29,26,0.4500000000000002,0.55,0.07098222044353115,0.006457085272718287
30,26,0.5,0.55,0.10072807173678182,0.006405511845521336
31,26,0.55,0.55,0.11777624405085198,0.005650006425266217
32,26,0.6000000000000001,0.55,0.10554192225126546,0.00462271095584596
33,26,0.6500000000000001,0.55,0.06894618428717868,0.0037598476186189583
34,26,0.7000000000000002,0.55,0.02979073827120586,-6.692378351831618e-05
35,26,0.75,0.55,-4.973046544370918e-05,-0.012322022293777962
36,26,0.8,0.55,-0.02301525648039933,-0.03573459544328618
37,26,0.8500000000000001,0.55,-0.0395427579437263,-0.06654790353364089
38,26,0.9000000000000001,0.55,-0.04518686734261118,-0.09640381151685427
39,26,0.9500000000000002,0.55,-0.04474364187970342,-0.11913147053599901
0,27,-1.0,0.6000000000000001,-0.00448934325570945,0.041608169648920876
1,27,-0.95,0.6000000000000001,-0.0048017571735712965,0.04175409098877885
2,27,-0.9,0.6000000000000001,-0.006297987646450296,0.043872459718442954
3,27,-0.85,0.6000000000000001,-0.01090451443443041,0.046200191583210974
4,27,-0.8,0.6000000000000001,-0.01967117393101046,0.04349691787587064
5,27,-0.75,0.6000000000000001,-0.030114191062420328,0.03352547047222318
6,27,-0.7,0.6000000000000001,-0.03783782363970545,0.02113780138059375
7,27,-0.6499999999999999,0.6000000000000001,-0.03956832498177581,0.011922674829615308
8,27,-0.6,0.6000000000000001,-0.03468694590654522,0.006826050768262417
9,27,-0.55,0.6000000000000001,-0.024660305774320747,0.004559615664148937
10,27,-0.5,0.6000000000000001,-0.011998300219653018,0.004428702312579431
11,27,-0.44999999999999996,0.6000000000000001,2.6732594901940007e-05,0.005746709392544323
12,27,-0.3999999999999999,0.6000000000000001,0.009028867467145464,0.007436481654131176
13,27,-0.35,0.6000000000000001,0.015166968299663844,0.00883642293305377
14,27,-0.29999999999999993,0.6000000000000001,0.019778991743610214,0.009727455405947279
15,27,-0.25,0.6000000000000001,0.02359142168858729,0.010087989999579489
16,27,-0.19999999999999996,0.6000000000000001,0.026934580962030247,0.00999341515100143
17,27,-0.1499999999999999,0.6000000000000001,0.029561219649122308,0.009458207256372473
18,27,-0.09999999999999998,0.6000000000000001,0.029079399042531383,0.008665142070630244
19,27,-0.04999999999999993,0.6000000000000001,0.022983918815667973,0.008423191823902528
20,27,0.0,0.6000000000000001,0.014263646883059346,0.009432595230882763
21,27,0.050000000000000044,0.6000000000000001,0.009818647308189654,0.011183432234893416
22,27,0.10000000000000009,0.6000000000000001,0.011858640627864618,0.012531266121498979
23,27,0.15000000000000013,0.6000000000000001,0.01645305407906898,0.012941525308280983
24,27,0.20000000000000018,0.6000000000000001,0.019787440140879957,0.012724873322860547
25,27,0.25,0.6000000000000001,0.021378128144229666,0.012461004122554182
26,27,0.30000000000000004,0.6000000000000001,0.023299887371730985,0.012317728489104566
27,27,0.3500000000000001,0.6000000000000001,0.029426787035741805,0.011856685768221777
28,27,0.40000000000000013,0.6000000000000001,0.04415515530724272,0.01052343192885134
29,27,0.4500000000000002,0.6000000000000001,0.0688356852250774,0.00781907451758745
30,27,0.5,0.6000000000000001,0.09703939261342305,0.00252229209113098
31,27,0.55,0.6000000000000001,0.1128037057129064,-0.006558172660901251
32,27,0.6000000000000001,0.6000000000000001,0.10071425633403432,-0.017530564652054673
33,27,0.6500000000000001,0.6000000000000001,0.06332169719281809,-0.0274565932540876
34,27,0.7000000000000002,0.6000000000000001,0.01847014055232306,-0.038565173690152596
35,27,0.75,0.6000000000000001,-0.021341528783964878,-0.056409251592892465
36,27,0.8,0.6000000000000001,-0.05249712986175055,-0.08171960983104107
37,27,0.8500000000000001,0.6000000000000001,-0.06968734909947923,-0.1077444175722925
38,27,0.9000000000000001,0.6000000000000001,-0.06879689698024861,-0.12663085188907797
39,27,0.9500000000000002,0.6000000000000001,-0.06382105040671125,-0.13640508991938638
0,28,-1.0,0.6500000000000001,-0.00465645079324381,0.08788440373512771
1,28,-0.95,0.6500000000000001,-0.003825571510746601,0.08832143325004593
2,28,-0.9,0.6500000000000001,-0.004268816091592305,0.0908330402271471
3,28,-0.85,0.6500000000000001,-0.012566163898827176,0.09110741817042478
4,28,-0.8,0.6500000000000001,-0.029765151720220727,0.0796537324505936
5,28,-0.75,0.6500000000000001,-0.046143346251025404,0.05475611392972425
6,28,-0.7,0.6500000000000001,-0.05221768959015588,0.028496062708064675
7,28,-0.6499999999999999,0.6500000000000001,-0.04819386365840077,0.011877768401610655
8,28,-0.6,0.6500000000000001,-0.03857359630677475,0.004780901246598363
9,28,-0.55,0.6500000000000001,-0.025708700472927948,0.00274958409422512
10,28,-0.5,0.6500000000000001,-0.01123136542078882,0.003258259008718789
11,28,-0.44999999999999996,0.6500000000000001,0.0017171792965800514,0.005001238423444484
12,28,-0.3999999999999999,0.6500000000000001,0.010829036707811802,0.006897629029421213
13,28,-0.35,0.6500000000000001,0.016615826621380635,0.008493525336858588
14,28,-0.29999999999999993,0.6500000000000001,0.020646345634298843,0.009643233672534073
15,28,-0.25,0.6500000000000001,0.023757742315312573,0.010219034397595616
16,28,-0.19999999999999996,0.6500000000000001,0.026238694574663025,0.010038864375400686
17,28,-0.1499999999999999,0.6500000000000001,0.027926959826631872,0.00876769905594698
18,28,-0.09999999999999998,0.6500000000000001,0.027318075428826766,0.00647652851732176
19,28,-0.04999999999999993,0.6500000000000001,0.02281250227348112,0.0048426411257874655
20,28,0.0,0.6500000000000001,0.016421366499715827,0.00607318285018471
21,28,0.050000000000000044,0.6500000000000001,0.012946798670312332,0.009847837375666349
22,28,0.10000000000000009,0.6500000000000001,0.014109240192725098,0.013561374598974598
23,28,0.15000000000000013,0.6500000000000001,0.01728004137683226,0.01549918347460771
24,28,0.20000000000000018,0.6500000000000001,0.01977648223939395,0.0158845716003034
25,28,0.25,0.6500000000000001,0.021157302318582188,0.015633737281919562
26,28,0.30000000000000004,0.6500000000000001,0.022888997269174,0.015271052253090188
27,28,0.3500000000000001,0.6500000000000001,0.028285033513262732,0.01455375273466385
28,28,0.40000000000000013,0.6500000000000001,0.041395719985026516,0.012662958340561529
29,28,0.4500000000000002,0.6500000000000001,0.0629810806058108,0.008289927807714984
30,28,0.5,0.6500000000000001,0.08635082455829311,-0.0008531659160479835
31,28,0.55,0.6500000000000001,0.09772338730766633,-0.017091205967643443
32,28,0.6000000000000001,0.6500000000000001,0.08464350165807911,-0.038751211528842665
33,28,0.6500000000000001,0.6500000000000001,0.04791157524908076,-0.060579403537368536
34,28,0.7000000000000002,0.6500000000000001,0.0008380799324009952,-0.0805226871828383
35,28,0.75,0.6500000000000001,-0.04320416660633219,-0.09998076312407056
36,28,0.8,0.6500000000000001,-0.07435042245979936,-0.1169480802567735
37,28,0.8500000000000001,0.6500000000000001,-0.08445400000176319,-0.12559827579094587
38,28,0.9000000000000001,0.6500000000000001,-0.07384753968970505,-0.1237882718478461
39,28,0.9500000000000002,0.6500000000000001,-0.06429211794032025,-0.11572909558524164
0,29,-1.0,0.7000000000000002,-0.0036152842258729834,0.16160117253409206
1,29,-0.95,0.7000000000000002,-0.001853120681551898,0.1639002810763679
2,29,-0.9,0.7000000000000002,-0.003512002726071446,0.16555166137380956
3,29,-0.85,0.7000000000000002,-0.022083822210983914,0.1576501204752862
4,29,-0.8,0.7000000000000002,-0.05602247817171099,0.12841900637216805
5,29,-0.75,0.7000000000000002,-0.08127186080494925,0.0812920866358216
6,29,-0.7,0.7000000000000002,-0.08071616916781905,0.03739503991553006
7,29,-0.6499999999999999,0.7000000000000002,-0.06328348644324212,0.011886445711417932
8,29,-0.6,0.7000000000000002,-0.043815130213930756,0.002482881151107401
9,29,-0.55,0.7000000000000002,-0.02618294801220032,0.0011164748106100818
10,29,-0.5,0.7000000000000002,-0.009746645890433654,0.0027964470660111953
11,29,-0.44999999999999996,0.7000000000000002,0.0036661026156043636,0.005088042427310565
12,29,-0.3999999999999999,0.7000000000000002,0.012521154380559568,0.006860158930388528
13,29,-0.35,0.7000000000000002,0.017912572942776702,0.008062950649984591
14,29,-0.29999999999999993,0.7000000000000002,0.021504500804347248,0.0088854487232641
15,29,-0.25,0.7000000000000002,0.023987052391453906,0.009304870229830103
16,29,-0.19999999999999996,0.7000000000000002,0.025483245620381612,0.00912742097607401
17,29,-0.1499999999999999,0.7000000000000002,0.02599888379104338,0.008108767874753944
18,29,-0.09999999999999998,0.7000000000000002,0.025154341112371865,0.006374666369768104
19,29,-0.04999999999999993,0.7000000000000002,0.022580573148530923,0.005322304124472958
20,29,0.0,0.7000000000000002,0.019268843132938227,0.0068788969059842275
21,29,0.050000000000000044,0.7000000000000002,0.017306839056979544,0.010856215933752085
22,29,0.10000000000000009,0.7000000000000002,0.017509986726805978,0.01488299402027716
23,29,0.15000000000000013,0.7000000000000002,0.018776251080397783,0.0172046951400507
24,29,0.20000000000000018,0.7000000000000002,0.01992199394819181,0.017826860462338008
25,29,0.25,0.7000000000000002,0.020764608797016453,0.01755596765252481
26,29,0.30000000000000004,0.7000000000000002,0.022219902824475272,0.017044280370676537
27,29,0.3500000000000001,0.7000000000000002,0.026818693123213146,0.016203353974850142
28,29,0.40000000000000013,0.7000000000000002,0.03789133038029385,0.014139285682417853
29,29,0.4500000000000002,0.7000000000000002,0.055319560968467886,0.009407042362201499
30,29,0.5,0.7000000000000002,0.07165825883806462,-0.000449035746938678
31,29,0.55,0.7000000000000002,0.07490566010011172,-0.019074938628178863
32,29,0.6000000000000001,0.7000000000000002,0.05722605876430923,-0.04719559041691291
33,29,0.6500000000000001,0.7000000000000002,0.021550221538822467,-0.07890286141250559
34,29,0.7000000000000002,0.7000000000000002,-0.020931219034378973,-0.10582993861813716
35,29,0.75,0.7000000000000002,-0.05776692185790008,-0.1221321643079306
36,29,0.8,0.7000000000000002,-0.07811464252862585,-0.12437416786956974
37,29,0.8500000000000001,0.7000000000000002,-0.07652754069055184,-0.11278940846808715
38,29,0.9000000000000001,0.7000000000000002,-0.05892771677454438,-0.09353292792935772
39,29,0.9500000000000002,0.7000000000000002,-0.0477026978815023,-0.07461026999977936
0,30,-1.0,0.75,-5.823370869219302e-05,0.23057923507933847
1,30,-0.95,0.75,0.0001249173289709013,0.23266332134860615
2,30,-0.9,0.75,-0.01051897669267398,0.22681036546509636
3,30,-0.85,0.75,-0.049698818900468685,0.2006515651756892
4,30,-0.8,0.75,-0.10612318555968533,0.14839750053697204
5,30,-0.75,0.75,-0.1371673127076634,0.08466105572413053
6,30,-0.7,0.75,-0.12162333051455955,0.03398939498946414
7,30,-0.6499999999999999,0.75,-0.08310602242282343,0.007337120669017334
8,30,-0.6,0.75,-0.0493435672075826,-0.0011443446493931498
9,30,-0.55,0.75,-0.025395134558024154,-0.0008192896354531232
10,30,-0.5,0.75,-0.007259797804088338,0.002243109355489128
11,30,-0.44999999999999996,0.75,0.005780891160957384,0.0049371297620016096
12,30,-0.3999999999999999,0.75,0.01380394493048583,0.006405526091872353
13,30,-0.35,0.75,0.01864111641425621,0.007094005699846591
14,30,-0.29999999999999993,0.75,0.021888265214144356,0.007448472818419381
15,30,-0.25,0.75,0.023999714568122485,0.007506009920150076
16,30,-0.19999999999999996,0.75,0.025042592219586865,0.007229693607934793
17,30,-0.1499999999999999,0.75,0.025174205220325964,0.006762665254144498
18,30,-0.09999999999999998,0.75,0.02453161167854578,0.006385549063697145
19,30,-0.04999999999999993,0.75,0.023316732809697246,0.006693159091632631
20,30,0.0,0.75,0.021955278308994953,0.008458479141451123
21,30,0.050000000000000044,0.75,0.020950895784605263,0.011551895655916465
22,30,0.10000000000000009,0.75,0.020457719399023713,0.014695333566792368
23,30,0.15000000000000013,0.75,0.02022390781889311,0.016720472749432377
24,30,0.20000000000000018,0.75,0.020127754751868062,0.017420376456822213
25,30,0.25,0.75,0.020374722226920716,0.01730689133159803
26,30,0.30000000000000004,0.75,0.02153638359149933,0.016950086953450398
27,30,0.3500000000000001,0.75,0.02538003882500405,0.01632379185449704
28,30,0.40000000000000013,0.75,0.03459940837237788,0.01469553297292453
29,30,0.4500000000000002,0.75,0.04839275917645427,0.011051266649085116
30,30,0.5,0.75,0.05786884356791276,0.0036581135906908757
31,30,0.55,0.75,0.0509768326376921,-0.011513379910475102
32,30,0.6000000000000001,0.75,0.02481557887375238,-0.03794012604648355
33,30,0.6500000000000001,0.75,-0.010722772952143494,-0.07136179023164754
34,30,0.7000000000000002,0.75,-0.04239122296302401,-0.09937907439385096
35,30,0.75,0.75,-0.06174839585776477,-0.11023022847957366
36,30,0.8,0.75,-0.06500766661995591,-0.10095936331638948
37,30,0.8500000000000001,0.75,-0.05361276006155116,-0.07871491041552578
38,30,0.9000000000000001,0.75,-0.03566840122139727,-0.05476133876661149
39,30,0.9500000000000002,0.75,-0.02644680208116354,-0.036325966775116354
0,31,-1.0,0.8,0.0005528883126623696,0.24440359629076167
1,31,-0.95,0.8,-0.005621990295794008,0.23798369006521944
2,31,-0.9,0.8,-0.035523758898988386,0.21484741836183766
3,31,-0.85,0.8,-0.10049668713910824,0.16638569078847337
4,31,-0.8,0.8,-0.17201298762326964,0.10161468285294586
5,31,-0.75,0.8,-0.19567996635245713,0.04451569239746222
6,31,-0.7,0.8,-0.15804010422293224,0.010007017004189473
7,31,-0.6499999999999999,0.8,-0.09841722608209941,-0.004437629455944887
8,31,-0.6,0.8,-0.051971540518401214,-0.0071908692229152036
9,31,-0.55,0.8,-0.022795494007318045,-0.004427404881781538
10,31,-0.5,0.8,-0.003990226492978921,-0.0004551091424867624
11,31,-0.44999999999999996,0.8,0.00782851935198759,0.0021678059672672074
12,31,-0.3999999999999999,0.8,0.01467803031840455,0.0032539235017786314
13,31,-0.35,0.8,0.018955519669323732,0.0036688541636398057
14,31,-0.29999999999999993,0.8,0.02191650502465073,0.003909281428464101
15,31,-0.25,0.8,0.023768273180969315,0.0038675030759589293
16,31,-0.19999999999999996,0.8,0.024739900954376035,0.0034926994695341426
17,31,-0.1499999999999999,0.8,0.02515473924680573,0.0031757956295537233
18,31,-0.09999999999999998,0.8,0.025084834949859997,0.0033692493014686204
19,31,-0.04999999999999993,0.8,0.0246535032262849,0.004227128331675202
20,31,0.0,0.8,0.02412757969722206,0.005797964389599912
21,31,0.050000000000000044,0.8,0.02354369348232079,0.007993040023134912
22,31,0.10000000000000009,0.8,0.022678563820321893,0.010269728484376154
23,31,0.15000000000000013,0.8,0.02150129397042763,0.011894188082351084
24,31,0.20000000000000018,0.8,0.020508412530357463,0.01260741267141291
25,31,0.25,0.8,0.020294319293644638,0.012739613535922671
26,31,0.30000000000000004,0.8,0.02123680334737428,0.012708804067969558
27,31,0.3500000000000001,0.8,0.024564139142687277,0.012625874276388227
28,31,0.40000000000000013,0.8,0.03261880517488193,0.01224525426856379
29,31,0.4500000000000002,0.8,0.04428214158623423,0.0111042936441922
30,31,0.5,0.8,0.04909361227850441,0.008247750161175064
31,31,0.55,0.8,0.033307420462937304,0.0003658917685268534
32,31,0.6000000000000001,0.8,-0.0026223515568632103,-0.017271461572060595
33,31,0.6500000000000001,0.8,-0.03988872680854495,-0.04346904052958404
34,31,0.7000000000000002,0.8,-0.05979965728230509,-0.06667640201110488
35,31,0.75,0.8,-0.0593472107804386,-0.07359426838631508
36,31,0.8,0.8,-0.04659932446457798,-0.062094369513749116
37,31,0.8500000000000001,0.8,-0.03032951614077385,-0.041932844444281664
38,31,0.9000000000000001,0.8,-0.016538773134134946,-0.023882743767267428
39,31,0.9500000000000002,0.8,-0.01083195389851202,-0.012067050335576764
0,32,-1.0,0.8500000000000001,-0.012898046159776633,0.1897368632947974
1,32,-0.95,0.8500000000000001,-0.029431260599953116,0.16822318018161578
2,32,-0.9,0.8500000000000001,-0.08211697596942007,0.1252321875417845
3,32,-0.85,0.8500000000000001,-0.16293155440936047,0.06378947083768793
4,32,-0.8,0.8500000000000001,-0.22799318395069648,0.0078890032575522
5,32,-0.75,0.8500000000000001,-0.2287749785564198,-0.020142011156579556
6,32,-0.7,0.8500000000000001,-0.17057665236796665,-0.024304964408677743
7,32,-0.6499999999999999,0.8500000000000001,-0.1003039086499281,-0.020587220518440776
8,32,-0.6,0.8500000000000001,-0.04933334263341926,-0.016156708264317893
9,32,-0.55,0.8500000000000001,-0.018659374477595712,-0.011454277700473064
10,32,-0.5,0.8500000000000001,-0.0006645869550395925,-0.007538201310646935
11,32,-0.44999999999999996,0.8500000000000001,0.009489923805222778,-0.005522070029389701
12,32,-0.3999999999999999,0.8500000000000001,0.015304993126858428,-0.004803490058250476
13,32,-0.35,0.8500000000000001,0.019296474340941675,-0.004344650808594005
14,32,-0.29999999999999993,0.8500000000000001,0.02208691412646348,-0.0038049170427800413
15,32,-0.25,0.8500000000000001,0.023583132609192526,-0.003549272427882525
16,32,-0.19999999999999996,0.8500000000000001,0.02435088477318166,-0.0038182536969032623
17,32,-0.1499999999999999,0.8500000000000001,0.025050755052260443,-0.0042065528921811845
18,32,-0.09999999999999998,0.8500000000000001,0.02558294438066726,-0.004118847612729387
19,32,-0.04999999999999993,0.8500000000000001,0.02574544789782854,-0.0034165639129026633
20,32,0.0,0.8500000000000001,0.025721190000454665,-0.002252911580984656
21,32,0.050000000000000044,0.8500000000000001,0.025422659879381505,-0.0007486608064307971
22,32,0.10000000000000009,0.8500000000000001,0.024358867458239883,0.000794833184945172
23,32,0.15000000000000013,0.8500000000000001,0.022561592005929863,0.001926216716091663
24,32,0.20000000000000018,0.8500000000000001,0.02097318020543965,0.002520866342314767
25,32,0.25,0.8500000000000001,0.020476113623477364,0.0027873734089717966
26,32,0.30000000000000004,0.8500000000000001,0.021422644331964887,0.0029612162895224434
27,32,0.3500000000000001,0.8500000000000001,0.02491648902559828,0.003471771755159756
28,32,0.40000000000000013,0.8500000000000001,0.03307782774018185,0.004879305523086304
29,32,0.4500000000000002,0.8500000000000001,0.044395255069065546,0.007182942766436745
30,32,0.5,0.8500000000000001,0.047130441692247414,0.009513463531620504
31,32,0.55,0.8500000000000001,0.02545762090445644,0.00927883482595964
32,32,0.6000000000000001,0.8500000000000001,-0.01901935342435851,0.0020571612598219505
33,32,0.6500000000000001,0.8500000000000001,-0.06012771339118778,-0.013444307485953426
34,32,0.7000000000000002,0.8500000000000001,-0.07251645081975505,-0.02951970174913573
35,32,0.75,0.8500000000000001,-0.057166363360409006,-0.03501391314799767
36,32,0.8,0.8500000000000001,-0.033346242677922494,-0.027883849329629704
37,32,0.8500000000000001,0.8500000000000001,-0.015401134315069474,-0.01586136932979338
38,32,0.9000000000000001,0.8500000000000001,-0.005802607112692371,-0.006202283478252239
39,32,0.9500000000000002,0.8500000000000001,-0.0028154152177822106,-0.0006238786882982114
0,33,-1.0,0.9000000000000001,-0.04247447791370082,0.10959128375987379
1,33,-0.95,0.9000000000000001,-0.07012666604880688,0.07766517996755692
2,33,-0.9,0.9000000000000001,-0.13995746824291624,0.025126156709166445
3,33,-0.85,0.9000000000000001,-0.21783987142334055,-0.03381228070741864
4,33,-0.8,0.9000000000000001,-0.25594446961753714,-0.0690773581089946
5,33,-0.75,0.9000000000000001,-0.22787393401868708,-0.06851950529691732
6,33,-0.7,0.9000000000000001,-0.15848531358479348,-0.05083348772122435
7,33,-0.6499999999999999,0.9000000000000001,-0.09026896993773956,-0.03618655943272776
8,33,-0.6,0.9000000000000001,-0.042838597700433495,-0.027934448401230196
9,33,-0.55,0.9000000000000001,-0.014176987053647087,-0.02272936382508103
10,33,-0.5,0.9000000000000001,0.0019419811781044415,-0.019598834984266053
11,33,-0.44999999999999996,0.9000000000000001,0.010563230604384048,-0.018363646661141847
12,33,-0.3999999999999999,0.9000000000000001,0.015855449539200244,-0.017886897811455964
13,33,-0.35,0.9000000000000001,0.019954092684794165,-0.017238504023307233
14,33,-0.29999999999999993,0.9000000000000001,0.02271188340536221,-0.01634311390979874
15,33,-0.25,0.9000000000000001,0.023754936526846095,-0.015670276818074053
16,33,-0.19999999999999996,0.9000000000000001,0.024082620490077374,-0.01549003824563182
17,33,-0.1499999999999999,0.9000000000000001,0.024854145330979606,-0.01546871548108632
18,33,-0.09999999999999998,0.9000000000000001,0.025874823929138518,-0.015059445713721144
19,33,-0.04999999999999993,0.9000000000000001,0.02651943925802963,-0.014178550180765862
20,33,0.0,0.9000000000000001,0.02679548280369393,-0.013159356385491986
21,33,0.050000000000000044,0.9000000000000001,0.026591438248250616,-0.01225687799093894
22,33,0.10000000000000009,0.9000000000000001,0.02535344134284435,-0.011556681052638249
23,33,0.15000000000000013,0.9000000000000001,0.023227327127797223,-0.011000403209099376
24,33,0.20000000000000018,0.9000000000000001,0.021369569223237597,-0.010414592921657376
25,33,0.25,0.9000000000000001,0.020734669240852314,-0.009836903780838825
26,33,0.30000000000000004,0.9000000000000001,0.02192120169356224,-0.009411605963644525
27,33,0.3500000000000001,0.9000000000000001,0.026482228376251138,-0.00850701418055046
28,33,0.40000000000000013,0.9000000000000001,0.036329976186158915,-0.005730357184726819
29,33,0.4500000000000002,0.9000000000000001,0.04891629959476843,-0.0005081784942905648
30,33,0.5,0.9000000000000001,0.051189504338027304,0.0060235516586325255
31,33,0.55,0.9000000000000001,0.02585111819113875,0.011355885784981416
32,33,0.6000000000000001,0.9000000000000001,-0.025345493868776277,0.011834530486109045
33,33,0.6500000000000001,0.9000000000000001,-0.07146558981750263,0.005149845911268693
34,33,0.7000000000000002,0.9000000000000001,-0.08136926294434933,-0.004655537200835003
35,33,0.75,0.9000000000000001,-0.05771135836093257,-0.009668253331408198
36,33,0.8,0.9000000000000001,-0.027446780646373688,-0.00752880660139274
37,33,0.8500000000000001,0.9000000000000001,-0.008647950289396387,-0.002523112878446542
38,33,0.9000000000000001,0.9000000000000001,-0.001301282492639777,0.0013571302467895764
39,33,0.9500000000000002,0.9000000000000001,0.0003248556813960357,0.0033799124476084803
0,34,-1.0,0.9500000000000002,-0.07675025374441036,0.04838523154420543
1,34,-0.95,0.9500000000000002,-0.11389638765066046,0.01608393343616628
2,34,-0.9,0.9500000000000002,-0.19359443664439563,-0.0325810361577894
3,34,-0.85,0.9500000000000002,-0.2571350692275215,-0.07948489439714275
4,34,-0.8,0.9500000000000002,-0.26270040854019516,-0.09808165783916581
5,34,-0.75,0.9500000000000002,-0.21053110816864956,-0.08574702882557214
6,34,-0.7,0.9500000000000002,-0.1382437065037771,-0.06415780821268069
7,34,-0.6499999999999999,0.9500000000000002,-0.07740486932993396,-0.049087904417171244
8,34,-0.6,0.9500000000000002,-0.03587614702577252,-0.0408164221326032
9,34,-0.55,0.9500000000000002,-0.010323761060631572,-0.03594219925085557
10,34,-0.5,0.9500000000000002,0.0037011302088995907,-0.03348255161017532
11,34,-0.44999999999999996,0.9500000000000002,0.011201860978032867,-0.03270348858975522
12,34,-0.3999999999999999,0.9500000000000002,0.01643013576469304,-0.03232769324267136
13,34,-0.35,0.9500000000000002,0.0208402582425989,-0.03166026625284661
14,34,-0.29999999999999993,0.9500000000000002,0.023655141331696657,-0.03081855015060097
15,34,-0.25,0.9500000000000002,0.02443620827335945,-0.030056495772915474
16,34,-0.19999999999999996,0.9500000000000002,0.024552446110169397,-0.029327498188245697
17,34,-0.1499999999999999,0.9500000000000002,0.025481347584171116,-0.028372224347478874
18,34,-0.09999999999999998,0.9500000000000002,0.026873109680987717,-0.02697261538147669
19,34,-0.04999999999999993,0.9500000000000002,0.027645537226057698,-0.0253058249265897
20,34,0.0,0.9500000000000002,0.027642862190281586,-0.023955181214518124
21,34,0.050000000000000044,0.9500000000000002,0.027025335212235244,-0.023332958359982267
22,34,0.10000000000000009,0.9500000000000002,0.02561534224007945,-0.023211052643443125
23,34,0.15000000000000013,0.9500000000000002,0.023703680136910737,-0.022827314269369074
24,34,0.20000000000000018,0.9500000000000002,0.0221366796337002,-0.021655935450885372
25,34,0.25,0.9500000000000002,0.021479100581490215,-0.020125287699546517
26,34,0.30000000000000004,0.9500000000000002,0.022752533932253252,-0.018995895291424782
27,34,0.3500000000000001,0.9500000000000002,0.028597737804515987,-0.017846147195859207
28,34,0.40000000000000013,0.9500000000000002,0.04107666342644174,-0.014837192194171091
29,34,0.4500000000000002,0.9500000000000002,0.05614916391242489,-0.008628508226790378
30,34,0.5,0.9500000000000002,0.058994505971519395,-0.00011800227894594867
31,34,0.55,0.9500000000000002,0.03126859973193296,0.00820558564970715
32,34,0.6000000000000001,0.9500000000000002,-0.025225393298071233,0.013142696902087268
33,34,0.6500000000000001,0.9500000000000002,-0.07661778107813183,0.012050978145217023
34,34,0.7000000000000002,0.9500000000000002,-0.08733455006243195,0.006642451318658437
35,34,0.75,0.9500000000000002,-0.060039632760966744,0.0022969359242776093
36,34,0.8,0.9500000000000002,-0.026201102224960842,0.0015813215173815162
37,34,0.8500000000000001,0.9500000000000002,-0.006515197466887158,0.0027579344002820645
38,34,0.9000000000000001,0.9500000000000002,0.00010041821336265189,0.0037915900227738185
39,34,0.9500000000000002,0.9500000000000002,0.0012301491838555972,0.004237491103400784
0,35,-1.0,1.0,-0.10707707412977913,0.0023618856211149453
1,35,-0.95,1.0,-0.1510929337508017,-0.02786323288127536
2,35,-0.9,1.0,-0.23552629607622527,-0.06752913853346636
3,35,-0.85,1.0,-0.28334049310471693,-0.09925560647252842
4,35,-0.8,1.0,-0.2622066040459665,-0.1051734474980036
5,35,-0.75,1.0,-0.19395008439220196,-0.08963846577587799
6,35,-0.7,1.0,-0.12182618917639258,-0.07084869164040748
7,35,-0.6499999999999999,1.0,-0.06692758385766207,-0.058089640598076864
8,35,-0.6,1.0,-0.029692892534117818,-0.05022844126806476
9,35,-0.55,1.0,-0.006843116531219211,-0.045310750516257915
10,35,-0.5,1.0,0.00518069183920479,-0.04294524757831628
11,35,-0.44999999999999996,1.0,0.011718088971888006,-0.04227102272414918
12,35,-0.3999999999999999,1.0,0.016898671876108853,-0.042071057822975745
13,35,-0.35,1.0,0.021463235776864563,-0.04184115665021926
14,35,-0.29999999999999993,1.0,0.024315653885293345,-0.04172899385197483
15,35,-0.25,1.0,0.025245988489201367,-0.041609268433839136
16,35,-0.19999999999999996,1.0,0.02576689191551398,-0.04100747677794312
17,35,-0.1499999999999999,1.0,0.027209028137748614,-0.03970841849865601
18,35,-0.09999999999999998,1.0,0.028941223350027693,-0.03782649864362551
19,35,-0.04999999999999993,1.0,0.029536873424988192,-0.03570281624879756
20,35,0.0,1.0,0.028768349370301365,-0.03396965228264536
21,35,0.050000000000000044,1.0,0.027335566819325616,-0.0330790389604217
22,35,0.10000000000000009,1.0,0.025859085433457545,-0.03258890083209497
23,35,0.15000000000000013,1.0,0.024782444320354976,-0.03132980202322393
24,35,0.20000000000000018,1.0,0.024071595793060153,-0.02875619603852188
25,35,0.25,1.0,0.023394709400312904,-0.025771695757728925
26,35,0.30000000000000004,1.0,0.02420034219724955,-0.02358116108858308
27,35,0.3500000000000001,1.0,0.03064093147350483,-0.022066324424772164
28,35,0.40000000000000013,1.0,0.04554761515522775,-0.019532625275853338
29,35,0.4500000000000002,1.0,0.06363548950999356,-0.01422110359028006
30,35,0.5,1.0,0.06802359821452483,-0.006298462069717764
31,35,0.55,1.0,0.03911181737217197,0.002266194435756874
32,35,0.6000000000000001,1.0,-0.021500101373266405,0.008682970102267158
33,35,0.6500000000000001,1.0,-0.07796583540093147,0.010570733129837348
34,35,0.7000000000000002,1.0,-0.09112330516528874,0.008633720472931462
35,35,0.75,1.0,-0.06277248816220948,0.006128366541899369
36,35,0.8,1.0,-0.026985782170369232,0.004916036957705473
37,35,0.8500000000000001,1.0,-0.0064376817840040845,0.004593501409069466
38,35,0.9000000000000001,1.0,0.0001782742104789424,0.004423342410213825
39,35,0.9500000000000002,1.0,0.0012166578426499666,0.004234210135248256
0,36,-1.0,1.05,-0.13720049074919097,-0.06209419961865151
1,36,-0.95,1.05,-0.18378741180524175,-0.09310695732337525
2,36,-0.9,1.05,-0.2649868102356487,-0.12257978735108914
3,36,-0.85,1.05,-0.2947793781920588,-0.13400038047969276
4,36,-0.8,1.05,-0.25308326784354473,-0.12085404656917213
5,36,-0.75,1.05,-0.17620635231105344,-0.09590974068954852
6,36,-0.7,1.05,-0.10669488132597597,-0.07450623926624282
7,36,-0.6499999999999999,1.05,-0.05678461895759123,-0.06056372792484097
8,36,-0.6,1.05,-0.023097256943953575,-0.05161888057024206
9,36,-0.55,1.05,-0.0030405673708830926,-0.04616682628625171
10,36,-0.5,1.05,0.006740858001008324,-0.04369897738445443
11,36,-0.44999999999999996,1.05,0.012076050733373402,-0.04311347637730505
12,36,-0.3999999999999999,1.05,0.01686000183862297,-0.04325424768318122
13,36,-0.35,1.05,0.02118232221359982,-0.04379619079632292
14,36,-0.29999999999999993,1.05,0.023887029548076786,-0.044857806322631776
15,36,-0.25,1.05,0.02515772534739116,-0.04603679865339735
16,36,-0.19999999999999996,1.05,0.026453296045352518,-0.04661290380860808
17,36,-0.1499999999999999,1.05,0.028662325718488726,-0.046337761945206266
18,36,-0.09999999999999998,1.05,0.030878711930846167,-0.04537088583351384
19,36,-0.04999999999999993,1.05,0.03150238358703784,-0.043938674209433544
20,36,0.0,1.05,0.030266639478657452,-0.04242144833068428
21,36,0.050000000000000044,1.05,0.028406086662785632,-0.04102959298448871
22,36,0.10000000000000009,1.05,0.027364579177277217,-0.039151019061574074
23,36,0.15000000000000013,1.05,0.027536384930483833,-0.03577929741620555
24,36,0.20000000000000018,1.05,0.0276947858991952,-0.03112817480316483
25,36,0.25,1.05,0.026654135531429014,-0.02680855918903129
26,36,0.30000000000000004,1.05,0.026457905265210014,-0.023910727119089554
27,36,0.3500000000000001,1.05,0.03264627361724573,-0.022119890905841627
28,36,0.40000000000000013,1.05,0.04892188426093385,-0.02035425004427183
29,36,0.4500000000000002,1.05,0.06938332711856046,-0.01730637255346886
30,36,0.5,1.05,0.07548180399755633,-0.01238107368084159
31,36,0.55,1.05,0.04625003190391788,-0.006438090359130004
32,36,0.6000000000000001,1.05,-0.01692085460399076,-0.0013907031288882057
33,36,0.6500000000000001,1.05,-0.07666703070746753,0.0017469722942230204
34,36,0.7000000000000002,1.05,-0.09177691665036992,0.0037573990787665573
35,36,0.75,1.05,-0.06375731627619273,0.005170124958478305
36,36,0.8,1.05,-0.027735967357790745,0.005631377341785183
37,36,0.8500000000000001,1.05,-0.007007892014378805,0.00529768498713612
38,36,0.9000000000000001,1.05,-0.00025887306045855804,0.00477411186823682
39,36,0.9500000000000002,1.05,0.0008518846339244587,0.0044016556134035545
0,37,-1.0,1.1,-0.1691025895392266,-0.16249839208399494
1,37,-0.95,1.1,-0.21157852148323933,-0.18723515368816424
2,37,-0.9,1.1,-0.27641971923254277,-0.19674272875615065
3,37,-0.85,1.1,-0.2816147523228,-0.17808987586693464
4,37,-0.8,1.1,-0.2241159642558223,-0.13841720495960505
5,37,-0.75,1.1,-0.14760227708927265,-0.09891747166604793
6,37,-0.7,1.1,-0.08648017641168503,-0.07168550769106634
7,37,-0.6499999999999999,1.1,-0.04404022516166131,-0.05525805322775639
8,37,-0.6,1.1,-0.01529599089552856,-0.04523993418758029
9,37,-0.55,1.1,0.0010767866545684235,-0.039646538695908264
10,37,-0.5,1.1,0.008234041748151448,-0.037350181665940764
11,37,-0.44999999999999996,1.1,0.012162818673161213,-0.036928473964245936
12,37,-0.3999999999999999,1.1,0.016215957457090986,-0.03736888049870841
13,37,-0.35,1.1,0.01985967713741401,-0.03858266168612165
14,37,-0.29999999999999993,1.1,0.02207504602821892,-0.04065111645403586
15,37,-0.25,1.1,0.02349089100322506,-0.043047210844357905
16,37,-0.19999999999999996,1.1,0.02546592862370506,-0.04500887375416843
17,37,-0.1499999999999999,1.1,0.028451046112842854,-0.04619295830027393
18,37,-0.09999999999999998,1.1,0.03134031108580041,-0.04661535509751819
19,37,-0.04999999999999993,1.1,0.03248631092781776,-0.04634145993436642
20,37,0.0,1.1,0.03167743059524619,-0.04543763423937164
21,37,0.050000000000000044,1.1,0.03060599608843582,-0.043612211710693495
22,37,0.10000000000000009,1.1,0.03110938100174071,-0.03988995315523695
23,37,0.15000000000000013,1.1,0.03280528857876422,-0.03374142349116425
24,37,0.20000000000000018,1.1,0.03304233402023441,-0.026915138337997614
25,37,0.25,1.1,0.030612157084388178,-0.022199303897872825
26,37,0.30000000000000004,1.1,0.028889010480439212,-0.020138412582616626
27,37,0.3500000000000001,1.1,0.03419740854832255,-0.019421409883888154
28,37,0.40000000000000013,1.1,0.05036113350760051,-0.019477760271766915
29,37,0.4500000000000002,1.1,0.07160866587342381,-0.01999265622714139
30,37,0.5,1.1,0.07889188040886369,-0.019577028245610778
31,37,0.55,1.1,0.05010218792412535,-0.01731241689800267
32,37,0.6000000000000001,1.1,-0.01331503871991338,-0.013885936466879398
33,37,0.6500000000000001,1.1,-0.0728177331932767,-0.009196051573850637
34,37,0.7000000000000002,1.1,-0.08770015250103347,-0.002805764609189014
35,37,0.75,1.1,-0.060898509899190864,0.003014067824743446
36,37,0.8,1.1,-0.026858222141711418,0.005788563686424438
37,37,0.8500000000000001,1.1,-0.007294947257552448,0.0061039349791635125
38,37,0.9000000000000001,1.1,-0.0007177551632536229,0.005729981167971656
39,37,0.9500000000000002,1.1,0.00047174533298343507,0.00547875605575919
0,38,-1.0,1.1500000000000001,-0.18667401395752958,-0.2747597801823382
1,38,-0.95,1.1500000000000001,-0.21803174847739748,-0.2738652315624153
2,38,-0.9,1.1500000000000001,-0.2558415324144191,-0.24778154229725283
3,38,-0.85,1.1500000000000001,-0.2364538543955132,-0.19422697874517547
4,38,-0.8,1.1500000000000001,-0.17391086364265804,-0.13295024968127414
5,38,-0.75,1.1500000000000001,-0.1094746550425147,-0.08644209039384354
6,38,-0.7,1.1500000000000001,-0.06303546288768443,-0.059141775448371195
7,38,-0.6499999999999999,1.1500000000000001,-0.030339045454105176,-0.04385383962910477
8,38,-0.6,1.1500000000000001,-0.007485742412105447,-0.034896890528813646
9,38,-0.55,1.1500000000000001,0.004849185150756427,-0.030237905922301783
10,38,-0.5,1.1500000000000001,0.009458922732670655,-0.028525460807673816
11,38,-0.44999999999999996,1.1500000000000001,0.012057351900605761,-0.028404346649406383
12,38,-0.3999999999999999,1.1500000000000001,0.015205814116747256,-0.029204651658231856
13,38,-0.35,1.1500000000000001,0.017900086258272364,-0.030943841326079337
14,38,-0.29999999999999993,1.1500000000000001,0.019422480389840527,-0.03350521429586386
15,38,-0.25,1.1500000000000001,0.020799968047258595,-0.036317207524618665
16,38,-0.19999999999999996,1.1500000000000001,0.023307548589436497,-0.038773427642790105
17,38,-0.1499999999999999,1.1500000000000001,0.02705584437513896,-0.040538129398657384
18,38,-0.09999999999999998,1.1500000000000001,0.030730210296753675,-0.0415113779605832
19,38,-0.04999999999999993,1.1500000000000001,0.03268010444518439,-0.04171109611105277
20,38,0.0,1.1500000000000001,0.032995887702330376,-0.04105010745368406
21,38,0.050000000000000044,1.1500000000000001,0.03395376774692032,-0.038751044600145626
22,38,0.10000000000000009,1.1500000000000001,0.03723536739680647,-0.0333454758765814
23,38,0.15000000000000013,1.1500000000000001,0.04051119974772317,-0.02473275608791217
24,38,0.20000000000000018,1.1500000000000001,0.03923690549248662,-0.016403478534674526
25,38,0.25,1.1500000000000001,0.03343086128681,-0.012694403949036872
26,38,0.30000000000000004,1.1500000000000001,0.029235799279194685,-0.013735310232256348
27,38,0.3500000000000001,1.1500000000000001,0.03330692592809544,-0.0166436867226317
28,38,0.40000000000000013,1.1500000000000001,0.048350637917680614,-0.020371822204889502
29,38,0.4500000000000002,1.1500000000000001,0.0692840591447166,-0.025241258965425905
30,38,0.5,1.1500000000000001,0.07816204332669505,-0.02926576689094778
31,38,0.55,1.1500000000000001,0.05194112368264926,-0.029353975301804093
32,38,0.6000000000000001,1.1500000000000001,-0.008804489279838727,-0.02460452758503165
33,38,0.6500000000000001,1.1500000000000001,-0.06558685884977714,-0.01570601971681105
34,38,0.7000000000000002,1.1500000000000001,-0.07956679725177583,-0.004946954094801788
35,38,0.75,1.1500000000000001,-0.05516298798057928,0.0034953123617734866
36,38,0.8,1.1500000000000001,-0.02464610020337068,0.0073575279256279415
37,38,0.8500000000000001,1.1500000000000001,-0.0070664745328315876,0.008171925063502738
38,38,0.9000000000000001,1.1500000000000001,-0.0008840519838628803,0.008216052045257449
39,38,0.9500000000000002,1.1500000000000001,0.0003494344094995272,0.008347672683648062
0,39,-1.0,1.2000000000000002,-0.1673134922993808,-0.340067181604579
1,39,-0.95,1.2000000000000002,-0.18460028359815395,-0.30319768270584535
2,39,-0.9,1.2000000000000002,-0.19678146641530295,-0.24132712440140563
3,39,-0.85,1.2000000000000002,-0.1667834597068213,-0.1655326931864536
4,39,-0.8,1.2000000000000002,-0.11633107590449035,-0.10045093554219893
5,39,-0.75,1.2000000000000002,-0.07379380285636969,-0.06041988820632886
6,39,-0.7,1.2000000000000002,-0.043891925646946245,-0.040303022195357745
7,39,-0.6499999999999999,1.2000000000000002,-0.019795340242103766,-0.029741334280818186
8,39,-0.6,1.2000000000000002,-0.0016800571887255755,-0.023678847558456315
9,39,-0.55,1.2000000000000002,0.007448216375708257,-0.02078729538034757
10,39,-0.5,1.2000000000000002,0.010067601021046847,-0.020008912744077702
11,39,-0.44999999999999996,1.2000000000000002,0.011483627822603173,-0.020453133725371817
12,39,-0.3999999999999999,1.2000000000000002,0.013676462780418033,-0.021843878706619448
13,39,-0.35,1.2000000000000002,0.015559114499782006,-0.02404915428135125
14,39,-0.29999999999999993,1.2000000000000002,0.01670167982967959,-0.02660425116161583
15,39,-0.25,1.2000000000000002,0.018222677656298814,-0.02899373537437985
16,39,-0.19999999999999996,1.2000000000000002,0.021245006749666343,-0.031008454686753967
17,39,-0.1499999999999999,1.2000000000000002,0.02571309579504976,-0.032565598875054655
18,39,-0.09999999999999998,1.2000000000000002,0.03016734437340503,-0.03353730290878982
19,39,-0.04999999999999993,1.2000000000000002,0.0329475814347169,-0.033862083953472434
20,39,0.0,1.2000000000000002,0.03463748210615333,-0.033341838668957076
21,39,0.050000000000000044,1.2000000000000002,0.03831062766553847,-0.03087911287990103
22,39,0.10000000000000009,1.2000000000000002,0.04512766951397417,-0.02463343382799167
23,39,0.15000000000000013,1.2000000000000002,0.0497472859206711,-0.01470989370784005
24,39,0.20000000000000018,1.2000000000000002,0.045080686159109706,-0.005766925540021013
25,39,0.25,1.2000000000000002,0.03328032538680636,-0.0035393443280015095
26,39,0.30000000000000004,1.2000000000000002,0.024939727706844387,-0.008506749626261056
27,39,0.3500000000000001,1.2000000000000002,0.0275608965756894,-0.016592276430455397
28,39,0.40000000000000013,1.2000000000000002,0.041763561264806306,-0.025102697159743014
29,39,0.4500000000000002,1.2000000000000002,0.06271472118736553,-0.03400786460534552
30,39,0.5,1.2000000000000002,0.0747791640724855,-0.041575956523371024
31,39,0.55,1.2000000000000002,0.05476342723004148,-0.04318863869700009
32,39,0.6000000000000001,1.2000000000000002,0.0003329168650796632,-0.03550964916494537
33,39,0.6500000000000001,1.2000000000000002,-0.05316015970304684,-0.02038258380816456
34,39,0.7000000000000002,1.2000000000000002,-0.06849882042244892,-0.004486180561417575
35,39,0.75,1.2000000000000002,-0.04859402787876114,0.006148763892707999
36,39,0.8,1.2000000000000002,-0.022181609439982167,0.010729731641211677
37,39,0.8500000000000001,1.2000000000000002,-0.006436423137922941,0.012109791540917507
38,39,0.9000000000000001,1.2000000000000002,-0.0005420075431082985,0.012780141691967027
39,39,0.9500000000000002,1.2000000000000002,0.0007349866097646623,0.013472757722781045
0,40,-1.0,1.25,-0.11293501616006232,-0.31305344278820957
1,40,-0.95,1.25,-0.11929169127422412,-0.2563173014329691
2,40,-0.9,1.25,-0.11817654289502734,-0.18350691648670142
3,40,-0.85,1.25,-0.0955776655363065,-0.11207019939774204
4,40,-0.8,1.25,-0.06879805866253329,-0.061566296343072154
5,40,-0.75,1.25,-0.04932674169567351,-0.035408256457677145
6,40,-0.7,1.25,-0.032356908962173754,-0.023572363023043903
7,40,-0.6499999999999999,1.25,-0.013714870817203746,-0.017317065094083275
8,40,-0.6,1.25,0.0014682964883651686,-0.013852018744203339
9,40,-0.55,1.25,0.00851911996513504,-0.01257958912163036
10,40,-0.5,1.25,0.009793084387646409,-0.012640022482491575
11,40,-0.44999999999999996,1.25,0.010222385938064016,-0.013513960948422672
12,40,-0.3999999999999999,1.25,0.011609793560767821,-0.015175798788887255
13,40,-0.35,1.25,0.013139713803275981,-0.017343559795275614
14,40,-0.29999999999999993,1.25,0.014477899296811928,-0.019380053046285546
15,40,-0.25,1.25,0.016395764522120458,-0.02094550325834584
16,40,-0.19999999999999996,1.25,0.01973568508876169,-0.02226107968577239
17,40,-0.1499999999999999,1.25,0.024526996153103105,-0.023611483364325888
18,40,-0.09999999999999998,1.25,0.0294337252183359,-0.024966781244555782
19,40,-0.04999999999999993,1.25,0.032875568685017134,-0.02611856068004673
20,40,0.0,1.25,0.035978858775901776,-0.02661722790501278
21,40,0.050000000000000044,1.25,0.04266217258788573,-0.025176393932281542
22,40,0.10000000000000009,1.25,0.05340458656886744,-0.019897028323797118
23,40,0.15000000000000013,1.25,0.05937770803569383,-0.010825201632953444
24,40,0.20000000000000018,1.25,0.05040745487232516,-0.002535836303717391
25,40,0.25,1.25,0.030691037200569957,-0.0011307454130519371
26,40,0.30000000000000004,1.25,0.0161828671767408,-0.00801945741037641
27,40,0.3500000000000001,1.25,0.016710978394613482,-0.019271072674354392
28,40,0.40000000000000013,1.25,0.030935049742790485,-0.030796895405701467
29,40,0.4500000000000002,1.25,0.05281079978108859,-0.04175064367768908
30,40,0.5,1.25,0.06898126923504048,-0.051468203270018505
31,40,0.55,1.25,0.05800743104107492,-0.055253070665071104
32,40,0.6000000000000001,1.25,0.014001565608996805,-0.04700908829106565
33,40,0.6500000000000001,1.25,-0.03456339024624935,-0.027564828306843384
34,40,0.7000000000000002,1.25,-0.05303544955090328,-0.006399364408860263
35,40,0.75,1.25,-0.03994707577795003,0.007940010920183416
36,40,0.8,1.25,-0.01868507255516117,0.014603953414151667
37,40,0.8500000000000001,1.25,-0.005016064482076237,0.01716888119460495
38,40,0.9000000000000001,1.25,0.00047891419800065796,0.018548369443371956
39,40,0.9500000000000002,1.25,0.0017346664711275633,0.019680139222518298
0,41,-1.0,1.3000000000000003,-0.05384120958890001,-0.21388952877380693
1,41,-0.95,1.3000000000000003,-0.05505375729664582,-0.1655144690917576
2,41,-0.9,1.3000000000000003,-0.05253436438007585,-0.11076133375231945
3,41,-0.85,1.3000000000000003,-0.04484283956319201,-0.0637761190872714
4,41,-0.8,1.3000000000000003,-0.039669132964425445,-0.03481942805384289
5,41,-0.75,1.3000000000000003,-0.03579986953634144,-0.02110825030912129
6,41,-0.7,1.3000000000000003,-0.025800734283352375,-0.014152417753776937
7,41,-0.6499999999999999,1.3000000000000003,-0.010074995963263202,-0.009687153268238685
8,41,-0.6,1.3000000000000003,0.0030574187837273392,-0.007357440912024171
9,41,-0.55,1.3000000000000003,0.00866021263742002,-0.006802664444134458
10,41,-0.5,1.3000000000000003,0.009133229194254536,-0.007019820960882418
11,41,-0.44999999999999996,1.3000000000000003,0.008947851516207493,-0.007616403753027655
12,41,-0.3999999999999999,1.3000000000000003,0.00984686393356509,-0.008725357434238752
13,41,-0.35,1.3000000000000003,0.011354860242383715,-0.010141106609076224
14,41,-0.29999999999999993,1.3000000000000003,0.013099736366609365,-0.011348802812935262
15,41,-0.25,1.3000000000000003,0.01534165101681197,-0.012157087376099517
16,41,-0.19999999999999996,1.3000000000000003,0.018579026643686294,-0.012916425073708961
17,41,-0.1499999999999999,1.3000000000000003,0.023007394236266368,-0.014137076549229476
18,41,-0.09999999999999998,1.3000000000000003,0.02766026705768419,-0.016062181721819124
19,41,-0.04999999999999993,1.3000000000000003,0.031297134774259903,-0.01847822227229538
20,41,0.0,1.3000000000000003,0.03557964885391852,-0.020688964741840486
21,41,0.050000000000000044,1.3000000000000003,0.04503082724675413,-0.021541530362594933
22,41,0.10000000000000009,1.3000000000000003,0.05947886181330226,-0.019736901610168257
23,41,0.15000000000000013,1.3000000000000003,0.06710847794075082,-0.015197120056920475
24,41,0.20000000000000018,1.3000000000000003,0.054775142379011224,-0.010665044454807602
25,41,0.25,1.3000000000000003,0.027796704280147338,-0.010303200847828712
26,41,0.30000000000000004,1.3000000000000003,0.006799400445541932,-0.015725819697647518
27,41,0.3500000000000001,1.3000000000000003,0.0047834585803643425,-0.02467189202285839
28,41,0.40000000000000013,1.3000000000000003,0.019283990261471616,-0.03402921428584371
29,41,0.4500000000000002,1.3000000000000003,0.04204341332304849,-0.04315632438368412
30,41,0.5,1.3000000000000003,0.06127673708510348,-0.052375411858621136
31,41,0.55,1.3000000000000003,0.05922254220899434,-0.05781307364007877
32,41,0.6000000000000001,1.3000000000000003,0.028021159223307387,-0.05182316980546487
33,41,0.6500000000000001,1.3000000000000003,-0.012550435820841456,-0.03261872362601727
34,41,0.7000000000000002,1.3000000000000003,-0.03299398119542213,-0.009120217147918757
35,41,0.75,1.3000000000000003,-0.027590710055749208,0.008407334618979554
36,41,0.8,1.3000000000000003,-0.012952739165560632,0.017494460194772948
37,41,0.8500000000000001,1.3000000000000003,-0.002492007108702652,0.021309841555446248
38,41,0.9000000000000001,1.3000000000000003,0.001969250484805049,0.023047104335295974
39,41,0.9500000000000002,1.3000000000000003,0.002998526168057347,0.02408332528264905
0,42,-1.0,1.35,-0.01618489679596366,-0.10938088485840423
1,42,-0.95,1.35,-0.016163496252736623,-0.08323382066141122
2,42,-0.9,1.35,-0.016438192890541135,-0.05591027052051162
3,42,-0.85,1.35,-0.019635759837829947,-0.03446804220775538
4,42,-0.8,1.35,-0.026130189884383172,-0.022144385104732184
5,42,-0.75,1.35,-0.02865973139560756,-0.015496610400653546
6,42,-0.7,1.35,-0.020935811921291153,-0.010275629991499668
7,42,-0.6499999999999999,1.35,-0.00691989397545098,-0.006132762363565379
8,42,-0.6,1.35,0.0043527853124693955,-0.004051434867412412
9,42,-0.55,1.35,0.008856739916276793,-0.003460297289450062
10,42,-0.5,1.35,0.008979345078753212,-0.0031895056920877227
11,42,-0.44999999999999996,1.35,0.008516849464707682,-0.0030121221418582048
12,42,-0.3999999999999999,1.35,0.009085090704719252,-0.003272128006736076
13,42,-0.35,1.35,0.010516268424579471,-0.003944114344156431
14,42,-0.29999999999999993,1.35,0.012461918529788635,-0.004652747482890764
15,42,-0.25,1.35,0.01482814226134676,-0.005162755622217345
16,42,-0.19999999999999996,1.35,0.01775569591563173,-0.0056156118077278945
17,42,-0.1499999999999999,1.35,0.021381239504992943,-0.00650712936020835
18,42,-0.09999999999999998,1.35,0.025092579495269995,-0.00840355290386452
19,42,-0.04999999999999993,1.35,0.028248785664995776,-0.01132913095903498
20,42,0.0,1.35,0.03291555068560222,-0.014656765915190516
21,42,0.050000000000000044,1.35,0.043614235719557956,-0.017951198342530793
22,42,0.10000000000000009,1.35,0.0597489968745419,-0.021409765972866066
23,42,0.15000000000000013,1.35,0.06844956519105448,-0.02513174814915406
24,42,0.20000000000000018,1.35,0.05530137408141693,-0.028419590974466932
25,42,0.25,1.35,0.02563026195773004,-0.03064211274714811
26,42,0.30000000000000004,1.35,0.0018141760017111215,-0.03214222688982501
27,42,0.3500000000000001,1.35,-0.0015924161935827134,-0.033709566772407384
28,42,0.40000000000000013,1.35,0.012450617381964749,-0.03608026923294027
29,42,0.4500000000000002,1.35,0.034464602208311164,-0.04019126891803283
30,42,0.5,1.35,0.05432451997864584,-0.046469943759036694
31,42,0.55,1.35,0.05855967309423119,-0.051586154909374016
32,42,0.6000000000000001,1.35,0.039195915623058304,-0.047998093874078974
33,42,0.6500000000000001,1.35,0.008139562411296763,-0.03192118176716063
34,42,0.7000000000000002,1.35,-0.012009391305906458,-0.009809932470097489
35,42,0.75,1.35,-0.013332398435258325,0.008226048308011668
36,42,0.8,1.35,-0.0057825656186944775,0.01832493287311934
37,42,0.8500000000000001,1.35,0.000536579658446789,0.022644973839947256
38,42,0.9000000000000001,1.35,0.0032523979252034596,0.024167951015736204
39,42,0.9500000000000002,1.35,0.003807108365833714,0.024580219276073047
0,43,-1.0,1.4,-0.0015470811949139934,-0.04493555517071077
1,43,-0.95,1.4,-0.0015831429587532045,-0.03619788030722701
2,43,-0.9,1.4,-0.0037685859264200046,-0.027801846428171587
3,43,-0.85,1.4,-0.011076954147412575,-0.021625451828172024
4,43,-0.8,1.4,-0.020697701157323615,-0.017472274039221775
5,43,-0.75,1.4,-0.023931114423108926,-0.013220112044729226
6,43,-0.7,1.4,-0.016436886246264208,-0.008140978842302513
7,43,-0.6499999999999999,1.4,-0.0038508008391759455,-0.003983850291894055
8,43,-0.6,1.4,0.005729883857842656,-0.001946256245372903
9,43,-0.55,1.4,0.00952214181274471,-0.0011614841729443853
10,43,-0.5,1.4,0.009581404341846393,-0.0004971953159857781
11,43,-0.44999999999999996,1.4,0.00886522920155914,4.9178457513995855e-05
12,43,-0.3999999999999999,1.4,0.008914871731266864,-3.6014403005275863e-05
13,43,-0.35,1.4,0.009974240766229027,-0.000806029572589205
14,43,-0.29999999999999993,1.4,0.011881095088548451,-0.0018506163454515973
15,43,-0.25,1.4,0.01437878669197484,-0.0027485643371337985
16,43,-0.19999999999999996,1.4,0.01723465290569529,-0.0033546770136197966
17,43,-0.1499999999999999,1.4,0.020219453140129743,-0.0039798105079993235
18,43,-0.09999999999999998,1.4,0.02283826545885756,-0.005254269206609284
19,43,-0.04999999999999993,1.4,0.025043921762933907,-0.007436144038742484
20,43,0.0,1.4,0.028957581470422707,-0.010337468912897732
21,43,0.050000000000000044,1.4,0.038277827189078587,-0.0146510186494058
22,43,0.10000000000000009,1.4,0.052298312006679,-0.02237695755373163
23,43,0.15000000000000013,1.4,0.06009865293914996,-0.03406188836307237
24,43,0.20000000000000018,1.4,0.04926477778101717,-0.0455031680410946
25,43,0.25,1.4,0.024074068364789262,-0.05062211242361681
26,43,0.30000000000000004,1.4,0.003731946420282655,-0.04806076318919422
27,43,0.3500000000000001,1.4,0.0008454162372490814,-0.04204747220097538
28,43,0.40000000000000013,1.4,0.012802288115846171,-0.037667295786190755
29,43,0.4500000000000002,1.4,0.03165373879695207,-0.037386236164435024
30,43,0.5,1.4,0.049881851093762294,-0.04097197572343349
31,43,0.55,1.4,0.05769439209395206,-0.04495070974568818
32,43,0.6000000000000001,1.4,0.04768613236552078,-0.042533049696244704
33,43,0.6500000000000001,1.4,0.025637725583140033,-0.029416733374225314
34,43,0.7000000000000002,1.4,0.0071532488797501625,-0.009982867126601264
35,43,0.75,1.4,0.0005441552874676202,0.006886106669254429
36,43,0.8,1.4,0.001466186366374956,0.016880139094556396
37,43,0.8500000000000001,1.4,0.0033510110339142127,0.021213826044834145
38,43,0.9000000000000001,1.4,0.0039044959209308394,0.02241015610550283
39,43,0.9500000000000002,1.4,0.0038230626887310326,0.022277853857186457
0,44,-1.0,1.4500000000000002,0.0012904529310038548,-0.02019921254629596
1,44,-0.95,1.4500000000000002,0.0009702124898025577,-0.01896398796308582
2,44,-0.9,1.4500000000000002,-0.0018657644114861496,-0.018357256306816908
3,44,-0.85,1.4500000000000002,-0.009306187448880135,-0.018070071174241965
4,44,-0.8,1.4500000000000002,-0.017724850100940374,-0.01646812006075516
5,44,-0.75,1.4500000000000002,-0.0193284361986883,-0.012213888280350575
6,44,-0.7,1.4500000000000002,-0.011699550168455981,-0.006491138158013013
7,44,-0.6499999999999999,1.4500000000000002,-0.0007251713785213706,-0.0019756728344912794
8,44,-0.6,1.4500000000000002,0.007175151431419065,0.00019883583849241576
9,44,-0.55,1.4500000000000002,0.010305800845663918,0.0009072877398632467
10,44,-0.5,1.4500000000000002,0.010190007709211593,0.0011569949969880353
11,44,-0.44999999999999996,1.4500000000000002,0.008978030377688184,0.000992806375924686
12,44,-0.3999999999999999,1.4500000000000002,0.008229882674616051,1.856714484386318e-05
13,44,-0.35,1.4500000000000002,0.00870166648213315,-0.0017455895937560154
14,44,-0.29999999999999993,1.4500000000000002,0.010519383765244042,-0.0037799318792738207
15,44,-0.25,1.4500000000000002,0.01332408159317856,-0.005540520081457733
16,44,-0.19999999999999996,1.4500000000000002,0.016524449744766204,-0.006797146152935397
17,44,-0.1499999999999999,1.4500000000000002,0.019481647312003456,-0.007650242119266511
18,44,-0.09999999999999998,1.4500000000000002,0.021636245964526835,-0.008330076575339754
19,44,-0.04999999999999993,1.4500000000000002,0.023165585958707328,-0.008944835279304907
20,44,0.0,1.4500000000000002,0.025700676074938908,-0.00983357012060827
21,44,0.050000000000000044,1.4500000000000002,0.031574747078724055,-0.012764672602337563
22,44,0.10000000000000009,1.4500000000000002,0.04033812716087533,-0.020863338415547644
23,44,0.15000000000000013,1.4500000000000002,0.04532335470369152,-0.03492780519095019
24,44,0.20000000000000018,1.4500000000000002,0.03874115002087249,-0.0492318094539817
25,44,0.25,1.4500000000000002,0.02307266680963042,-0.055254199961671614
26,44,0.30000000000000004,1.4500000000000002,0.010388816224352546,-0.050863912248065024
27,44,0.3500000000000001,1.4500000000000002,0.008801051209420752,-0.041858262169829845
28,44,0.40000000000000013,1.4500000000000002,0.017111853418505102,-0.035064695513009246
29,44,0.4500000000000002,1.4500000000000002,0.031159922271068428,-0.03337875331403575
30,44,0.5,1.4500000000000002,0.04676004639739268,-0.03611209248626278
31,44,0.55,1.4500000000000002,0.056998599121419975,-0.03960924309383952
32,44,0.6000000000000001,1.4500000000000002,0.05472989199452117,-0.03781867181978413
33,44,0.6500000000000001,1.4500000000000002,0.040689744980940204,-0.026997088352996648
34,44,0.7000000000000002,1.4500000000000002,0.024293448737573286,-0.010496916645157915
35,44,0.75,1.4500000000000002,0.013530607785899335,0.004466480880046687
36,44,0.8,1.4500000000000002,0.008545153756885238,0.013983151676960903
37,44,0.8500000000000001,1.4500000000000002,0.006066596669393222,0.018511117721691835
38,44,0.9000000000000001,1.4500000000000002,0.004316425737555772,0.019944757868910045
39,44,0.9500000000000002,1.4500000000000002,0.0035425038692009705,0.019974702530829985
0,45,-1.0,1.5,0.0009233679715062865,-0.016707209950260864
1,45,-0.95,1.5,0.0002588132807258489,-0.017050101070967064
2,45,-0.9,1.5,-0.0028746691375761482,-0.01792884221153951
3,45,-0.85,1.5,-0.009187817901350828,-0.0185468459932003
4,45,-0.8,1.5,-0.014841518263432225,-0.01689606685367946
5,45,-0.75,1.5,-0.013954132520366778,-0.011920948473970322
6,45,-0.7,1.5,-0.006198670800404912,-0.005504369366888182
7,45,-0.6499999999999999,1.5,0.002839173157329483,-0.0005965809255153651
8,45,-0.6,1.5,0.008612844432197182,0.0016185120550242169
9,45,-0.55,1.5,0.01048030097124033,0.0017578132516538059
10,45,-0.5,1.5,0.009666922977907833,0.0007731175686355451
11,45,-0.44999999999999996,1.5,0.007726801349414968,-0.0009083984639612214
12,45,-0.3999999999999999,1.5,0.006176475761586163,-0.00326417843945076
13,45,-0.35,1.5,0.006175741742111343,-0.006119189787262072
14,45,-0.29999999999999993,1.5,0.008086164600846733,-0.008945072629029105
15,45,-0.25,1.5,0.011361572418313263,-0.011307693239160123
16,45,-0.19999999999999996,1.5,0.015124930867886511,-0.01318389193608117
17,45,-0.1499999999999999,1.5,0.018686522717725387,-0.01456714856160583
18,45,-0.09999999999999998,1.5,0.021543672298819164,-0.015020959229242164
19,45,-0.04999999999999993,1.5,0.02354042821766539,-0.014083111361776791
20,45,0.0,1.5,0.02513774414739005,-0.012347707077693618
21,45,0.050000000000000044,1.5,0.027248058894139213,-0.012285258406154256
22,45,0.10000000000000009,1.5,0.030135179418066364,-0.017251805309466118
23,45,0.15000000000000013,1.5,0.0317301819007159,-0.027878439332231816
24,45,0.20000000000000018,1.5,0.02893838301029575,-0.03913389680874955
25,45,0.25,1.5,0.02244196557070595,-0.04389198568808932
26,45,0.30000000000000004,1.5,0.017127884212124425,-0.04032208559111535
27,45,0.3500000000000001,1.5,0.01664463297230485,-0.03302595763534112
28,45,0.40000000000000013,1.5,0.02128179697164026,-0.027436500709497245
29,45,0.4500000000000002,1.5,0.030606341823698535,-0.026017836981197962
30,45,0.5,1.5,0.04365136131395852,-0.02845331661191673
31,45,0.55,1.5,0.055987812760430716,-0.03171332817004489
32,45,0.6000000000000001,1.5,0.06029828710636365,-0.030751719791014064
33,45,0.6500000000000001,1.5,0.05295948075776624,-0.02268055852563065
34,45,0.7000000000000002,1.5,0.038616818112793494,-0.010056661164165627
35,45,0.75,1.5,0.02502422360958644,0.001975002326567686
36,45,0.8,1.5,0.015510823208020105,0.010529652828802378
37,45,0.8500000000000001,1.5,0.009312617225863355,0.015496049535257787
38,45,0.9000000000000001,1.5,0.005368080730068989,0.017843028054392602
39,45,0.9500000000000002,1.5,0.0038829520125709116,0.01872684293254337
0,46,-1.0,1.5500000000000003,0.000604670689591455,-0.0218878396846418
1,46,-0.95,1.5500000000000003,-0.00025141977147608713,-0.02192605490885926
2,46,-0.9,1.5500000000000003,-0.003362509333719385,-0.02191027018837808
3,46,-0.85,1.5500000000000003,-0.008273412091020088,-0.0209916499390898
4,46,-0.8,1.5500000000000003,-0.011098952581710397,-0.01770326800785288
5,46,-0.75,1.5500000000000003,-0.00793673871189702,-0.011800044079059852
6,46,-0.7,1.5500000000000003,-0.0003751826200010244,-0.005371226024792168
7,46,-0.6499999999999999,1.5500000000000003,0.006397710043391028,-0.0009186764685849974
8,46,-0.6,1.5500000000000003,0.009529545608588236,0.0006507623533660509
9,46,-0.55,1.5500000000000003,0.009460406359275246,-0.00017249933310731214
10,46,-0.5,1.5500000000000003,0.007523795993596566,-0.0024382273542743887
11,46,-0.44999999999999996,1.5500000000000003,0.004940734369601879,-0.005326495896702428
12,46,-0.3999999999999999,1.5500000000000003,0.0030190913513152007,-0.008364560211800223
13,46,-0.35,1.5500000000000003,0.0030207722925548047,-0.011266484077295143
14,46,-0.29999999999999993,1.5500000000000003,0.005330880313345991,-0.013719922034444651
15,46,-0.25,1.5500000000000003,0.009085262286126494,-0.015655322524094697
16,46,-0.19999999999999996,1.5500000000000003,0.013264994422320497,-0.017386215425652714
17,46,-0.1499999999999999,1.5500000000000003,0.017644580018842462,-0.01895938879961352
18,46,-0.09999999999999998,1.5500000000000003,0.022120283164355874,-0.019542784640938175
19,46,-0.04999999999999993,1.5500000000000003,0.025838838110255873,-0.018127560628401675
20,46,0.0,1.5500000000000003,0.027498529030561443,-0.015117814148608803
21,46,0.050000000000000044,1.5500000000000003,0.02667064884695156,-0.012997992286939552
22,46,0.10000000000000009,1.5500000000000003,0.024744946234797772,-0.01468286985859546
23,46,0.15000000000000013,1.5500000000000003,0.023441263204408085,-0.020416220763362844
24,46,0.20000000000000018,1.5500000000000003,0.02272760366501498,-0.026722732289214096
25,46,0.25,1.5500000000000003,0.021884478027264613,-0.029416920920714254
26,46,0.30000000000000004,1.5500000000000003,0.02125484427710075,-0.027503506145149896
27,46,0.3500000000000001,1.5500000000000003,0.02168663609103886,-0.023371644741454877
28,46,0.40000000000000013,1.5500000000000003,0.024119974072648268,-0.01986316080246338
29,46,0.4500000000000002,1.5500000000000003,0.030143106368648944,-0.01860268436017145
30,46,0.5,1.5500000000000003,0.04106455520854577,-0.020025292626080826
31,46,0.55,1.5500000000000003,0.054700195942322644,-0.02255168641498364
32,46,0.6000000000000001,1.5500000000000003,0.0637626616389354,-0.022552164615633915
33,46,0.6500000000000001,1.5500000000000003,0.06138480360778864,-0.01759416407787902
34,46,0.7000000000000002,1.5500000000000003,0.04894900958977162,-0.009066681235117002
35,46,0.75,1.5500000000000003,0.03411692177886734,-0.0002303885207544272
36,46,0.8,1.5500000000000003,0.02206620096557534,0.006982136095606845
37,46,0.8500000000000001,1.5500000000000003,0.013379971894983446,0.012186306928935707
38,46,0.9000000000000001,1.5500000000000003,0.007547219134841354,0.01548278423050286
39,46,0.9500000000000002,1.5500000000000003,0.0053101336255025056,0.017267469006105075
0,47,-1.0,1.6,0.0008469375230713699,-0.030258344246416845
1,47,-0.95,1.6,0.00023638277698957016,-0.03002920099637603
2,47,-0.9,1.6,-0.0019402641678066893,-0.028831979676557998
3,47,-0.85,1.6,-0.004980815720825628,-0.025539790977392313
4,47,-0.8,1.6,-0.005649912403402277,-0.019668201700099863
5,47,-0.75,1.6,-0.0016220905373060673,-0.012576405445710731
6,47,-0.7,1.6,0.004682696810069942,-0.006669040837636413
7,47,-0.6499999999999999,1.6,0.008861161535487702,-0.003459127650148816
8,47,-0.6,1.6,0.009359021567674868,-0.002989710461273297
9,47,-0.55,1.6,0.0073913112635998895,-0.004541333122629991
10,47,-0.5,1.6,0.0045129264143127165,-0.007181566247904322
11,47,-0.44999999999999996,1.6,0.001800468491889133,-0.009981870974202153
12,47,-0.3999999999999999,1.6,0.0002364875809934483,-0.012274748489494516
13,47,-0.35,1.6,0.0008203799194669154,-0.013824773597694053
14,47,-0.29999999999999993,1.6,0.0036973261540471786,-0.014722181855800348
15,47,-0.25,1.6,0.007695279027105199,-0.015308371151397833
16,47,-0.19999999999999996,1.6,0.01182086459236769,-0.01609377352341214
17,47,-0.1499999999999999,1.6,0.016529953502439926,-0.01732136315946332
18,47,-0.09999999999999998,1.6,0.022375500470031007,-0.018398465575544358
19,47,-0.04999999999999993,1.6,0.027965398709994763,-0.018299139189770445
20,47,0.0,1.6,0.030267312488852175,-0.016954083169565832
21,47,0.050000000000000044,1.6,0.027683003184152555,-0.01576671050593892
22,47,0.10000000000000009,1.6,0.022716950941643072,-0.01627321525653154
23,47,0.15000000000000013,1.6,0.01969031947009726,-0.018425378197157206
24,47,0.20000000000000018,1.6,0.01993768285294434,-0.020611184301344867
25,47,0.25,1.6,0.02166119171477015,-0.021291930572287846
26,47,0.30000000000000004,1.6,0.023173160391383806,-0.020265337784783205
27,47,0.3500000000000001,1.6,0.02428497831499136,-0.018363199087104525
28,47,0.40000000000000013,1.6,0.026050757352923688,-0.016386731179565954
29,47,0.4500000000000002,1.6,0.03044421000008109,-0.015024138561439129
30,47,0.5,1.6,0.03970235925914633,-0.015183818412105561
31,47,0.55,1.6,0.053460940770877624,-0.01679283251869444
32,47,0.6000000000000001,1.6,0.06525580944346827,-0.017599135940925652
33,47,0.6500000000000001,1.6,0.06644496413828316,-0.01506712501874093
34,47,0.7000000000000002,1.6,0.05598059366991809,-0.009239523943593859
35,47,0.75,1.6,0.041073040940310286,-0.0023967279404337426
36,47,0.8,1.6,0.02792751865771024,0.0036519580313368674
37,47,0.8500000000000001,1.6,0.01781326536075937,0.008519938770566449
38,47,0.9000000000000001,1.6,0.010449242807238357,0.012117491922673633
39,47,0.9500000000000002,1.6,0.007452321563775344,0.014346076210519088
0,48,-1.0,1.6500000000000004,0.001062957189673086,-0.037372314594204016
1,48,-0.95,1.6500000000000004,0.00117494479838276,-0.037325399046520026
2,48,-0.9,1.6500000000000004,0.0011269006852643315,-0.03561043571808288
3,48,-0.85,1.6500000000000004,0.0008903658854380464,-0.030606067909550103
4,48,-0.8,1.6500000000000004,0.0018644329499711843,-0.022544384331149962
5,48,-0.75,1.6500000000000004,0.005062422150566431,-0.014351359441414982
6,48,-0.7,1.6500000000000004,0.00874209517556089,-0.008867880285545367
7,48,-0.6499999999999999,1.6500000000000004,0.010077040419754144,-0.006661056604170858
8,48,-0.6,1.6500000000000004,0.00844734013610706,-0.006816334328651474
9,48,-0.55,1.6500000000000004,0.0052685505726442206,-0.008282290522933604
10,48,-0.5,1.6500000000000004,0.0020832581420244037,-0.010203864334307582
11,48,-0.44999999999999996,1.6500000000000004,-0.0001524478719883149,-0.011821275996959334
12,48,-0.3999999999999999,1.6500000000000004,-0.0008238112721766985,-0.012584728076192979
13,48,-0.35,1.6500000000000004,0.000573338926248973,-0.012443362601536334
14,48,-0.29999999999999993,1.6500000000000004,0.0038472827596422107,-0.011822508194889031
15,48,-0.25,1.6500000000000004,0.007713670618514704,-0.011227343827880897
16,48,-0.19999999999999996,1.6500000000000004,0.01125200241425501,-0.011108656990879706
17,48,-0.1499999999999999,1.6500000000000004,0.015339887966710243,-0.01191066328284366
18,48,-0.09999999999999998,1.6500000000000004,0.02114250713404875,-0.013657958569388822
19,48,-0.04999999999999993,1.6500000000000004,0.0272832205162344,-0.015872815820100212
20,48,0.0,1.6500000000000004,0.03003095771439297,-0.018129331336897963
21,48,0.050000000000000044,1.6500000000000004,0.02735151675998585,-0.019960797767844644
22,48,0.10000000000000009,1.6500000000000004,0.022086278543579484,-0.02072706426698323
23,48,0.15000000000000013,1.6500000000000004,0.019103294159594757,-0.0203836402600591
24,48,0.20000000000000018,1.6500000000000004,0.019861051289884336,-0.01955523912898666
25,48,0.25,1.6500000000000004,0.022230324543826275,-0.018684102463715248
26,48,0.30000000000000004,1.6500000000000004,0.02418357576228407,-0.01787951439378835
27,48,0.3500000000000001,1.6500000000000004,0.02556524269625611,-0.017090304301502202
28,48,0.40000000000000013,1.6500000000000004,0.027459034598313666,-0.016017586490450843
29,48,0.4500000000000002,1.6500000000000004,0.03134601913610934,-0.014719882979252067
30,48,0.5,1.6500000000000004,0.03929586125129045,-0.014276926671686774
31,48,0.55,1.6500000000000004,0.05228487841350255,-0.01555140347964592
32,48,0.6000000000000001,1.6500000000000004,0.06548836913888892,-0.017116837301603426
33,48,0.6500000000000001,1.6500000000000004,0.06974441560512043,-0.015988801567152634
34,48,0.7000000000000002,1.6500000000000004,0.06161940666807881,-0.011098788218178394
35,48,0.75,1.6500000000000004,0.04700840375379806,-0.004684520455690254
36,48,0.8,1.6500000000000004,0.03298286767657553,0.000761971725366864
37,48,0.8500000000000001,1.6500000000000004,0.02184550578632021,0.004974589469230566
38,48,0.9000000000000001,1.6500000000000004,0.013373356574793993,0.008360727610610859
39,48,0.9500000000000002,1.6500000000000004,0.009767302201193415,0.010739488019011478
0,49,-1.0,1.7000000000000002,0.0009407686184393499,-0.038624726114541395
1,49,-0.95,1.7000000000000002,0.0019982616531107056,-0.038372118129682484
2,49,-0.9,1.7000000000000002,0.004779066969163234,-0.036314982271595624
3,49,-0.85,1.7000000000000002,0.00808523566610729,-0.03072577118311954
4,49,-0.8,1.7000000000000002,0.010604796064732844,-0.022088776894733757
5,49,-0.75,1.7000000000000002,0.012054413508298528,-0.013849463103062475
6,49,-0.7,1.7000000000000002,0.012372999647314066,-0.008880894458626297
7,49,-0.6499999999999999,1.7000000000000002,0.010912707492381594,-0.00719040701025811
8,49,-0.6,1.7000000000000002,0.007737787648912121,-0.007366079227581722
9,49,-0.55,1.7000000000000002,0.004003781257943782,-0.008258606953178947
10,49,-0.5,1.7000000000000002,0.0009739409402869867,-0.009197148394176555
11,49,-0.44999999999999996,1.7000000000000002,-0.0005803952499962642,-0.009708635344633058
12,49,-0.3999999999999999,1.7000000000000002,-0.00038559902358355214,-0.009474610113704499
13,49,-0.35,1.7000000000000002,0.0015825998007708633,-0.0085689453897278
14,49,-0.29999999999999993,1.7000000000000002,0.004913344927702616,-0.007469215419348939
15,49,-0.25,1.7000000000000002,0.008409130231114524,-0.006580158346141569
16,49,-0.19999999999999996,1.7000000000000002,0.011137545137404926,-0.006166262099554787
17,49,-0.1499999999999999,1.7000000000000002,0.01398065192393081,-0.006670035254370821
18,49,-0.09999999999999998,1.7000000000000002,0.018413347932774455,-0.008511696314233326
19,49,-0.04999999999999993,1.7000000000000002,0.023494025942485623,-0.011852883071795592
20,49,0.0,1.7000000000000002,0.026179330541107743,-0.01628693563508435
21,49,0.050000000000000044,1.7000000000000002,0.025085270254067288,-0.02004281152507859
22,49,0.10000000000000009,1.7000000000000002,0.022294108449428616,-0.02095300500069966
23,49,0.15000000000000013,1.7000000000000002,0.02086214460809383,-0.01912493430155553
24,49,0.20000000000000018,1.7000000000000002,0.02163722064928819,-0.01671910962518515
25,49,0.25,1.7000000000000002,0.023336916449968464,-0.015229349842418747
26,49,0.30000000000000004,1.7000000000000002,0.02476695855359685,-0.014744723211929161
27,49,0.3500000000000001,1.7000000000000002,0.026146906218328866,-0.014727502576180954
28,49,0.40000000000000013,1.7000000000000002,0.028421178675173825,-0.014489439657238536
29,49,0.4500000000000002,1.7000000000000002,0.03218486981884516,-0.01394096268670918
30,49,0.5,1.7000000000000002,0.038870838758752475,-0.014165679060615522
31,49,0.55,1.7000000000000002,0.050621030140960976,-0.016257752273446755
32,49,0.6000000000000001,1.7000000000000002,0.06481841135596156,-0.01901119924790179
33,49,0.6500000000000001,1.7000000000000002,0.07246301322170819,-0.018925941990772365
34,49,0.7000000000000002,1.7000000000000002,0.06728487478138047,-0.014188795948644473
35,49,0.75,1.7000000000000002,0.05293380088385554,-0.007327126666936447
36,49,0.8,1.7000000000000002,0.03758662858263106,-0.0016038508726708839
37,49,0.8500000000000001,1.7000000000000002,0.025412021246003363,0.0026957494431458645
38,49,0.9000000000000001,1.7000000000000002,0.01621414135701927,0.006352326692474625
39,49,0.9500000000000002,1.7000000000000002,0.012209842380576583,0.009197453604401253
0,50,-1.0,1.75,0.0015681731593909093,-0.03321022876287792
1,50,-0.95,1.75,0.0034846886413285316,-0.03141922208509236
2,50,-0.9,1.75,0.008773247631827276,-0.02814093937404144
3,50,-0.85,1.75,0.015116571262299913,-0.022458115166367684
4,50,-0.8,1.75,0.01874074103002825,-0.014957503098209438
5,50,-0.75,1.75,0.01827030458667389,-0.008302734154719583
6,50,-0.7,1.75,0.015401151268365255,-0.004669836017963773
7,50,-0.6499999999999999,1.75,0.011591855650798719,-0.003807492329609731
8,50,-0.6,1.75,0.007379140193186223,-0.004233084232734656
9,50,-0.55,1.75,0.0034374814060493877,-0.004888515235519052
10,50,-0.5,1.75,0.0006332297505702925,-0.005361151253415047
11,50,-0.44999999999999996,1.75,-0.00042990959151625874,-0.005485929064418041
12,50,-0.3999999999999999,1.75,0.0003158786827285598,-0.005149212124323337
13,50,-0.35,1.75,0.0025787336206045328,-0.004417337731495163
14,50,-0.29999999999999993,1.75,0.005836069803228441,-0.0035986621109278596
15,50,-0.25,1.75,0.009016623938308856,-0.002947104841164276
16,50,-0.19999999999999996,1.75,0.011162125506025758,-0.0025622994221185733
17,50,-0.1499999999999999,1.75,0.012994453752031704,-0.002609705205542691
18,50,-0.09999999999999998,1.75,0.015959659316623978,-0.003437447442023178
19,50,-0.04999999999999993,1.75,0.019507981195383377,-0.005523264906154759
20,50,0.0,1.75,0.021841029261109972,-0.008764137185247756
21,50,0.050000000000000044,1.75,0.02268544739437054,-0.01159009154573806
22,50,0.10000000000000009,1.75,0.023004155767102543,-0.012073555811578929
23,50,0.15000000000000013,1.75,0.023337189535109267,-0.010297156058480077
24,50,0.20000000000000018,1.75,0.02375663574902112,-0.008133706608330158
25,50,0.25,1.75,0.024204710957082265,-0.0069958230209493134
26,50,0.30000000000000004,1.75,0.024685423028521867,-0.007087433694895218
27,50,0.3500000000000001,1.75,0.025820526250946736,-0.007921561558704767
28,50,0.40000000000000013,1.75,0.02824557448778544,-0.008938422064338975
29,50,0.4500000000000002,1.75,0.031669779732732356,-0.010134676276841309
30,50,0.5,1.75,0.03697907166455287,-0.012268900312709373
31,50,0.55,1.75,0.04743935822621628,-0.01614101761041465
32,50,0.6000000000000001,1.75,0.0628201794215633,-0.020694977261673474
33,50,0.6500000000000001,1.75,0.07456681890437775,-0.022322536626105574
34,50,0.7000000000000002,1.75,0.07321822199191472,-0.018586111337071786
35,50,0.75,1.75,0.05959334882977165,-0.011545835520312842
36,50,0.8,1.75,0.04300574378665784,-0.004441993527483801
37,50,0.8500000000000001,1.75,0.02980168335146572,0.001966654063996036
38,50,0.9000000000000001,1.75,0.01987506073604938,0.007764983319922918
39,50,0.9500000000000002,1.75,0.01545755602504667,0.012399070942572255
0,51,-1.0,1.8000000000000003,0.004522781974010473,-0.026148316440255358
1,51,-0.95,1.8000000000000003,0.007067551041947187,-0.022189830535916527
2,51,-0.9,1.8000000000000003,0.01374017388788791,-0.017129635339440605
3,51,-0.85,1.8000000000000003,0.021268671941939293,-0.011379295133592607
4,51,-0.8,1.8000000000000003,0.024760177076380945,-0.005688142377969878
5,51,-0.75,1.8000000000000003,0.022342080588544193,-0.0013548195822588732
6,51,-0.7,1.8000000000000003,0.01686824147242392,0.0004669561206113379
7,51,-0.6499999999999999,1.8000000000000003,0.011349459277610711,0.00010418814206995114
8,51,-0.6,1.8000000000000003,0.006656764743002801,-0.0010207982214349015
9,51,-0.55,1.8000000000000003,0.002875714237263391,-0.0018747638122542862
10,51,-0.5,1.8000000000000003,0.00037652711138799755,-0.0022275538792985994
11,51,-0.44999999999999996,1.8000000000000003,-0.0003684561209045534,-0.002211158905851794
12,51,-0.3999999999999999,1.8000000000000003,0.0006829923093393253,-0.0019620356935960703
13,51,-0.35,1.8000000000000003,0.0031331498141663403,-0.0015675232023664928
14,51,-0.29999999999999993,1.8000000000000003,0.0063835778180335034,-0.0011506851412584548
15,51,-0.25,1.8000000000000003,0.00944549291992381,-0.0008399767384576276
16,51,-0.19999999999999996,1.8000000000000003,0.011474944773026512,-0.000555671474574207
17,51,-0.1499999999999999,1.8000000000000003,0.013105503904026206,-6.576973815213688e-05
18,51,-0.09999999999999998,1.8000000000000003,0.015499788232162387,0.0005422662945428133
19,51,-0.04999999999999993,1.8000000000000003,0.018167336199261044,0.0007530800074752667
20,51,0.0,1.8000000000000003,0.020112503901524442,0.00033980234607024207
21,51,0.050000000000000044,1.8000000000000003,0.021775851627736115,-0.00019375302194785116
22,51,0.10000000000000009,1.8000000000000003,0.0235870439366866,-0.00016781764403056912
23,51,0.15000000000000013,1.8000000000000003,0.024801993811342602,0.0005275748880755049
24,51,0.20000000000000018,1.8000000000000003,0.024938553686818955,0.0013622851477726981
25,51,0.25,1.8000000000000003,0.024383189363403404,0.0016447115925459152
26,51,0.30000000000000004,1.8000000000000003,0.023841220015841397,0.000979570358504208
27,51,0.3500000000000001,1.8000000000000003,0.024295917848885108,-0.0005650042894342431
28,51,0.40000000000000013,1.8000000000000003,0.026208063957037283,-0.0028483175906810886
29,51,0.4500000000000002,1.8000000000000003,0.028854391570474765,-0.0059379037226061585
30,51,0.5,1.8000000000000003,0.03286449742517913,-0.010013685797751314
31,51,0.55,1.8000000000000003,0.04219495319199686,-0.015479898320191688
32,51,0.6000000000000001,1.8000000000000003,0.05863689234027064,-0.021961966103026656
33,51,0.6500000000000001,1.8000000000000003,0.07457187914630989,-0.02672890261561021
34,51,0.7000000000000002,1.8000000000000003,0.0780615758871732,-0.026638283074702836
35,51,0.75,1.8000000000000003,0.06707791869344353,-0.021358173688696865
36,51,0.8,1.8000000000000003,0.05109911816693993,-0.012332072697114806
37,51,0.8500000000000001,1.8000000000000003,0.03761899809341008,-0.0012065614010241948
38,51,0.9000000000000001,1.8000000000000003,0.02664655823559549,0.00973183589776716
39,51,0.9500000000000002,1.8000000000000003,0.021478017625875256,0.018512551614480108
0,52,-1.0,1.85,0.00948514496806857,-0.023197103932000307
1,52,-0.95,1.85,0.012503369742143285,-0.018458708551607438
2,52,-0.9,1.85,0.019583783034151196,-0.01278242675575629
3,52,-0.85,1.85,0.02655806422377064,-0.007399582706473333
4,52,-0.8,1.85,0.028765216581361983,-0.003180388256715898
5,52,-0.75,1.85,0.024425403085255107,-0.00042891676608824286
6,52,-0.7,1.85,0.01686015899269408,0.000430127931488368
7,52,-0.6499999999999999,1.85,0.01010410130875248,-0.00041726604056976924
8,52,-0.6,1.85,0.005400188238861986,-0.0017637614640374222
9,52,-0.55,1.85,0.00223072574818569,-0.0025513978117146577
10,52,-0.5,1.85,0.0002968346569727845,-0.002581380446843272
11,52,-0.44999999999999996,1.85,-0.00016439140581372969,-0.002193318279981281
12,52,-0.3999999999999999,1.85,0.0009595143862138611,-0.001774826477592903
13,52,-0.35,1.85,0.0033900841729421483,-0.0014990244055488114
14,52,-0.29999999999999993,1.85,0.006563616267137307,-0.0013936655707362522
15,52,-0.25,1.85,0.009611637604993103,-0.0014583769675221084
16,52,-0.19999999999999996,1.85,0.011936332506331249,-0.0013983533499210832
17,52,-0.1499999999999999,1.85,0.014092391521148724,-0.0007152217465096478
18,52,-0.09999999999999998,1.85,0.01677850906225138,0.0006200052744640208
19,52,-0.04999999999999993,1.85,0.019305517246910806,0.0021272482072919735
20,52,0.0,1.85,0.020894196231686854,0.003430861289938046
21,52,0.050000000000000044,1.85,0.02217782740426973,0.004285738418396082
22,52,0.10000000000000009,1.85,0.0237254836771259,0.004488806901511173
23,52,0.15000000000000013,1.85,0.024867292326912534,0.004217957948618126
24,52,0.20000000000000018,1.85,0.02487377245349153,0.003789741988583107
25,52,0.25,1.85,0.023821996167813775,0.0031339988203813937
26,52,0.30000000000000004,1.85,0.022475707146541707,0.0019688082788551706
27,52,0.3500000000000001,1.85,0.021992638301761437,0.00011593239716702931
28,52,0.40000000000000013,1.85,0.022872675054613524,-0.002672710257102043
29,52,0.4500000000000002,1.85,0.02450441152566213,-0.006558127097736101
30,52,0.5,1.85,0.027437077066967346,-0.011363127701869341
31,52,0.55,1.85,0.035491077920940944,-0.017384354316023646
32,52,0.6000000000000001,1.85,0.05157117512614478,-0.025478547124494377
33,52,0.6500000000000001,1.85,0.06989050193270158,-0.03486514780651378
34,52,0.7000000000000002,1.85,0.07858895091882807,-0.04186428218719901
35,52,0.75,1.85,0.07389955920735967,-0.04183018285437691
36,52,0.8,1.85,0.06315735607433051,-0.032238498248794135
37,52,0.8500000000000001,1.85,0.05186559194634768,-0.01542817776662278
38,52,0.9000000000000001,1.85,0.039594173751553684,0.0025043191011518695
39,52,0.9500000000000002,1.85,0.033018987458472565,0.016882783161909984
0,53,-1.0,1.9000000000000004,0.013999572734796212,-0.02497375585566477
1,53,-0.95,1.9000000000000004,0.017482228218191204,-0.021807001664282226
2,53,-0.9,1.9000000000000004,0.024799299733022015,-0.017839314694785835
3,53,-0.85,1.9000000000000004,0.030870710440979686,-0.014137705518803452
4,53,-0.8,1.9000000000000004,0.031730843016766035,-0.011366642437873921
5,53,-0.75,1.9000000000000004,0.02595259677674846,-0.009306913887234779
6,53,-0.7,1.9000000000000004,0.016879892197942392,-0.008021167557859046
7,53,-0.6499999999999999,1.9000000000000004,0.009155569882084921,-0.0077631690620288615
8,53,-0.6,1.9000000000000004,0.004522632971857912,-0.008013415809522695
9,53,-0.55,1.9000000000000004,0.002058095254457541,-0.007951448203910305
10,53,-0.5,1.9000000000000004,0.0007346066431213744,-0.0073349484166197396
11,53,-0.44999999999999996,1.9000000000000004,0.0004380978483458156,-0.006482601195615285
12,53,-0.3999999999999999,1.9000000000000004,0.0013772861837717948,-0.005776576271900105
13,53,-0.35,1.9000000000000004,0.003514310721022991,-0.005352821687092842
14,53,-0.29999999999999993,1.9000000000000004,0.0064242252560602064,-0.00522041735213568
15,53,-0.25,1.9000000000000004,0.00944080514073898,-0.005342848992998146
16,53,-0.19999999999999996,1.9000000000000004,0.012218099994038972,-0.005353993659379663
17,53,-0.1499999999999999,1.9000000000000004,0.01512386252841131,-0.004767289641517403
18,53,-0.09999999999999998,1.9000000000000004,0.018342258185964008,-0.0035999052391797945
19,53,-0.04999999999999993,1.9000000000000004,0.02097819221473507,-0.002244464092226485
20,53,0.0,1.9000000000000004,0.02227099411262855,-0.0009871553781710951
21,53,0.050000000000000044,1.9000000000000004,0.022833797239309242,-0.0001482319942284864
22,53,0.10000000000000009,1.9000000000000004,0.023519263466908642,-8.23092460583083e-05
23,53,0.15000000000000013,1.9000000000000004,0.024102928898414536,-0.0007452273409261009
24,53,0.20000000000000018,1.9000000000000004,0.023854594558582222,-0.001837966316311536
25,53,0.25,1.9000000000000004,0.022562255653675468,-0.003188275397045595
26,53,0.30000000000000004,1.9000000000000004,0.02082315359262703,-0.004713498589752219
27,53,0.3500000000000001,1.9000000000000004,0.019654399312927895,-0.006487378548456326
28,53,0.40000000000000013,1.9000000000000004,0.01953400446213415,-0.008923892140683025
29,53,0.4500000000000002,1.9000000000000004,0.020163974125707466,-0.012342237962419175
30,53,0.5,1.9000000000000004,0.022038270206891582,-0.016621216733266688
31,53,0.55,1.9000000000000004,0.02807953376937183,-0.02224267251838008
32,53,0.6000000000000001,1.9000000000000004,0.041156098849780505,-0.03127813557187506
33,53,0.6500000000000001,1.9000000000000004,0.05818614408360524,-0.045171143282562526
34,53,0.7000000000000002,1.9000000000000004,0.07109654083931008,-0.0604698394692403
35,53,0.75,1.9000000000000004,0.0767037026318484,-0.06875605744963782
36,53,0.8,1.9000000000000004,0.07750112325469406,-0.0631719689171217
37,53,0.8500000000000001,1.9000000000000004,0.07236181544335608,-0.045445585660309984
38,53,0.9000000000000001,1.9000000000000004,0.05895751916412825,-0.024329516592240148
39,53,0.9500000000000002,1.9000000000000004,0.050234945747391485,-0.007065014373731325
0,54,-1.0,1.9500000000000002,0.015818653350833656,-0.02805496444345537
1,54,-0.95,1.9500000000000002,0.019637810903022218,-0.02794502176939037
2,54,-0.9,1.9500000000000002,0.02725307917962997,-0.027653642383027276
3,54,-0.85,1.9500000000000002,0.033030736480682554,-0.027391608490748703
4,54,-0.8,1.9500000000000002,0.033596008212930656,-0.026938049881634965
5,54,-0.75,1.9500000000000002,0.02777087796526998,-0.025431854742399042
6,54,-0.7,1.9500000000000002,0.018403903817899997,-0.02276512353802388
7,54,-0.6499999999999999,1.9500000000000002,0.01011185305708883,-0.02004538561807174
8,54,-0.6,1.9500000000000002,0.005211909096980542,-0.018081221393092678
9,54,-0.55,1.9500000000000002,0.002909193141088645,-0.016663117480522835
10,54,-0.5,1.9500000000000002,0.0017656816652678042,-0.015366664404966278
11,54,-0.44999999999999996,1.9500000000000002,0.0013939807389059047,-0.014123510643788209
12,54,-0.3999999999999999,1.9500000000000002,0.002089293894736305,-0.012993380027978702
13,54,-0.35,1.9500000000000002,0.003946243092706574,-0.011949907527398496
14,54,-0.29999999999999993,1.9500000000000002,0.006573588961232002,-0.01105563751095582
15,54,-0.25,1.9500000000000002,0.00947806129774912,-0.010426950064607449
16,54,-0.19999999999999996,1.9500000000000002,0.012511891857811992,-0.009914167735911028
17,54,-0.1499999999999999,1.9500000000000002,0.015846479941348593,-0.00927138348789873
18,54,-0.09999999999999998,1.9500000000000002,0.0193013346115423,-0.008551597979528924
19,54,-0.04999999999999993,1.9500000000000002,0.021918267107919505,-0.007938047680659081
20,54,0.0,1.9500000000000002,0.022990428329684853,-0.007485711353666137
21,54,0.050000000000000044,1.9500000000000002,0.023082673536382516,-0.007283014306816854
22,54,0.10000000000000009,1.9500000000000002,0.023128488330428285,-0.007506821415913089
23,54,0.15000000000000013,1.9500000000000002,0.023111635256659307,-0.008235497797865927
24,54,0.20000000000000018,1.9500000000000002,0.022430724397372037,-0.00941563632569347
25,54,0.25,1.9500000000000002,0.02094646389437309,-0.010854350936751796
26,54,0.30000000000000004,1.9500000000000002,0.019176603995130978,-0.012247520182766779
27,54,0.3500000000000001,1.9500000000000002,0.017782244750830633,-0.013547030469157157
28,54,0.40000000000000013,1.9500000000000002,0.017017815640650674,-0.015167487753106716
29,54,0.4500000000000002,1.9500000000000002,0.016807086933078464,-0.017485735192841207
30,54,0.5,1.9500000000000002,0.01753664251100644,-0.020513059330463754
31,54,0.55,1.9500000000000002,0.020834159082332576,-0.024874356262034387
32,54,0.6000000000000001,1.9500000000000002,0.028642704361962333,-0.03313778614716115
33,54,0.6500000000000001,1.9500000000000002,0.040698798035336325,-0.048103474663358736
34,54,0.7000000000000002,1.9500000000000002,0.05500403675175278,-0.06780622297113242
35,54,0.75,1.9500000000000002,0.07119742975947826,-0.08407719918120068
36,54,0.8,1.9500000000000002,0.08646782786365835,-0.08885240829213596
37,54,0.8500000000000001,1.9500000000000002,0.09070804427122925,-0.08146868167751428
38,54,0.9000000000000001,1.9500000000000002,0.07797474503813234,-0.06834195427248867
39,54,0.9500000000000002,1.9500000000000002,0.06754799189549021,-0.056143732308541645
0,55,-1.0,2.0,0.014219458082926212,-0.029122925890721595
1,55,-0.95,2.0,0.0178835502786193,-0.03205765844124384
2,55,-0.9,2.0,0.025352713011663683,-0.03573797171794058
3,55,-0.85,2.0,0.031586302942372,-0.039313034539954286
4,55,-0.8,2.0,0.033690596765115696,-0.04128043258738164
5,55,-0.75,2.0,0.030125523120359543,-0.040089528328609916
6,55,-0.7,2.0,0.022266361322269695,-0.03573143296588487
7,55,-0.6499999999999999,2.0,0.013839472027016124,-0.030391115416099033
8,55,-0.6,2.0,0.007904901109406816,-0.026362336790188463
9,55,-0.55,2.0,0.004772652242583941,-0.02400189326549687
10,55,-0.5,2.0,0.003274213479856,-0.0223761680642311
11,55,-0.44999999999999996,2.0,0.002811382225333392,-0.020769500674254898
12,55,-0.3999999999999999,2.0,0.0035508893001615083,-0.018947718024882564
13,55,-0.35,2.0,0.005452053238045873,-0.016874433812173982
14,55,-0.29999999999999993,2.0,0.007947182718851253,-0.01473069433822867
15,55,-0.25,2.0,0.010582274915783771,-0.012833698740845091
16,55,-0.19999999999999996,2.0,0.013373666570747691,-0.011388093035265001
17,55,-0.1499999999999999,2.0,0.016486432284793413,-0.010452389388360163
18,55,-0.09999999999999998,2.0,0.019675593993203656,-0.0100281215577884
19,55,-0.04999999999999993,2.0,0.022044078840597857,-0.010008660541908285
20,55,0.0,2.0,0.02292602748647078,-0.010222362388530165
21,55,0.050000000000000044,2.0,0.02281268717706229,-0.0105938943941415
22,55,0.10000000000000009,2.0,0.02256677997585957,-0.011156428441754795
23,55,0.15000000000000013,2.0,0.022194113988634155,-0.011946148721900494
24,55,0.20000000000000018,2.0,0.021235741419696353,-0.012912980450066405
25,55,0.25,2.0,0.01973037179660216,-0.013859638977214515
26,55,0.30000000000000004,2.0,0.018130474060221672,-0.01454335467123112
27,55,0.3500000000000001,2.0,0.016734431742587957,-0.015019321083465983
28,55,0.40000000000000013,2.0,0.015595299738450103,-0.015689213745575872
29,55,0.4500000000000002,2.0,0.014818402548350427,-0.016818074614200353
30,55,0.5,2.0,0.014649649137698402,-0.01835945390026709
31,55,0.55,2.0,0.015454806952674444,-0.02077909344962189
32,55,0.6000000000000001,2.0,0.01792698044845616,-0.026149826003066264
33,55,0.6500000000000001,2.0,0.023517707259633966,-0.037243717928935084
34,55,0.7000000000000002,2.0,0.03512281632146813,-0.05430992989922069
35,55,0.75,2.0,0.055657517310844874,-0.07371683237405187
36,55,0.8,2.0,0.08010964075838047,-0.09082818220478629
37,55,0.8500000000000001,2.0,0.09287226946300335,-0.10269691496782221
38,55,0.9000000000000001,2.0,0.0842824685331009,-0.10878392728001905
39,55,0.9500000000000002,2.0,0.07463138967528554,-0.1107487706265248
0,56,-1.0,2.0500000000000003,0.00994918824978916,-0.02672214719788027
1,56,-0.95,2.0500000000000003,0.01302276507580323,-0.03122940704568984
2,56,-0.9,2.0500000000000003,0.019997703080919527,-0.036731584393625664
3,56,-0.85,2.0500000000000003,0.027488275611241494,-0.04168216036555594
4,56,-0.8,2.0500000000000003,0.032819514424275026,-0.044085184880989364
5,56,-0.75,2.0500000000000003,0.03331987758676675,-0.0425039478387635
6,56,-0.7,2.0500000000000003,0.02810231673041088,-0.037272493562036345
7,56,-0.6499999999999999,2.0500000000000003,0.01948094923278524,-0.03105646288881842
8,56,-0.6,2.0500000000000003,0.011601131247582705,-0.026703687932344948
9,56,-0.55,2.0500000000000003,0.006895361867046007,-0.02455311740223405
10,56,-0.5,2.0500000000000003,0.004998074256509777,-0.023070932929507744
11,56,-0.44999999999999996,2.0500000000000003,0.004822430778254443,-0.02115595242552823
12,56,-0.3999999999999999,2.0500000000000003,0.005984360756817221,-0.018685140163437648
13,56,-0.35,2.0500000000000003,0.008163266779360467,-0.015883171766957957
14,56,-0.29999999999999993,2.0500000000000003,0.010614324032560893,-0.013011941539347073
15,56,-0.25,2.0500000000000003,0.012820662600712789,-0.01037661344382778
16,56,-0.19999999999999996,2.0500000000000003,0.01489320121029692,-0.00836382960092679
17,56,-0.1499999999999999,2.0500000000000003,0.017206451418825194,-0.007244385306590176
18,56,-0.09999999999999998,2.0500000000000003,0.019745063457994178,-0.006965826223836562
19,56,-0.04999999999999993,2.0500000000000003,0.02172402627717774,-0.007225648981423229
20,56,0.0,2.0500000000000003,0.022405194477451637,-0.007752836314441555
21,56,0.050000000000000044,2.0500000000000003,0.022148607483157886,-0.008461482897890015
22,56,0.10000000000000009,2.0500000000000003,0.02177623400266929,-0.009328804726816079
23,56,0.15000000000000013,2.0500000000000003,0.021355083248347697,-0.01024118718633598
24,56,0.20000000000000018,2.0500000000000003,0.020517234142058017,-0.011014498628665291
25,56,0.25,2.0500000000000003,0.019316089673208376,-0.01146407955709772
26,56,0.30000000000000004,2.0500000000000003,0.01801692188887951,-0.011488319013694317
27,56,0.3500000000000001,2.0500000000000003,0.01663638567648588,-0.011266287186536984
28,56,0.40000000000000013,2.0500000000000003,0.015219062109916304,-0.011168704475710443
29,56,0.4500000000000002,2.0500000000000003,0.014136846778387245,-0.011329185617856
30,56,0.5,2.0500000000000003,0.013575623675584902,-0.011601015030453538
31,56,0.55,2.0500000000000003,0.013043786979533402,-0.012142514317828555
32,56,0.6000000000000001,2.0500000000000003,0.01217807988264914,-0.014034825375568638
33,56,0.6500000000000001,2.0500000000000003,0.0125386941391819,-0.01910530134450331
34,56,0.7000000000000002,2.0500000000000003,0.018530922306635975,-0.02909119030278703
35,56,0.75,2.0500000000000003,0.03467917745391267,-0.045296518720592434
36,56,0.8,2.0500000000000003,0.057487745269888015,-0.06831816352052662
37,56,0.8500000000000001,2.0500000000000003,0.0727522991959965,-0.0953564274620411
38,56,0.9000000000000001,2.0500000000000003,0.06992288937942975,-0.11995757255682633
39,56,0.9500000000000002,2.0500000000000003,0.06361830520247869,-0.13756771907620827
0,57,-1.0,2.1,0.005204938387307068,-0.022008221586501814
1,57,-0.95,2.1,0.007874113082873904,-0.025778632064344595
2,57,-0.9,2.1,0.014899959691797582,-0.029832448107738677
3,57,-0.85,2.1,0.024232702455008297,-0.03275179089995549
4,57,-0.8,2.1,0.032868809291908135,-0.03331909659704965
5,57,-0.75,2.1,0.03693821443931256,-0.031048088312185043
6,57,-0.7,2.1,0.03371384627221478,-0.026594769380545204
7,57,-0.6499999999999999,2.1,0.02440827765670752,-0.022091120696358484
8,57,-0.6,2.1,0.014408246595991187,-0.019490847814571423
9,57,-0.55,2.1,0.008405407245421145,-0.01846200834643704
10,57,-0.5,2.1,0.006671378456561822,-0.01729787414674333
11,57,-0.44999999999999996,2.1,0.007197174991403488,-0.015201540281118767
12,57,-0.3999999999999999,2.1,0.00882366995873178,-0.012528168077041574
13,57,-0.35,2.1,0.011125251862136448,-0.009810417032546717
14,57,-0.29999999999999993,2.1,0.01345374104198143,-0.007268011709148994
15,57,-0.25,2.1,0.015230386854204053,-0.004954959111917907
16,57,-0.19999999999999996,2.1,0.016505894707985296,-0.003128737147461598
17,57,-0.1499999999999999,2.1,0.017884435661883642,-0.0021001945230720437
18,57,-0.09999999999999998,2.1,0.019694330318370604,-0.0018706118135095734
19,57,-0.04999999999999993,2.1,0.021257068749992863,-0.0021828966261982705
20,57,0.0,2.1,0.021690193570003992,-0.002816719108821343
21,57,0.050000000000000044,2.1,0.021236718764687766,-0.003706544485808441
22,57,0.10000000000000009,2.1,0.020787075687413604,-0.004764168486159626
23,57,0.15000000000000013,2.1,0.020508420086784943,-0.005749726229381715
24,57,0.20000000000000018,2.1,0.020012849048934613,-0.006453834907883885
25,57,0.25,2.1,0.019256551411573133,-0.00680718605816066
26,57,0.30000000000000004,2.1,0.01832826643078241,-0.006780281917048939
27,57,0.3500000000000001,2.1,0.017054046280571833,-0.006456141459841684
28,57,0.40000000000000013,2.1,0.015532401307131087,-0.0060397334562167955
29,57,0.4500000000000002,2.1,0.014386091993607332,-0.005600735220780712
30,57,0.5,2.1,0.013836320437725846,-0.005034044597954368
31,57,0.55,2.1,0.013020996607559345,-0.004343105885742521
32,57,0.6000000000000001,2.1,0.010964193421781404,-0.0038911808398102
33,57,0.6500000000000001,2.1,0.008461342332415573,-0.004577908550033472
34,57,0.7000000000000002,2.1,0.008931598945379014,-0.008217923487035999
35,57,0.75,2.1,0.016430544093105286,-0.017976605113369872
36,57,0.8,2.1,0.030049732016931806,-0.037270108345572615
37,57,0.8500000000000001,2.1,0.04123286042670365,-0.06512907260022552
38,57,0.9000000000000001,2.1,0.04207117691893371,-0.09431950912125692
39,57,0.9500000000000002,2.1,0.03941109663652168,-0.1176918715845987
0,58,-1.0,2.1500000000000004,0.002408367294103597,-0.018192017932538718
1,58,-0.95,2.1500000000000004,0.005198538554566368,-0.019666451974473115
2,58,-0.9,2.1500000000000004,0.013024544245308634,-0.020666508322647742
3,58,-0.85,2.1500000000000004,0.02400162712193052,-0.020526310209437668
4,58,-0.8,2.1500000000000004,0.03452321701204547,-0.018970234864504228
5,58,-0.75,2.1500000000000004,0.0400442048032712,-0.016207815083835626
6,58,-0.7,2.1500000000000004,0.03705928434623744,-0.013205723340660204
7,58,-0.6499999999999999,2.1500000000000004,0.02658487079875902,-0.01140920860134828
8,58,-0.6,2.1500000000000004,0.015230243597504148,-0.011204388735106888
9,58,-0.55,2.1500000000000004,0.0090883355348741,-0.01128101289218579
10,58,-0.5,2.1500000000000004,0.008258542321828051,-0.010228751097719792
11,58,-0.44999999999999996,2.1500000000000004,0.0095921368479562,-0.008018652542691775
12,58,-0.3999999999999999,2.1500000000000004,0.01137548400538927,-0.005493213611499105
13,58,-0.35,2.1500000000000004,0.013423423147253047,-0.003317202271160523
14,58,-0.29999999999999993,2.1500000000000004,0.015469781953189703,-0.001609220262146771
15,58,-0.25,2.1500000000000004,0.016959937162400185,-0.00015606175559651492
16,58,-0.19999999999999996,2.1500000000000004,0.017747965799142784,0.0010914953347367085
17,58,-0.1499999999999999,2.1500000000000004,0.01846457675277722,0.0019304344693204384
18,58,-0.09999999999999998,2.1500000000000004,0.01966236135486795,0.0022031060273703176
19,58,-0.04999999999999993,2.1500000000000004,0.02077791898186597,0.0019438400187274038
20,58,0.0,2.1500000000000004,0.020881546617841466,0.0012833736000331455
21,58,0.050000000000000044,2.1500000000000004,0.020201158105819603,0.0003193812059157884
22,58,0.10000000000000009,2.1500000000000004,0.019733052259096016,-0.0008018357432026946
23,58,0.15000000000000013,2.1500000000000004,0.019665416826623438,-0.001809153561119995
24,58,0.20000000000000018,2.1500000000000004,0.019459774313279072,-0.0025445827047478227
25,58,0.25,2.1500000000000004,0.01898964266404332,-0.0030605412710000765
26,58,0.30000000000000004,2.1500000000000004,0.018367966487198486,-0.0033446358480880047
27,58,0.3500000000000001,2.1500000000000004,0.017376934137318025,-0.0032739849927148484
28,58,0.40000000000000013,2.1500000000000004,0.016074468348977276,-0.0028396094927743074
29,58,0.4500000000000002,2.1500000000000004,0.015142535636649673,-0.002122472670828641
30,58,0.5,2.1500000000000004,0.014833253010623094,-0.0011288062184441373
31,58,0.55,2.1500000000000004,0.01418665073767757,0.0001624536688662418
32,58,0.6000000000000001,2.1500000000000004,0.011943277218358188,0.0015934609141617963
33,58,0.6500000000000001,2.1500000000000004,0.008211951491956101,0.0026413221480900764
34,58,0.7000000000000002,2.1500000000000004,0.005132225743299575,0.0021686334712665584
35,58,0.75,2.1500000000000004,0.005626992595376048,-0.0020307366422675412
36,58,0.8,2.1500000000000004,0.010335277783032372,-0.012813964455069835
37,58,0.8500000000000001,2.1500000000000004,0.0157028984203122,-0.030486158402626893
38,58,0.9000000000000001,2.1500000000000004,0.017360090395056583,-0.050635890039822835
39,58,0.9500000000000002,2.1500000000000004,0.01687358027579514,-0.06787960245554862
0,59,-1.0,2.2,0.0022560703034382734,-0.01776872526326162
1,59,-0.95,2.2,0.00539962269276488,-0.017127769525833794
2,59,-0.9,2.2,0.014040101456833029,-0.015836184862962968
3,59,-0.85,2.2,0.02592897591315181,-0.013843851911678473
4,59,-0.8,2.2,0.03718730441751018,-0.010983605471389865
5,59,-0.75,2.2,0.042702725963156586,-0.007528445396943542
6,59,-0.7,2.2,0.03851245275470212,-0.005074211972922807
7,59,-0.6499999999999999,2.2,0.026409612262260837,-0.00499412211237487
8,59,-0.6,2.2,0.014536442305153677,-0.006332443114609246
9,59,-0.55,2.2,0.009381044882808241,-0.006888555453023366
10,59,-0.5,2.2,0.009933738806055838,-0.005673888568911711
11,59,-0.44999999999999996,2.2,0.011932712477624174,-0.003337485073253328
12,59,-0.3999999999999999,2.2,0.013525120230263032,-0.0009619079251307547
13,59,-0.35,2.2,0.015009245211488782,0.000798793620599321
14,59,-0.29999999999999993,2.2,0.01661488155754544,0.001878654445350153
15,59,-0.25,2.2,0.017931102451087533,0.002608345288435919
16,59,-0.19999999999999996,2.2,0.01859239093290225,0.0032957079959772956
17,59,-0.1499999999999999,2.2,0.01899604635451725,0.003919661264748832
18,59,-0.09999999999999998,2.2,0.01970773586777757,0.004223907204187645
19,59,-0.04999999999999993,2.2,0.02033733632265569,0.004049559247395473
20,59,0.0,2.2,0.020065734757192377,0.0034554836057022406
21,59,0.050000000000000044,2.2,0.019151509421451926,0.0025348085900144847
22,59,0.10000000000000009,2.2,0.01865854092037782,0.0013966958688031543
23,59,0.15000000000000013,2.2,0.018765673125239815,0.00027281292627629253
24,59,0.20000000000000018,2.2,0.01876146133905453,-0.0006599937106021615
25,59,0.25,2.2,0.01845649826823295,-0.0013978919805896807
26,59,0.30000000000000004,2.2,0.018114822709067637,-0.0018566185445465996
27,59,0.3500000000000001,2.2,0.01755907263588553,-0.0018184664150671
28,59,0.40000000000000013,2.2,0.016683913629017295,-0.001276595206455445
29,59,0.4500000000000002,2.2,0.016096895267937502,-0.00044423953952568013
30,59,0.5,2.2,0.016121246777420727,0.0006290570200245555
31,59,0.55,2.2,0.015743263740165277,0.002054254388379837
32,59,0.6000000000000001,2.2,0.013443061901005238,0.0036838679823637376
33,59,0.6500000000000001,2.2,0.009036514889520335,0.005055685998493868
34,59,0.7000000000000002,2.2,0.004259540155021396,0.005680815589762401
35,59,0.75,2.2,0.0014479461667688941,0.004841303631205208
36,59,0.8,2.2,0.0015943102565724523,0.0012864864489789407
37,59,0.8500000000000001,2.2,0.003410934841950649,-0.005554653083960194
38,59,0.9000000000000001,2.2,0.0046777328660119796,-0.014117196201819318
39,59,0.9500000000000002,2.2,0.004923671805070109,-0.021923503815404442
0,60,-1.0,2.25,0.0036902787689592487,-0.02039729960100517
1,60,-0.95,2.25,0.007131078954865019,-0.018723254476282064
2,60,-0.9,2.25,0.016308461859463955,-0.016325063100360512
3,60,-0.85,2.25,0.028854206513503622,-0.013111058898470154
4,60,-0.8,2.25,0.0408386235267804,-0.008644485199158988
5,60,-0.75,2.25,0.04595359830173826,-0.0036621624219623783
6,60,-0.7,2.25,0.03959360763080611,-0.0008547421215492068
7,60,-0.6499999999999999,2.25,0.025326639657072582,-0.0015935631159117586
8,60,-0.6,2.25,0.013335810256855651,-0.0037354241049442766
9,60,-0.55,2.25,0.009746890080571634,-0.004465369863950949
10,60,-0.5,2.25,0.01180961270159809,-0.0031732873320879096
11,60,-0.44999999999999996,2.25,0.014304117491737156,-0.0008667602185501513
12,60,-0.3999999999999999,2.25,0.01551176269924192,0.0013720376633248599
13,60,-0.35,2.25,0.016263985517733955,0.002946809878345766
14,60,-0.29999999999999993,2.25,0.0172793336210263,0.003771123509774925
15,60,-0.25,2.25,0.018376990713027327,0.004109350673867293
16,60,-0.19999999999999996,2.25,0.019059281775455697,0.00434376942187658
17,60,-0.1499999999999999,2.25,0.01939277596098757,0.004667898572447392
18,60,-0.09999999999999998,2.25,0.019792259337514592,0.004922455844248962
19,60,-0.04999999999999993,2.25,0.020009495383380566,0.004859216845473219
20,60,0.0,2.25,0.019366795960460478,0.004408420032823088
21,60,0.050000000000000044,2.25,0.018142370368920517,0.00358122135015777
22,60,0.10000000000000009,2.25,0.017471056595357824,0.002419445462344856
23,60,0.15000000000000013,2.25,0.017608727247218122,0.0010938979180356335
24,60,0.20000000000000018,2.25,0.0177890694064131,-0.00016620242581564387
25,60,0.25,2.25,0.017793017830098883,-0.0011519846615207392
26,60,0.30000000000000004,2.25,0.017947392052721067,-0.0016019324874848653
27,60,0.3500000000000001,2.25,0.01795695747540918,-0.0013390128417990754
28,60,0.40000000000000013,2.25,0.017448695224518695,-0.0005770547203009548
29,60,0.4500000000000002,2.25,0.01704818786312967,0.0002947279554347919
30,60,0.5,2.25,0.01733174693852861,0.001235660588231307
31,60,0.55,2.25,0.017241461700016752,0.0024601196949559662
32,60,0.6000000000000001,2.25,0.014944708828472219,0.003938572019802225
33,60,0.6500000000000001,2.25,0.010208899099354764,0.005454433029380128
34,60,0.7000000000000002,2.25,0.004917843376010915,0.006926755456639561
35,60,0.75,2.25,0.0012326634545925877,0.008171336657872107
36,60,0.8,2.25,-6.067893213303026e-05,0.008558102340025945
37,60,0.8500000000000001,2.25,0.0002992157695139424,0.00752828391203793
38,60,0.9000000000000001,2.25,0.0009912396636123366,0.00543160619176631
39,60,0.9500000000000002,2.25,0.001260965048624895,0.0032075383004430413
0,61,-1.0,2.3000000000000003,0.005604160552884485,-0.02266735114096391
1,61,-0.95,2.3000000000000003,0.009471859193409538,-0.020529316674608583
2,61,-0.9,2.3000000000000003,0.01965229703464494,-0.017023722238241404
3,61,-0.85,2.3000000000000003,0.033609553814353335,-0.011594287681890095
4,61,-0.8,2.3000000000000003,0.04663620089401795,-0.004223147040624542
5,61,-0.75,2.3000000000000003,0.05049246904076637,0.002689343834736471
6,61,-0.7,2.3000000000000003,0.04058105206075274,0.005355393327954143
7,61,-0.6499999999999999,2.3000000000000003,0.023528930278865767,0.0032288916726495864
8,61,-0.6,2.3000000000000003,0.011664635557114486,-0.00015430933318703877
9,61,-0.55,2.3000000000000003,0.009943181655664608,-0.0016000864252165362
10,61,-0.5,2.3000000000000003,0.013532348451456636,-0.0008512208110280153
11,61,-0.44999999999999996,2.3000000000000003,0.016478037473036944,0.0008887348317105151
12,61,-0.3999999999999999,2.3000000000000003,0.01733869032715895,0.00266270115832256
13,61,-0.35,2.3000000000000003,0.017408331057938847,0.004015218784821431
14,61,-0.29999999999999993,2.3000000000000003,0.017777422353066966,0.004791029698617277
15,61,-0.25,2.3000000000000003,0.018503748363189187,0.005004820317415538
16,61,-0.19999999999999996,2.3000000000000003,0.019150938831482348,0.004934853335231207
17,61,-0.1499999999999999,2.3000000000000003,0.019574732776889633,0.004973149019010317
18,61,-0.09999999999999998,2.3000000000000003,0.019899054140803396,0.005159502682610673
19,61,-0.04999999999999993,2.3000000000000003,0.019823300511229817,0.005184957960035347
20,61,0.0,2.3000000000000003,0.018787739261876928,0.004826242537736818
21,61,0.050000000000000044,2.3000000000000003,0.017162534850973694,0.0040777750072245635
22,61,0.10000000000000009,2.3000000000000003,0.016171217488255684,0.0029889495599878975
23,61,0.15000000000000013,2.3000000000000003,0.016180025237079315,0.0016260348043818998
24,61,0.20000000000000018,2.3000000000000003,0.01651557875949816,0.00018008244267248702
25,61,0.25,2.3000000000000003,0.01702076820656373,-0.0009837022948920061
26,61,0.30000000000000004,2.3000000000000003,0.0179277945287893,-0.0014589224852045758
27,61,0.3500000000000001,2.3000000000000003,0.01858395040306944,-0.0011220814052846292
28,61,0.40000000000000013,2.3000000000000003,0.018317654426251162,-0.00030636203514273694
29,61,0.4500000000000002,2.3000000000000003,0.017909610576469764,0.0005606610671574433
30,61,0.5,2.3000000000000003,0.018286638516941903,0.0013913892266587385
31,61,0.55,2.3000000000000003,0.018446175171736197,0.00234726613947904
32,61,0.6000000000000001,2.3000000000000003,0.0164373752354294,0.0036035252851023946
33,61,0.6500000000000001,2.3000000000000003,0.01202469832635767,0.0053906017618705546
34,61,0.7000000000000002,2.3000000000000003,0.006976443783513375,0.007793637828096838
35,61,0.75,2.3000000000000003,0.003079293050155278,0.010303326869176517
36,61,0.8,2.3000000000000003,0.0009512575107382742,0.011994896221858885
37,61,0.8500000000000001,2.3000000000000003,0.00028443869369101406,0.012376065003240708
38,61,0.9000000000000001,2.3000000000000003,0.00035698725441709114,0.011845330527084714
39,61,0.9500000000000002,2.3000000000000003,0.00047553602242357204,0.011111834539131267
0,62,-1.0,2.35,0.007966347701669901,-0.019698058453049075
1,62,-0.95,2.35,0.012774707857587525,-0.016612694675718145
2,62,-0.9,2.35,0.025243490852182443,-0.011067545539041046
3,62,-0.85,2.35,0.041654781711120484,-0.002509377804639709
4,62,-0.8,2.35,0.05512225504340697,0.007476395183714998
5,62,-0.75,2.35,0.05553213867031694,0.014507960541352005
6,62,-0.7,2.35,0.04013315546871923,0.014976068613297942
7,62,-0.6499999999999999,2.35,0.0198169369959314,0.010194210798657281
8,62,-0.6,2.35,0.008506832158989529,0.00486037474934288
9,62,-0.55,2.35,0.009049978602730657,0.002087920306559944
10,62,-0.5,2.35,0.01429843395852514,0.0017156726656028173
11,62,-0.44999999999999996,2.35,0.01781803946108773,0.0023813074617067
12,62,-0.3999999999999999,2.35,0.018638246652352836,0.003305001565885382
13,62,-0.35,2.35,0.018392314058028672,0.004252836615979694
14,62,-0.29999999999999993,2.35,0.018268935153620408,0.0049727938155189055
15,62,-0.25,2.35,0.018520814349641257,0.005167629703366414
16,62,-0.19999999999999996,2.35,0.019027610477050476,0.0049712179272947896
17,62,-0.1499999999999999,2.35,0.019617425308367034,0.004869446310409066
18,62,-0.09999999999999998,2.35,0.020004068278539622,0.004991736898928671
19,62,-0.04999999999999993,2.35,0.01967623523850671,0.0049855018966768125
20,62,0.0,2.35,0.018259613007649694,0.004614841385172722
21,62,0.050000000000000044,2.35,0.016305077391171596,0.0040007587180635774
22,62,0.10000000000000009,2.35,0.01501931639251516,0.0032312269891233286
23,62,0.15000000000000013,2.35,0.014799860129902712,0.0022029283112293303
24,62,0.20000000000000018,2.35,0.015179332307139193,0.0009708184493758404
25,62,0.25,2.35,0.01615401290222182,-0.00011246463505950113
26,62,0.30000000000000004,2.35,0.017809012942328444,-0.0006673531674592816
27,62,0.3500000000000001,2.35,0.01910951792547102,-0.0005556715993937887
28,62,0.40000000000000013,2.35,0.019131437696960768,6.134361064853017e-05
29,62,0.4500000000000002,2.35,0.01874593912493115,0.0008823965615684277
30,62,0.5,2.35,0.019118352010850208,0.0017051238708729217
31,62,0.55,2.35,0.01945359775846041,0.0025622706313865613
32,62,0.6000000000000001,2.35,0.017988044450863733,0.0037838159325925998
33,62,0.6500000000000001,2.35,0.014399011642349207,0.0058332384471499
34,62,0.7000000000000002,2.35,0.009830568483316877,0.008673373506449415
35,62,0.75,2.35,0.005433921848354635,0.011353745598568355
36,62,0.8,2.35,0.0020120592019311602,0.012687339620556163
37,62,0.8500000000000001,2.35,0.00014965007473977197,0.012448277579533276
38,62,0.9000000000000001,2.35,-0.0002729908004971051,0.011489310723254258
39,62,0.9500000000000002,2.35,-0.00020602692728200096,0.010639235071063517
0,63,-1.0,2.4000000000000004,0.011774888107546344,-0.008564110696297617
1,63,-0.95,2.4000000000000004,0.018102372107417566,-0.0033858372713758272
2,63,-0.9,2.4000000000000004,0.033755613905723375,0.004850170346253069
3,63,-0.85,2.4000000000000004,0.05215349453710938,0.015243042023107209
4,63,-0.8,2.4000000000000004,0.06365353924000966,0.023971313194273425
5,63,-0.75,2.4000000000000004,0.05799214247034931,0.026529355264252562
6,63,-0.7,2.4000000000000004,0.03626730231805802,0.022100176958202815
7,63,-0.6499999999999999,2.4000000000000004,0.013413236414910705,0.014330045085229233
8,63,-0.6,2.4000000000000004,0.003558345065017149,0.007764284060470181
9,63,-0.55,2.4000000000000004,0.0067984795719245456,0.004360031333529475
10,63,-0.5,2.4000000000000004,0.013825735606603391,0.0033124820461138613
11,63,-0.44999999999999996,2.4000000000000004,0.01806736637331951,0.003217128627751066
12,63,-0.3999999999999999,2.4000000000000004,0.019210219481431944,0.0034987931643057704
13,63,-0.35,2.4000000000000004,0.01907612330757237,0.004063384733496191
14,63,-0.29999999999999993,2.4000000000000004,0.018692215440453686,0.004569825007036538
15,63,-0.25,2.4000000000000004,0.01850217247496507,0.0046154215595623285
16,63,-0.19999999999999996,2.4000000000000004,0.018852755438525,0.00433343868512695
17,63,-0.1499999999999999,2.4000000000000004,0.019595251748523515,0.004169009873859833
18,63,-0.09999999999999998,2.4000000000000004,0.020015109727071143,0.00417733334014455
19,63,-0.04999999999999993,2.4000000000000004,0.019446404997473868,0.004028422734900262
20,63,0.0,2.4000000000000004,0.017802996083263693,0.003613758316952792
21,63,0.050000000000000044,2.4000000000000004,0.0157789204549243,0.003205181032326313
22,63,0.10000000000000009,2.4000000000000004,0.014373387081421437,0.0029243113051608156
23,63,0.15000000000000013,2.4000000000000004,0.013919616697331827,0.002532443862507585
24,63,0.20000000000000018,2.4000000000000004,0.014200185813209327,0.0019157560823656987
25,63,0.25,2.4000000000000004,0.015382596589728608,0.0012559211638160477
26,63,0.30000000000000004,2.4000000000000004,0.017484587564455013,0.0007451888203664596
27,63,0.3500000000000001,2.4000000000000004,0.019312647181177253,0.0005371898258463292
28,63,0.40000000000000013,2.4000000000000004,0.01975572258721338,0.0007695218106558085
29,63,0.4500000000000002,2.4000000000000004,0.019553390836694155,0.0013614586926556302
30,63,0.5,2.4000000000000004,0.019966512586760035,0.00208598006726202
31,63,0.55,2.4000000000000004,0.020524867233455875,0.0029762184253522006
32,63,0.6000000000000001,2.4000000000000004,0.019708343051192737,0.00443660428860757
33,63,0.6500000000000001,2.4000000000000004,0.016914255900214486,0.00678104609302399
34,63,0.7000000000000002,2.4000000000000004,0.012496950934931831,0.009619521871223209
35,63,0.75,2.4000000000000004,0.007093259164262025,0.011805020765269679
36,63,0.8,2.4000000000000004,0.0020457894917031956,0.012258344845746616
37,63,0.8500000000000001,2.4000000000000004,-0.0009135902036108918,0.011121547222296286
38,63,0.9000000000000001,2.4000000000000004,-0.0014520552540526685,0.009591950692148408
39,63,0.9500000000000002,2.4000000000000004,-0.0012246152819579085,0.008517718629478307
0,64,-1.0,2.45,0.01832289455151348,0.009942880220928305
1,64,-0.95,2.45,0.02618898890013821,0.017558461582015752
2,64,-0.9,2.45,0.04387237014666548,0.02718228551910895
3,64,-0.85,2.45,0.06077592455914084,0.03526516055232
4,64,-0.8,2.45,0.06640856828455231,0.036864725541130364
5,64,-0.75,2.45,0.05366100243424633,0.030589788492129295
6,64,-0.7,2.45,0.027933845289695898,0.020292573815935307
7,64,-0.6499999999999999,2.45,0.005481044098198766,0.011049582684474618
8,64,-0.6,2.45,-0.001463181592710229,0.005472435263597225
9,64,-0.55,2.45,0.004598176588374338,0.0033365422743896964
10,64,-0.5,2.45,0.013155531252746731,0.0030163212778787016
11,64,-0.44999999999999996,2.45,0.01800435057927964,0.0032256753062404747
12,64,-0.3999999999999999,2.45,0.01948450275809796,0.003608672479634839
13,64,-0.35,2.45,0.01946334590075944,0.004076570956358765
14,64,-0.29999999999999993,2.45,0.018820971979686546,0.004288692812590908
15,64,-0.25,2.45,0.01828442802773167,0.004048758631063631
16,64,-0.19999999999999996,2.45,0.01858119879134798,0.003626111042174772
17,64,-0.1499999999999999,2.45,0.019461319963384634,0.0033365165768350566
18,64,-0.09999999999999998,2.45,0.01986348113958005,0.003147103172345296
19,64,-0.04999999999999993,2.45,0.019112660215314953,0.0028361803728082016
20,64,0.0,2.45,0.017436371305075745,0.0023853810885640647
21,64,0.050000000000000044,2.45,0.01561563037937962,0.002099238069214124
22,64,0.10000000000000009,2.45,0.014346579222696432,0.0021672732857283723
23,64,0.15000000000000013,2.45,0.013791304907107595,0.0023561983008640007
24,64,0.20000000000000018,2.45,0.013902809608447655,0.0024133353998908626
25,64,0.25,2.45,0.014983445640222581,0.002308928656085136
26,64,0.30000000000000004,2.45,0.017090281604358725,0.00202336917640324
27,64,0.3500000000000001,2.45,0.019133850915760368,0.0016101041396167012
28,64,0.40000000000000013,2.45,0.01995570656377007,0.0013578951281539506
29,64,0.4500000000000002,2.45,0.02006239738153736,0.0014637742757872899
30,64,0.5,2.45,0.020733111743546778,0.0018878566819324673
31,64,0.55,2.45,0.021804221979805957,0.002779498255405504
32,64,0.6000000000000001,2.45,0.021792872118535523,0.0045705251449924995
33,64,0.6500000000000001,2.45,0.019581929224964847,0.0073328057521400945
34,64,0.7000000000000002,2.45,0.014854543155562566,0.01033357163174666
35,64,0.75,2.45,0.008072744822878042,0.012382264071331446
36,64,0.8,2.45,0.0013285856589577687,0.01261155100823492
37,64,0.8500000000000001,2.45,-0.002516744078858437,0.011321461168341629
38,64,0.9000000000000001,2.45,-0.0028768193933150854,0.009710956510954506
39,64,0.9500000000000002,2.45,-0.0023544910526222037,0.008576692141054797
0,65,-1.0,2.5,0.02700605082972124,0.03208715137944476
1,65,-0.95,2.5,0.03534177740559821,0.03953458050351237
2,65,-0.9,2.5,0.05146231287602762,0.0461125967028999
3,65,-0.85,2.5,0.06183593455913079,0.04676796974507645
4,65,-0.8,2.5,0.05897816717981896,0.03831068502278021
5,65,-0.75,2.5,0.041419990745154255,0.02398457970873097
6,65,-0.7,2.5,0.01672709651040334,0.010688184567641291
7,65,-0.6499999999999999,2.5,-0.0014069021374273766,0.0026898987981273034
8,65,-0.6,2.5,-0.004154695345067773,-3.1036624698263515e-05
9,65,-0.55,2.5,0.004342365586206022,0.00038207069487108947
10,65,-0.5,2.5,0.01371486863845417,0.0017407044490325846
11,65,-0.44999999999999996,2.5,0.018659717575075646,0.0029405628229917796
12,65,-0.3999999999999999,2.5,0.020061115131550233,0.003834061856203032
13,65,-0.35,2.5,0.01975614364052844,0.004397001941955844
14,65,-0.29999999999999993,2.5,0.018664403115158552,0.004469794353128345
15,65,-0.25,2.5,0.017839590704548935,0.004137802197785034
16,65,-0.19999999999999996,2.5,0.018140513384296425,0.0036784069799264754
17,65,-0.1499999999999999,2.5,0.01911624387869404,0.0032120915711976797
18,65,-0.09999999999999998,2.5,0.019514773523044288,0.002748565026363635
19,65,-0.04999999999999993,2.5,0.018684682913692637,0.002282968510926228
20,65,0.0,2.5,0.017066053779669615,0.001809124776040484
21,65,0.050000000000000044,2.5,0.015560812652088609,0.0015041683226130545
22,65,0.10000000000000009,2.5,0.014630347313071314,0.0015768426732776925
23,65,0.15000000000000013,2.5,0.014165678811494317,0.001907672086972293
24,65,0.20000000000000018,2.5,0.014152916168430462,0.0022444146109018744
25,65,0.25,2.5,0.014992630366240985,0.0024675460066650966
26,65,0.30000000000000004,2.5,0.01678576304798658,0.0024325833227650806
27,65,0.3500000000000001,2.5,0.018647173132927963,0.002010697923382522
28,65,0.40000000000000013,2.5,0.019609392723383967,0.001431339791937939
29,65,0.4500000000000002,2.5,0.02008335239047267,0.0010989101460610884
30,65,0.5,2.5,0.02128223656637825,0.001192374355611257
31,65,0.55,2.5,0.023207535696515905,0.0019169625956068099
32,65,0.6000000000000001,2.5,0.024261650547927328,0.0037573666459068
33,65,0.6500000000000001,2.5,0.022677302386968645,0.006824396165965841
34,65,0.7000000000000002,2.5,0.017546409254123183,0.010309242917643683
35,65,0.75,2.5,0.009371238540750285,0.012997250056558983
36,65,0.8,2.5,0.0009849865887133773,0.014060930974143734
37,65,0.8500000000000001,2.5,-0.003814184700891305,0.013558293873367554
38,65,0.9000000000000001,2.5,-0.0041968242813394995,0.012316330081135746
39,65,0.9500000000000002,2.5,-0.003493144021757327,0.011134838314211491
0,66,-1.0,2.5500000000000003,0.0332177527996487,0.050609064698504125
1,66,-0.95,2.5500000000000003,0.040214434223593346,0.05281107334675579
2,66,-0.9,2.5500000000000003,0.05110575938822956,0.05117858553973873
3,66,-0.85,2.5500000000000003,0.052974012879021155,0.04246210819039659
4,66,-0.8,2.5500000000000003,0.04362517824820684,0.027407860548409185
5,66,-0.75,2.5500000000000003,0.026038501979107412,0.011578332219685135
6,66,-0.7,2.5500000000000003,0.006639164379092233,0.000525359440041763
7,66,-0.6499999999999999,2.5500000000000003,-0.005238177094140789,-0.004087134195153094
8,66,-0.6,2.5500000000000003,-0.003771009695966443,-0.003856727332462173
9,66,-0.55,2.5500000000000003,0.006369917662105186,-0.0014019875384774921
10,66,-0.5,2.5500000000000003,0.01571402338086742,0.001170117674612406
11,66,-0.44999999999999996,2.5500000000000003,0.020097707986450088,0.0029834210983889844
12,66,-0.3999999999999999,2.5500000000000003,0.020940941877062025,0.004065339930664838
13,66,-0.35,2.5500000000000003,0.020099078397684753,0.004612261535044716
14,66,-0.29999999999999993,2.5500000000000003,0.018561772235515736,0.004773861753385213
15,66,-0.25,2.5500000000000003,0.0174930406545298,0.004714261146664088
16,66,-0.19999999999999996,2.5500000000000003,0.017655488164760626,0.004432387280599477
17,66,-0.1499999999999999,2.5500000000000003,0.018531478009821793,0.0038295428824219532
18,66,-0.09999999999999998,2.5500000000000003,0.0189343580793086,0.0030814454805599967
19,66,-0.04999999999999993,2.5500000000000003,0.018173219964991803,0.002489087596865766
20,66,0.0,2.5500000000000003,0.01665757111676257,0.0020843652101775606
21,66,0.050000000000000044,2.5500000000000003,0.015383348276616828,0.0017974383396091552
22,66,0.10000000000000009,2.5500000000000003,0.014750082987055671,0.0016724971998124255
23,66,0.15000000000000013,2.5500000000000003,0.014458876844731777,0.0017216768245831987
24,66,0.20000000000000018,2.5500000000000003,0.014462683528140459,0.0018984007940471732
25,66,0.25,2.5500000000000003,0.015171614352085788,0.002137830456068919
26,66,0.30000000000000004,2.5500000000000003,0.01663343352107615,0.0022340528030239185
27,66,0.3500000000000001,2.5500000000000003,0.018132607384933226,0.001962830367035675
28,66,0.40000000000000013,2.5500000000000003,0.019043918786448635,0.0014591152189975289
29,66,0.4500000000000002,2.5500000000000003,0.019823431945210676,0.001086299028219646
30,66,0.5,2.5500000000000003,0.021551164193092498,0.00097260441594328
31,66,0.55,2.5500000000000003,0.0243692142701015,0.0012652805286034706
32,66,0.6000000000000001,2.5500000000000003,0.026700305688894553,0.0026130273079793404
33,66,0.6500000000000001,2.5500000000000003,0.02613380549670173,0.005518326978687115
34,66,0.7000000000000002,2.5500000000000003,0.021027397046155707,0.009432151569028728
35,66,0.75,2.5500000000000003,0.011824432879378092,0.013121279459393807
36,66,0.8,2.5500000000000003,0.0018896294757663422,0.015564494855833912
37,66,0.8500000000000001,2.5500000000000003,-0.004261344971866425,0.0163104031308479
38,66,0.9000000000000001,2.5500000000000003,-0.0053002749524711495,0.015680093171389225
39,66,0.9500000000000002,2.5500000000000003,-0.004717474586470712,0.014542849219531436
0,67,-1.0,2.6,0.03141006812622457,0.055876583005156494
1,67,-0.95,2.6,0.03591129824683282,0.050228280656403924
2,67,-0.9,2.6,0.041113347719668424,0.03994733414704955
3,67,-0.85,2.6,0.038065209567801246,0.02571300439082408
4,67,-0.8,2.6,0.028094391209107505,0.011372041105396531
5,67,-0.75,2.6,0.014537489636786832,0.0008865669318156369
6,67,-0.7,2.6,0.0010616300955651123,-0.004491551794844652
7,67,-0.6499999999999999,2.6,-0.005788988909931313,-0.00546796015385341
8,67,-0.6,2.6,-0.0014695486883921707,-0.0035151730142292392
9,67,-0.55,2.6,0.009369210593280601,-0.0005154092439478564
10,67,-0.5,2.6,0.018100277275320646,0.002003526053991067
11,67,-0.44999999999999996,2.6,0.021554939831128078,0.003529653607953799
12,67,-0.3999999999999999,2.6,0.021689955568205965,0.00425497397909709
13,67,-0.35,2.6,0.020464665463248814,0.0045717399992169575
14,67,-0.29999999999999993,2.6,0.018766402726777924,0.00484972955859999
15,67,-0.25,2.6,0.0174981162317632,0.0051377410501045676
16,67,-0.19999999999999996,2.6,0.01725579512005429,0.00507937002831832
17,67,-0.1499999999999999,2.6,0.01776530207865456,0.004443411445704572
18,67,-0.09999999999999998,2.6,0.0181743182374881,0.003569196263394324
19,67,-0.04999999999999993,2.6,0.0176876026433102,0.0029857441439040157
20,67,0.0,2.6,0.016374404522413004,0.0027890732811194224
21,67,0.050000000000000044,2.6,0.015148944641723474,0.0026794532053912336
22,67,0.10000000000000009,2.6,0.014554585798045357,0.002456413247806221
23,67,0.15000000000000013,2.6,0.014391582405729065,0.00222809459633053
24,67,0.20000000000000018,2.6,0.014569069799916182,0.0021896991444089915
25,67,0.25,2.6,0.01532828237521773,0.0023213663994095003
26,67,0.30000000000000004,2.6,0.016610762958953335,0.0023816312921185086
27,67,0.3500000000000001,2.6,0.017872235548901574,0.0022537052637706077
28,67,0.40000000000000013,2.6,0.018732861384567936,0.0021009143936004566
29,67,0.4500000000000002,2.6,0.019596841587418423,0.0020186121741775937
30,67,0.5,2.6,0.021461218066762076,0.0017948930844815213
31,67,0.55,2.6,0.024847958588551967,0.0014666407826165878
32,67,0.6000000000000001,2.6,0.02851469699801097,0.001891734507172135
33,67,0.6500000000000001,2.6,0.029496426648018034,0.004076701567314266
34,67,0.7000000000000002,2.6,0.025149361734829876,0.007962874261582653
35,67,0.75,2.6,0.01550358182755547,0.012405150984679722
36,67,0.8,2.6,0.00417411026016747,0.016130374349179084
37,67,0.8500000000000001,2.6,-0.0036985863853359908,0.01823983230886249
38,67,0.9000000000000001,2.6,-0.0059643781926559634,0.018637195098866306
39,67,0.9500000000000002,2.6,-0.005767631925472909,0.018111637257521948
0,68,-1.0,2.6500000000000004,0.02192114810214356,0.04483538151223831
1,68,-0.95,2.6500000000000004,0.0242851853654864,0.034665277344261905
2,68,-0.9,2.6500000000000004,0.026590483122649715,0.02131536451183167
3,68,-0.85,2.6500000000000004,0.02439871983736814,0.008233424125655316
4,68,-0.8,2.6500000000000004,0.018798740789198395,-0.00029036360577675
5,68,-0.75,2.6500000000000004,0.010174909078866229,-0.003497454357604228
6,68,-0.7,2.6500000000000004,0.00028463729342318583,-0.0036876264055404895
7,68,-0.6499999999999999,2.6500000000000004,-0.0042617983135253765,-0.0023780291445666193
8,68,-0.6,2.6500000000000004,0.0011815412139391107,-4.786851062497932e-05
9,68,-0.55,2.6500000000000004,0.011888616730325492,0.0023342179950914047
10,68,-0.5,2.6500000000000004,0.019759086232769077,0.003861103916961428
11,68,-0.44999999999999996,2.6500000000000004,0.02234915591155611,0.004479387774493117
12,68,-0.3999999999999999,2.6500000000000004,0.021983028268325183,0.004553033328413489
13,68,-0.35,2.6500000000000004,0.020693833977187652,0.004490930742206481
14,68,-0.29999999999999993,2.6500000000000004,0.019127773286403346,0.00467252562307105
15,68,-0.25,2.6500000000000004,0.01772268112424813,0.005056006810473593
16,68,-0.19999999999999996,2.6500000000000004,0.01696115856036063,0.005151412277776685
17,68,-0.1499999999999999,2.6500000000000004,0.017021304244897797,0.004708118912080776
18,68,-0.09999999999999998,2.6500000000000004,0.017476690777508044,0.0040636897991730425
19,68,-0.04999999999999993,2.6500000000000004,0.0173930969827169,0.0037004913396737095
20,68,0.0,2.6500000000000004,0.01635128017824979,0.0037203557709003694
21,68,0.050000000000000044,2.6500000000000004,0.015050688243303627,0.0037986357981841835
22,68,0.10000000000000009,2.6500000000000004,0.014298724377994967,0.0036644295294582276
23,68,0.15000000000000013,2.6500000000000004,0.014192162741334547,0.0034493364887222717
24,68,0.20000000000000018,2.6500000000000004,0.01455595533121943,0.003379930678305068
25,68,0.25,2.6500000000000004,0.015363546499795305,0.003371973975376131
26,68,0.30000000000000004,2.6500000000000004,0.016565772385437258,0.003221017121833921
27,68,0.3500000000000001,2.6500000000000004,0.017851890486415174,0.0030560766570776783
28,68,0.40000000000000013,2.6500000000000004,0.01880882569685562,0.003157844322561505
29,68,0.4500000000000002,2.6500000000000004,0.01951741063609174,0.0033707617430059084
30,68,0.5,2.6500000000000004,0.020999192801531494,0.003140705681573463
31,68,0.55,2.6500000000000004,0.024466055692792116,0.0023343277499374322
32,68,0.6000000000000001,2.6500000000000004,0.029310366473592232,0.0018142453367793378
33,68,0.6500000000000001,2.6500000000000004,0.03220494525111225,0.0029212471306255382
34,68,0.7000000000000002,2.6500000000000004,0.029355846463521164,0.0061867422983615545
35,68,0.75,2.6500000000000004,0.019991932966974522,0.010804275481671443
36,68,0.8,2.6500000000000004,0.007724310799949107,0.015468065619262943
37,68,0.8500000000000001,2.6500000000000004,-0.0017545242221792044,0.0190809458593112
38,68,0.9000000000000001,2.6500000000000004,-0.005428470003811687,0.02116147547536744
39,68,0.9500000000000002,2.6500000000000004,-0.005768590269159426,0.022053451805346302
0,69,-1.0,2.7,0.011069859790271766,0.027206015320194107
1,69,-0.95,2.7,0.012391281246426182,0.018241434960445807
2,69,-0.9,2.7,0.014681494501061834,0.007912133904387428
3,69,-0.85,2.7,0.016459481450192825,-0.00020478694853564433
4,69,-0.8,2.7,0.016363512725847962,-0.003104662414890741
5,69,-0.75,2.7,0.011140226837023093,-0.0019018563621578388
6,69,-0.7,2.7,0.002181055308602721,0.00020630428765568837
7,69,-0.6499999999999999,2.7,-0.0021492310150158025,0.002092120167064837
8,69,-0.6,2.7,0.0032426984512658533,0.003979845435653738
9,69,-0.55,2.7,0.013278183020867008,0.0053364718349071735
10,69,-0.5,2.7,0.02024544705472236,0.0056620678974407535
11,69,-0.44999999999999996,2.7,0.02224686924258014,0.005293281861392697
12,69,-0.3999999999999999,2.7,0.02170149853591933,0.004742284746057958
13,69,-0.35,2.7,0.020584157757906375,0.0043150086610284355
14,69,-0.29999999999999993,2.7,0.019331478795045036,0.004257802404239661
15,69,-0.25,2.7,0.017977002886468835,0.004554066103929638
16,69,-0.19999999999999996,2.7,0.016907907221661474,0.004832415459638355
17,69,-0.1499999999999999,2.7,0.016677579600050917,0.004860584477950208
18,69,-0.09999999999999998,2.7,0.017166690665081034,0.004769848239562502
19,69,-0.04999999999999993,2.7,0.017344268615037527,0.004748952672786327
20,69,0.0,2.7,0.016472548980923478,0.00485141047882609
21,69,0.050000000000000044,2.7,0.015093018400281332,0.004953966724388706
22,69,0.10000000000000009,2.7,0.014205286488583446,0.004928978671623514
23,69,0.15000000000000013,2.7,0.014107083554575905,0.004859182735143779
24,69,0.20000000000000018,2.7,0.014491707286570042,0.004816952041063402
25,69,0.25,2.7,0.015169368818746583,0.00463528915929547
26,69,0.30000000000000004,2.7,0.016294865640654882,0.0042154511072341715
27,69,0.3500000000000001,2.7,0.017809062749629158,0.003858811279121143
28,69,0.40000000000000013,2.7,0.01904754647049617,0.003917836981586105
29,69,0.4500000000000002,2.7,0.01957970294643038,0.004224039378056153
30,69,0.5,2.7,0.020424784073693598,0.004173277665358932
31,69,0.55,2.7,0.023521498243757842,0.0034062521699277943
32,69,0.6000000000000001,2.7,0.02910161637869908,0.002409722421284912
33,69,0.6500000000000001,2.7,0.03386892360960025,0.002478312322122616
34,69,0.7000000000000002,2.7,0.03303239008587578,0.004664322582324967
35,69,0.75,2.7,0.024784905148456857,0.00881886703381055
36,69,0.8,2.7,0.012450780637807227,0.013964680374957558
37,69,0.8500000000000001,2.7,0.001994823470768503,0.018941625339153
38,69,0.9000000000000001,2.7,-0.002991872246620865,0.022811797248664622
39,69,0.9500000000000002,2.7,-0.00398367926551518,0.025299111526600998
0,70,-1.0,2.75,0.003991987382646958,0.015267358692573826
1,70,-0.95,2.75,0.004991303949679719,0.0103747618958017
2,70,-0.9,2.75,0.008144261213668263,0.00508885160239881
3,70,-0.85,2.75,0.01338192351808997,0.0014827749367261889
4,70,-0.8,2.75,0.0171016713755762,0.0009502699531349634
5,70,-0.75,2.75,0.013485875781412658,0.002340280702376983
6,70,-0.7,2.75,0.004278613822645862,0.0037274788888385507
7,70,-0.6499999999999999,2.75,-0.00048825716552732684,0.004881542910701517
8,70,-0.6,2.75,0.004425892881781447,0.00603802690624506
9,70,-0.55,2.75,0.013570839192112508,0.006538248820324236
10,70,-0.5,2.75,0.0197158962592546,0.006030297943739361
11,70,-0.44999999999999996,2.75,0.021429372760173315,0.0050683567911032415
12,70,-0.3999999999999999,2.75,0.02100475506796092,0.004259732199599735
13,70,-0.35,2.75,0.020209351635369355,0.0037879384510482172
14,70,-0.29999999999999993,2.75,0.01936683072930455,0.0036961754153348736
15,70,-0.25,2.75,0.018297294179646824,0.003983293532342641
16,70,-0.19999999999999996,2.75,0.0172676769343812,0.004473533448396093
17,70,-0.1499999999999999,2.75,0.016958737024821945,0.004984901016932448
18,70,-0.09999999999999998,2.75,0.017365058972344163,0.005420280268024248
19,70,-0.04999999999999993,2.75,0.01747465922198049,0.005686276050403099
20,70,0.0,2.75,0.016556294229852168,0.005807670413784539
21,70,0.050000000000000044,2.75,0.01512825643610105,0.005872954631820498
22,70,0.10000000000000009,2.75,0.01420394038875004,0.005884477199221312
23,70,0.15000000000000013,2.75,0.014080136110774435,0.005835766915399717
24,70,0.20000000000000018,2.75,0.01433206175537112,0.005684236465594728
25,70,0.25,2.75,0.014762045565966074,0.005312494828028178
26,70,0.30000000000000004,2.75,0.01578929450526293,0.00474182945298246
27,70,0.3500000000000001,2.75,0.017554276360767108,0.004248677789264604
28,70,0.40000000000000013,2.75,0.01917405379579063,0.004131787587379442
29,70,0.4500000000000002,2.75,0.01977285131986457,0.0043958408172862454
30,70,0.5,2.75,0.020181405593403135,0.004675250875497364
31,70,0.55,2.75,0.022702500448718094,0.004449930998412484
32,70,0.6000000000000001,2.75,0.028382426625787053,0.003619740821058622
33,70,0.6500000000000001,2.75,0.0344595454121523,0.0030414616558629114
34,70,0.7000000000000002,2.75,0.0356964011752091,0.004021468499994226
35,70,0.75,2.75,0.02929229075960712,0.007189321192447376
36,70,0.8,2.75,0.01784706910529156,0.012085888079257284
37,70,0.8500000000000001,2.75,0.007092592651527859,0.01748851578339721
38,70,0.9000000000000001,2.75,0.0009290161836363097,0.022123148433374172
39,70,0.9500000000000002,2.75,-0.0007939617132866721,0.025380240180562393
0,71,-1.0,2.8000000000000003,0.001284666196727513,0.01091547766624068
1,71,-0.95,2.8000000000000003,0.0022127741562511655,0.00959314894122213
2,71,-0.9,2.8000000000000003,0.005789507541986323,0.008386248645394535
3,71,-0.85,2.8000000000000003,0.012320899800928979,0.0076932888186515
4,71,-0.8,2.8000000000000003,0.017221018491498756,0.007200482946086231
5,71,-0.75,2.8000000000000003,0.01391743577272668,0.006147588516888167
6,71,-0.7,2.8000000000000003,0.004722317516927255,0.0048521641826608855
7,71,-0.6499999999999999,2.8000000000000003,0.0001613170023907068,0.004471982760947783
8,71,-0.6,2.8000000000000003,0.004899404360888572,0.004939665553280667
9,71,-0.55,2.8000000000000003,0.01327045405836131,0.005079862378655035
10,71,-0.5,2.8000000000000003,0.018775555025501364,0.004448295839870366
11,71,-0.44999999999999996,2.8000000000000003,0.020476303498440512,0.0036166752517882705
12,71,-0.3999999999999999,2.8000000000000003,0.020421080195864305,0.0031746650420313646
13,71,-0.35,2.8000000000000003,0.020020600973641514,0.0031558726307139018
14,71,-0.29999999999999993,2.8000000000000003,0.01952683387633946,0.00336719070007558
15,71,-0.25,2.8000000000000003,0.018754360919530054,0.0037462405324470427
16,71,-0.19999999999999996,2.8000000000000003,0.01790951470625128,0.004292277221811594
17,71,-0.1499999999999999,2.8000000000000003,0.017624326419679072,0.0049575134677246405
18,71,-0.09999999999999998,2.8000000000000003,0.017868065698551684,0.005586659851560868
19,71,-0.04999999999999993,2.8000000000000003,0.017731658760797818,0.006001979920447174
20,71,0.0,2.8000000000000003,0.016659227562340877,0.0062353380007609295
21,71,0.050000000000000044,2.8000000000000003,0.015169825185718105,0.0064180121366414974
22,71,0.10000000000000009,2.8000000000000003,0.014168098772162664,0.006499490005616049
23,71,0.15000000000000013,2.8000000000000003,0.013906842820949322,0.006337837011759252
24,71,0.20000000000000018,2.8000000000000003,0.013968435199198503,0.0058926864078337644
25,71,0.25,2.8000000000000003,0.014226961806134315,0.0052655526041336075
26,71,0.30000000000000004,2.8000000000000003,0.015231048601891308,0.004650024717009066
27,71,0.3500000000000001,2.8000000000000003,0.01719902088402614,0.0042218736541919065
28,71,0.40000000000000013,2.8000000000000003,0.019194709498517808,0.00411629802952701
29,71,0.4500000000000002,2.8000000000000003,0.020123166234548302,0.004431823937570325
30,71,0.5,2.8000000000000003,0.020478874254819836,0.005037906131165806
31,71,0.55,2.8000000000000003,0.022465988189319098,0.005385943683616171
32,71,0.6000000000000001,2.8000000000000003,0.027693147036149505,0.004951838567567126
33,71,0.6500000000000001,2.8000000000000003,0.034270651288535854,0.004096321535675404
34,71,0.7000000000000002,2.8000000000000003,0.03718024962246024,0.00410834571642713
35,71,0.75,2.8000000000000003,0.03284932472771991,0.006086591814532193
36,71,0.8,2.8000000000000003,0.02274997522875706,0.009861719809323927
37,71,0.8500000000000001,2.8000000000000003,0.01203208382488539,0.014211594813493822
38,71,0.9000000000000001,2.8000000000000003,0.004899852150544318,0.01799091735182684
39,71,0.9500000000000002,2.8000000000000003,0.002530504228861266,0.02075307782137392
0,72,-1.0,2.85,0.0013473299326098587,0.008399779526221465
1,72,-0.95,2.85,0.002462074928833574,0.009060591182220093
2,72,-0.9,2.85,0.006244401091097633,0.010524075646093228
3,72,-0.85,2.85,0.012196157818781667,0.012142542193065917
4,72,-0.8,2.85,0.015555971073812867,0.011773348027777422
5,72,-0.75,2.85,0.011137557017987312,0.008350483559869393
6,72,-0.7,2.85,0.0026030080667054784,0.0042985518506155965
7,72,-0.6499999999999999,2.85,-0.0004007557949075452,0.0024112532200507367
8,72,-0.6,2.85,0.005033772499488699,0.0023373703316418443
9,72,-0.55,2.85,0.013079469478702206,0.002430481158666488
10,72,-0.5,2.85,0.018252709132387836,0.0022256105683370747
11,72,-0.44999999999999996,2.85,0.020155741962334314,0.0021377396390273237
12,72,-0.3999999999999999,2.85,0.020543952446886553,0.0024837836291306814
13,72,-0.35,2.85,0.02040187729341357,0.0030878950178929096
14,72,-0.29999999999999993,2.85,0.01995719863103769,0.0035871792555329865
15,72,-0.25,2.85,0.019222380701382838,0.003885759523165784
16,72,-0.19999999999999996,2.85,0.018478949869658798,0.004183469422802226
17,72,-0.1499999999999999,2.85,0.01825311965457122,0.004647139867309004
18,72,-0.09999999999999998,2.85,0.018409525425066697,0.005204420671936164
19,72,-0.04999999999999993,2.85,0.01812333737118055,0.005711718825535048
20,72,0.0,2.85,0.01697232644604649,0.00618638420793835
21,72,0.050000000000000044,2.85,0.01539240844095617,0.0066785414361883455
22,72,0.10000000000000009,2.85,0.014123765263867796,0.006976790273472422
23,72,0.15000000000000013,2.85,0.01347333251299215,0.006764610009335464
24,72,0.20000000000000018,2.85,0.013259777347745475,0.006027847817331438
25,72,0.25,2.85,0.013519383875141375,0.005120080810113482
26,72,0.30000000000000004,2.85,0.01474561555532123,0.004456616100853364
27,72,0.3500000000000001,2.85,0.017020549673285052,0.0041988886426428534
28,72,0.40000000000000013,2.85,0.01938400407916905,0.004304683635534675
29,72,0.4500000000000002,2.85,0.020694459421503365,0.0047711148931116505
30,72,0.5,2.85,0.02113552533944898,0.005507482367601187
31,72,0.55,2.85,0.022616432885119414,0.005999457092853693
32,72,0.6000000000000001,2.85,0.027092804477846285,0.005606271552724583
33,72,0.6500000000000001,2.85,0.033616052561012306,0.004477943992849355
34,72,0.7000000000000002,2.85,0.03768667145406588,0.0038657918926959596
35,72,0.75,2.85,0.03504566485250391,0.004894849118202736
36,72,0.8,2.85,0.025972072104253188,0.007216271458809881
37,72,0.8500000000000001,2.85,0.015221790194030775,0.009613224968142283
38,72,0.9000000000000001,2.85,0.007470499191516407,0.011424547206760963
39,72,0.9500000000000002,2.85,0.00473035922580748,0.012682288243951916
0,73,-1.0,2.9000000000000004,0.0026062895087247684,0.004349626898996588
1,73,-0.95,2.9000000000000004,0.0043370702761229285,0.005803163876129565
2,73,-0.9,2.9000000000000004,0.008871458552832147,0.008792505840981533
3,73,-0.85,2.9000000000000004,0.013570172182613173,0.012320347244119574
4,73,-0.8,2.9000000000000004,0.013428959858302232,0.01302093654624241
5,73,-0.75,2.9000000000000004,0.006442639595564854,0.009308704664912383
6,73,-0.7,2.9000000000000004,-0.0012169128228914014,0.004653273250020962
7,73,-0.6499999999999999,2.9000000000000004,-0.0017998645165830454,0.002461983275799974
8,73,-0.6,2.9000000000000004,0.004918632299504323,0.001997013786259605
9,73,-0.55,2.9000000000000004,0.01315869429505654,0.0017948490669025124
10,73,-0.5,2.9000000000000004,0.0184828135058622,0.0018670776835260153
11,73,-0.44999999999999996,2.9000000000000004,0.02073447655923412,0.0023557885571022855
12,73,-0.3999999999999999,2.9000000000000004,0.02137123557472989,0.003034972936205721
13,73,-0.35,2.9000000000000004,0.02112399660004382,0.0036013647478669655
14,73,-0.29999999999999993,2.9000000000000004,0.020324698381612334,0.0037722604607035026
15,73,-0.25,2.9000000000000004,0.019350651086799293,0.003533841652764401
16,73,-0.19999999999999996,2.9000000000000004,0.0186708950503945,0.0032937360591216505
17,73,-0.1499999999999999,2.9000000000000004,0.01864527766881301,0.003405102418124542
18,73,-0.09999999999999998,2.9000000000000004,0.018932644656777728,0.003846707403304221
19,73,-0.04999999999999993,2.9000000000000004,0.018713622296800004,0.004491066883536947
20,73,0.0,2.9000000000000004,0.017626050172994175,0.005331660016984884
21,73,0.050000000000000044,2.9000000000000004,0.015960231251252177,0.006312425489296124
22,73,0.10000000000000009,2.9000000000000004,0.014254167345309782,0.007047974684892804
23,73,0.15000000000000013,2.9000000000000004,0.012957900364808338,0.007088099621932742
24,73,0.20000000000000018,2.9000000000000004,0.012323905999976521,0.006447688631830411
25,73,0.25,2.9000000000000004,0.012655730089656241,0.005588370322371153
26,73,0.30000000000000004,2.9000000000000004,0.01430985643442068,0.004996153658255002
27,73,0.3500000000000001,2.9000000000000004,0.01704708841870745,0.004834090812114566
28,73,0.40000000000000013,2.9000000000000004,0.019766935748986605,0.004975040302302777
29,73,0.4500000000000002,2.9000000000000004,0.021325964966614815,0.005317124549409028
30,73,0.5,2.9000000000000004,0.02170721645456188,0.005750999199430947
31,73,0.55,2.9000000000000004,0.022564777374442496,0.005822241817005063
32,73,0.6000000000000001,2.9000000000000004,0.026171633936145168,0.0049704492638189815
33,73,0.6500000000000001,2.9000000000000004,0.03253017162850723,0.00342818570016002
34,73,0.7000000000000002,2.9000000000000004,0.037597154747813624,0.002525326243443841
35,73,0.75,2.9000000000000004,0.036199804293833834,0.003206824566245022
36,73,0.8,2.9000000000000004,0.02746835107869661,0.004684331084871384
37,73,0.8500000000000001,2.9000000000000004,0.01624035957283647,0.005570888403369145
38,73,0.9000000000000001,2.9000000000000004,0.00796891542635395,0.0054972166956788245
39,73,0.9500000000000002,2.9000000000000004,0.0050459863032431725,0.004944233271913755
0,74,-1.0,2.95,0.004254403886875813,0.0006679635936353984
1,74,-0.95,2.95,0.00690495387081852,0.0025389772339164465
2,74,-0.9,2.95,0.012761584459087642,0.006148128579722377
3,74,-0.85,2.95,0.016424588524042542,0.010389877995488385
4,74,-0.8,2.95,0.012544328494605676,0.012083309172702568
5,74,-0.75,2.95,0.002769893721765865,0.010063665056392786
6,74,-0.7,2.95,-0.004243713322406931,0.007365654820641818
7,74,-0.6499999999999999,2.95,-0.003057015258668902,0.006135737149576513
8,74,-0.6,2.95,0.004366638290591238,0.005327393641922258
9,74,-0.55,2.95,0.012949533375968617,0.0044446324000744705
10,74,-0.5,2.95,0.01881364862258761,0.004129980735164511
11,74,-0.44999999999999996,2.95,0.02132363721501402,0.004136629492790117
12,74,-0.3999999999999999,2.95,0.021789528637651233,0.0037993921996645405
13,74,-0.35,2.95,0.02113916481791135,0.003055992653533887
14,74,-0.29999999999999993,2.95,0.019889675535935125,0.0020504087298674548
15,74,-0.25,2.95,0.018743856299800986,0.0009277016553929304
16,74,-0.19999999999999996,2.95,0.01835021063501894,0.00014498825217895694
17,74,-0.1499999999999999,2.95,0.01880609099875379,3.0152416271647664e-05
18,74,-0.09999999999999998,2.95,0.0194954898904791,0.00044969543772374956
19,74,-0.04999999999999993,2.95,0.019608289984861214,0.0012678375562579641
20,74,0.0,2.95,0.01879368505180567,0.002559567718006233
21,74,0.050000000000000044,2.95,0.01710872310886409,0.004188352164586542
22,74,0.10000000000000009,2.95,0.014899439396504413,0.005575962916663513
23,74,0.15000000000000013,2.95,0.012873046459929757,0.006232489979890489
24,74,0.20000000000000018,2.95,0.011760048048183886,0.00625440675620266
25,74,0.25,2.95,0.012067848901565967,0.006052712662918281
26,74,0.30000000000000004,2.95,0.013991336045064643,0.005907345868842347
27,74,0.3500000000000001,2.95,0.016999436317332826,0.005820509100006822
28,74,0.40000000000000013,2.95,0.019867037816463512,0.005661111084450266
29,74,0.4500000000000002,2.95,0.021470418318631536,0.005427376924032152
30,74,0.5,2.95,0.021640642607045017,0.005130535603437977
31,74,0.55,2.95,0.02183588294950745,0.004453485216850007
32,74,0.6000000000000001,2.95,0.024698748361001242,0.0030492103780110046
33,74,0.6500000000000001,2.95,0.03117092954063717,0.001345452136860875
34,74,0.7000000000000002,2.95,0.03746531032015089,0.0006298226359306052
35,74,0.75,2.95,0.03720466969393146,0.0015595683414526941
36,74,0.8,2.95,0.02833613594137731,0.0031084686311029118
37,74,0.8500000000000001,2.95,0.016034675804838215,0.0037688254451962062
38,74,0.9000000000000001,2.95,0.006843844060061017,0.003043418757375767
39,74,0.9500000000000002,2.95,0.0036243923782773406,0.0014902141139865998
0,75,-1.0,3.0,0.006348316789286865,0.0008093905277522725
1,75,-0.95,3.0,0.009817235262209907,0.0031857611349547094
2,75,-0.9,3.0,0.016722359314404085,0.006730474066277935
3,75,-0.85,3.0,0.019505352775593364,0.010129325704901597
4,75,-0.8,3.0,0.013102746919206633,0.011545178193603685
5,75,-0.75,3.0,0.001724985243504104,0.01109418746187276
6,75,-0.7,3.0,-0.005144840729707674,0.010344389952309935
7,75,-0.6499999999999999,3.0,-0.003838125695302605,0.009538130084882045
8,75,-0.6,3.0,0.0032275275500022807,0.00817277203452739
9,75,-0.55,3.0,0.011961281388298793,0.006734088502402709
10,75,-0.5,3.0,0.018174810598577847,0.005600949668826578
11,75,-0.44999999999999996,3.0,0.02040388802373415,0.004085505590968007
12,75,-0.3999999999999999,3.0,0.02029059873547366,0.0017248757163739609
13,75,-0.35,3.0,0.019375013130246733,-0.000890229356539686
14,75,-0.29999999999999993,3.0,0.018196407383471377,-0.003104606353213253
15,75,-0.25,3.0,0.017445230609110796,-0.004714434681658865
16,75,-0.19999999999999996,3.0,0.017773345811273218,-0.00549278552291501
17,75,-0.1499999999999999,3.0,0.018949984854357803,-0.005381480050999574
18,75,-0.09999999999999998,3.0,0.020170329796764044,-0.004748729814359771
19,75,-0.04999999999999993,3.0,0.020823494577082487,-0.0037797359356826765
20,75,0.0,3.0,0.020546564781322753,-0.0022449083561111235
21,75,0.050000000000000044,3.0,0.018976626449909457,-0.00023594584143620673
22,75,0.10000000000000009,3.0,0.01629830516061373,0.0016058226041902948
23,75,0.15000000000000013,3.0,0.013636344204347485,0.0028344085864904014
24,75,0.20000000000000018,3.0,0.012144128683004313,0.003602554059436644
25,75,0.25,3.0,0.012308669202295928,0.004229575202999922
26,75,0.30000000000000004,3.0,0.01407765287150922,0.004729768749674821
27,75,0.3500000000000001,3.0,0.01680085363431537,0.004847142286786722
28,75,0.40000000000000013,3.0,0.019373803573011935,0.0044351725577046995
29,75,0.4500000000000002,3.0,0.020795389485602524,0.003672329174410115
30,75,0.5,3.0,0.020733324747379735,0.002746686723397373
31,75,0.55,3.0,0.02048345214901552,0.0015151605255885395
32,75,0.6000000000000001,3.0,0.023063600856156035,-9.66937562886603e-05
33,75,0.6500000000000001,3.0,0.030110783886426833,-0.001564831220783468
34,75,0.7000000000000002,3.0,0.03781127095240545,-0.0019764252193177115
35,75,0.75,3.0,0.03867845028900614,-0.0009015035912532214
36,75,0.8,3.0,0.029677608182440123,0.0011149215635746987
37,75,0.8500000000000001,3.0,0.016175309699109325,0.0029276680509452476
38,75,0.9000000000000001,3.0,0.005690304095144344,0.0035696535950716264
39,75,0.9500000000000002,3.0,0.0019395770164648378,0.002994740595933668
0,76,-1.0,3.0500000000000003,0.009007145101280686,0.006484042832290184
1,76,-0.95,3.0500000000000003,0.012826037409344182,0.00890040435930186
2,76,-0.9,3.0500000000000003,0.01970514902903453,0.011305878567381272
3,76,-0.85,3.0500000000000003,0.021239292651368293,0.012250990286096393
4,76,-0.8,3.0500000000000003,0.01350919025157684,0.011398580834731734
5,76,-0.75,3.0500000000000003,0.0015691054804721147,0.009958049473296031
6,76,-0.7,3.0500000000000003,-0.005799770699397647,0.008330695299430327
7,76,-0.6499999999999999,3.0500000000000003,-0.005228633176451447,0.006278087819918746
8,76,-0.6,3.0500000000000003,0.0015625967081119019,0.004558503940064983
9,76,-0.55,3.0500000000000003,0.010377711010267805,0.0034591227436178013
10,76,-0.5,3.0500000000000003,0.016165065711152907,0.0019172061489369785
11,76,-0.44999999999999996,3.0500000000000003,0.017447563262561402,-0.0008994043342696809
12,76,-0.3999999999999999,3.0500000000000003,0.01681379369014354,-0.004552375817146771
13,76,-0.35,3.0500000000000003,0.016309682748324138,-0.007799608965006789
14,76,-0.29999999999999993,3.0500000000000003,0.016065470210815946,-0.009835386213927072
15,76,-0.25,3.0500000000000003,0.01635567713009923,-0.01067333291415569
16,76,-0.19999999999999996,3.0500000000000003,0.01768316526567823,-0.010520975926343636
17,76,-0.1499999999999999,3.0500000000000003,0.019550146707309028,-0.00961133959137734
18,76,-0.09999999999999998,3.0500000000000003,0.021097234005796,-0.008466765871018057
19,76,-0.04999999999999993,3.0500000000000003,0.02211211144310986,-0.007439551539847582
20,76,0.0,3.0500000000000003,0.022337475146052138,-0.006328479328039215
21,76,0.050000000000000044,3.0500000000000003,0.02095945406916551,-0.004991741090913122
22,76,0.10000000000000009,3.0500000000000003,0.01796979382443102,-0.0036943425971238536
23,76,0.15000000000000013,3.0500000000000003,0.014869777915176106,-0.0026870675079533612
24,76,0.20000000000000018,3.0500000000000003,0.013155214664693406,-0.0019146081811532122
25,76,0.25,3.0500000000000003,0.013195063591804144,-0.00117164732182427
26,76,0.30000000000000004,3.0500000000000003,0.014608903128851443,-0.0005115735351124417
27,76,0.3500000000000001,3.0500000000000003,0.016704840125362705,-0.00026607001006544347
28,76,0.40000000000000013,3.0500000000000003,0.018692224704086904,-0.0005907015352353464
29,76,0.4500000000000002,3.0500000000000003,0.019781932484324208,-0.0012957823215533747
30,76,0.5,3.0500000000000003,0.01948347395822344,-0.0022140423927656354
31,76,0.55,3.0500000000000003,0.018992502469821416,-0.00341650016470664
32,76,0.6000000000000001,3.0500000000000003,0.021618756614629236,-0.004850705123001287
33,76,0.6500000000000001,3.0500000000000003,0.029291198077608115,-0.006256785251813814
34,76,0.7000000000000002,3.0500000000000003,0.03812863794968113,-0.007349933663880552
35,76,0.75,3.0500000000000003,0.04029601647682386,-0.007394055087998159
36,76,0.8,3.0500000000000003,0.03216530758357578,-0.005343755439719882
37,76,0.8500000000000001,3.0500000000000003,0.018489407836335143,-0.0014115310319412749
38,76,0.9000000000000001,3.0500000000000003,0.006910916605049437,0.0025742508933559657
39,76,0.9500000000000002,3.0500000000000003,0.0024745663800014236,0.005166970840512651
0,77,-1.0,3.1,0.011181039843310217,0.016821470368554615
1,77,-0.95,3.1,0.014639070997300996,0.017730443950778156
2,77,-0.9,3.1,0.02007294524119862,0.017115714863271993
3,77,-0.85,3.1,0.019598055042943825,0.013804631740008573
4,77,-0.8,3.1,0.010809806106406271,0.008522262980538639
5,77,-0.75,3.1,-0.0013429002917973026,0.0030565995023447423
6,77,-0.7,3.1,-0.00882480238308496,-0.0018453274701276529
7,77,-0.6499999999999999,3.1,-0.007610317054667949,-0.005192279662801259
8,77,-0.6,3.1,0.0004085624737013363,-0.005831578860308571
9,77,-0.55,3.1,0.009319983597170789,-0.005232552564892884
10,77,-0.5,3.1,0.013816283520690364,-0.00595569809184255
11,77,-0.44999999999999996,3.1,0.013934306057650399,-0.008387060113072727
12,77,-0.3999999999999999,3.1,0.013390394104736553,-0.011166857983996616
13,77,-0.35,3.1,0.014092002733466433,-0.012938646630309691
14,77,-0.29999999999999993,3.1,0.015322683434322477,-0.013198337848741616
15,77,-0.25,3.1,0.016759640896694232,-0.012283734712149226
16,77,-0.19999999999999996,3.1,0.018835339134051568,-0.010737384275900895
17,77,-0.1499999999999999,3.1,0.02100419490968338,-0.00888626062664842
18,77,-0.09999999999999998,3.1,0.0223421178482938,-0.007206487843758394
19,77,-0.04999999999999993,3.1,0.02296178112006133,-0.0062872744164096765
20,77,0.0,3.1,0.022994375230257214,-0.006246649779843502
21,77,0.050000000000000044,3.1,0.02161076318082482,-0.006673271484581595
22,77,0.10000000000000009,3.1,0.01860297874357349,-0.007063810121671205
23,77,0.15000000000000013,3.1,0.015416078620318126,-0.0072503763948606435
24,77,0.20000000000000018,3.1,0.013659548869133405,-0.007349254390699601
25,77,0.25,3.1,0.013711703848336698,-0.007371404500844392
26,77,0.30000000000000004,3.1,0.014983230183268047,-0.007320871872232813
27,77,0.3500000000000001,3.1,0.016721725634192466,-0.007340796982433714
28,77,0.40000000000000013,3.1,0.018344091261524004,-0.007508816741887466
29,77,0.4500000000000002,3.1,0.019172048628072237,-0.007804178497066508
30,77,0.5,3.1,0.01861260690422647,-0.00825645652231143
31,77,0.55,3.1,0.01784678941877987,-0.008915826454382143
32,77,0.6000000000000001,3.1,0.02022331576904886,-0.009813377140259864
33,77,0.6500000000000001,3.1,0.027611555345547566,-0.011354035945428179
34,77,0.7000000000000002,3.1,0.0366740011162211,-0.014014423794684473
35,77,0.75,3.1,0.04068462851316681,-0.016478829068610472
36,77,0.8,3.1,0.035660132238497004,-0.015693220778100567
37,77,0.8500000000000001,3.1,0.024093316032185175,-0.010521081947564258
38,77,0.9000000000000001,3.1,0.01226880596759827,-0.00340400250464337
39,77,0.9500000000000002,3.1,0.007125016910778208,0.0026904817137512246
0,78,-1.0,3.1500000000000004,0.010825092265727768,0.02753451234600031
1,78,-0.95,3.1500000000000004,0.01312028190406156,0.025503876834381926
2,78,-0.9,3.1500000000000004,0.015779336818264947,0.020627848356338588
3,78,-0.85,3.1500000000000004,0.012645840768634939,0.012427704575208448
4,78,-0.8,3.1500000000000004,0.0027611580139130093,0.0022901770875486532
5,78,-0.75,3.1500000000000004,-0.008798484970194177,-0.007593767391525369
6,78,-0.7,3.1500000000000004,-0.014048649864543648,-0.015016325431191774
7,78,-0.6499999999999999,3.1500000000000004,-0.009214884566632366,-0.017681909306132247
8,78,-0.6,3.1500000000000004,0.0015223238060202773,-0.015734913101301956
9,78,-0.55,3.1500000000000004,0.010253591778733827,-0.012779102963366394
10,78,-0.5,3.1500000000000004,0.013010558162973064,-0.011727849698402008
11,78,-0.44999999999999996,3.1500000000000004,0.012236403370407337,-0.012196902685709353
12,78,-0.3999999999999999,3.1500000000000004,0.012262207172906575,-0.012580422212710857
13,78,-0.35,3.1500000000000004,0.014278202883579137,-0.012037517759330395
14,78,-0.29999999999999993,3.1500000000000004,0.016720382128976412,-0.010518999556527152
15,78,-0.25,3.1500000000000004,0.01881663070293995,-0.008417561910995033
16,78,-0.19999999999999996,3.1500000000000004,0.021080639351179035,-0.006196000475959876
17,78,-0.1499999999999999,3.1500000000000004,0.02308104313945153,-0.00405093645959094
18,78,-0.09999999999999998,3.1500000000000004,0.023696220216034743,-0.0022871516034160197
19,78,-0.04999999999999993,3.1500000000000004,0.023071949507024753,-0.001598768203550805
20,78,0.0,3.1500000000000004,0.02195147807788022,-0.002451122507928522
21,78,0.050000000000000044,3.1500000000000004,0.020142293727337807,-0.004374449141902048
22,78,0.10000000000000009,3.1500000000000004,0.017392688914151973,-0.006295127584281541
23,78,0.15000000000000013,3.1500000000000004,0.01458433364614771,-0.007616397797864192
24,78,0.20000000000000018,3.1500000000000004,0.013034186558709658,-0.008506672241708427
25,78,0.25,3.1500000000000004,0.013223446110270931,-0.009239179036919613
26,78,0.30000000000000004,3.1500000000000004,0.01463951064726212,-0.00985699909036259
27,78,0.3500000000000001,3.1500000000000004,0.016516895255708052,-0.010285094901824228
28,78,0.40000000000000013,3.1500000000000004,0.01822884318945411,-0.010500449583667505
29,78,0.4500000000000002,3.1500000000000004,0.019034292703900245,-0.010629870239687615
30,78,0.5,3.1500000000000004,0.018371826000907806,-0.01075638068964416
31,78,0.55,3.1500000000000004,0.01743558185187298,-0.010735200707829486
32,78,0.6000000000000001,3.1500000000000004,0.0191805471235832,-0.010623209249678894
33,78,0.6500000000000001,3.1500000000000004,0.025090151423183504,-0.011343515496438156
34,78,0.7000000000000002,3.1500000000000004,0.03300384482649884,-0.0140548871815993
35,78,0.75,3.1500000000000004,0.03861721949340777,-0.017906458190725626
36,78,0.8,3.1500000000000004,0.038123054704621996,-0.019555553009205643
37,78,0.8500000000000001,3.1500000000000004,0.03077862610979234,-0.016604132373870123
38,78,0.9000000000000001,3.1500000000000004,0.020122480266364918,-0.01034582909314916
39,78,0.9500000000000002,3.1500000000000004,0.014663534816790613,-0.0037969101774172793
0,79,-1.0,3.2,0.007119768820073452,0.031350233601871516
1,79,-0.95,3.2,0.007732407007639275,0.02704382716708663
2,79,-0.9,3.2,0.00699677298202514,0.019382966295195675
3,79,-0.85,3.2,0.0012603837741538906,0.008395545226418007
4,79,-0.8,3.2,-0.009211665860327546,-0.004223028884672506
5,79,-0.75,3.2,-0.01864940281053773,-0.015719007355777803
6,79,-0.7,3.2,-0.018912944297691837,-0.022622730010399723
7,79,-0.6499999999999999,3.2,-0.008328904724778131,-0.022733537495589068
8,79,-0.6,3.2,0.005311368816467189,-0.01825286957202875
9,79,-0.55,3.2,0.013327047000070737,-0.013790265279047982
10,79,-0.5,3.2,0.014398483798347406,-0.011432631999351676
11,79,-0.44999999999999996,3.2,0.01308173354334155,-0.01015714928570055
12,79,-0.3999999999999999,3.2,0.01354977903111551,-0.008663948778913667
13,79,-0.35,3.2,0.016153425389650138,-0.00679376871126177
14,79,-0.29999999999999993,3.2,0.01894263928265784,-0.004876413696673285
15,79,-0.25,3.2,0.021082639977261508,-0.00313380078941973
16,79,-0.19999999999999996,3.2,0.02320196458545566,-0.0016157940688301883
17,79,-0.1499999999999999,3.2,0.024913043782227237,-0.000206943733235751
18,79,-0.09999999999999998,3.2,0.024794286104333936,0.0010376199816761883
19,79,-0.04999999999999993,3.2,0.022797810215548827,0.001550526227605542
20,79,0.0,3.2,0.02021869429190597,0.0007480820184872262
21,79,0.050000000000000044,3.2,0.0177667581044718,-0.0010815518732036622
22,79,0.10000000000000009,3.2,0.015361030087611346,-0.0029040586388342886
23,79,0.15000000000000013,3.2,0.01320453396289124,-0.004025183683811148
24,79,0.20000000000000018,3.2,0.012036767630077983,-0.004583920758361865
25,79,0.25,3.2,0.012361376999682535,-0.005026999941490952
26,79,0.30000000000000004,3.2,0.013937314318363432,-0.005509819334769926
27,79,0.3500000000000001,3.2,0.01607827514088755,-0.005903861921023254
28,79,0.40000000000000013,3.2,0.01799931592366062,-0.006185233407604244
29,79,0.4500000000000002,3.2,0.01891611752209558,-0.006492553209630171
30,79,0.5,3.2,0.0185072764360846,-0.006693202135145014
31,79,0.55,3.2,0.017979960858745137,-0.006230064699045447
32,79,0.6000000000000001,3.2,0.01961500098044019,-0.004811157430744911
33,79,0.6500000000000001,3.2,0.024179877413627163,-0.0030682090109744684
34,79,0.7000000000000002,3.2,0.030111058421933637,-0.0024096815836212294
35,79,0.75,3.2,0.03518396268556047,-0.004036778227270514
36,79,0.8,3.2,0.036962458055352504,-0.007278856133644277
37,79,0.8500000000000001,3.2,0.03330303994824166,-0.009549968979327889
38,79,0.9000000000000001,3.2,0.025076028164051113,-0.009141709205114689
39,79,0.9500000000000002,3.2,0.020222854742241968,-0.006796079156455043
0,80,-1.0,3.25,0.002212279396157993,0.02294945681622699
1,80,-0.95,3.25,0.001153014597385718,0.01905875868390125
2,80,-0.9,3.25,-0.0028689451224036752,0.012191884514442773
3,80,-0.85,3.25,-0.010960154411233242,0.001938471213777243
4,80,-0.8,3.25,-0.0213533945682828,-0.010160900956563967
5,80,-0.75,3.25,-0.027198186095921395,-0.02023889851819914
6,80,-0.7,3.25,-0.021063180004354913,-0.024058487227771666
7,80,-0.6499999999999999,3.25,-0.004845024128261391,-0.020985675212867767
8,80,-0.6,3.25,0.010465596022561363,-0.015093165302282538
9,80,-0.55,3.25,0.0170738293514109,-0.010634857518518163
10,80,-0.5,3.25,0.016643674156320495,-0.008339777357680295
11,80,-0.44999999999999996,3.25,0.015005086590845346,-0.006718075092849579
12,80,-0.3999999999999999,3.25,0.015625587747345356,-0.004777946539305557
13,80,-0.35,3.25,0.01806573796581952,-0.002784471991960913
14,80,-0.29999999999999993,3.25,0.020380350050818452,-0.0013812800986715001
15,80,-0.25,3.25,0.022077250330783046,-0.0008076891798031519
16,80,-0.19999999999999996,3.25,0.024007496407363015,-0.0007870714602516149
17,80,-0.1499999999999999,3.25,0.025734457189957906,-0.0007590004448096779
18,80,-0.09999999999999998,3.25,0.025453690176876036,-0.000382031404458881
19,80,-0.04999999999999993,3.25,0.02278241154383579,5.604872621193385e-05
20,80,0.0,3.25,0.019319399977071015,5.493342119791342e-05
21,80,0.050000000000000044,3.25,0.016490153070016292,-0.0003247722961389511
22,80,0.10000000000000009,3.25,0.014449057103544487,-0.0004750848183236907
23,80,0.15000000000000013,3.25,0.012904471526620134,3.196551764056768e-05
24,80,0.20000000000000018,3.25,0.012032370301029854,0.0009851281505281195
25,80,0.25,3.25,0.01229754753386287,0.0018465686134631724
26,80,0.30000000000000004,3.25,0.013762648667729818,0.0023658821106497044
27,80,0.3500000000000001,3.25,0.015841481182873735,0.002578447186032534
28,80,0.40000000000000013,3.25,0.017640151900847195,0.0024183576592809886
29,80,0.4500000000000002,3.25,0.018526323976359473,0.0018395330285676456
30,80,0.5,3.25,0.018634314511492528,0.0013045207177580977
31,80,0.55,3.25,0.019317626556273084,0.0018316093829021454
32,80,0.6000000000000001,3.25,0.02234240281165418,0.004365568167959922
33,80,0.6500000000000001,3.25,0.027491627270307187,0.009188996611707755
34,80,0.7000000000000002,3.25,0.03203527561020279,0.015064720876421658
35,80,0.75,3.25,0.03374804494338472,0.018456382347726175
36,80,0.8,3.25,0.03260986395256462,0.016249575567171364
37,80,0.8500000000000001,3.25,0.02891577303832193,0.009870303429064219
38,80,0.9000000000000001,3.25,0.022876370089237763,0.003642360962244984
39,80,0.9500000000000002,3.25,0.019354794914109904,-8.07865421303261e-05
0,81,-1.0,3.3,-0.0006616274445780251,0.003206813396170183
1,81,-0.95,3.3,-0.003025165294144941,0.0017319443053155983
2,81,-0.9,3.3,-0.010123514488098867,-0.0018405049135192253
3,81,-0.85,3.3,-0.02109240169685285,-0.008943395998741617
4,81,-0.8,3.3,-0.03138903559230393,-0.018505854739015518
5,81,-0.75,3.3,-0.03254698908174543,-0.025456892514476304
6,81,-0.7,3.3,-0.019659720992360463,-0.025291562377180166
7,81,-0.6499999999999999,3.3,0.0006364172007109967,-0.01944317356515589
8,81,-0.6,3.3,0.015662186510816793,-0.01315482869947867
9,81,-0.55,3.3,0.02008043494467298,-0.009538760367285085
10,81,-0.5,3.3,0.01831526622401599,-0.007980727314557227
11,81,-0.44999999999999996,3.3,0.01664356436171629,-0.006674777842911768
12,81,-0.3999999999999999,3.3,0.017483382132004177,-0.004833370881131421
13,81,-0.35,3.3,0.019550091830284194,-0.002872414028244688
14,81,-0.29999999999999993,3.3,0.0209194220948156,-0.0016436586348724316
15,81,-0.25,3.3,0.021676848615681393,-0.0016878626010869563
16,81,-0.19999999999999996,3.3,0.023250653320449136,-0.0027786294520609767
17,81,-0.1499999999999999,3.3,0.02531808383801997,-0.004038952449343831
18,81,-0.09999999999999998,3.3,0.025609335275355548,-0.004671239101147612
19,81,-0.04999999999999993,3.3,0.02323477504120562,-0.004521653621529474
20,81,0.0,3.3,0.019837873269555086,-0.003788041758542738
21,81,0.050000000000000044,3.3,0.017236739864950196,-0.0025208305211736615
22,81,0.10000000000000009,3.3,0.015717767901390865,-0.0006089009724906738
23,81,0.15000000000000013,3.3,0.01466474693174305,0.0019561860075610962
24,81,0.20000000000000018,3.3,0.013851370725900588,0.004823584600067658
25,81,0.25,3.3,0.01374213095980412,0.007403648870825032
26,81,0.30000000000000004,3.3,0.014669192890932794,0.009319375460875544
27,81,0.3500000000000001,3.3,0.016130750689518834,0.010419246707695437
28,81,0.40000000000000013,3.3,0.01726040176619573,0.010543495875882823
29,81,0.4500000000000002,3.3,0.01780228058057269,0.009776998945656892
30,81,0.5,3.3,0.0184993527904191,0.008860510314564526
31,81,0.55,3.3,0.02104100830894696,0.009115663251709222
32,81,0.6000000000000001,3.3,0.0269723882092458,0.011943938860254636
33,81,0.6500000000000001,3.3,0.03487903012208889,0.01825113655518812
34,81,0.7000000000000002,3.3,0.039378444157952046,0.02707345657902994
35,81,0.75,3.3,0.036368817376310175,0.034151616364094625
36,81,0.8,3.3,0.02837637913669055,0.03465359896068337
37,81,0.8500000000000001,3.3,0.020695825343315277,0.02848391936200563
38,81,0.9000000000000001,3.3,0.015124938192856568,0.02007616487383526
39,81,0.9500000000000002,3.3,0.012776559733491347,0.013215888099722536
0,82,-1.0,3.3500000000000005,-0.0007374587855511761,-0.02315189420530734
1,82,-0.95,3.3500000000000005,-0.00389430371230369,-0.022963737914338464
2,82,-0.9,3.3500000000000005,-0.01354428542646089,-0.023793027299380265
3,82,-0.85,3.3500000000000005,-0.027625504236729534,-0.027064852771089797
4,82,-0.8,3.3500000000000005,-0.03786689108401749,-0.031837172152314845
5,82,-0.75,3.3500000000000005,-0.03398389373408604,-0.033441323379827595
6,82,-0.7,3.3500000000000005,-0.015049461055034498,-0.028881979382731696
7,82,-0.6499999999999999,3.3500000000000005,0.007291709549440105,-0.021198606486900577
8,82,-0.6,3.3500000000000005,0.020370009220432167,-0.01517906016256447
9,82,-0.55,3.3500000000000005,0.02224793073633234,-0.012204816740041743
10,82,-0.5,3.3500000000000005,0.019507656680693812,-0.01076343818263003
11,82,-0.44999999999999996,3.3500000000000005,0.018152443024271152,-0.00922807665856392
12,82,-0.3999999999999999,3.3500000000000005,0.019427951562012435,-0.00716668197749161
13,82,-0.35,3.3500000000000005,0.02125545021207851,-0.004969943425872682
14,82,-0.29999999999999993,3.3500000000000005,0.021564901477976184,-0.003371148376771979
15,82,-0.25,3.3500000000000005,0.0209422795135945,-0.003087485811669108
16,82,-0.19999999999999996,3.3500000000000005,0.02165640655910614,-0.004207967157649449
17,82,-0.1499999999999999,3.3500000000000005,0.02384184754087127,-0.0060095625238843625
18,82,-0.09999999999999998,3.3500000000000005,0.024970989004690393,-0.007500811525311575
19,82,-0.04999999999999993,3.3500000000000005,0.023665608886440665,-0.007956480328085644
20,82,0.0,3.3500000000000005,0.021320223077426828,-0.007029213519413897
21,82,0.050000000000000044,3.3500000000000005,0.019669293856068356,-0.004743367561482852
22,82,0.10000000000000009,3.3500000000000005,0.018926073632279244,-0.0014249516567377968
23,82,0.15000000000000013,3.3500000000000005,0.018336957099178465,0.002558436681944949
24,82,0.20000000000000018,3.3500000000000005,0.01747983316429379,0.006820753194950943
25,82,0.25,3.3500000000000005,0.016793338394670756,0.010799241908442704
26,82,0.30000000000000004,3.3500000000000005,0.016778246504600223,0.013926542207585366
27,82,0.3500000000000001,3.3500000000000005,0.017065601597881012,0.015845090379013802
28,82,0.40000000000000013,3.3500000000000005,0.01699790413880865,0.01638230383865153
29,82,0.4500000000000002,3.3500000000000005,0.016843338415041178,0.015691931830328396
30,82,0.5,3.3500000000000005,0.01797297881754486,0.01452506472545927
31,82,0.55,3.3500000000000005,0.022401055101963194,0.014084338760638809
32,82,0.6000000000000001,3.3500000000000005,0.03147787611513308,0.015565018475450389
33,82,0.6500000000000001,3.3500000000000005,0.04262114498908249,0.019743723934284387
34,82,0.7000000000000002,3.3500000000000005,0.047935755419109306,0.02620914639440971
35,82,0.75,3.3500000000000005,0.04132818732503815,0.03251364553875185
36,82,0.8,3.3500000000000005,0.026942166950475625,0.035262944948832434
37,82,0.8500000000000001,3.3500000000000005,0.014338338951473822,0.03315597918927325
38,82,0.9000000000000001,3.3500000000000005,0.007608338826954669,0.028130401178238368
39,82,0.9500000000000002,3.3500000000000005,0.005634241365884453,0.022956044289607215
0,83,-1.0,3.4000000000000004,-0.0002853148626402735,-0.049738864218291275
1,83,-0.95,3.4000000000000004,-0.003666298388217866,-0.05014783427300631
2,83,-0.9,3.4000000000000004,-0.0142246293448502,-0.05046518865612495
3,83,-0.85,3.4000000000000004,-0.02913654654978743,-0.05023067279620253
4,83,-0.8,3.4000000000000004,-0.03776550620104173,-0.04787791126743223
5,83,-0.75,3.4000000000000004,-0.02959179631216228,-0.04153053187881811
6,83,-0.7,3.4000000000000004,-0.0074170040994334455,-0.032117224728173376
7,83,-0.6499999999999999,3.4000000000000004,0.014339336420878222,-0.02346336746128847
8,83,-0.6,3.4000000000000004,0.024655976257675627,-0.01800109804668916
9,83,-0.55,3.4000000000000004,0.02449605692460742,-0.014977059834428881
10,83,-0.5,3.4000000000000004,0.021292006305493813,-0.012650371196095793
11,83,-0.44999999999999996,3.4000000000000004,0.020240320566854708,-0.0102127307148479
12,83,-0.3999999999999999,3.4000000000000004,0.021741515364695416,-0.007819497763632659
13,83,-0.35,3.4000000000000004,0.023345625431003825,-0.005748907412377602
14,83,-0.29999999999999993,3.4000000000000004,0.022801879709019174,-0.004184745035937347
15,83,-0.25,3.4000000000000004,0.020840029834803923,-0.003475736140460088
16,83,-0.19999999999999996,3.4000000000000004,0.02032857660823388,-0.00390754221267265
17,83,-0.1499999999999999,3.4000000000000004,0.022025239470357845,-0.005258362918779506
18,83,-0.09999999999999998,3.4000000000000004,0.023662417471154266,-0.006717711511550657
19,83,-0.04999999999999993,3.4000000000000004,0.0237063730471033,-0.007267457614405122
20,83,0.0,3.4000000000000004,0.023050986036157878,-0.006277013170209577
21,83,0.050000000000000044,3.4000000000000004,0.022841001727626296,-0.0037644909799132605
22,83,0.10000000000000009,3.4000000000000004,0.023019572144818666,-0.00018976151457629833
23,83,0.15000000000000013,3.4000000000000004,0.02291045178343179,0.0039974449228953254
24,83,0.20000000000000018,3.4000000000000004,0.022092175952398343,0.00850299647219022
25,83,0.25,3.4000000000000004,0.020847919972438542,0.012835471094151379
26,83,0.30000000000000004,3.4000000000000004,0.019715041361503892,0.01629108016713024
27,83,0.3500000000000001,3.4000000000000004,0.018586512320585002,0.018467734528344708
28,83,0.40000000000000013,3.4000000000000004,0.017107243217510323,0.019341989236708417
29,83,0.4500000000000002,3.4000000000000004,0.015945041467380426,0.019001294641995837
30,83,0.5,3.4000000000000004,0.01689175972072951,0.017755344349059732
31,83,0.55,3.4000000000000004,0.02208096205893808,0.0161483768652861
32,83,0.6000000000000001,3.4000000000000004,0.03263177338289138,0.014593732209974005
33,83,0.6500000000000001,3.4000000000000004,0.04552315804104822,0.013372481145766585
34,83,0.7000000000000002,3.4000000000000004,0.05214836576241951,0.013201695656603613
35,83,0.75,3.4000000000000004,0.04542261593073291,0.015129261207866028
36,83,0.8,3.4000000000000004,0.029018712787211957,0.01881943330940593
37,83,0.8500000000000001,3.4000000000000004,0.01356328157272121,0.02199560766931895
38,83,0.9000000000000001,3.4000000000000004,0.004925003293190528,0.02299096261927062
39,83,0.9500000000000002,3.4000000000000004,0.0024278459562290453,0.022264391639354782
0,84,-1.0,3.45,-0.0015553988949812414,-0.06702297844133155
1,84,-0.95,3.45,-0.0046206281501373625,-0.06880176035395934
2,84,-0.9,3.45,-0.013627123949657115,-0.06950916068643655
3,84,-0.85,3.45,-0.025038226848036818,-0.06642530124444715
4,84,-0.8,3.45,-0.029166750166633067,-0.05745065224412836
5,84,-0.75,3.45,-0.018223207194827187,-0.04420763933285405
6,84,-0.7,3.45,0.0030177033624951416,-0.03150638913632788
7,84,-0.6499999999999999,3.45,0.02140783623092432,-0.022943338857053172
8,84,-0.6,3.45,0.028856316847291757,-0.018173901747665887
9,84,-0.55,3.45,0.027598657586925708,-0.014814552557948224
10,84,-0.5,3.45,0.024271985800274794,-0.01141256878330877
11,84,-0.44999999999999996,3.45,0.022983316456734286,-0.008148564714911127
12,84,-0.3999999999999999,3.45,0.023891774864482733,-0.005813343747331952
13,84,-0.35,3.45,0.02489020293977382,-0.004629710465048828
14,84,-0.29999999999999993,3.45,0.023838072749893698,-0.004052373368124869
15,84,-0.25,3.45,0.021219482336859198,-0.003627054398450541
16,84,-0.19999999999999996,3.45,0.01987377978078672,-0.003513996786670831
17,84,-0.1499999999999999,3.45,0.021031678241993264,-0.003841300625327497
18,84,-0.09999999999999998,3.45,0.022961894309064777,-0.00404698832764977
19,84,-0.04999999999999993,3.45,0.024106307227781745,-0.0034289371752160847
20,84,0.0,3.45,0.02482318971191869,-0.0019165178147859119
21,84,0.050000000000000044,3.45,0.025756545511701635,0.00024295103863286593
22,84,0.10000000000000009,3.45,0.02668800953508783,0.0029510469424144994
23,84,0.15000000000000013,3.45,0.027029715085944983,0.006170222347747639
24,84,0.20000000000000018,3.45,0.026317859335549844,0.009742260708866732
25,84,0.25,3.45,0.024581422089610776,0.013169070656056953
26,84,0.30000000000000004,3.45,0.022410509938793552,0.015770884387944686
27,84,0.3500000000000001,3.45,0.020116510667459193,0.017338256622348933
28,84,0.40000000000000013,3.45,0.01753146425245978,0.018103361823036304
29,84,0.4500000000000002,3.45,0.01525669352739249,0.01803601044313985
30,84,0.5,3.45,0.015120061040835124,0.01680333306827972
31,84,0.55,3.45,0.01923944296287747,0.014117405893723312
32,84,0.6000000000000001,3.45,0.028701980395613558,0.009591804444397323
33,84,0.6500000000000001,3.45,0.0412291084357121,0.003055569492895285
34,84,0.7000000000000002,3.45,0.04969253548120875,-0.003794540286404752
35,84,0.75,3.45,0.046945924977840475,-0.006939267670124467
36,84,0.8,3.45,0.033808513411928545,-0.0038491750545147346
37,84,0.8500000000000001,3.45,0.018509868261338512,0.0030116041915699207
38,84,0.9000000000000001,3.45,0.007877122796990498,0.00919612791703505
39,84,0.9500000000000002,3.45,0.004181099406052775,0.012832103113298854
0,85,-1.0,3.5,-0.0038428786878958593,-0.06644040034848107
1,85,-0.95,3.5,-0.006152480633322861,-0.06807011076909841
2,85,-0.9,3.5,-0.011848170235338011,-0.06798948696072685
3,85,-0.85,3.5,-0.017078038107479245,-0.0630010637060285
4,85,-0.8,3.5,-0.015547844289448623,-0.05161918300285562
5,85,-0.75,3.5,-0.0036475332043617997,-0.0372619498690184
6,85,-0.7,3.5,0.013847296376367432,-0.02554891877778659
7,85,-0.6499999999999999,3.5,0.027671823809540218,-0.018858895737663486
8,85,-0.6,3.5,0.032784762556780575,-0.015374519092975422
9,85,-0.55,3.5,0.03125738988896454,-0.012362100365918699
10,85,-0.5,3.5,0.02795799414853091,-0.008791244159486525
11,85,-0.44999999999999996,3.5,0.025839545602831526,-0.005425315015714777
12,85,-0.3999999999999999,3.5,0.025260369614557715,-0.0035020285313569835
13,85,-0.35,3.5,0.025106595810210908,-0.0033350514816436402
14,85,-0.29999999999999993,3.5,0.02380453577561746,-0.003926409399801489
15,85,-0.25,3.5,0.02137840641625796,-0.004162120605057072
16,85,-0.19999999999999996,3.5,0.020114330381356925,-0.003930050934803572
17,85,-0.1499999999999999,3.5,0.021492247929378906,-0.003367600811822538
18,85,-0.09999999999999998,3.5,0.02407478092126568,-0.0020105300029525652
19,85,-0.04999999999999993,3.5,0.025836843559967158,0.00021988304977717255
20,85,0.0,3.5,0.02672287425000683,0.002383667537802607
21,85,0.050000000000000044,3.5,0.027708566484826707,0.0038643821180359486
22,85,0.10000000000000009,3.5,0.02894684345393344,0.00513541275881383
23,85,0.15000000000000013,3.5,0.029701665549884022,0.006814134282581725
24,85,0.20000000000000018,3.5,0.029091024260707657,0.008880751953468068
25,85,0.25,3.5,0.026876543651516496,0.010790105920284454
26,85,0.30000000000000004,3.5,0.02388422732779587,0.012022475475431098
27,85,0.3500000000000001,3.5,0.02091898975567662,0.012589922909974549
28,85,0.40000000000000013,3.5,0.01780499703830124,0.012848481723507875
29,85,0.4500000000000002,3.5,0.01464501271262384,0.012744799955870691
30,85,0.5,3.5,0.012973155171312973,0.011643708142942813
31,85,0.55,3.5,0.014869433435055687,0.008792753124929588
32,85,0.6000000000000001,3.5,0.02156993698206336,0.003396890685337592
33,85,0.6500000000000001,3.5,0.03213681331024614,-0.005088379072495854
34,85,0.7000000000000002,3.5,0.04215352859939976,-0.015135214010601018
35,85,0.75,3.5,0.04536798116262292,-0.022013173443259634
36,85,0.8,3.5,0.03896958464890634,-0.021357451798767545
37,85,0.8500000000000001,3.5,0.026608584544270994,-0.014191596731511456
38,85,0.9000000000000001,3.5,0.014745502214919461,-0.005580581646318656
39,85,0.9500000000000002,3.5,0.009699796348756652,0.0008869670146229199
0,86,-1.0,3.55,-0.0048148197362159195,-0.04993168401016705
1,86,-0.95,3.55,-0.0061697147623831355,-0.04998345863292609
2,86,-0.9,3.55,-0.008558076886587204,-0.04826553499007225
3,86,-0.85,3.55,-0.008667922890165589,-0.042867305316717855
4,86,-0.8,3.55,-0.0034276363296229656,-0.033572821214886556
5,86,-0.75,3.55,0.007847057030241841,-0.02341422065968865
6,86,-0.7,3.55,0.021420757493850057,-0.01612335203973067
7,86,-0.6499999999999999,3.55,0.03158223591573549,-0.012642682294222857
8,86,-0.6,3.55,0.035353112219036545,-0.01116390111112621
9,86,-0.55,3.55,0.034181932520414605,-0.009551279337919986
10,86,-0.5,3.55,0.031208771150478716,-0.00701486223297805
11,86,-0.44999999999999996,3.55,0.028272532084863827,-0.004306406898182923
12,86,-0.3999999999999999,3.55,0.02598203839855387,-0.0027895083345928773
13,86,-0.35,3.55,0.024465822071329316,-0.0029901286899806576
14,86,-0.29999999999999993,3.55,0.023011003626480266,-0.003965794387636307
15,86,-0.25,3.55,0.021215840801857115,-0.004451852117019067
16,86,-0.19999999999999996,3.55,0.020668299574021255,-0.004159264370931157
17,86,-0.1499999999999999,3.55,0.02295119917384427,-0.003155762565633033
18,86,-0.09999999999999998,3.55,0.026549378170664488,-0.0010897528679662538
19,86,-0.04999999999999993,3.55,0.028500504768536918,0.0017295961638466237
20,86,0.0,3.55,0.028467688780177466,0.00390145160185899
21,86,0.050000000000000044,3.55,0.028508290732712858,0.004668158549531402
22,86,0.10000000000000009,3.55,0.029637761699633607,0.004766027890720156
23,86,0.15000000000000013,3.55,0.03077505428059922,0.005141252458843917
24,86,0.20000000000000018,3.55,0.030293830973252573,0.005887070388308786
25,86,0.25,3.55,0.027723145611573807,0.006550758993999943
26,86,0.30000000000000004,3.55,0.024210326928483645,0.006826707000657942
27,86,0.3500000000000001,3.55,0.020942516915535968,0.006765700645671854
28,86,0.40000000000000013,3.55,0.01768634129835592,0.006598699814311846
29,86,0.4500000000000002,3.55,0.014051919946827428,0.006341454761743643
30,86,0.5,3.55,0.011168014209894021,0.0055320930490684395
31,86,0.55,3.55,0.010992625505272248,0.00344739966788715
32,86,0.6000000000000001,3.55,0.014820848198188118,-0.0007215129779809338
33,86,0.6500000000000001,3.55,0.02269700373977349,-0.007737121312946474
34,86,0.7000000000000002,3.55,0.03276774111044496,-0.017104758296717138
35,86,0.75,3.55,0.04072368718967394,-0.02545627929855393
36,86,0.8,3.55,0.04163009012367673,-0.028055878045484005
37,86,0.8500000000000001,3.55,0.0342867384137874,-0.023567782030654467
38,86,0.9000000000000001,3.55,0.022955686543124874,-0.015555671774970968
39,86,0.9500000000000002,3.55,0.017116196727935927,-0.00823141569923861
0,87,-1.0,3.6000000000000005,-0.003946427933413932,-0.029328255498434833
1,87,-0.95,3.6000000000000005,-0.004486331613228062,-0.028147322453042425
2,87,-0.9,3.6000000000000005,-0.004732016919129778,-0.02564199490346232
3,87,-0.85,3.6000000000000005,-0.002385324332293548,-0.021287231391726377
4,87,-0.8,3.6000000000000005,0.0039052403675805814,-0.015627976998953616
5,87,-0.75,3.6000000000000005,0.013801935970794085,-0.01048283167093135
6,87,-0.7,3.6000000000000005,0.024618834741833226,-0.007509912181305964
7,87,-0.6499999999999999,3.6000000000000005,0.03263127473814468,-0.006805059894015933
8,87,-0.6,3.6000000000000005,0.035876165513083445,-0.0071581458149418825
9,87,-0.55,3.6000000000000005,0.035406428767112696,-0.007183152672700123
10,87,-0.5,3.6000000000000005,0.033202866588267974,-0.006134691851268741
11,87,-0.44999999999999996,3.6000000000000005,0.0300648995012167,-0.004388593618392424
12,87,-0.3999999999999999,3.6000000000000005,0.02657664782275998,-0.003144479738661464
13,87,-0.35,3.6000000000000005,0.02393030975716748,-0.0031360176548857893
14,87,-0.29999999999999993,3.6000000000000005,0.02234281234857905,-0.0037791756216807443
15,87,-0.25,3.6000000000000005,0.02118493643296311,-0.004010219199891175
16,87,-0.19999999999999996,3.6000000000000005,0.02141041993274296,-0.003510879191248005
17,87,-0.1499999999999999,3.6000000000000005,0.02456175943234381,-0.0024108235636408765
18,87,-0.09999999999999998,3.6000000000000005,0.028960139650745335,-0.0006142400777666215
19,87,-0.04999999999999993,3.6000000000000005,0.0308280480297924,0.0015614663422903671
20,87,0.0,3.6000000000000005,0.029661436635691606,0.003080658000970092
21,87,0.050000000000000044,3.6000000000000005,0.028573142773687873,0.0033831420824542192
22,87,0.10000000000000009,3.6000000000000005,0.029419937363245954,0.0030283094027834696
23,87,0.15000000000000013,3.6000000000000005,0.03082270804747265,0.002778862365805379
24,87,0.20000000000000018,3.6000000000000005,0.030500530795863682,0.0027785198331675524
25,87,0.25,3.6000000000000005,0.02781618026386565,0.0028125525121998427
26,87,0.30000000000000004,3.6000000000000005,0.024099168979467782,0.0027647253605489475
27,87,0.3500000000000001,3.6000000000000005,0.020690982569330524,0.002596570850394537
28,87,0.40000000000000013,3.6000000000000005,0.017380751154373028,0.002329247703079752
29,87,0.4500000000000002,3.6000000000000005,0.013578405947380435,0.0020327439967233367
30,87,0.5,3.6000000000000005,0.01007910007745648,0.0015486060121827757
31,87,0.55,3.6000000000000005,0.008615827408006314,0.00040508201472627074
32,87,0.6000000000000001,3.6000000000000005,0.010385416001229735,-0.0020067079722763267
33,87,0.6500000000000001,3.6000000000000005,0.015753567991509936,-0.00638510488891644
34,87,0.7000000000000002,3.6000000000000005,0.024434370613792306,-0.013079598621148847
35,87,0.75,3.6000000000000005,0.034416861413856054,-0.02063077012624305
36,87,0.8,3.6000000000000005,0.04085808191680581,-0.02529727806442268
37,87,0.8500000000000001,3.6000000000000005,0.03910879081478403,-0.024186641125043026
38,87,0.9000000000000001,3.6000000000000005,0.03008186854633532,-0.01861133557247557
39,87,0.9500000000000002,3.6000000000000005,0.024348308500221367,-0.012199692145540685
0,88,-1.0,3.6500000000000004,-0.002452953645431105,-0.019775695480182265
1,88,-0.95,3.6500000000000004,-0.002483454167410623,-0.018282221192199438
2,88,-0.9,3.6500000000000004,-0.001697985825271156,-0.015769940588547388
3,88,-0.85,3.6500000000000004,0.0013460950143431155,-0.012214159004482195
4,88,-0.8,3.6500000000000004,0.0073767633911720615,-0.00830710189527406
5,88,-0.75,3.6500000000000004,0.015965121847889494,-0.005271112957299234
6,88,-0.7,3.6500000000000004,0.025098529270765474,-0.003980730141083244
7,88,-0.6499999999999999,3.6500000000000004,0.03193400228209957,-0.0043117238994347384
8,88,-0.6,3.6500000000000004,0.034975019440352355,-0.0053752750531734644
9,88,-0.55,3.6500000000000004,0.03520538648408775,-0.006114016044896919
10,88,-0.5,3.6500000000000004,0.034003330204786415,-0.005777359619223363
11,88,-0.44999999999999996,3.6500000000000004,0.031262744197471104,-0.004513088811860036
12,88,-0.3999999999999999,3.6500000000000004,0.027234614362060504,-0.003381670226714553
13,88,-0.35,3.6500000000000004,0.023831126188310035,-0.0031971557332589884
14,88,-0.29999999999999993,3.6500000000000004,0.02213680208147488,-0.003580037364429439
15,88,-0.25,3.6500000000000004,0.021484137232289854,-0.0036091762674673317
16,88,-0.19999999999999996,3.6500000000000004,0.022267695210271554,-0.002981635765775953
17,88,-0.1499999999999999,3.6500000000000004,0.025847838287325654,-0.0018946257124101418
18,88,-0.09999999999999998,3.6500000000000004,0.03052166807659573,-0.0004094780558122624
19,88,-0.04999999999999993,3.6500000000000004,0.03219540284727363,0.0012284311392906505
20,88,0.0,3.6500000000000004,0.030289364520341318,0.002325231579150197
21,88,0.050000000000000044,3.6500000000000004,0.028455942134526235,0.0024842869085900735
22,88,0.10000000000000009,3.6500000000000004,0.029033481982984766,0.002090830300826921
23,88,0.15000000000000013,3.6500000000000004,0.030525264710983303,0.0017113761480676976
24,88,0.20000000000000018,3.6500000000000004,0.030327521119647035,0.0014959436278482244
25,88,0.25,3.6500000000000004,0.0277093511389552,0.0013653567956344037
26,88,0.30000000000000004,3.6500000000000004,0.02399434526667834,0.0012822853780273223
27,88,0.3500000000000001,3.6500000000000004,0.020507039258066774,0.0011557093700555188
28,88,0.40000000000000013,3.6500000000000004,0.01712251444468472,0.0009143987554998192
29,88,0.4500000000000002,3.6500000000000004,0.013271278255930453,0.0006392359506789038
30,88,0.5,3.6500000000000004,0.009540352227896955,0.00030014337259985646
31,88,0.55,3.6500000000000004,0.007437311520813146,-0.0004382597484401448
32,88,0.6000000000000001,3.6500000000000004,0.008030661294545407,-0.002056888401786479
33,88,0.6500000000000001,3.6500000000000004,0.01162411309090097,-0.005147769161808798
34,88,0.7000000000000002,3.6500000000000004,0.01852207587311835,-0.010315798203004411
35,88,0.75,3.6500000000000004,0.02850600774640011,-0.016972358643156705
36,88,0.8,3.6500000000000004,0.038074219124876754,-0.0221375055379163
37,88,0.8500000000000001,3.6500000000000004,0.040972680905734506,-0.022540084227014815
38,88,0.9000000000000001,3.6500000000000004,0.03494263552262721,-0.01840972535601535
39,88,0.9500000000000002,3.6500000000000004,0.0299394835818057,-0.012818550274431018
